Time (ms),Data
0.0,27.993
0.1,23.994
0.2,23.994
0.3,25.994
0.4,22.994
0.5,22.994
0.6,22.994
0.7,18.995
0.8,19.995
0.9,16.996
1.0,17.995
1.1,19.995
1.2,17.995
1.3,13.997
1.4,10.997
1.5,11.997
1.6,11.997
1.7,6.998
1.8,8.998
1.9,5.998
2.0,8.998
2.1,6.998
2.2,2.0
2.3,4.999
2.4,1.0
2.5,0.0
2.6,2.0
2.7,-2.999
2.8,-5.998
2.9,-4.999
3.0,-6.998
3.1,-6.998
3.2,-8.998
3.3,-8.998
3.4,-10.997
3.5,-8.998
3.6,-10.997
3.7,-10.997
3.8,-14.996
3.9,-14.996
4.0,-13.997
4.1,-14.996
4.2,-17.995
4.3,-19.995
4.4,-16.996
4.5,-17.995
4.6,-18.995
4.7,-19.995
4.8,-18.995
4.9,-22.994
5.0,-19.995
5.1,-19.995
5.2,-23.994
5.3,-20.995
5.4,-23.994
5.5,-19.995
5.6,-23.994
5.7,-27.993
5.8,-25.994
5.9,-24.994
6.0,-23.994
6.1,-25.994
6.2,-24.994
6.3,-27.993
6.4,-25.994
6.5,-26.993
6.6,-31.992
6.7,-34.991
6.8,-28.993
6.9,-31.992
7.0,-27.993
7.1,-31.992
7.2,-32.992
7.3,-33.992
7.4,-30.992
7.5,-32.992
7.6,-31.992
7.7,-31.992
7.8,-31.992
7.9,-28.993
8.0,-34.991
8.1,-26.993
8.2,-31.992
8.3,-33.992
8.4,-30.992
8.5,-31.992
8.6,-28.993
8.7,-28.993
8.8,-27.993
8.9,-27.993
9.0,-22.994
9.1,-25.994
9.2,-26.993
9.3,-27.993
9.4,-26.993
9.5,-23.994
9.6,-28.993
9.7,-23.994
9.8,-23.994
9.9,-25.994
10.0,-20.995
10.1,-23.994
10.2,-22.994
10.3,-17.995
10.4,-15.996
10.5,-14.996
10.6,-19.995
10.7,-14.996
10.8,-9.998
10.9,-16.996
11.0,-13.997
11.1,-8.998
11.2,-7.998
11.3,-11.997
11.4,-9.998
11.5,-5.998
11.6,-2.999
11.7,-1.0
11.8,-2.0
11.9,1.0
12.0,0.0
12.1,1.0
12.2,-2.0
12.3,1.0
12.4,4.999
12.5,2.999
12.6,7.998
12.7,4.999
12.8,9.998
12.9,8.998
13.0,10.997
13.1,8.998
13.2,8.998
13.3,14.996
13.4,10.997
13.5,16.996
13.6,19.995
13.7,15.996
13.8,16.996
13.9,18.995
14.0,17.995
14.1,16.996
14.2,20.995
14.3,22.994
14.4,24.994
14.5,19.995
14.6,22.994
14.7,22.994
14.8,27.993
14.9,24.994
15.0,20.995
15.1,24.994
15.2,25.994
15.3,27.993
15.4,25.994
15.5,28.993
15.6,27.993
15.7,30.992
15.8,27.993
15.9,30.992
16.0,30.992
16.1,27.993
16.2,30.992
16.3,30.992
16.4,31.992
16.5,27.993
16.6,33.992
16.7,31.992
16.8,34.991
16.9,36.991
17.0,35.991
17.1,36.991
17.2,31.992
17.3,35.991
17.4,34.991
17.5,36.991
17.6,35.991
17.7,35.991
17.8,31.992
17.9,32.992
18.0,35.991
18.1,33.992
18.2,34.991
18.3,33.992
18.4,34.991
18.5,34.991
18.6,35.991
18.7,36.991
18.8,32.992
18.9,30.992
19.0,30.992
19.1,30.992
19.2,31.992
19.3,31.992
19.4,34.991
19.5,30.992
19.6,30.992
19.7,30.992
19.8,30.992
19.9,26.993
20.0,23.994
20.1,30.992
20.2,22.994
20.3,22.994
20.4,23.994
20.5,19.995
20.6,22.994
20.7,26.993
20.8,22.994
20.9,16.996
21.0,15.996
21.1,16.996
21.2,14.996
21.3,14.996
21.4,11.997
21.5,9.998
21.6,9.998
21.7,8.998
21.8,7.998
21.9,9.998
22.0,5.998
22.1,5.998
22.2,2.999
22.3,4.999
22.4,4.999
22.5,1.0
22.6,0.0
22.7,-1.0
22.8,1.0
22.9,-5.998
23.0,-4.999
23.1,-5.998
23.2,-7.998
23.3,-7.998
23.4,-7.998
23.5,-8.998
23.6,-10.997
23.7,-10.997
23.8,-7.998
23.9,-13.997
24.0,-13.997
24.1,-17.995
24.2,-15.996
24.3,-16.996
24.4,-15.996
24.5,-17.995
24.6,-16.996
24.7,-18.995
24.8,-19.995
24.9,-19.995
25.0,-17.995
25.1,-16.996
25.2,-20.995
25.3,-19.995
25.4,-20.995
25.5,-17.995
25.6,-23.994
25.7,-24.994
25.8,-22.994
25.9,-24.994
26.0,-28.993
26.1,-22.994
26.2,-25.994
26.3,-24.994
26.4,-25.994
26.5,-28.993
26.6,-26.993
26.7,-28.993
26.8,-27.993
26.9,-28.993
27.0,-30.992
27.1,-27.993
27.2,-30.992
27.3,-31.992
27.4,-31.992
27.5,-31.992
27.6,-27.993
27.7,-34.991
27.8,-30.992
27.9,-27.993
28.0,-28.993
28.1,-31.992
28.2,-33.992
28.3,-34.991
28.4,-33.992
28.5,-33.992
28.6,-27.993
28.7,-32.992
28.8,-27.993
28.9,-28.993
29.0,-25.994
29.1,-28.993
29.2,-26.993
29.3,-26.993
29.4,-26.993
29.5,-26.993
29.6,-24.994
29.7,-24.994
29.8,-23.994
29.9,-25.994
30.0,-22.994
30.1,-22.994
30.2,-16.996
30.3,-17.995
30.4,-20.995
30.5,-16.996
30.6,-18.995
30.7,-13.997
30.8,-11.997
30.9,-13.997
31.0,-10.997
31.1,-11.997
31.2,-11.997
31.3,-8.998
31.4,-7.998
31.5,-5.998
31.6,-7.998
31.7,-4.999
31.8,-2.999
31.9,-2.0
32.0,-1.0
32.1,-1.0
32.2,-1.0
32.3,-1.0
32.4,2.0
32.5,1.0
32.6,2.0
32.7,5.998
32.8,2.999
32.9,10.997
33.0,8.998
33.1,8.998
33.2,13.997
33.3,14.996
33.4,11.997
33.5,15.996
33.6,14.996
33.7,13.997
33.8,13.997
33.9,16.996
34.0,16.996
34.1,18.995
34.2,18.995
34.3,18.995
34.4,18.995
34.5,18.995
34.6,20.995
34.7,23.994
34.8,20.995
34.9,23.994
35.0,23.994
35.1,22.994
35.2,22.994
35.3,23.994
35.4,24.994
35.5,26.993
35.6,25.994
35.7,27.993
35.8,26.993
35.9,23.994
36.0,30.992
36.1,26.993
36.2,27.993
36.3,30.992
36.4,26.993
36.5,33.992
36.6,28.993
36.7,31.992
36.8,32.992
36.9,32.992
37.0,31.992
37.1,31.992
37.2,34.991
37.3,34.991
37.4,33.992
37.5,32.992
37.6,39.99
37.7,33.992
37.8,34.991
37.9,35.991
38.0,31.992
38.1,35.991
38.2,35.991
38.3,34.991
38.4,34.991
38.5,33.992
38.6,36.991
38.7,34.991
38.8,34.991
38.9,31.992
39.0,33.992
39.1,31.992
39.2,27.993
39.3,30.992
39.4,27.993
39.5,28.993
39.6,26.993
39.7,27.993
39.8,25.994
39.9,24.994
40.0,26.993
40.1,25.994
40.2,26.993
40.3,22.994
40.4,22.994
40.5,17.995
40.6,20.995
40.7,19.995
40.8,14.996
40.9,16.996
41.0,15.996
41.1,16.996
41.2,14.996
41.3,14.996
41.4,11.997
41.5,10.997
41.6,8.998
41.7,6.998
41.8,9.998
41.9,4.999
42.0,6.998
42.1,2.999
42.2,2.0
42.3,4.999
42.4,0.0
42.5,0.0
42.6,-4.999
42.7,1.0
42.8,-2.0
42.9,-5.998
43.0,-4.999
43.1,-7.998
43.2,-7.998
43.3,-9.998
43.4,-8.998
43.5,-11.997
43.6,-10.997
43.7,-9.998
43.8,-14.996
43.9,-15.996
44.0,-13.997
44.1,-15.996
44.2,-16.996
44.3,-18.995
44.4,-18.995
44.5,-16.996
44.6,-17.995
44.7,-17.995
44.8,-19.995
44.9,-20.995
45.0,-20.995
45.1,-20.995
45.2,-17.995
45.3,-18.995
45.4,-19.995
45.5,-24.994
45.6,-24.994
45.7,-22.994
45.8,-24.994
45.9,-22.994
46.0,-26.993
46.1,-26.993
46.2,-27.993
46.3,-25.994
46.4,-24.994
46.5,-27.993
46.6,-26.993
46.7,-26.993
46.8,-28.993
46.9,-30.992
47.0,-31.992
47.1,-30.992
47.2,-30.992
47.3,-32.992
47.4,-31.992
47.5,-31.992
47.6,-32.992
47.7,-30.992
47.8,-32.992
47.9,-30.992
48.0,-31.992
48.1,-31.992
48.2,-32.992
48.3,-31.992
48.4,-30.992
48.5,-27.993
48.6,-31.992
48.7,-32.992
48.8,-25.994
48.9,-25.994
49.0,-31.992
49.1,-30.992
49.2,-25.994
49.3,-27.993
49.4,-23.994
49.5,-25.994
49.6,-26.993
49.7,-25.994
49.8,-18.995
49.9,-22.994
50.0,-19.995
50.1,-16.996
50.2,-18.995
50.3,-18.995
50.4,-19.995
50.5,-18.995
50.6,-15.996
50.7,-14.996
50.8,-14.996
50.9,-10.997
51.0,-10.997
51.1,-8.998
51.2,-8.998
51.3,-9.998
51.4,-7.998
51.5,-6.998
51.6,-5.998
51.7,-6.998
51.8,-2.999
51.9,0.0
52.0,0.0
52.1,-1.0
52.2,5.998
52.3,4.999
52.4,6.998
52.5,5.998
52.6,4.999
52.7,4.999
52.8,8.998
52.9,6.998
53.0,10.997
53.1,13.997
53.2,14.996
53.3,10.997
53.4,17.995
53.5,16.996
53.6,19.995
53.7,14.996
53.8,17.995
53.9,19.995
54.0,19.995
54.1,20.995
54.2,17.995
54.3,23.994
54.4,22.994
54.5,24.994
54.6,25.994
54.7,26.993
54.8,25.994
54.9,27.993
55.0,27.993
55.1,23.994
55.2,28.993
55.3,27.993
55.4,24.994
55.5,31.992
55.6,32.992
55.7,32.992
55.8,30.992
55.9,32.992
56.0,33.992
56.1,30.992
56.2,30.992
56.3,33.992
56.4,31.992
56.5,32.992
56.6,34.991
56.7,35.991
56.8,34.991
56.9,32.992
57.0,36.991
57.1,35.991
57.2,37.991
57.3,36.991
57.4,39.99
57.5,37.991
57.6,36.991
57.7,35.991
57.8,35.991
57.9,37.991
58.0,35.991
58.1,39.99
58.2,35.991
58.3,35.991
58.4,37.991
58.5,35.991
58.6,40.99
58.7,36.991
58.8,31.992
58.9,33.992
59.0,35.991
59.1,30.992
59.2,30.992
59.3,32.992
59.4,30.992
59.5,30.992
59.6,30.992
59.7,28.993
59.8,27.993
59.9,27.993
60.0,26.993
60.1,25.994
60.2,24.994
60.3,23.994
60.4,20.995
60.5,22.994
60.6,20.995
60.7,17.995
60.8,18.995
60.9,15.996
61.0,14.996
61.1,11.997
61.2,14.996
61.3,11.997
61.4,9.998
61.5,6.998
61.6,7.998
61.7,6.998
61.8,2.999
61.9,4.999
62.0,2.0
62.1,2.0
62.2,0.0
62.3,0.0
62.4,-1.0
62.5,0.0
62.6,-1.0
62.7,-2.0
62.8,-2.999
62.9,-2.999
63.0,-8.998
63.1,-8.998
63.2,-8.998
63.3,-11.997
63.4,-11.997
63.5,-14.996
63.6,-9.998
63.7,-11.997
63.8,-13.997
63.9,-13.997
64.0,-14.996
64.1,-14.996
64.2,-17.995
64.3,-19.995
64.4,-15.996
64.5,-18.995
64.6,-20.995
64.7,-18.995
64.8,-20.995
64.9,-24.994
65.0,-22.994
65.1,-20.995
65.2,-25.994
65.3,-23.994
65.4,-23.994
65.5,-24.994
65.6,-23.994
65.7,-22.994
65.8,-22.994
65.9,-25.994
66.0,-27.993
66.1,-27.993
66.2,-27.993
66.3,-27.993
66.4,-27.993
66.5,-26.993
66.6,-28.993
66.7,-30.992
66.8,-31.992
66.9,-26.993
67.0,-28.993
67.1,-31.992
67.2,-31.992
67.3,-34.991
67.4,-33.992
67.5,-31.992
67.6,-31.992
67.7,-34.991
67.8,-35.991
67.9,-33.992
68.0,-28.993
68.1,-33.992
68.2,-30.992
68.3,-31.992
68.4,-35.991
68.5,-32.992
68.6,-33.992
68.7,-27.993
68.8,-30.992
68.9,-32.992
69.0,-31.992
69.1,-25.994
69.2,-25.994
69.3,-25.994
69.4,-23.994
69.5,-27.993
69.6,-24.994
69.7,-24.994
69.8,-25.994
69.9,-22.994
70.0,-25.994
70.1,-22.994
70.2,-18.995
70.3,-19.995
70.4,-18.995
70.5,-16.996
70.6,-15.996
70.7,-14.996
70.8,-14.996
70.9,-15.996
71.0,-8.998
71.1,-11.997
71.2,-9.998
71.3,-9.998
71.4,-5.998
71.5,-6.998
71.6,-5.998
71.7,-1.0
71.8,-4.999
71.9,1.0
72.0,-2.999
72.1,1.0
72.2,2.999
72.3,1.0
72.4,2.0
72.5,2.999
72.6,5.998
72.7,6.998
72.8,6.998
72.9,9.998
73.0,9.998
73.1,11.997
73.2,8.998
73.3,13.997
73.4,15.996
73.5,13.997
73.6,13.997
73.7,18.995
73.8,17.995
73.9,16.996
74.0,19.995
74.1,20.995
74.2,18.995
74.3,22.994
74.4,23.994
74.5,20.995
74.6,23.994
74.7,25.994
74.8,25.994
74.9,26.993
75.0,24.994
75.1,26.993
75.2,24.994
75.3,24.994
75.4,27.993
75.5,26.993
75.6,27.993
75.7,31.992
75.8,26.993
75.9,30.992
76.0,31.992
76.1,32.992
76.2,32.992
76.3,33.992
76.4,32.992
76.5,31.992
76.6,33.992
76.7,33.992
76.8,34.991
76.9,35.991
77.0,33.992
77.1,35.991
77.2,35.991
77.3,35.991
77.4,36.991
77.5,36.991
77.6,36.991
77.7,37.991
77.8,37.991
77.9,36.991
78.0,36.991
78.1,34.991
78.2,39.99
78.3,36.991
78.4,34.991
78.5,35.991
78.6,30.992
78.7,32.992
78.8,32.992
78.9,32.992
79.0,32.992
79.1,33.992
79.2,33.992
79.3,30.992
79.4,28.993
79.5,28.993
79.6,26.993
79.7,25.994
79.8,30.992
79.9,25.994
80.0,27.993
80.1,25.994
80.2,25.994
80.3,23.994
80.4,22.994
80.5,20.995
80.6,23.994
80.7,18.995
80.8,18.995
80.9,14.996
81.0,18.995
81.1,15.996
81.2,11.997
81.3,15.996
81.4,13.997
81.5,10.997
81.6,7.998
81.7,8.998
81.8,7.998
81.9,5.998
82.0,2.999
82.1,2.0
82.2,2.999
82.3,-1.0
82.4,1.0
82.5,1.0
82.6,-2.999
82.7,-2.999
82.8,-2.999
82.9,-2.0
83.0,-4.999
83.1,-7.998
83.2,-8.998
83.3,-7.998
83.4,-10.997
83.5,-9.998
83.6,-14.996
83.7,-14.996
83.8,-15.996
83.9,-15.996
84.0,-14.996
84.1,-14.996
84.2,-16.996
84.3,-18.995
84.4,-16.996
84.5,-19.995
84.6,-17.995
84.7,-20.995
84.8,-20.995
84.9,-22.994
85.0,-19.995
85.1,-20.995
85.2,-22.994
85.3,-18.995
85.4,-24.994
85.5,-18.995
85.6,-22.994
85.7,-24.994
85.8,-23.994
85.9,-25.994
86.0,-26.993
86.1,-31.992
86.2,-28.993
86.3,-30.992
86.4,-25.994
86.5,-30.992
86.6,-31.992
86.7,-26.993
86.8,-24.994
86.9,-31.992
87.0,-28.993
87.1,-31.992
87.2,-33.992
87.3,-32.992
87.4,-33.992
87.5,-32.992
87.6,-30.992
87.7,-31.992
87.8,-33.992
87.9,-32.992
88.0,-28.993
88.1,-33.992
88.2,-30.992
88.3,-31.992
88.4,-30.992
88.5,-31.992
88.6,-33.992
88.7,-28.993
88.8,-30.992
88.9,-28.993
89.0,-30.992
89.1,-26.993
89.2,-27.993
89.3,-25.994
89.4,-26.993
89.5,-24.994
89.6,-26.993
89.7,-23.994
89.8,-23.994
89.9,-23.994
90.0,-19.995
90.1,-23.994
90.2,-20.995
90.3,-19.995
90.4,-22.994
90.5,-20.995
90.6,-17.995
90.7,-14.996
90.8,-13.997
90.9,-10.997
91.0,-11.997
91.1,-15.996
91.2,-8.998
91.3,-8.998
91.4,-9.998
91.5,-6.998
91.6,-2.999
91.7,-2.999
91.8,-7.998
91.9,-1.0
92.0,-1.0
92.1,-1.0
92.2,2.0
92.3,4.999
92.4,6.998
92.5,5.998
92.6,7.998
92.7,4.999
92.8,2.999
92.9,9.998
93.0,4.999
93.1,10.997
93.2,14.996
93.3,14.996
93.4,14.996
93.5,16.996
93.6,16.996
93.7,17.995
93.8,18.995
93.9,19.995
94.0,17.995
94.1,18.995
94.2,16.996
94.3,18.995
94.4,17.995
94.5,23.994
94.6,23.994
94.7,23.994
94.8,25.994
94.9,25.994
95.0,25.994
95.1,27.993
95.2,26.993
95.3,24.994
95.4,25.994
95.5,26.993
95.6,24.994
95.7,27.993
95.8,27.993
95.9,30.992
96.0,30.992
96.1,31.992
96.2,31.992
96.3,30.992
96.4,32.992
96.5,33.992
96.6,30.992
96.7,30.992
96.8,31.992
96.9,33.992
97.0,36.991
97.1,33.992
97.2,37.991
97.3,33.992
97.4,35.991
97.5,37.991
97.6,35.991
97.7,33.992
97.8,36.991
97.9,34.991
98.0,36.991
98.1,36.991
98.2,35.991
98.3,34.991
98.4,34.991
98.5,35.991
98.6,35.991
98.7,35.991
98.8,34.991
98.9,31.992
99.0,34.991
99.1,32.992
99.2,34.991
99.3,26.993
99.4,28.993
99.5,30.992
99.6,27.993
99.7,28.993
99.8,27.993
99.9,30.992
100.0,25.994
100.1,24.994
100.2,23.994
100.3,22.994
100.4,18.995
100.5,24.994
100.6,18.995
100.7,17.995
100.8,19.995
100.9,18.995
101.0,16.996
101.1,16.996
101.2,14.996
101.3,10.997
101.4,11.997
101.5,11.997
101.6,9.998
101.7,7.998
101.8,7.998
101.9,6.998
102.0,8.998
102.1,4.999
102.2,5.998
102.3,2.999
102.4,2.999
102.5,2.0
102.6,1.0
102.7,-2.999
102.8,-2.0
102.9,-2.999
103.0,-2.999
103.1,-7.998
103.2,-7.998
103.3,-8.998
103.4,-8.998
103.5,-9.998
103.6,-10.997
103.7,-13.997
103.8,-10.997
103.9,-15.996
104.0,-11.997
104.1,-11.997
104.2,-15.996
104.3,-15.996
104.4,-18.995
104.5,-15.996
104.6,-17.995
104.7,-14.996
104.8,-17.995
104.9,-16.996
105.0,-20.995
105.1,-19.995
105.2,-22.994
105.3,-19.995
105.4,-22.994
105.5,-18.995
105.6,-20.995
105.7,-24.994
105.8,-23.994
105.9,-25.994
106.0,-24.994
106.1,-24.994
106.2,-25.994
106.3,-26.993
106.4,-23.994
106.5,-25.994
106.6,-27.993
106.7,-25.994
106.8,-28.993
106.9,-24.994
107.0,-28.993
107.1,-27.993
107.2,-33.992
107.3,-26.993
107.4,-27.993
107.5,-33.992
107.6,-30.992
107.7,-30.992
107.8,-31.992
107.9,-27.993
108.0,-30.992
108.1,-27.993
108.2,-31.992
108.3,-27.993
108.4,-28.993
108.5,-32.992
108.6,-30.992
108.7,-28.993
108.8,-27.993
108.9,-27.993
109.0,-30.992
109.1,-27.993
109.2,-26.993
109.3,-27.993
109.4,-26.993
109.5,-27.993
109.6,-20.995
109.7,-24.994
109.8,-22.994
109.9,-25.994
110.0,-23.994
110.1,-18.995
110.2,-22.994
110.3,-19.995
110.4,-16.996
110.5,-15.996
110.6,-15.996
110.7,-14.996
110.8,-15.996
110.9,-10.997
111.0,-14.996
111.1,-10.997
111.2,-11.997
111.3,-10.997
111.4,-11.997
111.5,-10.997
111.6,-6.998
111.7,-8.998
111.8,-2.0
111.9,-1.0
112.0,0.0
112.1,-2.0
112.2,-1.0
112.3,2.999
112.4,2.0
112.5,2.0
112.6,6.998
112.7,4.999
112.8,5.998
112.9,8.998
113.0,6.998
113.1,6.998
113.2,9.998
113.3,6.998
113.4,7.998
113.5,11.997
113.6,10.997
113.7,14.996
113.8,15.996
113.9,17.995
114.0,16.996
114.1,18.995
114.2,18.995
114.3,11.997
114.4,18.995
114.5,20.995
114.6,23.994
114.7,22.994
114.8,17.995
114.9,20.995
115.0,25.994
115.1,26.993
115.2,25.994
115.3,23.994
115.4,22.994
115.5,25.994
115.6,26.993
115.7,27.993
115.8,27.993
115.9,27.993
116.0,27.993
116.1,28.993
116.2,28.993
116.3,31.992
116.4,27.993
116.5,30.992
116.6,30.992
116.7,30.992
116.8,32.992
116.9,34.991
117.0,32.992
117.1,30.992
117.2,30.992
117.3,34.991
117.4,33.992
117.5,36.991
117.6,33.992
117.7,35.991
117.8,31.992
117.9,34.991
118.0,32.992
118.1,34.991
118.2,34.991
118.3,33.992
118.4,35.991
118.5,32.992
118.6,28.993
118.7,33.992
118.8,33.992
118.9,32.992
119.0,30.992
119.1,31.992
119.2,30.992
119.3,27.993
119.4,28.993
119.5,27.993
119.6,23.994
119.7,25.994
119.8,25.994
119.9,27.993
120.0,27.993
120.1,24.994
120.2,24.994
120.3,24.994
120.4,24.994
120.5,20.995
120.6,15.996
120.7,16.996
120.8,19.995
120.9,15.996
121.0,16.996
121.1,16.996
121.2,13.997
121.3,13.997
121.4,13.997
121.5,10.997
121.6,9.998
121.7,9.998
121.8,8.998
121.9,4.999
122.0,6.998
122.1,5.998
122.2,5.998
122.3,2.999
122.4,-1.0
122.5,0.0
122.6,1.0
122.7,-1.0
122.8,-2.0
122.9,-4.999
123.0,-2.999
123.1,-5.998
123.2,-7.998
123.3,-8.998
123.4,-13.997
123.5,-8.998
123.6,-11.997
123.7,-13.997
123.8,-11.997
123.9,-9.998
124.0,-15.996
124.1,-13.997
124.2,-16.996
124.3,-13.997
124.4,-15.996
124.5,-17.995
124.6,-16.996
124.7,-18.995
124.8,-22.994
124.9,-20.995
125.0,-19.995
125.1,-18.995
125.2,-23.994
125.3,-22.994
125.4,-22.994
125.5,-20.995
125.6,-23.994
125.7,-20.995
125.8,-22.994
125.9,-27.993
126.0,-27.993
126.1,-26.993
126.2,-27.993
126.3,-27.993
126.4,-27.993
126.5,-27.993
126.6,-25.994
126.7,-30.992
126.8,-31.992
126.9,-28.993
127.0,-31.992
127.1,-31.992
127.2,-31.992
127.3,-30.992
127.4,-31.992
127.5,-31.992
127.6,-31.992
127.7,-32.992
127.8,-33.992
127.9,-33.992
128.0,-33.992
128.1,-25.994
128.2,-28.993
128.3,-30.992
128.4,-26.993
128.5,-30.992
128.6,-30.992
128.7,-32.992
128.8,-30.992
128.9,-26.993
129.0,-30.992
129.1,-28.993
129.2,-24.994
129.3,-26.993
129.4,-23.994
129.5,-23.994
129.6,-23.994
129.7,-22.994
129.8,-23.994
129.9,-20.995
130.0,-19.995
130.1,-17.995
130.2,-18.995
130.3,-16.996
130.4,-16.996
130.5,-13.997
130.6,-13.997
130.7,-13.997
130.8,-9.998
130.9,-10.997
131.0,-10.997
131.1,-6.998
131.2,-9.998
131.3,-8.998
131.4,-9.998
131.5,-6.998
131.6,-2.0
131.7,-1.0
131.8,-4.999
131.9,2.0
132.0,-1.0
132.1,2.0
132.2,2.999
132.3,2.999
132.4,2.999
132.5,5.998
132.6,7.998
132.7,9.998
132.8,10.997
132.9,10.997
133.0,9.998
133.1,13.997
133.2,14.996
133.3,11.997
133.4,16.996
133.5,22.994
133.6,14.996
133.7,18.995
133.8,22.994
133.9,20.995
134.0,23.994
134.1,22.994
134.2,19.995
134.3,19.995
134.4,22.994
134.5,22.994
134.6,25.994
134.7,28.993
134.8,24.994
134.9,26.993
135.0,26.993
135.1,26.993
135.2,30.992
135.3,30.992
135.4,26.993
135.5,28.993
135.6,26.993
135.7,28.993
135.8,28.993
135.9,31.992
136.0,27.993
136.1,30.992
136.2,35.991
136.3,28.993
136.4,37.991
136.5,32.992
136.6,31.992
136.7,34.991
136.8,34.991
136.9,32.992
137.0,36.991
137.1,36.991
137.2,34.991
137.3,39.99
137.4,34.991
137.5,33.992
137.6,36.991
137.7,36.991
137.8,35.991
137.9,34.991
138.0,34.991
138.1,35.991
138.2,32.992
138.3,34.991
138.4,36.991
138.5,35.991
138.6,33.992
138.7,34.991
138.8,35.991
138.9,32.992
139.0,32.992
139.1,32.992
139.2,34.991
139.3,31.992
139.4,26.993
139.5,31.992
139.6,28.993
139.7,24.994
139.8,27.993
139.9,27.993
140.0,26.993
140.1,25.994
140.2,24.994
140.3,24.994
140.4,25.994
140.5,23.994
140.6,22.994
140.7,18.995
140.8,15.996
140.9,15.996
141.0,13.997
141.1,14.996
141.2,14.996
141.3,15.996
141.4,14.996
141.5,11.997
141.6,10.997
141.7,8.998
141.8,7.998
141.9,6.998
142.0,2.0
142.1,5.998
142.2,-1.0
142.3,2.0
142.4,-2.0
142.5,-2.0
142.6,-2.999
142.7,-1.0
142.8,-2.0
142.9,-2.999
143.0,-6.998
143.1,-4.999
143.2,-8.998
143.3,-9.998
143.4,-10.997
143.5,-14.996
143.6,-15.996
143.7,-14.996
143.8,-15.996
143.9,-17.995
144.0,-15.996
144.1,-19.995
144.2,-16.996
144.3,-16.996
144.4,-15.996
144.5,-14.996
144.6,-18.995
144.7,-19.995
144.8,-23.994
144.9,-23.994
145.0,-23.994
145.1,-25.994
145.2,-22.994
145.3,-25.994
145.4,-23.994
145.5,-24.994
145.6,-24.994
145.7,-24.994
145.8,-23.994
145.9,-28.993
146.0,-27.993
146.1,-25.994
146.2,-28.993
146.3,-26.993
146.4,-31.992
146.5,-30.992
146.6,-28.993
146.7,-31.992
146.8,-28.993
146.9,-28.993
147.0,-30.992
147.1,-32.992
147.2,-32.992
147.3,-31.992
147.4,-35.991
147.5,-35.991
147.6,-30.992
147.7,-34.991
147.8,-32.992
147.9,-34.991
148.0,-32.992
148.1,-34.991
148.2,-34.991
148.3,-32.992
148.4,-30.992
148.5,-31.992
148.6,-30.992
148.7,-31.992
148.8,-27.993
148.9,-25.994
149.0,-27.993
149.1,-27.993
149.2,-28.993
149.3,-25.994
149.4,-24.994
149.5,-22.994
149.6,-23.994
149.7,-25.994
149.8,-20.995
149.9,-25.994
150.0,-22.994
150.1,-22.994
150.2,-20.995
150.3,-19.995
150.4,-17.995
150.5,-17.995
150.6,-16.996
150.7,-14.996
150.8,-13.997
150.9,-14.996
151.0,-10.997
151.1,-9.998
151.2,-8.998
151.3,-6.998
151.4,-4.999
151.5,-8.998
151.6,-2.999
151.7,-2.0
151.8,-2.999
151.9,-2.0
152.0,1.0
152.1,2.999
152.2,0.0
152.3,5.998
152.4,5.998
152.5,6.998
152.6,7.998
152.7,7.998
152.8,11.997
152.9,7.998
153.0,9.998
153.1,11.997
153.2,11.997
153.3,15.996
153.4,16.996
153.5,16.996
153.6,19.995
153.7,18.995
153.8,20.995
153.9,20.995
154.0,24.994
154.1,20.995
154.2,24.994
154.3,22.994
154.4,24.994
154.5,24.994
154.6,24.994
154.7,27.993
154.8,26.993
154.9,25.994
155.0,28.993
155.1,28.993
155.2,30.992
155.3,32.992
155.4,32.992
155.5,30.992
155.6,27.993
155.7,27.993
155.8,30.992
155.9,30.992
156.0,35.991
156.1,28.993
156.2,30.992
156.3,32.992
156.4,36.991
156.5,36.991
156.6,37.991
156.7,34.991
156.8,34.991
156.9,34.991
157.0,36.991
157.1,34.991
157.2,35.991
157.3,35.991
157.4,34.991
157.5,36.991
157.6,39.99
157.7,36.991
157.8,37.991
157.9,33.992
158.0,35.991
158.1,36.991
158.2,39.99
158.3,35.991
158.4,36.991
158.5,34.991
158.6,33.992
158.7,33.992
158.8,33.992
158.9,33.992
159.0,32.992
159.1,31.992
159.2,28.993
159.3,32.992
159.4,32.992
159.5,27.993
159.6,26.993
159.7,28.993
159.8,26.993
159.9,26.993
160.0,25.994
160.1,25.994
160.2,22.994
160.3,23.994
160.4,25.994
160.5,22.994
160.6,19.995
160.7,19.995
160.8,18.995
160.9,15.996
161.0,14.996
161.1,13.997
161.2,15.996
161.3,10.997
161.4,10.997
161.5,9.998
161.6,10.997
161.7,9.998
161.8,4.999
161.9,5.998
162.0,5.998
162.1,2.0
162.2,2.0
162.3,-1.0
162.4,-1.0
162.5,-1.0
162.6,-2.999
162.7,-1.0
162.8,-6.998
162.9,-5.998
163.0,-6.998
163.1,-6.998
163.2,-9.998
163.3,-9.998
163.4,-13.997
163.5,-14.996
163.6,-17.995
163.7,-13.997
163.8,-16.996
163.9,-15.996
164.0,-17.995
164.1,-17.995
164.2,-20.995
164.3,-18.995
164.4,-16.996
164.5,-18.995
164.6,-22.994
164.7,-20.995
164.8,-23.994
164.9,-23.994
165.0,-23.994
165.1,-22.994
165.2,-25.994
165.3,-25.994
165.4,-28.993
165.5,-22.994
165.6,-27.993
165.7,-27.993
165.8,-28.993
165.9,-24.994
166.0,-26.993
166.1,-27.993
166.2,-26.993
166.3,-30.992
166.4,-26.993
166.5,-30.992
166.6,-31.992
166.7,-30.992
166.8,-33.992
166.9,-28.993
167.0,-31.992
167.1,-28.993
167.2,-32.992
167.3,-34.991
167.4,-34.991
167.5,-34.991
167.6,-30.992
167.7,-34.991
167.8,-34.991
167.9,-33.992
168.0,-32.992
168.1,-33.992
168.2,-32.992
168.3,-32.992
168.4,-32.992
168.5,-31.992
168.6,-30.992
168.7,-31.992
168.8,-32.992
168.9,-28.993
169.0,-31.992
169.1,-27.993
169.2,-28.993
169.3,-27.993
169.4,-31.992
169.5,-24.994
169.6,-24.994
169.7,-25.994
169.8,-23.994
169.9,-23.994
170.0,-22.994
170.1,-24.994
170.2,-16.996
170.3,-18.995
170.4,-19.995
170.5,-15.996
170.6,-18.995
170.7,-13.997
170.8,-15.996
170.9,-10.997
171.0,-9.998
171.1,-11.997
171.2,-13.997
171.3,-10.997
171.4,-6.998
171.5,-6.998
171.6,-5.998
171.7,-2.999
171.8,-1.0
171.9,-1.0
172.0,0.0
172.1,1.0
172.2,7.998
172.3,6.998
172.4,5.998
172.5,5.998
172.6,7.998
172.7,9.998
172.8,2.999
172.9,8.998
173.0,11.997
173.1,13.997
173.2,11.997
173.3,14.996
173.4,10.997
173.5,17.995
173.6,16.996
173.7,15.996
173.8,17.995
173.9,18.995
174.0,18.995
174.1,20.995
174.2,22.994
174.3,18.995
174.4,24.994
174.5,24.994
174.6,23.994
174.7,20.995
174.8,25.994
174.9,25.994
175.0,27.993
175.1,28.993
175.2,26.993
175.3,28.993
175.4,31.992
175.5,30.992
175.6,27.993
175.7,27.993
175.8,27.993
175.9,30.992
176.0,28.993
176.1,31.992
176.2,33.992
176.3,33.992
176.4,34.991
176.5,36.991
176.6,33.992
176.7,34.991
176.8,32.992
176.9,33.992
177.0,34.991
177.1,35.991
177.2,34.991
177.3,35.991
177.4,34.991
177.5,35.991
177.6,36.991
177.7,37.991
177.8,36.991
177.9,35.991
178.0,37.991
178.1,37.991
178.2,36.991
178.3,37.991
178.4,34.991
178.5,37.991
178.6,33.992
178.7,35.991
178.8,34.991
178.9,30.992
179.0,36.991
179.1,32.992
179.2,31.992
179.3,32.992
179.4,31.992
179.5,30.992
179.6,26.993
179.7,31.992
179.8,30.992
179.9,24.994
180.0,27.993
180.1,26.993
180.2,20.995
180.3,24.994
180.4,26.993
180.5,20.995
180.6,20.995
180.7,19.995
180.8,20.995
180.9,16.996
181.0,16.996
181.1,14.996
181.2,14.996
181.3,14.996
181.4,11.997
181.5,10.997
181.6,9.998
181.7,7.998
181.8,7.998
181.9,6.998
182.0,5.998
182.1,4.999
182.2,4.999
182.3,2.999
182.4,2.999
182.5,-1.0
182.6,-2.0
182.7,-2.999
182.8,-2.999
182.9,-2.0
183.0,-4.999
183.1,-6.998
183.2,-6.998
183.3,-6.998
183.4,-8.998
183.5,-8.998
183.6,-14.996
183.7,-10.997
183.8,-14.996
183.9,-11.997
184.0,-14.996
184.1,-15.996
184.2,-13.997
184.3,-14.996
184.4,-13.997
184.5,-17.995
184.6,-17.995
184.7,-16.996
184.8,-17.995
184.9,-23.994
185.0,-19.995
185.1,-20.995
185.2,-19.995
185.3,-24.994
185.4,-25.994
185.5,-19.995
185.6,-23.994
185.7,-26.993
185.8,-25.994
185.9,-24.994
186.0,-24.994
186.1,-26.993
186.2,-24.994
186.3,-26.993
186.4,-27.993
186.5,-27.993
186.6,-23.994
186.7,-26.993
186.8,-31.992
186.9,-28.993
187.0,-31.992
187.1,-30.992
187.2,-31.992
187.3,-31.992
187.4,-30.992
187.5,-27.993
187.6,-31.992
187.7,-33.992
187.8,-32.992
187.9,-32.992
188.0,-31.992
188.1,-30.992
188.2,-33.992
188.3,-32.992
188.4,-28.993
188.5,-31.992
188.6,-26.993
188.7,-25.994
188.8,-25.994
188.9,-30.992
189.0,-25.994
189.1,-28.993
189.2,-27.993
189.3,-25.994
189.4,-26.993
189.5,-25.994
189.6,-24.994
189.7,-25.994
189.8,-23.994
189.9,-19.995
190.0,-20.995
190.1,-20.995
190.2,-22.994
190.3,-18.995
190.4,-20.995
190.5,-15.996
190.6,-17.995
190.7,-14.996
190.8,-16.996
190.9,-15.996
191.0,-14.996
191.1,-10.997
191.2,-9.998
191.3,-7.998
191.4,-8.998
191.5,-6.998
191.6,-2.999
191.7,-7.998
191.8,-6.998
191.9,-4.999
192.0,-2.0
192.1,-1.0
192.2,0.0
192.3,2.0
192.4,1.0
192.5,2.999
192.6,2.999
192.7,5.998
192.8,5.998
192.9,6.998
193.0,6.998
193.1,7.998
193.2,7.998
193.3,9.998
193.4,11.997
193.5,10.997
193.6,13.997
193.7,14.996
193.8,14.996
193.9,15.996
194.0,17.995
194.1,14.996
194.2,17.995
194.3,13.997
194.4,19.995
194.5,23.994
194.6,17.995
194.7,20.995
194.8,23.994
194.9,23.994
195.0,18.995
195.1,24.994
195.2,24.994
195.3,22.994
195.4,24.994
195.5,25.994
195.6,23.994
195.7,30.992
195.8,28.993
195.9,24.994
196.0,25.994
196.1,27.993
196.2,28.993
196.3,27.993
196.4,28.993
196.5,30.992
196.6,31.992
196.7,27.993
196.8,32.992
196.9,34.991
197.0,28.993
197.1,33.992
197.2,35.991
197.3,31.992
197.4,33.992
197.5,32.992
197.6,34.991
197.7,34.991
197.8,36.991
197.9,32.992
198.0,34.991
198.1,33.992
198.2,34.991
198.3,34.991
198.4,34.991
198.5,34.991
198.6,32.992
198.7,32.992
198.8,31.992
198.9,31.992
199.0,28.993
199.1,32.992
199.2,30.992
199.3,31.992
199.4,32.992
199.5,27.993
199.6,30.992
199.7,27.993
199.8,26.993
199.9,25.994
200.0,25.994
200.1,22.994
200.2,27.993
200.3,22.994
200.4,19.995
200.5,20.995
200.6,19.995
200.7,19.995
200.8,20.995
200.9,19.995
201.0,19.995
201.1,13.997
201.2,15.996
201.3,13.997
201.4,13.997
201.5,11.997
201.6,13.997
201.7,8.998
201.8,10.997
201.9,5.998
202.0,6.998
202.1,5.998
202.2,2.999
202.3,2.999
202.4,2.0
202.5,2.0
202.6,0.0
202.7,-4.999
202.8,-4.999
202.9,-4.999
203.0,-5.998
203.1,-2.0
203.2,-2.999
203.3,-6.998
203.4,-7.998
203.5,-9.998
203.6,-11.997
203.7,-9.998
203.8,-11.997
203.9,-10.997
204.0,-13.997
204.1,-11.997
204.2,-14.996
204.3,-14.996
204.4,-15.996
204.5,-15.996
204.6,-19.995
204.7,-19.995
204.8,-17.995
204.9,-18.995
205.0,-22.994
205.1,-18.995
205.2,-23.994
205.3,-19.995
205.4,-23.994
205.5,-23.994
205.6,-22.994
205.7,-26.993
205.8,-23.994
205.9,-25.994
206.0,-24.994
206.1,-24.994
206.2,-27.993
206.3,-24.994
206.4,-28.993
206.5,-26.993
206.6,-26.993
206.7,-26.993
206.8,-26.993
206.9,-30.992
207.0,-31.992
207.1,-25.994
207.2,-30.992
207.3,-28.993
207.4,-31.992
207.5,-28.993
207.6,-30.992
207.7,-30.992
207.8,-32.992
207.9,-34.991
208.0,-30.992
208.1,-30.992
208.2,-28.993
208.3,-28.993
208.4,-25.994
208.5,-30.992
208.6,-30.992
208.7,-27.993
208.8,-27.993
208.9,-28.993
209.0,-25.994
209.1,-25.994
209.2,-24.994
209.3,-25.994
209.4,-22.994
209.5,-25.994
209.6,-22.994
209.7,-22.994
209.8,-23.994
209.9,-19.995
210.0,-18.995
210.1,-19.995
210.2,-20.995
210.3,-17.995
210.4,-17.995
210.5,-16.996
210.6,-13.997
210.7,-15.996
210.8,-10.997
210.9,-11.997
211.0,-13.997
211.1,-11.997
211.2,-10.997
211.3,-5.998
211.4,-9.998
211.5,-1.0
211.6,-5.998
211.7,-2.0
211.8,0.0
211.9,-1.0
212.0,0.0
212.1,-1.0
212.2,1.0
212.3,2.999
212.4,4.999
212.5,1.0
212.6,8.998
212.7,7.998
212.8,8.998
212.9,7.998
213.0,7.998
213.1,8.998
213.2,10.997
213.3,13.997
213.4,14.996
213.5,13.997
213.6,15.996
213.7,17.995
213.8,15.996
213.9,18.995
214.0,19.995
214.1,20.995
214.2,23.994
214.3,20.995
214.4,20.995
214.5,18.995
214.6,19.995
214.7,20.995
214.8,24.994
214.9,23.994
215.0,23.994
215.1,25.994
215.2,28.993
215.3,28.993
215.4,27.993
215.5,28.993
215.6,28.993
215.7,27.993
215.8,31.992
215.9,26.993
216.0,31.992
216.1,31.992
216.2,25.994
216.3,27.993
216.4,33.992
216.5,32.992
216.6,30.992
216.7,33.992
216.8,33.992
216.9,31.992
217.0,33.992
217.1,32.992
217.2,35.991
217.3,36.991
217.4,37.991
217.5,34.991
217.6,36.991
217.7,34.991
217.8,34.991
217.9,35.991
218.0,34.991
218.1,35.991
218.2,35.991
218.3,33.992
218.4,32.992
218.5,34.991
218.6,33.992
218.7,33.992
218.8,33.992
218.9,34.991
219.0,32.992
219.1,31.992
219.2,32.992
219.3,30.992
219.4,32.992
219.5,24.994
219.6,30.992
219.7,25.994
219.8,28.993
219.9,25.994
220.0,26.993
220.1,25.994
220.2,25.994
220.3,23.994
220.4,20.995
220.5,19.995
220.6,18.995
220.7,20.995
220.8,22.994
220.9,17.995
221.0,13.997
221.1,14.996
221.2,13.997
221.3,9.998
221.4,14.996
221.5,8.998
221.6,9.998
221.7,7.998
221.8,4.999
221.9,4.999
222.0,7.998
222.1,1.0
222.2,2.0
222.3,5.998
222.4,-2.0
222.5,-2.999
222.6,-1.0
222.7,-5.998
222.8,-2.0
222.9,-2.0
223.0,-5.998
223.1,-6.998
223.2,-8.998
223.3,-6.998
223.4,-9.998
223.5,-7.998
223.6,-11.997
223.7,-11.997
223.8,-10.997
223.9,-16.996
224.0,-14.996
224.1,-17.995
224.2,-15.996
224.3,-19.995
224.4,-18.995
224.5,-17.995
224.6,-18.995
224.7,-15.996
224.8,-23.994
224.9,-16.996
225.0,-20.995
225.1,-22.994
225.2,-24.994
225.3,-27.993
225.4,-25.994
225.5,-23.994
225.6,-23.994
225.7,-23.994
225.8,-25.994
225.9,-24.994
226.0,-24.994
226.1,-27.993
226.2,-24.994
226.3,-26.993
226.4,-27.993
226.5,-30.992
226.6,-28.993
226.7,-31.992
226.8,-30.992
226.9,-28.993
227.0,-31.992
227.1,-28.993
227.2,-27.993
227.3,-32.992
227.4,-28.993
227.5,-30.992
227.6,-32.992
227.7,-35.991
227.8,-34.991
227.9,-34.991
228.0,-30.992
228.1,-31.992
228.2,-31.992
228.3,-33.992
228.4,-32.992
228.5,-31.992
228.6,-27.993
228.7,-27.993
228.8,-27.993
228.9,-26.993
229.0,-30.992
229.1,-26.993
229.2,-25.994
229.3,-24.994
229.4,-24.994
229.5,-26.993
229.6,-25.994
229.7,-23.994
229.8,-26.993
229.9,-20.995
230.0,-17.995
230.1,-19.995
230.2,-17.995
230.3,-17.995
230.4,-17.995
230.5,-17.995
230.6,-10.997
230.7,-18.995
230.8,-11.997
230.9,-15.996
231.0,-13.997
231.1,-11.997
231.2,-10.997
231.3,-4.999
231.4,-6.998
231.5,-6.998
231.6,-2.999
231.7,-2.0
231.8,-2.0
231.9,-2.999
232.0,-2.0
232.1,1.0
232.2,4.999
232.3,1.0
232.4,2.999
232.5,4.999
232.6,7.998
232.7,10.997
232.8,6.998
232.9,9.998
233.0,4.999
233.1,9.998
233.2,11.997
233.3,11.997
233.4,10.997
233.5,11.997
233.6,16.996
233.7,16.996
233.8,19.995
233.9,19.995
234.0,20.995
234.1,22.994
234.2,23.994
234.3,19.995
234.4,24.994
234.5,19.995
234.6,20.995
234.7,25.994
234.8,22.994
234.9,24.994
235.0,26.993
235.1,24.994
235.2,28.993
235.3,27.993
235.4,30.992
235.5,28.993
235.6,30.992
235.7,30.992
235.8,30.992
235.9,26.993
236.0,30.992
236.1,30.992
236.2,31.992
236.3,26.993
236.4,31.992
236.5,31.992
236.6,30.992
236.7,36.991
236.8,32.992
236.9,33.992
237.0,36.991
237.1,32.992
237.2,35.991
237.3,35.991
237.4,34.991
237.5,33.992
237.6,36.991
237.7,34.991
237.8,36.991
237.9,37.991
238.0,35.991
238.1,36.991
238.2,37.991
238.3,34.991
238.4,34.991
238.5,34.991
238.6,31.992
238.7,34.991
238.8,32.992
238.9,30.992
239.0,31.992
239.1,30.992
239.2,28.993
239.3,28.993
239.4,31.992
239.5,30.992
239.6,30.992
239.7,26.993
239.8,25.994
239.9,24.994
240.0,24.994
240.1,24.994
240.2,22.994
240.3,20.995
240.4,22.994
240.5,22.994
240.6,18.995
240.7,18.995
240.8,17.995
240.9,17.995
241.0,13.997
241.1,16.996
241.2,13.997
241.3,15.996
241.4,9.998
241.5,10.997
241.6,9.998
241.7,7.998
241.8,7.998
241.9,8.998
242.0,4.999
242.1,6.998
242.2,4.999
242.3,0.0
242.4,-1.0
242.5,0.0
242.6,-2.0
242.7,-2.0
242.8,-2.999
242.9,-4.999
243.0,-7.998
243.1,-5.998
243.2,-8.998
243.3,-5.998
243.4,-7.998
243.5,-9.998
243.6,-9.998
243.7,-10.997
243.8,-14.996
243.9,-16.996
244.0,-15.996
244.1,-18.995
244.2,-16.996
244.3,-14.996
244.4,-17.995
244.5,-17.995
244.6,-19.995
244.7,-18.995
244.8,-18.995
244.9,-19.995
245.0,-19.995
245.1,-24.994
245.2,-20.995
245.3,-23.994
245.4,-23.994
245.5,-23.994
245.6,-23.994
245.7,-22.994
245.8,-27.993
245.9,-23.994
246.0,-28.993
246.1,-24.994
246.2,-25.994
246.3,-30.992
246.4,-27.993
246.5,-28.993
246.6,-27.993
246.7,-30.992
246.8,-32.992
246.9,-32.992
247.0,-31.992
247.1,-33.992
247.2,-32.992
247.3,-32.992
247.4,-32.992
247.5,-32.992
247.6,-33.992
247.7,-28.993
247.8,-32.992
247.9,-31.992
248.0,-33.992
248.1,-31.992
248.2,-31.992
248.3,-31.992
248.4,-33.992
248.5,-31.992
248.6,-30.992
248.7,-31.992
248.8,-25.994
248.9,-25.994
249.0,-32.992
249.1,-26.993
249.2,-27.993
249.3,-28.993
249.4,-31.992
249.5,-25.994
249.6,-27.993
249.7,-27.993
249.8,-24.994
249.9,-22.994
250.0,-20.995
250.1,-23.994
250.2,-19.995
250.3,-19.995
250.4,-15.996
250.5,-19.995
250.6,-19.995
250.7,-18.995
250.8,-15.996
250.9,-10.997
251.0,-15.996
251.1,-8.998
251.2,-8.998
251.3,-8.998
251.4,-8.998
251.5,-6.998
251.6,-4.999
251.7,-4.999
251.8,-4.999
251.9,-1.0
252.0,-1.0
252.1,0.0
252.2,0.0
252.3,4.999
252.4,4.999
252.5,2.999
252.6,5.998
252.7,4.999
252.8,8.998
252.9,9.998
253.0,7.998
253.1,9.998
253.2,14.996
253.3,11.997
253.4,11.997
253.5,14.996
253.6,16.996
253.7,16.996
253.8,16.996
253.9,19.995
254.0,19.995
254.1,19.995
254.2,20.995
254.3,22.994
254.4,22.994
254.5,22.994
254.6,23.994
254.7,24.994
254.8,26.993
254.9,27.993
255.0,26.993
255.1,25.994
255.2,27.993
255.3,26.993
255.4,30.992
255.5,27.993
255.6,27.993
255.7,32.992
255.8,31.992
255.9,27.993
256.0,30.992
256.1,30.992
256.2,30.992
256.3,31.992
256.4,34.991
256.5,32.992
256.6,28.993
256.7,31.992
256.8,32.992
256.9,32.992
257.0,31.992
257.1,36.991
257.2,36.991
257.3,36.991
257.4,36.991
257.5,34.991
257.6,36.991
257.7,33.992
257.8,33.992
257.9,34.991
258.0,34.991
258.1,39.99
258.2,39.99
258.3,31.992
258.4,30.992
258.5,37.991
258.6,33.992
258.7,33.992
258.8,31.992
258.9,30.992
259.0,31.992
259.1,30.992
259.2,34.991
259.3,26.993
259.4,28.993
259.5,28.993
259.6,26.993
259.7,28.993
259.8,30.992
259.9,25.994
260.0,24.994
260.1,25.994
260.2,24.994
260.3,23.994
260.4,24.994
260.5,20.995
260.6,23.994
260.7,19.995
260.8,17.995
260.9,19.995
261.0,14.996
261.1,15.996
261.2,16.996
261.3,14.996
261.4,11.997
261.5,10.997
261.6,7.998
261.7,7.998
261.8,7.998
261.9,8.998
262.0,7.998
262.1,4.999
262.2,2.999
262.3,1.0
262.4,4.999
262.5,0.0
262.6,-1.0
262.7,-7.998
262.8,-2.999
262.9,-6.998
263.0,-4.999
263.1,-6.998
263.2,-7.998
263.3,-6.998
263.4,-9.998
263.5,-9.998
263.6,-9.998
263.7,-14.996
263.8,-14.996
263.9,-14.996
264.0,-11.997
264.1,-14.996
264.2,-15.996
264.3,-16.996
264.4,-17.995
264.5,-17.995
264.6,-20.995
264.7,-22.994
264.8,-22.994
264.9,-18.995
265.0,-19.995
265.1,-18.995
265.2,-19.995
265.3,-19.995
265.4,-24.994
265.5,-23.994
265.6,-22.994
265.7,-24.994
265.8,-25.994
265.9,-24.994
266.0,-24.994
266.1,-25.994
266.2,-28.993
266.3,-25.994
266.4,-23.994
266.5,-24.994
266.6,-26.993
266.7,-28.993
266.8,-27.993
266.9,-30.992
267.0,-33.992
267.1,-30.992
267.2,-30.992
267.3,-30.992
267.4,-28.993
267.5,-28.993
267.6,-30.992
267.7,-27.993
267.8,-30.992
267.9,-31.992
268.0,-30.992
268.1,-34.991
268.2,-33.992
268.3,-34.991
268.4,-26.993
268.5,-33.992
268.6,-32.992
268.7,-33.992
268.8,-31.992
268.9,-28.993
269.0,-27.993
269.1,-28.993
269.2,-24.994
269.3,-26.993
269.4,-26.993
269.5,-26.993
269.6,-25.994
269.7,-24.994
269.8,-20.995
269.9,-20.995
270.0,-23.994
270.1,-18.995
270.2,-19.995
270.3,-20.995
270.4,-17.995
270.5,-17.995
270.6,-13.997
270.7,-17.995
270.8,-16.996
270.9,-11.997
271.0,-14.996
271.1,-13.997
271.2,-7.998
271.3,-10.997
271.4,-5.998
271.5,-5.998
271.6,-1.0
271.7,-2.999
271.8,-4.999
271.9,-2.0
272.0,-2.0
272.1,0.0
272.2,-2.0
272.3,0.0
272.4,0.0
272.5,1.0
272.6,2.999
272.7,4.999
272.8,4.999
272.9,6.998
273.0,9.998
273.1,7.998
273.2,9.998
273.3,13.997
273.4,11.997
273.5,13.997
273.6,8.998
273.7,13.997
273.8,14.996
273.9,15.996
274.0,19.995
274.1,20.995
274.2,19.995
274.3,19.995
274.4,19.995
274.5,22.994
274.6,22.994
274.7,20.995
274.8,23.994
274.9,23.994
275.0,26.993
275.1,25.994
275.2,27.993
275.3,26.993
275.4,30.992
275.5,26.993
275.6,26.993
275.7,27.993
275.8,28.993
275.9,26.993
276.0,26.993
276.1,32.992
276.2,28.993
276.3,32.992
276.4,32.992
276.5,32.992
276.6,32.992
276.7,28.993
276.8,32.992
276.9,33.992
277.0,35.991
277.1,33.992
277.2,31.992
277.3,33.992
277.4,30.992
277.5,34.991
277.6,31.992
277.7,35.991
277.8,33.992
277.9,36.991
278.0,32.992
278.1,34.991
278.2,35.991
278.3,35.991
278.4,35.991
278.5,35.991
278.6,32.992
278.7,33.992
278.8,33.992
278.9,31.992
279.0,28.993
279.1,32.992
279.2,28.993
279.3,32.992
279.4,30.992
279.5,31.992
279.6,28.993
279.7,26.993
279.8,27.993
279.9,26.993
280.0,24.994
280.1,26.993
280.2,22.994
280.3,26.993
280.4,24.994
280.5,19.995
280.6,22.994
280.7,19.995
280.8,15.996
280.9,16.996
281.0,16.996
281.1,17.995
281.2,13.997
281.3,9.998
281.4,13.997
281.5,10.997
281.6,4.999
281.7,7.998
281.8,6.998
281.9,5.998
282.0,6.998
282.1,5.998
282.2,2.0
282.3,2.0
282.4,2.0
282.5,1.0
282.6,0.0
282.7,-2.0
282.8,-6.998
282.9,-2.0
283.0,-7.998
283.1,-7.998
283.2,-7.998
283.3,-9.998
283.4,-8.998
283.5,-13.997
283.6,-8.998
283.7,-10.997
283.8,-11.997
283.9,-13.997
284.0,-11.997
284.1,-14.996
284.2,-16.996
284.3,-16.996
284.4,-20.995
284.5,-18.995
284.6,-19.995
284.7,-16.996
284.8,-16.996
284.9,-19.995
285.0,-19.995
285.1,-19.995
285.2,-22.994
285.3,-19.995
285.4,-26.993
285.5,-25.994
285.6,-26.993
285.7,-24.994
285.8,-28.993
285.9,-25.994
286.0,-22.994
286.1,-25.994
286.2,-27.993
286.3,-25.994
286.4,-30.992
286.5,-25.994
286.6,-30.992
286.7,-27.993
286.8,-31.992
286.9,-31.992
287.0,-32.992
287.1,-31.992
287.2,-30.992
287.3,-31.992
287.4,-31.992
287.5,-32.992
287.6,-31.992
287.7,-31.992
287.8,-34.991
287.9,-34.991
288.0,-35.991
288.1,-32.992
288.2,-34.991
288.3,-30.992
288.4,-31.992
288.5,-32.992
288.6,-31.992
288.7,-28.993
288.8,-27.993
288.9,-30.992
289.0,-28.993
289.1,-25.994
289.2,-28.993
289.3,-24.994
289.4,-26.993
289.5,-22.994
289.6,-25.994
289.7,-23.994
289.8,-20.995
289.9,-23.994
290.0,-23.994
290.1,-19.995
290.2,-20.995
290.3,-18.995
290.4,-16.996
290.5,-16.996
290.6,-17.995
290.7,-13.997
290.8,-13.997
290.9,-15.996
291.0,-11.997
291.1,-9.998
291.2,-10.997
291.3,-8.998
291.4,-4.999
291.5,-4.999
291.6,-4.999
291.7,-2.999
291.8,0.0
291.9,-2.999
292.0,5.998
292.1,0.0
292.2,2.999
292.3,0.0
292.4,6.998
292.5,6.998
292.6,6.998
292.7,7.998
292.8,7.998
292.9,7.998
293.0,10.997
293.1,13.997
293.2,16.996
293.3,14.996
293.4,13.997
293.5,18.995
293.6,17.995
293.7,14.996
293.8,16.996
293.9,19.995
294.0,19.995
294.1,22.994
294.2,20.995
294.3,24.994
294.4,24.994
294.5,26.993
294.6,24.994
294.7,23.994
294.8,25.994
294.9,27.993
295.0,27.993
295.1,27.993
295.2,27.993
295.3,31.992
295.4,28.993
295.5,28.993
295.6,31.992
295.7,32.992
295.8,26.993
295.9,30.992
296.0,28.993
296.1,33.992
296.2,32.992
296.3,32.992
296.4,33.992
296.5,33.992
296.6,33.992
296.7,35.991
296.8,36.991
296.9,35.991
297.0,35.991
297.1,35.991
297.2,34.991
297.3,32.992
297.4,39.99
297.5,34.991
297.6,36.991
297.7,35.991
297.8,37.991
297.9,37.991
298.0,36.991
298.1,40.99
298.2,35.991
298.3,34.991
298.4,37.991
298.5,36.991
298.6,34.991
298.7,34.991
298.8,28.993
298.9,33.992
299.0,33.992
299.1,31.992
299.2,32.992
299.3,30.992
299.4,30.992
299.5,27.993
299.6,27.993
299.7,28.993
299.8,26.993
299.9,28.993
300.0,27.993
300.1,26.993
300.2,23.994
300.3,25.994
300.4,22.994
300.5,19.995
300.6,17.995
300.7,17.995
300.8,18.995
300.9,16.996
301.0,16.996
301.1,17.995
301.2,15.996
301.3,13.997
301.4,10.997
301.5,8.998
301.6,9.998
301.7,8.998
301.8,4.999
301.9,7.998
302.0,2.999
302.1,4.999
302.2,2.999
302.3,0.0
302.4,4.999
302.5,2.999
302.6,-4.999
302.7,-4.999
302.8,-6.998
302.9,-5.998
303.0,-7.998
303.1,-8.998
303.2,-9.998
303.3,-8.998
303.4,-6.998
303.5,-11.997
303.6,-8.998
303.7,-13.997
303.8,-11.997
303.9,-14.996
304.0,-13.997
304.1,-15.996
304.2,-15.996
304.3,-19.995
304.4,-15.996
304.5,-18.995
304.6,-19.995
304.7,-19.995
304.8,-18.995
304.9,-23.994
305.0,-20.995
305.1,-19.995
305.2,-23.994
305.3,-23.994
305.4,-23.994
305.5,-23.994
305.6,-24.994
305.7,-23.994
305.8,-26.993
305.9,-23.994
306.0,-23.994
306.1,-25.994
306.2,-27.993
306.3,-27.993
306.4,-28.993
306.5,-31.992
306.6,-31.992
306.7,-30.992
306.8,-32.992
306.9,-30.992
307.0,-27.993
307.1,-30.992
307.2,-27.993
307.3,-31.992
307.4,-31.992
307.5,-32.992
307.6,-30.992
307.7,-31.992
307.8,-32.992
307.9,-32.992
308.0,-30.992
308.1,-32.992
308.2,-30.992
308.3,-31.992
308.4,-33.992
308.5,-30.992
308.6,-30.992
308.7,-30.992
308.8,-27.993
308.9,-25.994
309.0,-27.993
309.1,-27.993
309.2,-25.994
309.3,-28.993
309.4,-26.993
309.5,-26.993
309.6,-22.994
309.7,-23.994
309.8,-23.994
309.9,-26.993
310.0,-24.994
310.1,-19.995
310.2,-18.995
310.3,-17.995
310.4,-17.995
310.5,-17.995
310.6,-13.997
310.7,-14.996
310.8,-10.997
310.9,-14.996
311.0,-13.997
311.1,-10.997
311.2,-13.997
311.3,-8.998
311.4,-7.998
311.5,-6.998
311.6,-5.998
311.7,-2.0
311.8,-4.999
311.9,-1.0
312.0,0.0
312.1,-1.0
312.2,1.0
312.3,2.999
312.4,2.0
312.5,2.999
312.6,4.999
312.7,5.998
312.8,6.998
312.9,7.998
313.0,5.998
313.1,10.997
313.2,10.997
313.3,11.997
313.4,10.997
313.5,13.997
313.6,14.996
313.7,17.995
313.8,16.996
313.9,18.995
314.0,18.995
314.1,18.995
314.2,20.995
314.3,20.995
314.4,19.995
314.5,20.995
314.6,26.993
314.7,23.994
314.8,23.994
314.9,22.994
315.0,27.993
315.1,22.994
315.2,26.993
315.3,26.993
315.4,23.994
315.5,28.993
315.6,31.992
315.7,30.992
315.8,28.993
315.9,32.992
316.0,28.993
316.1,30.992
316.2,30.992
316.3,26.993
316.4,31.992
316.5,31.992
316.6,32.992
316.7,33.992
316.8,33.992
316.9,31.992
317.0,36.991
317.1,35.991
317.2,32.992
317.3,35.991
317.4,36.991
317.5,39.99
317.6,33.992
317.7,36.991
317.8,34.991
317.9,34.991
318.0,34.991
318.1,33.992
318.2,37.991
318.3,35.991
318.4,36.991
318.5,35.991
318.6,33.992
318.7,35.991
318.8,31.992
318.9,33.992
319.0,32.992
319.1,30.992
319.2,28.993
319.3,32.992
319.4,30.992
319.5,32.992
319.6,28.993
319.7,27.993
319.8,27.993
319.9,25.994
320.0,27.993
320.1,25.994
320.2,23.994
320.3,26.993
320.4,20.995
320.5,19.995
320.6,18.995
320.7,20.995
320.8,18.995
320.9,18.995
321.0,15.996
321.1,18.995
321.2,16.996
321.3,13.997
321.4,11.997
321.5,11.997
321.6,10.997
321.7,7.998
321.8,5.998
321.9,2.0
322.0,5.998
322.1,1.0
322.2,2.999
322.3,2.0
322.4,0.0
322.5,1.0
322.6,-2.0
322.7,-1.0
322.8,-8.998
322.9,-8.998
323.0,-6.998
323.1,-6.998
323.2,-7.998
323.3,-10.997
323.4,-9.998
323.5,-8.998
323.6,-8.998
323.7,-13.997
323.8,-15.996
323.9,-15.996
324.0,-17.995
324.1,-15.996
324.2,-14.996
324.3,-15.996
324.4,-18.995
324.5,-16.996
324.6,-19.995
324.7,-20.995
324.8,-23.994
324.9,-19.995
325.0,-22.994
325.1,-23.994
325.2,-20.995
325.3,-23.994
325.4,-24.994
325.5,-26.993
325.6,-24.994
325.7,-24.994
325.8,-28.993
325.9,-26.993
326.0,-25.994
326.1,-26.993
326.2,-27.993
326.3,-27.993
326.4,-26.993
326.5,-28.993
326.6,-28.993
326.7,-28.993
326.8,-28.993
326.9,-28.993
327.0,-32.992
327.1,-28.993
327.2,-34.991
327.3,-28.993
327.4,-32.992
327.5,-33.992
327.6,-30.992
327.7,-27.993
327.8,-32.992
327.9,-33.992
328.0,-33.992
328.1,-32.992
328.2,-34.991
328.3,-32.992
328.4,-30.992
328.5,-32.992
328.6,-31.992
328.7,-31.992
328.8,-30.992
328.9,-30.992
329.0,-28.993
329.1,-27.993
329.2,-24.994
329.3,-22.994
329.4,-26.993
329.5,-26.993
329.6,-24.994
329.7,-24.994
329.8,-25.994
329.9,-24.994
330.0,-22.994
330.1,-22.994
330.2,-20.995
330.3,-19.995
330.4,-20.995
330.5,-17.995
330.6,-15.996
330.7,-13.997
330.8,-14.996
330.9,-11.997
331.0,-13.997
331.1,-9.998
331.2,-8.998
331.3,-8.998
331.4,-6.998
331.5,-6.998
331.6,-1.0
331.7,-2.0
331.8,1.0
331.9,-1.0
332.0,2.0
332.1,0.0
332.2,2.999
332.3,1.0
332.4,5.998
332.5,6.998
332.6,6.998
332.7,8.998
332.8,6.998
332.9,9.998
333.0,9.998
333.1,9.998
333.2,10.997
333.3,18.995
333.4,13.997
333.5,14.996
333.6,9.998
333.7,18.995
333.8,16.996
333.9,18.995
334.0,16.996
334.1,19.995
334.2,20.995
334.3,23.994
334.4,23.994
334.5,22.994
334.6,23.994
334.7,25.994
334.8,25.994
334.9,24.994
335.0,26.993
335.1,26.993
335.2,24.994
335.3,25.994
335.4,24.994
335.5,27.993
335.6,27.993
335.7,26.993
335.8,27.993
335.9,31.992
336.0,28.993
336.1,33.992
336.2,33.992
336.3,32.992
336.4,28.993
336.5,33.992
336.6,33.992
336.7,35.991
336.8,34.991
336.9,35.991
337.0,35.991
337.1,32.992
337.2,36.991
337.3,35.991
337.4,36.991
337.5,34.991
337.6,39.99
337.7,35.991
337.8,35.991
337.9,33.992
338.0,35.991
338.1,37.991
338.2,37.991
338.3,37.991
338.4,35.991
338.5,39.99
338.6,36.991
338.7,33.992
338.8,36.991
338.9,30.992
339.0,33.992
339.1,32.992
339.2,31.992
339.3,30.992
339.4,31.992
339.5,31.992
339.6,25.994
339.7,28.993
339.8,30.992
339.9,25.994
340.0,27.993
340.1,26.993
340.2,23.994
340.3,22.994
340.4,24.994
340.5,18.995
340.6,24.994
340.7,20.995
340.8,16.996
340.9,18.995
341.0,17.995
341.1,17.995
341.2,15.996
341.3,13.997
341.4,13.997
341.5,11.997
341.6,10.997
341.7,9.998
341.8,4.999
341.9,7.998
342.0,6.998
342.1,2.999
342.2,2.0
342.3,1.0
342.4,2.0
342.5,4.999
342.6,-1.0
342.7,0.0
342.8,-1.0
342.9,-2.0
343.0,-5.998
343.1,-8.998
343.2,-4.999
343.3,-8.998
343.4,-8.998
343.5,-9.998
343.6,-11.997
343.7,-10.997
343.8,-13.997
343.9,-13.997
344.0,-11.997
344.1,-15.996
344.2,-11.997
344.3,-14.996
344.4,-15.996
344.5,-19.995
344.6,-19.995
344.7,-20.995
344.8,-15.996
344.9,-20.995
345.0,-18.995
345.1,-20.995
345.2,-19.995
345.3,-23.994
345.4,-18.995
345.5,-22.994
345.6,-23.994
345.7,-26.993
345.8,-25.994
345.9,-25.994
346.0,-25.994
346.1,-24.994
346.2,-26.993
346.3,-24.994
346.4,-28.993
346.5,-24.994
346.6,-24.994
346.7,-28.993
346.8,-25.994
346.9,-33.992
347.0,-30.992
347.1,-28.993
347.2,-33.992
347.3,-32.992
347.4,-28.993
347.5,-31.992
347.6,-32.992
347.7,-31.992
347.8,-30.992
347.9,-28.993
348.0,-33.992
348.1,-27.993
348.2,-31.992
348.3,-28.993
348.4,-32.992
348.5,-30.992
348.6,-31.992
348.7,-26.993
348.8,-28.993
348.9,-30.992
349.0,-28.993
349.1,-26.993
349.2,-26.993
349.3,-25.994
349.4,-27.993
349.5,-25.994
349.6,-23.994
349.7,-20.995
349.8,-22.994
349.9,-23.994
350.0,-22.994
350.1,-22.994
350.2,-18.995
350.3,-19.995
350.4,-16.996
350.5,-16.996
350.6,-19.995
350.7,-16.996
350.8,-11.997
350.9,-10.997
351.0,-13.997
351.1,-10.997
351.2,-8.998
351.3,-8.998
351.4,-10.997
351.5,-6.998
351.6,-2.999
351.7,-5.998
351.8,-2.0
351.9,-2.999
352.0,-2.0
352.1,-1.0
352.2,-2.0
352.3,-1.0
352.4,0.0
352.5,6.998
352.6,2.0
352.7,2.999
352.8,5.998
352.9,7.998
353.0,9.998
353.1,11.997
353.2,7.998
353.3,13.997
353.4,10.997
353.5,14.996
353.6,13.997
353.7,14.996
353.8,14.996
353.9,19.995
354.0,16.996
354.1,19.995
354.2,17.995
354.3,22.994
354.4,16.996
354.5,22.994
354.6,20.995
354.7,25.994
354.8,22.994
354.9,22.994
355.0,27.993
355.1,22.994
355.2,23.994
355.3,24.994
355.4,24.994
355.5,25.994
355.6,24.994
355.7,31.992
355.8,28.993
355.9,28.993
356.0,28.993
356.1,31.992
356.2,28.993
356.3,30.992
356.4,27.993
356.5,30.992
356.6,31.992
356.7,35.991
356.8,31.992
356.9,32.992
357.0,33.992
357.1,34.991
357.2,32.992
357.3,32.992
357.4,34.991
357.5,35.991
357.6,33.992
357.7,34.991
357.8,39.99
357.9,33.992
358.0,33.992
358.1,33.992
358.2,35.991
358.3,33.992
358.4,35.991
358.5,33.992
358.6,34.991
358.7,34.991
358.8,30.992
358.9,31.992
359.0,27.993
359.1,33.992
359.2,32.992
359.3,30.992
359.4,27.993
359.5,28.993
359.6,30.992
359.7,24.994
359.8,24.994
359.9,30.992
360.0,23.994
360.1,28.993
360.2,20.995
360.3,24.994
360.4,19.995
360.5,22.994
360.6,20.995
360.7,17.995
360.8,19.995
360.9,16.996
361.0,17.995
361.1,16.996
361.2,15.996
361.3,14.996
361.4,11.997
361.5,11.997
361.6,8.998
361.7,7.998
361.8,7.998
361.9,7.998
362.0,4.999
362.1,5.998
362.2,2.0
362.3,5.998
362.4,1.0
362.5,0.0
362.6,1.0
362.7,0.0
362.8,0.0
362.9,-4.999
363.0,-2.999
363.1,-5.998
363.2,-6.998
363.3,-6.998
363.4,-8.998
363.5,-7.998
363.6,-10.997
363.7,-9.998
363.8,-11.997
363.9,-11.997
364.0,-11.997
364.1,-10.997
364.2,-11.997
364.3,-11.997
364.4,-14.996
364.5,-17.995
364.6,-16.996
364.7,-18.995
364.8,-18.995
364.9,-20.995
365.0,-20.995
365.1,-18.995
365.2,-18.995
365.3,-22.994
365.4,-23.994
365.5,-19.995
365.6,-23.994
365.7,-20.995
365.8,-23.994
365.9,-26.993
366.0,-23.994
366.1,-23.994
366.2,-25.994
366.3,-23.994
366.4,-25.994
366.5,-25.994
366.6,-27.993
366.7,-27.993
366.8,-25.994
366.9,-26.993
367.0,-27.993
367.1,-31.992
367.2,-28.993
367.3,-27.993
367.4,-32.992
367.5,-31.992
367.6,-32.992
367.7,-31.992
367.8,-32.992
367.9,-27.993
368.0,-31.992
368.1,-27.993
368.2,-30.992
368.3,-30.992
368.4,-28.993
368.5,-28.993
368.6,-28.993
368.7,-27.993
368.8,-28.993
368.9,-27.993
369.0,-25.994
369.1,-23.994
369.2,-26.993
369.3,-24.994
369.4,-23.994
369.5,-23.994
369.6,-20.995
369.7,-22.994
369.8,-22.994
369.9,-22.994
370.0,-19.995
370.1,-20.995
370.2,-18.995
370.3,-14.996
370.4,-17.995
370.5,-15.996
370.6,-14.996
370.7,-11.997
370.8,-13.997
370.9,-9.998
371.0,-10.997
371.1,-10.997
371.2,-8.998
371.3,-8.998
371.4,-9.998
371.5,-6.998
371.6,-2.0
371.7,-4.999
371.8,-1.0
371.9,0.0
372.0,0.0
372.1,0.0
372.2,-1.0
372.3,5.998
372.4,5.998
372.5,5.998
372.6,5.998
372.7,9.998
372.8,9.998
372.9,11.997
373.0,11.997
373.1,8.998
373.2,15.996
373.3,11.997
373.4,17.995
373.5,16.996
373.6,15.996
373.7,19.995
373.8,20.995
373.9,20.995
374.0,17.995
374.1,20.995
374.2,19.995
374.3,20.995
374.4,23.994
374.5,23.994
374.6,23.994
374.7,22.994
374.8,24.994
374.9,27.993
375.0,28.993
375.1,27.993
375.2,25.994
375.3,28.993
375.4,28.993
375.5,26.993
375.6,31.992
375.7,28.993
375.8,33.992
375.9,33.992
376.0,32.992
376.1,33.992
376.2,32.992
376.3,31.992
376.4,33.992
376.5,32.992
376.6,37.991
376.7,36.991
376.8,35.991
376.9,35.991
377.0,40.99
377.1,37.991
377.2,37.991
377.3,34.991
377.4,37.991
377.5,36.991
377.6,36.991
377.7,36.991
377.8,35.991
377.9,34.991
378.0,37.991
378.1,37.991
378.2,36.991
378.3,35.991
378.4,36.991
378.5,39.99
378.6,34.991
378.7,35.991
378.8,33.992
378.9,35.991
379.0,33.992
379.1,31.992
379.2,32.992
379.3,28.993
379.4,28.993
379.5,30.992
379.6,30.992
379.7,30.992
379.8,26.993
379.9,25.994
380.0,28.993
380.1,26.993
380.2,25.994
380.3,25.994
380.4,18.995
380.5,22.994
380.6,17.995
380.7,20.995
380.8,15.996
380.9,14.996
381.0,16.996
381.1,16.996
381.2,14.996
381.3,9.998
381.4,9.998
381.5,10.997
381.6,10.997
381.7,6.998
381.8,6.998
381.9,4.999
382.0,5.998
382.1,2.999
382.2,2.999
382.3,-1.0
382.4,1.0
382.5,0.0
382.6,-1.0
382.7,0.0
382.8,-2.0
382.9,-2.999
383.0,-7.998
383.1,-7.998
383.2,-7.998
383.3,-9.998
383.4,-9.998
383.5,-10.997
383.6,-11.997
383.7,-14.996
383.8,-16.996
383.9,-13.997
384.0,-11.997
384.1,-14.996
384.2,-16.996
384.3,-16.996
384.4,-19.995
384.5,-16.996
384.6,-20.995
384.7,-17.995
384.8,-19.995
384.9,-22.994
385.0,-20.995
385.1,-22.994
385.2,-23.994
385.3,-26.993
385.4,-24.994
385.5,-25.994
385.6,-24.994
385.7,-25.994
385.8,-23.994
385.9,-25.994
386.0,-25.994
386.1,-26.993
386.2,-30.992
386.3,-25.994
386.4,-32.992
386.5,-28.993
386.6,-28.993
386.7,-26.993
386.8,-27.993
386.9,-31.992
387.0,-30.992
387.1,-31.992
387.2,-31.992
387.3,-33.992
387.4,-32.992
387.5,-32.992
387.6,-31.992
387.7,-32.992
387.8,-32.992
387.9,-33.992
388.0,-30.992
388.1,-32.992
388.2,-33.992
388.3,-33.992
388.4,-28.993
388.5,-28.993
388.6,-32.992
388.7,-31.992
388.8,-26.993
388.9,-34.991
389.0,-27.993
389.1,-30.992
389.2,-28.993
389.3,-27.993
389.4,-24.994
389.5,-22.994
389.6,-27.993
389.7,-22.994
389.8,-19.995
389.9,-20.995
390.0,-19.995
390.1,-22.994
390.2,-19.995
390.3,-22.994
390.4,-17.995
390.5,-17.995
390.6,-13.997
390.7,-13.997
390.8,-13.997
390.9,-9.998
391.0,-9.998
391.1,-8.998
391.2,-10.997
391.3,-6.998
391.4,-8.998
391.5,-5.998
391.6,-4.999
391.7,-4.999
391.8,-2.999
391.9,-2.999
392.0,0.0
392.1,2.0
392.2,1.0
392.3,2.999
392.4,2.999
392.5,7.998
392.6,2.999
392.7,6.998
392.8,9.998
392.9,6.998
393.0,9.998
393.1,10.997
393.2,9.998
393.3,14.996
393.4,13.997
393.5,15.996
393.6,14.996
393.7,16.996
393.8,14.996
393.9,19.995
394.0,20.995
394.1,18.995
394.2,22.994
394.3,22.994
394.4,23.994
394.5,22.994
394.6,25.994
394.7,22.994
394.8,24.994
394.9,22.994
395.0,24.994
395.1,30.992
395.2,25.994
395.3,26.993
395.4,27.993
395.5,26.993
395.6,26.993
395.7,31.992
395.8,27.993
395.9,28.993
396.0,34.991
396.1,26.993
396.2,33.992
396.3,30.992
396.4,28.993
396.5,30.992
396.6,35.991
396.7,32.992
396.8,33.992
396.9,33.992
397.0,32.992
397.1,35.991
397.2,36.991
397.3,37.991
397.4,33.992
397.5,35.991
397.6,33.992
397.7,35.991
397.8,36.991
397.9,35.991
398.0,34.991
398.1,36.991
398.2,35.991
398.3,35.991
398.4,34.991
398.5,36.991
398.6,33.992
398.7,34.991
398.8,32.992
398.9,34.991
399.0,28.993
399.1,28.993
399.2,31.992
399.3,31.992
399.4,30.992
399.5,30.992
399.6,28.993
399.7,28.993
399.8,26.993
399.9,27.993
400.0,24.994
400.1,25.994
400.2,22.994
400.3,23.994
400.4,23.994
400.5,19.995
400.6,18.995
400.7,18.995
400.8,17.995
400.9,18.995
401.0,16.996
401.1,16.996
401.2,14.996
401.3,15.996
401.4,13.997
401.5,13.997
401.6,9.998
401.7,8.998
401.8,8.998
401.9,6.998
402.0,5.998
402.1,4.999
402.2,4.999
402.3,2.0
402.4,1.0
402.5,1.0
402.6,-2.0
402.7,-5.998
402.8,-2.999
402.9,-2.0
403.0,-5.998
403.1,-5.998
403.2,-9.998
403.3,-8.998
403.4,-13.997
403.5,-10.997
403.6,-10.997
403.7,-13.997
403.8,-13.997
403.9,-14.996
404.0,-11.997
404.1,-11.997
404.2,-14.996
404.3,-19.995
404.4,-14.996
404.5,-17.995
404.6,-18.995
404.7,-16.996
404.8,-16.996
404.9,-17.995
405.0,-22.994
405.1,-22.994
405.2,-22.994
405.3,-24.994
405.4,-25.994
405.5,-19.995
405.6,-22.994
405.7,-25.994
405.8,-25.994
405.9,-26.993
406.0,-28.993
406.1,-25.994
406.2,-27.993
406.3,-25.994
406.4,-28.993
406.5,-27.993
406.6,-28.993
406.7,-31.992
406.8,-28.993
406.9,-27.993
407.0,-26.993
407.1,-30.992
407.2,-31.992
407.3,-31.992
407.4,-30.992
407.5,-34.991
407.6,-33.992
407.7,-32.992
407.8,-28.993
407.9,-35.991
408.0,-32.992
408.1,-31.992
408.2,-30.992
408.3,-28.993
408.4,-28.993
408.5,-30.992
408.6,-30.992
408.7,-30.992
408.8,-27.993
408.9,-28.993
409.0,-28.993
409.1,-25.994
409.2,-24.994
409.3,-27.993
409.4,-20.995
409.5,-24.994
409.6,-26.993
409.7,-23.994
409.8,-22.994
409.9,-22.994
410.0,-19.995
410.1,-20.995
410.2,-23.994
410.3,-18.995
410.4,-16.996
410.5,-19.995
410.6,-14.996
410.7,-15.996
410.8,-13.997
410.9,-14.996
411.0,-11.997
411.1,-7.998
411.2,-8.998
411.3,-7.998
411.4,-7.998
411.5,-5.998
411.6,-6.998
411.7,-5.998
411.8,-2.999
411.9,-2.999
412.0,0.0
412.1,0.0
412.2,2.999
412.3,2.999
412.4,4.999
412.5,4.999
412.6,7.998
412.7,9.998
412.8,5.998
412.9,8.998
413.0,10.997
413.1,11.997
413.2,11.997
413.3,13.997
413.4,15.996
413.5,15.996
413.6,19.995
413.7,22.994
413.8,17.995
413.9,20.995
414.0,19.995
414.1,19.995
414.2,18.995
414.3,19.995
414.4,20.995
414.5,22.994
414.6,22.994
414.7,24.994
414.8,27.993
414.9,26.993
415.0,26.993
415.1,26.993
415.2,27.993
415.3,27.993
415.4,30.992
415.5,26.993
415.6,27.993
415.7,31.992
415.8,28.993
415.9,28.993
416.0,28.993
416.1,28.993
416.2,33.992
416.3,31.992
416.4,34.991
416.5,33.992
416.6,33.992
416.7,34.991
416.8,34.991
416.9,36.991
417.0,33.992
417.1,32.992
417.2,35.991
417.3,37.991
417.4,36.991
417.5,39.99
417.6,37.991
417.7,39.99
417.8,35.991
417.9,36.991
418.0,36.991
418.1,33.992
418.2,34.991
418.3,36.991
418.4,35.991
418.5,33.992
418.6,35.991
418.7,30.992
418.8,34.991
418.9,32.992
419.0,33.992
419.1,34.991
419.2,28.993
419.3,30.992
419.4,28.993
419.5,28.993
419.6,26.993
419.7,28.993
419.8,26.993
419.9,27.993
420.0,25.994
420.1,27.993
420.2,25.994
420.3,22.994
420.4,23.994
420.5,20.995
420.6,19.995
420.7,19.995
420.8,18.995
420.9,15.996
421.0,15.996
421.1,17.995
421.2,14.996
421.3,13.997
421.4,7.998
421.5,9.998
421.6,11.997
421.7,10.997
421.8,7.998
421.9,5.998
422.0,2.999
422.1,6.998
422.2,2.0
422.3,1.0
422.4,0.0
422.5,2.0
422.6,2.0
422.7,0.0
422.8,-1.0
422.9,-4.999
423.0,-4.999
423.1,-7.998
423.2,-8.998
423.3,-5.998
423.4,-9.998
423.5,-11.997
423.6,-11.997
423.7,-9.998
423.8,-13.997
423.9,-11.997
424.0,-14.996
424.1,-16.996
424.2,-14.996
424.3,-14.996
424.4,-17.995
424.5,-16.996
424.6,-19.995
424.7,-20.995
424.8,-18.995
424.9,-22.994
425.0,-20.995
425.1,-20.995
425.2,-20.995
425.3,-23.994
425.4,-22.994
425.5,-24.994
425.6,-23.994
425.7,-20.995
425.8,-25.994
425.9,-25.994
426.0,-20.995
426.1,-26.993
426.2,-26.993
426.3,-27.993
426.4,-26.993
426.5,-27.993
426.6,-26.993
426.7,-28.993
426.8,-32.992
426.9,-32.992
427.0,-25.994
427.1,-31.992
427.2,-30.992
427.3,-28.993
427.4,-30.992
427.5,-32.992
427.6,-32.992
427.7,-30.992
427.8,-30.992
427.9,-33.992
428.0,-33.992
428.1,-30.992
428.2,-32.992
428.3,-28.993
428.4,-31.992
428.5,-27.993
428.6,-30.992
428.7,-30.992
428.8,-28.993
428.9,-26.993
429.0,-27.993
429.1,-28.993
429.2,-27.993
429.3,-25.994
429.4,-25.994
429.5,-25.994
429.6,-23.994
429.7,-25.994
429.8,-20.995
429.9,-19.995
430.0,-20.995
430.1,-23.994
430.2,-18.995
430.3,-18.995
430.4,-18.995
430.5,-14.996
430.6,-19.995
430.7,-14.996
430.8,-11.997
430.9,-9.998
431.0,-10.997
431.1,-11.997
431.2,-8.998
431.3,-9.998
431.4,-6.998
431.5,-7.998
431.6,-6.998
431.7,-6.998
431.8,-5.998
431.9,-1.0
432.0,0.0
432.1,-2.0
432.2,2.999
432.3,2.0
432.4,1.0
432.5,4.999
432.6,7.998
432.7,2.0
432.8,2.999
432.9,6.998
433.0,5.998
433.1,10.997
433.2,10.997
433.3,11.997
433.4,11.997
433.5,14.996
433.6,15.996
433.7,16.996
433.8,16.996
433.9,16.996
434.0,18.995
434.1,18.995
434.2,16.996
434.3,19.995
434.4,22.994
434.5,20.995
434.6,20.995
434.7,27.993
434.8,19.995
434.9,27.993
435.0,26.993
435.1,25.994
435.2,27.993
435.3,26.993
435.4,25.994
435.5,22.994
435.6,26.993
435.7,28.993
435.8,28.993
435.9,28.993
436.0,30.992
436.1,27.993
436.2,28.993
436.3,34.991
436.4,33.992
436.5,32.992
436.6,34.991
436.7,33.992
436.8,32.992
436.9,34.991
437.0,35.991
437.1,36.991
437.2,34.991
437.3,34.991
437.4,37.991
437.5,35.991
437.6,33.992
437.7,37.991
437.8,34.991
437.9,35.991
438.0,37.991
438.1,37.991
438.2,34.991
438.3,35.991
438.4,31.992
438.5,36.991
438.6,36.991
438.7,34.991
438.8,32.992
438.9,32.992
439.0,28.993
439.1,32.992
439.2,31.992
439.3,28.993
439.4,26.993
439.5,30.992
439.6,27.993
439.7,27.993
439.8,25.994
439.9,31.992
440.0,25.994
440.1,23.994
440.2,24.994
440.3,23.994
440.4,25.994
440.5,23.994
440.6,24.994
440.7,19.995
440.8,16.996
440.9,17.995
441.0,16.996
441.1,17.995
441.2,14.996
441.3,13.997
441.4,11.997
441.5,10.997
441.6,11.997
441.7,7.998
441.8,7.998
441.9,5.998
442.0,7.998
442.1,2.999
442.2,2.0
442.3,2.0
442.4,4.999
442.5,2.999
442.6,-1.0
442.7,0.0
442.8,0.0
442.9,-1.0
443.0,-5.998
443.1,-5.998
443.2,-10.997
443.3,-6.998
443.4,-11.997
443.5,-9.998
443.6,-10.997
443.7,-11.997
443.8,-10.997
443.9,-13.997
444.0,-16.996
444.1,-13.997
444.2,-13.997
444.3,-16.996
444.4,-16.996
444.5,-20.995
444.6,-18.995
444.7,-18.995
444.8,-18.995
444.9,-19.995
445.0,-19.995
445.1,-20.995
445.2,-22.994
445.3,-24.994
445.4,-22.994
445.5,-19.995
445.6,-24.994
445.7,-26.993
445.8,-25.994
445.9,-20.995
446.0,-24.994
446.1,-23.994
446.2,-26.993
446.3,-25.994
446.4,-31.992
446.5,-28.993
446.6,-27.993
446.7,-30.992
446.8,-27.993
446.9,-26.993
447.0,-27.993
447.1,-32.992
447.2,-31.992
447.3,-30.992
447.4,-32.992
447.5,-30.992
447.6,-32.992
447.7,-32.992
447.8,-31.992
447.9,-28.993
448.0,-33.992
448.1,-31.992
448.2,-31.992
448.3,-28.993
448.4,-28.993
448.5,-28.993
448.6,-31.992
448.7,-30.992
448.8,-31.992
448.9,-28.993
449.0,-27.993
449.1,-27.993
449.2,-25.994
449.3,-23.994
449.4,-25.994
449.5,-23.994
449.6,-20.995
449.7,-25.994
449.8,-25.994
449.9,-20.995
450.0,-23.994
450.1,-18.995
450.2,-20.995
450.3,-17.995
450.4,-15.996
450.5,-16.996
450.6,-16.996
450.7,-13.997
450.8,-10.997
450.9,-10.997
451.0,-9.998
451.1,-9.998
451.2,-9.998
451.3,-8.998
451.4,-7.998
451.5,-6.998
451.6,-5.998
451.7,-1.0
451.8,-1.0
451.9,1.0
452.0,-2.0
452.1,1.0
452.2,4.999
452.3,4.999
452.4,6.998
452.5,7.998
452.6,7.998
452.7,8.998
452.8,6.998
452.9,9.998
453.0,10.997
453.1,10.997
453.2,11.997
453.3,11.997
453.4,17.995
453.5,16.996
453.6,20.995
453.7,16.996
453.8,18.995
453.9,18.995
454.0,20.995
454.1,17.995
454.2,20.995
454.3,19.995
454.4,20.995
454.5,24.994
454.6,23.994
454.7,22.994
454.8,27.993
454.9,25.994
455.0,25.994
455.1,25.994
455.2,28.993
455.3,31.992
455.4,28.993
455.5,27.993
455.6,25.994
455.7,27.993
455.8,30.992
455.9,26.993
456.0,26.993
456.1,27.993
456.2,32.992
456.3,32.992
456.4,32.992
456.5,31.992
456.6,32.992
456.7,33.992
456.8,33.992
456.9,33.992
457.0,32.992
457.1,35.991
457.2,35.991
457.3,34.991
457.4,34.991
457.5,37.991
457.6,33.992
457.7,39.99
457.8,36.991
457.9,34.991
458.0,36.991
458.1,34.991
458.2,37.991
458.3,32.992
458.4,35.991
458.5,34.991
458.6,32.992
458.7,35.991
458.8,34.991
458.9,36.991
459.0,35.991
459.1,30.992
459.2,30.992
459.3,30.992
459.4,30.992
459.5,28.993
459.6,31.992
459.7,28.993
459.8,28.993
459.9,28.993
460.0,25.994
460.1,24.994
460.2,25.994
460.3,22.994
460.4,23.994
460.5,26.993
460.6,19.995
460.7,16.996
460.8,20.995
460.9,16.996
461.0,15.996
461.1,15.996
461.2,17.995
461.3,13.997
461.4,9.998
461.5,11.997
461.6,10.997
461.7,9.998
461.8,8.998
461.9,8.998
462.0,4.999
462.1,4.999
462.2,2.999
462.3,2.999
462.4,0.0
462.5,4.999
462.6,-4.999
462.7,-1.0
462.8,-1.0
462.9,-1.0
463.0,0.0
463.1,-2.0
463.2,-5.998
463.3,-6.998
463.4,-7.998
463.5,-10.997
463.6,-11.997
463.7,-14.996
463.8,-11.997
463.9,-13.997
464.0,-11.997
464.1,-13.997
464.2,-10.997
464.3,-16.996
464.4,-17.995
464.5,-17.995
464.6,-17.995
464.7,-20.995
464.8,-17.995
464.9,-20.995
465.0,-19.995
465.1,-20.995
465.2,-20.995
465.3,-22.994
465.4,-24.994
465.5,-22.994
465.6,-25.994
465.7,-20.995
465.8,-22.994
465.9,-25.994
466.0,-24.994
466.1,-24.994
466.2,-23.994
466.3,-28.993
466.4,-31.992
466.5,-28.993
466.6,-33.992
466.7,-27.993
466.8,-25.994
466.9,-30.992
467.0,-32.992
467.1,-30.992
467.2,-32.992
467.3,-27.993
467.4,-33.992
467.5,-30.992
467.6,-33.992
467.7,-31.992
467.8,-28.993
467.9,-30.992
468.0,-33.992
468.1,-33.992
468.2,-31.992
468.3,-33.992
468.4,-30.992
468.5,-33.992
468.6,-28.993
468.7,-25.994
468.8,-30.992
468.9,-26.993
469.0,-27.993
469.1,-31.992
469.2,-27.993
469.3,-26.993
469.4,-24.994
469.5,-26.993
469.6,-22.994
469.7,-23.994
469.8,-22.994
469.9,-23.994
470.0,-22.994
470.1,-18.995
470.2,-19.995
470.3,-19.995
470.4,-18.995
470.5,-18.995
470.6,-16.996
470.7,-11.997
470.8,-14.996
470.9,-15.996
471.0,-9.998
471.1,-7.998
471.2,-10.997
471.3,-10.997
471.4,-4.999
471.5,-6.998
471.6,-2.999
471.7,-2.999
471.8,-2.0
471.9,0.0
472.0,0.0
472.1,1.0
472.2,4.999
472.3,2.999
472.4,6.998
472.5,7.998
472.6,4.999
472.7,11.997
472.8,7.998
472.9,6.998
473.0,9.998
473.1,8.998
473.2,11.997
473.3,14.996
473.4,14.996
473.5,19.995
473.6,16.996
473.7,19.995
473.8,19.995
473.9,22.994
474.0,20.995
474.1,20.995
474.2,20.995
474.3,25.994
474.4,19.995
474.5,24.994
474.6,24.994
474.7,23.994
474.8,26.993
474.9,27.993
475.0,25.994
475.1,28.993
475.2,33.992
475.3,28.993
475.4,30.992
475.5,30.992
475.6,30.992
475.7,25.994
475.8,31.992
475.9,30.992
476.0,30.992
476.1,31.992
476.2,32.992
476.3,34.991
476.4,33.992
476.5,34.991
476.6,33.992
476.7,32.992
476.8,33.992
476.9,34.991
477.0,36.991
477.1,30.992
477.2,32.992
477.3,31.992
477.4,36.991
477.5,32.992
477.6,37.991
477.7,37.991
477.8,36.991
477.9,33.992
478.0,37.991
478.1,34.991
478.2,37.991
478.3,33.992
478.4,33.992
478.5,31.992
478.6,32.992
478.7,34.991
478.8,33.992
478.9,34.991
479.0,32.992
479.1,28.993
479.2,32.992
479.3,30.992
479.4,33.992
479.5,28.993
479.6,27.993
479.7,28.993
479.8,26.993
479.9,25.994
480.0,26.993
480.1,27.993
480.2,26.993
480.3,24.994
480.4,18.995
480.5,20.995
480.6,18.995
480.7,20.995
480.8,17.995
480.9,19.995
481.0,14.996
481.1,15.996
481.2,14.996
481.3,13.997
481.4,8.998
481.5,13.997
481.6,9.998
481.7,6.998
481.8,7.998
481.9,5.998
482.0,4.999
482.1,5.998
482.2,1.0
482.3,0.0
482.4,2.999
482.5,-2.0
482.6,0.0
482.7,-2.0
482.8,-2.0
482.9,-5.998
483.0,-5.998
483.1,-9.998
483.2,-9.998
483.3,-11.997
483.4,-10.997
483.5,-11.997
483.6,-16.996
483.7,-13.997
483.8,-14.996
483.9,-17.995
484.0,-15.996
484.1,-18.995
484.2,-16.996
484.3,-17.995
484.4,-18.995
484.5,-16.996
484.6,-20.995
484.7,-25.994
484.8,-18.995
484.9,-22.994
485.0,-23.994
485.1,-25.994
485.2,-26.993
485.3,-23.994
485.4,-30.992
485.5,-25.994
485.6,-26.993
485.7,-25.994
485.8,-26.993
485.9,-27.993
486.0,-25.994
486.1,-26.993
486.2,-31.992
486.3,-30.992
486.4,-31.992
486.5,-32.992
486.6,-31.992
486.7,-30.992
486.8,-30.992
486.9,-27.993
487.0,-31.992
487.1,-27.993
487.2,-34.991
487.3,-34.991
487.4,-33.992
487.5,-34.991
487.6,-32.992
487.7,-33.992
487.8,-33.992
487.9,-33.992
488.0,-34.991
488.1,-32.992
488.2,-34.991
488.3,-30.992
488.4,-30.992
488.5,-32.992
488.6,-30.992
488.7,-28.993
488.8,-32.992
488.9,-30.992
489.0,-27.993
489.1,-31.992
489.2,-26.993
489.3,-26.993
489.4,-28.993
489.5,-26.993
489.6,-24.994
489.7,-25.994
489.8,-22.994
489.9,-20.995
490.0,-23.994
490.1,-19.995
490.2,-19.995
490.3,-18.995
490.4,-18.995
490.5,-16.996
490.6,-14.996
490.7,-13.997
490.8,-14.996
490.9,-11.997
491.0,-7.998
491.1,-7.998
491.2,-7.998
491.3,-5.998
491.4,-7.998
491.5,-2.999
491.6,-5.998
491.7,-2.999
491.8,0.0
491.9,-2.0
492.0,2.999
492.1,2.999
492.2,2.999
492.3,4.999
492.4,2.999
492.5,5.998
492.6,6.998
492.7,6.998
492.8,7.998
492.9,8.998
493.0,9.998
493.1,9.998
493.2,11.997
493.3,16.996
493.4,15.996
493.5,15.996
493.6,19.995
493.7,19.995
493.8,17.995
493.9,23.994
494.0,18.995
494.1,23.994
494.2,20.995
494.3,19.995
494.4,22.994
494.5,23.994
494.6,23.994
494.7,23.994
494.8,24.994
494.9,24.994
495.0,27.993
495.1,27.993
495.2,32.992
495.3,30.992
495.4,31.992
495.5,27.993
495.6,28.993
495.7,31.992
495.8,32.992
495.9,25.994
496.0,32.992
496.1,30.992
496.2,32.992
496.3,33.992
496.4,32.992
496.5,35.991
496.6,35.991
496.7,35.991
496.8,36.991
496.9,33.992
497.0,33.992
497.1,33.992
497.2,36.991
497.3,36.991
497.4,36.991
497.5,37.991
497.6,37.991
497.7,39.99
497.8,37.991
497.9,36.991
498.0,39.99
498.1,35.991
498.2,43.989
498.3,37.991
498.4,37.991
498.5,35.991
498.6,35.991
498.7,33.992
498.8,34.991
498.9,32.992
499.0,34.991
499.1,30.992
499.2,32.992
499.3,30.992
499.4,27.993
499.5,27.993
499.6,28.993
499.7,26.993
499.8,26.993
499.9,24.994
500.0,25.994
500.1,27.993
500.2,25.994
500.3,24.994
500.4,23.994
500.5,23.994
500.6,20.995
500.7,20.995
500.8,18.995
500.9,17.995
501.0,15.996
501.1,16.996
501.2,15.996
501.3,10.997
501.4,10.997
501.5,9.998
501.6,6.998
501.7,6.998
501.8,8.998
501.9,6.998
502.0,5.998
502.1,4.999
502.2,5.998
502.3,0.0
502.4,2.0
502.5,0.0
502.6,-1.0
502.7,-2.0
502.8,1.0
502.9,-2.999
503.0,-4.999
503.1,-6.998
503.2,-6.998
503.3,-8.998
503.4,-13.997
503.5,-10.997
503.6,-11.997
503.7,-10.997
503.8,-11.997
503.9,-16.996
504.0,-11.997
504.1,-16.996
504.2,-18.995
504.3,-17.995
504.4,-18.995
504.5,-18.995
504.6,-16.996
504.7,-19.995
504.8,-20.995
504.9,-22.994
505.0,-22.994
505.1,-19.995
505.2,-20.995
505.3,-24.994
505.4,-24.994
505.5,-19.995
505.6,-23.994
505.7,-23.994
505.8,-25.994
505.9,-23.994
506.0,-22.994
506.1,-26.993
506.2,-26.993
506.3,-25.994
506.4,-27.993
506.5,-31.992
506.6,-31.992
506.7,-31.992
506.8,-27.993
506.9,-28.993
507.0,-30.992
507.1,-36.991
507.2,-30.992
507.3,-32.992
507.4,-31.992
507.5,-30.992
507.6,-31.992
507.7,-30.992
507.8,-30.992
507.9,-32.992
508.0,-34.991
508.1,-32.992
508.2,-31.992
508.3,-33.992
508.4,-30.992
508.5,-26.993
508.6,-28.993
508.7,-28.993
508.8,-28.993
508.9,-30.992
509.0,-25.994
509.1,-27.993
509.2,-26.993
509.3,-30.992
509.4,-26.993
509.5,-27.993
509.6,-24.994
509.7,-24.994
509.8,-18.995
509.9,-25.994
510.0,-20.995
510.1,-18.995
510.2,-20.995
510.3,-16.996
510.4,-16.996
510.5,-19.995
510.6,-17.995
510.7,-14.996
510.8,-17.995
510.9,-13.997
511.0,-15.996
511.1,-13.997
511.2,-9.998
511.3,-9.998
511.4,-9.998
511.5,-6.998
511.6,-6.998
511.7,-5.998
511.8,-5.998
511.9,-5.998
512.0,-2.999
512.1,0.0
512.2,1.0
512.3,-1.0
512.4,-2.0
512.5,2.0
512.6,4.999
512.7,2.0
512.8,6.998
512.9,5.998
513.0,5.998
513.1,8.998
513.2,7.998
513.3,9.998
513.4,8.998
513.5,10.997
513.6,11.997
513.7,18.995
513.8,15.996
513.9,20.995
514.0,14.996
514.1,19.995
514.2,15.996
514.3,16.996
514.4,17.995
514.5,16.996
514.6,20.995
514.7,17.995
514.8,24.994
514.9,23.994
515.0,22.994
515.1,23.994
515.2,26.993
515.3,25.994
515.4,24.994
515.5,27.993
515.6,26.993
515.7,26.993
515.8,27.993
515.9,26.993
516.0,27.993
516.1,27.993
516.2,27.993
516.3,27.993
516.4,34.991
516.5,31.992
516.6,32.992
516.7,32.992
516.8,30.992
516.9,31.992
517.0,31.992
517.1,32.992
517.2,28.993
517.3,33.992
517.4,32.992
517.5,33.992
517.6,33.992
517.7,32.992
517.8,32.992
517.9,35.991
518.0,33.992
518.1,35.991
518.2,35.991
518.3,31.992
518.4,33.992
518.5,32.992
518.6,31.992
518.7,32.992
518.8,32.992
518.9,32.992
519.0,32.992
519.1,33.992
519.2,30.992
519.3,31.992
519.4,28.993
519.5,27.993
519.6,32.992
519.7,30.992
519.8,24.994
519.9,26.993
520.0,25.994
520.1,26.993
520.2,23.994
520.3,24.994
520.4,22.994
520.5,22.994
520.6,20.995
520.7,22.994
520.8,20.995
520.9,18.995
521.0,16.996
521.1,16.996
521.2,14.996
521.3,14.996
521.4,11.997
521.5,11.997
521.6,15.996
521.7,8.998
521.8,6.998
521.9,5.998
522.0,8.998
522.1,7.998
522.2,2.999
522.3,2.0
522.4,5.998
522.5,-1.0
522.6,1.0
522.7,0.0
522.8,2.0
522.9,1.0
523.0,1.0
523.1,-6.998
523.2,-2.999
523.3,-6.998
523.4,-5.998
523.5,-5.998
523.6,-8.998
523.7,-7.998
523.8,-11.997
523.9,-8.998
524.0,-15.996
524.1,-15.996
524.2,-11.997
524.3,-10.997
524.4,-15.996
524.5,-13.997
524.6,-16.996
524.7,-15.996
524.8,-17.995
524.9,-16.996
525.0,-15.996
525.1,-15.996
525.2,-17.995
525.3,-20.995
525.4,-22.994
525.5,-19.995
525.6,-18.995
525.7,-22.994
525.8,-20.995
525.9,-19.995
526.0,-20.995
526.1,-24.994
526.2,-25.994
526.3,-25.994
526.4,-25.994
526.5,-26.993
526.6,-27.993
526.7,-28.993
526.8,-26.993
526.9,-26.993
527.0,-27.993
527.1,-31.992
527.2,-31.992
527.3,-27.993
527.4,-26.993
527.5,-27.993
527.6,-30.992
527.7,-28.993
527.8,-30.992
527.9,-27.993
528.0,-31.992
528.1,-27.993
528.2,-31.992
528.3,-25.994
528.4,-31.992
528.5,-28.993
528.6,-27.993
528.7,-24.994
528.8,-26.993
528.9,-25.994
529.0,-30.992
529.1,-27.993
529.2,-25.994
529.3,-25.994
529.4,-27.993
529.5,-20.995
529.6,-24.994
529.7,-24.994
529.8,-22.994
529.9,-20.995
530.0,-24.994
530.1,-23.994
530.2,-19.995
530.3,-17.995
530.4,-19.995
530.5,-16.996
530.6,-15.996
530.7,-15.996
530.8,-13.997
530.9,-13.997
531.0,-9.998
531.1,-9.998
531.2,-6.998
531.3,-8.998
531.4,-9.998
531.5,-5.998
531.6,-4.999
531.7,-5.998
531.8,-2.0
531.9,-1.0
532.0,0.0
532.1,-1.0
532.2,2.999
532.3,5.998
532.4,4.999
532.5,6.998
532.6,5.998
532.7,6.998
532.8,10.997
532.9,8.998
533.0,9.998
533.1,9.998
533.2,10.997
533.3,14.996
533.4,11.997
533.5,14.996
533.6,16.996
533.7,16.996
533.8,17.995
533.9,20.995
534.0,20.995
534.1,18.995
534.2,22.994
534.3,22.994
534.4,19.995
534.5,19.995
534.6,23.994
534.7,22.994
534.8,25.994
534.9,26.993
535.0,23.994
535.1,26.993
535.2,26.993
535.3,30.992
535.4,24.994
535.5,27.993
535.6,24.994
535.7,28.993
535.8,28.993
535.9,30.992
536.0,28.993
536.1,30.992
536.2,31.992
536.3,33.992
536.4,32.992
536.5,31.992
536.6,35.991
536.7,32.992
536.8,33.992
536.9,35.991
537.0,36.991
537.1,32.992
537.2,34.991
537.3,32.992
537.4,34.991
537.5,32.992
537.6,35.991
537.7,33.992
537.8,33.992
537.9,34.991
538.0,36.991
538.1,34.991
538.2,35.991
538.3,39.99
538.4,34.991
538.5,33.992
538.6,34.991
538.7,32.992
538.8,31.992
538.9,30.992
539.0,32.992
539.1,28.993
539.2,28.993
539.3,32.992
539.4,30.992
539.5,30.992
539.6,27.993
539.7,27.993
539.8,22.994
539.9,27.993
540.0,26.993
540.1,24.994
540.2,20.995
540.3,20.995
540.4,20.995
540.5,18.995
540.6,22.994
540.7,16.996
540.8,18.995
540.9,17.995
541.0,13.997
541.1,14.996
541.2,11.997
541.3,14.996
541.4,6.998
541.5,9.998
541.6,9.998
541.7,6.998
541.8,5.998
541.9,8.998
542.0,5.998
542.1,4.999
542.2,2.999
542.3,-2.999
542.4,-2.0
542.5,0.0
542.6,-2.999
542.7,-4.999
542.8,-2.999
542.9,-5.998
543.0,-2.999
543.1,-6.998
543.2,-8.998
543.3,-8.998
543.4,-10.997
543.5,-8.998
543.6,-11.997
543.7,-8.998
543.8,-13.997
543.9,-14.996
544.0,-14.996
544.1,-14.996
544.2,-14.996
544.3,-13.997
544.4,-14.996
544.5,-16.996
544.6,-15.996
544.7,-16.996
544.8,-19.995
544.9,-14.996
545.0,-20.995
545.1,-20.995
545.2,-25.994
545.3,-20.995
545.4,-24.994
545.5,-24.994
545.6,-24.994
545.7,-22.994
545.8,-22.994
545.9,-24.994
546.0,-23.994
546.1,-25.994
546.2,-24.994
546.3,-26.993
546.4,-27.993
546.5,-30.992
546.6,-28.993
546.7,-30.992
546.8,-24.994
546.9,-28.993
547.0,-30.992
547.1,-31.992
547.2,-27.993
547.3,-32.992
547.4,-33.992
547.5,-31.992
547.6,-28.993
547.7,-32.992
547.8,-33.992
547.9,-31.992
548.0,-32.992
548.1,-28.993
548.2,-32.992
548.3,-32.992
548.4,-27.993
548.5,-26.993
548.6,-28.993
548.7,-26.993
548.8,-28.993
548.9,-26.993
549.0,-27.993
549.1,-27.993
549.2,-26.993
549.3,-30.992
549.4,-27.993
549.5,-26.993
549.6,-24.994
549.7,-23.994
549.8,-26.993
549.9,-20.995
550.0,-20.995
550.1,-20.995
550.2,-19.995
550.3,-17.995
550.4,-19.995
550.5,-18.995
550.6,-19.995
550.7,-15.996
550.8,-16.996
550.9,-11.997
551.0,-11.997
551.1,-11.997
551.2,-7.998
551.3,-7.998
551.4,-2.0
551.5,-7.998
551.6,-5.998
551.7,-2.0
551.8,-2.999
551.9,-1.0
552.0,1.0
552.1,-1.0
552.2,-1.0
552.3,-1.0
552.4,2.999
552.5,5.998
552.6,4.999
552.7,5.998
552.8,4.999
552.9,7.998
553.0,9.998
553.1,9.998
553.2,13.997
553.3,8.998
553.4,13.997
553.5,16.996
553.6,18.995
553.7,15.996
553.8,15.996
553.9,19.995
554.0,20.995
554.1,18.995
554.2,19.995
554.3,20.995
554.4,19.995
554.5,22.994
554.6,24.994
554.7,22.994
554.8,22.994
554.9,26.993
555.0,23.994
555.1,25.994
555.2,24.994
555.3,25.994
555.4,25.994
555.5,26.993
555.6,33.992
555.7,26.993
555.8,27.993
555.9,27.993
556.0,27.993
556.1,28.993
556.2,28.993
556.3,31.992
556.4,31.992
556.5,30.992
556.6,33.992
556.7,33.992
556.8,35.991
556.9,36.991
557.0,34.991
557.1,35.991
557.2,37.991
557.3,33.992
557.4,33.992
557.5,34.991
557.6,34.991
557.7,32.992
557.8,35.991
557.9,36.991
558.0,39.99
558.1,34.991
558.2,35.991
558.3,37.991
558.4,32.992
558.5,33.992
558.6,32.992
558.7,31.992
558.8,32.992
558.9,31.992
559.0,31.992
559.1,32.992
559.2,31.992
559.3,27.993
559.4,28.993
559.5,28.993
559.6,30.992
559.7,24.994
559.8,23.994
559.9,25.994
560.0,25.994
560.1,24.994
560.2,20.995
560.3,20.995
560.4,22.994
560.5,23.994
560.6,19.995
560.7,17.995
560.8,18.995
560.9,18.995
561.0,16.996
561.1,15.996
561.2,13.997
561.3,11.997
561.4,9.998
561.5,8.998
561.6,6.998
561.7,7.998
561.8,7.998
561.9,5.998
562.0,2.999
562.1,4.999
562.2,2.0
562.3,1.0
562.4,-2.0
562.5,-1.0
562.6,-2.0
562.7,-4.999
562.8,-7.998
562.9,-5.998
563.0,-8.998
563.1,-5.998
563.2,-9.998
563.3,-8.998
563.4,-10.997
563.5,-10.997
563.6,-14.996
563.7,-13.997
563.8,-14.996
563.9,-10.997
564.0,-16.996
564.1,-18.995
564.2,-16.996
564.3,-18.995
564.4,-18.995
564.5,-17.995
564.6,-22.994
564.7,-17.995
564.8,-20.995
564.9,-18.995
565.0,-22.994
565.1,-25.994
565.2,-25.994
565.3,-26.993
565.4,-24.994
565.5,-26.993
565.6,-27.993
565.7,-25.994
565.8,-26.993
565.9,-25.994
566.0,-27.993
566.1,-25.994
566.2,-28.993
566.3,-27.993
566.4,-30.992
566.5,-28.993
566.6,-27.993
566.7,-27.993
566.8,-34.991
566.9,-31.992
567.0,-32.992
567.1,-27.993
567.2,-33.992
567.3,-30.992
567.4,-36.991
567.5,-36.991
567.6,-33.992
567.7,-33.992
567.8,-31.992
567.9,-31.992
568.0,-33.992
568.1,-33.992
568.2,-35.991
568.3,-31.992
568.4,-33.992
568.5,-33.992
568.6,-30.992
568.7,-26.993
568.8,-28.993
568.9,-25.994
569.0,-32.992
569.1,-26.993
569.2,-30.992
569.3,-28.993
569.4,-25.994
569.5,-26.993
569.6,-20.995
569.7,-27.993
569.8,-22.994
569.9,-18.995
570.0,-20.995
570.1,-22.994
570.2,-22.994
570.3,-20.995
570.4,-18.995
570.5,-14.996
570.6,-13.997
570.7,-15.996
570.8,-14.996
570.9,-11.997
571.0,-11.997
571.1,-11.997
571.2,-7.998
571.3,-6.998
571.4,-6.998
571.5,-4.999
571.6,-2.0
571.7,-2.999
571.8,0.0
571.9,-2.0
572.0,2.999
572.1,5.998
572.2,4.999
572.3,5.998
572.4,2.999
572.5,6.998
572.6,5.998
572.7,9.998
572.8,10.997
572.9,10.997
573.0,11.997
573.1,17.995
573.2,11.997
573.3,13.997
573.4,15.996
573.5,17.995
573.6,18.995
573.7,17.995
573.8,18.995
573.9,19.995
574.0,23.994
574.1,19.995
574.2,23.994
574.3,25.994
574.4,23.994
574.5,23.994
574.6,25.994
574.7,25.994
574.8,28.993
574.9,23.994
575.0,27.993
575.1,31.992
575.2,30.992
575.3,27.993
575.4,27.993
575.5,31.992
575.6,30.992
575.7,31.992
575.8,32.992
575.9,31.992
576.0,30.992
576.1,31.992
576.2,36.991
576.3,32.992
576.4,35.991
576.5,32.992
576.6,33.992
576.7,37.991
576.8,33.992
576.9,36.991
577.0,37.991
577.1,37.991
577.2,36.991
577.3,35.991
577.4,36.991
577.5,34.991
577.6,36.991
577.7,36.991
577.8,36.991
577.9,37.991
578.0,34.991
578.1,40.99
578.2,39.99
578.3,33.992
578.4,37.991
578.5,33.992
578.6,33.992
578.7,30.992
578.8,31.992
578.9,32.992
579.0,32.992
579.1,31.992
579.2,31.992
579.3,30.992
579.4,30.992
579.5,30.992
579.6,27.993
579.7,30.992
579.8,25.994
579.9,27.993
580.0,26.993
580.1,24.994
580.2,26.993
580.3,25.994
580.4,20.995
580.5,23.994
580.6,19.995
580.7,20.995
580.8,19.995
580.9,19.995
581.0,15.996
581.1,13.997
581.2,13.997
581.3,9.998
581.4,7.998
581.5,8.998
581.6,9.998
581.7,10.997
581.8,2.0
581.9,5.998
582.0,2.999
582.1,2.999
582.2,2.999
582.3,-1.0
582.4,-2.999
582.5,0.0
582.6,1.0
582.7,-2.999
582.8,-4.999
582.9,-4.999
583.0,-6.998
583.1,-9.998
583.2,-6.998
583.3,-11.997
583.4,-13.997
583.5,-8.998
583.6,-15.996
583.7,-13.997
583.8,-11.997
583.9,-15.996
584.0,-15.996
584.1,-18.995
584.2,-20.995
584.3,-19.995
584.4,-20.995
584.5,-17.995
584.6,-22.994
584.7,-22.994
584.8,-23.994
584.9,-22.994
585.0,-20.995
585.1,-20.995
585.2,-22.994
585.3,-23.994
585.4,-27.993
585.5,-27.993
585.6,-25.994
585.7,-25.994
585.8,-26.993
585.9,-24.994
586.0,-27.993
586.1,-28.993
586.2,-27.993
586.3,-27.993
586.4,-24.994
586.5,-30.992
586.6,-27.993
586.7,-27.993
586.8,-31.992
586.9,-32.992
587.0,-34.991
587.1,-32.992
587.2,-32.992
587.3,-31.992
587.4,-27.993
587.5,-30.992
587.6,-30.992
587.7,-31.992
587.8,-32.992
587.9,-33.992
588.0,-36.991
588.1,-34.991
588.2,-32.992
588.3,-28.993
588.4,-31.992
588.5,-31.992
588.6,-31.992
588.7,-30.992
588.8,-31.992
588.9,-27.993
589.0,-27.993
589.1,-27.993
589.2,-30.992
589.3,-26.993
589.4,-26.993
589.5,-27.993
589.6,-24.994
589.7,-23.994
589.8,-24.994
589.9,-22.994
590.0,-23.994
590.1,-20.995
590.2,-18.995
590.3,-17.995
590.4,-17.995
590.5,-19.995
590.6,-14.996
590.7,-10.997
590.8,-10.997
590.9,-11.997
591.0,-11.997
591.1,-13.997
591.2,-7.998
591.3,-6.998
591.4,-4.999
591.5,-2.0
591.6,-4.999
591.7,-6.998
591.8,-2.0
591.9,-1.0
592.0,-2.0
592.1,0.0
592.2,0.0
592.3,-1.0
592.4,2.999
592.5,2.0
592.6,7.998
592.7,8.998
592.8,8.998
592.9,10.997
593.0,13.997
593.1,6.998
593.2,9.998
593.3,15.996
593.4,8.998
593.5,14.996
593.6,14.996
593.7,18.995
593.8,15.996
593.9,17.995
594.0,17.995
594.1,22.994
594.2,18.995
594.3,23.994
594.4,20.995
594.5,22.994
594.6,23.994
594.7,26.993
594.8,23.994
594.9,24.994
595.0,24.994
595.1,24.994
595.2,25.994
595.3,24.994
595.4,27.993
595.5,27.993
595.6,28.993
595.7,26.993
595.8,31.992
595.9,33.992
596.0,30.992
596.1,32.992
596.2,30.992
596.3,28.993
596.4,32.992
596.5,31.992
596.6,32.992
596.7,34.991
596.8,33.992
596.9,33.992
597.0,34.991
597.1,35.991
597.2,33.992
597.3,35.991
597.4,36.991
597.5,34.991
597.6,34.991
597.7,35.991
597.8,33.992
597.9,33.992
598.0,35.991
598.1,39.99
598.2,34.991
598.3,34.991
598.4,37.991
598.5,37.991
598.6,31.992
598.7,33.992
598.8,30.992
598.9,28.993
599.0,34.991
599.1,34.991
599.2,28.993
599.3,33.992
599.4,32.992
599.5,32.992
599.6,32.992
599.7,26.993
599.8,23.994
599.9,25.994
600.0,23.994
600.1,24.994
600.2,23.994
600.3,24.994
600.4,20.995
600.5,22.994
600.6,22.994
600.7,19.995
600.8,18.995
600.9,17.995
601.0,16.996
601.1,19.995
601.2,13.997
601.3,13.997
601.4,11.997
601.5,8.998
601.6,9.998
601.7,8.998
601.8,7.998
601.9,6.998
602.0,4.999
602.1,6.998
602.2,5.998
602.3,2.0
602.4,1.0
602.5,0.0
602.6,-1.0
602.7,-2.0
602.8,-2.999
602.9,-5.998
603.0,-5.998
603.1,-8.998
603.2,-6.998
603.3,-9.998
603.4,-4.999
603.5,-7.998
603.6,-7.998
603.7,-10.997
603.8,-13.997
603.9,-15.996
604.0,-15.996
604.1,-15.996
604.2,-17.995
604.3,-14.996
604.4,-16.996
604.5,-17.995
604.6,-18.995
604.7,-17.995
604.8,-19.995
604.9,-20.995
605.0,-17.995
605.1,-18.995
605.2,-19.995
605.3,-19.995
605.4,-24.994
605.5,-23.994
605.6,-24.994
605.7,-25.994
605.8,-25.994
605.9,-26.993
606.0,-25.994
606.1,-24.994
606.2,-23.994
606.3,-26.993
606.4,-25.994
606.5,-27.993
606.6,-28.993
606.7,-26.993
606.8,-31.992
606.9,-32.992
607.0,-30.992
607.1,-30.992
607.2,-27.993
607.3,-31.992
607.4,-28.993
607.5,-32.992
607.6,-32.992
607.7,-30.992
607.8,-30.992
607.9,-32.992
608.0,-27.993
608.1,-32.992
608.2,-31.992
608.3,-32.992
608.4,-30.992
608.5,-30.992
608.6,-31.992
608.7,-27.993
608.8,-28.993
608.9,-25.994
609.0,-30.992
609.1,-27.993
609.2,-26.993
609.3,-28.993
609.4,-27.993
609.5,-24.994
609.6,-22.994
609.7,-24.994
609.8,-20.995
609.9,-20.995
610.0,-24.994
610.1,-19.995
610.2,-20.995
610.3,-17.995
610.4,-16.996
610.5,-18.995
610.6,-16.996
610.7,-15.996
610.8,-14.996
610.9,-11.997
611.0,-10.997
611.1,-14.996
611.2,-9.998
611.3,-10.997
611.4,-8.998
611.5,-6.998
611.6,-6.998
611.7,-2.0
611.8,-2.999
611.9,1.0
612.0,-2.999
612.1,-2.0
612.2,1.0
612.3,2.999
612.4,2.0
612.5,2.0
612.6,2.0
612.7,7.998
612.8,8.998
612.9,7.998
613.0,8.998
613.1,14.996
613.2,11.997
613.3,9.998
613.4,13.997
613.5,13.997
613.6,14.996
613.7,14.996
613.8,14.996
613.9,17.995
614.0,20.995
614.1,18.995
614.2,17.995
614.3,22.994
614.4,19.995
614.5,25.994
614.6,20.995
614.7,22.994
614.8,22.994
614.9,23.994
615.0,24.994
615.1,22.994
615.2,25.994
615.3,24.994
615.4,24.994
615.5,26.993
615.6,26.993
615.7,30.992
615.8,25.994
615.9,27.993
616.0,32.992
616.1,28.993
616.2,33.992
616.3,31.992
616.4,30.992
616.5,28.993
616.6,32.992
616.7,32.992
616.8,35.991
616.9,33.992
617.0,32.992
617.1,34.991
617.2,32.992
617.3,34.991
617.4,35.991
617.5,33.992
617.6,33.992
617.7,34.991
617.8,32.992
617.9,34.991
618.0,32.992
618.1,33.992
618.2,34.991
618.3,37.991
618.4,35.991
618.5,34.991
618.6,35.991
618.7,31.992
618.8,33.992
618.9,30.992
619.0,33.992
619.1,27.993
619.2,32.992
619.3,28.993
619.4,30.992
619.5,26.993
619.6,26.993
619.7,26.993
619.8,28.993
619.9,23.994
620.0,26.993
620.1,25.994
620.2,22.994
620.3,23.994
620.4,25.994
620.5,19.995
620.6,19.995
620.7,19.995
620.8,18.995
620.9,19.995
621.0,19.995
621.1,16.996
621.2,15.996
621.3,13.997
621.4,13.997
621.5,7.998
621.6,13.997
621.7,9.998
621.8,5.998
621.9,8.998
622.0,11.997
622.1,5.998
622.2,6.998
622.3,2.0
622.4,2.0
622.5,2.0
622.6,-1.0
622.7,2.0
622.8,-2.0
622.9,-2.0
623.0,-2.0
623.1,-8.998
623.2,-6.998
623.3,-5.998
623.4,-8.998
623.5,-10.997
623.6,-4.999
623.7,-10.997
623.8,-9.998
623.9,-11.997
624.0,-11.997
624.1,-10.997
624.2,-17.995
624.3,-13.997
624.4,-15.996
624.5,-13.997
624.6,-16.996
624.7,-15.996
624.8,-14.996
624.9,-15.996
625.0,-17.995
625.1,-19.995
625.2,-22.994
625.3,-19.995
625.4,-19.995
625.5,-20.995
625.6,-20.995
625.7,-23.994
625.8,-23.994
625.9,-20.995
626.0,-25.994
626.1,-23.994
626.2,-25.994
626.3,-23.994
626.4,-25.994
626.5,-26.993
626.6,-27.993
626.7,-27.993
626.8,-27.993
626.9,-26.993
627.0,-30.992
627.1,-31.992
627.2,-33.992
627.3,-31.992
627.4,-32.992
627.5,-31.992
627.6,-28.993
627.7,-32.992
627.8,-28.993
627.9,-30.992
628.0,-27.993
628.1,-31.992
628.2,-31.992
628.3,-30.992
628.4,-27.993
628.5,-33.992
628.6,-28.993
628.7,-28.993
628.8,-25.994
628.9,-24.994
629.0,-28.993
629.1,-24.994
629.2,-27.993
629.3,-25.994
629.4,-25.994
629.5,-22.994
629.6,-22.994
629.7,-23.994
629.8,-24.994
629.9,-19.995
630.0,-20.995
630.1,-18.995
630.2,-20.995
630.3,-14.996
630.4,-18.995
630.5,-16.996
630.6,-17.995
630.7,-14.996
630.8,-15.996
630.9,-13.997
631.0,-10.997
631.1,-11.997
631.2,-11.997
631.3,-9.998
631.4,-6.998
631.5,-7.998
631.6,-4.999
631.7,-4.999
631.8,-1.0
631.9,-1.0
632.0,-1.0
632.1,1.0
632.2,2.999
632.3,0.0
632.4,2.0
632.5,0.0
632.6,6.998
632.7,8.998
632.8,8.998
632.9,8.998
633.0,8.998
633.1,9.998
633.2,11.997
633.3,15.996
633.4,14.996
633.5,14.996
633.6,16.996
633.7,15.996
633.8,19.995
633.9,18.995
634.0,16.996
634.1,20.995
634.2,18.995
634.3,19.995
634.4,23.994
634.5,20.995
634.6,23.994
634.7,25.994
634.8,24.994
634.9,20.995
635.0,23.994
635.1,26.993
635.2,26.993
635.3,27.993
635.4,30.992
635.5,26.993
635.6,28.993
635.7,28.993
635.8,27.993
635.9,28.993
636.0,30.992
636.1,33.992
636.2,33.992
636.3,32.992
636.4,31.992
636.5,30.992
636.6,33.992
636.7,27.993
636.8,36.991
636.9,34.991
637.0,34.991
637.1,32.992
637.2,34.991
637.3,33.992
637.4,32.992
637.5,34.991
637.6,34.991
637.7,39.99
637.8,35.991
637.9,33.992
638.0,37.991
638.1,32.992
638.2,35.991
638.3,36.991
638.4,36.991
638.5,34.991
638.6,35.991
638.7,35.991
638.8,33.992
638.9,33.992
639.0,30.992
639.1,32.992
639.2,30.992
639.3,27.993
639.4,28.993
639.5,32.992
639.6,26.993
639.7,26.993
639.8,25.994
639.9,26.993
640.0,26.993
640.1,23.994
640.2,23.994
640.3,20.995
640.4,22.994
640.5,23.994
640.6,20.995
640.7,16.996
640.8,14.996
640.9,13.997
641.0,14.996
641.1,15.996
641.2,11.997
641.3,11.997
641.4,8.998
641.5,11.997
641.6,6.998
641.7,8.998
641.8,6.998
641.9,0.0
642.0,1.0
642.1,2.0
642.2,2.0
642.3,1.0
642.4,4.999
642.5,-2.0
642.6,-4.999
642.7,0.0
642.8,-4.999
642.9,-7.998
643.0,-7.998
643.1,-9.998
643.2,-9.998
643.3,-7.998
643.4,-9.998
643.5,-9.998
643.6,-13.997
643.7,-11.997
643.8,-14.996
643.9,-15.996
644.0,-16.996
644.1,-18.995
644.2,-15.996
644.3,-15.996
644.4,-17.995
644.5,-18.995
644.6,-15.996
644.7,-23.994
644.8,-23.994
644.9,-22.994
645.0,-23.994
645.1,-23.994
645.2,-22.994
645.3,-18.995
645.4,-20.995
645.5,-25.994
645.6,-23.994
645.7,-27.993
645.8,-25.994
645.9,-26.993
646.0,-25.994
646.1,-24.994
646.2,-27.993
646.3,-28.993
646.4,-27.993
646.5,-25.994
646.6,-27.993
646.7,-27.993
646.8,-30.992
646.9,-30.992
647.0,-31.992
647.1,-33.992
647.2,-31.992
647.3,-30.992
647.4,-31.992
647.5,-32.992
647.6,-32.992
647.7,-34.991
647.8,-33.992
647.9,-31.992
648.0,-31.992
648.1,-32.992
648.2,-32.992
648.3,-30.992
648.4,-33.992
648.5,-32.992
648.6,-32.992
648.7,-31.992
648.8,-26.993
648.9,-28.993
649.0,-23.994
649.1,-26.993
649.2,-22.994
649.3,-26.993
649.4,-24.994
649.5,-24.994
649.6,-22.994
649.7,-24.994
649.8,-24.994
649.9,-22.994
650.0,-20.995
650.1,-22.994
650.2,-17.995
650.3,-17.995
650.4,-16.996
650.5,-16.996
650.6,-18.995
650.7,-16.996
650.8,-14.996
650.9,-8.998
651.0,-11.997
651.1,-9.998
651.2,-10.997
651.3,-6.998
651.4,-6.998
651.5,-4.999
651.6,-2.999
651.7,-2.999
651.8,0.0
651.9,2.0
652.0,0.0
652.1,1.0
652.2,2.0
652.3,4.999
652.4,5.998
652.5,5.998
652.6,6.998
652.7,9.998
652.8,5.998
652.9,8.998
653.0,13.997
653.1,14.996
653.2,14.996
653.3,18.995
653.4,14.996
653.5,17.995
653.6,16.996
653.7,17.995
653.8,17.995
653.9,18.995
654.0,20.995
654.1,22.994
654.2,22.994
654.3,20.995
654.4,23.994
654.5,24.994
654.6,23.994
654.7,26.993
654.8,24.994
654.9,26.993
655.0,24.994
655.1,28.993
655.2,28.993
655.3,28.993
655.4,30.992
655.5,26.993
655.6,30.992
655.7,31.992
655.8,31.992
655.9,31.992
656.0,33.992
656.1,32.992
656.2,35.991
656.3,35.991
656.4,33.992
656.5,34.991
656.6,35.991
656.7,35.991
656.8,32.992
656.9,33.992
657.0,35.991
657.1,33.992
657.2,35.991
657.3,39.99
657.4,37.991
657.5,37.991
657.6,39.99
657.7,33.992
657.8,39.99
657.9,37.991
658.0,37.991
658.1,34.991
658.2,34.991
658.3,35.991
658.4,34.991
658.5,35.991
658.6,35.991
658.7,34.991
658.8,35.991
658.9,32.992
659.0,31.992
659.1,31.992
659.2,30.992
659.3,28.993
659.4,32.992
659.5,30.992
659.6,26.993
659.7,30.992
659.8,26.993
659.9,24.994
660.0,27.993
660.1,28.993
660.2,22.994
660.3,24.994
660.4,19.995
660.5,20.995
660.6,18.995
660.7,19.995
660.8,17.995
660.9,17.995
661.0,16.996
661.1,13.997
661.2,16.996
661.3,13.997
661.4,11.997
661.5,13.997
661.6,9.998
661.7,6.998
661.8,5.998
661.9,4.999
662.0,2.999
662.1,1.0
662.2,1.0
662.3,1.0
662.4,0.0
662.5,2.0
662.6,-2.0
662.7,-2.0
662.8,-4.999
662.9,-2.0
663.0,-7.998
663.1,-6.998
663.2,-8.998
663.3,-7.998
663.4,-9.998
663.5,-14.996
663.6,-11.997
663.7,-13.997
663.8,-11.997
663.9,-15.996
664.0,-16.996
664.1,-15.996
664.2,-17.995
664.3,-17.995
664.4,-17.995
664.5,-20.995
664.6,-18.995
664.7,-23.994
664.8,-22.994
664.9,-25.994
665.0,-23.994
665.1,-22.994
665.2,-22.994
665.3,-24.994
665.4,-24.994
665.5,-23.994
665.6,-26.993
665.7,-24.994
665.8,-28.993
665.9,-27.993
666.0,-27.993
666.1,-28.993
666.2,-30.992
666.3,-25.994
666.4,-25.994
666.5,-26.993
666.6,-28.993
666.7,-30.992
666.8,-31.992
666.9,-30.992
667.0,-30.992
667.1,-32.992
667.2,-32.992
667.3,-31.992
667.4,-32.992
667.5,-33.992
667.6,-30.992
667.7,-31.992
667.8,-34.991
667.9,-32.992
668.0,-30.992
668.1,-30.992
668.2,-28.993
668.3,-27.993
668.4,-32.992
668.5,-34.991
668.6,-31.992
668.7,-32.992
668.8,-30.992
668.9,-28.993
669.0,-30.992
669.1,-24.994
669.2,-25.994
669.3,-28.993
669.4,-27.993
669.5,-23.994
669.6,-26.993
669.7,-23.994
669.8,-30.992
669.9,-23.994
670.0,-20.995
670.1,-22.994
670.2,-19.995
670.3,-18.995
670.4,-16.996
670.5,-15.996
670.6,-16.996
670.7,-10.997
670.8,-14.996
670.9,-10.997
671.0,-9.998
671.1,-9.998
671.2,-7.998
671.3,-8.998
671.4,-8.998
671.5,-4.999
671.6,-4.999
671.7,-2.0
671.8,0.0
671.9,0.0
672.0,0.0
672.1,2.0
672.2,4.999
672.3,1.0
672.4,4.999
672.5,5.998
672.6,4.999
672.7,2.0
672.8,7.998
672.9,7.998
673.0,8.998
673.1,11.997
673.2,14.996
673.3,16.996
673.4,17.995
673.5,13.997
673.6,18.995
673.7,15.996
673.8,18.995
673.9,19.995
674.0,23.994
674.1,19.995
674.2,20.995
674.3,18.995
674.4,20.995
674.5,25.994
674.6,19.995
674.7,24.994
674.8,22.994
674.9,22.994
675.0,30.992
675.1,24.994
675.2,26.993
675.3,26.993
675.4,26.993
675.5,28.993
675.6,28.993
675.7,26.993
675.8,28.993
675.9,27.993
676.0,27.993
676.1,30.992
676.2,28.993
676.3,35.991
676.4,30.992
676.5,33.992
676.6,31.992
676.7,31.992
676.8,32.992
676.9,33.992
677.0,34.991
677.1,35.991
677.2,32.992
677.3,34.991
677.4,34.991
677.5,33.992
677.6,34.991
677.7,35.991
677.8,35.991
677.9,34.991
678.0,36.991
678.1,36.991
678.2,35.991
678.3,33.992
678.4,31.992
678.5,33.992
678.6,33.992
678.7,33.992
678.8,33.992
678.9,31.992
679.0,34.991
679.1,31.992
679.2,31.992
679.3,28.993
679.4,26.993
679.5,30.992
679.6,30.992
679.7,25.994
679.8,26.993
679.9,26.993
680.0,25.994
680.1,26.993
680.2,24.994
680.3,23.994
680.4,20.995
680.5,20.995
680.6,18.995
680.7,17.995
680.8,17.995
680.9,17.995
681.0,15.996
681.1,16.996
681.2,15.996
681.3,11.997
681.4,14.996
681.5,7.998
681.6,13.997
681.7,7.998
681.8,8.998
681.9,5.998
682.0,2.999
682.1,2.999
682.2,6.998
682.3,2.0
682.4,2.0
682.5,-1.0
682.6,-1.0
682.7,-2.999
682.8,1.0
682.9,-1.0
683.0,-2.999
683.1,-6.998
683.2,-4.999
683.3,-7.998
683.4,-8.998
683.5,-13.997
683.6,-11.997
683.7,-13.997
683.8,-13.997
683.9,-8.998
684.0,-10.997
684.1,-13.997
684.2,-13.997
684.3,-13.997
684.4,-16.996
684.5,-19.995
684.6,-22.994
684.7,-19.995
684.8,-20.995
684.9,-19.995
685.0,-19.995
685.1,-16.996
685.2,-19.995
685.3,-24.994
685.4,-23.994
685.5,-22.994
685.6,-24.994
685.7,-22.994
685.8,-26.993
685.9,-26.993
686.0,-25.994
686.1,-24.994
686.2,-28.993
686.3,-26.993
686.4,-25.994
686.5,-25.994
686.6,-30.992
686.7,-26.993
686.8,-28.993
686.9,-27.993
687.0,-30.992
687.1,-33.992
687.2,-27.993
687.3,-31.992
687.4,-31.992
687.5,-27.993
687.6,-31.992
687.7,-31.992
687.8,-31.992
687.9,-28.993
688.0,-28.993
688.1,-32.992
688.2,-31.992
688.3,-31.992
688.4,-27.993
688.5,-30.992
688.6,-28.993
688.7,-28.993
688.8,-26.993
688.9,-25.994
689.0,-28.993
689.1,-24.994
689.2,-27.993
689.3,-25.994
689.4,-26.993
689.5,-23.994
689.6,-24.994
689.7,-22.994
689.8,-20.995
689.9,-19.995
690.0,-18.995
690.1,-22.994
690.2,-19.995
690.3,-17.995
690.4,-15.996
690.5,-16.996
690.6,-16.996
690.7,-11.997
690.8,-8.998
690.9,-10.997
691.0,-11.997
691.1,-9.998
691.2,-7.998
691.3,-9.998
691.4,-6.998
691.5,-7.998
691.6,-1.0
691.7,-2.999
691.8,-4.999
691.9,-4.999
692.0,2.0
692.1,1.0
692.2,5.998
692.3,2.0
692.4,5.998
692.5,5.998
692.6,6.998
692.7,7.998
692.8,8.998
692.9,8.998
693.0,5.998
693.1,9.998
693.2,14.996
693.3,13.997
693.4,15.996
693.5,11.997
693.6,14.996
693.7,15.996
693.8,14.996
693.9,19.995
694.0,18.995
694.1,19.995
694.2,18.995
694.3,18.995
694.4,17.995
694.5,25.994
694.6,24.994
694.7,24.994
694.8,24.994
694.9,24.994
695.0,25.994
695.1,25.994
695.2,26.993
695.3,27.993
695.4,27.993
695.5,25.994
695.6,32.992
695.7,26.993
695.8,31.992
695.9,30.992
696.0,27.993
696.1,32.992
696.2,31.992
696.3,32.992
696.4,33.992
696.5,32.992
696.6,30.992
696.7,32.992
696.8,34.991
696.9,31.992
697.0,35.991
697.1,31.992
697.2,34.991
697.3,32.992
697.4,39.99
697.5,33.992
697.6,35.991
697.7,34.991
697.8,33.992
697.9,35.991
698.0,34.991
698.1,35.991
698.2,33.992
698.3,35.991
698.4,33.992
698.5,35.991
698.6,33.992
698.7,35.991
698.8,33.992
698.9,32.992
699.0,32.992
699.1,32.992
699.2,30.992
699.3,32.992
699.4,31.992
699.5,28.993
699.6,27.993
699.7,32.992
699.8,30.992
699.9,25.994
700.0,25.994
700.1,24.994
700.2,24.994
700.3,20.995
700.4,23.994
700.5,19.995
700.6,20.995
700.7,20.995
700.8,16.996
700.9,18.995
701.0,14.996
701.1,17.995
701.2,16.996
701.3,14.996
701.4,10.997
701.5,9.998
701.6,11.997
701.7,9.998
701.8,7.998
701.9,4.999
702.0,8.998
702.1,7.998
702.2,4.999
702.3,1.0
702.4,2.0
702.5,2.999
702.6,2.0
702.7,-2.0
702.8,-5.998
702.9,1.0
703.0,-2.999
703.1,-6.998
703.2,-7.998
703.3,-7.998
703.4,-7.998
703.5,-9.998
703.6,-11.997
703.7,-14.996
703.8,-11.997
703.9,-8.998
704.0,-13.997
704.1,-14.996
704.2,-15.996
704.3,-16.996
704.4,-16.996
704.5,-19.995
704.6,-17.995
704.7,-17.995
704.8,-19.995
704.9,-19.995
705.0,-22.994
705.1,-23.994
705.2,-19.995
705.3,-17.995
705.4,-20.995
705.5,-23.994
705.6,-25.994
705.7,-22.994
705.8,-24.994
705.9,-24.994
706.0,-19.995
706.1,-23.994
706.2,-25.994
706.3,-26.993
706.4,-25.994
706.5,-24.994
706.6,-28.993
706.7,-26.993
706.8,-28.993
706.9,-27.993
707.0,-30.992
707.1,-27.993
707.2,-32.992
707.3,-31.992
707.4,-30.992
707.5,-28.993
707.6,-31.992
707.7,-32.992
707.8,-31.992
707.9,-31.992
708.0,-33.992
708.1,-31.992
708.2,-27.993
708.3,-32.992
708.4,-30.992
708.5,-30.992
708.6,-32.992
708.7,-27.993
708.8,-25.994
708.9,-28.993
709.0,-26.993
709.1,-27.993
709.2,-25.994
709.3,-23.994
709.4,-24.994
709.5,-25.994
709.6,-25.994
709.7,-23.994
709.8,-20.995
709.9,-20.995
710.0,-20.995
710.1,-24.994
710.2,-18.995
710.3,-18.995
710.4,-15.996
710.5,-14.996
710.6,-17.995
710.7,-14.996
710.8,-10.997
710.9,-10.997
711.0,-8.998
711.1,-10.997
711.2,-6.998
711.3,-9.998
711.4,-6.998
711.5,-5.998
711.6,-7.998
711.7,-2.999
711.8,-2.999
711.9,-2.999
712.0,-2.0
712.1,-1.0
712.2,2.0
712.3,1.0
712.4,1.0
712.5,-2.0
712.6,5.998
712.7,8.998
712.8,5.998
712.9,7.998
713.0,8.998
713.1,7.998
713.2,13.997
713.3,10.997
713.4,14.996
713.5,11.997
713.6,14.996
713.7,11.997
713.8,14.996
713.9,16.996
714.0,17.995
714.1,13.997
714.2,18.995
714.3,24.994
714.4,20.995
714.5,19.995
714.6,23.994
714.7,23.994
714.8,20.995
714.9,22.994
715.0,24.994
715.1,26.993
715.2,19.995
715.3,26.993
715.4,22.994
715.5,26.993
715.6,27.993
715.7,27.993
715.8,24.994
715.9,27.993
716.0,27.993
716.1,28.993
716.2,27.993
716.3,33.992
716.4,30.992
716.5,32.992
716.6,31.992
716.7,33.992
716.8,31.992
716.9,31.992
717.0,33.992
717.1,34.991
717.2,34.991
717.3,32.992
717.4,35.991
717.5,31.992
717.6,35.991
717.7,35.991
717.8,35.991
717.9,34.991
718.0,34.991
718.1,34.991
718.2,34.991
718.3,34.991
718.4,34.991
718.5,33.992
718.6,36.991
718.7,30.992
718.8,35.991
718.9,34.991
719.0,31.992
719.1,32.992
719.2,32.992
719.3,30.992
719.4,26.993
719.5,31.992
719.6,27.993
719.7,25.994
719.8,27.993
719.9,25.994
720.0,27.993
720.1,25.994
720.2,22.994
720.3,23.994
720.4,23.994
720.5,22.994
720.6,19.995
720.7,22.994
720.8,18.995
720.9,17.995
721.0,17.995
721.1,14.996
721.2,15.996
721.3,14.996
721.4,11.997
721.5,8.998
721.6,10.997
721.7,6.998
721.8,6.998
721.9,4.999
722.0,5.998
722.1,4.999
722.2,2.0
722.3,0.0
722.4,0.0
722.5,1.0
722.6,0.0
722.7,-2.999
722.8,-2.0
722.9,-1.0
723.0,-7.998
723.1,-6.998
723.2,-7.998
723.3,-7.998
723.4,-9.998
723.5,-10.997
723.6,-15.996
723.7,-14.996
723.8,-11.997
723.9,-9.998
724.0,-16.996
724.1,-14.996
724.2,-16.996
724.3,-18.995
724.4,-14.996
724.5,-16.996
724.6,-19.995
724.7,-19.995
724.8,-20.995
724.9,-17.995
725.0,-23.994
725.1,-24.994
725.2,-19.995
725.3,-24.994
725.4,-18.995
725.5,-18.995
725.6,-23.994
725.7,-25.994
725.8,-24.994
725.9,-28.993
726.0,-27.993
726.1,-25.994
726.2,-30.992
726.3,-30.992
726.4,-28.993
726.5,-27.993
726.6,-27.993
726.7,-27.993
726.8,-28.993
726.9,-35.991
727.0,-34.991
727.1,-30.992
727.2,-32.992
727.3,-32.992
727.4,-31.992
727.5,-25.994
727.6,-35.991
727.7,-31.992
727.8,-31.992
727.9,-31.992
728.0,-30.992
728.1,-31.992
728.2,-30.992
728.3,-27.993
728.4,-28.993
728.5,-30.992
728.6,-31.992
728.7,-32.992
728.8,-27.993
728.9,-31.992
729.0,-27.993
729.1,-27.993
729.2,-27.993
729.3,-27.993
729.4,-27.993
729.5,-25.994
729.6,-24.994
729.7,-24.994
729.8,-24.994
729.9,-19.995
730.0,-19.995
730.1,-24.994
730.2,-22.994
730.3,-18.995
730.4,-17.995
730.5,-17.995
730.6,-16.996
730.7,-11.997
730.8,-15.996
730.9,-14.996
731.0,-10.997
731.1,-8.998
731.2,-9.998
731.3,-9.998
731.4,-7.998
731.5,-7.998
731.6,-2.999
731.7,-2.0
731.8,-1.0
731.9,-1.0
732.0,2.999
732.1,0.0
732.2,4.999
732.3,2.0
732.4,4.999
732.5,6.998
732.6,6.998
732.7,8.998
732.8,6.998
732.9,9.998
733.0,10.997
733.1,11.997
733.2,13.997
733.3,13.997
733.4,15.996
733.5,14.996
733.6,18.995
733.7,22.994
733.8,20.995
733.9,22.994
734.0,18.995
734.1,20.995
734.2,19.995
734.3,20.995
734.4,24.994
734.5,22.994
734.6,22.994
734.7,25.994
734.8,24.994
734.9,28.993
735.0,28.993
735.1,30.992
735.2,28.993
735.3,30.992
735.4,31.992
735.5,27.993
735.6,31.992
735.7,27.993
735.8,31.992
735.9,31.992
736.0,27.993
736.1,35.991
736.2,32.992
736.3,34.991
736.4,35.991
736.5,32.992
736.6,35.991
736.7,36.991
736.8,30.992
736.9,33.992
737.0,33.992
737.1,34.991
737.2,36.991
737.3,34.991
737.4,35.991
737.5,39.99
737.6,35.991
737.7,39.99
737.8,36.991
737.9,37.991
738.0,35.991
738.1,35.991
738.2,37.991
738.3,35.991
738.4,35.991
738.5,32.992
738.6,34.991
738.7,34.991
738.8,34.991
738.9,33.992
739.0,32.992
739.1,31.992
739.2,32.992
739.3,31.992
739.4,30.992
739.5,25.994
739.6,23.994
739.7,27.993
739.8,30.992
739.9,28.993
740.0,26.993
740.1,20.995
740.2,22.994
740.3,25.994
740.4,23.994
740.5,19.995
740.6,19.995
740.7,18.995
740.8,18.995
740.9,15.996
741.0,16.996
741.1,16.996
741.2,14.996
741.3,10.997
741.4,13.997
741.5,8.998
741.6,9.998
741.7,10.997
741.8,6.998
741.9,4.999
742.0,4.999
742.1,2.0
742.2,-1.0
742.3,-1.0
742.4,-4.999
742.5,1.0
742.6,-2.999
742.7,2.0
742.8,-2.0
742.9,-6.998
743.0,-6.998
743.1,-5.998
743.2,-5.998
743.3,-5.998
743.4,-14.996
743.5,-14.996
743.6,-11.997
743.7,-16.996
743.8,-13.997
743.9,-11.997
744.0,-16.996
744.1,-14.996
744.2,-13.997
744.3,-16.996
744.4,-14.996
744.5,-18.995
744.6,-18.995
744.7,-20.995
744.8,-24.994
744.9,-23.994
745.0,-23.994
745.1,-18.995
745.2,-24.994
745.3,-23.994
745.4,-23.994
745.5,-27.993
745.6,-24.994
745.7,-23.994
745.8,-25.994
745.9,-26.993
746.0,-26.993
746.1,-27.993
746.2,-31.992
746.3,-27.993
746.4,-28.993
746.5,-34.991
746.6,-30.992
746.7,-30.992
746.8,-28.993
746.9,-28.993
747.0,-27.993
747.1,-31.992
747.2,-30.992
747.3,-30.992
747.4,-30.992
747.5,-32.992
747.6,-35.991
747.7,-27.993
747.8,-32.992
747.9,-30.992
748.0,-34.991
748.1,-28.993
748.2,-35.991
748.3,-31.992
748.4,-32.992
748.5,-33.992
748.6,-32.992
748.7,-32.992
748.8,-28.993
748.9,-27.993
749.0,-28.993
749.1,-31.992
749.2,-32.992
749.3,-23.994
749.4,-28.993
749.5,-25.994
749.6,-23.994
749.7,-19.995
749.8,-20.995
749.9,-20.995
750.0,-22.994
750.1,-18.995
750.2,-19.995
750.3,-22.994
750.4,-16.996
750.5,-19.995
750.6,-14.996
750.7,-16.996
750.8,-13.997
750.9,-14.996
751.0,-9.998
751.1,-10.997
751.2,-9.998
751.3,-10.997
751.4,-9.998
751.5,-6.998
751.6,-5.998
751.7,-1.0
751.8,-1.0
751.9,1.0
752.0,-1.0
752.1,2.999
752.2,4.999
752.3,6.998
752.4,5.998
752.5,5.998
752.6,5.998
752.7,7.998
752.8,8.998
752.9,8.998
753.0,9.998
753.1,11.997
753.2,17.995
753.3,13.997
753.4,15.996
753.5,16.996
753.6,17.995
753.7,17.995
753.8,15.996
753.9,17.995
754.0,20.995
754.1,20.995
754.2,22.994
754.3,22.994
754.4,18.995
754.5,22.994
754.6,20.995
754.7,22.994
754.8,24.994
754.9,26.993
755.0,27.993
755.1,24.994
755.2,27.993
755.3,28.993
755.4,25.994
755.5,27.993
755.6,31.992
755.7,27.993
755.8,26.993
755.9,30.992
756.0,31.992
756.1,32.992
756.2,30.992
756.3,33.992
756.4,31.992
756.5,31.992
756.6,33.992
756.7,35.991
756.8,35.991
756.9,32.992
757.0,33.992
757.1,36.991
757.2,33.992
757.3,33.992
757.4,37.991
757.5,39.99
757.6,36.991
757.7,36.991
757.8,36.991
757.9,35.991
758.0,35.991
758.1,35.991
758.2,32.992
758.3,35.991
758.4,35.991
758.5,34.991
758.6,33.992
758.7,34.991
758.8,32.992
758.9,33.992
759.0,32.992
759.1,31.992
759.2,31.992
759.3,31.992
759.4,28.993
759.5,28.993
759.6,27.993
759.7,27.993
759.8,27.993
759.9,25.994
760.0,26.993
760.1,24.994
760.2,23.994
760.3,25.994
760.4,24.994
760.5,19.995
760.6,18.995
760.7,20.995
760.8,23.994
760.9,13.997
761.0,14.996
761.1,16.996
761.2,10.997
761.3,13.997
761.4,10.997
761.5,10.997
761.6,7.998
761.7,7.998
761.8,4.999
761.9,7.998
762.0,5.998
762.1,-1.0
762.2,0.0
762.3,0.0
762.4,1.0
762.5,-2.0
762.6,2.0
762.7,0.0
762.8,-6.998
762.9,-2.999
763.0,-2.999
763.1,-7.998
763.2,-6.998
763.3,-7.998
763.4,-9.998
763.5,-9.998
763.6,-10.997
763.7,-14.996
763.8,-14.996
763.9,-14.996
764.0,-13.997
764.1,-14.996
764.2,-13.997
764.3,-16.996
764.4,-15.996
764.5,-16.996
764.6,-19.995
764.7,-19.995
764.8,-19.995
764.9,-23.994
765.0,-20.995
765.1,-22.994
765.2,-22.994
765.3,-22.994
765.4,-20.995
765.5,-25.994
765.6,-20.995
765.7,-24.994
765.8,-25.994
765.9,-25.994
766.0,-30.992
766.1,-28.993
766.2,-27.993
766.3,-28.993
766.4,-32.992
766.5,-28.993
766.6,-28.993
766.7,-30.992
766.8,-28.993
766.9,-30.992
767.0,-32.992
767.1,-28.993
767.2,-30.992
767.3,-32.992
767.4,-31.992
767.5,-33.992
767.6,-33.992
767.7,-28.993
767.8,-30.992
767.9,-30.992
768.0,-30.992
768.1,-31.992
768.2,-31.992
768.3,-31.992
768.4,-31.992
768.5,-28.993
768.6,-30.992
768.7,-30.992
768.8,-30.992
768.9,-27.993
769.0,-28.993
769.1,-28.993
769.2,-26.993
769.3,-27.993
769.4,-24.994
769.5,-25.994
769.6,-22.994
769.7,-18.995
769.8,-26.993
769.9,-19.995
770.0,-20.995
770.1,-20.995
770.2,-20.995
770.3,-16.996
770.4,-16.996
770.5,-18.995
770.6,-16.996
770.7,-15.996
770.8,-15.996
770.9,-8.998
771.0,-10.997
771.1,-10.997
771.2,-7.998
771.3,-8.998
771.4,-7.998
771.5,-4.999
771.6,-2.999
771.7,-2.999
771.8,-2.999
771.9,-1.0
772.0,1.0
772.1,2.999
772.2,2.999
772.3,5.998
772.4,2.999
772.5,5.998
772.6,8.998
772.7,9.998
772.8,8.998
772.9,11.997
773.0,13.997
773.1,13.997
773.2,13.997
773.3,16.996
773.4,15.996
773.5,15.996
773.6,18.995
773.7,16.996
773.8,19.995
773.9,22.994
774.0,17.995
774.1,23.994
774.2,18.995
774.3,24.994
774.4,24.994
774.5,20.995
774.6,24.994
774.7,25.994
774.8,26.993
774.9,24.994
775.0,26.993
775.1,28.993
775.2,26.993
775.3,28.993
775.4,27.993
775.5,30.992
775.6,28.993
775.7,27.993
775.8,32.992
775.9,30.992
776.0,32.992
776.1,34.991
776.2,32.992
776.3,32.992
776.4,31.992
776.5,34.991
776.6,28.993
776.7,32.992
776.8,33.992
776.9,34.991
777.0,33.992
777.1,32.992
777.2,34.991
777.3,33.992
777.4,33.992
777.5,35.991
777.6,36.991
777.7,35.991
777.8,35.991
777.9,41.989
778.0,32.992
778.1,36.991
778.2,32.992
778.3,33.992
778.4,32.992
778.5,31.992
778.6,33.992
778.7,32.992
778.8,32.992
778.9,34.991
779.0,33.992
779.1,33.992
779.2,28.993
779.3,32.992
779.4,26.993
779.5,31.992
779.6,30.992
779.7,27.993
779.8,25.994
779.9,26.993
780.0,26.993
780.1,24.994
780.2,20.995
780.3,22.994
780.4,23.994
780.5,22.994
780.6,19.995
780.7,20.995
780.8,16.996
780.9,18.995
781.0,11.997
781.1,14.996
781.2,13.997
781.3,11.997
781.4,9.998
781.5,10.997
781.6,8.998
781.7,5.998
781.8,6.998
781.9,10.997
782.0,4.999
782.1,4.999
782.2,2.0
782.3,2.0
782.4,1.0
782.5,-4.999
782.6,-2.999
782.7,-2.0
782.8,-1.0
782.9,-1.0
783.0,-4.999
783.1,-4.999
783.2,-2.0
783.3,-6.998
783.4,-8.998
783.5,-10.997
783.6,-8.998
783.7,-13.997
783.8,-11.997
783.9,-11.997
784.0,-13.997
784.1,-16.996
784.2,-14.996
784.3,-13.997
784.4,-13.997
784.5,-14.996
784.6,-17.995
784.7,-16.996
784.8,-17.995
784.9,-20.995
785.0,-20.995
785.1,-22.994
785.2,-24.994
785.3,-25.994
785.4,-22.994
785.5,-23.994
785.6,-23.994
785.7,-19.995
785.8,-26.993
785.9,-23.994
786.0,-26.993
786.1,-23.994
786.2,-26.993
786.3,-27.993
786.4,-26.993
786.5,-27.993
786.6,-26.993
786.7,-27.993
786.8,-26.993
786.9,-31.992
787.0,-30.992
787.1,-30.992
787.2,-30.992
787.3,-31.992
787.4,-33.992
787.5,-32.992
787.6,-33.992
787.7,-30.992
787.8,-33.992
787.9,-30.992
788.0,-32.992
788.1,-30.992
788.2,-32.992
788.3,-32.992
788.4,-32.992
788.5,-27.993
788.6,-31.992
788.7,-30.992
788.8,-27.993
788.9,-28.993
789.0,-30.992
789.1,-27.993
789.2,-26.993
789.3,-26.993
789.4,-24.994
789.5,-26.993
789.6,-18.995
789.7,-22.994
789.8,-22.994
789.9,-24.994
790.0,-20.995
790.1,-19.995
790.2,-20.995
790.3,-17.995
790.4,-20.995
790.5,-16.996
790.6,-15.996
790.7,-16.996
790.8,-16.996
790.9,-15.996
791.0,-13.997
791.1,-14.996
791.2,-9.998
791.3,-6.998
791.4,-5.998
791.5,-7.998
791.6,-6.998
791.7,-5.998
791.8,-4.999
791.9,-1.0
792.0,-2.0
792.1,1.0
792.2,2.0
792.3,0.0
792.4,4.999
792.5,4.999
792.6,7.998
792.7,6.998
792.8,6.998
792.9,7.998
793.0,6.998
793.1,8.998
793.2,10.997
793.3,10.997
793.4,14.996
793.5,13.997
793.6,14.996
793.7,14.996
793.8,15.996
793.9,18.995
794.0,16.996
794.1,18.995
794.2,18.995
794.3,18.995
794.4,19.995
794.5,19.995
794.6,23.994
794.7,24.994
794.8,22.994
794.9,24.994
795.0,24.994
795.1,28.993
795.2,27.993
795.3,25.994
795.4,27.993
795.5,28.993
795.6,26.993
795.7,26.993
795.8,26.993
795.9,27.993
796.0,28.993
796.1,30.992
796.2,30.992
796.3,33.992
796.4,28.993
796.5,32.992
796.6,33.992
796.7,31.992
796.8,32.992
796.9,31.992
797.0,33.992
797.1,32.992
797.2,34.991
797.3,37.991
797.4,32.992
797.5,35.991
797.6,35.991
797.7,34.991
797.8,34.991
797.9,36.991
798.0,36.991
798.1,36.991
798.2,35.991
798.3,35.991
798.4,34.991
798.5,31.992
798.6,34.991
798.7,32.992
798.8,33.992
798.9,33.992
799.0,30.992
799.1,30.992
799.2,32.992
799.3,30.992
799.4,30.992
799.5,30.992
799.6,28.993
799.7,26.993
799.8,27.993
799.9,24.994
800.0,26.993
800.1,26.993
800.2,27.993
800.3,20.995
800.4,24.994
800.5,23.994
800.6,20.995
800.7,16.996
800.8,16.996
800.9,15.996
801.0,16.996
801.1,16.996
801.2,14.996
801.3,10.997
801.4,11.997
801.5,15.996
801.6,8.998
801.7,8.998
801.8,4.999
801.9,5.998
802.0,2.999
802.1,2.0
802.2,1.0
802.3,-1.0
802.4,2.0
802.5,1.0
802.6,-2.0
802.7,-4.999
802.8,-2.0
802.9,-6.998
803.0,-2.999
803.1,-4.999
803.2,-4.999
803.3,-6.998
803.4,-8.998
803.5,-9.998
803.6,-10.997
803.7,-9.998
803.8,-17.995
803.9,-11.997
804.0,-14.996
804.1,-13.997
804.2,-14.996
804.3,-11.997
804.4,-16.996
804.5,-15.996
804.6,-16.996
804.7,-16.996
804.8,-17.995
804.9,-18.995
805.0,-19.995
805.1,-20.995
805.2,-22.994
805.3,-23.994
805.4,-22.994
805.5,-23.994
805.6,-20.995
805.7,-24.994
805.8,-22.994
805.9,-23.994
806.0,-19.995
806.1,-26.993
806.2,-25.994
806.3,-26.993
806.4,-25.994
806.5,-31.992
806.6,-26.993
806.7,-30.992
806.8,-31.992
806.9,-27.993
807.0,-31.992
807.1,-27.993
807.2,-26.993
807.3,-33.992
807.4,-30.992
807.5,-31.992
807.6,-30.992
807.7,-30.992
807.8,-32.992
807.9,-32.992
808.0,-33.992
808.1,-30.992
808.2,-34.991
808.3,-30.992
808.4,-31.992
808.5,-27.993
808.6,-26.993
808.7,-30.992
808.8,-28.993
808.9,-26.993
809.0,-26.993
809.1,-28.993
809.2,-25.994
809.3,-23.994
809.4,-22.994
809.5,-25.994
809.6,-25.994
809.7,-22.994
809.8,-22.994
809.9,-20.995
810.0,-17.995
810.1,-19.995
810.2,-18.995
810.3,-19.995
810.4,-17.995
810.5,-19.995
810.6,-16.996
810.7,-14.996
810.8,-15.996
810.9,-13.997
811.0,-13.997
811.1,-8.998
811.2,-8.998
811.3,-11.997
811.4,-5.998
811.5,-7.998
811.6,-5.998
811.7,-2.0
811.8,-5.998
811.9,-2.999
812.0,0.0
812.1,-1.0
812.2,2.999
812.3,2.0
812.4,5.998
812.5,5.998
812.6,4.999
812.7,7.998
812.8,5.998
812.9,8.998
813.0,8.998
813.1,10.997
813.2,11.997
813.3,10.997
813.4,13.997
813.5,17.995
813.6,15.996
813.7,16.996
813.8,17.995
813.9,18.995
814.0,19.995
814.1,20.995
814.2,20.995
814.3,18.995
814.4,19.995
814.5,19.995
814.6,22.994
814.7,17.995
814.8,24.994
814.9,22.994
815.0,26.993
815.1,27.993
815.2,27.993
815.3,31.992
815.4,28.993
815.5,27.993
815.6,28.993
815.7,30.992
815.8,27.993
815.9,31.992
816.0,28.993
816.1,27.993
816.2,31.992
816.3,31.992
816.4,31.992
816.5,32.992
816.6,31.992
816.7,34.991
816.8,31.992
816.9,32.992
817.0,34.991
817.1,32.992
817.2,35.991
817.3,34.991
817.4,34.991
817.5,34.991
817.6,35.991
817.7,36.991
817.8,36.991
817.9,36.991
818.0,34.991
818.1,39.99
818.2,35.991
818.3,35.991
818.4,37.991
818.5,32.992
818.6,33.992
818.7,33.992
818.8,35.991
818.9,36.991
819.0,32.992
819.1,33.992
819.2,31.992
819.3,31.992
819.4,28.993
819.5,28.993
819.6,26.993
819.7,27.993
819.8,28.993
819.9,27.993
820.0,26.993
820.1,25.994
820.2,24.994
820.3,25.994
820.4,23.994
820.5,20.995
820.6,19.995
820.7,17.995
820.8,20.995
820.9,15.996
821.0,16.996
821.1,15.996
821.2,16.996
821.3,17.995
821.4,14.996
821.5,8.998
821.6,9.998
821.7,5.998
821.8,7.998
821.9,5.998
822.0,5.998
822.1,6.998
822.2,4.999
822.3,4.999
822.4,1.0
822.5,-2.999
822.6,0.0
822.7,-4.999
822.8,-5.998
822.9,-2.999
823.0,-2.999
823.1,-8.998
823.2,-4.999
823.3,-6.998
823.4,-9.998
823.5,-9.998
823.6,-9.998
823.7,-10.997
823.8,-10.997
823.9,-14.996
824.0,-13.997
824.1,-15.996
824.2,-17.995
824.3,-15.996
824.4,-13.997
824.5,-17.995
824.6,-19.995
824.7,-16.996
824.8,-20.995
824.9,-19.995
825.0,-20.995
825.1,-26.993
825.2,-23.994
825.3,-22.994
825.4,-22.994
825.5,-24.994
825.6,-23.994
825.7,-20.995
825.8,-25.994
825.9,-20.995
826.0,-26.993
826.1,-26.993
826.2,-22.994
826.3,-25.994
826.4,-28.993
826.5,-30.992
826.6,-32.992
826.7,-25.994
826.8,-30.992
826.9,-30.992
827.0,-27.993
827.1,-31.992
827.2,-30.992
827.3,-30.992
827.4,-31.992
827.5,-30.992
827.6,-28.993
827.7,-30.992
827.8,-31.992
827.9,-35.991
828.0,-31.992
828.1,-34.991
828.2,-32.992
828.3,-30.992
828.4,-30.992
828.5,-30.992
828.6,-31.992
828.7,-27.993
828.8,-25.994
828.9,-27.993
829.0,-27.993
829.1,-27.993
829.2,-27.993
829.3,-25.994
829.4,-24.994
829.5,-23.994
829.6,-25.994
829.7,-27.993
829.8,-20.995
829.9,-22.994
830.0,-19.995
830.1,-22.994
830.2,-18.995
830.3,-18.995
830.4,-18.995
830.5,-19.995
830.6,-16.996
830.7,-17.995
830.8,-11.997
830.9,-13.997
831.0,-11.997
831.1,-10.997
831.2,-11.997
831.3,-9.998
831.4,-7.998
831.5,-5.998
831.6,-2.999
831.7,-4.999
831.8,-2.999
831.9,-4.999
832.0,-2.999
832.1,2.0
832.2,-2.0
832.3,6.998
832.4,4.999
832.5,2.999
832.6,4.999
832.7,5.998
832.8,7.998
832.9,9.998
833.0,6.998
833.1,9.998
833.2,10.997
833.3,6.998
833.4,11.997
833.5,15.996
833.6,14.996
833.7,16.996
833.8,13.997
833.9,15.996
834.0,17.995
834.1,16.996
834.2,18.995
834.3,20.995
834.4,20.995
834.5,19.995
834.6,23.994
834.7,20.995
834.8,20.995
834.9,24.994
835.0,23.994
835.1,27.993
835.2,26.993
835.3,25.994
835.4,26.993
835.5,28.993
835.6,26.993
835.7,28.993
835.8,27.993
835.9,26.993
836.0,27.993
836.1,28.993
836.2,30.992
836.3,28.993
836.4,27.993
836.5,32.992
836.6,30.992
836.7,30.992
836.8,34.991
836.9,31.992
837.0,35.991
837.1,31.992
837.2,34.991
837.3,32.992
837.4,33.992
837.5,33.992
837.6,35.991
837.7,32.992
837.8,36.991
837.9,34.991
838.0,35.991
838.1,33.992
838.2,35.991
838.3,35.991
838.4,33.992
838.5,32.992
838.6,32.992
838.7,34.991
838.8,33.992
838.9,30.992
839.0,31.992
839.1,30.992
839.2,32.992
839.3,33.992
839.4,28.993
839.5,26.993
839.6,28.993
839.7,27.993
839.8,28.993
839.9,27.993
840.0,23.994
840.1,22.994
840.2,24.994
840.3,23.994
840.4,23.994
840.5,23.994
840.6,18.995
840.7,22.994
840.8,16.996
840.9,16.996
841.0,18.995
841.1,13.997
841.2,13.997
841.3,15.996
841.4,11.997
841.5,8.998
841.6,11.997
841.7,8.998
841.8,8.998
841.9,6.998
842.0,4.999
842.1,2.999
842.2,4.999
842.3,2.999
842.4,-1.0
842.5,0.0
842.6,-1.0
842.7,-4.999
842.8,-4.999
842.9,-4.999
843.0,-5.998
843.1,-7.998
843.2,-5.998
843.3,-6.998
843.4,-9.998
843.5,-10.997
843.6,-11.997
843.7,-11.997
843.8,-15.996
843.9,-15.996
844.0,-14.996
844.1,-15.996
844.2,-11.997
844.3,-14.996
844.4,-17.995
844.5,-16.996
844.6,-18.995
844.7,-16.996
844.8,-15.996
844.9,-18.995
845.0,-19.995
845.1,-20.995
845.2,-24.994
845.3,-23.994
845.4,-25.994
845.5,-24.994
845.6,-23.994
845.7,-22.994
845.8,-24.994
845.9,-22.994
846.0,-25.994
846.1,-24.994
846.2,-28.993
846.3,-27.993
846.4,-28.993
846.5,-30.992
846.6,-26.993
846.7,-26.993
846.8,-30.992
846.9,-31.992
847.0,-28.993
847.1,-31.992
847.2,-30.992
847.3,-28.993
847.4,-30.992
847.5,-30.992
847.6,-30.992
847.7,-31.992
847.8,-31.992
847.9,-30.992
848.0,-32.992
848.1,-31.992
848.2,-30.992
848.3,-32.992
848.4,-32.992
848.5,-31.992
848.6,-27.993
848.7,-28.993
848.8,-25.994
848.9,-27.993
849.0,-27.993
849.1,-24.994
849.2,-25.994
849.3,-24.994
849.4,-24.994
849.5,-23.994
849.6,-22.994
849.7,-23.994
849.8,-23.994
849.9,-23.994
850.0,-17.995
850.1,-20.995
850.2,-22.994
850.3,-20.995
850.4,-16.996
850.5,-16.996
850.6,-14.996
850.7,-14.996
850.8,-14.996
850.9,-10.997
851.0,-9.998
851.1,-9.998
851.2,-7.998
851.3,-5.998
851.4,-8.998
851.5,-6.998
851.6,-2.999
851.7,0.0
851.8,-2.999
851.9,-2.0
852.0,1.0
852.1,0.0
852.2,4.999
852.3,2.999
852.4,5.998
852.5,6.998
852.6,6.998
852.7,7.998
852.8,11.997
852.9,10.997
853.0,9.998
853.1,11.997
853.2,16.996
853.3,13.997
853.4,14.996
853.5,16.996
853.6,19.995
853.7,18.995
853.8,19.995
853.9,22.994
854.0,20.995
854.1,22.994
854.2,20.995
854.3,23.994
854.4,25.994
854.5,24.994
854.6,23.994
854.7,24.994
854.8,24.994
854.9,25.994
855.0,27.993
855.1,30.992
855.2,27.993
855.3,27.993
855.4,32.992
855.5,30.992
855.6,30.992
855.7,31.992
855.8,30.992
855.9,30.992
856.0,28.993
856.1,30.992
856.2,28.993
856.3,35.991
856.4,36.991
856.5,37.991
856.6,33.992
856.7,33.992
856.8,34.991
856.9,33.992
857.0,33.992
857.1,33.992
857.2,36.991
857.3,33.992
857.4,36.991
857.5,36.991
857.6,34.991
857.7,36.991
857.8,34.991
857.9,37.991
858.0,36.991
858.1,40.99
858.2,36.991
858.3,35.991
858.4,33.992
858.5,33.992
858.6,32.992
858.7,30.992
858.8,30.992
858.9,30.992
859.0,31.992
859.1,33.992
859.2,32.992
859.3,31.992
859.4,28.993
859.5,30.992
859.6,27.993
859.7,25.994
859.8,30.992
859.9,27.993
860.0,23.994
860.1,24.994
860.2,24.994
860.3,20.995
860.4,20.995
860.5,25.994
860.6,18.995
860.7,16.996
860.8,19.995
860.9,18.995
861.0,15.996
861.1,15.996
861.2,11.997
861.3,10.997
861.4,8.998
861.5,9.998
861.6,2.999
861.7,4.999
861.8,6.998
861.9,6.998
862.0,5.998
862.1,5.998
862.2,4.999
862.3,2.0
862.4,1.0
862.5,-1.0
862.6,-2.0
862.7,-6.998
862.8,-6.998
862.9,-4.999
863.0,-4.999
863.1,-6.998
863.2,-8.998
863.3,-7.998
863.4,-9.998
863.5,-11.997
863.6,-15.996
863.7,-14.996
863.8,-14.996
863.9,-14.996
864.0,-17.995
864.1,-14.996
864.2,-14.996
864.3,-16.996
864.4,-20.995
864.5,-18.995
864.6,-18.995
864.7,-18.995
864.8,-18.995
864.9,-18.995
865.0,-24.994
865.1,-25.994
865.2,-22.994
865.3,-20.995
865.4,-22.994
865.5,-23.994
865.6,-26.993
865.7,-23.994
865.8,-25.994
865.9,-25.994
866.0,-23.994
866.1,-27.993
866.2,-25.994
866.3,-25.994
866.4,-26.993
866.5,-28.993
866.6,-33.992
866.7,-30.992
866.8,-33.992
866.9,-28.993
867.0,-31.992
867.1,-31.992
867.2,-30.992
867.3,-31.992
867.4,-33.992
867.5,-31.992
867.6,-32.992
867.7,-35.991
867.8,-32.992
867.9,-32.992
868.0,-35.991
868.1,-30.992
868.2,-32.992
868.3,-34.991
868.4,-31.992
868.5,-31.992
868.6,-27.993
868.7,-26.993
868.8,-30.992
868.9,-28.993
869.0,-28.993
869.1,-27.993
869.2,-28.993
869.3,-27.993
869.4,-28.993
869.5,-27.993
869.6,-23.994
869.7,-25.994
869.8,-23.994
869.9,-23.994
870.0,-20.995
870.1,-19.995
870.2,-18.995
870.3,-19.995
870.4,-18.995
870.5,-17.995
870.6,-15.996
870.7,-14.996
870.8,-15.996
870.9,-13.997
871.0,-10.997
871.1,-10.997
871.2,-8.998
871.3,-9.998
871.4,-5.998
871.5,-5.998
871.6,-4.999
871.7,-2.999
871.8,-1.0
871.9,-2.999
872.0,-1.0
872.1,2.999
872.2,1.0
872.3,2.999
872.4,0.0
872.5,5.998
872.6,5.998
872.7,8.998
872.8,8.998
872.9,11.997
873.0,10.997
873.1,10.997
873.2,13.997
873.3,9.998
873.4,11.997
873.5,13.997
873.6,15.996
873.7,14.996
873.8,15.996
873.9,19.995
874.0,19.995
874.1,20.995
874.2,19.995
874.3,20.995
874.4,24.994
874.5,23.994
874.6,23.994
874.7,24.994
874.8,23.994
874.9,24.994
875.0,24.994
875.1,30.992
875.2,26.993
875.3,26.993
875.4,27.993
875.5,31.992
875.6,31.992
875.7,32.992
875.8,28.993
875.9,30.992
876.0,30.992
876.1,30.992
876.2,31.992
876.3,31.992
876.4,30.992
876.5,31.992
876.6,34.991
876.7,36.991
876.8,34.991
876.9,32.992
877.0,34.991
877.1,35.991
877.2,34.991
877.3,34.991
877.4,35.991
877.5,35.991
877.6,33.992
877.7,33.992
877.8,32.992
877.9,34.991
878.0,35.991
878.1,37.991
878.2,36.991
878.3,35.991
878.4,32.992
878.5,34.991
878.6,31.992
878.7,31.992
878.8,33.992
878.9,33.992
879.0,32.992
879.1,32.992
879.2,28.993
879.3,32.992
879.4,26.993
879.5,30.992
879.6,28.993
879.7,30.992
879.8,27.993
879.9,26.993
880.0,24.994
880.1,22.994
880.2,24.994
880.3,19.995
880.4,22.994
880.5,19.995
880.6,18.995
880.7,19.995
880.8,17.995
880.9,17.995
881.0,15.996
881.1,13.997
881.2,13.997
881.3,11.997
881.4,8.998
881.5,10.997
881.6,10.997
881.7,8.998
881.8,5.998
881.9,4.999
882.0,9.998
882.1,2.0
882.2,2.0
882.3,1.0
882.4,-2.999
882.5,1.0
882.6,-1.0
882.7,-4.999
882.8,-2.0
882.9,-2.999
883.0,-7.998
883.1,-8.998
883.2,-9.998
883.3,-8.998
883.4,-7.998
883.5,-9.998
883.6,-8.998
883.7,-13.997
883.8,-11.997
883.9,-16.996
884.0,-16.996
884.1,-17.995
884.2,-14.996
884.3,-18.995
884.4,-16.996
884.5,-17.995
884.6,-20.995
884.7,-20.995
884.8,-20.995
884.9,-18.995
885.0,-23.994
885.1,-20.995
885.2,-23.994
885.3,-24.994
885.4,-23.994
885.5,-24.994
885.6,-25.994
885.7,-24.994
885.8,-24.994
885.9,-25.994
886.0,-27.993
886.1,-25.994
886.2,-25.994
886.3,-26.993
886.4,-28.993
886.5,-26.993
886.6,-26.993
886.7,-30.992
886.8,-28.993
886.9,-28.993
887.0,-33.992
887.1,-30.992
887.2,-34.991
887.3,-31.992
887.4,-30.992
887.5,-31.992
887.6,-32.992
887.7,-33.992
887.8,-32.992
887.9,-31.992
888.0,-32.992
888.1,-34.991
888.2,-35.991
888.3,-31.992
888.4,-30.992
888.5,-28.993
888.6,-30.992
888.7,-30.992
888.8,-28.993
888.9,-30.992
889.0,-31.992
889.1,-26.993
889.2,-27.993
889.3,-25.994
889.4,-27.993
889.5,-25.994
889.6,-24.994
889.7,-24.994
889.8,-20.995
889.9,-25.994
890.0,-20.995
890.1,-17.995
890.2,-16.996
890.3,-18.995
890.4,-15.996
890.5,-16.996
890.6,-19.995
890.7,-14.996
890.8,-16.996
890.9,-14.996
891.0,-11.997
891.1,-9.998
891.2,-13.997
891.3,-10.997
891.4,-8.998
891.5,-6.998
891.6,-4.999
891.7,-5.998
891.8,0.0
891.9,-2.999
892.0,-2.0
892.1,2.0
892.2,1.0
892.3,1.0
892.4,5.998
892.5,6.998
892.6,8.998
892.7,7.998
892.8,8.998
892.9,10.997
893.0,8.998
893.1,9.998
893.2,13.997
893.3,13.997
893.4,13.997
893.5,16.996
893.6,15.996
893.7,18.995
893.8,11.997
893.9,19.995
894.0,18.995
894.1,19.995
894.2,23.994
894.3,24.994
894.4,22.994
894.5,23.994
894.6,24.994
894.7,23.994
894.8,23.994
894.9,27.993
895.0,23.994
895.1,24.994
895.2,24.994
895.3,27.993
895.4,27.993
895.5,26.993
895.6,31.992
895.7,31.992
895.8,34.991
895.9,32.992
896.0,30.992
896.1,32.992
896.2,32.992
896.3,33.992
896.4,34.991
896.5,33.992
896.6,34.991
896.7,33.992
896.8,36.991
896.9,37.991
897.0,34.991
897.1,33.992
897.2,35.991
897.3,36.991
897.4,36.991
897.5,34.991
897.6,35.991
897.7,40.99
897.8,34.991
897.9,36.991
898.0,37.991
898.1,37.991
898.2,33.992
898.3,34.991
898.4,33.992
898.5,35.991
898.6,34.991
898.7,30.992
898.8,36.991
898.9,28.993
899.0,27.993
899.1,27.993
899.2,31.992
899.3,31.992
899.4,31.992
899.5,27.993
899.6,32.992
899.7,30.992
899.8,26.993
899.9,26.993
900.0,24.994
900.1,24.994
900.2,20.995
900.3,20.995
900.4,20.995
900.5,20.995
900.6,20.995
900.7,22.994
900.8,16.996
900.9,17.995
901.0,18.995
901.1,14.996
901.2,11.997
901.3,13.997
901.4,13.997
901.5,9.998
901.6,10.997
901.7,8.998
901.8,9.998
901.9,4.999
902.0,5.998
902.1,2.999
902.2,2.0
902.3,2.0
902.4,-1.0
902.5,-1.0
902.6,-2.0
902.7,-1.0
902.8,-2.999
902.9,-2.999
903.0,-6.998
903.1,-7.998
903.2,-8.998
903.3,-7.998
903.4,-8.998
903.5,-8.998
903.6,-11.997
903.7,-9.998
903.8,-11.997
903.9,-14.996
904.0,-17.995
904.1,-16.996
904.2,-16.996
904.3,-18.995
904.4,-15.996
904.5,-17.995
904.6,-19.995
904.7,-18.995
904.8,-19.995
904.9,-17.995
905.0,-22.994
905.1,-22.994
905.2,-24.994
905.3,-25.994
905.4,-26.993
905.5,-26.993
905.6,-23.994
905.7,-26.993
905.8,-28.993
905.9,-22.994
906.0,-25.994
906.1,-25.994
906.2,-25.994
906.3,-25.994
906.4,-27.993
906.5,-31.992
906.6,-26.993
906.7,-28.993
906.8,-30.992
906.9,-28.993
907.0,-33.992
907.1,-30.992
907.2,-31.992
907.3,-31.992
907.4,-30.992
907.5,-30.992
907.6,-31.992
907.7,-31.992
907.8,-31.992
907.9,-28.993
908.0,-31.992
908.1,-34.991
908.2,-31.992
908.3,-30.992
908.4,-30.992
908.5,-25.994
908.6,-33.992
908.7,-28.993
908.8,-28.993
908.9,-27.993
909.0,-28.993
909.1,-27.993
909.2,-27.993
909.3,-25.994
909.4,-25.994
909.5,-25.994
909.6,-27.993
909.7,-24.994
909.8,-20.995
909.9,-22.994
910.0,-22.994
910.1,-22.994
910.2,-17.995
910.3,-18.995
910.4,-16.996
910.5,-18.995
910.6,-13.997
910.7,-15.996
910.8,-10.997
910.9,-11.997
911.0,-13.997
911.1,-11.997
911.2,-11.997
911.3,-9.998
911.4,-10.997
911.5,-7.998
911.6,-6.998
911.7,-4.999
911.8,-2.0
911.9,-2.0
912.0,-1.0
912.1,-1.0
912.2,1.0
912.3,1.0
912.4,2.0
912.5,2.0
912.6,7.998
912.7,6.998
912.8,9.998
912.9,8.998
913.0,9.998
913.1,9.998
913.2,11.997
913.3,10.997
913.4,16.996
913.5,15.996
913.6,16.996
913.7,15.996
913.8,16.996
913.9,18.995
914.0,19.995
914.1,18.995
914.2,18.995
914.3,17.995
914.4,18.995
914.5,17.995
914.6,22.994
914.7,23.994
914.8,20.995
914.9,25.994
915.0,24.994
915.1,25.994
915.2,25.994
915.3,28.993
915.4,25.994
915.5,25.994
915.6,26.993
915.7,25.994
915.8,28.993
915.9,31.992
916.0,25.994
916.1,25.994
916.2,28.993
916.3,28.993
916.4,31.992
916.5,30.992
916.6,33.992
916.7,32.992
916.8,32.992
916.9,31.992
917.0,33.992
917.1,35.991
917.2,36.991
917.3,34.991
917.4,33.992
917.5,34.991
917.6,36.991
917.7,33.992
917.8,32.992
917.9,34.991
918.0,34.991
918.1,35.991
918.2,35.991
918.3,36.991
918.4,36.991
918.5,34.991
918.6,35.991
918.7,31.992
918.8,30.992
918.9,31.992
919.0,32.992
919.1,28.993
919.2,27.993
919.3,28.993
919.4,28.993
919.5,31.992
919.6,28.993
919.7,25.994
919.8,27.993
919.9,26.993
920.0,24.994
920.1,24.994
920.2,23.994
920.3,22.994
920.4,20.995
920.5,22.994
920.6,17.995
920.7,18.995
920.8,15.996
920.9,16.996
921.0,17.995
921.1,19.995
921.2,16.996
921.3,14.996
921.4,8.998
921.5,10.997
921.6,10.997
921.7,7.998
921.8,7.998
921.9,8.998
922.0,2.999
922.1,4.999
922.2,2.0
922.3,2.0
922.4,2.0
922.5,0.0
922.6,-4.999
922.7,-2.999
922.8,-4.999
922.9,-2.999
923.0,-7.998
923.1,-4.999
923.2,-7.998
923.3,-8.998
923.4,-5.998
923.5,-7.998
923.6,-11.997
923.7,-13.997
923.8,-14.996
923.9,-11.997
924.0,-14.996
924.1,-17.995
924.2,-15.996
924.3,-18.995
924.4,-20.995
924.5,-18.995
924.6,-18.995
924.7,-16.996
924.8,-18.995
924.9,-17.995
925.0,-24.994
925.1,-18.995
925.2,-18.995
925.3,-19.995
925.4,-23.994
925.5,-24.994
925.6,-25.994
925.7,-23.994
925.8,-24.994
925.9,-27.993
926.0,-25.994
926.1,-24.994
926.2,-24.994
926.3,-25.994
926.4,-25.994
926.5,-30.992
926.6,-26.993
926.7,-30.992
926.8,-26.993
926.9,-31.992
927.0,-28.993
927.1,-30.992
927.2,-33.992
927.3,-30.992
927.4,-31.992
927.5,-32.992
927.6,-31.992
927.7,-27.993
927.8,-32.992
927.9,-30.992
928.0,-30.992
928.1,-32.992
928.2,-32.992
928.3,-32.992
928.4,-33.992
928.5,-27.993
928.6,-28.993
928.7,-27.993
928.8,-27.993
928.9,-27.993
929.0,-27.993
929.1,-23.994
929.2,-25.994
929.3,-25.994
929.4,-28.993
929.5,-26.993
929.6,-24.994
929.7,-18.995
929.8,-22.994
929.9,-22.994
930.0,-18.995
930.1,-22.994
930.2,-18.995
930.3,-17.995
930.4,-17.995
930.5,-17.995
930.6,-13.997
930.7,-11.997
930.8,-13.997
930.9,-9.998
931.0,-9.998
931.1,-10.997
931.2,-11.997
931.3,-6.998
931.4,-6.998
931.5,-2.0
931.6,-4.999
931.7,-1.0
931.8,-1.0
931.9,-1.0
932.0,1.0
932.1,-1.0
932.2,1.0
932.3,2.999
932.4,6.998
932.5,4.999
932.6,2.999
932.7,11.997
932.8,8.998
932.9,7.998
933.0,11.997
933.1,11.997
933.2,11.997
933.3,14.996
933.4,15.996
933.5,17.995
933.6,16.996
933.7,18.995
933.8,14.996
933.9,19.995
934.0,20.995
934.1,22.994
934.2,23.994
934.3,24.994
934.4,23.994
934.5,20.995
934.6,24.994
934.7,22.994
934.8,28.993
934.9,30.992
935.0,27.993
935.1,25.994
935.2,24.994
935.3,28.993
935.4,27.993
935.5,31.992
935.6,31.992
935.7,31.992
935.8,31.992
935.9,33.992
936.0,32.992
936.1,35.991
936.2,32.992
936.3,36.991
936.4,32.992
936.5,30.992
936.6,33.992
936.7,33.992
936.8,34.991
936.9,35.991
937.0,39.99
937.1,36.991
937.2,36.991
937.3,35.991
937.4,34.991
937.5,34.991
937.6,39.99
937.7,35.991
937.8,34.991
937.9,36.991
938.0,34.991
938.1,37.991
938.2,37.991
938.3,35.991
938.4,36.991
938.5,35.991
938.6,33.992
938.7,33.992
938.8,34.991
938.9,33.992
939.0,30.992
939.1,33.992
939.2,35.991
939.3,30.992
939.4,30.992
939.5,32.992
939.6,30.992
939.7,28.993
939.8,26.993
939.9,26.993
940.0,24.994
940.1,23.994
940.2,25.994
940.3,24.994
940.4,20.995
940.5,23.994
940.6,18.995
940.7,19.995
940.8,19.995
940.9,14.996
941.0,18.995
941.1,14.996
941.2,14.996
941.3,11.997
941.4,11.997
941.5,9.998
941.6,9.998
941.7,4.999
941.8,7.998
941.9,7.998
942.0,5.998
942.1,5.998
942.2,4.999
942.3,1.0
942.4,0.0
942.5,-1.0
942.6,1.0
942.7,-2.0
942.8,-2.999
942.9,-2.999
943.0,-4.999
943.1,-8.998
943.2,-11.997
943.3,-5.998
943.4,-9.998
943.5,-8.998
943.6,-9.998
943.7,-13.997
943.8,-11.997
943.9,-15.996
944.0,-15.996
944.1,-15.996
944.2,-14.996
944.3,-13.997
944.4,-17.995
944.5,-19.995
944.6,-18.995
944.7,-16.996
944.8,-20.995
944.9,-22.994
945.0,-20.995
945.1,-20.995
945.2,-18.995
945.3,-23.994
945.4,-24.994
945.5,-22.994
945.6,-24.994
945.7,-25.994
945.8,-26.993
945.9,-23.994
946.0,-26.993
946.1,-25.994
946.2,-28.993
946.3,-26.993
946.4,-25.994
946.5,-26.993
946.6,-26.993
946.7,-30.992
946.8,-33.992
946.9,-28.993
947.0,-30.992
947.1,-33.992
947.2,-31.992
947.3,-32.992
947.4,-27.993
947.5,-31.992
947.6,-31.992
947.7,-31.992
947.8,-34.991
947.9,-31.992
948.0,-27.993
948.1,-34.991
948.2,-28.993
948.3,-32.992
948.4,-33.992
948.5,-32.992
948.6,-30.992
948.7,-28.993
948.8,-28.993
948.9,-25.994
949.0,-28.993
949.1,-27.993
949.2,-26.993
949.3,-30.992
949.4,-23.994
949.5,-26.993
949.6,-22.994
949.7,-23.994
949.8,-24.994
949.9,-23.994
950.0,-16.996
950.1,-17.995
950.2,-18.995
950.3,-19.995
950.4,-14.996
950.5,-17.995
950.6,-14.996
950.7,-14.996
950.8,-15.996
950.9,-14.996
951.0,-10.997
951.1,-8.998
951.2,-10.997
951.3,-9.998
951.4,-6.998
951.5,-6.998
951.6,-4.999
951.7,-4.999
951.8,-4.999
951.9,-2.0
952.0,-1.0
952.1,4.999
952.2,2.999
952.3,-1.0
952.4,2.999
952.5,5.998
952.6,4.999
952.7,2.0
952.8,8.998
952.9,8.998
953.0,9.998
953.1,10.997
953.2,10.997
953.3,15.996
953.4,15.996
953.5,11.997
953.6,15.996
953.7,13.997
953.8,18.995
953.9,16.996
954.0,18.995
954.1,18.995
954.2,17.995
954.3,23.994
954.4,19.995
954.5,22.994
954.6,24.994
954.7,22.994
954.8,25.994
954.9,24.994
955.0,24.994
955.1,22.994
955.2,26.993
955.3,26.993
955.4,26.993
955.5,26.993
955.6,27.993
955.7,27.993
955.8,30.992
955.9,30.992
956.0,32.992
956.1,30.992
956.2,28.993
956.3,28.993
956.4,28.993
956.5,35.991
956.6,32.992
956.7,34.991
956.8,34.991
956.9,31.992
957.0,33.992
957.1,33.992
957.2,33.992
957.3,36.991
957.4,32.992
957.5,37.991
957.6,39.99
957.7,34.991
957.8,34.991
957.9,34.991
958.0,35.991
958.1,33.992
958.2,33.992
958.3,35.991
958.4,36.991
958.5,34.991
958.6,34.991
958.7,31.992
958.8,27.993
958.9,32.992
959.0,33.992
959.1,30.992
959.2,26.993
959.3,30.992
959.4,28.993
959.5,26.993
959.6,25.994
959.7,25.994
959.8,24.994
959.9,24.994
960.0,27.993
960.1,26.993
960.2,25.994
960.3,18.995
960.4,20.995
960.5,20.995
960.6,20.995
960.7,18.995
960.8,17.995
960.9,15.996
961.0,14.996
961.1,15.996
961.2,15.996
961.3,11.997
961.4,10.997
961.5,10.997
961.6,10.997
961.7,8.998
961.8,5.998
961.9,8.998
962.0,4.999
962.1,5.998
962.2,4.999
962.3,2.999
962.4,2.999
962.5,0.0
962.6,1.0
962.7,-2.0
962.8,-2.0
962.9,-5.998
963.0,-7.998
963.1,-4.999
963.2,-4.999
963.3,-6.998
963.4,-9.998
963.5,-8.998
963.6,-10.997
963.7,-11.997
963.8,-13.997
963.9,-11.997
964.0,-9.998
964.1,-15.996
964.2,-17.995
964.3,-10.997
964.4,-20.995
964.5,-16.996
964.6,-15.996
964.7,-17.995
964.8,-19.995
964.9,-22.994
965.0,-18.995
965.1,-19.995
965.2,-20.995
965.3,-22.994
965.4,-24.994
965.5,-20.995
965.6,-22.994
965.7,-24.994
965.8,-25.994
965.9,-23.994
966.0,-27.993
966.1,-24.994
966.2,-27.993
966.3,-27.993
966.4,-25.994
966.5,-30.992
966.6,-26.993
966.7,-30.992
966.8,-27.993
966.9,-27.993
967.0,-32.992
967.1,-33.992
967.2,-34.991
967.3,-30.992
967.4,-30.992
967.5,-30.992
967.6,-30.992
967.7,-33.992
967.8,-28.993
967.9,-30.992
968.0,-33.992
968.1,-33.992
968.2,-34.991
968.3,-30.992
968.4,-30.992
968.5,-31.992
968.6,-32.992
968.7,-31.992
968.8,-32.992
968.9,-24.994
969.0,-28.993
969.1,-25.994
969.2,-27.993
969.3,-26.993
969.4,-25.994
969.5,-23.994
969.6,-24.994
969.7,-23.994
969.8,-24.994
969.9,-20.995
970.0,-22.994
970.1,-20.995
970.2,-19.995
970.3,-17.995
970.4,-17.995
970.5,-19.995
970.6,-19.995
970.7,-13.997
970.8,-9.998
970.9,-14.996
971.0,-13.997
971.1,-16.996
971.2,-10.997
971.3,-6.998
971.4,-5.998
971.5,-6.998
971.6,-5.998
971.7,-2.999
971.8,-1.0
971.9,-1.0
972.0,2.0
972.1,1.0
972.2,1.0
972.3,2.0
972.4,5.998
972.5,2.999
972.6,4.999
972.7,6.998
972.8,9.998
972.9,7.998
973.0,9.998
973.1,13.997
973.2,10.997
973.3,16.996
973.4,15.996
973.5,16.996
973.6,15.996
973.7,16.996
973.8,19.995
973.9,17.995
974.0,20.995
974.1,22.994
974.2,24.994
974.3,19.995
974.4,24.994
974.5,24.994
974.6,24.994
974.7,24.994
974.8,26.993
974.9,23.994
975.0,27.993
975.1,23.994
975.2,24.994
975.3,26.993
975.4,26.993
975.5,25.994
975.6,25.994
975.7,30.992
975.8,28.993
975.9,34.991
976.0,33.992
976.1,28.993
976.2,31.992
976.3,36.991
976.4,32.992
976.5,31.992
976.6,28.993
976.7,30.992
976.8,32.992
976.9,34.991
977.0,32.992
977.1,37.991
977.2,36.991
977.3,37.991
977.4,34.991
977.5,35.991
977.6,35.991
977.7,35.991
977.8,37.991
977.9,36.991
978.0,40.99
978.1,36.991
978.2,34.991
978.3,35.991
978.4,34.991
978.5,35.991
978.6,33.992
978.7,33.992
978.8,33.992
978.9,32.992
979.0,33.992
979.1,33.992
979.2,30.992
979.3,27.993
979.4,30.992
979.5,30.992
979.6,26.993
979.7,28.993
979.8,31.992
979.9,26.993
980.0,23.994
980.1,24.994
980.2,24.994
980.3,20.995
980.4,19.995
980.5,18.995
980.6,19.995
980.7,13.997
980.8,15.996
980.9,20.995
981.0,17.995
981.1,15.996
981.2,11.997
981.3,14.996
981.4,9.998
981.5,13.997
981.6,8.998
981.7,8.998
981.8,2.0
981.9,6.998
982.0,2.0
982.1,4.999
982.2,0.0
982.3,0.0
982.4,2.0
982.5,0.0
982.6,-2.999
982.7,-2.999
982.8,-2.999
982.9,-2.0
983.0,-4.999
983.1,-7.998
983.2,-10.997
983.3,-8.998
983.4,-8.998
983.5,-11.997
983.6,-11.997
983.7,-10.997
983.8,-14.996
983.9,-13.997
984.0,-13.997
984.1,-11.997
984.2,-17.995
984.3,-17.995
984.4,-14.996
984.5,-18.995
984.6,-15.996
984.7,-23.994
984.8,-17.995
984.9,-22.994
985.0,-18.995
985.1,-20.995
985.2,-20.995
985.3,-22.994
985.4,-20.995
985.5,-22.994
985.6,-22.994
985.7,-20.995
985.8,-26.993
985.9,-27.993
986.0,-24.994
986.1,-27.993
986.2,-27.993
986.3,-24.994
986.4,-25.994
986.5,-24.994
986.6,-26.993
986.7,-30.992
986.8,-26.993
986.9,-26.993
987.0,-27.993
987.1,-31.992
987.2,-32.992
987.3,-32.992
987.4,-30.992
987.5,-31.992
987.6,-32.992
987.7,-33.992
987.8,-31.992
987.9,-30.992
988.0,-28.993
988.1,-28.993
988.2,-28.993
988.3,-31.992
988.4,-31.992
988.5,-26.993
988.6,-28.993
988.7,-30.992
988.8,-28.993
988.9,-25.994
989.0,-26.993
989.1,-25.994
989.2,-22.994
989.3,-26.993
989.4,-25.994
989.5,-20.995
989.6,-23.994
989.7,-23.994
989.8,-19.995
989.9,-23.994
990.0,-23.994
990.1,-20.995
990.2,-18.995
990.3,-19.995
990.4,-19.995
990.5,-16.996
990.6,-16.996
990.7,-15.996
990.8,-16.996
990.9,-13.997
991.0,-11.997
991.1,-11.997
991.2,-7.998
991.3,-10.997
991.4,-5.998
991.5,-9.998
991.6,-4.999
991.7,-2.0
991.8,-2.0
991.9,0.0
992.0,-2.999
992.1,1.0
992.2,1.0
992.3,1.0
992.4,1.0
992.5,4.999
992.6,2.999
992.7,4.999
992.8,8.998
992.9,8.998
993.0,7.998
993.1,7.998
993.2,7.998
993.3,13.997
993.4,11.997
993.5,13.997
993.6,15.996
993.7,15.996
993.8,17.995
993.9,16.996
994.0,18.995
994.1,18.995
994.2,16.996
994.3,18.995
994.4,19.995
994.5,22.994
994.6,19.995
994.7,25.994
994.8,24.994
994.9,22.994
995.0,25.994
995.1,25.994
995.2,24.994
995.3,24.994
995.4,25.994
995.5,28.993
995.6,26.993
995.7,25.994
995.8,25.994
995.9,27.993
996.0,28.993
996.1,28.993
996.2,31.992
996.3,30.992
996.4,33.992
996.5,30.992
996.6,31.992
996.7,30.992
996.8,32.992
996.9,32.992
997.0,35.991
997.1,35.991
997.2,34.991
997.3,35.991
997.4,33.992
997.5,34.991
997.6,33.992
997.7,36.991
997.8,34.991
997.9,35.991
998.0,32.992
998.1,32.992
998.2,33.992
998.3,39.99
998.4,34.991
998.5,31.992
998.6,34.991
998.7,32.992
998.8,33.992
998.9,33.992
999.0,31.992
999.1,28.993
999.2,31.992
999.3,30.992
999.4,27.993
999.5,30.992
999.6,27.993
999.7,28.993
999.8,28.993
999.9,25.994
1000.0,26.993
1000.1,27.993
1000.2,25.994
1000.3,23.994
1000.4,23.994
1000.5,22.994
1000.6,18.995
1000.7,19.995
1000.8,17.995
1000.9,14.996
1001.0,16.996
1001.1,15.996
1001.2,15.996
1001.3,15.996
1001.4,11.997
1001.5,8.998
1001.6,8.998
1001.7,5.998
1001.8,8.998
1001.9,4.999
1002.0,6.998
1002.1,6.998
1002.2,2.999
1002.3,2.0
1002.4,1.0
1002.5,0.0
1002.6,1.0
1002.7,2.0
1002.8,1.0
1002.9,-1.0
1003.0,-5.998
1003.1,-7.998
1003.2,-8.998
1003.3,-8.998
1003.4,-13.997
1003.5,-9.998
1003.6,-13.997
1003.7,-11.997
1003.8,-14.996
1003.9,-10.997
1004.0,-11.997
1004.1,-15.996
1004.2,-13.997
1004.3,-14.996
1004.4,-14.996
1004.5,-17.995
1004.6,-16.996
1004.7,-18.995
1004.8,-18.995
1004.9,-18.995
1005.0,-17.995
1005.1,-20.995
1005.2,-18.995
1005.3,-22.994
1005.4,-19.995
1005.5,-20.995
1005.6,-20.995
1005.7,-24.994
1005.8,-24.994
1005.9,-24.994
1006.0,-22.994
1006.1,-24.994
1006.2,-26.993
1006.3,-26.993
1006.4,-28.993
1006.5,-27.993
1006.6,-26.993
1006.7,-27.993
1006.8,-27.993
1006.9,-30.992
1007.0,-24.994
1007.1,-30.992
1007.2,-32.992
1007.3,-30.992
1007.4,-33.992
1007.5,-33.992
1007.6,-33.992
1007.7,-31.992
1007.8,-30.992
1007.9,-30.992
1008.0,-27.993
1008.1,-27.993
1008.2,-32.992
1008.3,-32.992
1008.4,-28.993
1008.5,-32.992
1008.6,-25.994
1008.7,-26.993
1008.8,-27.993
1008.9,-27.993
1009.0,-25.994
1009.1,-26.993
1009.2,-24.994
1009.3,-22.994
1009.4,-23.994
1009.5,-23.994
1009.6,-22.994
1009.7,-24.994
1009.8,-23.994
1009.9,-22.994
1010.0,-22.994
1010.1,-18.995
1010.2,-19.995
1010.3,-18.995
1010.4,-17.995
1010.5,-17.995
1010.6,-17.995
1010.7,-13.997
1010.8,-10.997
1010.9,-9.998
1011.0,-13.997
1011.1,-13.997
1011.2,-10.997
1011.3,-8.998
1011.4,-6.998
1011.5,-7.998
1011.6,-7.998
1011.7,-5.998
1011.8,-2.0
1011.9,1.0
1012.0,2.0
1012.1,1.0
1012.2,1.0
1012.3,5.998
1012.4,7.998
1012.5,5.998
1012.6,4.999
1012.7,4.999
1012.8,8.998
1012.9,8.998
1013.0,13.997
1013.1,13.997
1013.2,11.997
1013.3,14.996
1013.4,13.997
1013.5,19.995
1013.6,16.996
1013.7,19.995
1013.8,18.995
1013.9,16.996
1014.0,18.995
1014.1,17.995
1014.2,20.995
1014.3,23.994
1014.4,23.994
1014.5,24.994
1014.6,25.994
1014.7,26.993
1014.8,28.993
1014.9,26.993
1015.0,25.994
1015.1,28.993
1015.2,31.992
1015.3,28.993
1015.4,28.993
1015.5,30.992
1015.6,32.992
1015.7,23.994
1015.8,28.993
1015.9,33.992
1016.0,30.992
1016.1,33.992
1016.2,34.991
1016.3,33.992
1016.4,35.991
1016.5,33.992
1016.6,34.991
1016.7,34.991
1016.8,36.991
1016.9,32.992
1017.0,34.991
1017.1,36.991
1017.2,35.991
1017.3,36.991
1017.4,39.99
1017.5,40.99
1017.6,34.991
1017.7,34.991
1017.8,36.991
1017.9,37.991
1018.0,37.991
1018.1,35.991
1018.2,34.991
1018.3,35.991
1018.4,37.991
1018.5,37.991
1018.6,32.992
1018.7,34.991
1018.8,33.992
1018.9,34.991
1019.0,28.993
1019.1,31.992
1019.2,28.993
1019.3,31.992
1019.4,30.992
1019.5,28.993
1019.6,28.993
1019.7,27.993
1019.8,26.993
1019.9,28.993
1020.0,22.994
1020.1,24.994
1020.2,22.994
1020.3,23.994
1020.4,22.994
1020.5,18.995
1020.6,17.995
1020.7,16.996
1020.8,22.994
1020.9,14.996
1021.0,14.996
1021.1,11.997
1021.2,13.997
1021.3,10.997
1021.4,8.998
1021.5,9.998
1021.6,7.998
1021.7,7.998
1021.8,6.998
1021.9,8.998
1022.0,2.0
1022.1,4.999
1022.2,0.0
1022.3,2.999
1022.4,-1.0
1022.5,-1.0
1022.6,-2.0
1022.7,2.0
1022.8,-5.998
1022.9,-5.998
1023.0,-8.998
1023.1,-4.999
1023.2,-9.998
1023.3,-7.998
1023.4,-11.997
1023.5,-13.997
1023.6,-14.996
1023.7,-14.996
1023.8,-15.996
1023.9,-16.996
1024.0,-13.997
1024.1,-17.995
1024.2,-15.996
1024.3,-18.995
1024.4,-16.996
1024.5,-17.995
1024.6,-18.995
1024.7,-18.995
1024.8,-18.995
1024.9,-20.995
1025.0,-22.994
1025.1,-20.995
1025.2,-22.994
1025.3,-22.994
1025.4,-26.993
1025.5,-24.994
1025.6,-23.994
1025.7,-24.994
1025.8,-24.994
1025.9,-27.993
1026.0,-25.994
1026.1,-26.993
1026.2,-27.993
1026.3,-31.992
1026.4,-27.993
1026.5,-31.992
1026.6,-26.993
1026.7,-26.993
1026.8,-30.992
1026.9,-27.993
1027.0,-28.993
1027.1,-34.991
1027.2,-35.991
1027.3,-31.992
1027.4,-32.992
1027.5,-35.991
1027.6,-33.992
1027.7,-33.992
1027.8,-34.991
1027.9,-32.992
1028.0,-33.992
1028.1,-31.992
1028.2,-32.992
1028.3,-35.991
1028.4,-31.992
1028.5,-34.991
1028.6,-31.992
1028.7,-32.992
1028.8,-28.993
1028.9,-31.992
1029.0,-28.993
1029.1,-27.993
1029.2,-25.994
1029.3,-23.994
1029.4,-27.993
1029.5,-27.993
1029.6,-24.994
1029.7,-22.994
1029.8,-24.994
1029.9,-22.994
1030.0,-22.994
1030.1,-22.994
1030.2,-20.995
1030.3,-19.995
1030.4,-17.995
1030.5,-18.995
1030.6,-18.995
1030.7,-14.996
1030.8,-14.996
1030.9,-11.997
1031.0,-11.997
1031.1,-10.997
1031.2,-4.999
1031.3,-6.998
1031.4,-8.998
1031.5,-7.998
1031.6,-2.999
1031.7,-1.0
1031.8,-2.0
1031.9,0.0
1032.0,-1.0
1032.1,0.0
1032.2,1.0
1032.3,4.999
1032.4,6.998
1032.5,9.998
1032.6,2.0
1032.7,5.998
1032.8,8.998
1032.9,10.997
1033.0,6.998
1033.1,13.997
1033.2,11.997
1033.3,13.997
1033.4,15.996
1033.5,15.996
1033.6,17.995
1033.7,17.995
1033.8,17.995
1033.9,18.995
1034.0,17.995
1034.1,19.995
1034.2,19.995
1034.3,22.994
1034.4,18.995
1034.5,23.994
1034.6,25.994
1034.7,23.994
1034.8,24.994
1034.9,26.993
1035.0,25.994
1035.1,25.994
1035.2,27.993
1035.3,27.993
1035.4,26.993
1035.5,30.992
1035.6,27.993
1035.7,26.993
1035.8,33.992
1035.9,31.992
1036.0,30.992
1036.1,30.992
1036.2,32.992
1036.3,32.992
1036.4,32.992
1036.5,32.992
1036.6,34.991
1036.7,31.992
1036.8,32.992
1036.9,33.992
1037.0,33.992
1037.1,35.991
1037.2,34.991
1037.3,34.991
1037.4,35.991
1037.5,35.991
1037.6,39.99
1037.7,40.99
1037.8,35.991
1037.9,35.991
1038.0,36.991
1038.1,35.991
1038.2,32.992
1038.3,34.991
1038.4,32.992
1038.5,31.992
1038.6,35.991
1038.7,32.992
1038.8,33.992
1038.9,34.991
1039.0,30.992
1039.1,33.992
1039.2,32.992
1039.3,33.992
1039.4,27.993
1039.5,26.993
1039.6,27.993
1039.7,27.993
1039.8,25.994
1039.9,28.993
1040.0,28.993
1040.1,25.994
1040.2,23.994
1040.3,23.994
1040.4,20.995
1040.5,20.995
1040.6,19.995
1040.7,22.994
1040.8,18.995
1040.9,15.996
1041.0,13.997
1041.1,13.997
1041.2,14.996
1041.3,14.996
1041.4,14.996
1041.5,9.998
1041.6,8.998
1041.7,7.998
1041.8,5.998
1041.9,9.998
1042.0,2.999
1042.1,1.0
1042.2,2.0
1042.3,0.0
1042.4,1.0
1042.5,-1.0
1042.6,-1.0
1042.7,-2.0
1042.8,-5.998
1042.9,-4.999
1043.0,-4.999
1043.1,-7.998
1043.2,-5.998
1043.3,-8.998
1043.4,-11.997
1043.5,-14.996
1043.6,-13.997
1043.7,-10.997
1043.8,-18.995
1043.9,-14.996
1044.0,-13.997
1044.1,-14.996
1044.2,-15.996
1044.3,-15.996
1044.4,-17.995
1044.5,-17.995
1044.6,-20.995
1044.7,-20.995
1044.8,-20.995
1044.9,-19.995
1045.0,-19.995
1045.1,-25.994
1045.2,-24.994
1045.3,-22.994
1045.4,-20.995
1045.5,-25.994
1045.6,-20.995
1045.7,-22.994
1045.8,-24.994
1045.9,-24.994
1046.0,-25.994
1046.1,-24.994
1046.2,-25.994
1046.3,-28.993
1046.4,-28.993
1046.5,-28.993
1046.6,-31.992
1046.7,-30.992
1046.8,-27.993
1046.9,-28.993
1047.0,-31.992
1047.1,-33.992
1047.2,-28.993
1047.3,-28.993
1047.4,-34.991
1047.5,-34.991
1047.6,-30.992
1047.7,-33.992
1047.8,-35.991
1047.9,-33.992
1048.0,-32.992
1048.1,-33.992
1048.2,-34.991
1048.3,-30.992
1048.4,-32.992
1048.5,-30.992
1048.6,-27.993
1048.7,-28.993
1048.8,-31.992
1048.9,-30.992
1049.0,-27.993
1049.1,-27.993
1049.2,-24.994
1049.3,-24.994
1049.4,-25.994
1049.5,-26.993
1049.6,-22.994
1049.7,-19.995
1049.8,-19.995
1049.9,-23.994
1050.0,-20.995
1050.1,-20.995
1050.2,-17.995
1050.3,-17.995
1050.4,-18.995
1050.5,-18.995
1050.6,-16.996
1050.7,-10.997
1050.8,-10.997
1050.9,-7.998
1051.0,-9.998
1051.1,-11.997
1051.2,-7.998
1051.3,-9.998
1051.4,-7.998
1051.5,-5.998
1051.6,-2.999
1051.7,-5.998
1051.8,-2.0
1051.9,-1.0
1052.0,2.0
1052.1,2.0
1052.2,2.999
1052.3,2.999
1052.4,5.998
1052.5,7.998
1052.6,5.998
1052.7,8.998
1052.8,9.998
1052.9,9.998
1053.0,9.998
1053.1,10.997
1053.2,10.997
1053.3,13.997
1053.4,11.997
1053.5,17.995
1053.6,14.996
1053.7,16.996
1053.8,18.995
1053.9,19.995
1054.0,18.995
1054.1,20.995
1054.2,16.996
1054.3,20.995
1054.4,24.994
1054.5,19.995
1054.6,23.994
1054.7,25.994
1054.8,25.994
1054.9,26.993
1055.0,31.992
1055.1,26.993
1055.2,25.994
1055.3,28.993
1055.4,25.994
1055.5,25.994
1055.6,24.994
1055.7,25.994
1055.8,30.992
1055.9,32.992
1056.0,32.992
1056.1,33.992
1056.2,36.991
1056.3,32.992
1056.4,32.992
1056.5,33.992
1056.6,34.991
1056.7,32.992
1056.8,33.992
1056.9,31.992
1057.0,35.991
1057.1,34.991
1057.2,34.991
1057.3,35.991
1057.4,40.99
1057.5,37.991
1057.6,37.991
1057.7,37.991
1057.8,37.991
1057.9,35.991
1058.0,34.991
1058.1,31.992
1058.2,36.991
1058.3,33.992
1058.4,36.991
1058.5,32.992
1058.6,30.992
1058.7,33.992
1058.8,31.992
1058.9,34.991
1059.0,32.992
1059.1,34.991
1059.2,31.992
1059.3,30.992
1059.4,28.993
1059.5,30.992
1059.6,26.993
1059.7,27.993
1059.8,26.993
1059.9,25.994
1060.0,26.993
1060.1,25.994
1060.2,24.994
1060.3,23.994
1060.4,22.994
1060.5,22.994
1060.6,20.995
1060.7,20.995
1060.8,22.994
1060.9,15.996
1061.0,15.996
1061.1,13.997
1061.2,15.996
1061.3,14.996
1061.4,10.997
1061.5,8.998
1061.6,9.998
1061.7,10.997
1061.8,7.998
1061.9,6.998
1062.0,2.999
1062.1,2.0
1062.2,2.0
1062.3,1.0
1062.4,1.0
1062.5,-1.0
1062.6,1.0
1062.7,2.0
1062.8,-5.998
1062.9,-2.999
1063.0,-5.998
1063.1,-8.998
1063.2,-7.998
1063.3,-9.998
1063.4,-8.998
1063.5,-8.998
1063.6,-9.998
1063.7,-11.997
1063.8,-13.997
1063.9,-14.996
1064.0,-14.996
1064.1,-13.997
1064.2,-14.996
1064.3,-17.995
1064.4,-14.996
1064.5,-17.995
1064.6,-19.995
1064.7,-17.995
1064.8,-17.995
1064.9,-20.995
1065.0,-16.996
1065.1,-22.994
1065.2,-20.995
1065.3,-23.994
1065.4,-24.994
1065.5,-20.995
1065.6,-25.994
1065.7,-19.995
1065.8,-23.994
1065.9,-23.994
1066.0,-25.994
1066.1,-26.993
1066.2,-23.994
1066.3,-24.994
1066.4,-27.993
1066.5,-31.992
1066.6,-31.992
1066.7,-30.992
1066.8,-31.992
1066.9,-26.993
1067.0,-31.992
1067.1,-30.992
1067.2,-27.993
1067.3,-31.992
1067.4,-31.992
1067.5,-33.992
1067.6,-33.992
1067.7,-33.992
1067.8,-34.991
1067.9,-34.991
1068.0,-30.992
1068.1,-30.992
1068.2,-32.992
1068.3,-31.992
1068.4,-30.992
1068.5,-27.993
1068.6,-30.992
1068.7,-31.992
1068.8,-30.992
1068.9,-28.993
1069.0,-30.992
1069.1,-31.992
1069.2,-27.993
1069.3,-27.993
1069.4,-25.994
1069.5,-26.993
1069.6,-19.995
1069.7,-23.994
1069.8,-22.994
1069.9,-20.995
1070.0,-22.994
1070.1,-18.995
1070.2,-19.995
1070.3,-18.995
1070.4,-20.995
1070.5,-16.996
1070.6,-17.995
1070.7,-16.996
1070.8,-8.998
1070.9,-13.997
1071.0,-11.997
1071.1,-8.998
1071.2,-9.998
1071.3,-10.997
1071.4,-8.998
1071.5,-4.999
1071.6,-2.999
1071.7,-5.998
1071.8,-2.999
1071.9,0.0
1072.0,0.0
1072.1,-2.999
1072.2,1.0
1072.3,1.0
1072.4,1.0
1072.5,5.998
1072.6,2.0
1072.7,2.999
1072.8,5.998
1072.9,7.998
1073.0,8.998
1073.1,11.997
1073.2,9.998
1073.3,10.997
1073.4,9.998
1073.5,15.996
1073.6,15.996
1073.7,14.996
1073.8,18.995
1073.9,15.996
1074.0,18.995
1074.1,18.995
1074.2,20.995
1074.3,19.995
1074.4,18.995
1074.5,19.995
1074.6,19.995
1074.7,23.994
1074.8,25.994
1074.9,23.994
1075.0,27.993
1075.1,25.994
1075.2,25.994
1075.3,24.994
1075.4,25.994
1075.5,26.993
1075.6,24.994
1075.7,26.993
1075.8,28.993
1075.9,30.992
1076.0,27.993
1076.1,28.993
1076.2,31.992
1076.3,30.992
1076.4,32.992
1076.5,34.991
1076.6,33.992
1076.7,28.993
1076.8,31.992
1076.9,33.992
1077.0,31.992
1077.1,37.991
1077.2,36.991
1077.3,32.992
1077.4,33.992
1077.5,36.991
1077.6,36.991
1077.7,36.991
1077.8,32.992
1077.9,35.991
1078.0,31.992
1078.1,32.992
1078.2,35.991
1078.3,35.991
1078.4,32.992
1078.5,31.992
1078.6,30.992
1078.7,32.992
1078.8,32.992
1078.9,33.992
1079.0,28.993
1079.1,32.992
1079.2,31.992
1079.3,27.993
1079.4,33.992
1079.5,27.993
1079.6,25.994
1079.7,28.993
1079.8,26.993
1079.9,25.994
1080.0,26.993
1080.1,26.993
1080.2,22.994
1080.3,24.994
1080.4,26.993
1080.5,20.995
1080.6,18.995
1080.7,24.994
1080.8,20.995
1080.9,18.995
1081.0,16.996
1081.1,13.997
1081.2,13.997
1081.3,16.996
1081.4,9.998
1081.5,8.998
1081.6,9.998
1081.7,8.998
1081.8,6.998
1081.9,7.998
1082.0,2.0
1082.1,5.998
1082.2,2.0
1082.3,-2.0
1082.4,-1.0
1082.5,-1.0
1082.6,1.0
1082.7,0.0
1082.8,-5.998
1082.9,-1.0
1083.0,-5.998
1083.1,-2.999
1083.2,-7.998
1083.3,-6.998
1083.4,-9.998
1083.5,-13.997
1083.6,-9.998
1083.7,-10.997
1083.8,-16.996
1083.9,-14.996
1084.0,-16.996
1084.1,-16.996
1084.2,-14.996
1084.3,-11.997
1084.4,-15.996
1084.5,-20.995
1084.6,-20.995
1084.7,-16.996
1084.8,-18.995
1084.9,-20.995
1085.0,-19.995
1085.1,-24.994
1085.2,-23.994
1085.3,-24.994
1085.4,-23.994
1085.5,-24.994
1085.6,-23.994
1085.7,-23.994
1085.8,-20.995
1085.9,-25.994
1086.0,-25.994
1086.1,-27.993
1086.2,-27.993
1086.3,-28.993
1086.4,-28.993
1086.5,-30.992
1086.6,-28.993
1086.7,-28.993
1086.8,-28.993
1086.9,-31.992
1087.0,-30.992
1087.1,-31.992
1087.2,-28.993
1087.3,-33.992
1087.4,-31.992
1087.5,-34.991
1087.6,-31.992
1087.7,-33.992
1087.8,-31.992
1087.9,-30.992
1088.0,-31.992
1088.1,-32.992
1088.2,-31.992
1088.3,-27.993
1088.4,-32.992
1088.5,-28.993
1088.6,-28.993
1088.7,-28.993
1088.8,-28.993
1088.9,-30.992
1089.0,-26.993
1089.1,-30.992
1089.2,-27.993
1089.3,-27.993
1089.4,-26.993
1089.5,-24.994
1089.6,-23.994
1089.7,-25.994
1089.8,-24.994
1089.9,-22.994
1090.0,-19.995
1090.1,-18.995
1090.2,-20.995
1090.3,-20.995
1090.4,-20.995
1090.5,-16.996
1090.6,-13.997
1090.7,-14.996
1090.8,-13.997
1090.9,-14.996
1091.0,-11.997
1091.1,-8.998
1091.2,-9.998
1091.3,-9.998
1091.4,-7.998
1091.5,-2.999
1091.6,-7.998
1091.7,0.0
1091.8,-6.998
1091.9,-2.999
1092.0,-1.0
1092.1,1.0
1092.2,5.998
1092.3,5.998
1092.4,4.999
1092.5,5.998
1092.6,9.998
1092.7,9.998
1092.8,6.998
1092.9,10.997
1093.0,8.998
1093.1,13.997
1093.2,14.996
1093.3,11.997
1093.4,13.997
1093.5,13.997
1093.6,16.996
1093.7,15.996
1093.8,18.995
1093.9,17.995
1094.0,17.995
1094.1,17.995
1094.2,19.995
1094.3,22.994
1094.4,22.994
1094.5,22.994
1094.6,23.994
1094.7,25.994
1094.8,24.994
1094.9,27.993
1095.0,26.993
1095.1,28.993
1095.2,24.994
1095.3,28.993
1095.4,26.993
1095.5,28.993
1095.6,27.993
1095.7,30.992
1095.8,27.993
1095.9,30.992
1096.0,28.993
1096.1,28.993
1096.2,31.992
1096.3,33.992
1096.4,31.992
1096.5,31.992
1096.6,34.991
1096.7,33.992
1096.8,34.991
1096.9,31.992
1097.0,35.991
1097.1,36.991
1097.2,34.991
1097.3,31.992
1097.4,33.992
1097.5,36.991
1097.6,35.991
1097.7,36.991
1097.8,33.992
1097.9,34.991
1098.0,35.991
1098.1,31.992
1098.2,35.991
1098.3,36.991
1098.4,33.992
1098.5,34.991
1098.6,33.992
1098.7,32.992
1098.8,34.991
1098.9,32.992
1099.0,35.991
1099.1,33.992
1099.2,31.992
1099.3,31.992
1099.4,28.993
1099.5,31.992
1099.6,27.993
1099.7,26.993
1099.8,24.994
1099.9,25.994
1100.0,25.994
1100.1,24.994
1100.2,22.994
1100.3,24.994
1100.4,22.994
1100.5,19.995
1100.6,22.994
1100.7,20.995
1100.8,16.996
1100.9,15.996
1101.0,13.997
1101.1,13.997
1101.2,16.996
1101.3,9.998
1101.4,13.997
1101.5,8.998
1101.6,9.998
1101.7,6.998
1101.8,6.998
1101.9,7.998
1102.0,8.998
1102.1,4.999
1102.2,1.0
1102.3,2.0
1102.4,-4.999
1102.5,-2.0
1102.6,-2.999
1102.7,-2.0
1102.8,-4.999
1102.9,-2.999
1103.0,-2.999
1103.1,-2.999
1103.2,-8.998
1103.3,-6.998
1103.4,-8.998
1103.5,-7.998
1103.6,-13.997
1103.7,-13.997
1103.8,-14.996
1103.9,-13.997
1104.0,-16.996
1104.1,-14.996
1104.2,-16.996
1104.3,-16.996
1104.4,-17.995
1104.5,-16.996
1104.6,-13.997
1104.7,-17.995
1104.8,-19.995
1104.9,-19.995
1105.0,-19.995
1105.1,-24.994
1105.2,-18.995
1105.3,-20.995
1105.4,-26.993
1105.5,-24.994
1105.6,-20.995
1105.7,-24.994
1105.8,-22.994
1105.9,-25.994
1106.0,-24.994
1106.1,-23.994
1106.2,-25.994
1106.3,-25.994
1106.4,-27.993
1106.5,-31.992
1106.6,-32.992
1106.7,-28.993
1106.8,-31.992
1106.9,-30.992
1107.0,-28.993
1107.1,-30.992
1107.2,-32.992
1107.3,-32.992
1107.4,-32.992
1107.5,-31.992
1107.6,-31.992
1107.7,-31.992
1107.8,-34.991
1107.9,-34.991
1108.0,-32.992
1108.1,-27.993
1108.2,-30.992
1108.3,-31.992
1108.4,-28.993
1108.5,-30.992
1108.6,-31.992
1108.7,-31.992
1108.8,-28.993
1108.9,-28.993
1109.0,-28.993
1109.1,-25.994
1109.2,-25.994
1109.3,-23.994
1109.4,-26.993
1109.5,-25.994
1109.6,-24.994
1109.7,-24.994
1109.8,-22.994
1109.9,-20.995
1110.0,-23.994
1110.1,-19.995
1110.2,-20.995
1110.3,-20.995
1110.4,-17.995
1110.5,-15.996
1110.6,-20.995
1110.7,-14.996
1110.8,-11.997
1110.9,-16.996
1111.0,-10.997
1111.1,-7.998
1111.2,-10.997
1111.3,-8.998
1111.4,-8.998
1111.5,-7.998
1111.6,-6.998
1111.7,-6.998
1111.8,-4.999
1111.9,-2.999
1112.0,-1.0
1112.1,1.0
1112.2,1.0
1112.3,2.999
1112.4,4.999
1112.5,8.998
1112.6,8.998
1112.7,5.998
1112.8,7.998
1112.9,9.998
1113.0,2.999
1113.1,8.998
1113.2,11.997
1113.3,11.997
1113.4,10.997
1113.5,13.997
1113.6,13.997
1113.7,18.995
1113.8,16.996
1113.9,19.995
1114.0,19.995
1114.1,18.995
1114.2,19.995
1114.3,17.995
1114.4,20.995
1114.5,19.995
1114.6,22.994
1114.7,20.995
1114.8,25.994
1114.9,18.995
1115.0,25.994
1115.1,26.993
1115.2,25.994
1115.3,24.994
1115.4,22.994
1115.5,27.993
1115.6,27.993
1115.7,25.994
1115.8,28.993
1115.9,31.992
1116.0,31.992
1116.1,30.992
1116.2,31.992
1116.3,31.992
1116.4,33.992
1116.5,31.992
1116.6,33.992
1116.7,33.992
1116.8,34.991
1116.9,32.992
1117.0,35.991
1117.1,32.992
1117.2,34.991
1117.3,32.992
1117.4,35.991
1117.5,35.991
1117.6,35.991
1117.7,35.991
1117.8,41.989
1117.9,36.991
1118.0,37.991
1118.1,34.991
1118.2,36.991
1118.3,31.992
1118.4,34.991
1118.5,33.992
1118.6,33.992
1118.7,32.992
1118.8,32.992
1118.9,31.992
1119.0,28.993
1119.1,31.992
1119.2,32.992
1119.3,27.993
1119.4,27.993
1119.5,28.993
1119.6,28.993
1119.7,25.994
1119.8,27.993
1119.9,24.994
1120.0,25.994
1120.1,22.994
1120.2,24.994
1120.3,20.995
1120.4,20.995
1120.5,19.995
1120.6,18.995
1120.7,17.995
1120.8,20.995
1120.9,17.995
1121.0,14.996
1121.1,14.996
1121.2,13.997
1121.3,9.998
1121.4,14.996
1121.5,11.997
1121.6,9.998
1121.7,8.998
1121.8,8.998
1121.9,6.998
1122.0,2.0
1122.1,2.0
1122.2,1.0
1122.3,1.0
1122.4,-1.0
1122.5,2.0
1122.6,0.0
1122.7,-4.999
1122.8,-6.998
1122.9,-5.998
1123.0,-4.999
1123.1,-7.998
1123.2,-7.998
1123.3,-7.998
1123.4,-11.997
1123.5,-10.997
1123.6,-11.997
1123.7,-14.996
1123.8,-15.996
1123.9,-16.996
1124.0,-15.996
1124.1,-15.996
1124.2,-15.996
1124.3,-15.996
1124.4,-16.996
1124.5,-18.995
1124.6,-16.996
1124.7,-19.995
1124.8,-20.995
1124.9,-22.994
1125.0,-20.995
1125.1,-23.994
1125.2,-19.995
1125.3,-23.994
1125.4,-27.993
1125.5,-24.994
1125.6,-25.994
1125.7,-24.994
1125.8,-20.995
1125.9,-25.994
1126.0,-25.994
1126.1,-25.994
1126.2,-30.992
1126.3,-26.993
1126.4,-32.992
1126.5,-28.993
1126.6,-30.992
1126.7,-30.992
1126.8,-31.992
1126.9,-28.993
1127.0,-31.992
1127.1,-31.992
1127.2,-27.993
1127.3,-30.992
1127.4,-31.992
1127.5,-32.992
1127.6,-33.992
1127.7,-31.992
1127.8,-32.992
1127.9,-33.992
1128.0,-32.992
1128.1,-31.992
1128.2,-32.992
1128.3,-30.992
1128.4,-30.992
1128.5,-30.992
1128.6,-27.993
1128.7,-26.993
1128.8,-27.993
1128.9,-28.993
1129.0,-30.992
1129.1,-26.993
1129.2,-28.993
1129.3,-24.994
1129.4,-28.993
1129.5,-25.994
1129.6,-25.994
1129.7,-20.995
1129.8,-23.994
1129.9,-19.995
1130.0,-20.995
1130.1,-18.995
1130.2,-19.995
1130.3,-18.995
1130.4,-18.995
1130.5,-15.996
1130.6,-14.996
1130.7,-16.996
1130.8,-13.997
1130.9,-11.997
1131.0,-10.997
1131.1,-13.997
1131.2,-7.998
1131.3,-9.998
1131.4,-7.998
1131.5,-4.999
1131.6,-6.998
1131.7,-4.999
1131.8,-1.0
1131.9,-1.0
1132.0,1.0
1132.1,2.999
1132.2,0.0
1132.3,5.998
1132.4,5.998
1132.5,6.998
1132.6,7.998
1132.7,5.998
1132.8,8.998
1132.9,6.998
1133.0,9.998
1133.1,11.997
1133.2,11.997
1133.3,14.996
1133.4,13.997
1133.5,16.996
1133.6,16.996
1133.7,16.996
1133.8,15.996
1133.9,20.995
1134.0,23.994
1134.1,20.995
1134.2,24.994
1134.3,22.994
1134.4,22.994
1134.5,19.995
1134.6,23.994
1134.7,24.994
1134.8,23.994
1134.9,25.994
1135.0,28.993
1135.1,26.993
1135.2,25.994
1135.3,28.993
1135.4,31.992
1135.5,31.992
1135.6,27.993
1135.7,27.993
1135.8,32.992
1135.9,30.992
1136.0,25.994
1136.1,33.992
1136.2,31.992
1136.3,33.992
1136.4,32.992
1136.5,32.992
1136.6,35.991
1136.7,33.992
1136.8,35.991
1136.9,35.991
1137.0,33.992
1137.1,35.991
1137.2,36.991
1137.3,37.991
1137.4,34.991
1137.5,32.992
1137.6,34.991
1137.7,35.991
1137.8,37.991
1137.9,36.991
1138.0,34.991
1138.1,34.991
1138.2,35.991
1138.3,35.991
1138.4,36.991
1138.5,31.992
1138.6,32.992
1138.7,35.991
1138.8,32.992
1138.9,33.992
1139.0,32.992
1139.1,32.992
1139.2,30.992
1139.3,31.992
1139.4,27.993
1139.5,27.993
1139.6,26.993
1139.7,25.994
1139.8,25.994
1139.9,27.993
1140.0,24.994
1140.1,25.994
1140.2,25.994
1140.3,20.995
1140.4,23.994
1140.5,22.994
1140.6,20.995
1140.7,17.995
1140.8,18.995
1140.9,17.995
1141.0,15.996
1141.1,16.996
1141.2,15.996
1141.3,9.998
1141.4,11.997
1141.5,11.997
1141.6,7.998
1141.7,5.998
1141.8,4.999
1141.9,4.999
1142.0,6.998
1142.1,2.0
1142.2,1.0
1142.3,0.0
1142.4,1.0
1142.5,0.0
1142.6,1.0
1142.7,-2.999
1142.8,-5.998
1142.9,-1.0
1143.0,-2.999
1143.1,-6.998
1143.2,-7.998
1143.3,-7.998
1143.4,-8.998
1143.5,-10.997
1143.6,-8.998
1143.7,-13.997
1143.8,-14.996
1143.9,-15.996
1144.0,-16.996
1144.1,-16.996
1144.2,-16.996
1144.3,-16.996
1144.4,-15.996
1144.5,-15.996
1144.6,-16.996
1144.7,-17.995
1144.8,-16.996
1144.9,-17.995
1145.0,-18.995
1145.1,-18.995
1145.2,-20.995
1145.3,-22.994
1145.4,-22.994
1145.5,-25.994
1145.6,-24.994
1145.7,-22.994
1145.8,-22.994
1145.9,-24.994
1146.0,-25.994
1146.1,-23.994
1146.2,-26.993
1146.3,-27.993
1146.4,-26.993
1146.5,-27.993
1146.6,-27.993
1146.7,-22.994
1146.8,-31.992
1146.9,-30.992
1147.0,-30.992
1147.1,-27.993
1147.2,-31.992
1147.3,-31.992
1147.4,-28.993
1147.5,-30.992
1147.6,-31.992
1147.7,-32.992
1147.8,-33.992
1147.9,-26.993
1148.0,-31.992
1148.1,-34.991
1148.2,-32.992
1148.3,-31.992
1148.4,-30.992
1148.5,-30.992
1148.6,-30.992
1148.7,-28.993
1148.8,-27.993
1148.9,-27.993
1149.0,-27.993
1149.1,-25.994
1149.2,-27.993
1149.3,-28.993
1149.4,-23.994
1149.5,-25.994
1149.6,-23.994
1149.7,-23.994
1149.8,-23.994
1149.9,-23.994
1150.0,-24.994
1150.1,-20.995
1150.2,-18.995
1150.3,-14.996
1150.4,-19.995
1150.5,-20.995
1150.6,-17.995
1150.7,-16.996
1150.8,-15.996
1150.9,-16.996
1151.0,-10.997
1151.1,-13.997
1151.2,-11.997
1151.3,-8.998
1151.4,-9.998
1151.5,-8.998
1151.6,-6.998
1151.7,-8.998
1151.8,-6.998
1151.9,-5.998
1152.0,1.0
1152.1,-1.0
1152.2,-1.0
1152.3,4.999
1152.4,5.998
1152.5,2.0
1152.6,4.999
1152.7,6.998
1152.8,6.998
1152.9,5.998
1153.0,9.998
1153.1,6.998
1153.2,8.998
1153.3,8.998
1153.4,11.997
1153.5,13.997
1153.6,11.997
1153.7,14.996
1153.8,17.995
1153.9,16.996
1154.0,16.996
1154.1,16.996
1154.2,16.996
1154.3,18.995
1154.4,17.995
1154.5,17.995
1154.6,19.995
1154.7,22.994
1154.8,23.994
1154.9,23.994
1155.0,22.994
1155.1,23.994
1155.2,25.994
1155.3,27.993
1155.4,25.994
1155.5,23.994
1155.6,25.994
1155.7,24.994
1155.8,25.994
1155.9,23.994
1156.0,26.993
1156.1,26.993
1156.2,26.993
1156.3,28.993
1156.4,30.992
1156.5,31.992
1156.6,33.992
1156.7,32.992
1156.8,34.991
1156.9,34.991
1157.0,30.992
1157.1,32.992
1157.2,33.992
1157.3,34.991
1157.4,33.992
1157.5,35.991
1157.6,31.992
1157.7,36.991
1157.8,32.992
1157.9,32.992
1158.0,36.991
1158.1,35.991
1158.2,33.992
1158.3,34.991
1158.4,32.992
1158.5,30.992
1158.6,34.991
1158.7,31.992
1158.8,27.993
1158.9,31.992
1159.0,30.992
1159.1,33.992
1159.2,28.993
1159.3,31.992
1159.4,30.992
1159.5,33.992
1159.6,31.992
1159.7,28.993
1159.8,27.993
1159.9,24.994
1160.0,24.994
1160.1,25.994
1160.2,24.994
1160.3,26.993
1160.4,22.994
1160.5,23.994
1160.6,23.994
1160.7,20.995
1160.8,18.995
1160.9,15.996
1161.0,16.996
1161.1,16.996
1161.2,13.997
1161.3,11.997
1161.4,11.997
1161.5,9.998
1161.6,9.998
1161.7,5.998
1161.8,6.998
1161.9,5.998
1162.0,4.999
1162.1,5.998
1162.2,-1.0
1162.3,-1.0
1162.4,2.999
1162.5,-1.0
1162.6,-2.999
1162.7,1.0
1162.8,-2.999
1162.9,-2.999
1163.0,-7.998
1163.1,-7.998
1163.2,-5.998
1163.3,-5.998
1163.4,-8.998
1163.5,-8.998
1163.6,-10.997
1163.7,-11.997
1163.8,-14.996
1163.9,-15.996
1164.0,-15.996
1164.1,-17.995
1164.2,-15.996
1164.3,-15.996
1164.4,-16.996
1164.5,-17.995
1164.6,-16.996
1164.7,-18.995
1164.8,-17.995
1164.9,-22.994
1165.0,-18.995
1165.1,-20.995
1165.2,-19.995
1165.3,-19.995
1165.4,-22.994
1165.5,-22.994
1165.6,-18.995
1165.7,-25.994
1165.8,-26.993
1165.9,-26.993
1166.0,-22.994
1166.1,-22.994
1166.2,-28.993
1166.3,-27.993
1166.4,-28.993
1166.5,-31.992
1166.6,-30.992
1166.7,-33.992
1166.8,-26.993
1166.9,-31.992
1167.0,-30.992
1167.1,-31.992
1167.2,-32.992
1167.3,-30.992
1167.4,-31.992
1167.5,-31.992
1167.6,-33.992
1167.7,-33.992
1167.8,-32.992
1167.9,-32.992
1168.0,-32.992
1168.1,-31.992
1168.2,-34.991
1168.3,-30.992
1168.4,-26.993
1168.5,-27.993
1168.6,-28.993
1168.7,-28.993
1168.8,-26.993
1168.9,-27.993
1169.0,-24.994
1169.1,-25.994
1169.2,-27.993
1169.3,-26.993
1169.4,-25.994
1169.5,-20.995
1169.6,-24.994
1169.7,-25.994
1169.8,-20.995
1169.9,-22.994
1170.0,-20.995
1170.1,-16.996
1170.2,-16.996
1170.3,-19.995
1170.4,-17.995
1170.5,-13.997
1170.6,-17.995
1170.7,-13.997
1170.8,-9.998
1170.9,-9.998
1171.0,-8.998
1171.1,-8.998
1171.2,-8.998
1171.3,-7.998
1171.4,-7.998
1171.5,-2.999
1171.6,-4.999
1171.7,0.0
1171.8,-4.999
1171.9,-2.0
1172.0,1.0
1172.1,1.0
1172.2,2.0
1172.3,4.999
1172.4,6.998
1172.5,6.998
1172.6,6.998
1172.7,9.998
1172.8,9.998
1172.9,11.997
1173.0,13.997
1173.1,11.997
1173.2,13.997
1173.3,13.997
1173.4,15.996
1173.5,13.997
1173.6,17.995
1173.7,19.995
1173.8,18.995
1173.9,22.994
1174.0,23.994
1174.1,22.994
1174.2,22.994
1174.3,22.994
1174.4,19.995
1174.5,25.994
1174.6,25.994
1174.7,23.994
1174.8,26.993
1174.9,24.994
1175.0,23.994
1175.1,27.993
1175.2,30.992
1175.3,28.993
1175.4,28.993
1175.5,32.992
1175.6,32.992
1175.7,31.992
1175.8,31.992
1175.9,31.992
1176.0,31.992
1176.1,32.992
1176.2,32.992
1176.3,31.992
1176.4,35.991
1176.5,33.992
1176.6,33.992
1176.7,33.992
1176.8,35.991
1176.9,35.991
1177.0,35.991
1177.1,33.992
1177.2,35.991
1177.3,39.99
1177.4,34.991
1177.5,34.991
1177.6,37.991
1177.7,35.991
1177.8,39.99
1177.9,35.991
1178.0,39.99
1178.1,37.991
1178.2,34.991
1178.3,34.991
1178.4,39.99
1178.5,36.991
1178.6,35.991
1178.7,34.991
1178.8,27.993
1178.9,36.991
1179.0,32.992
1179.1,32.992
1179.2,31.992
1179.3,32.992
1179.4,31.992
1179.5,30.992
1179.6,27.993
1179.7,27.993
1179.8,25.994
1179.9,27.993
1180.0,25.994
1180.1,26.993
1180.2,22.994
1180.3,24.994
1180.4,22.994
1180.5,20.995
1180.6,17.995
1180.7,20.995
1180.8,19.995
1180.9,16.996
1181.0,18.995
1181.1,11.997
1181.2,14.996
1181.3,10.997
1181.4,9.998
1181.5,9.998
1181.6,8.998
1181.7,4.999
1181.8,2.0
1181.9,5.998
1182.0,7.998
1182.1,2.999
1182.2,2.999
1182.3,1.0
1182.4,1.0
1182.5,0.0
1182.6,-5.998
1182.7,-2.999
1182.8,-6.998
1182.9,-4.999
1183.0,-6.998
1183.1,-8.998
1183.2,-11.997
1183.3,-9.998
1183.4,-11.997
1183.5,-9.998
1183.6,-16.996
1183.7,-16.996
1183.8,-16.996
1183.9,-16.996
1184.0,-18.995
1184.1,-17.995
1184.2,-17.995
1184.3,-14.996
1184.4,-16.996
1184.5,-19.995
1184.6,-19.995
1184.7,-19.995
1184.8,-20.995
1184.9,-24.994
1185.0,-18.995
1185.1,-22.994
1185.2,-23.994
1185.3,-22.994
1185.4,-27.993
1185.5,-26.993
1185.6,-25.994
1185.7,-28.993
1185.8,-26.993
1185.9,-26.993
1186.0,-26.993
1186.1,-26.993
1186.2,-30.992
1186.3,-25.994
1186.4,-27.993
1186.5,-26.993
1186.6,-28.993
1186.7,-31.992
1186.8,-28.993
1186.9,-33.992
1187.0,-33.992
1187.1,-33.992
1187.2,-33.992
1187.3,-32.992
1187.4,-32.992
1187.5,-35.991
1187.6,-35.991
1187.7,-34.991
1187.8,-35.991
1187.9,-33.992
1188.0,-30.992
1188.1,-34.991
1188.2,-33.992
1188.3,-32.992
1188.4,-31.992
1188.5,-34.991
1188.6,-30.992
1188.7,-30.992
1188.8,-28.993
1188.9,-27.993
1189.0,-28.993
1189.1,-26.993
1189.2,-27.993
1189.3,-27.993
1189.4,-25.994
1189.5,-27.993
1189.6,-25.994
1189.7,-27.993
1189.8,-20.995
1189.9,-25.994
1190.0,-24.994
1190.1,-20.995
1190.2,-17.995
1190.3,-16.996
1190.4,-17.995
1190.5,-16.996
1190.6,-15.996
1190.7,-15.996
1190.8,-14.996
1190.9,-13.997
1191.0,-9.998
1191.1,-11.997
1191.2,-10.997
1191.3,-8.998
1191.4,-8.998
1191.5,-4.999
1191.6,-2.0
1191.7,-4.999
1191.8,-1.0
1191.9,-2.999
1192.0,0.0
1192.1,-2.0
1192.2,0.0
1192.3,2.0
1192.4,5.998
1192.5,2.999
1192.6,6.998
1192.7,7.998
1192.8,5.998
1192.9,11.997
1193.0,9.998
1193.1,8.998
1193.2,14.996
1193.3,14.996
1193.4,15.996
1193.5,17.995
1193.6,14.996
1193.7,15.996
1193.8,18.995
1193.9,17.995
1194.0,19.995
1194.1,19.995
1194.2,22.994
1194.3,23.994
1194.4,23.994
1194.5,23.994
1194.6,25.994
1194.7,26.993
1194.8,24.994
1194.9,25.994
1195.0,22.994
1195.1,25.994
1195.2,27.993
1195.3,26.993
1195.4,26.993
1195.5,26.993
1195.6,32.992
1195.7,28.993
1195.8,31.992
1195.9,27.993
1196.0,30.992
1196.1,31.992
1196.2,27.993
1196.3,28.993
1196.4,37.991
1196.5,34.991
1196.6,31.992
1196.7,35.991
1196.8,35.991
1196.9,35.991
1197.0,36.991
1197.1,33.992
1197.2,36.991
1197.3,33.992
1197.4,36.991
1197.5,37.991
1197.6,35.991
1197.7,37.991
1197.8,34.991
1197.9,36.991
1198.0,37.991
1198.1,36.991
1198.2,40.99
1198.3,36.991
1198.4,37.991
1198.5,34.991
1198.6,32.992
1198.7,31.992
1198.8,32.992
1198.9,31.992
1199.0,35.991
1199.1,31.992
1199.2,32.992
1199.3,30.992
1199.4,31.992
1199.5,33.992
1199.6,27.993
1199.7,30.992
1199.8,30.992
1199.9,23.994
1200.0,24.994
1200.1,25.994
1200.2,23.994
1200.3,20.995
1200.4,25.994
1200.5,20.995
1200.6,17.995
1200.7,18.995
1200.8,19.995
1200.9,17.995
1201.0,15.996
1201.1,17.995
1201.2,16.996
1201.3,8.998
1201.4,9.998
1201.5,9.998
1201.6,9.998
1201.7,6.998
1201.8,4.999
1201.9,5.998
1202.0,5.998
1202.1,5.998
1202.2,4.999
1202.3,2.999
1202.4,1.0
1202.5,-1.0
1202.6,-2.999
1202.7,-2.0
1202.8,-6.998
1202.9,-5.998
1203.0,-6.998
1203.1,-4.999
1203.2,-6.998
1203.3,-13.997
1203.4,-7.998
1203.5,-9.998
1203.6,-13.997
1203.7,-11.997
1203.8,-13.997
1203.9,-17.995
1204.0,-14.996
1204.1,-13.997
1204.2,-17.995
1204.3,-17.995
1204.4,-17.995
1204.5,-16.996
1204.6,-18.995
1204.7,-20.995
1204.8,-20.995
1204.9,-22.994
1205.0,-19.995
1205.1,-26.993
1205.2,-23.994
1205.3,-25.994
1205.4,-24.994
1205.5,-23.994
1205.6,-25.994
1205.7,-26.993
1205.8,-27.993
1205.9,-25.994
1206.0,-25.994
1206.1,-25.994
1206.2,-25.994
1206.3,-25.994
1206.4,-27.993
1206.5,-30.992
1206.6,-26.993
1206.7,-27.993
1206.8,-33.992
1206.9,-31.992
1207.0,-30.992
1207.1,-34.991
1207.2,-32.992
1207.3,-31.992
1207.4,-31.992
1207.5,-31.992
1207.6,-31.992
1207.7,-27.993
1207.8,-33.992
1207.9,-31.992
1208.0,-32.992
1208.1,-31.992
1208.2,-32.992
1208.3,-32.992
1208.4,-34.991
1208.5,-30.992
1208.6,-27.993
1208.7,-31.992
1208.8,-28.993
1208.9,-27.993
1209.0,-28.993
1209.1,-25.994
1209.2,-25.994
1209.3,-27.993
1209.4,-20.995
1209.5,-24.994
1209.6,-23.994
1209.7,-25.994
1209.8,-22.994
1209.9,-22.994
1210.0,-23.994
1210.1,-22.994
1210.2,-19.995
1210.3,-19.995
1210.4,-17.995
1210.5,-15.996
1210.6,-18.995
1210.7,-14.996
1210.8,-13.997
1210.9,-14.996
1211.0,-9.998
1211.1,-10.997
1211.2,-7.998
1211.3,-9.998
1211.4,-5.998
1211.5,-5.998
1211.6,-2.999
1211.7,-2.999
1211.8,-4.999
1211.9,1.0
1212.0,1.0
1212.1,1.0
1212.2,1.0
1212.3,-2.0
1212.4,2.999
1212.5,5.998
1212.6,4.999
1212.7,9.998
1212.8,7.998
1212.9,8.998
1213.0,7.998
1213.1,11.997
1213.2,11.997
1213.3,7.998
1213.4,11.997
1213.5,11.997
1213.6,15.996
1213.7,16.996
1213.8,16.996
1213.9,16.996
1214.0,17.995
1214.1,18.995
1214.2,19.995
1214.3,22.994
1214.4,22.994
1214.5,22.994
1214.6,24.994
1214.7,24.994
1214.8,23.994
1214.9,22.994
1215.0,22.994
1215.1,27.993
1215.2,26.993
1215.3,25.994
1215.4,27.993
1215.5,26.993
1215.6,27.993
1215.7,27.993
1215.8,28.993
1215.9,27.993
1216.0,30.992
1216.1,27.993
1216.2,33.992
1216.3,32.992
1216.4,28.993
1216.5,33.992
1216.6,33.992
1216.7,33.992
1216.8,31.992
1216.9,34.991
1217.0,33.992
1217.1,35.991
1217.2,34.991
1217.3,37.991
1217.4,35.991
1217.5,35.991
1217.6,36.991
1217.7,36.991
1217.8,36.991
1217.9,34.991
1218.0,34.991
1218.1,36.991
1218.2,34.991
1218.3,37.991
1218.4,33.992
1218.5,35.991
1218.6,32.992
1218.7,34.991
1218.8,32.992
1218.9,32.992
1219.0,30.992
1219.1,32.992
1219.2,31.992
1219.3,27.993
1219.4,28.993
1219.5,32.992
1219.6,31.992
1219.7,24.994
1219.8,25.994
1219.9,26.993
1220.0,25.994
1220.1,22.994
1220.2,22.994
1220.3,24.994
1220.4,22.994
1220.5,20.995
1220.6,22.994
1220.7,16.996
1220.8,19.995
1220.9,17.995
1221.0,11.997
1221.1,16.996
1221.2,14.996
1221.3,14.996
1221.4,13.997
1221.5,9.998
1221.6,7.998
1221.7,9.998
1221.8,5.998
1221.9,7.998
1222.0,6.998
1222.1,2.999
1222.2,4.999
1222.3,5.998
1222.4,2.0
1222.5,0.0
1222.6,1.0
1222.7,-2.0
1222.8,-2.0
1222.9,-2.999
1223.0,-6.998
1223.1,-7.998
1223.2,-7.998
1223.3,-9.998
1223.4,-8.998
1223.5,-7.998
1223.6,-13.997
1223.7,-8.998
1223.8,-10.997
1223.9,-13.997
1224.0,-13.997
1224.1,-15.996
1224.2,-16.996
1224.3,-14.996
1224.4,-18.995
1224.5,-19.995
1224.6,-19.995
1224.7,-17.995
1224.8,-17.995
1224.9,-20.995
1225.0,-18.995
1225.1,-18.995
1225.2,-22.994
1225.3,-22.994
1225.4,-22.994
1225.5,-23.994
1225.6,-25.994
1225.7,-23.994
1225.8,-23.994
1225.9,-25.994
1226.0,-22.994
1226.1,-24.994
1226.2,-23.994
1226.3,-28.993
1226.4,-26.993
1226.5,-28.993
1226.6,-28.993
1226.7,-27.993
1226.8,-28.993
1226.9,-27.993
1227.0,-30.992
1227.1,-28.993
1227.2,-31.992
1227.3,-31.992
1227.4,-30.992
1227.5,-30.992
1227.6,-31.992
1227.7,-28.993
1227.8,-31.992
1227.9,-26.993
1228.0,-28.993
1228.1,-30.992
1228.2,-31.992
1228.3,-32.992
1228.4,-32.992
1228.5,-30.992
1228.6,-30.992
1228.7,-30.992
1228.8,-27.993
1228.9,-31.992
1229.0,-26.993
1229.1,-24.994
1229.2,-26.993
1229.3,-25.994
1229.4,-26.993
1229.5,-24.994
1229.6,-28.993
1229.7,-24.994
1229.8,-22.994
1229.9,-20.995
1230.0,-19.995
1230.1,-17.995
1230.2,-20.995
1230.3,-17.995
1230.4,-18.995
1230.5,-16.996
1230.6,-14.996
1230.7,-16.996
1230.8,-13.997
1230.9,-14.996
1231.0,-10.997
1231.1,-9.998
1231.2,-13.997
1231.3,-9.998
1231.4,-6.998
1231.5,-5.998
1231.6,-2.999
1231.7,-2.0
1231.8,-5.998
1231.9,-2.999
1232.0,-2.999
1232.1,0.0
1232.2,0.0
1232.3,0.0
1232.4,4.999
1232.5,4.999
1232.6,2.999
1232.7,6.998
1232.8,7.998
1232.9,6.998
1233.0,8.998
1233.1,8.998
1233.2,11.997
1233.3,13.997
1233.4,11.997
1233.5,11.997
1233.6,14.996
1233.7,11.997
1233.8,14.996
1233.9,18.995
1234.0,17.995
1234.1,17.995
1234.2,20.995
1234.3,19.995
1234.4,17.995
1234.5,15.996
1234.6,20.995
1234.7,22.994
1234.8,22.994
1234.9,22.994
1235.0,22.994
1235.1,23.994
1235.2,22.994
1235.3,25.994
1235.4,26.993
1235.5,27.993
1235.6,28.993
1235.7,26.993
1235.8,30.992
1235.9,28.993
1236.0,27.993
1236.1,27.993
1236.2,28.993
1236.3,28.993
1236.4,30.992
1236.5,30.992
1236.6,33.992
1236.7,36.991
1236.8,33.992
1236.9,32.992
1237.0,36.991
1237.1,33.992
1237.2,34.991
1237.3,33.992
1237.4,33.992
1237.5,33.992
1237.6,35.991
1237.7,34.991
1237.8,34.991
1237.9,34.991
1238.0,34.991
1238.1,37.991
1238.2,32.992
1238.3,36.991
1238.4,35.991
1238.5,34.991
1238.6,32.992
1238.7,33.992
1238.8,30.992
1238.9,33.992
1239.0,31.992
1239.1,32.992
1239.2,30.992
1239.3,32.992
1239.4,34.991
1239.5,27.993
1239.6,28.993
1239.7,27.993
1239.8,28.993
1239.9,25.994
1240.0,27.993
1240.1,25.994
1240.2,25.994
1240.3,22.994
1240.4,20.995
1240.5,18.995
1240.6,19.995
1240.7,18.995
1240.8,17.995
1240.9,14.996
1241.0,17.995
1241.1,16.996
1241.2,18.995
1241.3,17.995
1241.4,16.996
1241.5,8.998
1241.6,9.998
1241.7,8.998
1241.8,6.998
1241.9,4.999
1242.0,6.998
1242.1,2.0
1242.2,4.999
1242.3,2.999
1242.4,2.0
1242.5,2.0
1242.6,-1.0
1242.7,-1.0
1242.8,-1.0
1242.9,-6.998
1243.0,-4.999
1243.1,-6.998
1243.2,-7.998
1243.3,-7.998
1243.4,-7.998
1243.5,-10.997
1243.6,-7.998
1243.7,-9.998
1243.8,-10.997
1243.9,-10.997
1244.0,-11.997
1244.1,-14.996
1244.2,-13.997
1244.3,-15.996
1244.4,-15.996
1244.5,-17.995
1244.6,-16.996
1244.7,-18.995
1244.8,-20.995
1244.9,-18.995
1245.0,-19.995
1245.1,-18.995
1245.2,-18.995
1245.3,-23.994
1245.4,-24.994
1245.5,-23.994
1245.6,-22.994
1245.7,-22.994
1245.8,-22.994
1245.9,-26.993
1246.0,-23.994
1246.1,-27.993
1246.2,-23.994
1246.3,-25.994
1246.4,-26.993
1246.5,-28.993
1246.6,-27.993
1246.7,-27.993
1246.8,-25.994
1246.9,-27.993
1247.0,-30.992
1247.1,-27.993
1247.2,-32.992
1247.3,-26.993
1247.4,-28.993
1247.5,-31.992
1247.6,-31.992
1247.7,-32.992
1247.8,-32.992
1247.9,-30.992
1248.0,-31.992
1248.1,-31.992
1248.2,-27.993
1248.3,-30.992
1248.4,-30.992
1248.5,-30.992
1248.6,-28.993
1248.7,-30.992
1248.8,-24.994
1248.9,-28.993
1249.0,-25.994
1249.1,-27.993
1249.2,-25.994
1249.3,-25.994
1249.4,-24.994
1249.5,-27.993
1249.6,-25.994
1249.7,-23.994
1249.8,-22.994
1249.9,-20.995
1250.0,-20.995
1250.1,-17.995
1250.2,-20.995
1250.3,-15.996
1250.4,-17.995
1250.5,-17.995
1250.6,-11.997
1250.7,-13.997
1250.8,-15.996
1250.9,-11.997
1251.0,-9.998
1251.1,-11.997
1251.2,-9.998
1251.3,-10.997
1251.4,-7.998
1251.5,-2.0
1251.6,-4.999
1251.7,-1.0
1251.8,-2.0
1251.9,0.0
1252.0,-2.0
1252.1,-2.0
1252.2,1.0
1252.3,2.999
1252.4,1.0
1252.5,1.0
1252.6,4.999
1252.7,9.998
1252.8,4.999
1252.9,8.998
1253.0,7.998
1253.1,14.996
1253.2,14.996
1253.3,11.997
1253.4,18.995
1253.5,17.995
1253.6,14.996
1253.7,16.996
1253.8,17.995
1253.9,18.995
1254.0,19.995
1254.1,18.995
1254.2,18.995
1254.3,22.994
1254.4,20.995
1254.5,20.995
1254.6,24.994
1254.7,25.994
1254.8,22.994
1254.9,25.994
1255.0,24.994
1255.1,20.995
1255.2,26.993
1255.3,26.993
1255.4,25.994
1255.5,28.993
1255.6,30.992
1255.7,28.993
1255.8,28.993
1255.9,31.992
1256.0,27.993
1256.1,28.993
1256.2,28.993
1256.3,30.992
1256.4,28.993
1256.5,33.992
1256.6,33.992
1256.7,35.991
1256.8,34.991
1256.9,34.991
1257.0,35.991
1257.1,34.991
1257.2,37.991
1257.3,39.99
1257.4,35.991
1257.5,34.991
1257.6,35.991
1257.7,34.991
1257.8,35.991
1257.9,34.991
1258.0,35.991
1258.1,34.991
1258.2,33.992
1258.3,35.991
1258.4,32.992
1258.5,32.992
1258.6,32.992
1258.7,34.991
1258.8,31.992
1258.9,33.992
1259.0,32.992
1259.1,26.993
1259.2,34.991
1259.3,30.992
1259.4,28.993
1259.5,24.994
1259.6,25.994
1259.7,26.993
1259.8,27.993
1259.9,24.994
1260.0,25.994
1260.1,26.993
1260.2,24.994
1260.3,26.993
1260.4,17.995
1260.5,19.995
1260.6,17.995
1260.7,20.995
1260.8,19.995
1260.9,17.995
1261.0,18.995
1261.1,16.996
1261.2,11.997
1261.3,10.997
1261.4,7.998
1261.5,8.998
1261.6,7.998
1261.7,6.998
1261.8,2.0
1261.9,6.998
1262.0,4.999
1262.1,2.999
1262.2,-2.0
1262.3,1.0
1262.4,4.999
1262.5,-1.0
1262.6,-1.0
1262.7,-1.0
1262.8,-4.999
1262.9,-5.998
1263.0,-6.998
1263.1,-8.998
1263.2,-7.998
1263.3,-9.998
1263.4,-10.997
1263.5,-13.997
1263.6,-10.997
1263.7,-9.998
1263.8,-15.996
1263.9,-11.997
1264.0,-14.996
1264.1,-16.996
1264.2,-16.996
1264.3,-18.995
1264.4,-18.995
1264.5,-16.996
1264.6,-17.995
1264.7,-20.995
1264.8,-17.995
1264.9,-22.994
1265.0,-20.995
1265.1,-19.995
1265.2,-23.994
1265.3,-19.995
1265.4,-25.994
1265.5,-18.995
1265.6,-23.994
1265.7,-25.994
1265.8,-23.994
1265.9,-24.994
1266.0,-26.993
1266.1,-24.994
1266.2,-24.994
1266.3,-25.994
1266.4,-26.993
1266.5,-23.994
1266.6,-28.993
1266.7,-27.993
1266.8,-25.994
1266.9,-31.992
1267.0,-31.992
1267.1,-32.992
1267.2,-31.992
1267.3,-34.991
1267.4,-33.992
1267.5,-31.992
1267.6,-27.993
1267.7,-32.992
1267.8,-34.991
1267.9,-31.992
1268.0,-30.992
1268.1,-27.993
1268.2,-30.992
1268.3,-30.992
1268.4,-30.992
1268.5,-32.992
1268.6,-30.992
1268.7,-31.992
1268.8,-28.993
1268.9,-28.993
1269.0,-27.993
1269.1,-26.993
1269.2,-26.993
1269.3,-25.994
1269.4,-23.994
1269.5,-26.993
1269.6,-24.994
1269.7,-23.994
1269.8,-23.994
1269.9,-24.994
1270.0,-19.995
1270.1,-23.994
1270.2,-18.995
1270.3,-18.995
1270.4,-17.995
1270.5,-15.996
1270.6,-22.994
1270.7,-11.997
1270.8,-11.997
1270.9,-13.997
1271.0,-10.997
1271.1,-9.998
1271.2,-13.997
1271.3,-9.998
1271.4,-5.998
1271.5,-6.998
1271.6,-2.0
1271.7,-1.0
1271.8,0.0
1271.9,0.0
1272.0,1.0
1272.1,2.0
1272.2,0.0
1272.3,1.0
1272.4,5.998
1272.5,7.998
1272.6,7.998
1272.7,6.998
1272.8,5.998
1272.9,11.997
1273.0,13.997
1273.1,9.998
1273.2,15.996
1273.3,16.996
1273.4,16.996
1273.5,17.995
1273.6,15.996
1273.7,19.995
1273.8,18.995
1273.9,22.994
1274.0,23.994
1274.1,20.995
1274.2,20.995
1274.3,20.995
1274.4,24.994
1274.5,24.994
1274.6,24.994
1274.7,24.994
1274.8,28.993
1274.9,23.994
1275.0,28.993
1275.1,27.993
1275.2,30.992
1275.3,27.993
1275.4,26.993
1275.5,27.993
1275.6,30.992
1275.7,32.992
1275.8,32.992
1275.9,32.992
1276.0,32.992
1276.1,30.992
1276.2,32.992
1276.3,32.992
1276.4,33.992
1276.5,32.992
1276.6,34.991
1276.7,31.992
1276.8,35.991
1276.9,34.991
1277.0,36.991
1277.1,37.991
1277.2,37.991
1277.3,39.99
1277.4,34.991
1277.5,34.991
1277.6,35.991
1277.7,37.991
1277.8,34.991
1277.9,37.991
1278.0,37.991
1278.1,39.99
1278.2,39.99
1278.3,39.99
1278.4,35.991
1278.5,36.991
1278.6,33.992
1278.7,34.991
1278.8,35.991
1278.9,33.992
1279.0,28.993
1279.1,32.992
1279.2,31.992
1279.3,34.991
1279.4,27.993
1279.5,26.993
1279.6,31.992
1279.7,30.992
1279.8,28.993
1279.9,25.994
1280.0,23.994
1280.1,27.993
1280.2,20.995
1280.3,22.994
1280.4,20.995
1280.5,20.995
1280.6,18.995
1280.7,19.995
1280.8,14.996
1280.9,16.996
1281.0,15.996
1281.1,15.996
1281.2,10.997
1281.3,13.997
1281.4,8.998
1281.5,6.998
1281.6,8.998
1281.7,2.999
1281.8,4.999
1281.9,7.998
1282.0,1.0
1282.1,4.999
1282.2,1.0
1282.3,0.0
1282.4,0.0
1282.5,1.0
1282.6,-4.999
1282.7,-4.999
1282.8,-2.999
1282.9,-4.999
1283.0,-5.998
1283.1,-10.997
1283.2,-8.998
1283.3,-9.998
1283.4,-11.997
1283.5,-14.996
1283.6,-10.997
1283.7,-13.997
1283.8,-9.998
1283.9,-11.997
1284.0,-14.996
1284.1,-16.996
1284.2,-16.996
1284.3,-18.995
1284.4,-17.995
1284.5,-22.994
1284.6,-22.994
1284.7,-24.994
1284.8,-22.994
1284.9,-22.994
1285.0,-24.994
1285.1,-24.994
1285.2,-24.994
1285.3,-25.994
1285.4,-22.994
1285.5,-25.994
1285.6,-23.994
1285.7,-25.994
1285.8,-27.993
1285.9,-26.993
1286.0,-24.994
1286.1,-27.993
1286.2,-28.993
1286.3,-27.993
1286.4,-27.993
1286.5,-28.993
1286.6,-28.993
1286.7,-27.993
1286.8,-25.994
1286.9,-30.992
1287.0,-34.991
1287.1,-32.992
1287.2,-33.992
1287.3,-36.991
1287.4,-33.992
1287.5,-32.992
1287.6,-33.992
1287.7,-32.992
1287.8,-33.992
1287.9,-32.992
1288.0,-33.992
1288.1,-28.993
1288.2,-33.992
1288.3,-30.992
1288.4,-34.991
1288.5,-31.992
1288.6,-32.992
1288.7,-33.992
1288.8,-31.992
1288.9,-28.993
1289.0,-30.992
1289.1,-30.992
1289.2,-26.993
1289.3,-25.994
1289.4,-26.993
1289.5,-25.994
1289.6,-26.993
1289.7,-24.994
1289.8,-25.994
1289.9,-20.995
1290.0,-23.994
1290.1,-19.995
1290.2,-19.995
1290.3,-18.995
1290.4,-19.995
1290.5,-15.996
1290.6,-14.996
1290.7,-11.997
1290.8,-14.996
1290.9,-13.997
1291.0,-13.997
1291.1,-14.996
1291.2,-7.998
1291.3,-7.998
1291.4,-9.998
1291.5,-6.998
1291.6,-2.999
1291.7,-4.999
1291.8,-1.0
1291.9,1.0
1292.0,2.0
1292.1,1.0
1292.2,2.0
1292.3,1.0
1292.4,4.999
1292.5,5.998
1292.6,5.998
1292.7,6.998
1292.8,7.998
1292.9,5.998
1293.0,10.997
1293.1,9.998
1293.2,15.996
1293.3,10.997
1293.4,11.997
1293.5,16.996
1293.6,18.995
1293.7,15.996
1293.8,14.996
1293.9,14.996
1294.0,18.995
1294.1,20.995
1294.2,16.996
1294.3,18.995
1294.4,19.995
1294.5,23.994
1294.6,30.992
1294.7,23.994
1294.8,22.994
1294.9,26.993
1295.0,25.994
1295.1,28.993
1295.2,26.993
1295.3,24.994
1295.4,27.993
1295.5,27.993
1295.6,30.992
1295.7,30.992
1295.8,27.993
1295.9,31.992
1296.0,33.992
1296.1,30.992
1296.2,31.992
1296.3,33.992
1296.4,27.993
1296.5,31.992
1296.6,31.992
1296.7,32.992
1296.8,30.992
1296.9,33.992
1297.0,32.992
1297.1,34.991
1297.2,32.992
1297.3,36.991
1297.4,34.991
1297.5,36.991
1297.6,34.991
1297.7,32.992
1297.8,34.991
1297.9,35.991
1298.0,35.991
1298.1,37.991
1298.2,36.991
1298.3,36.991
1298.4,34.991
1298.5,31.992
1298.6,33.992
1298.7,35.991
1298.8,35.991
1298.9,31.992
1299.0,32.992
1299.1,28.993
1299.2,28.993
1299.3,30.992
1299.4,31.992
1299.5,30.992
1299.6,26.993
1299.7,28.993
1299.8,25.994
1299.9,27.993
1300.0,25.994
1300.1,25.994
1300.2,23.994
1300.3,24.994
1300.4,22.994
1300.5,22.994
1300.6,19.995
1300.7,18.995
1300.8,15.996
1300.9,17.995
1301.0,15.996
1301.1,15.996
1301.2,14.996
1301.3,14.996
1301.4,11.997
1301.5,9.998
1301.6,10.997
1301.7,9.998
1301.8,6.998
1301.9,6.998
1302.0,2.999
1302.1,4.999
1302.2,2.999
1302.3,1.0
1302.4,2.999
1302.5,-1.0
1302.6,1.0
1302.7,-1.0
1302.8,-1.0
1302.9,-2.0
1303.0,-2.999
1303.1,-1.0
1303.2,-8.998
1303.3,-8.998
1303.4,-10.997
1303.5,-9.998
1303.6,-8.998
1303.7,-8.998
1303.8,-7.998
1303.9,-11.997
1304.0,-11.997
1304.1,-13.997
1304.2,-13.997
1304.3,-16.996
1304.4,-17.995
1304.5,-16.996
1304.6,-18.995
1304.7,-18.995
1304.8,-19.995
1304.9,-19.995
1305.0,-17.995
1305.1,-20.995
1305.2,-20.995
1305.3,-18.995
1305.4,-20.995
1305.5,-18.995
1305.6,-22.994
1305.7,-22.994
1305.8,-20.995
1305.9,-24.994
1306.0,-22.994
1306.1,-23.994
1306.2,-23.994
1306.3,-26.993
1306.4,-25.994
1306.5,-26.993
1306.6,-26.993
1306.7,-26.993
1306.8,-27.993
1306.9,-27.993
1307.0,-28.993
1307.1,-27.993
1307.2,-26.993
1307.3,-30.992
1307.4,-32.992
1307.5,-28.993
1307.6,-33.992
1307.7,-30.992
1307.8,-32.992
1307.9,-32.992
1308.0,-31.992
1308.1,-31.992
1308.2,-32.992
1308.3,-30.992
1308.4,-33.992
1308.5,-27.993
1308.6,-28.993
1308.7,-28.993
1308.8,-30.992
1308.9,-30.992
1309.0,-28.993
1309.1,-25.994
1309.2,-27.993
1309.3,-27.993
1309.4,-24.994
1309.5,-25.994
1309.6,-24.994
1309.7,-24.994
1309.8,-25.994
1309.9,-24.994
1310.0,-24.994
1310.1,-25.994
1310.2,-20.995
1310.3,-18.995
1310.4,-17.995
1310.5,-18.995
1310.6,-13.997
1310.7,-14.996
1310.8,-11.997
1310.9,-14.996
1311.0,-9.998
1311.1,-7.998
1311.2,-9.998
1311.3,-7.998
1311.4,-7.998
1311.5,-8.998
1311.6,-7.998
1311.7,-7.998
1311.8,-2.0
1311.9,-2.999
1312.0,-1.0
1312.1,-2.0
1312.2,0.0
1312.3,-1.0
1312.4,1.0
1312.5,2.999
1312.6,2.999
1312.7,2.0
1312.8,5.998
1312.9,4.999
1313.0,8.998
1313.1,6.998
1313.2,9.998
1313.3,8.998
1313.4,8.998
1313.5,13.997
1313.6,10.997
1313.7,11.997
1313.8,13.997
1313.9,11.997
1314.0,15.996
1314.1,14.996
1314.2,15.996
1314.3,16.996
1314.4,18.995
1314.5,17.995
1314.6,17.995
1314.7,18.995
1314.8,17.995
1314.9,23.994
1315.0,18.995
1315.1,22.994
1315.2,25.994
1315.3,24.994
1315.4,19.995
1315.5,26.993
1315.6,24.994
1315.7,31.992
1315.8,25.994
1315.9,28.993
1316.0,28.993
1316.1,28.993
1316.2,28.993
1316.3,28.993
1316.4,30.992
1316.5,27.993
1316.6,30.992
1316.7,28.993
1316.8,32.992
1316.9,30.992
1317.0,34.991
1317.1,33.992
1317.2,33.992
1317.3,32.992
1317.4,37.991
1317.5,35.991
1317.6,33.992
1317.7,33.992
1317.8,34.991
1317.9,32.992
1318.0,36.991
1318.1,33.992
1318.2,31.992
1318.3,36.991
1318.4,32.992
1318.5,32.992
1318.6,34.991
1318.7,30.992
1318.8,30.992
1318.9,30.992
1319.0,32.992
1319.1,30.992
1319.2,28.993
1319.3,31.992
1319.4,28.993
1319.5,26.993
1319.6,25.994
1319.7,28.993
1319.8,26.993
1319.9,26.993
1320.0,24.994
1320.1,25.994
1320.2,24.994
1320.3,20.995
1320.4,19.995
1320.5,19.995
1320.6,19.995
1320.7,15.996
1320.8,16.996
1320.9,22.994
1321.0,15.996
1321.1,15.996
1321.2,14.996
1321.3,13.997
1321.4,11.997
1321.5,11.997
1321.6,9.998
1321.7,9.998
1321.8,5.998
1321.9,5.998
1322.0,5.998
1322.1,2.999
1322.2,2.999
1322.3,2.0
1322.4,4.999
1322.5,-1.0
1322.6,1.0
1322.7,1.0
1322.8,1.0
1322.9,-4.999
1323.0,-4.999
1323.1,-8.998
1323.2,-5.998
1323.3,-7.998
1323.4,-8.998
1323.5,-9.998
1323.6,-10.997
1323.7,-10.997
1323.8,-11.997
1323.9,-11.997
1324.0,-13.997
1324.1,-14.996
1324.2,-14.996
1324.3,-15.996
1324.4,-13.997
1324.5,-14.996
1324.6,-16.996
1324.7,-15.996
1324.8,-18.995
1324.9,-18.995
1325.0,-18.995
1325.1,-20.995
1325.2,-20.995
1325.3,-20.995
1325.4,-23.994
1325.5,-25.994
1325.6,-20.995
1325.7,-22.994
1325.8,-24.994
1325.9,-25.994
1326.0,-22.994
1326.1,-26.993
1326.2,-24.994
1326.3,-26.993
1326.4,-25.994
1326.5,-28.993
1326.6,-27.993
1326.7,-25.994
1326.8,-27.993
1326.9,-26.993
1327.0,-28.993
1327.1,-28.993
1327.2,-27.993
1327.3,-33.992
1327.4,-31.992
1327.5,-33.992
1327.6,-31.992
1327.7,-30.992
1327.8,-31.992
1327.9,-31.992
1328.0,-30.992
1328.1,-31.992
1328.2,-31.992
1328.3,-26.993
1328.4,-28.993
1328.5,-33.992
1328.6,-30.992
1328.7,-28.993
1328.8,-34.991
1328.9,-28.993
1329.0,-26.993
1329.1,-26.993
1329.2,-24.994
1329.3,-26.993
1329.4,-23.994
1329.5,-24.994
1329.6,-20.995
1329.7,-25.994
1329.8,-22.994
1329.9,-22.994
1330.0,-20.995
1330.1,-17.995
1330.2,-17.995
1330.3,-18.995
1330.4,-19.995
1330.5,-16.996
1330.6,-15.996
1330.7,-14.996
1330.8,-13.997
1330.9,-11.997
1331.0,-13.997
1331.1,-8.998
1331.2,-10.997
1331.3,-2.0
1331.4,-7.998
1331.5,-4.999
1331.6,-4.999
1331.7,0.0
1331.8,-4.999
1331.9,2.0
1332.0,1.0
1332.1,2.0
1332.2,4.999
1332.3,0.0
1332.4,4.999
1332.5,2.999
1332.6,6.998
1332.7,7.998
1332.8,7.998
1332.9,10.997
1333.0,13.997
1333.1,9.998
1333.2,11.997
1333.3,17.995
1333.4,15.996
1333.5,16.996
1333.6,16.996
1333.7,18.995
1333.8,20.995
1333.9,20.995
1334.0,19.995
1334.1,20.995
1334.2,22.994
1334.3,22.994
1334.4,20.995
1334.5,23.994
1334.6,24.994
1334.7,27.993
1334.8,25.994
1334.9,27.993
1335.0,26.993
1335.1,28.993
1335.2,26.993
1335.3,24.994
1335.4,26.993
1335.5,26.993
1335.6,27.993
1335.7,33.992
1335.8,32.992
1335.9,26.993
1336.0,30.992
1336.1,32.992
1336.2,33.992
1336.3,34.991
1336.4,31.992
1336.5,34.991
1336.6,33.992
1336.7,32.992
1336.8,34.991
1336.9,33.992
1337.0,34.991
1337.1,39.99
1337.2,34.991
1337.3,39.99
1337.4,36.991
1337.5,35.991
1337.6,35.991
1337.7,36.991
1337.8,33.992
1337.9,35.991
1338.0,34.991
1338.1,34.991
1338.2,36.991
1338.3,35.991
1338.4,34.991
1338.5,35.991
1338.6,35.991
1338.7,35.991
1338.8,33.992
1338.9,33.992
1339.0,31.992
1339.1,31.992
1339.2,33.992
1339.3,27.993
1339.4,28.993
1339.5,26.993
1339.6,25.994
1339.7,26.993
1339.8,26.993
1339.9,23.994
1340.0,27.993
1340.1,25.994
1340.2,22.994
1340.3,24.994
1340.4,23.994
1340.5,17.995
1340.6,19.995
1340.7,17.995
1340.8,15.996
1340.9,14.996
1341.0,17.995
1341.1,15.996
1341.2,14.996
1341.3,9.998
1341.4,8.998
1341.5,13.997
1341.6,7.998
1341.7,7.998
1341.8,7.998
1341.9,1.0
1342.0,2.0
1342.1,2.0
1342.2,0.0
1342.3,-2.0
1342.4,-2.0
1342.5,1.0
1342.6,0.0
1342.7,-2.999
1342.8,-4.999
1342.9,-4.999
1343.0,-5.998
1343.1,-6.998
1343.2,-8.998
1343.3,-10.997
1343.4,-13.997
1343.5,-11.997
1343.6,-16.996
1343.7,-16.996
1343.8,-17.995
1343.9,-17.995
1344.0,-13.997
1344.1,-19.995
1344.2,-18.995
1344.3,-19.995
1344.4,-17.995
1344.5,-19.995
1344.6,-19.995
1344.7,-18.995
1344.8,-22.994
1344.9,-22.994
1345.0,-26.993
1345.1,-24.994
1345.2,-26.993
1345.3,-23.994
1345.4,-23.994
1345.5,-26.993
1345.6,-26.993
1345.7,-28.993
1345.8,-28.993
1345.9,-26.993
1346.0,-27.993
1346.1,-30.992
1346.2,-27.993
1346.3,-31.992
1346.4,-28.993
1346.5,-31.992
1346.6,-27.993
1346.7,-28.993
1346.8,-34.991
1346.9,-32.992
1347.0,-31.992
1347.1,-33.992
1347.2,-33.992
1347.3,-34.991
1347.4,-36.991
1347.5,-34.991
1347.6,-34.991
1347.7,-32.992
1347.8,-34.991
1347.9,-34.991
1348.0,-32.992
1348.1,-33.992
1348.2,-32.992
1348.3,-31.992
1348.4,-30.992
1348.5,-27.993
1348.6,-28.993
1348.7,-31.992
1348.8,-31.992
1348.9,-27.993
1349.0,-31.992
1349.1,-30.992
1349.2,-27.993
1349.3,-26.993
1349.4,-24.994
1349.5,-25.994
1349.6,-24.994
1349.7,-25.994
1349.8,-20.995
1349.9,-19.995
1350.0,-19.995
1350.1,-18.995
1350.2,-22.994
1350.3,-16.996
1350.4,-17.995
1350.5,-15.996
1350.6,-14.996
1350.7,-14.996
1350.8,-11.997
1350.9,-14.996
1351.0,-10.997
1351.1,-8.998
1351.2,-7.998
1351.3,-9.998
1351.4,-6.998
1351.5,-7.998
1351.6,0.0
1351.7,-5.998
1351.8,1.0
1351.9,0.0
1352.0,1.0
1352.1,2.0
1352.2,2.0
1352.3,2.0
1352.4,5.998
1352.5,6.998
1352.6,6.998
1352.7,9.998
1352.8,5.998
1352.9,8.998
1353.0,9.998
1353.1,10.997
1353.2,13.997
1353.3,16.996
1353.4,14.996
1353.5,14.996
1353.6,16.996
1353.7,15.996
1353.8,19.995
1353.9,19.995
1354.0,20.995
1354.1,20.995
1354.2,20.995
1354.3,22.994
1354.4,23.994
1354.5,23.994
1354.6,27.993
1354.7,24.994
1354.8,23.994
1354.9,27.993
1355.0,27.993
1355.1,28.993
1355.2,27.993
1355.3,30.992
1355.4,26.993
1355.5,31.992
1355.6,27.993
1355.7,25.994
1355.8,33.992
1355.9,27.993
1356.0,33.992
1356.1,35.991
1356.2,30.992
1356.3,37.991
1356.4,32.992
1356.5,31.992
1356.6,33.992
1356.7,35.991
1356.8,36.991
1356.9,32.992
1357.0,36.991
1357.1,34.991
1357.2,36.991
1357.3,35.991
1357.4,36.991
1357.5,33.992
1357.6,34.991
1357.7,36.991
1357.8,35.991
1357.9,36.991
1358.0,34.991
1358.1,34.991
1358.2,34.991
1358.3,35.991
1358.4,35.991
1358.5,34.991
1358.6,35.991
1358.7,33.992
1358.8,34.991
1358.9,36.991
1359.0,31.992
1359.1,34.991
1359.2,31.992
1359.3,28.993
1359.4,28.993
1359.5,33.992
1359.6,31.992
1359.7,24.994
1359.8,27.993
1359.9,30.992
1360.0,28.993
1360.1,26.993
1360.2,22.994
1360.3,25.994
1360.4,18.995
1360.5,20.995
1360.6,19.995
1360.7,18.995
1360.8,18.995
1360.9,13.997
1361.0,15.996
1361.1,14.996
1361.2,11.997
1361.3,13.997
1361.4,11.997
1361.5,10.997
1361.6,8.998
1361.7,7.998
1361.8,6.998
1361.9,8.998
1362.0,1.0
1362.1,2.0
1362.2,0.0
1362.3,2.0
1362.4,0.0
1362.5,-1.0
1362.6,1.0
1362.7,-1.0
1362.8,-2.999
1362.9,-6.998
1363.0,-6.998
1363.1,-9.998
1363.2,-8.998
1363.3,-11.997
1363.4,-9.998
1363.5,-14.996
1363.6,-15.996
1363.7,-14.996
1363.8,-14.996
1363.9,-15.996
1364.0,-16.996
1364.1,-15.996
1364.2,-19.995
1364.3,-15.996
1364.4,-22.994
1364.5,-19.995
1364.6,-23.994
1364.7,-19.995
1364.8,-22.994
1364.9,-20.995
1365.0,-24.994
1365.1,-24.994
1365.2,-24.994
1365.3,-26.993
1365.4,-24.994
1365.5,-24.994
1365.6,-25.994
1365.7,-26.993
1365.8,-27.993
1365.9,-24.994
1366.0,-28.993
1366.1,-25.994
1366.2,-28.993
1366.3,-28.993
1366.4,-28.993
1366.5,-28.993
1366.6,-30.992
1366.7,-30.992
1366.8,-28.993
1366.9,-31.992
1367.0,-32.992
1367.1,-31.992
1367.2,-32.992
1367.3,-30.992
1367.4,-28.993
1367.5,-31.992
1367.6,-32.992
1367.7,-32.992
1367.8,-31.992
1367.9,-35.991
1368.0,-30.992
1368.1,-33.992
1368.2,-32.992
1368.3,-30.992
1368.4,-28.993
1368.5,-30.992
1368.6,-32.992
1368.7,-30.992
1368.8,-30.992
1368.9,-27.993
1369.0,-27.993
1369.1,-28.993
1369.2,-25.994
1369.3,-27.993
1369.4,-25.994
1369.5,-25.994
1369.6,-25.994
1369.7,-23.994
1369.8,-24.994
1369.9,-25.994
1370.0,-23.994
1370.1,-22.994
1370.2,-17.995
1370.3,-18.995
1370.4,-19.995
1370.5,-16.996
1370.6,-14.996
1370.7,-14.996
1370.8,-11.997
1370.9,-10.997
1371.0,-10.997
1371.1,-9.998
1371.2,-8.998
1371.3,-9.998
1371.4,-4.999
1371.5,-5.998
1371.6,-4.999
1371.7,-2.999
1371.8,-1.0
1371.9,-2.999
1372.0,2.999
1372.1,4.999
1372.2,2.999
1372.3,5.998
1372.4,5.998
1372.5,2.999
1372.6,7.998
1372.7,6.998
1372.8,8.998
1372.9,6.998
1373.0,8.998
1373.1,13.997
1373.2,13.997
1373.3,10.997
1373.4,17.995
1373.5,18.995
1373.6,16.996
1373.7,22.994
1373.8,19.995
1373.9,20.995
1374.0,16.996
1374.1,20.995
1374.2,22.994
1374.3,22.994
1374.4,22.994
1374.5,24.994
1374.6,24.994
1374.7,23.994
1374.8,24.994
1374.9,28.993
1375.0,25.994
1375.1,25.994
1375.2,26.993
1375.3,26.993
1375.4,27.993
1375.5,30.992
1375.6,31.992
1375.7,27.993
1375.8,30.992
1375.9,30.992
1376.0,30.992
1376.1,30.992
1376.2,36.991
1376.3,32.992
1376.4,35.991
1376.5,33.992
1376.6,34.991
1376.7,34.991
1376.8,34.991
1376.9,33.992
1377.0,37.991
1377.1,35.991
1377.2,35.991
1377.3,37.991
1377.4,36.991
1377.5,36.991
1377.6,36.991
1377.7,37.991
1377.8,37.991
1377.9,36.991
1378.0,36.991
1378.1,36.991
1378.2,35.991
1378.3,37.991
1378.4,35.991
1378.5,33.992
1378.6,31.992
1378.7,35.991
1378.8,32.992
1378.9,34.991
1379.0,33.992
1379.1,34.991
1379.2,33.992
1379.3,33.992
1379.4,30.992
1379.5,27.993
1379.6,25.994
1379.7,25.994
1379.8,28.993
1379.9,26.993
1380.0,26.993
1380.1,24.994
1380.2,23.994
1380.3,24.994
1380.4,22.994
1380.5,23.994
1380.6,19.995
1380.7,18.995
1380.8,17.995
1380.9,17.995
1381.0,17.995
1381.1,15.996
1381.2,17.995
1381.3,11.997
1381.4,14.996
1381.5,10.997
1381.6,8.998
1381.7,4.999
1381.8,7.998
1381.9,4.999
1382.0,5.998
1382.1,1.0
1382.2,1.0
1382.3,2.0
1382.4,0.0
1382.5,-2.0
1382.6,2.0
1382.7,-1.0
1382.8,-2.999
1382.9,-2.0
1383.0,-2.999
1383.1,-7.998
1383.2,-6.998
1383.3,-9.998
1383.4,-9.998
1383.5,-10.997
1383.6,-10.997
1383.7,-11.997
1383.8,-16.996
1383.9,-14.996
1384.0,-14.996
1384.1,-15.996
1384.2,-16.996
1384.3,-14.996
1384.4,-15.996
1384.5,-16.996
1384.6,-20.995
1384.7,-17.995
1384.8,-18.995
1384.9,-20.995
1385.0,-18.995
1385.1,-20.995
1385.2,-23.994
1385.3,-22.994
1385.4,-20.995
1385.5,-23.994
1385.6,-25.994
1385.7,-24.994
1385.8,-22.994
1385.9,-23.994
1386.0,-24.994
1386.1,-26.993
1386.2,-26.993
1386.3,-26.993
1386.4,-26.993
1386.5,-25.994
1386.6,-25.994
1386.7,-30.992
1386.8,-27.993
1386.9,-27.993
1387.0,-28.993
1387.1,-27.993
1387.2,-28.993
1387.3,-28.993
1387.4,-32.992
1387.5,-30.992
1387.6,-32.992
1387.7,-31.992
1387.8,-28.993
1387.9,-30.992
1388.0,-31.992
1388.1,-31.992
1388.2,-35.991
1388.3,-28.993
1388.4,-32.992
1388.5,-30.992
1388.6,-28.993
1388.7,-30.992
1388.8,-28.993
1388.9,-28.993
1389.0,-28.993
1389.1,-27.993
1389.2,-27.993
1389.3,-26.993
1389.4,-24.994
1389.5,-22.994
1389.6,-22.994
1389.7,-22.994
1389.8,-23.994
1389.9,-20.995
1390.0,-20.995
1390.1,-19.995
1390.2,-20.995
1390.3,-16.996
1390.4,-17.995
1390.5,-17.995
1390.6,-17.995
1390.7,-15.996
1390.8,-15.996
1390.9,-8.998
1391.0,-10.997
1391.1,-10.997
1391.2,-9.998
1391.3,-10.997
1391.4,-7.998
1391.5,-9.998
1391.6,-6.998
1391.7,-2.999
1391.8,-5.998
1391.9,-2.0
1392.0,-1.0
1392.1,-1.0
1392.2,0.0
1392.3,1.0
1392.4,1.0
1392.5,1.0
1392.6,2.999
1392.7,6.998
1392.8,6.998
1392.9,9.998
1393.0,4.999
1393.1,9.998
1393.2,9.998
1393.3,8.998
1393.4,13.997
1393.5,13.997
1393.6,15.996
1393.7,16.996
1393.8,15.996
1393.9,15.996
1394.0,14.996
1394.1,20.995
1394.2,17.995
1394.3,18.995
1394.4,16.996
1394.5,19.995
1394.6,18.995
1394.7,22.994
1394.8,20.995
1394.9,22.994
1395.0,22.994
1395.1,24.994
1395.2,23.994
1395.3,23.994
1395.4,23.994
1395.5,24.994
1395.6,24.994
1395.7,25.994
1395.8,28.993
1395.9,25.994
1396.0,26.993
1396.1,31.992
1396.2,30.992
1396.3,27.993
1396.4,32.992
1396.5,28.993
1396.6,30.992
1396.7,31.992
1396.8,31.992
1396.9,32.992
1397.0,30.992
1397.1,31.992
1397.2,34.991
1397.3,32.992
1397.4,37.991
1397.5,33.992
1397.6,31.992
1397.7,32.992
1397.8,32.992
1397.9,34.991
1398.0,32.992
1398.1,36.991
1398.2,33.992
1398.3,32.992
1398.4,32.992
1398.5,34.991
1398.6,31.992
1398.7,33.992
1398.8,32.992
1398.9,34.991
1399.0,30.992
1399.1,28.993
1399.2,30.992
1399.3,30.992
1399.4,27.993
1399.5,30.992
1399.6,26.993
1399.7,27.993
1399.8,31.992
1399.9,26.993
1400.0,25.994
1400.1,24.994
1400.2,24.994
1400.3,20.995
1400.4,22.994
1400.5,25.994
1400.6,19.995
1400.7,20.995
1400.8,18.995
1400.9,16.996
1401.0,18.995
1401.1,15.996
1401.2,16.996
1401.3,14.996
1401.4,11.997
1401.5,10.997
1401.6,13.997
1401.7,7.998
1401.8,8.998
1401.9,7.998
1402.0,2.0
1402.1,6.998
1402.2,1.0
1402.3,2.999
1402.4,4.999
1402.5,2.0
1402.6,2.0
1402.7,-2.999
1402.8,-1.0
1402.9,-4.999
1403.0,-6.998
1403.1,-2.0
1403.2,-8.998
1403.3,-5.998
1403.4,-8.998
1403.5,-8.998
1403.6,-8.998
1403.7,-13.997
1403.8,-11.997
1403.9,-11.997
1404.0,-9.998
1404.1,-9.998
1404.2,-13.997
1404.3,-13.997
1404.4,-13.997
1404.5,-14.996
1404.6,-14.996
1404.7,-14.996
1404.8,-17.995
1404.9,-19.995
1405.0,-19.995
1405.1,-16.996
1405.2,-16.996
1405.3,-18.995
1405.4,-23.994
1405.5,-22.994
1405.6,-19.995
1405.7,-19.995
1405.8,-23.994
1405.9,-23.994
1406.0,-22.994
1406.1,-23.994
1406.2,-24.994
1406.3,-24.994
1406.4,-26.993
1406.5,-28.993
1406.6,-24.994
1406.7,-26.993
1406.8,-25.994
1406.9,-28.993
1407.0,-27.993
1407.1,-24.994
1407.2,-28.993
1407.3,-24.994
1407.4,-31.992
1407.5,-27.993
1407.6,-28.993
1407.7,-28.993
1407.8,-31.992
1407.9,-31.992
1408.0,-28.993
1408.1,-30.992
1408.2,-28.993
1408.3,-28.993
1408.4,-26.993
1408.5,-31.992
1408.6,-23.994
1408.7,-26.993
1408.8,-26.993
1408.9,-24.994
1409.0,-25.994
1409.1,-24.994
1409.2,-25.994
1409.3,-23.994
1409.4,-24.994
1409.5,-20.995
1409.6,-20.995
1409.7,-22.994
1409.8,-23.994
1409.9,-18.995
1410.0,-22.994
1410.1,-19.995
1410.2,-19.995
1410.3,-17.995
1410.4,-19.995
1410.5,-14.996
1410.6,-16.996
1410.7,-15.996
1410.8,-13.997
1410.9,-11.997
1411.0,-10.997
1411.1,-11.997
1411.2,-9.998
1411.3,-7.998
1411.4,-6.998
1411.5,-5.998
1411.6,-5.998
1411.7,-4.999
1411.8,-2.999
1411.9,-2.999
1412.0,1.0
1412.1,1.0
1412.2,2.999
1412.3,1.0
1412.4,0.0
1412.5,5.998
1412.6,6.998
1412.7,6.998
1412.8,7.998
1412.9,6.998
1413.0,8.998
1413.1,9.998
1413.2,11.997
1413.3,11.997
1413.4,15.996
1413.5,17.995
1413.6,15.996
1413.7,17.995
1413.8,19.995
1413.9,19.995
1414.0,18.995
1414.1,20.995
1414.2,18.995
1414.3,18.995
1414.4,20.995
1414.5,20.995
1414.6,19.995
1414.7,20.995
1414.8,25.994
1414.9,24.994
1415.0,24.994
1415.1,27.993
1415.2,28.993
1415.3,27.993
1415.4,26.993
1415.5,26.993
1415.6,26.993
1415.7,26.993
1415.8,30.992
1415.9,30.992
1416.0,26.993
1416.1,28.993
1416.2,32.992
1416.3,32.992
1416.4,34.991
1416.5,30.992
1416.6,32.992
1416.7,33.992
1416.8,31.992
1416.9,33.992
1417.0,32.992
1417.1,32.992
1417.2,35.991
1417.3,35.991
1417.4,33.992
1417.5,35.991
1417.6,34.991
1417.7,34.991
1417.8,33.992
1417.9,33.992
1418.0,36.991
1418.1,33.992
1418.2,35.991
1418.3,33.992
1418.4,27.993
1418.5,32.992
1418.6,31.992
1418.7,35.991
1418.8,33.992
1418.9,32.992
1419.0,33.992
1419.1,32.992
1419.2,34.991
1419.3,32.992
1419.4,27.993
1419.5,28.993
1419.6,26.993
1419.7,25.994
1419.8,26.993
1419.9,26.993
1420.0,25.994
1420.1,27.993
1420.2,23.994
1420.3,20.995
1420.4,23.994
1420.5,24.994
1420.6,22.994
1420.7,22.994
1420.8,16.996
1420.9,20.995
1421.0,14.996
1421.1,15.996
1421.2,14.996
1421.3,8.998
1421.4,15.996
1421.5,7.998
1421.6,8.998
1421.7,7.998
1421.8,5.998
1421.9,4.999
1422.0,6.998
1422.1,2.0
1422.2,2.0
1422.3,2.999
1422.4,1.0
1422.5,-2.999
1422.6,-1.0
1422.7,-1.0
1422.8,-5.998
1422.9,-1.0
1423.0,-2.999
1423.1,-7.998
1423.2,-8.998
1423.3,-7.998
1423.4,-8.998
1423.5,-9.998
1423.6,-13.997
1423.7,-10.997
1423.8,-15.996
1423.9,-10.997
1424.0,-14.996
1424.1,-14.996
1424.2,-17.995
1424.3,-14.996
1424.4,-16.996
1424.5,-19.995
1424.6,-18.995
1424.7,-17.995
1424.8,-18.995
1424.9,-22.994
1425.0,-25.994
1425.1,-20.995
1425.2,-22.994
1425.3,-19.995
1425.4,-23.994
1425.5,-20.995
1425.6,-20.995
1425.7,-25.994
1425.8,-24.994
1425.9,-22.994
1426.0,-24.994
1426.1,-26.993
1426.2,-28.993
1426.3,-28.993
1426.4,-27.993
1426.5,-27.993
1426.6,-28.993
1426.7,-25.994
1426.8,-27.993
1426.9,-30.992
1427.0,-28.993
1427.1,-30.992
1427.2,-32.992
1427.3,-33.992
1427.4,-27.993
1427.5,-32.992
1427.6,-32.992
1427.7,-30.992
1427.8,-34.991
1427.9,-34.991
1428.0,-32.992
1428.1,-32.992
1428.2,-32.992
1428.3,-33.992
1428.4,-31.992
1428.5,-30.992
1428.6,-30.992
1428.7,-26.993
1428.8,-31.992
1428.9,-25.994
1429.0,-28.993
1429.1,-27.993
1429.2,-25.994
1429.3,-25.994
1429.4,-25.994
1429.5,-24.994
1429.6,-24.994
1429.7,-20.995
1429.8,-26.993
1429.9,-23.994
1430.0,-22.994
1430.1,-23.994
1430.2,-16.996
1430.3,-19.995
1430.4,-16.996
1430.5,-18.995
1430.6,-17.995
1430.7,-13.997
1430.8,-14.996
1430.9,-13.997
1431.0,-10.997
1431.1,-11.997
1431.2,-7.998
1431.3,-5.998
1431.4,-5.998
1431.5,-5.998
1431.6,-2.999
1431.7,-6.998
1431.8,-2.0
1431.9,-1.0
1432.0,0.0
1432.1,0.0
1432.2,0.0
1432.3,2.999
1432.4,2.999
1432.5,6.998
1432.6,6.998
1432.7,6.998
1432.8,8.998
1432.9,7.998
1433.0,11.997
1433.1,9.998
1433.2,13.997
1433.3,13.997
1433.4,15.996
1433.5,14.996
1433.6,18.995
1433.7,19.995
1433.8,18.995
1433.9,19.995
1434.0,20.995
1434.1,19.995
1434.2,20.995
1434.3,22.994
1434.4,20.995
1434.5,23.994
1434.6,20.995
1434.7,23.994
1434.8,26.993
1434.9,24.994
1435.0,24.994
1435.1,28.993
1435.2,27.993
1435.3,27.993
1435.4,28.993
1435.5,26.993
1435.6,31.992
1435.7,28.993
1435.8,28.993
1435.9,30.992
1436.0,31.992
1436.1,27.993
1436.2,34.991
1436.3,30.992
1436.4,31.992
1436.5,33.992
1436.6,35.991
1436.7,33.992
1436.8,35.991
1436.9,36.991
1437.0,34.991
1437.1,37.991
1437.2,35.991
1437.3,37.991
1437.4,35.991
1437.5,35.991
1437.6,36.991
1437.7,39.99
1437.8,34.991
1437.9,36.991
1438.0,34.991
1438.1,35.991
1438.2,32.992
1438.3,33.992
1438.4,34.991
1438.5,32.992
1438.6,33.992
1438.7,35.991
1438.8,33.992
1438.9,32.992
1439.0,31.992
1439.1,32.992
1439.2,32.992
1439.3,28.993
1439.4,31.992
1439.5,27.993
1439.6,25.994
1439.7,26.993
1439.8,23.994
1439.9,30.992
1440.0,25.994
1440.1,23.994
1440.2,24.994
1440.3,23.994
1440.4,24.994
1440.5,23.994
1440.6,22.994
1440.7,19.995
1440.8,18.995
1440.9,15.996
1441.0,16.996
1441.1,14.996
1441.2,14.996
1441.3,11.997
1441.4,9.998
1441.5,10.997
1441.6,7.998
1441.7,5.998
1441.8,4.999
1441.9,4.999
1442.0,6.998
1442.1,5.998
1442.2,2.0
1442.3,1.0
1442.4,-2.0
1442.5,-4.999
1442.6,-2.999
1442.7,-2.0
1442.8,-2.999
1442.9,-6.998
1443.0,-7.998
1443.1,-9.998
1443.2,-8.998
1443.3,-9.998
1443.4,-13.997
1443.5,-13.997
1443.6,-11.997
1443.7,-14.996
1443.8,-16.996
1443.9,-13.997
1444.0,-15.996
1444.1,-14.996
1444.2,-16.996
1444.3,-15.996
1444.4,-17.995
1444.5,-20.995
1444.6,-19.995
1444.7,-20.995
1444.8,-24.994
1444.9,-22.994
1445.0,-23.994
1445.1,-26.993
1445.2,-25.994
1445.3,-24.994
1445.4,-25.994
1445.5,-24.994
1445.6,-26.993
1445.7,-25.994
1445.8,-24.994
1445.9,-26.993
1446.0,-26.993
1446.1,-27.993
1446.2,-26.993
1446.3,-30.992
1446.4,-28.993
1446.5,-28.993
1446.6,-30.992
1446.7,-32.992
1446.8,-28.993
1446.9,-31.992
1447.0,-30.992
1447.1,-34.991
1447.2,-31.992
1447.3,-32.992
1447.4,-32.992
1447.5,-35.991
1447.6,-34.991
1447.7,-31.992
1447.8,-33.992
1447.9,-27.993
1448.0,-34.991
1448.1,-34.991
1448.2,-34.991
1448.3,-31.992
1448.4,-30.992
1448.5,-32.992
1448.6,-26.993
1448.7,-28.993
1448.8,-30.992
1448.9,-26.993
1449.0,-28.993
1449.1,-26.993
1449.2,-25.994
1449.3,-27.993
1449.4,-27.993
1449.5,-24.994
1449.6,-22.994
1449.7,-23.994
1449.8,-20.995
1449.9,-22.994
1450.0,-18.995
1450.1,-20.995
1450.2,-17.995
1450.3,-17.995
1450.4,-15.996
1450.5,-16.996
1450.6,-16.996
1450.7,-10.997
1450.8,-15.996
1450.9,-10.997
1451.0,-13.997
1451.1,-9.998
1451.2,-8.998
1451.3,-6.998
1451.4,-2.999
1451.5,-4.999
1451.6,-2.0
1451.7,-2.999
1451.8,-1.0
1451.9,1.0
1452.0,0.0
1452.1,2.0
1452.2,2.0
1452.3,2.999
1452.4,4.999
1452.5,5.998
1452.6,6.998
1452.7,9.998
1452.8,9.998
1452.9,13.997
1453.0,11.997
1453.1,9.998
1453.2,13.997
1453.3,17.995
1453.4,14.996
1453.5,18.995
1453.6,16.996
1453.7,18.995
1453.8,15.996
1453.9,20.995
1454.0,22.994
1454.1,19.995
1454.2,19.995
1454.3,19.995
1454.4,22.994
1454.5,24.994
1454.6,23.994
1454.7,24.994
1454.8,26.993
1454.9,25.994
1455.0,26.993
1455.1,30.992
1455.2,28.993
1455.3,30.992
1455.4,32.992
1455.5,32.992
1455.6,32.992
1455.7,30.992
1455.8,33.992
1455.9,33.992
1456.0,30.992
1456.1,35.991
1456.2,32.992
1456.3,32.992
1456.4,33.992
1456.5,34.991
1456.6,35.991
1456.7,37.991
1456.8,34.991
1456.9,34.991
1457.0,35.991
1457.1,36.991
1457.2,36.991
1457.3,36.991
1457.4,35.991
1457.5,35.991
1457.6,35.991
1457.7,37.991
1457.8,37.991
1457.9,39.99
1458.0,37.991
1458.1,35.991
1458.2,35.991
1458.3,35.991
1458.4,32.992
1458.5,35.991
1458.6,34.991
1458.7,32.992
1458.8,32.992
1458.9,33.992
1459.0,33.992
1459.1,27.993
1459.2,32.992
1459.3,32.992
1459.4,30.992
1459.5,28.993
1459.6,30.992
1459.7,31.992
1459.8,28.993
1459.9,26.993
1460.0,31.992
1460.1,22.994
1460.2,20.995
1460.3,24.994
1460.4,22.994
1460.5,26.993
1460.6,19.995
1460.7,18.995
1460.8,17.995
1460.9,19.995
1461.0,13.997
1461.1,14.996
1461.2,14.996
1461.3,9.998
1461.4,9.998
1461.5,7.998
1461.6,8.998
1461.7,10.997
1461.8,8.998
1461.9,2.999
1462.0,7.998
1462.1,2.0
1462.2,4.999
1462.3,2.0
1462.4,-1.0
1462.5,-2.999
1462.6,-2.999
1462.7,-4.999
1462.8,-2.999
1462.9,-4.999
1463.0,-1.0
1463.1,-4.999
1463.2,-5.998
1463.3,-9.998
1463.4,-10.997
1463.5,-13.997
1463.6,-15.996
1463.7,-14.996
1463.8,-15.996
1463.9,-14.996
1464.0,-14.996
1464.1,-16.996
1464.2,-16.996
1464.3,-18.995
1464.4,-16.996
1464.5,-17.995
1464.6,-20.995
1464.7,-19.995
1464.8,-16.996
1464.9,-20.995
1465.0,-22.994
1465.1,-23.994
1465.2,-22.994
1465.3,-23.994
1465.4,-25.994
1465.5,-24.994
1465.6,-22.994
1465.7,-25.994
1465.8,-26.993
1465.9,-25.994
1466.0,-28.993
1466.1,-25.994
1466.2,-26.993
1466.3,-30.992
1466.4,-27.993
1466.5,-27.993
1466.6,-30.992
1466.7,-27.993
1466.8,-27.993
1466.9,-28.993
1467.0,-32.992
1467.1,-31.992
1467.2,-30.992
1467.3,-30.992
1467.4,-28.993
1467.5,-30.992
1467.6,-32.992
1467.7,-33.992
1467.8,-32.992
1467.9,-32.992
1468.0,-31.992
1468.1,-30.992
1468.2,-31.992
1468.3,-31.992
1468.4,-32.992
1468.5,-28.993
1468.6,-31.992
1468.7,-31.992
1468.8,-24.994
1468.9,-27.993
1469.0,-28.993
1469.1,-26.993
1469.2,-27.993
1469.3,-32.992
1469.4,-24.994
1469.5,-26.993
1469.6,-24.994
1469.7,-24.994
1469.8,-25.994
1469.9,-24.994
1470.0,-19.995
1470.1,-22.994
1470.2,-18.995
1470.3,-18.995
1470.4,-18.995
1470.5,-20.995
1470.6,-17.995
1470.7,-14.996
1470.8,-13.997
1470.9,-9.998
1471.0,-14.996
1471.1,-10.997
1471.2,-10.997
1471.3,-10.997
1471.4,-8.998
1471.5,-6.998
1471.6,-8.998
1471.7,-2.999
1471.8,-5.998
1471.9,-4.999
1472.0,-2.0
1472.1,-2.0
1472.2,1.0
1472.3,2.999
1472.4,2.999
1472.5,4.999
1472.6,2.999
1472.7,5.998
1472.8,5.998
1472.9,7.998
1473.0,6.998
1473.1,7.998
1473.2,10.997
1473.3,10.997
1473.4,13.997
1473.5,9.998
1473.6,13.997
1473.7,15.996
1473.8,17.995
1473.9,17.995
1474.0,22.994
1474.1,16.996
1474.2,20.995
1474.3,18.995
1474.4,19.995
1474.5,22.994
1474.6,23.994
1474.7,22.994
1474.8,22.994
1474.9,22.994
1475.0,24.994
1475.1,24.994
1475.2,25.994
1475.3,26.993
1475.4,25.994
1475.5,28.993
1475.6,28.993
1475.7,25.994
1475.8,25.994
1475.9,28.993
1476.0,26.993
1476.1,26.993
1476.2,27.993
1476.3,31.992
1476.4,30.992
1476.5,34.991
1476.6,31.992
1476.7,32.992
1476.8,33.992
1476.9,32.992
1477.0,33.992
1477.1,32.992
1477.2,31.992
1477.3,36.991
1477.4,30.992
1477.5,31.992
1477.6,33.992
1477.7,33.992
1477.8,33.992
1477.9,35.991
1478.0,34.991
1478.1,34.991
1478.2,34.991
1478.3,35.991
1478.4,36.991
1478.5,32.992
1478.6,28.993
1478.7,30.992
1478.8,34.991
1478.9,33.992
1479.0,34.991
1479.1,33.992
1479.2,34.991
1479.3,32.992
1479.4,27.993
1479.5,30.992
1479.6,27.993
1479.7,30.992
1479.8,25.994
1479.9,25.994
1480.0,26.993
1480.1,25.994
1480.2,20.995
1480.3,24.994
1480.4,25.994
1480.5,25.994
1480.6,20.995
1480.7,18.995
1480.8,19.995
1480.9,14.996
1481.0,14.996
1481.1,16.996
1481.2,14.996
1481.3,10.997
1481.4,9.998
1481.5,9.998
1481.6,10.997
1481.7,5.998
1481.8,9.998
1481.9,8.998
1482.0,11.997
1482.1,2.0
1482.2,2.999
1482.3,4.999
1482.4,1.0
1482.5,0.0
1482.6,-4.999
1482.7,-2.0
1482.8,-4.999
1482.9,0.0
1483.0,-7.998
1483.1,-5.998
1483.2,-5.998
1483.3,-9.998
1483.4,-7.998
1483.5,-10.997
1483.6,-7.998
1483.7,-11.997
1483.8,-13.997
1483.9,-10.997
1484.0,-14.996
1484.1,-14.996
1484.2,-17.995
1484.3,-17.995
1484.4,-16.996
1484.5,-17.995
1484.6,-15.996
1484.7,-18.995
1484.8,-15.996
1484.9,-19.995
1485.0,-19.995
1485.1,-17.995
1485.2,-23.994
1485.3,-20.995
1485.4,-18.995
1485.5,-24.994
1485.6,-25.994
1485.7,-22.994
1485.8,-23.994
1485.9,-24.994
1486.0,-26.993
1486.1,-22.994
1486.2,-20.995
1486.3,-25.994
1486.4,-27.993
1486.5,-27.993
1486.6,-32.992
1486.7,-26.993
1486.8,-27.993
1486.9,-28.993
1487.0,-27.993
1487.1,-28.993
1487.2,-31.992
1487.3,-31.992
1487.4,-30.992
1487.5,-30.992
1487.6,-30.992
1487.7,-28.993
1487.8,-31.992
1487.9,-31.992
1488.0,-33.992
1488.1,-27.993
1488.2,-33.992
1488.3,-30.992
1488.4,-33.992
1488.5,-31.992
1488.6,-30.992
1488.7,-27.993
1488.8,-30.992
1488.9,-26.993
1489.0,-26.993
1489.1,-28.993
1489.2,-28.993
1489.3,-27.993
1489.4,-24.994
1489.5,-24.994
1489.6,-24.994
1489.7,-23.994
1489.8,-23.994
1489.9,-19.995
1490.0,-23.994
1490.1,-17.995
1490.2,-18.995
1490.3,-17.995
1490.4,-15.996
1490.5,-11.997
1490.6,-15.996
1490.7,-14.996
1490.8,-15.996
1490.9,-13.997
1491.0,-9.998
1491.1,-11.997
1491.2,-6.998
1491.3,-5.998
1491.4,-5.998
1491.5,-6.998
1491.6,-4.999
1491.7,-2.999
1491.8,0.0
1491.9,-2.999
1492.0,-1.0
1492.1,-2.999
1492.2,2.0
1492.3,2.999
1492.4,2.0
1492.5,4.999
1492.6,7.998
1492.7,10.997
1492.8,8.998
1492.9,9.998
1493.0,11.997
1493.1,9.998
1493.2,14.996
1493.3,10.997
1493.4,13.997
1493.5,15.996
1493.6,18.995
1493.7,16.996
1493.8,19.995
1493.9,22.994
1494.0,22.994
1494.1,20.995
1494.2,20.995
1494.3,22.994
1494.4,22.994
1494.5,23.994
1494.6,18.995
1494.7,24.994
1494.8,23.994
1494.9,26.993
1495.0,26.993
1495.1,27.993
1495.2,28.993
1495.3,22.994
1495.4,28.993
1495.5,28.993
1495.6,28.993
1495.7,27.993
1495.8,28.993
1495.9,33.992
1496.0,33.992
1496.1,30.992
1496.2,30.992
1496.3,31.992
1496.4,33.992
1496.5,30.992
1496.6,31.992
1496.7,33.992
1496.8,32.992
1496.9,35.991
1497.0,36.991
1497.1,34.991
1497.2,32.992
1497.3,34.991
1497.4,34.991
1497.5,36.991
1497.6,36.991
1497.7,34.991
1497.8,35.991
1497.9,36.991
1498.0,37.991
1498.1,37.991
1498.2,39.99
1498.3,33.992
1498.4,34.991
1498.5,34.991
1498.6,32.992
1498.7,35.991
1498.8,32.992
1498.9,32.992
1499.0,33.992
1499.1,31.992
1499.2,33.992
1499.3,32.992
1499.4,32.992
1499.5,28.993
1499.6,31.992
1499.7,30.992
1499.8,28.993
1499.9,27.993
1500.0,27.993
1500.1,24.994
1500.2,23.994
1500.3,17.995
1500.4,20.995
1500.5,22.994
1500.6,20.995
1500.7,23.994
1500.8,19.995
1500.9,16.996
1501.0,17.995
1501.1,16.996
1501.2,13.997
1501.3,16.996
1501.4,9.998
1501.5,8.998
1501.6,10.997
1501.7,7.998
1501.8,8.998
1501.9,2.999
1502.0,6.998
1502.1,4.999
1502.2,2.0
1502.3,2.0
1502.4,0.0
1502.5,1.0
1502.6,-2.0
1502.7,-2.999
1502.8,-6.998
1502.9,-5.998
1503.0,-4.999
1503.1,-4.999
1503.2,-5.998
1503.3,-7.998
1503.4,-8.998
1503.5,-10.997
1503.6,-8.998
1503.7,-11.997
1503.8,-11.997
1503.9,-13.997
1504.0,-17.995
1504.1,-16.996
1504.2,-13.997
1504.3,-17.995
1504.4,-15.996
1504.5,-15.996
1504.6,-17.995
1504.7,-23.994
1504.8,-19.995
1504.9,-19.995
1505.0,-19.995
1505.1,-20.995
1505.2,-24.994
1505.3,-23.994
1505.4,-23.994
1505.5,-19.995
1505.6,-23.994
1505.7,-25.994
1505.8,-23.994
1505.9,-24.994
1506.0,-23.994
1506.1,-23.994
1506.2,-28.993
1506.3,-22.994
1506.4,-28.993
1506.5,-24.994
1506.6,-30.992
1506.7,-31.992
1506.8,-31.992
1506.9,-33.992
1507.0,-31.992
1507.1,-31.992
1507.2,-32.992
1507.3,-33.992
1507.4,-32.992
1507.5,-31.992
1507.6,-33.992
1507.7,-28.993
1507.8,-31.992
1507.9,-34.991
1508.0,-30.992
1508.1,-30.992
1508.2,-31.992
1508.3,-30.992
1508.4,-28.993
1508.5,-30.992
1508.6,-31.992
1508.7,-28.993
1508.8,-30.992
1508.9,-27.993
1509.0,-26.993
1509.1,-27.993
1509.2,-25.994
1509.3,-26.993
1509.4,-27.993
1509.5,-23.994
1509.6,-24.994
1509.7,-22.994
1509.8,-24.994
1509.9,-20.995
1510.0,-20.995
1510.1,-19.995
1510.2,-20.995
1510.3,-17.995
1510.4,-17.995
1510.5,-17.995
1510.6,-17.995
1510.7,-14.996
1510.8,-11.997
1510.9,-13.997
1511.0,-10.997
1511.1,-13.997
1511.2,-13.997
1511.3,-5.998
1511.4,-6.998
1511.5,-5.998
1511.6,-4.999
1511.7,-2.0
1511.8,-5.998
1511.9,-2.0
1512.0,-2.0
1512.1,0.0
1512.2,2.999
1512.3,0.0
1512.4,2.999
1512.5,4.999
1512.6,5.998
1512.7,7.998
1512.8,11.997
1512.9,8.998
1513.0,10.997
1513.1,9.998
1513.2,10.997
1513.3,10.997
1513.4,14.996
1513.5,11.997
1513.6,16.996
1513.7,16.996
1513.8,19.995
1513.9,18.995
1514.0,19.995
1514.1,18.995
1514.2,18.995
1514.3,20.995
1514.4,22.994
1514.5,19.995
1514.6,19.995
1514.7,23.994
1514.8,24.994
1514.9,20.995
1515.0,25.994
1515.1,25.994
1515.2,25.994
1515.3,23.994
1515.4,27.993
1515.5,28.993
1515.6,27.993
1515.7,31.992
1515.8,31.992
1515.9,28.993
1516.0,28.993
1516.1,27.993
1516.2,27.993
1516.3,33.992
1516.4,32.992
1516.5,30.992
1516.6,30.992
1516.7,31.992
1516.8,35.991
1516.9,31.992
1517.0,33.992
1517.1,36.991
1517.2,37.991
1517.3,35.991
1517.4,32.992
1517.5,33.992
1517.6,33.992
1517.7,35.991
1517.8,34.991
1517.9,37.991
1518.0,34.991
1518.1,35.991
1518.2,35.991
1518.3,35.991
1518.4,34.991
1518.5,37.991
1518.6,37.991
1518.7,33.992
1518.8,31.992
1518.9,27.993
1519.0,28.993
1519.1,32.992
1519.2,30.992
1519.3,30.992
1519.4,31.992
1519.5,28.993
1519.6,26.993
1519.7,27.993
1519.8,26.993
1519.9,31.992
1520.0,24.994
1520.1,26.993
1520.2,20.995
1520.3,20.995
1520.4,22.994
1520.5,20.995
1520.6,19.995
1520.7,16.996
1520.8,19.995
1520.9,17.995
1521.0,17.995
1521.1,14.996
1521.2,13.997
1521.3,11.997
1521.4,9.998
1521.5,8.998
1521.6,8.998
1521.7,4.999
1521.8,9.998
1521.9,5.998
1522.0,6.998
1522.1,2.999
1522.2,2.0
1522.3,1.0
1522.4,-1.0
1522.5,4.999
1522.6,-1.0
1522.7,-5.998
1522.8,-2.0
1522.9,-6.998
1523.0,-6.998
1523.1,-8.998
1523.2,-9.998
1523.3,-7.998
1523.4,-10.997
1523.5,-9.998
1523.6,-13.997
1523.7,-14.996
1523.8,-15.996
1523.9,-16.996
1524.0,-14.996
1524.1,-16.996
1524.2,-17.995
1524.3,-17.995
1524.4,-16.996
1524.5,-18.995
1524.6,-18.995
1524.7,-18.995
1524.8,-17.995
1524.9,-23.994
1525.0,-22.994
1525.1,-22.994
1525.2,-19.995
1525.3,-23.994
1525.4,-23.994
1525.5,-23.994
1525.6,-22.994
1525.7,-27.993
1525.8,-24.994
1525.9,-28.993
1526.0,-26.993
1526.1,-27.993
1526.2,-30.992
1526.3,-24.994
1526.4,-28.993
1526.5,-25.994
1526.6,-27.993
1526.7,-28.993
1526.8,-30.992
1526.9,-26.993
1527.0,-31.992
1527.1,-31.992
1527.2,-31.992
1527.3,-31.992
1527.4,-31.992
1527.5,-32.992
1527.6,-30.992
1527.7,-31.992
1527.8,-31.992
1527.9,-30.992
1528.0,-30.992
1528.1,-28.993
1528.2,-30.992
1528.3,-34.991
1528.4,-28.993
1528.5,-33.992
1528.6,-30.992
1528.7,-28.993
1528.8,-27.993
1528.9,-24.994
1529.0,-28.993
1529.1,-26.993
1529.2,-23.994
1529.3,-23.994
1529.4,-24.994
1529.5,-25.994
1529.6,-22.994
1529.7,-25.994
1529.8,-19.995
1529.9,-18.995
1530.0,-16.996
1530.1,-18.995
1530.2,-18.995
1530.3,-17.995
1530.4,-17.995
1530.5,-16.996
1530.6,-15.996
1530.7,-14.996
1530.8,-13.997
1530.9,-7.998
1531.0,-10.997
1531.1,-13.997
1531.2,-10.997
1531.3,-7.998
1531.4,-6.998
1531.5,-5.998
1531.6,-4.999
1531.7,-5.998
1531.8,1.0
1531.9,0.0
1532.0,1.0
1532.1,-2.0
1532.2,-2.0
1532.3,2.999
1532.4,7.998
1532.5,5.998
1532.6,9.998
1532.7,6.998
1532.8,7.998
1532.9,8.998
1533.0,9.998
1533.1,10.997
1533.2,11.997
1533.3,11.997
1533.4,16.996
1533.5,16.996
1533.6,17.995
1533.7,17.995
1533.8,18.995
1533.9,17.995
1534.0,20.995
1534.1,22.994
1534.2,22.994
1534.3,20.995
1534.4,25.994
1534.5,25.994
1534.6,20.995
1534.7,27.993
1534.8,24.994
1534.9,23.994
1535.0,23.994
1535.1,27.993
1535.2,24.994
1535.3,30.992
1535.4,30.992
1535.5,27.993
1535.6,31.992
1535.7,30.992
1535.8,30.992
1535.9,31.992
1536.0,31.992
1536.1,30.992
1536.2,32.992
1536.3,27.993
1536.4,33.992
1536.5,34.991
1536.6,34.991
1536.7,33.992
1536.8,39.99
1536.9,34.991
1537.0,32.992
1537.1,36.991
1537.2,35.991
1537.3,35.991
1537.4,34.991
1537.5,35.991
1537.6,35.991
1537.7,36.991
1537.8,34.991
1537.9,37.991
1538.0,36.991
1538.1,35.991
1538.2,34.991
1538.3,34.991
1538.4,33.992
1538.5,36.991
1538.6,31.992
1538.7,33.992
1538.8,35.991
1538.9,32.992
1539.0,36.991
1539.1,33.992
1539.2,30.992
1539.3,33.992
1539.4,28.993
1539.5,27.993
1539.6,31.992
1539.7,26.993
1539.8,27.993
1539.9,27.993
1540.0,26.993
1540.1,22.994
1540.2,19.995
1540.3,23.994
1540.4,19.995
1540.5,22.994
1540.6,20.995
1540.7,17.995
1540.8,15.996
1540.9,18.995
1541.0,10.997
1541.1,16.996
1541.2,11.997
1541.3,10.997
1541.4,6.998
1541.5,7.998
1541.6,8.998
1541.7,7.998
1541.8,5.998
1541.9,2.999
1542.0,2.0
1542.1,2.0
1542.2,2.0
1542.3,2.999
1542.4,-2.0
1542.5,-2.0
1542.6,-2.999
1542.7,-2.999
1542.8,-5.998
1542.9,-5.998
1543.0,-6.998
1543.1,-5.998
1543.2,-6.998
1543.3,-8.998
1543.4,-11.997
1543.5,-9.998
1543.6,-9.998
1543.7,-14.996
1543.8,-14.996
1543.9,-15.996
1544.0,-16.996
1544.1,-16.996
1544.2,-18.995
1544.3,-17.995
1544.4,-16.996
1544.5,-17.995
1544.6,-18.995
1544.7,-19.995
1544.8,-19.995
1544.9,-18.995
1545.0,-23.994
1545.1,-23.994
1545.2,-20.995
1545.3,-22.994
1545.4,-23.994
1545.5,-23.994
1545.6,-25.994
1545.7,-26.993
1545.8,-23.994
1545.9,-26.993
1546.0,-24.994
1546.1,-26.993
1546.2,-25.994
1546.3,-30.992
1546.4,-27.993
1546.5,-30.992
1546.6,-25.994
1546.7,-28.993
1546.8,-32.992
1546.9,-33.992
1547.0,-31.992
1547.1,-28.993
1547.2,-30.992
1547.3,-32.992
1547.4,-32.992
1547.5,-34.991
1547.6,-31.992
1547.7,-32.992
1547.8,-31.992
1547.9,-30.992
1548.0,-32.992
1548.1,-33.992
1548.2,-32.992
1548.3,-32.992
1548.4,-33.992
1548.5,-30.992
1548.6,-33.992
1548.7,-28.993
1548.8,-26.993
1548.9,-28.993
1549.0,-25.994
1549.1,-30.992
1549.2,-27.993
1549.3,-27.993
1549.4,-25.994
1549.5,-22.994
1549.6,-23.994
1549.7,-23.994
1549.8,-27.993
1549.9,-22.994
1550.0,-20.995
1550.1,-18.995
1550.2,-16.996
1550.3,-17.995
1550.4,-16.996
1550.5,-18.995
1550.6,-17.995
1550.7,-11.997
1550.8,-13.997
1550.9,-14.996
1551.0,-10.997
1551.1,-13.997
1551.2,-8.998
1551.3,-9.998
1551.4,-6.998
1551.5,-5.998
1551.6,-2.0
1551.7,-4.999
1551.8,-2.0
1551.9,0.0
1552.0,1.0
1552.1,-1.0
1552.2,-1.0
1552.3,-1.0
1552.4,4.999
1552.5,4.999
1552.6,4.999
1552.7,7.998
1552.8,7.998
1552.9,11.997
1553.0,11.997
1553.1,9.998
1553.2,14.996
1553.3,14.996
1553.4,13.997
1553.5,13.997
1553.6,13.997
1553.7,15.996
1553.8,19.995
1553.9,17.995
1554.0,19.995
1554.1,18.995
1554.2,18.995
1554.3,20.995
1554.4,19.995
1554.5,20.995
1554.6,23.994
1554.7,23.994
1554.8,22.994
1554.9,22.994
1555.0,22.994
1555.1,26.993
1555.2,26.993
1555.3,22.994
1555.4,27.993
1555.5,27.993
1555.6,30.992
1555.7,27.993
1555.8,28.993
1555.9,28.993
1556.0,30.992
1556.1,32.992
1556.2,32.992
1556.3,32.992
1556.4,33.992
1556.5,32.992
1556.6,31.992
1556.7,30.992
1556.8,35.991
1556.9,35.991
1557.0,35.991
1557.1,36.991
1557.2,34.991
1557.3,32.992
1557.4,35.991
1557.5,37.991
1557.6,33.992
1557.7,33.992
1557.8,36.991
1557.9,33.992
1558.0,36.991
1558.1,34.991
1558.2,35.991
1558.3,35.991
1558.4,34.991
1558.5,33.992
1558.6,33.992
1558.7,36.991
1558.8,34.991
1558.9,32.992
1559.0,30.992
1559.1,31.992
1559.2,30.992
1559.3,30.992
1559.4,28.993
1559.5,30.992
1559.6,25.994
1559.7,31.992
1559.8,26.993
1559.9,25.994
1560.0,23.994
1560.1,26.993
1560.2,22.994
1560.3,22.994
1560.4,18.995
1560.5,22.994
1560.6,20.995
1560.7,20.995
1560.8,18.995
1560.9,18.995
1561.0,15.996
1561.1,13.997
1561.2,14.996
1561.3,11.997
1561.4,10.997
1561.5,9.998
1561.6,10.997
1561.7,6.998
1561.8,9.998
1561.9,7.998
1562.0,4.999
1562.1,6.998
1562.2,2.0
1562.3,5.998
1562.4,2.999
1562.5,2.0
1562.6,1.0
1562.7,-2.0
1562.8,0.0
1562.9,-2.0
1563.0,-5.998
1563.1,-4.999
1563.2,-6.998
1563.3,-5.998
1563.4,-8.998
1563.5,-9.998
1563.6,-10.997
1563.7,-9.998
1563.8,-8.998
1563.9,-9.998
1564.0,-14.996
1564.1,-16.996
1564.2,-14.996
1564.3,-16.996
1564.4,-16.996
1564.5,-17.995
1564.6,-15.996
1564.7,-14.996
1564.8,-17.995
1564.9,-19.995
1565.0,-19.995
1565.1,-18.995
1565.2,-24.994
1565.3,-19.995
1565.4,-23.994
1565.5,-17.995
1565.6,-23.994
1565.7,-24.994
1565.8,-24.994
1565.9,-20.995
1566.0,-25.994
1566.1,-24.994
1566.2,-26.993
1566.3,-23.994
1566.4,-24.994
1566.5,-26.993
1566.6,-24.994
1566.7,-24.994
1566.8,-26.993
1566.9,-30.992
1567.0,-25.994
1567.1,-27.993
1567.2,-26.993
1567.3,-30.992
1567.4,-32.992
1567.5,-28.993
1567.6,-30.992
1567.7,-30.992
1567.8,-32.992
1567.9,-26.993
1568.0,-27.993
1568.1,-27.993
1568.2,-31.992
1568.3,-35.991
1568.4,-28.993
1568.5,-34.991
1568.6,-32.992
1568.7,-30.992
1568.8,-26.993
1568.9,-27.993
1569.0,-27.993
1569.1,-28.993
1569.2,-25.994
1569.3,-25.994
1569.4,-23.994
1569.5,-23.994
1569.6,-20.995
1569.7,-25.994
1569.8,-22.994
1569.9,-20.995
1570.0,-23.994
1570.1,-16.996
1570.2,-23.994
1570.3,-16.996
1570.4,-16.996
1570.5,-14.996
1570.6,-14.996
1570.7,-16.996
1570.8,-15.996
1570.9,-14.996
1571.0,-11.997
1571.1,-9.998
1571.2,-8.998
1571.3,-7.998
1571.4,-6.998
1571.5,-2.999
1571.6,-2.0
1571.7,-4.999
1571.8,1.0
1571.9,0.0
1572.0,2.999
1572.1,-2.999
1572.2,2.999
1572.3,2.999
1572.4,2.999
1572.5,4.999
1572.6,8.998
1572.7,8.998
1572.8,8.998
1572.9,9.998
1573.0,13.997
1573.1,13.997
1573.2,13.997
1573.3,13.997
1573.4,15.996
1573.5,16.996
1573.6,16.996
1573.7,18.995
1573.8,17.995
1573.9,17.995
1574.0,20.995
1574.1,19.995
1574.2,24.994
1574.3,22.994
1574.4,22.994
1574.5,22.994
1574.6,20.995
1574.7,26.993
1574.8,27.993
1574.9,25.994
1575.0,25.994
1575.1,26.993
1575.2,25.994
1575.3,28.993
1575.4,25.994
1575.5,31.992
1575.6,28.993
1575.7,28.993
1575.8,30.992
1575.9,27.993
1576.0,32.992
1576.1,31.992
1576.2,27.993
1576.3,32.992
1576.4,31.992
1576.5,31.992
1576.6,28.993
1576.7,34.991
1576.8,31.992
1576.9,32.992
1577.0,36.991
1577.1,33.992
1577.2,33.992
1577.3,34.991
1577.4,35.991
1577.5,36.991
1577.6,36.991
1577.7,36.991
1577.8,35.991
1577.9,34.991
1578.0,36.991
1578.1,39.99
1578.2,35.991
1578.3,34.991
1578.4,35.991
1578.5,33.992
1578.6,32.992
1578.7,32.992
1578.8,34.991
1578.9,33.992
1579.0,30.992
1579.1,27.993
1579.2,27.993
1579.3,28.993
1579.4,27.993
1579.5,27.993
1579.6,27.993
1579.7,31.992
1579.8,24.994
1579.9,28.993
1580.0,24.994
1580.1,25.994
1580.2,18.995
1580.3,22.994
1580.4,20.995
1580.5,20.995
1580.6,19.995
1580.7,18.995
1580.8,19.995
1580.9,15.996
1581.0,16.996
1581.1,13.997
1581.2,16.996
1581.3,15.996
1581.4,11.997
1581.5,10.997
1581.6,9.998
1581.7,7.998
1581.8,5.998
1581.9,2.999
1582.0,4.999
1582.1,4.999
1582.2,2.0
1582.3,2.0
1582.4,1.0
1582.5,-1.0
1582.6,-1.0
1582.7,-2.999
1582.8,-4.999
1582.9,-4.999
1583.0,-5.998
1583.1,-5.998
1583.2,-5.998
1583.3,-8.998
1583.4,-11.997
1583.5,-13.997
1583.6,-9.998
1583.7,-14.996
1583.8,-14.996
1583.9,-10.997
1584.0,-19.995
1584.1,-15.996
1584.2,-16.996
1584.3,-16.996
1584.4,-18.995
1584.5,-16.996
1584.6,-19.995
1584.7,-18.995
1584.8,-22.994
1584.9,-18.995
1585.0,-17.995
1585.1,-20.995
1585.2,-19.995
1585.3,-17.995
1585.4,-20.995
1585.5,-22.994
1585.6,-25.994
1585.7,-24.994
1585.8,-24.994
1585.9,-24.994
1586.0,-25.994
1586.1,-28.993
1586.2,-26.993
1586.3,-26.993
1586.4,-25.994
1586.5,-25.994
1586.6,-27.993
1586.7,-30.992
1586.8,-30.992
1586.9,-30.992
1587.0,-30.992
1587.1,-34.991
1587.2,-30.992
1587.3,-32.992
1587.4,-32.992
1587.5,-30.992
1587.6,-32.992
1587.7,-30.992
1587.8,-30.992
1587.9,-33.992
1588.0,-33.992
1588.1,-31.992
1588.2,-32.992
1588.3,-33.992
1588.4,-32.992
1588.5,-28.993
1588.6,-32.992
1588.7,-31.992
1588.8,-26.993
1588.9,-28.993
1589.0,-28.993
1589.1,-27.993
1589.2,-24.994
1589.3,-25.994
1589.4,-23.994
1589.5,-23.994
1589.6,-23.994
1589.7,-23.994
1589.8,-24.994
1589.9,-24.994
1590.0,-22.994
1590.1,-20.995
1590.2,-18.995
1590.3,-17.995
1590.4,-16.996
1590.5,-16.996
1590.6,-14.996
1590.7,-15.996
1590.8,-9.998
1590.9,-11.997
1591.0,-14.996
1591.1,-7.998
1591.2,-9.998
1591.3,-7.998
1591.4,-10.997
1591.5,-6.998
1591.6,0.0
1591.7,-2.999
1591.8,-4.999
1591.9,-1.0
1592.0,0.0
1592.1,2.0
1592.2,0.0
1592.3,1.0
1592.4,5.998
1592.5,0.0
1592.6,4.999
1592.7,6.998
1592.8,6.998
1592.9,8.998
1593.0,7.998
1593.1,10.997
1593.2,11.997
1593.3,11.997
1593.4,11.997
1593.5,10.997
1593.6,14.996
1593.7,16.996
1593.8,14.996
1593.9,17.995
1594.0,19.995
1594.1,17.995
1594.2,16.996
1594.3,20.995
1594.4,19.995
1594.5,19.995
1594.6,20.995
1594.7,23.994
1594.8,25.994
1594.9,20.995
1595.0,24.994
1595.1,25.994
1595.2,23.994
1595.3,26.993
1595.4,25.994
1595.5,27.993
1595.6,26.993
1595.7,30.992
1595.8,27.993
1595.9,36.991
1596.0,26.993
1596.1,30.992
1596.2,32.992
1596.3,31.992
1596.4,30.992
1596.5,30.992
1596.6,32.992
1596.7,32.992
1596.8,30.992
1596.9,35.991
1597.0,33.992
1597.1,36.991
1597.2,36.991
1597.3,32.992
1597.4,35.991
1597.5,36.991
1597.6,35.991
1597.7,36.991
1597.8,32.992
1597.9,35.991
1598.0,34.991
1598.1,35.991
1598.2,33.992
1598.3,34.991
1598.4,34.991
1598.5,35.991
1598.6,33.992
1598.7,33.992
1598.8,31.992
1598.9,33.992
1599.0,28.993
1599.1,30.992
1599.2,33.992
1599.3,32.992
1599.4,31.992
1599.5,32.992
1599.6,26.993
1599.7,27.993
1599.8,23.994
1599.9,28.993
1600.0,25.994
1600.1,25.994
1600.2,23.994
1600.3,23.994
1600.4,23.994
1600.5,22.994
1600.6,20.995
1600.7,19.995
1600.8,19.995
1600.9,19.995
1601.0,15.996
1601.1,15.996
1601.2,15.996
1601.3,14.996
1601.4,13.997
1601.5,6.998
1601.6,8.998
1601.7,7.998
1601.8,4.999
1601.9,8.998
1602.0,5.998
1602.1,0.0
1602.2,2.999
1602.3,0.0
1602.4,1.0
1602.5,-1.0
1602.6,0.0
1602.7,-1.0
1602.8,-2.999
1602.9,-1.0
1603.0,-4.999
1603.1,-8.998
1603.2,-6.998
1603.3,-8.998
1603.4,-7.998
1603.5,-14.996
1603.6,-10.997
1603.7,-10.997
1603.8,-10.997
1603.9,-15.996
1604.0,-15.996
1604.1,-11.997
1604.2,-15.996
1604.3,-18.995
1604.4,-15.996
1604.5,-17.995
1604.6,-20.995
1604.7,-18.995
1604.8,-18.995
1604.9,-19.995
1605.0,-18.995
1605.1,-22.994
1605.2,-18.995
1605.3,-18.995
1605.4,-22.994
1605.5,-23.994
1605.6,-23.994
1605.7,-23.994
1605.8,-23.994
1605.9,-25.994
1606.0,-25.994
1606.1,-24.994
1606.2,-27.993
1606.3,-26.993
1606.4,-26.993
1606.5,-24.994
1606.6,-30.992
1606.7,-28.993
1606.8,-31.992
1606.9,-28.993
1607.0,-27.993
1607.1,-28.993
1607.2,-30.992
1607.3,-30.992
1607.4,-34.991
1607.5,-33.992
1607.6,-32.992
1607.7,-31.992
1607.8,-31.992
1607.9,-28.993
1608.0,-31.992
1608.1,-31.992
1608.2,-30.992
1608.3,-34.991
1608.4,-30.992
1608.5,-31.992
1608.6,-30.992
1608.7,-30.992
1608.8,-26.993
1608.9,-27.993
1609.0,-31.992
1609.1,-24.994
1609.2,-24.994
1609.3,-26.993
1609.4,-25.994
1609.5,-23.994
1609.6,-25.994
1609.7,-24.994
1609.8,-22.994
1609.9,-20.995
1610.0,-22.994
1610.1,-18.995
1610.2,-20.995
1610.3,-18.995
1610.4,-15.996
1610.5,-16.996
1610.6,-16.996
1610.7,-14.996
1610.8,-10.997
1610.9,-14.996
1611.0,-14.996
1611.1,-9.998
1611.2,-9.998
1611.3,-8.998
1611.4,-6.998
1611.5,-5.998
1611.6,-6.998
1611.7,-2.999
1611.8,-6.998
1611.9,1.0
1612.0,1.0
1612.1,1.0
1612.2,1.0
1612.3,4.999
1612.4,4.999
1612.5,2.0
1612.6,7.998
1612.7,9.998
1612.8,7.998
1612.9,7.998
1613.0,11.997
1613.1,11.997
1613.2,10.997
1613.3,15.996
1613.4,15.996
1613.5,15.996
1613.6,17.995
1613.7,17.995
1613.8,17.995
1613.9,19.995
1614.0,19.995
1614.1,17.995
1614.2,20.995
1614.3,18.995
1614.4,20.995
1614.5,25.994
1614.6,20.995
1614.7,23.994
1614.8,27.993
1614.9,27.993
1615.0,25.994
1615.1,24.994
1615.2,26.993
1615.3,28.993
1615.4,28.993
1615.5,24.994
1615.6,27.993
1615.7,30.992
1615.8,33.992
1615.9,34.991
1616.0,32.992
1616.1,31.992
1616.2,31.992
1616.3,32.992
1616.4,33.992
1616.5,32.992
1616.6,32.992
1616.7,33.992
1616.8,34.991
1616.9,37.991
1617.0,33.992
1617.1,36.991
1617.2,36.991
1617.3,39.99
1617.4,40.99
1617.5,37.991
1617.6,35.991
1617.7,34.991
1617.8,36.991
1617.9,35.991
1618.0,37.991
1618.1,39.99
1618.2,37.991
1618.3,33.992
1618.4,35.991
1618.5,34.991
1618.6,34.991
1618.7,32.992
1618.8,36.991
1618.9,33.992
1619.0,30.992
1619.1,30.992
1619.2,30.992
1619.3,30.992
1619.4,28.993
1619.5,30.992
1619.6,27.993
1619.7,27.993
1619.8,26.993
1619.9,26.993
1620.0,27.993
1620.1,23.994
1620.2,23.994
1620.3,24.994
1620.4,19.995
1620.5,18.995
1620.6,19.995
1620.7,18.995
1620.8,18.995
1620.9,17.995
1621.0,16.996
1621.1,14.996
1621.2,14.996
1621.3,13.997
1621.4,10.997
1621.5,8.998
1621.6,11.997
1621.7,9.998
1621.8,5.998
1621.9,2.999
1622.0,5.998
1622.1,2.0
1622.2,2.0
1622.3,2.999
1622.4,-1.0
1622.5,2.0
1622.6,-2.999
1622.7,-2.0
1622.8,-2.0
1622.9,-6.998
1623.0,-6.998
1623.1,-5.998
1623.2,-8.998
1623.3,-9.998
1623.4,-9.998
1623.5,-10.997
1623.6,-14.996
1623.7,-14.996
1623.8,-14.996
1623.9,-15.996
1624.0,-16.996
1624.1,-18.995
1624.2,-16.996
1624.3,-14.996
1624.4,-16.996
1624.5,-19.995
1624.6,-18.995
1624.7,-19.995
1624.8,-22.994
1624.9,-22.994
1625.0,-22.994
1625.1,-25.994
1625.2,-23.994
1625.3,-23.994
1625.4,-20.995
1625.5,-23.994
1625.6,-23.994
1625.7,-24.994
1625.8,-25.994
1625.9,-25.994
1626.0,-23.994
1626.1,-30.992
1626.2,-28.993
1626.3,-28.993
1626.4,-30.992
1626.5,-27.993
1626.6,-28.993
1626.7,-25.994
1626.8,-28.993
1626.9,-25.994
1627.0,-30.992
1627.1,-30.992
1627.2,-32.992
1627.3,-33.992
1627.4,-33.992
1627.5,-31.992
1627.6,-28.993
1627.7,-27.993
1627.8,-28.993
1627.9,-32.992
1628.0,-32.992
1628.1,-30.992
1628.2,-28.993
1628.3,-30.992
1628.4,-30.992
1628.5,-30.992
1628.6,-32.992
1628.7,-31.992
1628.8,-26.993
1628.9,-26.993
1629.0,-26.993
1629.1,-24.994
1629.2,-25.994
1629.3,-25.994
1629.4,-25.994
1629.5,-20.995
1629.6,-24.994
1629.7,-23.994
1629.8,-24.994
1629.9,-22.994
1630.0,-22.994
1630.1,-19.995
1630.2,-18.995
1630.3,-17.995
1630.4,-16.996
1630.5,-16.996
1630.6,-15.996
1630.7,-11.997
1630.8,-14.996
1630.9,-16.996
1631.0,-13.997
1631.1,-8.998
1631.2,-6.998
1631.3,-6.998
1631.4,-8.998
1631.5,-4.999
1631.6,-5.998
1631.7,-5.998
1631.8,-4.999
1631.9,-1.0
1632.0,0.0
1632.1,4.999
1632.2,1.0
1632.3,2.999
1632.4,2.999
1632.5,1.0
1632.6,4.999
1632.7,5.998
1632.8,7.998
1632.9,8.998
1633.0,7.998
1633.1,7.998
1633.2,14.996
1633.3,9.998
1633.4,14.996
1633.5,16.996
1633.6,16.996
1633.7,15.996
1633.8,17.995
1633.9,15.996
1634.0,17.995
1634.1,16.996
1634.2,16.996
1634.3,19.995
1634.4,19.995
1634.5,19.995
1634.6,20.995
1634.7,22.994
1634.8,23.994
1634.9,24.994
1635.0,24.994
1635.1,22.994
1635.2,28.993
1635.3,27.993
1635.4,22.994
1635.5,26.993
1635.6,28.993
1635.7,30.992
1635.8,26.993
1635.9,31.992
1636.0,27.993
1636.1,30.992
1636.2,31.992
1636.3,28.993
1636.4,31.992
1636.5,32.992
1636.6,32.992
1636.7,31.992
1636.8,33.992
1636.9,34.991
1637.0,35.991
1637.1,36.991
1637.2,35.991
1637.3,40.99
1637.4,36.991
1637.5,34.991
1637.6,35.991
1637.7,35.991
1637.8,33.992
1637.9,32.992
1638.0,32.992
1638.1,34.991
1638.2,34.991
1638.3,36.991
1638.4,33.992
1638.5,35.991
1638.6,32.992
1638.7,33.992
1638.8,33.992
1638.9,32.992
1639.0,34.991
1639.1,30.992
1639.2,32.992
1639.3,28.993
1639.4,25.994
1639.5,26.993
1639.6,30.992
1639.7,27.993
1639.8,28.993
1639.9,24.994
1640.0,26.993
1640.1,23.994
1640.2,23.994
1640.3,23.994
1640.4,20.995
1640.5,23.994
1640.6,19.995
1640.7,19.995
1640.8,18.995
1640.9,17.995
1641.0,16.996
1641.1,16.996
1641.2,13.997
1641.3,14.996
1641.4,10.997
1641.5,10.997
1641.6,7.998
1641.7,8.998
1641.8,6.998
1641.9,5.998
1642.0,2.999
1642.1,2.999
1642.2,5.998
1642.3,0.0
1642.4,0.0
1642.5,1.0
1642.6,2.999
1642.7,-2.0
1642.8,-2.999
1642.9,-2.999
1643.0,-4.999
1643.1,-9.998
1643.2,-8.998
1643.3,-9.998
1643.4,-10.997
1643.5,-11.997
1643.6,-13.997
1643.7,-14.996
1643.8,-14.996
1643.9,-16.996
1644.0,-14.996
1644.1,-14.996
1644.2,-16.996
1644.3,-15.996
1644.4,-16.996
1644.5,-18.995
1644.6,-19.995
1644.7,-20.995
1644.8,-19.995
1644.9,-24.994
1645.0,-22.994
1645.1,-22.994
1645.2,-19.995
1645.3,-20.995
1645.4,-24.994
1645.5,-22.994
1645.6,-18.995
1645.7,-25.994
1645.8,-26.993
1645.9,-23.994
1646.0,-28.993
1646.1,-25.994
1646.2,-27.993
1646.3,-26.993
1646.4,-27.993
1646.5,-26.993
1646.6,-28.993
1646.7,-27.993
1646.8,-27.993
1646.9,-30.992
1647.0,-30.992
1647.1,-31.992
1647.2,-30.992
1647.3,-31.992
1647.4,-28.993
1647.5,-32.992
1647.6,-32.992
1647.7,-31.992
1647.8,-33.992
1647.9,-31.992
1648.0,-28.993
1648.1,-28.993
1648.2,-30.992
1648.3,-32.992
1648.4,-30.992
1648.5,-27.993
1648.6,-27.993
1648.7,-26.993
1648.8,-28.993
1648.9,-30.992
1649.0,-30.992
1649.1,-25.994
1649.2,-23.994
1649.3,-27.993
1649.4,-24.994
1649.5,-25.994
1649.6,-20.995
1649.7,-22.994
1649.8,-23.994
1649.9,-23.994
1650.0,-20.995
1650.1,-22.994
1650.2,-20.995
1650.3,-19.995
1650.4,-17.995
1650.5,-15.996
1650.6,-11.997
1650.7,-13.997
1650.8,-11.997
1650.9,-13.997
1651.0,-10.997
1651.1,-9.998
1651.2,-6.998
1651.3,-7.998
1651.4,-8.998
1651.5,-6.998
1651.6,-5.998
1651.7,-4.999
1651.8,-1.0
1651.9,0.0
1652.0,1.0
1652.1,2.0
1652.2,4.999
1652.3,5.998
1652.4,6.998
1652.5,7.998
1652.6,6.998
1652.7,8.998
1652.8,7.998
1652.9,10.997
1653.0,11.997
1653.1,11.997
1653.2,13.997
1653.3,14.996
1653.4,15.996
1653.5,16.996
1653.6,19.995
1653.7,18.995
1653.8,19.995
1653.9,23.994
1654.0,20.995
1654.1,19.995
1654.2,19.995
1654.3,22.994
1654.4,23.994
1654.5,24.994
1654.6,25.994
1654.7,25.994
1654.8,28.993
1654.9,28.993
1655.0,25.994
1655.1,27.993
1655.2,27.993
1655.3,28.993
1655.4,27.993
1655.5,30.992
1655.6,25.994
1655.7,28.993
1655.8,28.993
1655.9,32.992
1656.0,33.992
1656.1,33.992
1656.2,33.992
1656.3,34.991
1656.4,34.991
1656.5,35.991
1656.6,33.992
1656.7,36.991
1656.8,32.992
1656.9,36.991
1657.0,34.991
1657.1,37.991
1657.2,40.99
1657.3,36.991
1657.4,36.991
1657.5,39.99
1657.6,39.99
1657.7,36.991
1657.8,35.991
1657.9,37.991
1658.0,37.991
1658.1,36.991
1658.2,35.991
1658.3,35.991
1658.4,39.99
1658.5,33.992
1658.6,34.991
1658.7,36.991
1658.8,33.992
1658.9,34.991
1659.0,30.992
1659.1,28.993
1659.2,31.992
1659.3,28.993
1659.4,27.993
1659.5,27.993
1659.6,28.993
1659.7,27.993
1659.8,28.993
1659.9,25.994
1660.0,25.994
1660.1,25.994
1660.2,24.994
1660.3,24.994
1660.4,23.994
1660.5,22.994
1660.6,18.995
1660.7,16.996
1660.8,18.995
1660.9,16.996
1661.0,11.997
1661.1,14.996
1661.2,11.997
1661.3,14.996
1661.4,10.997
1661.5,7.998
1661.6,6.998
1661.7,7.998
1661.8,6.998
1661.9,5.998
1662.0,2.0
1662.1,2.999
1662.2,1.0
1662.3,1.0
1662.4,-1.0
1662.5,1.0
1662.6,-1.0
1662.7,-1.0
1662.8,-1.0
1662.9,-1.0
1663.0,-6.998
1663.1,-11.997
1663.2,-7.998
1663.3,-5.998
1663.4,-11.997
1663.5,-8.998
1663.6,-11.997
1663.7,-11.997
1663.8,-16.996
1663.9,-17.995
1664.0,-17.995
1664.1,-15.996
1664.2,-16.996
1664.3,-14.996
1664.4,-20.995
1664.5,-20.995
1664.6,-17.995
1664.7,-22.994
1664.8,-20.995
1664.9,-23.994
1665.0,-26.993
1665.1,-22.994
1665.2,-18.995
1665.3,-20.995
1665.4,-20.995
1665.5,-23.994
1665.6,-22.994
1665.7,-23.994
1665.8,-24.994
1665.9,-27.993
1666.0,-28.993
1666.1,-25.994
1666.2,-27.993
1666.3,-27.993
1666.4,-27.993
1666.5,-30.992
1666.6,-28.993
1666.7,-26.993
1666.8,-30.992
1666.9,-26.993
1667.0,-33.992
1667.1,-27.993
1667.2,-33.992
1667.3,-32.992
1667.4,-33.992
1667.5,-33.992
1667.6,-32.992
1667.7,-32.992
1667.8,-33.992
1667.9,-31.992
1668.0,-33.992
1668.1,-28.993
1668.2,-32.992
1668.3,-33.992
1668.4,-31.992
1668.5,-32.992
1668.6,-30.992
1668.7,-28.993
1668.8,-30.992
1668.9,-31.992
1669.0,-26.993
1669.1,-30.992
1669.2,-24.994
1669.3,-23.994
1669.4,-26.993
1669.5,-24.994
1669.6,-22.994
1669.7,-24.994
1669.8,-22.994
1669.9,-20.995
1670.0,-22.994
1670.1,-18.995
1670.2,-20.995
1670.3,-20.995
1670.4,-17.995
1670.5,-18.995
1670.6,-14.996
1670.7,-14.996
1670.8,-10.997
1670.9,-11.997
1671.0,-10.997
1671.1,-9.998
1671.2,-13.997
1671.3,-5.998
1671.4,-4.999
1671.5,-7.998
1671.6,-5.998
1671.7,-5.998
1671.8,-2.0
1671.9,0.0
1672.0,0.0
1672.1,-2.0
1672.2,1.0
1672.3,2.0
1672.4,2.999
1672.5,4.999
1672.6,2.0
1672.7,6.998
1672.8,7.998
1672.9,5.998
1673.0,11.997
1673.1,9.998
1673.2,14.996
1673.3,13.997
1673.4,15.996
1673.5,14.996
1673.6,19.995
1673.7,18.995
1673.8,17.995
1673.9,15.996
1674.0,15.996
1674.1,19.995
1674.2,18.995
1674.3,19.995
1674.4,20.995
1674.5,20.995
1674.6,17.995
1674.7,22.994
1674.8,23.994
1674.9,23.994
1675.0,24.994
1675.1,25.994
1675.2,27.993
1675.3,24.994
1675.4,26.993
1675.5,23.994
1675.6,23.994
1675.7,26.993
1675.8,26.993
1675.9,26.993
1676.0,30.992
1676.1,30.992
1676.2,32.992
1676.3,34.991
1676.4,33.992
1676.5,30.992
1676.6,32.992
1676.7,31.992
1676.8,30.992
1676.9,33.992
1677.0,32.992
1677.1,36.991
1677.2,35.991
1677.3,35.991
1677.4,35.991
1677.5,32.992
1677.6,34.991
1677.7,34.991
1677.8,36.991
1677.9,36.991
1678.0,37.991
1678.1,34.991
1678.2,35.991
1678.3,34.991
1678.4,37.991
1678.5,34.991
1678.6,32.992
1678.7,34.991
1678.8,34.991
1678.9,31.992
1679.0,30.992
1679.1,35.991
1679.2,33.992
1679.3,28.993
1679.4,32.992
1679.5,28.993
1679.6,27.993
1679.7,28.993
1679.8,25.994
1679.9,26.993
1680.0,25.994
1680.1,26.993
1680.2,24.994
1680.3,23.994
1680.4,25.994
1680.5,22.994
1680.6,17.995
1680.7,18.995
1680.8,18.995
1680.9,16.996
1681.0,15.996
1681.1,16.996
1681.2,18.995
1681.3,14.996
1681.4,13.997
1681.5,13.997
1681.6,7.998
1681.7,5.998
1681.8,7.998
1681.9,5.998
1682.0,5.998
1682.1,2.0
1682.2,1.0
1682.3,2.0
1682.4,0.0
1682.5,-1.0
1682.6,1.0
1682.7,2.0
1682.8,-5.998
1682.9,-2.0
1683.0,-2.999
1683.1,-6.998
1683.2,-7.998
1683.3,-7.998
1683.4,-9.998
1683.5,-11.997
1683.6,-10.997
1683.7,-11.997
1683.8,-14.996
1683.9,-14.996
1684.0,-10.997
1684.1,-13.997
1684.2,-14.996
1684.3,-15.996
1684.4,-11.997
1684.5,-14.996
1684.6,-18.995
1684.7,-19.995
1684.8,-19.995
1684.9,-19.995
1685.0,-25.994
1685.1,-22.994
1685.2,-20.995
1685.3,-19.995
1685.4,-22.994
1685.5,-20.995
1685.6,-19.995
1685.7,-22.994
1685.8,-23.994
1685.9,-23.994
1686.0,-22.994
1686.1,-25.994
1686.2,-27.993
1686.3,-26.993
1686.4,-27.993
1686.5,-26.993
1686.6,-24.994
1686.7,-26.993
1686.8,-25.994
1686.9,-23.994
1687.0,-28.993
1687.1,-28.993
1687.2,-32.992
1687.3,-32.992
1687.4,-33.992
1687.5,-31.992
1687.6,-30.992
1687.7,-30.992
1687.8,-34.991
1687.9,-32.992
1688.0,-30.992
1688.1,-33.992
1688.2,-27.993
1688.3,-33.992
1688.4,-28.993
1688.5,-28.993
1688.6,-31.992
1688.7,-27.993
1688.8,-25.994
1688.9,-31.992
1689.0,-26.993
1689.1,-23.994
1689.2,-26.993
1689.3,-26.993
1689.4,-24.994
1689.5,-22.994
1689.6,-22.994
1689.7,-22.994
1689.8,-20.995
1689.9,-22.994
1690.0,-20.995
1690.1,-19.995
1690.2,-19.995
1690.3,-20.995
1690.4,-18.995
1690.5,-17.995
1690.6,-15.996
1690.7,-11.997
1690.8,-11.997
1690.9,-14.996
1691.0,-14.996
1691.1,-11.997
1691.2,-11.997
1691.3,-7.998
1691.4,-5.998
1691.5,-8.998
1691.6,-5.998
1691.7,-5.998
1691.8,-5.998
1691.9,-1.0
1692.0,2.0
1692.1,0.0
1692.2,2.999
1692.3,4.999
1692.4,5.998
1692.5,4.999
1692.6,7.998
1692.7,2.999
1692.8,6.998
1692.9,8.998
1693.0,6.998
1693.1,9.998
1693.2,14.996
1693.3,10.997
1693.4,14.996
1693.5,15.996
1693.6,20.995
1693.7,18.995
1693.8,15.996
1693.9,19.995
1694.0,22.994
1694.1,22.994
1694.2,19.995
1694.3,19.995
1694.4,20.995
1694.5,20.995
1694.6,22.994
1694.7,26.993
1694.8,22.994
1694.9,24.994
1695.0,24.994
1695.1,26.993
1695.2,26.993
1695.3,24.994
1695.4,31.992
1695.5,26.993
1695.6,31.992
1695.7,28.993
1695.8,27.993
1695.9,27.993
1696.0,30.992
1696.1,34.991
1696.2,31.992
1696.3,33.992
1696.4,34.991
1696.5,31.992
1696.6,33.992
1696.7,31.992
1696.8,32.992
1696.9,33.992
1697.0,35.991
1697.1,34.991
1697.2,33.992
1697.3,35.991
1697.4,37.991
1697.5,34.991
1697.6,37.991
1697.7,37.991
1697.8,35.991
1697.9,41.989
1698.0,35.991
1698.1,33.992
1698.2,37.991
1698.3,34.991
1698.4,34.991
1698.5,34.991
1698.6,32.992
1698.7,33.992
1698.8,33.992
1698.9,34.991
1699.0,32.992
1699.1,33.992
1699.2,27.993
1699.3,30.992
1699.4,26.993
1699.5,27.993
1699.6,27.993
1699.7,28.993
1699.8,26.993
1699.9,25.994
1700.0,24.994
1700.1,26.993
1700.2,22.994
1700.3,23.994
1700.4,23.994
1700.5,19.995
1700.6,18.995
1700.7,18.995
1700.8,19.995
1700.9,14.996
1701.0,16.996
1701.1,16.996
1701.2,14.996
1701.3,13.997
1701.4,9.998
1701.5,13.997
1701.6,11.997
1701.7,7.998
1701.8,2.999
1701.9,5.998
1702.0,5.998
1702.1,2.999
1702.2,2.999
1702.3,-2.0
1702.4,-1.0
1702.5,0.0
1702.6,-1.0
1702.7,-2.999
1702.8,-2.999
1702.9,-2.999
1703.0,-5.998
1703.1,-5.998
1703.2,-7.998
1703.3,-11.997
1703.4,-8.998
1703.5,-10.997
1703.6,-11.997
1703.7,-10.997
1703.8,-11.997
1703.9,-11.997
1704.0,-14.996
1704.1,-11.997
1704.2,-18.995
1704.3,-16.996
1704.4,-13.997
1704.5,-18.995
1704.6,-20.995
1704.7,-17.995
1704.8,-19.995
1704.9,-18.995
1705.0,-18.995
1705.1,-20.995
1705.2,-19.995
1705.3,-24.994
1705.4,-24.994
1705.5,-20.995
1705.6,-18.995
1705.7,-24.994
1705.8,-25.994
1705.9,-22.994
1706.0,-24.994
1706.1,-25.994
1706.2,-26.993
1706.3,-26.993
1706.4,-28.993
1706.5,-28.993
1706.6,-25.994
1706.7,-28.993
1706.8,-31.992
1706.9,-27.993
1707.0,-28.993
1707.1,-32.992
1707.2,-28.993
1707.3,-27.993
1707.4,-33.992
1707.5,-31.992
1707.6,-31.992
1707.7,-32.992
1707.8,-31.992
1707.9,-33.992
1708.0,-28.993
1708.1,-31.992
1708.2,-32.992
1708.3,-30.992
1708.4,-30.992
1708.5,-30.992
1708.6,-30.992
1708.7,-27.993
1708.8,-31.992
1708.9,-28.993
1709.0,-26.993
1709.1,-30.992
1709.2,-31.992
1709.3,-26.993
1709.4,-26.993
1709.5,-24.994
1709.6,-23.994
1709.7,-23.994
1709.8,-23.994
1709.9,-22.994
1710.0,-19.995
1710.1,-20.995
1710.2,-17.995
1710.3,-19.995
1710.4,-19.995
1710.5,-18.995
1710.6,-14.996
1710.7,-17.995
1710.8,-8.998
1710.9,-11.997
1711.0,-13.997
1711.1,-11.997
1711.2,-7.998
1711.3,-11.997
1711.4,-10.997
1711.5,-9.998
1711.6,-6.998
1711.7,-6.998
1711.8,-2.999
1711.9,1.0
1712.0,-2.0
1712.1,0.0
1712.2,1.0
1712.3,0.0
1712.4,2.0
1712.5,1.0
1712.6,5.998
1712.7,2.0
1712.8,5.998
1712.9,7.998
1713.0,6.998
1713.1,7.998
1713.2,8.998
1713.3,11.997
1713.4,10.997
1713.5,11.997
1713.6,16.996
1713.7,15.996
1713.8,16.996
1713.9,16.996
1714.0,15.996
1714.1,18.995
1714.2,17.995
1714.3,17.995
1714.4,16.996
1714.5,17.995
1714.6,22.994
1714.7,20.995
1714.8,22.994
1714.9,23.994
1715.0,23.994
1715.1,23.994
1715.2,25.994
1715.3,25.994
1715.4,23.994
1715.5,22.994
1715.6,25.994
1715.7,30.992
1715.8,26.993
1715.9,30.992
1716.0,24.994
1716.1,30.992
1716.2,30.992
1716.3,32.992
1716.4,32.992
1716.5,32.992
1716.6,31.992
1716.7,31.992
1716.8,32.992
1716.9,33.992
1717.0,32.992
1717.1,28.993
1717.2,34.991
1717.3,34.991
1717.4,33.992
1717.5,36.991
1717.6,35.991
1717.7,39.99
1717.8,32.992
1717.9,35.991
1718.0,39.99
1718.1,33.992
1718.2,36.991
1718.3,34.991
1718.4,35.991
1718.5,27.993
1718.6,34.991
1718.7,34.991
1718.8,32.992
1718.9,33.992
1719.0,35.991
1719.1,33.992
1719.2,31.992
1719.3,27.993
1719.4,28.993
1719.5,27.993
1719.6,28.993
1719.7,28.993
1719.8,24.994
1719.9,23.994
1720.0,24.994
1720.1,23.994
1720.2,23.994
1720.3,24.994
1720.4,24.994
1720.5,19.995
1720.6,19.995
1720.7,19.995
1720.8,15.996
1720.9,18.995
1721.0,14.996
1721.1,16.996
1721.2,14.996
1721.3,10.997
1721.4,11.997
1721.5,9.998
1721.6,9.998
1721.7,7.998
1721.8,8.998
1721.9,4.999
1722.0,7.998
1722.1,6.998
1722.2,2.999
1722.3,4.999
1722.4,2.0
1722.5,0.0
1722.6,-4.999
1722.7,1.0
1722.8,1.0
1722.9,-1.0
1723.0,-2.999
1723.1,-2.999
1723.2,-5.998
1723.3,-6.998
1723.4,-10.997
1723.5,-8.998
1723.6,-13.997
1723.7,-11.997
1723.8,-9.998
1723.9,-15.996
1724.0,-16.996
1724.1,-9.998
1724.2,-13.997
1724.3,-14.996
1724.4,-14.996
1724.5,-17.995
1724.6,-16.996
1724.7,-17.995
1724.8,-18.995
1724.9,-19.995
1725.0,-20.995
1725.1,-22.994
1725.2,-20.995
1725.3,-19.995
1725.4,-24.994
1725.5,-20.995
1725.6,-23.994
1725.7,-23.994
1725.8,-20.995
1725.9,-23.994
1726.0,-20.995
1726.1,-26.993
1726.2,-26.993
1726.3,-24.994
1726.4,-27.993
1726.5,-26.993
1726.6,-28.993
1726.7,-27.993
1726.8,-30.992
1726.9,-27.993
1727.0,-31.992
1727.1,-28.993
1727.2,-27.993
1727.3,-30.992
1727.4,-28.993
1727.5,-33.992
1727.6,-31.992
1727.7,-32.992
1727.8,-32.992
1727.9,-33.992
1728.0,-32.992
1728.1,-31.992
1728.2,-32.992
1728.3,-27.993
1728.4,-28.993
1728.5,-30.992
1728.6,-27.993
1728.7,-27.993
1728.8,-30.992
1728.9,-27.993
1729.0,-28.993
1729.1,-31.992
1729.2,-23.994
1729.3,-25.994
1729.4,-24.994
1729.5,-23.994
1729.6,-22.994
1729.7,-23.994
1729.8,-19.995
1729.9,-17.995
1730.0,-20.995
1730.1,-17.995
1730.2,-18.995
1730.3,-18.995
1730.4,-16.996
1730.5,-16.996
1730.6,-15.996
1730.7,-18.995
1730.8,-13.997
1730.9,-13.997
1731.0,-10.997
1731.1,-8.998
1731.2,-9.998
1731.3,-7.998
1731.4,-5.998
1731.5,-5.998
1731.6,-6.998
1731.7,-6.998
1731.8,2.0
1731.9,-2.999
1732.0,1.0
1732.1,0.0
1732.2,0.0
1732.3,2.0
1732.4,4.999
1732.5,7.998
1732.6,4.999
1732.7,8.998
1732.8,9.998
1732.9,9.998
1733.0,9.998
1733.1,8.998
1733.2,15.996
1733.3,13.997
1733.4,13.997
1733.5,17.995
1733.6,13.997
1733.7,15.996
1733.8,15.996
1733.9,20.995
1734.0,22.994
1734.1,23.994
1734.2,20.995
1734.3,20.995
1734.4,22.994
1734.5,19.995
1734.6,20.995
1734.7,24.994
1734.8,23.994
1734.9,25.994
1735.0,28.993
1735.1,26.993
1735.2,28.993
1735.3,26.993
1735.4,26.993
1735.5,26.993
1735.6,27.993
1735.7,28.993
1735.8,28.993
1735.9,23.994
1736.0,30.992
1736.1,32.992
1736.2,33.992
1736.3,31.992
1736.4,32.992
1736.5,31.992
1736.6,32.992
1736.7,34.991
1736.8,34.991
1736.9,35.991
1737.0,32.992
1737.1,33.992
1737.2,33.992
1737.3,34.991
1737.4,34.991
1737.5,36.991
1737.6,35.991
1737.7,34.991
1737.8,34.991
1737.9,36.991
1738.0,32.992
1738.1,34.991
1738.2,34.991
1738.3,34.991
1738.4,34.991
1738.5,33.992
1738.6,32.992
1738.7,30.992
1738.8,34.991
1738.9,33.992
1739.0,31.992
1739.1,31.992
1739.2,27.993
1739.3,31.992
1739.4,31.992
1739.5,28.993
1739.6,26.993
1739.7,26.993
1739.8,26.993
1739.9,23.994
1740.0,23.994
1740.1,25.994
1740.2,25.994
1740.3,23.994
1740.4,22.994
1740.5,22.994
1740.6,20.995
1740.7,18.995
1740.8,15.996
1740.9,17.995
1741.0,17.995
1741.1,15.996
1741.2,13.997
1741.3,10.997
1741.4,9.998
1741.5,13.997
1741.6,13.997
1741.7,5.998
1741.8,4.999
1741.9,6.998
1742.0,5.998
1742.1,1.0
1742.2,-1.0
1742.3,2.0
1742.4,1.0
1742.5,-1.0
1742.6,-1.0
1742.7,-1.0
1742.8,-4.999
1742.9,-2.999
1743.0,-4.999
1743.1,-5.998
1743.2,-7.998
1743.3,-9.998
1743.4,-11.997
1743.5,-10.997
1743.6,-8.998
1743.7,-14.996
1743.8,-14.996
1743.9,-13.997
1744.0,-14.996
1744.1,-11.997
1744.2,-17.995
1744.3,-11.997
1744.4,-15.996
1744.5,-17.995
1744.6,-15.996
1744.7,-16.996
1744.8,-19.995
1744.9,-23.994
1745.0,-19.995
1745.1,-22.994
1745.2,-18.995
1745.3,-24.994
1745.4,-20.995
1745.5,-27.993
1745.6,-20.995
1745.7,-24.994
1745.8,-24.994
1745.9,-24.994
1746.0,-22.994
1746.1,-26.993
1746.2,-26.993
1746.3,-27.993
1746.4,-26.993
1746.5,-27.993
1746.6,-24.994
1746.7,-30.992
1746.8,-26.993
1746.9,-32.992
1747.0,-28.993
1747.1,-27.993
1747.2,-31.992
1747.3,-27.993
1747.4,-27.993
1747.5,-32.992
1747.6,-28.993
1747.7,-31.992
1747.8,-32.992
1747.9,-33.992
1748.0,-32.992
1748.1,-26.993
1748.2,-30.992
1748.3,-30.992
1748.4,-28.993
1748.5,-32.992
1748.6,-26.993
1748.7,-27.993
1748.8,-26.993
1748.9,-31.992
1749.0,-30.992
1749.1,-23.994
1749.2,-25.994
1749.3,-28.993
1749.4,-28.993
1749.5,-24.994
1749.6,-26.993
1749.7,-22.994
1749.8,-23.994
1749.9,-19.995
1750.0,-20.995
1750.1,-17.995
1750.2,-17.995
1750.3,-19.995
1750.4,-16.996
1750.5,-17.995
1750.6,-14.996
1750.7,-14.996
1750.8,-13.997
1750.9,-11.997
1751.0,-13.997
1751.1,-13.997
1751.2,-9.998
1751.3,-5.998
1751.4,-6.998
1751.5,-5.998
1751.6,-2.999
1751.7,-2.999
1751.8,-2.0
1751.9,-6.998
1752.0,1.0
1752.1,2.999
1752.2,1.0
1752.3,4.999
1752.4,2.999
1752.5,5.998
1752.6,6.998
1752.7,8.998
1752.8,8.998
1752.9,6.998
1753.0,9.998
1753.1,9.998
1753.2,15.996
1753.3,9.998
1753.4,14.996
1753.5,14.996
1753.6,17.995
1753.7,18.995
1753.8,20.995
1753.9,16.996
1754.0,20.995
1754.1,20.995
1754.2,18.995
1754.3,19.995
1754.4,20.995
1754.5,20.995
1754.6,23.994
1754.7,23.994
1754.8,23.994
1754.9,23.994
1755.0,25.994
1755.1,25.994
1755.2,24.994
1755.3,26.993
1755.4,26.993
1755.5,28.993
1755.6,27.993
1755.7,27.993
1755.8,28.993
1755.9,30.992
1756.0,31.992
1756.1,30.992
1756.2,33.992
1756.3,31.992
1756.4,33.992
1756.5,33.992
1756.6,33.992
1756.7,36.991
1756.8,33.992
1756.9,32.992
1757.0,33.992
1757.1,34.991
1757.2,33.992
1757.3,36.991
1757.4,35.991
1757.5,33.992
1757.6,35.991
1757.7,33.992
1757.8,36.991
1757.9,35.991
1758.0,36.991
1758.1,36.991
1758.2,36.991
1758.3,34.991
1758.4,36.991
1758.5,30.992
1758.6,30.992
1758.7,31.992
1758.8,30.992
1758.9,32.992
1759.0,33.992
1759.1,27.993
1759.2,33.992
1759.3,31.992
1759.4,27.993
1759.5,28.993
1759.6,24.994
1759.7,25.994
1759.8,26.993
1759.9,24.994
1760.0,26.993
1760.1,23.994
1760.2,25.994
1760.3,25.994
1760.4,24.994
1760.5,19.995
1760.6,17.995
1760.7,20.995
1760.8,18.995
1760.9,13.997
1761.0,14.996
1761.1,15.996
1761.2,13.997
1761.3,10.997
1761.4,13.997
1761.5,11.997
1761.6,7.998
1761.7,7.998
1761.8,6.998
1761.9,7.998
1762.0,5.998
1762.1,2.0
1762.2,1.0
1762.3,1.0
1762.4,-2.0
1762.5,-1.0
1762.6,-5.998
1762.7,-2.999
1762.8,-7.998
1762.9,-6.998
1763.0,-4.999
1763.1,-8.998
1763.2,-7.998
1763.3,-5.998
1763.4,-11.997
1763.5,-11.997
1763.6,-15.996
1763.7,-10.997
1763.8,-16.996
1763.9,-16.996
1764.0,-16.996
1764.1,-22.994
1764.2,-19.995
1764.3,-16.996
1764.4,-15.996
1764.5,-23.994
1764.6,-22.994
1764.7,-20.995
1764.8,-19.995
1764.9,-24.994
1765.0,-22.994
1765.1,-23.994
1765.2,-22.994
1765.3,-26.993
1765.4,-19.995
1765.5,-25.994
1765.6,-24.994
1765.7,-25.994
1765.8,-26.993
1765.9,-26.993
1766.0,-22.994
1766.1,-26.993
1766.2,-32.992
1766.3,-28.993
1766.4,-25.994
1766.5,-31.992
1766.6,-34.991
1766.7,-26.993
1766.8,-27.993
1766.9,-30.992
1767.0,-31.992
1767.1,-31.992
1767.2,-34.991
1767.3,-32.992
1767.4,-33.992
1767.5,-31.992
1767.6,-30.992
1767.7,-33.992
1767.8,-33.992
1767.9,-33.992
1768.0,-35.991
1768.1,-30.992
1768.2,-34.991
1768.3,-33.992
1768.4,-32.992
1768.5,-35.991
1768.6,-31.992
1768.7,-27.993
1768.8,-26.993
1768.9,-25.994
1769.0,-28.993
1769.1,-25.994
1769.2,-26.993
1769.3,-26.993
1769.4,-25.994
1769.5,-25.994
1769.6,-27.993
1769.7,-23.994
1769.8,-22.994
1769.9,-20.995
1770.0,-22.994
1770.1,-18.995
1770.2,-16.996
1770.3,-16.996
1770.4,-17.995
1770.5,-16.996
1770.6,-16.996
1770.7,-13.997
1770.8,-13.997
1770.9,-10.997
1771.0,-10.997
1771.1,-6.998
1771.2,-6.998
1771.3,-6.998
1771.4,-2.999
1771.5,-5.998
1771.6,-1.0
1771.7,-2.999
1771.8,0.0
1771.9,1.0
1772.0,2.999
1772.1,1.0
1772.2,1.0
1772.3,5.998
1772.4,6.998
1772.5,8.998
1772.6,7.998
1772.7,8.998
1772.8,9.998
1772.9,11.997
1773.0,7.998
1773.1,14.996
1773.2,15.996
1773.3,14.996
1773.4,11.997
1773.5,18.995
1773.6,22.994
1773.7,20.995
1773.8,20.995
1773.9,20.995
1774.0,20.995
1774.1,20.995
1774.2,20.995
1774.3,20.995
1774.4,22.994
1774.5,23.994
1774.6,25.994
1774.7,25.994
1774.8,25.994
1774.9,24.994
1775.0,30.992
1775.1,32.992
1775.2,30.992
1775.3,28.993
1775.4,31.992
1775.5,32.992
1775.6,32.992
1775.7,31.992
1775.8,30.992
1775.9,30.992
1776.0,31.992
1776.1,34.991
1776.2,32.992
1776.3,26.993
1776.4,33.992
1776.5,37.991
1776.6,36.991
1776.7,35.991
1776.8,34.991
1776.9,35.991
1777.0,36.991
1777.1,37.991
1777.2,34.991
1777.3,35.991
1777.4,34.991
1777.5,35.991
1777.6,36.991
1777.7,36.991
1777.8,36.991
1777.9,37.991
1778.0,40.99
1778.1,39.99
1778.2,39.99
1778.3,36.991
1778.4,33.992
1778.5,33.992
1778.6,34.991
1778.7,34.991
1778.8,34.991
1778.9,36.991
1779.0,33.992
1779.1,32.992
1779.2,34.991
1779.3,32.992
1779.4,32.992
1779.5,28.993
1779.6,32.992
1779.7,26.993
1779.8,26.993
1779.9,27.993
1780.0,25.994
1780.1,25.994
1780.2,23.994
1780.3,22.994
1780.4,24.994
1780.5,23.994
1780.6,20.995
1780.7,22.994
1780.8,20.995
1780.9,18.995
1781.0,16.996
1781.1,16.996
1781.2,13.997
1781.3,13.997
1781.4,13.997
1781.5,8.998
1781.6,7.998
1781.7,11.997
1781.8,8.998
1781.9,7.998
1782.0,4.999
1782.1,2.999
1782.2,4.999
1782.3,-2.0
1782.4,1.0
1782.5,-1.0
1782.6,-2.999
1782.7,-1.0
1782.8,-2.999
1782.9,-5.998
1783.0,-6.998
1783.1,-6.998
1783.2,-8.998
1783.3,-6.998
1783.4,-11.997
1783.5,-14.996
1783.6,-15.996
1783.7,-15.996
1783.8,-16.996
1783.9,-13.997
1784.0,-17.995
1784.1,-16.996
1784.2,-16.996
1784.3,-19.995
1784.4,-20.995
1784.5,-18.995
1784.6,-17.995
1784.7,-19.995
1784.8,-23.994
1784.9,-20.995
1785.0,-24.994
1785.1,-20.995
1785.2,-20.995
1785.3,-23.994
1785.4,-24.994
1785.5,-25.994
1785.6,-23.994
1785.7,-25.994
1785.8,-23.994
1785.9,-31.992
1786.0,-22.994
1786.1,-24.994
1786.2,-25.994
1786.3,-27.993
1786.4,-28.993
1786.5,-27.993
1786.6,-26.993
1786.7,-27.993
1786.8,-31.992
1786.9,-32.992
1787.0,-32.992
1787.1,-30.992
1787.2,-32.992
1787.3,-28.993
1787.4,-30.992
1787.5,-32.992
1787.6,-33.992
1787.7,-31.992
1787.8,-30.992
1787.9,-32.992
1788.0,-34.991
1788.1,-32.992
1788.2,-32.992
1788.3,-33.992
1788.4,-28.993
1788.5,-30.992
1788.6,-27.993
1788.7,-31.992
1788.8,-26.993
1788.9,-28.993
1789.0,-28.993
1789.1,-26.993
1789.2,-30.992
1789.3,-26.993
1789.4,-27.993
1789.5,-25.994
1789.6,-26.993
1789.7,-23.994
1789.8,-23.994
1789.9,-20.995
1790.0,-22.994
1790.1,-20.995
1790.2,-18.995
1790.3,-19.995
1790.4,-17.995
1790.5,-18.995
1790.6,-18.995
1790.7,-13.997
1790.8,-16.996
1790.9,-14.996
1791.0,-13.997
1791.1,-8.998
1791.2,-13.997
1791.3,-9.998
1791.4,-7.998
1791.5,-5.998
1791.6,-4.999
1791.7,-7.998
1791.8,-2.0
1791.9,0.0
1792.0,-2.0
1792.1,-2.0
1792.2,2.0
1792.3,2.0
1792.4,2.0
1792.5,2.999
1792.6,5.998
1792.7,4.999
1792.8,6.998
1792.9,8.998
1793.0,7.998
1793.1,8.998
1793.2,10.997
1793.3,13.997
1793.4,9.998
1793.5,18.995
1793.6,13.997
1793.7,15.996
1793.8,19.995
1793.9,19.995
1794.0,18.995
1794.1,18.995
1794.2,16.996
1794.3,17.995
1794.4,22.994
1794.5,20.995
1794.6,24.994
1794.7,22.994
1794.8,22.994
1794.9,22.994
1795.0,24.994
1795.1,25.994
1795.2,24.994
1795.3,25.994
1795.4,27.993
1795.5,28.993
1795.6,27.993
1795.7,26.993
1795.8,30.992
1795.9,28.993
1796.0,26.993
1796.1,26.993
1796.2,26.993
1796.3,30.992
1796.4,31.992
1796.5,30.992
1796.6,34.991
1796.7,31.992
1796.8,32.992
1796.9,35.991
1797.0,31.992
1797.1,33.992
1797.2,33.992
1797.3,34.991
1797.4,34.991
1797.5,33.992
1797.6,34.991
1797.7,34.991
1797.8,32.992
1797.9,37.991
1798.0,37.991
1798.1,40.99
1798.2,34.991
1798.3,32.992
1798.4,32.992
1798.5,31.992
1798.6,30.992
1798.7,32.992
1798.8,33.992
1798.9,27.993
1799.0,31.992
1799.1,27.993
1799.2,31.992
1799.3,28.993
1799.4,28.993
1799.5,27.993
1799.6,27.993
1799.7,27.993
1799.8,28.993
1799.9,23.994
1800.0,26.993
1800.1,24.994
1800.2,23.994
1800.3,23.994
1800.4,20.995
1800.5,20.995
1800.6,24.994
1800.7,20.995
1800.8,18.995
1800.9,19.995
1801.0,17.995
1801.1,18.995
1801.2,13.997
1801.3,11.997
1801.4,8.998
1801.5,11.997
1801.6,10.997
1801.7,4.999
1801.8,9.998
1801.9,7.998
1802.0,6.998
1802.1,4.999
1802.2,2.0
1802.3,2.0
1802.4,2.999
1802.5,1.0
1802.6,-2.0
1802.7,-2.0
1802.8,-6.998
1802.9,-2.999
1803.0,-7.998
1803.1,-5.998
1803.2,-6.998
1803.3,-7.998
1803.4,-5.998
1803.5,-9.998
1803.6,-9.998
1803.7,-9.998
1803.8,-13.997
1803.9,-10.997
1804.0,-10.997
1804.1,-15.996
1804.2,-16.996
1804.3,-15.996
1804.4,-17.995
1804.5,-17.995
1804.6,-17.995
1804.7,-17.995
1804.8,-17.995
1804.9,-19.995
1805.0,-20.995
1805.1,-19.995
1805.2,-19.995
1805.3,-23.994
1805.4,-22.994
1805.5,-22.994
1805.6,-24.994
1805.7,-25.994
1805.8,-24.994
1805.9,-25.994
1806.0,-23.994
1806.1,-22.994
1806.2,-26.993
1806.3,-25.994
1806.4,-27.993
1806.5,-24.994
1806.6,-26.993
1806.7,-27.993
1806.8,-26.993
1806.9,-27.993
1807.0,-30.992
1807.1,-27.993
1807.2,-30.992
1807.3,-30.992
1807.4,-31.992
1807.5,-32.992
1807.6,-28.993
1807.7,-30.992
1807.8,-30.992
1807.9,-33.992
1808.0,-32.992
1808.1,-32.992
1808.2,-30.992
1808.3,-32.992
1808.4,-30.992
1808.5,-30.992
1808.6,-31.992
1808.7,-25.994
1808.8,-25.994
1808.9,-23.994
1809.0,-24.994
1809.1,-25.994
1809.2,-25.994
1809.3,-26.993
1809.4,-24.994
1809.5,-26.993
1809.6,-19.995
1809.7,-20.995
1809.8,-23.994
1809.9,-23.994
1810.0,-18.995
1810.1,-16.996
1810.2,-19.995
1810.3,-19.995
1810.4,-20.995
1810.5,-16.996
1810.6,-11.997
1810.7,-14.996
1810.8,-14.996
1810.9,-10.997
1811.0,-11.997
1811.1,-10.997
1811.2,-7.998
1811.3,-7.998
1811.4,-6.998
1811.5,-7.998
1811.6,-2.999
1811.7,-2.0
1811.8,-2.0
1811.9,-2.0
1812.0,0.0
1812.1,2.0
1812.2,0.0
1812.3,5.998
1812.4,4.999
1812.5,4.999
1812.6,6.998
1812.7,6.998
1812.8,8.998
1812.9,8.998
1813.0,9.998
1813.1,11.997
1813.2,9.998
1813.3,13.997
1813.4,16.996
1813.5,16.996
1813.6,16.996
1813.7,17.995
1813.8,19.995
1813.9,18.995
1814.0,18.995
1814.1,17.995
1814.2,23.994
1814.3,20.995
1814.4,22.994
1814.5,25.994
1814.6,18.995
1814.7,25.994
1814.8,22.994
1814.9,24.994
1815.0,22.994
1815.1,23.994
1815.2,26.993
1815.3,27.993
1815.4,27.993
1815.5,28.993
1815.6,28.993
1815.7,28.993
1815.8,28.993
1815.9,30.992
1816.0,31.992
1816.1,27.993
1816.2,25.994
1816.3,28.993
1816.4,28.993
1816.5,32.992
1816.6,32.992
1816.7,35.991
1816.8,34.991
1816.9,36.991
1817.0,39.99
1817.1,35.991
1817.2,33.992
1817.3,33.992
1817.4,34.991
1817.5,35.991
1817.6,34.991
1817.7,35.991
1817.8,40.99
1817.9,35.991
1818.0,36.991
1818.1,34.991
1818.2,37.991
1818.3,41.989
1818.4,33.992
1818.5,34.991
1818.6,32.992
1818.7,32.992
1818.8,31.992
1818.9,34.991
1819.0,33.992
1819.1,33.992
1819.2,33.992
1819.3,31.992
1819.4,32.992
1819.5,30.992
1819.6,28.993
1819.7,28.993
1819.8,27.993
1819.9,26.993
1820.0,26.993
1820.1,26.993
1820.2,22.994
1820.3,22.994
1820.4,24.994
1820.5,20.995
1820.6,20.995
1820.7,20.995
1820.8,17.995
1820.9,17.995
1821.0,17.995
1821.1,17.995
1821.2,13.997
1821.3,10.997
1821.4,10.997
1821.5,9.998
1821.6,10.997
1821.7,10.997
1821.8,4.999
1821.9,7.998
1822.0,6.998
1822.1,2.999
1822.2,2.999
1822.3,0.0
1822.4,2.999
1822.5,2.0
1822.6,-2.0
1822.7,-2.0
1822.8,-1.0
1822.9,-6.998
1823.0,-8.998
1823.1,-5.998
1823.2,-4.999
1823.3,-8.998
1823.4,-6.998
1823.5,-8.998
1823.6,-9.998
1823.7,-13.997
1823.8,-13.997
1823.9,-17.995
1824.0,-14.996
1824.1,-18.995
1824.2,-14.996
1824.3,-16.996
1824.4,-16.996
1824.5,-15.996
1824.6,-22.994
1824.7,-17.995
1824.8,-19.995
1824.9,-20.995
1825.0,-20.995
1825.1,-22.994
1825.2,-23.994
1825.3,-24.994
1825.4,-25.994
1825.5,-23.994
1825.6,-25.994
1825.7,-26.993
1825.8,-24.994
1825.9,-25.994
1826.0,-22.994
1826.1,-26.993
1826.2,-27.993
1826.3,-26.993
1826.4,-27.993
1826.5,-27.993
1826.6,-28.993
1826.7,-27.993
1826.8,-32.992
1826.9,-25.994
1827.0,-30.992
1827.1,-31.992
1827.2,-30.992
1827.3,-31.992
1827.4,-32.992
1827.5,-34.991
1827.6,-34.991
1827.7,-32.992
1827.8,-31.992
1827.9,-31.992
1828.0,-30.992
1828.1,-32.992
1828.2,-31.992
1828.3,-30.992
1828.4,-30.992
1828.5,-31.992
1828.6,-30.992
1828.7,-28.993
1828.8,-26.993
1828.9,-25.994
1829.0,-28.993
1829.1,-27.993
1829.2,-26.993
1829.3,-30.992
1829.4,-27.993
1829.5,-27.993
1829.6,-24.994
1829.7,-26.993
1829.8,-24.994
1829.9,-23.994
1830.0,-16.996
1830.1,-19.995
1830.2,-18.995
1830.3,-18.995
1830.4,-18.995
1830.5,-18.995
1830.6,-15.996
1830.7,-15.996
1830.8,-11.997
1830.9,-13.997
1831.0,-10.997
1831.1,-8.998
1831.2,-8.998
1831.3,-6.998
1831.4,-8.998
1831.5,-6.998
1831.6,-2.999
1831.7,-2.999
1831.8,-2.999
1831.9,-1.0
1832.0,-2.0
1832.1,0.0
1832.2,-1.0
1832.3,2.999
1832.4,4.999
1832.5,2.999
1832.6,4.999
1832.7,4.999
1832.8,5.998
1832.9,7.998
1833.0,8.998
1833.1,10.997
1833.2,11.997
1833.3,11.997
1833.4,13.997
1833.5,14.996
1833.6,11.997
1833.7,16.996
1833.8,16.996
1833.9,18.995
1834.0,18.995
1834.1,17.995
1834.2,16.996
1834.3,18.995
1834.4,20.995
1834.5,22.994
1834.6,23.994
1834.7,22.994
1834.8,20.995
1834.9,24.994
1835.0,25.994
1835.1,23.994
1835.2,26.993
1835.3,23.994
1835.4,26.993
1835.5,27.993
1835.6,28.993
1835.7,25.994
1835.8,30.992
1835.9,31.992
1836.0,26.993
1836.1,27.993
1836.2,27.993
1836.3,28.993
1836.4,27.993
1836.5,32.992
1836.6,28.993
1836.7,34.991
1836.8,33.992
1836.9,33.992
1837.0,34.991
1837.1,36.991
1837.2,33.992
1837.3,33.992
1837.4,34.991
1837.5,35.991
1837.6,33.992
1837.7,35.991
1837.8,33.992
1837.9,32.992
1838.0,35.991
1838.1,36.991
1838.2,37.991
1838.3,33.992
1838.4,33.992
1838.5,33.992
1838.6,34.991
1838.7,33.992
1838.8,31.992
1838.9,36.991
1839.0,27.993
1839.1,26.993
1839.2,33.992
1839.3,31.992
1839.4,30.992
1839.5,28.993
1839.6,27.993
1839.7,25.994
1839.8,32.992
1839.9,26.993
1840.0,26.993
1840.1,24.994
1840.2,23.994
1840.3,20.995
1840.4,22.994
1840.5,17.995
1840.6,20.995
1840.7,19.995
1840.8,22.994
1840.9,18.995
1841.0,17.995
1841.1,15.996
1841.2,13.997
1841.3,10.997
1841.4,9.998
1841.5,9.998
1841.6,7.998
1841.7,10.997
1841.8,7.998
1841.9,8.998
1842.0,1.0
1842.1,2.999
1842.2,4.999
1842.3,2.999
1842.4,-1.0
1842.5,2.0
1842.6,-2.0
1842.7,-1.0
1842.8,-4.999
1842.9,-5.998
1843.0,-5.998
1843.1,-7.998
1843.2,-9.998
1843.3,-5.998
1843.4,-11.997
1843.5,-11.997
1843.6,-8.998
1843.7,-7.998
1843.8,-11.997
1843.9,-16.996
1844.0,-10.997
1844.1,-17.995
1844.2,-16.996
1844.3,-14.996
1844.4,-16.996
1844.5,-19.995
1844.6,-17.995
1844.7,-18.995
1844.8,-18.995
1844.9,-17.995
1845.0,-19.995
1845.1,-19.995
1845.2,-19.995
1845.3,-18.995
1845.4,-24.994
1845.5,-22.994
1845.6,-27.993
1845.7,-25.994
1845.8,-24.994
1845.9,-26.993
1846.0,-25.994
1846.1,-23.994
1846.2,-25.994
1846.3,-26.993
1846.4,-26.993
1846.5,-28.993
1846.6,-32.992
1846.7,-26.993
1846.8,-28.993
1846.9,-33.992
1847.0,-33.992
1847.1,-32.992
1847.2,-31.992
1847.3,-28.993
1847.4,-31.992
1847.5,-32.992
1847.6,-31.992
1847.7,-31.992
1847.8,-30.992
1847.9,-33.992
1848.0,-32.992
1848.1,-32.992
1848.2,-31.992
1848.3,-31.992
1848.4,-27.993
1848.5,-27.993
1848.6,-28.993
1848.7,-24.994
1848.8,-25.994
1848.9,-25.994
1849.0,-27.993
1849.1,-25.994
1849.2,-26.993
1849.3,-26.993
1849.4,-24.994
1849.5,-24.994
1849.6,-22.994
1849.7,-25.994
1849.8,-23.994
1849.9,-23.994
1850.0,-22.994
1850.1,-18.995
1850.2,-19.995
1850.3,-17.995
1850.4,-17.995
1850.5,-14.996
1850.6,-14.996
1850.7,-15.996
1850.8,-13.997
1850.9,-11.997
1851.0,-13.997
1851.1,-9.998
1851.2,-10.997
1851.3,-7.998
1851.4,-7.998
1851.5,-7.998
1851.6,-2.999
1851.7,-2.0
1851.8,-1.0
1851.9,-1.0
1852.0,0.0
1852.1,2.0
1852.2,2.999
1852.3,1.0
1852.4,2.999
1852.5,2.0
1852.6,6.998
1852.7,9.998
1852.8,7.998
1852.9,10.997
1853.0,8.998
1853.1,13.997
1853.2,10.997
1853.3,14.996
1853.4,11.997
1853.5,15.996
1853.6,17.995
1853.7,17.995
1853.8,15.996
1853.9,17.995
1854.0,18.995
1854.1,16.996
1854.2,22.994
1854.3,20.995
1854.4,20.995
1854.5,20.995
1854.6,19.995
1854.7,25.994
1854.8,22.994
1854.9,27.993
1855.0,23.994
1855.1,26.993
1855.2,26.993
1855.3,25.994
1855.4,30.992
1855.5,27.993
1855.6,31.992
1855.7,27.993
1855.8,27.993
1855.9,30.992
1856.0,30.992
1856.1,28.993
1856.2,32.992
1856.3,31.992
1856.4,32.992
1856.5,31.992
1856.6,32.992
1856.7,35.991
1856.8,35.991
1856.9,34.991
1857.0,34.991
1857.1,37.991
1857.2,37.991
1857.3,35.991
1857.4,34.991
1857.5,36.991
1857.6,35.991
1857.7,36.991
1857.8,35.991
1857.9,34.991
1858.0,39.99
1858.1,37.991
1858.2,36.991
1858.3,40.99
1858.4,32.992
1858.5,37.991
1858.6,36.991
1858.7,34.991
1858.8,31.992
1858.9,33.992
1859.0,31.992
1859.1,27.993
1859.2,30.992
1859.3,30.992
1859.4,28.993
1859.5,32.992
1859.6,26.993
1859.7,30.992
1859.8,27.993
1859.9,28.993
1860.0,25.994
1860.1,23.994
1860.2,25.994
1860.3,22.994
1860.4,19.995
1860.5,19.995
1860.6,18.995
1860.7,19.995
1860.8,20.995
1860.9,17.995
1861.0,16.996
1861.1,16.996
1861.2,15.996
1861.3,11.997
1861.4,11.997
1861.5,9.998
1861.6,5.998
1861.7,4.999
1861.8,7.998
1861.9,5.998
1862.0,4.999
1862.1,2.999
1862.2,1.0
1862.3,-1.0
1862.4,-4.999
1862.5,0.0
1862.6,-1.0
1862.7,-2.999
1862.8,-5.998
1862.9,-5.998
1863.0,-8.998
1863.1,-7.998
1863.2,-8.998
1863.3,-10.997
1863.4,-13.997
1863.5,-9.998
1863.6,-10.997
1863.7,-14.996
1863.8,-16.996
1863.9,-14.996
1864.0,-14.996
1864.1,-13.997
1864.2,-16.996
1864.3,-17.995
1864.4,-22.994
1864.5,-19.995
1864.6,-20.995
1864.7,-18.995
1864.8,-17.995
1864.9,-20.995
1865.0,-20.995
1865.1,-20.995
1865.2,-20.995
1865.3,-23.994
1865.4,-23.994
1865.5,-27.993
1865.6,-23.994
1865.7,-26.993
1865.8,-24.994
1865.9,-25.994
1866.0,-26.993
1866.1,-25.994
1866.2,-26.993
1866.3,-30.992
1866.4,-31.992
1866.5,-27.993
1866.6,-25.994
1866.7,-26.993
1866.8,-27.993
1866.9,-28.993
1867.0,-27.993
1867.1,-28.993
1867.2,-28.993
1867.3,-32.992
1867.4,-28.993
1867.5,-30.992
1867.6,-32.992
1867.7,-30.992
1867.8,-30.992
1867.9,-31.992
1868.0,-33.992
1868.1,-32.992
1868.2,-31.992
1868.3,-31.992
1868.4,-28.993
1868.5,-32.992
1868.6,-32.992
1868.7,-26.993
1868.8,-28.993
1868.9,-27.993
1869.0,-28.993
1869.1,-25.994
1869.2,-28.993
1869.3,-25.994
1869.4,-20.995
1869.5,-26.993
1869.6,-23.994
1869.7,-23.994
1869.8,-22.994
1869.9,-25.994
1870.0,-20.995
1870.1,-19.995
1870.2,-18.995
1870.3,-19.995
1870.4,-15.996
1870.5,-18.995
1870.6,-17.995
1870.7,-13.997
1870.8,-13.997
1870.9,-11.997
1871.0,-11.997
1871.1,-9.998
1871.2,-10.997
1871.3,-9.998
1871.4,-6.998
1871.5,-2.999
1871.6,-2.0
1871.7,-2.999
1871.8,-2.0
1871.9,0.0
1872.0,-1.0
1872.1,0.0
1872.2,0.0
1872.3,2.0
1872.4,2.0
1872.5,4.999
1872.6,6.998
1872.7,9.998
1872.8,9.998
1872.9,7.998
1873.0,11.997
1873.1,11.997
1873.2,10.997
1873.3,10.997
1873.4,14.996
1873.5,11.997
1873.6,15.996
1873.7,11.997
1873.8,17.995
1873.9,19.995
1874.0,19.995
1874.1,17.995
1874.2,18.995
1874.3,16.996
1874.4,20.995
1874.5,25.994
1874.6,20.995
1874.7,25.994
1874.8,24.994
1874.9,24.994
1875.0,23.994
1875.1,26.993
1875.2,25.994
1875.3,24.994
1875.4,27.993
1875.5,27.993
1875.6,27.993
1875.7,30.992
1875.8,30.992
1875.9,30.992
1876.0,30.992
1876.1,32.992
1876.2,25.994
1876.3,32.992
1876.4,28.993
1876.5,30.992
1876.6,31.992
1876.7,31.992
1876.8,31.992
1876.9,28.993
1877.0,33.992
1877.1,35.991
1877.2,31.992
1877.3,33.992
1877.4,34.991
1877.5,36.991
1877.6,35.991
1877.7,33.992
1877.8,34.991
1877.9,33.992
1878.0,34.991
1878.1,37.991
1878.2,35.991
1878.3,35.991
1878.4,34.991
1878.5,35.991
1878.6,33.992
1878.7,34.991
1878.8,30.992
1878.9,34.991
1879.0,35.991
1879.1,30.992
1879.2,31.992
1879.3,28.993
1879.4,30.992
1879.5,30.992
1879.6,30.992
1879.7,28.993
1879.8,28.993
1879.9,26.993
1880.0,24.994
1880.1,23.994
1880.2,26.993
1880.3,20.995
1880.4,18.995
1880.5,20.995
1880.6,20.995
1880.7,13.997
1880.8,18.995
1880.9,16.996
1881.0,16.996
1881.1,13.997
1881.2,17.995
1881.3,11.997
1881.4,9.998
1881.5,9.998
1881.6,9.998
1881.7,7.998
1881.8,6.998
1881.9,4.999
1882.0,5.998
1882.1,5.998
1882.2,2.0
1882.3,2.0
1882.4,-2.0
1882.5,0.0
1882.6,-2.0
1882.7,-2.0
1882.8,-4.999
1882.9,-2.0
1883.0,-8.998
1883.1,-5.998
1883.2,-8.998
1883.3,-9.998
1883.4,-14.996
1883.5,-10.997
1883.6,-11.997
1883.7,-11.997
1883.8,-15.996
1883.9,-13.997
1884.0,-16.996
1884.1,-13.997
1884.2,-17.995
1884.3,-16.996
1884.4,-17.995
1884.5,-20.995
1884.6,-20.995
1884.7,-22.994
1884.8,-19.995
1884.9,-20.995
1885.0,-20.995
1885.1,-24.994
1885.2,-20.995
1885.3,-25.994
1885.4,-22.994
1885.5,-25.994
1885.6,-26.993
1885.7,-26.993
1885.8,-24.994
1885.9,-26.993
1886.0,-26.993
1886.1,-28.993
1886.2,-25.994
1886.3,-24.994
1886.4,-27.993
1886.5,-26.993
1886.6,-27.993
1886.7,-31.992
1886.8,-28.993
1886.9,-28.993
1887.0,-31.992
1887.1,-30.992
1887.2,-33.992
1887.3,-30.992
1887.4,-32.992
1887.5,-31.992
1887.6,-32.992
1887.7,-31.992
1887.8,-32.992
1887.9,-34.991
1888.0,-32.992
1888.1,-30.992
1888.2,-31.992
1888.3,-30.992
1888.4,-30.992
1888.5,-31.992
1888.6,-27.993
1888.7,-27.993
1888.8,-31.992
1888.9,-28.993
1889.0,-26.993
1889.1,-24.994
1889.2,-27.993
1889.3,-27.993
1889.4,-24.994
1889.5,-24.994
1889.6,-23.994
1889.7,-23.994
1889.8,-24.994
1889.9,-20.995
1890.0,-20.995
1890.1,-20.995
1890.2,-18.995
1890.3,-16.996
1890.4,-17.995
1890.5,-13.997
1890.6,-15.996
1890.7,-14.996
1890.8,-15.996
1890.9,-13.997
1891.0,-9.998
1891.1,-9.998
1891.2,-7.998
1891.3,-9.998
1891.4,-4.999
1891.5,-7.998
1891.6,-5.998
1891.7,-2.999
1891.8,-2.999
1891.9,0.0
1892.0,0.0
1892.1,-2.999
1892.2,2.0
1892.3,2.999
1892.4,2.999
1892.5,2.0
1892.6,5.998
1892.7,7.998
1892.8,8.998
1892.9,13.997
1893.0,11.997
1893.1,15.996
1893.2,13.997
1893.3,13.997
1893.4,10.997
1893.5,14.996
1893.6,16.996
1893.7,22.994
1893.8,18.995
1893.9,16.996
1894.0,19.995
1894.1,18.995
1894.2,22.994
1894.3,20.995
1894.4,23.994
1894.5,24.994
1894.6,27.993
1894.7,27.993
1894.8,26.993
1894.9,24.994
1895.0,25.994
1895.1,23.994
1895.2,25.994
1895.3,28.993
1895.4,25.994
1895.5,27.993
1895.6,27.993
1895.7,31.992
1895.8,27.993
1895.9,32.992
1896.0,30.992
1896.1,28.993
1896.2,35.991
1896.3,28.993
1896.4,30.992
1896.5,32.992
1896.6,32.992
1896.7,33.992
1896.8,33.992
1896.9,34.991
1897.0,35.991
1897.1,28.993
1897.2,32.992
1897.3,33.992
1897.4,36.991
1897.5,34.991
1897.6,36.991
1897.7,34.991
1897.8,34.991
1897.9,34.991
1898.0,34.991
1898.1,36.991
1898.2,35.991
1898.3,35.991
1898.4,34.991
1898.5,36.991
1898.6,35.991
1898.7,34.991
1898.8,33.992
1898.9,34.991
1899.0,30.992
1899.1,26.993
1899.2,30.992
1899.3,28.993
1899.4,27.993
1899.5,33.992
1899.6,27.993
1899.7,25.994
1899.8,26.993
1899.9,25.994
1900.0,27.993
1900.1,25.994
1900.2,25.994
1900.3,23.994
1900.4,20.995
1900.5,20.995
1900.6,18.995
1900.7,17.995
1900.8,18.995
1900.9,16.996
1901.0,14.996
1901.1,14.996
1901.2,15.996
1901.3,16.996
1901.4,9.998
1901.5,10.997
1901.6,5.998
1901.7,6.998
1901.8,7.998
1901.9,9.998
1902.0,5.998
1902.1,1.0
1902.2,2.0
1902.3,2.0
1902.4,2.999
1902.5,-1.0
1902.6,1.0
1902.7,1.0
1902.8,-2.999
1902.9,-1.0
1903.0,-5.998
1903.1,-4.999
1903.2,-6.998
1903.3,-7.998
1903.4,-8.998
1903.5,-9.998
1903.6,-11.997
1903.7,-11.997
1903.8,-11.997
1903.9,-13.997
1904.0,-13.997
1904.1,-13.997
1904.2,-10.997
1904.3,-11.997
1904.4,-17.995
1904.5,-17.995
1904.6,-16.996
1904.7,-16.996
1904.8,-17.995
1904.9,-15.996
1905.0,-19.995
1905.1,-19.995
1905.2,-20.995
1905.3,-19.995
1905.4,-16.996
1905.5,-20.995
1905.6,-22.994
1905.7,-26.993
1905.8,-24.994
1905.9,-22.994
1906.0,-24.994
1906.1,-22.994
1906.2,-26.993
1906.3,-22.994
1906.4,-26.993
1906.5,-25.994
1906.6,-22.994
1906.7,-22.994
1906.8,-30.992
1906.9,-26.993
1907.0,-26.993
1907.1,-27.993
1907.2,-30.992
1907.3,-26.993
1907.4,-34.991
1907.5,-33.992
1907.6,-28.993
1907.7,-31.992
1907.8,-30.992
1907.9,-31.992
1908.0,-28.993
1908.1,-32.992
1908.2,-32.992
1908.3,-30.992
1908.4,-28.993
1908.5,-31.992
1908.6,-30.992
1908.7,-26.993
1908.8,-28.993
1908.9,-28.993
1909.0,-28.993
1909.1,-30.992
1909.2,-25.994
1909.3,-25.994
1909.4,-23.994
1909.5,-26.993
1909.6,-22.994
1909.7,-27.993
1909.8,-22.994
1909.9,-19.995
1910.0,-22.994
1910.1,-20.995
1910.2,-20.995
1910.3,-19.995
1910.4,-18.995
1910.5,-16.996
1910.6,-15.996
1910.7,-14.996
1910.8,-11.997
1910.9,-16.996
1911.0,-10.997
1911.1,-9.998
1911.2,-9.998
1911.3,-10.997
1911.4,-4.999
1911.5,-8.998
1911.6,-4.999
1911.7,-2.999
1911.8,-2.0
1911.9,-2.999
1912.0,-2.999
1912.1,-2.0
1912.2,1.0
1912.3,2.999
1912.4,2.0
1912.5,6.998
1912.6,2.0
1912.7,7.998
1912.8,8.998
1912.9,7.998
1913.0,5.998
1913.1,8.998
1913.2,11.997
1913.3,15.996
1913.4,14.996
1913.5,10.997
1913.6,16.996
1913.7,13.997
1913.8,15.996
1913.9,18.995
1914.0,20.995
1914.1,19.995
1914.2,19.995
1914.3,22.994
1914.4,22.994
1914.5,22.994
1914.6,23.994
1914.7,24.994
1914.8,23.994
1914.9,26.993
1915.0,26.993
1915.1,25.994
1915.2,24.994
1915.3,26.993
1915.4,25.994
1915.5,28.993
1915.6,27.993
1915.7,27.993
1915.8,26.993
1915.9,28.993
1916.0,28.993
1916.1,31.992
1916.2,32.992
1916.3,31.992
1916.4,30.992
1916.5,27.993
1916.6,32.992
1916.7,32.992
1916.8,33.992
1916.9,28.993
1917.0,33.992
1917.1,34.991
1917.2,39.99
1917.3,36.991
1917.4,34.991
1917.5,36.991
1917.6,34.991
1917.7,34.991
1917.8,36.991
1917.9,39.99
1918.0,35.991
1918.1,35.991
1918.2,34.991
1918.3,34.991
1918.4,33.992
1918.5,35.991
1918.6,33.992
1918.7,33.992
1918.8,34.991
1918.9,28.993
1919.0,33.992
1919.1,32.992
1919.2,28.993
1919.3,33.992
1919.4,26.993
1919.5,26.993
1919.6,30.992
1919.7,26.993
1919.8,30.992
1919.9,26.993
1920.0,28.993
1920.1,26.993
1920.2,26.993
1920.3,20.995
1920.4,22.994
1920.5,16.996
1920.6,20.995
1920.7,18.995
1920.8,19.995
1920.9,16.996
1921.0,14.996
1921.1,16.996
1921.2,13.997
1921.3,13.997
1921.4,11.997
1921.5,11.997
1921.6,6.998
1921.7,5.998
1921.8,5.998
1921.9,4.999
1922.0,5.998
1922.1,2.999
1922.2,1.0
1922.3,0.0
1922.4,0.0
1922.5,-1.0
1922.6,-1.0
1922.7,-1.0
1922.8,-4.999
1922.9,-5.998
1923.0,-5.998
1923.1,-6.998
1923.2,-9.998
1923.3,-9.998
1923.4,-8.998
1923.5,-11.997
1923.6,-7.998
1923.7,-14.996
1923.8,-16.996
1923.9,-15.996
1924.0,-13.997
1924.1,-14.996
1924.2,-11.997
1924.3,-11.997
1924.4,-17.995
1924.5,-17.995
1924.6,-16.996
1924.7,-24.994
1924.8,-19.995
1924.9,-23.994
1925.0,-22.994
1925.1,-22.994
1925.2,-23.994
1925.3,-23.994
1925.4,-24.994
1925.5,-22.994
1925.6,-20.995
1925.7,-24.994
1925.8,-25.994
1925.9,-27.993
1926.0,-30.992
1926.1,-27.993
1926.2,-32.992
1926.3,-27.993
1926.4,-27.993
1926.5,-31.992
1926.6,-26.993
1926.7,-28.993
1926.8,-27.993
1926.9,-32.992
1927.0,-33.992
1927.1,-33.992
1927.2,-30.992
1927.3,-30.992
1927.4,-33.992
1927.5,-28.993
1927.6,-30.992
1927.7,-33.992
1927.8,-34.991
1927.9,-31.992
1928.0,-32.992
1928.1,-30.992
1928.2,-33.992
1928.3,-32.992
1928.4,-32.992
1928.5,-32.992
1928.6,-26.993
1928.7,-27.993
1928.8,-30.992
1928.9,-27.993
1929.0,-25.994
1929.1,-27.993
1929.2,-22.994
1929.3,-22.994
1929.4,-24.994
1929.5,-26.993
1929.6,-23.994
1929.7,-22.994
1929.8,-18.995
1929.9,-20.995
1930.0,-20.995
1930.1,-17.995
1930.2,-17.995
1930.3,-17.995
1930.4,-18.995
1930.5,-15.996
1930.6,-11.997
1930.7,-15.996
1930.8,-9.998
1930.9,-14.996
1931.0,-9.998
1931.1,-10.997
1931.2,-9.998
1931.3,-9.998
1931.4,-8.998
1931.5,-2.999
1931.6,-4.999
1931.7,-1.0
1931.8,-2.0
1931.9,0.0
1932.0,0.0
1932.1,2.0
1932.2,0.0
1932.3,2.0
1932.4,2.0
1932.5,5.998
1932.6,4.999
1932.7,8.998
1932.8,5.998
1932.9,8.998
1933.0,14.996
1933.1,13.997
1933.2,11.997
1933.3,11.997
1933.4,11.997
1933.5,15.996
1933.6,11.997
1933.7,17.995
1933.8,19.995
1933.9,18.995
1934.0,18.995
1934.1,18.995
1934.2,17.995
1934.3,24.994
1934.4,19.995
1934.5,23.994
1934.6,22.994
1934.7,22.994
1934.8,27.993
1934.9,22.994
1935.0,25.994
1935.1,24.994
1935.2,26.993
1935.3,27.993
1935.4,26.993
1935.5,27.993
1935.6,28.993
1935.7,28.993
1935.8,32.992
1935.9,32.992
1936.0,33.992
1936.1,30.992
1936.2,31.992
1936.3,33.992
1936.4,30.992
1936.5,35.991
1936.6,33.992
1936.7,32.992
1936.8,34.991
1936.9,37.991
1937.0,34.991
1937.1,36.991
1937.2,33.992
1937.3,37.991
1937.4,34.991
1937.5,33.992
1937.6,36.991
1937.7,39.99
1937.8,36.991
1937.9,32.992
1938.0,39.99
1938.1,40.99
1938.2,32.992
1938.3,39.99
1938.4,33.992
1938.5,37.991
1938.6,32.992
1938.7,34.991
1938.8,32.992
1938.9,34.991
1939.0,32.992
1939.1,31.992
1939.2,30.992
1939.3,25.994
1939.4,32.992
1939.5,27.993
1939.6,27.993
1939.7,30.992
1939.8,24.994
1939.9,30.992
1940.0,27.993
1940.1,25.994
1940.2,20.995
1940.3,22.994
1940.4,19.995
1940.5,19.995
1940.6,20.995
1940.7,14.996
1940.8,16.996
1940.9,15.996
1941.0,14.996
1941.1,13.997
1941.2,10.997
1941.3,14.996
1941.4,10.997
1941.5,9.998
1941.6,6.998
1941.7,8.998
1941.8,2.999
1941.9,2.0
1942.0,4.999
1942.1,5.998
1942.2,2.999
1942.3,1.0
1942.4,-1.0
1942.5,-4.999
1942.6,-1.0
1942.7,-4.999
1942.8,-1.0
1942.9,-2.999
1943.0,-5.998
1943.1,-7.998
1943.2,-9.998
1943.3,-9.998
1943.4,-11.997
1943.5,-13.997
1943.6,-11.997
1943.7,-15.996
1943.8,-16.996
1943.9,-16.996
1944.0,-14.996
1944.1,-16.996
1944.2,-17.995
1944.3,-18.995
1944.4,-17.995
1944.5,-22.994
1944.6,-19.995
1944.7,-20.995
1944.8,-17.995
1944.9,-22.994
1945.0,-22.994
1945.1,-18.995
1945.2,-23.994
1945.3,-20.995
1945.4,-27.993
1945.5,-24.994
1945.6,-25.994
1945.7,-25.994
1945.8,-26.993
1945.9,-24.994
1946.0,-24.994
1946.1,-27.993
1946.2,-25.994
1946.3,-30.992
1946.4,-25.994
1946.5,-28.993
1946.6,-26.993
1946.7,-30.992
1946.8,-30.992
1946.9,-32.992
1947.0,-33.992
1947.1,-31.992
1947.2,-34.991
1947.3,-34.991
1947.4,-33.992
1947.5,-31.992
1947.6,-30.992
1947.7,-30.992
1947.8,-31.992
1947.9,-32.992
1948.0,-30.992
1948.1,-32.992
1948.2,-32.992
1948.3,-32.992
1948.4,-30.992
1948.5,-32.992
1948.6,-28.993
1948.7,-31.992
1948.8,-24.994
1948.9,-30.992
1949.0,-27.993
1949.1,-24.994
1949.2,-26.993
1949.3,-25.994
1949.4,-24.994
1949.5,-23.994
1949.6,-23.994
1949.7,-22.994
1949.8,-23.994
1949.9,-22.994
1950.0,-22.994
1950.1,-22.994
1950.2,-22.994
1950.3,-19.995
1950.4,-18.995
1950.5,-16.996
1950.6,-14.996
1950.7,-11.997
1950.8,-15.996
1950.9,-14.996
1951.0,-9.998
1951.1,-7.998
1951.2,-8.998
1951.3,-5.998
1951.4,-8.998
1951.5,-4.999
1951.6,-5.998
1951.7,-5.998
1951.8,-1.0
1951.9,0.0
1952.0,-2.0
1952.1,2.0
1952.2,2.0
1952.3,0.0
1952.4,2.999
1952.5,2.999
1952.6,2.0
1952.7,7.998
1952.8,7.998
1952.9,9.998
1953.0,7.998
1953.1,9.998
1953.2,11.997
1953.3,14.996
1953.4,11.997
1953.5,15.996
1953.6,11.997
1953.7,15.996
1953.8,15.996
1953.9,17.995
1954.0,14.996
1954.1,20.995
1954.2,17.995
1954.3,19.995
1954.4,22.994
1954.5,20.995
1954.6,22.994
1954.7,24.994
1954.8,24.994
1954.9,23.994
1955.0,23.994
1955.1,24.994
1955.2,23.994
1955.3,26.993
1955.4,23.994
1955.5,27.993
1955.6,26.993
1955.7,30.992
1955.8,27.993
1955.9,31.992
1956.0,28.993
1956.1,33.992
1956.2,32.992
1956.3,28.993
1956.4,33.992
1956.5,32.992
1956.6,31.992
1956.7,31.992
1956.8,31.992
1956.9,32.992
1957.0,34.991
1957.1,33.992
1957.2,36.991
1957.3,36.991
1957.4,35.991
1957.5,36.991
1957.6,36.991
1957.7,33.992
1957.8,34.991
1957.9,32.992
1958.0,37.991
1958.1,36.991
1958.2,34.991
1958.3,35.991
1958.4,37.991
1958.5,36.991
1958.6,33.992
1958.7,33.992
1958.8,34.991
1958.9,31.992
1959.0,32.992
1959.1,31.992
1959.2,27.993
1959.3,27.993
1959.4,32.992
1959.5,27.993
1959.6,28.993
1959.7,26.993
1959.8,26.993
1959.9,28.993
1960.0,24.994
1960.1,25.994
1960.2,25.994
1960.3,20.995
1960.4,18.995
1960.5,23.994
1960.6,17.995
1960.7,17.995
1960.8,20.995
1960.9,17.995
1961.0,15.996
1961.1,15.996
1961.2,15.996
1961.3,10.997
1961.4,13.997
1961.5,11.997
1961.6,10.997
1961.7,13.997
1961.8,8.998
1961.9,6.998
1962.0,7.998
1962.1,2.999
1962.2,1.0
1962.3,0.0
1962.4,1.0
1962.5,-2.0
1962.6,-1.0
1962.7,-2.0
1962.8,-2.999
1962.9,-4.999
1963.0,-5.998
1963.1,-8.998
1963.2,-5.998
1963.3,-7.998
1963.4,-11.997
1963.5,-13.997
1963.6,-16.996
1963.7,-13.997
1963.8,-16.996
1963.9,-11.997
1964.0,-9.998
1964.1,-15.996
1964.2,-18.995
1964.3,-18.995
1964.4,-15.996
1964.5,-19.995
1964.6,-19.995
1964.7,-19.995
1964.8,-19.995
1964.9,-20.995
1965.0,-20.995
1965.1,-22.994
1965.2,-23.994
1965.3,-20.995
1965.4,-19.995
1965.5,-22.994
1965.6,-23.994
1965.7,-22.994
1965.8,-26.993
1965.9,-24.994
1966.0,-27.993
1966.1,-26.993
1966.2,-30.992
1966.3,-26.993
1966.4,-25.994
1966.5,-30.992
1966.6,-30.992
1966.7,-25.994
1966.8,-28.993
1966.9,-27.993
1967.0,-30.992
1967.1,-33.992
1967.2,-32.992
1967.3,-31.992
1967.4,-32.992
1967.5,-30.992
1967.6,-30.992
1967.7,-30.992
1967.8,-30.992
1967.9,-30.992
1968.0,-31.992
1968.1,-32.992
1968.2,-31.992
1968.3,-31.992
1968.4,-30.992
1968.5,-30.992
1968.6,-33.992
1968.7,-25.994
1968.8,-31.992
1968.9,-28.993
1969.0,-26.993
1969.1,-24.994
1969.2,-27.993
1969.3,-25.994
1969.4,-24.994
1969.5,-22.994
1969.6,-20.995
1969.7,-20.995
1969.8,-23.994
1969.9,-19.995
1970.0,-22.994
1970.1,-18.995
1970.2,-20.995
1970.3,-18.995
1970.4,-19.995
1970.5,-16.996
1970.6,-13.997
1970.7,-14.996
1970.8,-14.996
1970.9,-11.997
1971.0,-13.997
1971.1,-10.997
1971.2,-9.998
1971.3,-8.998
1971.4,-6.998
1971.5,-5.998
1971.6,-4.999
1971.7,-2.999
1971.8,-2.0
1971.9,-1.0
1972.0,-1.0
1972.1,2.0
1972.2,4.999
1972.3,2.999
1972.4,4.999
1972.5,5.998
1972.6,2.0
1972.7,8.998
1972.8,7.998
1972.9,9.998
1973.0,10.997
1973.1,10.997
1973.2,11.997
1973.3,16.996
1973.4,15.996
1973.5,15.996
1973.6,16.996
1973.7,19.995
1973.8,17.995
1973.9,22.994
1974.0,22.994
1974.1,18.995
1974.2,24.994
1974.3,22.994
1974.4,20.995
1974.5,25.994
1974.6,25.994
1974.7,28.993
1974.8,23.994
1974.9,27.993
1975.0,27.993
1975.1,27.993
1975.2,26.993
1975.3,32.992
1975.4,27.993
1975.5,27.993
1975.6,27.993
1975.7,27.993
1975.8,31.992
1975.9,30.992
1976.0,33.992
1976.1,34.991
1976.2,34.991
1976.3,33.992
1976.4,34.991
1976.5,32.992
1976.6,35.991
1976.7,34.991
1976.8,33.992
1976.9,36.991
1977.0,33.992
1977.1,32.992
1977.2,34.991
1977.3,35.991
1977.4,37.991
1977.5,34.991
1977.6,37.991
1977.7,36.991
1977.8,34.991
1977.9,36.991
1978.0,35.991
1978.1,35.991
1978.2,34.991
1978.3,36.991
1978.4,33.992
1978.5,35.991
1978.6,34.991
1978.7,35.991
1978.8,36.991
1978.9,31.992
1979.0,32.992
1979.1,32.992
1979.2,30.992
1979.3,31.992
1979.4,31.992
1979.5,27.993
1979.6,28.993
1979.7,26.993
1979.8,27.993
1979.9,26.993
1980.0,26.993
1980.1,25.994
1980.2,26.993
1980.3,25.994
1980.4,23.994
1980.5,17.995
1980.6,22.994
1980.7,20.995
1980.8,17.995
1980.9,17.995
1981.0,15.996
1981.1,15.996
1981.2,11.997
1981.3,13.997
1981.4,11.997
1981.5,13.997
1981.6,10.997
1981.7,7.998
1981.8,7.998
1981.9,5.998
1982.0,0.0
1982.1,2.999
1982.2,4.999
1982.3,2.0
1982.4,0.0
1982.5,2.0
1982.6,-2.999
1982.7,-2.0
1982.8,-4.999
1982.9,-4.999
1983.0,-8.998
1983.1,-6.998
1983.2,-5.998
1983.3,-9.998
1983.4,-7.998
1983.5,-11.997
1983.6,-11.997
1983.7,-13.997
1983.8,-14.996
1983.9,-16.996
1984.0,-14.996
1984.1,-15.996
1984.2,-15.996
1984.3,-18.995
1984.4,-17.995
1984.5,-16.996
1984.6,-17.995
1984.7,-23.994
1984.8,-17.995
1984.9,-23.994
1985.0,-23.994
1985.1,-25.994
1985.2,-23.994
1985.3,-22.994
1985.4,-24.994
1985.5,-25.994
1985.6,-23.994
1985.7,-24.994
1985.8,-24.994
1985.9,-24.994
1986.0,-24.994
1986.1,-26.993
1986.2,-25.994
1986.3,-27.993
1986.4,-28.993
1986.5,-25.994
1986.6,-31.992
1986.7,-27.993
1986.8,-27.993
1986.9,-28.993
1987.0,-30.992
1987.1,-31.992
1987.2,-31.992
1987.3,-34.991
1987.4,-32.992
1987.5,-31.992
1987.6,-33.992
1987.7,-32.992
1987.8,-28.993
1987.9,-28.993
1988.0,-32.992
1988.1,-31.992
1988.2,-28.993
1988.3,-30.992
1988.4,-30.992
1988.5,-32.992
1988.6,-32.992
1988.7,-31.992
1988.8,-28.993
1988.9,-26.993
1989.0,-26.993
1989.1,-27.993
1989.2,-25.994
1989.3,-24.994
1989.4,-25.994
1989.5,-23.994
1989.6,-22.994
1989.7,-22.994
1989.8,-24.994
1989.9,-19.995
1990.0,-22.994
1990.1,-17.995
1990.2,-19.995
1990.3,-17.995
1990.4,-15.996
1990.5,-17.995
1990.6,-15.996
1990.7,-14.996
1990.8,-11.997
1990.9,-13.997
1991.0,-10.997
1991.1,-10.997
1991.2,-7.998
1991.3,-10.997
1991.4,-7.998
1991.5,-7.998
1991.6,-6.998
1991.7,-4.999
1991.8,-2.999
1991.9,-6.998
1992.0,-2.0
1992.1,2.0
1992.2,2.0
1992.3,2.999
1992.4,4.999
1992.5,4.999
1992.6,6.998
1992.7,4.999
1992.8,5.998
1992.9,5.998
1993.0,6.998
1993.1,13.997
1993.2,10.997
1993.3,10.997
1993.4,13.997
1993.5,14.996
1993.6,14.996
1993.7,15.996
1993.8,14.996
1993.9,14.996
1994.0,17.995
1994.1,16.996
1994.2,19.995
1994.3,23.994
1994.4,22.994
1994.5,18.995
1994.6,19.995
1994.7,20.995
1994.8,23.994
1994.9,26.993
1995.0,24.994
1995.1,25.994
1995.2,26.993
1995.3,24.994
1995.4,27.993
1995.5,23.994
1995.6,24.994
1995.7,25.994
1995.8,25.994
1995.9,26.993
1996.0,27.993
1996.1,30.992
1996.2,32.992
1996.3,34.991
1996.4,33.992
1996.5,28.993
1996.6,32.992
1996.7,27.993
1996.8,32.992
1996.9,31.992
1997.0,30.992
1997.1,31.992
1997.2,33.992
1997.3,33.992
1997.4,35.991
1997.5,33.992
1997.6,34.991
1997.7,33.992
1997.8,33.992
1997.9,34.991
1998.0,36.991
1998.1,35.991
1998.2,35.991
1998.3,33.992
1998.4,35.991
1998.5,33.992
1998.6,31.992
1998.7,28.993
1998.8,33.992
1998.9,31.992
1999.0,31.992
1999.1,32.992
1999.2,27.993
1999.3,32.992
1999.4,31.992
1999.5,30.992
1999.6,26.993
1999.7,27.993
1999.8,31.992
1999.9,28.993
2000.0,25.994
2000.1,25.994
2000.2,25.994
2000.3,23.994
2000.4,23.994
2000.5,17.995
2000.6,22.994
2000.7,19.995
2000.8,18.995
2000.9,16.996
2001.0,16.996
2001.1,16.996
2001.2,14.996
2001.3,14.996
2001.4,15.996
2001.5,9.998
2001.6,7.998
2001.7,9.998
2001.8,7.998
2001.9,4.999
2002.0,7.998
2002.1,4.999
2002.2,1.0
2002.3,2.999
2002.4,1.0
2002.5,2.0
2002.6,4.999
2002.7,-1.0
2002.8,-2.999
2002.9,-2.0
2003.0,-2.999
2003.1,-2.999
2003.2,-6.998
2003.3,-10.997
2003.4,-10.997
2003.5,-10.997
2003.6,-11.997
2003.7,-11.997
2003.8,-11.997
2003.9,-10.997
2004.0,-13.997
2004.1,-13.997
2004.2,-13.997
2004.3,-11.997
2004.4,-15.996
2004.5,-19.995
2004.6,-17.995
2004.7,-16.996
2004.8,-23.994
2004.9,-20.995
2005.0,-23.994
2005.1,-19.995
2005.2,-23.994
2005.3,-19.995
2005.4,-20.995
2005.5,-24.994
2005.6,-20.995
2005.7,-23.994
2005.8,-20.995
2005.9,-23.994
2006.0,-19.995
2006.1,-24.994
2006.2,-27.993
2006.3,-27.993
2006.4,-25.994
2006.5,-27.993
2006.6,-26.993
2006.7,-25.994
2006.8,-26.993
2006.9,-24.994
2007.0,-27.993
2007.1,-30.992
2007.2,-30.992
2007.3,-27.993
2007.4,-30.992
2007.5,-28.993
2007.6,-30.992
2007.7,-31.992
2007.8,-32.992
2007.9,-27.993
2008.0,-31.992
2008.1,-28.993
2008.2,-28.993
2008.3,-27.993
2008.4,-28.993
2008.5,-30.992
2008.6,-28.993
2008.7,-28.993
2008.8,-23.994
2008.9,-28.993
2009.0,-26.993
2009.1,-25.994
2009.2,-25.994
2009.3,-24.994
2009.4,-28.993
2009.5,-25.994
2009.6,-26.993
2009.7,-20.995
2009.8,-20.995
2009.9,-20.995
2010.0,-22.994
2010.1,-22.994
2010.2,-22.994
2010.3,-18.995
2010.4,-18.995
2010.5,-14.996
2010.6,-15.996
2010.7,-14.996
2010.8,-14.996
2010.9,-11.997
2011.0,-8.998
2011.1,-9.998
2011.2,-8.998
2011.3,-9.998
2011.4,-10.997
2011.5,-4.999
2011.6,-6.998
2011.7,-2.0
2011.8,-2.0
2011.9,-2.0
2012.0,0.0
2012.1,1.0
2012.2,1.0
2012.3,5.998
2012.4,4.999
2012.5,2.999
2012.6,4.999
2012.7,4.999
2012.8,6.998
2012.9,7.998
2013.0,10.997
2013.1,10.997
2013.2,9.998
2013.3,16.996
2013.4,10.997
2013.5,18.995
2013.6,15.996
2013.7,19.995
2013.8,18.995
2013.9,17.995
2014.0,13.997
2014.1,17.995
2014.2,18.995
2014.3,18.995
2014.4,19.995
2014.5,23.994
2014.6,23.994
2014.7,19.995
2014.8,20.995
2014.9,26.993
2015.0,27.993
2015.1,26.993
2015.2,28.993
2015.3,25.994
2015.4,25.994
2015.5,26.993
2015.6,27.993
2015.7,26.993
2015.8,26.993
2015.9,31.992
2016.0,31.992
2016.1,32.992
2016.2,31.992
2016.3,32.992
2016.4,33.992
2016.5,31.992
2016.6,32.992
2016.7,33.992
2016.8,32.992
2016.9,30.992
2017.0,32.992
2017.1,34.991
2017.2,32.992
2017.3,36.991
2017.4,35.991
2017.5,33.992
2017.6,37.991
2017.7,34.991
2017.8,31.992
2017.9,35.991
2018.0,36.991
2018.1,34.991
2018.2,35.991
2018.3,35.991
2018.4,35.991
2018.5,32.992
2018.6,34.991
2018.7,33.992
2018.8,32.992
2018.9,32.992
2019.0,32.992
2019.1,32.992
2019.2,31.992
2019.3,31.992
2019.4,30.992
2019.5,28.993
2019.6,30.992
2019.7,25.994
2019.8,26.993
2019.9,23.994
2020.0,26.993
2020.1,22.994
2020.2,26.993
2020.3,22.994
2020.4,23.994
2020.5,18.995
2020.6,22.994
2020.7,20.995
2020.8,17.995
2020.9,15.996
2021.0,14.996
2021.1,14.996
2021.2,10.997
2021.3,13.997
2021.4,10.997
2021.5,9.998
2021.6,7.998
2021.7,9.998
2021.8,7.998
2021.9,2.999
2022.0,4.999
2022.1,4.999
2022.2,1.0
2022.3,1.0
2022.4,2.0
2022.5,0.0
2022.6,0.0
2022.7,0.0
2022.8,-1.0
2022.9,-4.999
2023.0,-6.998
2023.1,-8.998
2023.2,-6.998
2023.3,-8.998
2023.4,-7.998
2023.5,-11.997
2023.6,-11.997
2023.7,-14.996
2023.8,-13.997
2023.9,-10.997
2024.0,-9.998
2024.1,-14.996
2024.2,-15.996
2024.3,-14.996
2024.4,-14.996
2024.5,-20.995
2024.6,-20.995
2024.7,-16.996
2024.8,-20.995
2024.9,-19.995
2025.0,-20.995
2025.1,-19.995
2025.2,-19.995
2025.3,-23.994
2025.4,-22.994
2025.5,-25.994
2025.6,-20.995
2025.7,-20.995
2025.8,-25.994
2025.9,-23.994
2026.0,-22.994
2026.1,-26.993
2026.2,-26.993
2026.3,-25.994
2026.4,-26.993
2026.5,-26.993
2026.6,-24.994
2026.7,-25.994
2026.8,-26.993
2026.9,-27.993
2027.0,-31.992
2027.1,-26.993
2027.2,-28.993
2027.3,-32.992
2027.4,-32.992
2027.5,-31.992
2027.6,-31.992
2027.7,-33.992
2027.8,-34.991
2027.9,-31.992
2028.0,-34.991
2028.1,-31.992
2028.2,-28.993
2028.3,-30.992
2028.4,-28.993
2028.5,-31.992
2028.6,-27.993
2028.7,-32.992
2028.8,-25.994
2028.9,-26.993
2029.0,-26.993
2029.1,-28.993
2029.2,-27.993
2029.3,-25.994
2029.4,-25.994
2029.5,-25.994
2029.6,-23.994
2029.7,-23.994
2029.8,-24.994
2029.9,-22.994
2030.0,-20.995
2030.1,-20.995
2030.2,-18.995
2030.3,-16.996
2030.4,-19.995
2030.5,-17.995
2030.6,-13.997
2030.7,-16.996
2030.8,-13.997
2030.9,-13.997
2031.0,-9.998
2031.1,-9.998
2031.2,-7.998
2031.3,-9.998
2031.4,-6.998
2031.5,-5.998
2031.6,-2.0
2031.7,-2.0
2031.8,-1.0
2031.9,-2.0
2032.0,1.0
2032.1,-1.0
2032.2,2.0
2032.3,0.0
2032.4,0.0
2032.5,5.998
2032.6,4.999
2032.7,4.999
2032.8,7.998
2032.9,7.998
2033.0,7.998
2033.1,5.998
2033.2,10.997
2033.3,15.996
2033.4,15.996
2033.5,10.997
2033.6,16.996
2033.7,13.997
2033.8,16.996
2033.9,17.995
2034.0,14.996
2034.1,16.996
2034.2,18.995
2034.3,19.995
2034.4,16.996
2034.5,20.995
2034.6,23.994
2034.7,20.995
2034.8,20.995
2034.9,24.994
2035.0,23.994
2035.1,26.993
2035.2,25.994
2035.3,26.993
2035.4,27.993
2035.5,28.993
2035.6,26.993
2035.7,28.993
2035.8,27.993
2035.9,27.993
2036.0,27.993
2036.1,32.992
2036.2,27.993
2036.3,31.992
2036.4,27.993
2036.5,32.992
2036.6,33.992
2036.7,32.992
2036.8,28.993
2036.9,30.992
2037.0,33.992
2037.1,35.991
2037.2,34.991
2037.3,34.991
2037.4,32.992
2037.5,35.991
2037.6,34.991
2037.7,35.991
2037.8,34.991
2037.9,34.991
2038.0,33.992
2038.1,34.991
2038.2,32.992
2038.3,36.991
2038.4,35.991
2038.5,36.991
2038.6,31.992
2038.7,33.992
2038.8,31.992
2038.9,33.992
2039.0,32.992
2039.1,28.993
2039.2,31.992
2039.3,31.992
2039.4,27.993
2039.5,27.993
2039.6,30.992
2039.7,24.994
2039.8,23.994
2039.9,26.993
2040.0,20.995
2040.1,25.994
2040.2,26.993
2040.3,23.994
2040.4,23.994
2040.5,22.994
2040.6,22.994
2040.7,19.995
2040.8,18.995
2040.9,15.996
2041.0,19.995
2041.1,13.997
2041.2,11.997
2041.3,13.997
2041.4,11.997
2041.5,9.998
2041.6,8.998
2041.7,5.998
2041.8,6.998
2041.9,5.998
2042.0,5.998
2042.1,2.999
2042.2,2.999
2042.3,2.999
2042.4,2.999
2042.5,-2.0
2042.6,-5.998
2042.7,0.0
2042.8,-1.0
2042.9,-6.998
2043.0,-5.998
2043.1,-5.998
2043.2,-7.998
2043.3,-9.998
2043.4,-10.997
2043.5,-13.997
2043.6,-13.997
2043.7,-10.997
2043.8,-11.997
2043.9,-15.996
2044.0,-15.996
2044.1,-16.996
2044.2,-15.996
2044.3,-15.996
2044.4,-16.996
2044.5,-16.996
2044.6,-18.995
2044.7,-19.995
2044.8,-16.996
2044.9,-18.995
2045.0,-18.995
2045.1,-20.995
2045.2,-24.994
2045.3,-25.994
2045.4,-24.994
2045.5,-23.994
2045.6,-25.994
2045.7,-23.994
2045.8,-25.994
2045.9,-24.994
2046.0,-25.994
2046.1,-26.993
2046.2,-26.993
2046.3,-26.993
2046.4,-27.993
2046.5,-30.992
2046.6,-27.993
2046.7,-30.992
2046.8,-28.993
2046.9,-27.993
2047.0,-30.992
2047.1,-26.993
2047.2,-27.993
2047.3,-26.993
2047.4,-30.992
2047.5,-31.992
2047.6,-34.991
2047.7,-28.993
2047.8,-31.992
2047.9,-32.992
2048.0,-34.991
2048.1,-33.992
2048.2,-31.992
2048.3,-28.993
2048.4,-28.993
2048.5,-26.993
2048.6,-28.993
2048.7,-31.992
2048.8,-27.993
2048.9,-26.993
2049.0,-28.993
2049.1,-27.993
2049.2,-25.994
2049.3,-24.994
2049.4,-23.994
2049.5,-24.994
2049.6,-18.995
2049.7,-24.994
2049.8,-24.994
2049.9,-18.995
2050.0,-20.995
2050.1,-22.994
2050.2,-18.995
2050.3,-17.995
2050.4,-15.996
2050.5,-15.996
2050.6,-14.996
2050.7,-10.997
2050.8,-11.997
2050.9,-10.997
2051.0,-9.998
2051.1,-8.998
2051.2,-8.998
2051.3,-5.998
2051.4,-4.999
2051.5,-4.999
2051.6,-1.0
2051.7,0.0
2051.8,-1.0
2051.9,2.0
2052.0,-1.0
2052.1,1.0
2052.2,2.999
2052.3,6.998
2052.4,7.998
2052.5,8.998
2052.6,7.998
2052.7,9.998
2052.8,11.997
2052.9,9.998
2053.0,9.998
2053.1,15.996
2053.2,16.996
2053.3,13.997
2053.4,18.995
2053.5,18.995
2053.6,16.996
2053.7,18.995
2053.8,19.995
2053.9,22.994
2054.0,19.995
2054.1,22.994
2054.2,22.994
2054.3,24.994
2054.4,22.994
2054.5,22.994
2054.6,27.993
2054.7,26.993
2054.8,30.992
2054.9,26.993
2055.0,28.993
2055.1,27.993
2055.2,31.992
2055.3,28.993
2055.4,25.994
2055.5,30.992
2055.6,30.992
2055.7,28.993
2055.8,31.992
2055.9,32.992
2056.0,31.992
2056.1,32.992
2056.2,33.992
2056.3,28.993
2056.4,36.991
2056.5,33.992
2056.6,34.991
2056.7,34.991
2056.8,35.991
2056.9,35.991
2057.0,34.991
2057.1,37.991
2057.2,34.991
2057.3,33.992
2057.4,33.992
2057.5,36.991
2057.6,34.991
2057.7,36.991
2057.8,33.992
2057.9,36.991
2058.0,37.991
2058.1,35.991
2058.2,36.991
2058.3,33.992
2058.4,35.991
2058.5,37.991
2058.6,35.991
2058.7,33.992
2058.8,35.991
2058.9,34.991
2059.0,30.992
2059.1,28.993
2059.2,32.992
2059.3,30.992
2059.4,31.992
2059.5,30.992
2059.6,27.993
2059.7,27.993
2059.8,26.993
2059.9,25.994
2060.0,27.993
2060.1,24.994
2060.2,22.994
2060.3,24.994
2060.4,24.994
2060.5,23.994
2060.6,23.994
2060.7,22.994
2060.8,18.995
2060.9,18.995
2061.0,14.996
2061.1,14.996
2061.2,13.997
2061.3,10.997
2061.4,9.998
2061.5,8.998
2061.6,10.997
2061.7,6.998
2061.8,4.999
2061.9,4.999
2062.0,8.998
2062.1,2.0
2062.2,4.999
2062.3,2.999
2062.4,-1.0
2062.5,-2.0
2062.6,-1.0
2062.7,-4.999
2062.8,-6.998
2062.9,-2.0
2063.0,-5.998
2063.1,-9.998
2063.2,-6.998
2063.3,-11.997
2063.4,-11.997
2063.5,-10.997
2063.6,-13.997
2063.7,-15.996
2063.8,-14.996
2063.9,-15.996
2064.0,-15.996
2064.1,-14.996
2064.2,-15.996
2064.3,-16.996
2064.4,-17.995
2064.5,-16.996
2064.6,-16.996
2064.7,-18.995
2064.8,-23.994
2064.9,-23.994
2065.0,-19.995
2065.1,-23.994
2065.2,-22.994
2065.3,-26.993
2065.4,-25.994
2065.5,-25.994
2065.6,-25.994
2065.7,-26.993
2065.8,-27.993
2065.9,-26.993
2066.0,-25.994
2066.1,-25.994
2066.2,-28.993
2066.3,-27.993
2066.4,-30.992
2066.5,-28.993
2066.6,-31.992
2066.7,-33.992
2066.8,-32.992
2066.9,-33.992
2067.0,-32.992
2067.1,-28.993
2067.2,-33.992
2067.3,-32.992
2067.4,-33.992
2067.5,-31.992
2067.6,-34.991
2067.7,-33.992
2067.8,-32.992
2067.9,-33.992
2068.0,-31.992
2068.1,-32.992
2068.2,-30.992
2068.3,-28.993
2068.4,-30.992
2068.5,-28.993
2068.6,-27.993
2068.7,-28.993
2068.8,-26.993
2068.9,-32.992
2069.0,-25.994
2069.1,-25.994
2069.2,-28.993
2069.3,-30.992
2069.4,-23.994
2069.5,-24.994
2069.6,-23.994
2069.7,-19.995
2069.8,-22.994
2069.9,-22.994
2070.0,-22.994
2070.1,-23.994
2070.2,-22.994
2070.3,-18.995
2070.4,-15.996
2070.5,-17.995
2070.6,-16.996
2070.7,-14.996
2070.8,-11.997
2070.9,-9.998
2071.0,-11.997
2071.1,-8.998
2071.2,-10.997
2071.3,-8.998
2071.4,-7.998
2071.5,-6.998
2071.6,-4.999
2071.7,-2.999
2071.8,-2.999
2071.9,-1.0
2072.0,1.0
2072.1,2.0
2072.2,2.999
2072.3,6.998
2072.4,5.998
2072.5,8.998
2072.6,6.998
2072.7,7.998
2072.8,9.998
2072.9,8.998
2073.0,11.997
2073.1,11.997
2073.2,14.996
2073.3,14.996
2073.4,17.995
2073.5,16.996
2073.6,17.995
2073.7,16.996
2073.8,19.995
2073.9,22.994
2074.0,19.995
2074.1,18.995
2074.2,20.995
2074.3,20.995
2074.4,22.994
2074.5,25.994
2074.6,24.994
2074.7,24.994
2074.8,24.994
2074.9,25.994
2075.0,25.994
2075.1,26.993
2075.2,31.992
2075.3,27.993
2075.4,30.992
2075.5,31.992
2075.6,30.992
2075.7,28.993
2075.8,30.992
2075.9,30.992
2076.0,34.991
2076.1,31.992
2076.2,32.992
2076.3,35.991
2076.4,35.991
2076.5,35.991
2076.6,34.991
2076.7,36.991
2076.8,35.991
2076.9,33.992
2077.0,39.99
2077.1,35.991
2077.2,35.991
2077.3,36.991
2077.4,34.991
2077.5,34.991
2077.6,37.991
2077.7,34.991
2077.8,35.991
2077.9,34.991
2078.0,35.991
2078.1,40.99
2078.2,35.991
2078.3,36.991
2078.4,35.991
2078.5,31.992
2078.6,33.992
2078.7,34.991
2078.8,32.992
2078.9,31.992
2079.0,30.992
2079.1,34.991
2079.2,31.992
2079.3,31.992
2079.4,26.993
2079.5,27.993
2079.6,31.992
2079.7,27.993
2079.8,26.993
2079.9,26.993
2080.0,24.994
2080.1,25.994
2080.2,22.994
2080.3,22.994
2080.4,22.994
2080.5,20.995
2080.6,22.994
2080.7,17.995
2080.8,17.995
2080.9,18.995
2081.0,15.996
2081.1,16.996
2081.2,14.996
2081.3,13.997
2081.4,14.996
2081.5,9.998
2081.6,9.998
2081.7,7.998
2081.8,9.998
2081.9,4.999
2082.0,6.998
2082.1,5.998
2082.2,4.999
2082.3,4.999
2082.4,-2.0
2082.5,-2.999
2082.6,-2.999
2082.7,0.0
2082.8,-2.0
2082.9,-5.998
2083.0,-2.999
2083.1,-6.998
2083.2,-7.998
2083.3,-9.998
2083.4,-7.998
2083.5,-11.997
2083.6,-13.997
2083.7,-14.996
2083.8,-14.996
2083.9,-16.996
2084.0,-17.995
2084.1,-19.995
2084.2,-15.996
2084.3,-16.996
2084.4,-16.996
2084.5,-17.995
2084.6,-18.995
2084.7,-15.996
2084.8,-20.995
2084.9,-24.994
2085.0,-24.994
2085.1,-19.995
2085.2,-26.993
2085.3,-20.995
2085.4,-26.993
2085.5,-27.993
2085.6,-24.994
2085.7,-30.992
2085.8,-22.994
2085.9,-27.993
2086.0,-25.994
2086.1,-30.992
2086.2,-25.994
2086.3,-30.992
2086.4,-30.992
2086.5,-28.993
2086.6,-32.992
2086.7,-28.993
2086.8,-30.992
2086.9,-27.993
2087.0,-33.992
2087.1,-32.992
2087.2,-28.993
2087.3,-32.992
2087.4,-31.992
2087.5,-32.992
2087.6,-32.992
2087.7,-34.991
2087.8,-33.992
2087.9,-32.992
2088.0,-33.992
2088.1,-32.992
2088.2,-31.992
2088.3,-28.993
2088.4,-32.992
2088.5,-33.992
2088.6,-28.993
2088.7,-26.993
2088.8,-26.993
2088.9,-31.992
2089.0,-26.993
2089.1,-28.993
2089.2,-27.993
2089.3,-27.993
2089.4,-25.994
2089.5,-24.994
2089.6,-26.993
2089.7,-24.994
2089.8,-22.994
2089.9,-22.994
2090.0,-20.995
2090.1,-18.995
2090.2,-23.994
2090.3,-19.995
2090.4,-18.995
2090.5,-15.996
2090.6,-13.997
2090.7,-15.996
2090.8,-15.996
2090.9,-14.996
2091.0,-11.997
2091.1,-9.998
2091.2,-13.997
2091.3,-9.998
2091.4,-8.998
2091.5,-2.999
2091.6,-4.999
2091.7,-5.998
2091.8,-4.999
2091.9,0.0
2092.0,-1.0
2092.1,2.999
2092.2,1.0
2092.3,4.999
2092.4,5.998
2092.5,6.998
2092.6,5.998
2092.7,9.998
2092.8,7.998
2092.9,9.998
2093.0,9.998
2093.1,9.998
2093.2,10.997
2093.3,11.997
2093.4,10.997
2093.5,14.996
2093.6,18.995
2093.7,17.995
2093.8,18.995
2093.9,19.995
2094.0,15.996
2094.1,19.995
2094.2,20.995
2094.3,22.994
2094.4,22.994
2094.5,22.994
2094.6,20.995
2094.7,23.994
2094.8,24.994
2094.9,23.994
2095.0,25.994
2095.1,25.994
2095.2,27.993
2095.3,26.993
2095.4,25.994
2095.5,28.993
2095.6,27.993
2095.7,28.993
2095.8,30.992
2095.9,28.993
2096.0,28.993
2096.1,32.992
2096.2,31.992
2096.3,32.992
2096.4,32.992
2096.5,31.992
2096.6,33.992
2096.7,33.992
2096.8,32.992
2096.9,33.992
2097.0,33.992
2097.1,36.991
2097.2,33.992
2097.3,36.991
2097.4,34.991
2097.5,33.992
2097.6,36.991
2097.7,33.992
2097.8,35.991
2097.9,36.991
2098.0,35.991
2098.1,37.991
2098.2,34.991
2098.3,35.991
2098.4,34.991
2098.5,32.992
2098.6,35.991
2098.7,34.991
2098.8,32.992
2098.9,32.992
2099.0,32.992
2099.1,36.991
2099.2,31.992
2099.3,30.992
2099.4,28.993
2099.5,28.993
2099.6,30.992
2099.7,25.994
2099.8,27.993
2099.9,30.992
2100.0,25.994
2100.1,23.994
2100.2,24.994
2100.3,19.995
2100.4,23.994
2100.5,19.995
2100.6,20.995
2100.7,22.994
2100.8,19.995
2100.9,18.995
2101.0,13.997
2101.1,16.996
2101.2,14.996
2101.3,15.996
2101.4,13.997
2101.5,11.997
2101.6,6.998
2101.7,5.998
2101.8,6.998
2101.9,9.998
2102.0,5.998
2102.1,5.998
2102.2,1.0
2102.3,2.0
2102.4,0.0
2102.5,1.0
2102.6,-2.999
2102.7,-4.999
2102.8,-4.999
2102.9,-4.999
2103.0,-2.999
2103.1,-6.998
2103.2,-5.998
2103.3,-10.997
2103.4,-9.998
2103.5,-9.998
2103.6,-13.997
2103.7,-9.998
2103.8,-14.996
2103.9,-14.996
2104.0,-10.997
2104.1,-13.997
2104.2,-14.996
2104.3,-15.996
2104.4,-19.995
2104.5,-18.995
2104.6,-16.996
2104.7,-16.996
2104.8,-18.995
2104.9,-20.995
2105.0,-18.995
2105.1,-19.995
2105.2,-20.995
2105.3,-18.995
2105.4,-22.994
2105.5,-23.994
2105.6,-25.994
2105.7,-22.994
2105.8,-23.994
2105.9,-22.994
2106.0,-23.994
2106.1,-22.994
2106.2,-23.994
2106.3,-24.994
2106.4,-31.992
2106.5,-24.994
2106.6,-27.993
2106.7,-27.993
2106.8,-30.992
2106.9,-28.993
2107.0,-32.992
2107.1,-26.993
2107.2,-25.994
2107.3,-30.992
2107.4,-30.992
2107.5,-32.992
2107.6,-28.993
2107.7,-33.992
2107.8,-32.992
2107.9,-30.992
2108.0,-30.992
2108.1,-33.992
2108.2,-33.992
2108.3,-32.992
2108.4,-30.992
2108.5,-24.994
2108.6,-28.993
2108.7,-26.993
2108.8,-27.993
2108.9,-25.994
2109.0,-30.992
2109.1,-24.994
2109.2,-23.994
2109.3,-26.993
2109.4,-30.992
2109.5,-22.994
2109.6,-24.994
2109.7,-22.994
2109.8,-23.994
2109.9,-22.994
2110.0,-22.994
2110.1,-19.995
2110.2,-18.995
2110.3,-18.995
2110.4,-18.995
2110.5,-18.995
2110.6,-14.996
2110.7,-14.996
2110.8,-16.996
2110.9,-15.996
2111.0,-11.997
2111.1,-16.996
2111.2,-8.998
2111.3,-6.998
2111.4,-6.998
2111.5,-5.998
2111.6,-8.998
2111.7,-5.998
2111.8,-5.998
2111.9,-1.0
2112.0,-1.0
2112.1,-1.0
2112.2,2.0
2112.3,1.0
2112.4,1.0
2112.5,2.999
2112.6,5.998
2112.7,2.999
2112.8,4.999
2112.9,6.998
2113.0,7.998
2113.1,8.998
2113.2,8.998
2113.3,7.998
2113.4,8.998
2113.5,8.998
2113.6,11.997
2113.7,13.997
2113.8,17.995
2113.9,14.996
2114.0,16.996
2114.1,17.995
2114.2,18.995
2114.3,19.995
2114.4,16.996
2114.5,17.995
2114.6,22.994
2114.7,20.995
2114.8,23.994
2114.9,20.995
2115.0,22.994
2115.1,23.994
2115.2,23.994
2115.3,23.994
2115.4,26.993
2115.5,25.994
2115.6,25.994
2115.7,26.993
2115.8,26.993
2115.9,26.993
2116.0,26.993
2116.1,24.994
2116.2,28.993
2116.3,27.993
2116.4,33.992
2116.5,26.993
2116.6,30.992
2116.7,31.992
2116.8,34.991
2116.9,30.992
2117.0,32.992
2117.1,32.992
2117.2,35.991
2117.3,33.992
2117.4,33.992
2117.5,35.991
2117.6,33.992
2117.7,37.991
2117.8,34.991
2117.9,33.992
2118.0,36.991
2118.1,35.991
2118.2,37.991
2118.3,35.991
2118.4,31.992
2118.5,34.991
2118.6,30.992
2118.7,31.992
2118.8,31.992
2118.9,33.992
2119.0,30.992
2119.1,34.991
2119.2,27.993
2119.3,28.993
2119.4,30.992
2119.5,27.993
2119.6,28.993
2119.7,27.993
2119.8,27.993
2119.9,26.993
2120.0,25.994
2120.1,26.993
2120.2,24.994
2120.3,24.994
2120.4,23.994
2120.5,23.994
2120.6,19.995
2120.7,22.994
2120.8,19.995
2120.9,18.995
2121.0,16.996
2121.1,16.996
2121.2,13.997
2121.3,13.997
2121.4,9.998
2121.5,8.998
2121.6,9.998
2121.7,9.998
2121.8,10.997
2121.9,9.998
2122.0,6.998
2122.1,6.998
2122.2,2.999
2122.3,2.999
2122.4,0.0
2122.5,-1.0
2122.6,-2.0
2122.7,-1.0
2122.8,-2.999
2122.9,-5.998
2123.0,-2.999
2123.1,-4.999
2123.2,-6.998
2123.3,-5.998
2123.4,-6.998
2123.5,-8.998
2123.6,-8.998
2123.7,-13.997
2123.8,-11.997
2123.9,-11.997
2124.0,-10.997
2124.1,-14.996
2124.2,-16.996
2124.3,-16.996
2124.4,-14.996
2124.5,-19.995
2124.6,-14.996
2124.7,-14.996
2124.8,-17.995
2124.9,-18.995
2125.0,-22.994
2125.1,-20.995
2125.2,-22.994
2125.3,-22.994
2125.4,-24.994
2125.5,-22.994
2125.6,-26.993
2125.7,-25.994
2125.8,-23.994
2125.9,-25.994
2126.0,-26.993
2126.1,-23.994
2126.2,-27.993
2126.3,-24.994
2126.4,-24.994
2126.5,-27.993
2126.6,-30.992
2126.7,-28.993
2126.8,-27.993
2126.9,-27.993
2127.0,-27.993
2127.1,-28.993
2127.2,-28.993
2127.3,-28.993
2127.4,-30.992
2127.5,-30.992
2127.6,-30.992
2127.7,-31.992
2127.8,-30.992
2127.9,-32.992
2128.0,-28.993
2128.1,-28.993
2128.2,-31.992
2128.3,-32.992
2128.4,-30.992
2128.5,-27.993
2128.6,-28.993
2128.7,-30.992
2128.8,-25.994
2128.9,-24.994
2129.0,-27.993
2129.1,-27.993
2129.2,-24.994
2129.3,-24.994
2129.4,-27.993
2129.5,-23.994
2129.6,-24.994
2129.7,-22.994
2129.8,-20.995
2129.9,-23.994
2130.0,-24.994
2130.1,-20.995
2130.2,-20.995
2130.3,-17.995
2130.4,-16.996
2130.5,-15.996
2130.6,-13.997
2130.7,-15.996
2130.8,-15.996
2130.9,-14.996
2131.0,-9.998
2131.1,-7.998
2131.2,-10.997
2131.3,-10.997
2131.4,-6.998
2131.5,-5.998
2131.6,-2.999
2131.7,-5.998
2131.8,-2.0
2131.9,1.0
2132.0,0.0
2132.1,1.0
2132.2,0.0
2132.3,2.0
2132.4,8.998
2132.5,5.998
2132.6,7.998
2132.7,6.998
2132.8,6.998
2132.9,5.998
2133.0,13.997
2133.1,13.997
2133.2,10.997
2133.3,13.997
2133.4,14.996
2133.5,13.997
2133.6,18.995
2133.7,16.996
2133.8,17.995
2133.9,18.995
2134.0,17.995
2134.1,20.995
2134.2,20.995
2134.3,24.994
2134.4,20.995
2134.5,26.993
2134.6,19.995
2134.7,20.995
2134.8,25.994
2134.9,23.994
2135.0,25.994
2135.1,26.993
2135.2,26.993
2135.3,28.993
2135.4,28.993
2135.5,30.992
2135.6,27.993
2135.7,31.992
2135.8,34.991
2135.9,30.992
2136.0,28.993
2136.1,27.993
2136.2,30.992
2136.3,32.992
2136.4,28.993
2136.5,33.992
2136.6,34.991
2136.7,32.992
2136.8,32.992
2136.9,34.991
2137.0,35.991
2137.1,34.991
2137.2,35.991
2137.3,33.992
2137.4,36.991
2137.5,39.99
2137.6,36.991
2137.7,37.991
2137.8,39.99
2137.9,34.991
2138.0,37.991
2138.1,36.991
2138.2,34.991
2138.3,34.991
2138.4,34.991
2138.5,35.991
2138.6,33.992
2138.7,34.991
2138.8,28.993
2138.9,31.992
2139.0,30.992
2139.1,32.992
2139.2,27.993
2139.3,27.993
2139.4,30.992
2139.5,28.993
2139.6,28.993
2139.7,26.993
2139.8,31.992
2139.9,23.994
2140.0,23.994
2140.1,25.994
2140.2,23.994
2140.3,20.995
2140.4,22.994
2140.5,20.995
2140.6,16.996
2140.7,23.994
2140.8,20.995
2140.9,18.995
2141.0,16.996
2141.1,14.996
2141.2,11.997
2141.3,8.998
2141.4,11.997
2141.5,10.997
2141.6,4.999
2141.7,5.998
2141.8,6.998
2141.9,4.999
2142.0,4.999
2142.1,1.0
2142.2,-1.0
2142.3,2.999
2142.4,-2.0
2142.5,-2.0
2142.6,-4.999
2142.7,-2.999
2142.8,-6.998
2142.9,-10.997
2143.0,-10.997
2143.1,-6.998
2143.2,-8.998
2143.3,-8.998
2143.4,-11.997
2143.5,-14.996
2143.6,-10.997
2143.7,-13.997
2143.8,-14.996
2143.9,-16.996
2144.0,-14.996
2144.1,-16.996
2144.2,-18.995
2144.3,-18.995
2144.4,-20.995
2144.5,-19.995
2144.6,-22.994
2144.7,-23.994
2144.8,-19.995
2144.9,-19.995
2145.0,-19.995
2145.1,-24.994
2145.2,-22.994
2145.3,-26.993
2145.4,-25.994
2145.5,-25.994
2145.6,-24.994
2145.7,-28.993
2145.8,-25.994
2145.9,-24.994
2146.0,-26.993
2146.1,-25.994
2146.2,-28.993
2146.3,-28.993
2146.4,-30.992
2146.5,-31.992
2146.6,-27.993
2146.7,-33.992
2146.8,-28.993
2146.9,-31.992
2147.0,-33.992
2147.1,-30.992
2147.2,-31.992
2147.3,-31.992
2147.4,-31.992
2147.5,-36.991
2147.6,-33.992
2147.7,-31.992
2147.8,-32.992
2147.9,-31.992
2148.0,-31.992
2148.1,-30.992
2148.2,-33.992
2148.3,-32.992
2148.4,-32.992
2148.5,-34.991
2148.6,-28.993
2148.7,-28.993
2148.8,-27.993
2148.9,-26.993
2149.0,-30.992
2149.1,-26.993
2149.2,-24.994
2149.3,-26.993
2149.4,-23.994
2149.5,-25.994
2149.6,-22.994
2149.7,-22.994
2149.8,-23.994
2149.9,-22.994
2150.0,-22.994
2150.1,-18.995
2150.2,-22.994
2150.3,-17.995
2150.4,-16.996
2150.5,-13.997
2150.6,-15.996
2150.7,-13.997
2150.8,-13.997
2150.9,-13.997
2151.0,-9.998
2151.1,-10.997
2151.2,-5.998
2151.3,-9.998
2151.4,-4.999
2151.5,-4.999
2151.6,-4.999
2151.7,-2.0
2151.8,-4.999
2151.9,1.0
2152.0,1.0
2152.1,1.0
2152.2,2.0
2152.3,4.999
2152.4,4.999
2152.5,5.998
2152.6,5.998
2152.7,8.998
2152.8,9.998
2152.9,8.998
2153.0,8.998
2153.1,11.997
2153.2,13.997
2153.3,13.997
2153.4,14.996
2153.5,15.996
2153.6,13.997
2153.7,16.996
2153.8,14.996
2153.9,15.996
2154.0,20.995
2154.1,19.995
2154.2,20.995
2154.3,19.995
2154.4,20.995
2154.5,22.994
2154.6,23.994
2154.7,23.994
2154.8,27.993
2154.9,23.994
2155.0,25.994
2155.1,27.993
2155.2,27.993
2155.3,24.994
2155.4,26.993
2155.5,25.994
2155.6,27.993
2155.7,26.993
2155.8,28.993
2155.9,28.993
2156.0,33.992
2156.1,31.992
2156.2,32.992
2156.3,31.992
2156.4,28.993
2156.5,32.992
2156.6,33.992
2156.7,33.992
2156.8,34.991
2156.9,35.991
2157.0,37.991
2157.1,37.991
2157.2,39.99
2157.3,35.991
2157.4,36.991
2157.5,34.991
2157.6,36.991
2157.7,35.991
2157.8,33.992
2157.9,32.992
2158.0,39.99
2158.1,35.991
2158.2,39.99
2158.3,36.991
2158.4,35.991
2158.5,35.991
2158.6,33.992
2158.7,32.992
2158.8,32.992
2158.9,33.992
2159.0,30.992
2159.1,32.992
2159.2,28.993
2159.3,33.992
2159.4,31.992
2159.5,27.993
2159.6,27.993
2159.7,26.993
2159.8,26.993
2159.9,25.994
2160.0,26.993
2160.1,23.994
2160.2,23.994
2160.3,23.994
2160.4,25.994
2160.5,20.995
2160.6,19.995
2160.7,19.995
2160.8,19.995
2160.9,17.995
2161.0,13.997
2161.1,15.996
2161.2,10.997
2161.3,15.996
2161.4,11.997
2161.5,9.998
2161.6,8.998
2161.7,5.998
2161.8,4.999
2161.9,5.998
2162.0,5.998
2162.1,2.0
2162.2,2.999
2162.3,1.0
2162.4,1.0
2162.5,-2.0
2162.6,-2.999
2162.7,-2.0
2162.8,-4.999
2162.9,-2.999
2163.0,-5.998
2163.1,-8.998
2163.2,-4.999
2163.3,-9.998
2163.4,-10.997
2163.5,-5.998
2163.6,-10.997
2163.7,-11.997
2163.8,-13.997
2163.9,-14.996
2164.0,-14.996
2164.1,-17.995
2164.2,-16.996
2164.3,-16.996
2164.4,-17.995
2164.5,-17.995
2164.6,-20.995
2164.7,-20.995
2164.8,-18.995
2164.9,-19.995
2165.0,-19.995
2165.1,-23.994
2165.2,-20.995
2165.3,-24.994
2165.4,-23.994
2165.5,-23.994
2165.6,-23.994
2165.7,-24.994
2165.8,-26.993
2165.9,-24.994
2166.0,-26.993
2166.1,-24.994
2166.2,-26.993
2166.3,-27.993
2166.4,-26.993
2166.5,-28.993
2166.6,-26.993
2166.7,-32.992
2166.8,-28.993
2166.9,-33.992
2167.0,-31.992
2167.1,-30.992
2167.2,-32.992
2167.3,-34.991
2167.4,-30.992
2167.5,-32.992
2167.6,-31.992
2167.7,-26.993
2167.8,-35.991
2167.9,-28.993
2168.0,-32.992
2168.1,-32.992
2168.2,-32.992
2168.3,-31.992
2168.4,-31.992
2168.5,-31.992
2168.6,-31.992
2168.7,-30.992
2168.8,-26.993
2168.9,-27.993
2169.0,-27.993
2169.1,-25.994
2169.2,-24.994
2169.3,-25.994
2169.4,-25.994
2169.5,-25.994
2169.6,-19.995
2169.7,-22.994
2169.8,-25.994
2169.9,-20.995
2170.0,-18.995
2170.1,-22.994
2170.2,-18.995
2170.3,-18.995
2170.4,-16.996
2170.5,-13.997
2170.6,-15.996
2170.7,-15.996
2170.8,-13.997
2170.9,-16.996
2171.0,-11.997
2171.1,-9.998
2171.2,-9.998
2171.3,-6.998
2171.4,-8.998
2171.5,-4.999
2171.6,-4.999
2171.7,-4.999
2171.8,0.0
2171.9,0.0
2172.0,0.0
2172.1,-1.0
2172.2,-2.0
2172.3,2.0
2172.4,6.998
2172.5,6.998
2172.6,7.998
2172.7,7.998
2172.8,9.998
2172.9,9.998
2173.0,14.996
2173.1,10.997
2173.2,11.997
2173.3,10.997
2173.4,14.996
2173.5,14.996
2173.6,16.996
2173.7,16.996
2173.8,18.995
2173.9,19.995
2174.0,18.995
2174.1,16.996
2174.2,22.994
2174.3,20.995
2174.4,23.994
2174.5,24.994
2174.6,24.994
2174.7,20.995
2174.8,22.994
2174.9,23.994
2175.0,22.994
2175.1,25.994
2175.2,27.993
2175.3,25.994
2175.4,27.993
2175.5,30.992
2175.6,26.993
2175.7,26.993
2175.8,27.993
2175.9,30.992
2176.0,27.993
2176.1,28.993
2176.2,30.992
2176.3,32.992
2176.4,32.992
2176.5,30.992
2176.6,32.992
2176.7,32.992
2176.8,35.991
2176.9,34.991
2177.0,33.992
2177.1,37.991
2177.2,39.99
2177.3,34.991
2177.4,33.992
2177.5,36.991
2177.6,33.992
2177.7,33.992
2177.8,34.991
2177.9,37.991
2178.0,37.991
2178.1,37.991
2178.2,36.991
2178.3,36.991
2178.4,36.991
2178.5,34.991
2178.6,32.992
2178.7,32.992
2178.8,31.992
2178.9,32.992
2179.0,30.992
2179.1,31.992
2179.2,28.993
2179.3,27.993
2179.4,31.992
2179.5,28.993
2179.6,30.992
2179.7,27.993
2179.8,28.993
2179.9,26.993
2180.0,27.993
2180.1,22.994
2180.2,27.993
2180.3,19.995
2180.4,20.995
2180.5,20.995
2180.6,22.994
2180.7,20.995
2180.8,15.996
2180.9,17.995
2181.0,20.995
2181.1,13.997
2181.2,13.997
2181.3,14.996
2181.4,13.997
2181.5,8.998
2181.6,10.997
2181.7,7.998
2181.8,4.999
2181.9,5.998
2182.0,8.998
2182.1,5.998
2182.2,1.0
2182.3,4.999
2182.4,2.0
2182.5,2.999
2182.6,-2.999
2182.7,-2.0
2182.8,-5.998
2182.9,-7.998
2183.0,-6.998
2183.1,-6.998
2183.2,-7.998
2183.3,-8.998
2183.4,-9.998
2183.5,-8.998
2183.6,-9.998
2183.7,-11.997
2183.8,-15.996
2183.9,-10.997
2184.0,-10.997
2184.1,-13.997
2184.2,-15.996
2184.3,-14.996
2184.4,-14.996
2184.5,-16.996
2184.6,-18.995
2184.7,-19.995
2184.8,-17.995
2184.9,-19.995
2185.0,-17.995
2185.1,-18.995
2185.2,-20.995
2185.3,-23.994
2185.4,-20.995
2185.5,-18.995
2185.6,-22.994
2185.7,-24.994
2185.8,-23.994
2185.9,-20.995
2186.0,-26.993
2186.1,-24.994
2186.2,-25.994
2186.3,-26.993
2186.4,-25.994
2186.5,-23.994
2186.6,-28.993
2186.7,-26.993
2186.8,-26.993
2186.9,-31.992
2187.0,-30.992
2187.1,-32.992
2187.2,-31.992
2187.3,-30.992
2187.4,-27.993
2187.5,-30.992
2187.6,-28.993
2187.7,-30.992
2187.8,-30.992
2187.9,-33.992
2188.0,-30.992
2188.1,-32.992
2188.2,-32.992
2188.3,-30.992
2188.4,-30.992
2188.5,-30.992
2188.6,-30.992
2188.7,-28.993
2188.8,-31.992
2188.9,-26.993
2189.0,-26.993
2189.1,-26.993
2189.2,-25.994
2189.3,-25.994
2189.4,-27.993
2189.5,-26.993
2189.6,-20.995
2189.7,-23.994
2189.8,-22.994
2189.9,-23.994
2190.0,-18.995
2190.1,-22.994
2190.2,-19.995
2190.3,-16.996
2190.4,-17.995
2190.5,-17.995
2190.6,-16.996
2190.7,-15.996
2190.8,-13.997
2190.9,-11.997
2191.0,-13.997
2191.1,-7.998
2191.2,-11.997
2191.3,-11.997
2191.4,-9.998
2191.5,-5.998
2191.6,-6.998
2191.7,-6.998
2191.8,-4.999
2191.9,-2.0
2192.0,-2.999
2192.1,-1.0
2192.2,1.0
2192.3,2.0
2192.4,-1.0
2192.5,1.0
2192.6,5.998
2192.7,2.999
2192.8,6.998
2192.9,8.998
2193.0,6.998
2193.1,7.998
2193.2,8.998
2193.3,9.998
2193.4,13.997
2193.5,11.997
2193.6,13.997
2193.7,13.997
2193.8,17.995
2193.9,18.995
2194.0,14.996
2194.1,17.995
2194.2,17.995
2194.3,18.995
2194.4,22.994
2194.5,23.994
2194.6,17.995
2194.7,20.995
2194.8,22.994
2194.9,23.994
2195.0,24.994
2195.1,24.994
2195.2,23.994
2195.3,25.994
2195.4,25.994
2195.5,25.994
2195.6,26.993
2195.7,27.993
2195.8,27.993
2195.9,28.993
2196.0,27.993
2196.1,31.992
2196.2,27.993
2196.3,26.993
2196.4,30.992
2196.5,30.992
2196.6,33.992
2196.7,31.992
2196.8,34.991
2196.9,32.992
2197.0,31.992
2197.1,33.992
2197.2,36.991
2197.3,32.992
2197.4,33.992
2197.5,34.991
2197.6,35.991
2197.7,33.992
2197.8,35.991
2197.9,33.992
2198.0,36.991
2198.1,35.991
2198.2,35.991
2198.3,34.991
2198.4,35.991
2198.5,32.992
2198.6,35.991
2198.7,28.993
2198.8,34.991
2198.9,33.992
2199.0,30.992
2199.1,31.992
2199.2,32.992
2199.3,28.993
2199.4,30.992
2199.5,30.992
2199.6,28.993
2199.7,26.993
2199.8,27.993
2199.9,25.994
2200.0,25.994
2200.1,22.994
2200.2,22.994
2200.3,22.994
2200.4,23.994
2200.5,18.995
2200.6,23.994
2200.7,22.994
2200.8,18.995
2200.9,18.995
2201.0,14.996
2201.1,14.996
2201.2,10.997
2201.3,15.996
2201.4,14.996
2201.5,9.998
2201.6,9.998
2201.7,11.997
2201.8,6.998
2201.9,4.999
2202.0,4.999
2202.1,0.0
2202.2,2.999
2202.3,1.0
2202.4,2.0
2202.5,0.0
2202.6,0.0
2202.7,-4.999
2202.8,-1.0
2202.9,-4.999
2203.0,-7.998
2203.1,-6.998
2203.2,-6.998
2203.3,-10.997
2203.4,-9.998
2203.5,-10.997
2203.6,-10.997
2203.7,-10.997
2203.8,-11.997
2203.9,-11.997
2204.0,-11.997
2204.1,-14.996
2204.2,-16.996
2204.3,-15.996
2204.4,-15.996
2204.5,-19.995
2204.6,-19.995
2204.7,-17.995
2204.8,-19.995
2204.9,-17.995
2205.0,-16.996
2205.1,-18.995
2205.2,-20.995
2205.3,-20.995
2205.4,-19.995
2205.5,-20.995
2205.6,-20.995
2205.7,-23.994
2205.8,-22.994
2205.9,-25.994
2206.0,-23.994
2206.1,-22.994
2206.2,-24.994
2206.3,-28.993
2206.4,-28.993
2206.5,-27.993
2206.6,-25.994
2206.7,-30.992
2206.8,-27.993
2206.9,-30.992
2207.0,-32.992
2207.1,-33.992
2207.2,-32.992
2207.3,-28.993
2207.4,-31.992
2207.5,-31.992
2207.6,-31.992
2207.7,-32.992
2207.8,-27.993
2207.9,-33.992
2208.0,-32.992
2208.1,-31.992
2208.2,-32.992
2208.3,-28.993
2208.4,-30.992
2208.5,-31.992
2208.6,-30.992
2208.7,-26.993
2208.8,-27.993
2208.9,-28.993
2209.0,-26.993
2209.1,-30.992
2209.2,-26.993
2209.3,-24.994
2209.4,-25.994
2209.5,-24.994
2209.6,-24.994
2209.7,-22.994
2209.8,-24.994
2209.9,-22.994
2210.0,-20.995
2210.1,-17.995
2210.2,-22.994
2210.3,-15.996
2210.4,-19.995
2210.5,-15.996
2210.6,-16.996
2210.7,-10.997
2210.8,-14.996
2210.9,-11.997
2211.0,-10.997
2211.1,-8.998
2211.2,-9.998
2211.3,-7.998
2211.4,-5.998
2211.5,-4.999
2211.6,-1.0
2211.7,-2.999
2211.8,-2.0
2211.9,-1.0
2212.0,2.999
2212.1,1.0
2212.2,1.0
2212.3,4.999
2212.4,5.998
2212.5,6.998
2212.6,5.998
2212.7,5.998
2212.8,7.998
2212.9,9.998
2213.0,13.997
2213.1,10.997
2213.2,14.996
2213.3,15.996
2213.4,13.997
2213.5,13.997
2213.6,18.995
2213.7,16.996
2213.8,15.996
2213.9,18.995
2214.0,16.996
2214.1,19.995
2214.2,20.995
2214.3,19.995
2214.4,22.994
2214.5,26.993
2214.6,25.994
2214.7,24.994
2214.8,26.993
2214.9,24.994
2215.0,22.994
2215.1,24.994
2215.2,23.994
2215.3,28.993
2215.4,23.994
2215.5,27.993
2215.6,30.992
2215.7,30.992
2215.8,32.992
2215.9,27.993
2216.0,31.992
2216.1,30.992
2216.2,33.992
2216.3,31.992
2216.4,31.992
2216.5,31.992
2216.6,31.992
2216.7,31.992
2216.8,34.991
2216.9,32.992
2217.0,34.991
2217.1,34.991
2217.2,35.991
2217.3,35.991
2217.4,35.991
2217.5,34.991
2217.6,35.991
2217.7,34.991
2217.8,37.991
2217.9,39.99
2218.0,33.992
2218.1,32.992
2218.2,35.991
2218.3,33.992
2218.4,33.992
2218.5,36.991
2218.6,40.99
2218.7,32.992
2218.8,33.992
2218.9,31.992
2219.0,30.992
2219.1,31.992
2219.2,32.992
2219.3,31.992
2219.4,26.993
2219.5,28.993
2219.6,30.992
2219.7,26.993
2219.8,26.993
2219.9,26.993
2220.0,22.994
2220.1,23.994
2220.2,25.994
2220.3,23.994
2220.4,23.994
2220.5,17.995
2220.6,17.995
2220.7,14.996
2220.8,18.995
2220.9,20.995
2221.0,14.996
2221.1,11.997
2221.2,16.996
2221.3,9.998
2221.4,10.997
2221.5,8.998
2221.6,6.998
2221.7,7.998
2221.8,5.998
2221.9,4.999
2222.0,2.0
2222.1,2.0
2222.2,1.0
2222.3,0.0
2222.4,-2.0
2222.5,-2.0
2222.6,-2.0
2222.7,-5.998
2222.8,-2.0
2222.9,-5.998
2223.0,-7.998
2223.1,-7.998
2223.2,-9.998
2223.3,-8.998
2223.4,-10.997
2223.5,-13.997
2223.6,-11.997
2223.7,-13.997
2223.8,-11.997
2223.9,-14.996
2224.0,-15.996
2224.1,-14.996
2224.2,-18.995
2224.3,-18.995
2224.4,-20.995
2224.5,-20.995
2224.6,-19.995
2224.7,-22.994
2224.8,-24.994
2224.9,-19.995
2225.0,-22.994
2225.1,-22.994
2225.2,-20.995
2225.3,-25.994
2225.4,-28.993
2225.5,-24.994
2225.6,-25.994
2225.7,-26.993
2225.8,-26.993
2225.9,-30.992
2226.0,-26.993
2226.1,-28.993
2226.2,-27.993
2226.3,-30.992
2226.4,-30.992
2226.5,-30.992
2226.6,-26.993
2226.7,-27.993
2226.8,-31.992
2226.9,-28.993
2227.0,-33.992
2227.1,-30.992
2227.2,-34.991
2227.3,-32.992
2227.4,-32.992
2227.5,-34.991
2227.6,-30.992
2227.7,-31.992
2227.8,-33.992
2227.9,-31.992
2228.0,-32.992
2228.1,-31.992
2228.2,-32.992
2228.3,-31.992
2228.4,-31.992
2228.5,-32.992
2228.6,-31.992
2228.7,-28.993
2228.8,-31.992
2228.9,-28.993
2229.0,-27.993
2229.1,-25.994
2229.2,-25.994
2229.3,-25.994
2229.4,-25.994
2229.5,-24.994
2229.6,-26.993
2229.7,-20.995
2229.8,-22.994
2229.9,-24.994
2230.0,-18.995
2230.1,-23.994
2230.2,-17.995
2230.3,-19.995
2230.4,-14.996
2230.5,-14.996
2230.6,-11.997
2230.7,-10.997
2230.8,-11.997
2230.9,-13.997
2231.0,-7.998
2231.1,-10.997
2231.2,-5.998
2231.3,-6.998
2231.4,-6.998
2231.5,-4.999
2231.6,-4.999
2231.7,-4.999
2231.8,-2.0
2231.9,2.999
2232.0,5.998
2232.1,-1.0
2232.2,-2.0
2232.3,7.998
2232.4,2.999
2232.5,5.998
2232.6,5.998
2232.7,8.998
2232.8,9.998
2232.9,8.998
2233.0,8.998
2233.1,9.998
2233.2,14.996
2233.3,13.997
2233.4,15.996
2233.5,15.996
2233.6,15.996
2233.7,17.995
2233.8,16.996
2233.9,17.995
2234.0,18.995
2234.1,20.995
2234.2,22.994
2234.3,20.995
2234.4,23.994
2234.5,26.993
2234.6,23.994
2234.7,24.994
2234.8,26.993
2234.9,24.994
2235.0,26.993
2235.1,27.993
2235.2,27.993
2235.3,26.993
2235.4,27.993
2235.5,30.992
2235.6,30.992
2235.7,30.992
2235.8,31.992
2235.9,34.991
2236.0,28.993
2236.1,34.991
2236.2,30.992
2236.3,34.991
2236.4,34.991
2236.5,35.991
2236.6,32.992
2236.7,33.992
2236.8,33.992
2236.9,36.991
2237.0,32.992
2237.1,37.991
2237.2,32.992
2237.3,34.991
2237.4,33.992
2237.5,37.991
2237.6,36.991
2237.7,40.99
2237.8,34.991
2237.9,35.991
2238.0,39.99
2238.1,34.991
2238.2,34.991
2238.3,37.991
2238.4,36.991
2238.5,35.991
2238.6,32.992
2238.7,35.991
2238.8,39.99
2238.9,30.992
2239.0,35.991
2239.1,32.992
2239.2,31.992
2239.3,26.993
2239.4,28.993
2239.5,32.992
2239.6,27.993
2239.7,25.994
2239.8,27.993
2239.9,26.993
2240.0,22.994
2240.1,25.994
2240.2,22.994
2240.3,23.994
2240.4,20.995
2240.5,18.995
2240.6,16.996
2240.7,18.995
2240.8,17.995
2240.9,18.995
2241.0,14.996
2241.1,10.997
2241.2,14.996
2241.3,13.997
2241.4,8.998
2241.5,11.997
2241.6,11.997
2241.7,5.998
2241.8,7.998
2241.9,7.998
2242.0,2.0
2242.1,1.0
2242.2,1.0
2242.3,1.0
2242.4,-2.0
2242.5,1.0
2242.6,0.0
2242.7,-2.0
2242.8,-1.0
2242.9,-5.998
2243.0,-6.998
2243.1,-6.998
2243.2,-10.997
2243.3,-9.998
2243.4,-9.998
2243.5,-9.998
2243.6,-15.996
2243.7,-15.996
2243.8,-14.996
2243.9,-14.996
2244.0,-15.996
2244.1,-13.997
2244.2,-19.995
2244.3,-18.995
2244.4,-17.995
2244.5,-18.995
2244.6,-19.995
2244.7,-19.995
2244.8,-23.994
2244.9,-23.994
2245.0,-22.994
2245.1,-24.994
2245.2,-26.993
2245.3,-23.994
2245.4,-25.994
2245.5,-25.994
2245.6,-22.994
2245.7,-27.993
2245.8,-25.994
2245.9,-24.994
2246.0,-26.993
2246.1,-26.993
2246.2,-26.993
2246.3,-28.993
2246.4,-30.992
2246.5,-27.993
2246.6,-27.993
2246.7,-28.993
2246.8,-30.992
2246.9,-31.992
2247.0,-27.993
2247.1,-34.991
2247.2,-32.992
2247.3,-34.991
2247.4,-30.992
2247.5,-31.992
2247.6,-34.991
2247.7,-31.992
2247.8,-31.992
2247.9,-30.992
2248.0,-30.992
2248.1,-33.992
2248.2,-32.992
2248.3,-31.992
2248.4,-27.993
2248.5,-31.992
2248.6,-31.992
2248.7,-30.992
2248.8,-26.993
2248.9,-28.993
2249.0,-27.993
2249.1,-27.993
2249.2,-27.993
2249.3,-27.993
2249.4,-24.994
2249.5,-23.994
2249.6,-24.994
2249.7,-23.994
2249.8,-23.994
2249.9,-22.994
2250.0,-22.994
2250.1,-19.995
2250.2,-17.995
2250.3,-18.995
2250.4,-16.996
2250.5,-16.996
2250.6,-14.996
2250.7,-14.996
2250.8,-13.997
2250.9,-14.996
2251.0,-14.996
2251.1,-10.997
2251.2,-8.998
2251.3,-7.998
2251.4,-5.998
2251.5,-6.998
2251.6,-4.999
2251.7,-6.998
2251.8,-1.0
2251.9,0.0
2252.0,0.0
2252.1,1.0
2252.2,2.0
2252.3,4.999
2252.4,1.0
2252.5,4.999
2252.6,5.998
2252.7,2.999
2252.8,4.999
2252.9,6.998
2253.0,10.997
2253.1,9.998
2253.2,11.997
2253.3,11.997
2253.4,13.997
2253.5,14.996
2253.6,18.995
2253.7,16.996
2253.8,18.995
2253.9,17.995
2254.0,18.995
2254.1,18.995
2254.2,19.995
2254.3,23.994
2254.4,23.994
2254.5,19.995
2254.6,26.993
2254.7,25.994
2254.8,26.993
2254.9,28.993
2255.0,26.993
2255.1,24.994
2255.2,26.993
2255.3,22.994
2255.4,25.994
2255.5,31.992
2255.6,27.993
2255.7,27.993
2255.8,30.992
2255.9,27.993
2256.0,30.992
2256.1,33.992
2256.2,35.991
2256.3,31.992
2256.4,30.992
2256.5,34.991
2256.6,32.992
2256.7,30.992
2256.8,33.992
2256.9,33.992
2257.0,37.991
2257.1,34.991
2257.2,36.991
2257.3,36.991
2257.4,39.99
2257.5,34.991
2257.6,37.991
2257.7,37.991
2257.8,36.991
2257.9,35.991
2258.0,35.991
2258.1,33.992
2258.2,35.991
2258.3,34.991
2258.4,35.991
2258.5,30.992
2258.6,35.991
2258.7,34.991
2258.8,35.991
2258.9,30.992
2259.0,32.992
2259.1,30.992
2259.2,28.993
2259.3,26.993
2259.4,28.993
2259.5,27.993
2259.6,30.992
2259.7,26.993
2259.8,27.993
2259.9,32.992
2260.0,26.993
2260.1,23.994
2260.2,25.994
2260.3,20.995
2260.4,22.994
2260.5,19.995
2260.6,19.995
2260.7,18.995
2260.8,16.996
2260.9,19.995
2261.0,17.995
2261.1,16.996
2261.2,15.996
2261.3,16.996
2261.4,13.997
2261.5,9.998
2261.6,7.998
2261.7,7.998
2261.8,6.998
2261.9,5.998
2262.0,2.0
2262.1,1.0
2262.2,0.0
2262.3,-1.0
2262.4,2.0
2262.5,-1.0
2262.6,-2.999
2262.7,-4.999
2262.8,-4.999
2262.9,-2.999
2263.0,-5.998
2263.1,-7.998
2263.2,-8.998
2263.3,-6.998
2263.4,-9.998
2263.5,-14.996
2263.6,-15.996
2263.7,-15.996
2263.8,-13.997
2263.9,-15.996
2264.0,-15.996
2264.1,-16.996
2264.2,-16.996
2264.3,-17.995
2264.4,-17.995
2264.5,-19.995
2264.6,-23.994
2264.7,-19.995
2264.8,-19.995
2264.9,-20.995
2265.0,-22.994
2265.1,-27.993
2265.2,-22.994
2265.3,-23.994
2265.4,-24.994
2265.5,-23.994
2265.6,-25.994
2265.7,-25.994
2265.8,-26.993
2265.9,-25.994
2266.0,-28.993
2266.1,-30.992
2266.2,-27.993
2266.3,-25.994
2266.4,-27.993
2266.5,-30.992
2266.6,-25.994
2266.7,-26.993
2266.8,-26.993
2266.9,-30.992
2267.0,-28.993
2267.1,-32.992
2267.2,-30.992
2267.3,-33.992
2267.4,-32.992
2267.5,-30.992
2267.6,-32.992
2267.7,-33.992
2267.8,-33.992
2267.9,-28.993
2268.0,-33.992
2268.1,-34.991
2268.2,-32.992
2268.3,-30.992
2268.4,-31.992
2268.5,-30.992
2268.6,-31.992
2268.7,-31.992
2268.8,-28.993
2268.9,-30.992
2269.0,-25.994
2269.1,-24.994
2269.2,-24.994
2269.3,-24.994
2269.4,-23.994
2269.5,-24.994
2269.6,-22.994
2269.7,-24.994
2269.8,-23.994
2269.9,-20.995
2270.0,-23.994
2270.1,-19.995
2270.2,-22.994
2270.3,-16.996
2270.4,-17.995
2270.5,-16.996
2270.6,-16.996
2270.7,-14.996
2270.8,-14.996
2270.9,-16.996
2271.0,-9.998
2271.1,-9.998
2271.2,-9.998
2271.3,-8.998
2271.4,-7.998
2271.5,-8.998
2271.6,-6.998
2271.7,-4.999
2271.8,-2.0
2271.9,-2.0
2272.0,-2.0
2272.1,-2.999
2272.2,1.0
2272.3,2.0
2272.4,4.999
2272.5,2.999
2272.6,2.0
2272.7,8.998
2272.8,8.998
2272.9,6.998
2273.0,6.998
2273.1,10.997
2273.2,13.997
2273.3,14.996
2273.4,9.998
2273.5,17.995
2273.6,15.996
2273.7,16.996
2273.8,14.996
2273.9,16.996
2274.0,16.996
2274.1,16.996
2274.2,17.995
2274.3,19.995
2274.4,23.994
2274.5,18.995
2274.6,16.996
2274.7,20.995
2274.8,24.994
2274.9,23.994
2275.0,24.994
2275.1,25.994
2275.2,22.994
2275.3,23.994
2275.4,20.995
2275.5,26.993
2275.6,26.993
2275.7,26.993
2275.8,27.993
2275.9,24.994
2276.0,30.992
2276.1,28.993
2276.2,28.993
2276.3,30.992
2276.4,31.992
2276.5,33.992
2276.6,30.992
2276.7,33.992
2276.8,31.992
2276.9,32.992
2277.0,34.991
2277.1,35.991
2277.2,33.992
2277.3,33.992
2277.4,36.991
2277.5,35.991
2277.6,35.991
2277.7,35.991
2277.8,32.992
2277.9,34.991
2278.0,33.992
2278.1,34.991
2278.2,33.992
2278.3,32.992
2278.4,34.991
2278.5,31.992
2278.6,30.992
2278.7,31.992
2278.8,33.992
2278.9,31.992
2279.0,33.992
2279.1,32.992
2279.2,28.993
2279.3,31.992
2279.4,33.992
2279.5,24.994
2279.6,27.993
2279.7,26.993
2279.8,25.994
2279.9,24.994
2280.0,25.994
2280.1,25.994
2280.2,23.994
2280.3,22.994
2280.4,25.994
2280.5,19.995
2280.6,18.995
2280.7,17.995
2280.8,16.996
2280.9,19.995
2281.0,13.997
2281.1,14.996
2281.2,16.996
2281.3,10.997
2281.4,10.997
2281.5,11.997
2281.6,10.997
2281.7,9.998
2281.8,6.998
2281.9,8.998
2282.0,6.998
2282.1,7.998
2282.2,2.0
2282.3,0.0
2282.4,1.0
2282.5,-1.0
2282.6,0.0
2282.7,-2.0
2282.8,-2.999
2282.9,-2.0
2283.0,-5.998
2283.1,-4.999
2283.2,-8.998
2283.3,-8.998
2283.4,-8.998
2283.5,-13.997
2283.6,-11.997
2283.7,-9.998
2283.8,-11.997
2283.9,-13.997
2284.0,-11.997
2284.1,-11.997
2284.2,-15.996
2284.3,-14.996
2284.4,-15.996
2284.5,-17.995
2284.6,-18.995
2284.7,-17.995
2284.8,-17.995
2284.9,-17.995
2285.0,-19.995
2285.1,-23.994
2285.2,-18.995
2285.3,-19.995
2285.4,-16.996
2285.5,-23.994
2285.6,-19.995
2285.7,-23.994
2285.8,-25.994
2285.9,-26.993
2286.0,-28.993
2286.1,-26.993
2286.2,-23.994
2286.3,-26.993
2286.4,-24.994
2286.5,-25.994
2286.6,-27.993
2286.7,-24.994
2286.8,-26.993
2286.9,-24.994
2287.0,-28.993
2287.1,-30.992
2287.2,-31.992
2287.3,-28.993
2287.4,-31.992
2287.5,-33.992
2287.6,-28.993
2287.7,-34.991
2287.8,-27.993
2287.9,-31.992
2288.0,-32.992
2288.1,-31.992
2288.2,-28.993
2288.3,-27.993
2288.4,-30.992
2288.5,-26.993
2288.6,-25.994
2288.7,-32.992
2288.8,-26.993
2288.9,-26.993
2289.0,-26.993
2289.1,-24.994
2289.2,-27.993
2289.3,-23.994
2289.4,-24.994
2289.5,-22.994
2289.6,-23.994
2289.7,-20.995
2289.8,-20.995
2289.9,-24.994
2290.0,-22.994
2290.1,-18.995
2290.2,-19.995
2290.3,-15.996
2290.4,-15.996
2290.5,-11.997
2290.6,-13.997
2290.7,-16.996
2290.8,-11.997
2290.9,-15.996
2291.0,-11.997
2291.1,-10.997
2291.2,-7.998
2291.3,-7.998
2291.4,-7.998
2291.5,-2.999
2291.6,-2.999
2291.7,-2.999
2291.8,-1.0
2291.9,1.0
2292.0,0.0
2292.1,2.0
2292.2,4.999
2292.3,4.999
2292.4,4.999
2292.5,0.0
2292.6,2.0
2292.7,6.998
2292.8,8.998
2292.9,7.998
2293.0,9.998
2293.1,11.997
2293.2,13.997
2293.3,16.996
2293.4,16.996
2293.5,16.996
2293.6,17.995
2293.7,16.996
2293.8,16.996
2293.9,17.995
2294.0,18.995
2294.1,19.995
2294.2,18.995
2294.3,20.995
2294.4,19.995
2294.5,23.994
2294.6,22.994
2294.7,26.993
2294.8,23.994
2294.9,27.993
2295.0,26.993
2295.1,25.994
2295.2,27.993
2295.3,30.992
2295.4,26.993
2295.5,25.994
2295.6,27.993
2295.7,31.992
2295.8,28.993
2295.9,31.992
2296.0,31.992
2296.1,35.991
2296.2,31.992
2296.3,32.992
2296.4,30.992
2296.5,32.992
2296.6,33.992
2296.7,31.992
2296.8,32.992
2296.9,31.992
2297.0,34.991
2297.1,33.992
2297.2,35.991
2297.3,33.992
2297.4,35.991
2297.5,34.991
2297.6,34.991
2297.7,36.991
2297.8,35.991
2297.9,33.992
2298.0,34.991
2298.1,33.992
2298.2,35.991
2298.3,35.991
2298.4,36.991
2298.5,35.991
2298.6,35.991
2298.7,36.991
2298.8,34.991
2298.9,31.992
2299.0,34.991
2299.1,33.992
2299.2,31.992
2299.3,32.992
2299.4,25.994
2299.5,30.992
2299.6,23.994
2299.7,26.993
2299.8,27.993
2299.9,25.994
2300.0,26.993
2300.1,27.993
2300.2,26.993
2300.3,22.994
2300.4,19.995
2300.5,18.995
2300.6,19.995
2300.7,19.995
2300.8,15.996
2300.9,16.996
2301.0,17.995
2301.1,14.996
2301.2,14.996
2301.3,9.998
2301.4,10.997
2301.5,8.998
2301.6,10.997
2301.7,5.998
2301.8,6.998
2301.9,2.999
2302.0,5.998
2302.1,2.999
2302.2,1.0
2302.3,1.0
2302.4,-2.0
2302.5,0.0
2302.6,-2.999
2302.7,-2.0
2302.8,-1.0
2302.9,-6.998
2303.0,-5.998
2303.1,-5.998
2303.2,-9.998
2303.3,-9.998
2303.4,-9.998
2303.5,-11.997
2303.6,-13.997
2303.7,-13.997
2303.8,-13.997
2303.9,-14.996
2304.0,-11.997
2304.1,-16.996
2304.2,-16.996
2304.3,-16.996
2304.4,-18.995
2304.5,-17.995
2304.6,-17.995
2304.7,-22.994
2304.8,-20.995
2304.9,-23.994
2305.0,-18.995
2305.1,-22.994
2305.2,-19.995
2305.3,-20.995
2305.4,-23.994
2305.5,-20.995
2305.6,-18.995
2305.7,-26.993
2305.8,-23.994
2305.9,-26.993
2306.0,-25.994
2306.1,-25.994
2306.2,-27.993
2306.3,-26.993
2306.4,-25.994
2306.5,-27.993
2306.6,-31.992
2306.7,-26.993
2306.8,-27.993
2306.9,-27.993
2307.0,-34.991
2307.1,-30.992
2307.2,-32.992
2307.3,-33.992
2307.4,-32.992
2307.5,-30.992
2307.6,-31.992
2307.7,-27.993
2307.8,-30.992
2307.9,-32.992
2308.0,-33.992
2308.1,-28.993
2308.2,-31.992
2308.3,-31.992
2308.4,-28.993
2308.5,-27.993
2308.6,-27.993
2308.7,-31.992
2308.8,-30.992
2308.9,-30.992
2309.0,-28.993
2309.1,-25.994
2309.2,-26.993
2309.3,-25.994
2309.4,-27.993
2309.5,-24.994
2309.6,-20.995
2309.7,-20.995
2309.8,-23.994
2309.9,-20.995
2310.0,-19.995
2310.1,-22.994
2310.2,-16.996
2310.3,-18.995
2310.4,-22.994
2310.5,-19.995
2310.6,-15.996
2310.7,-14.996
2310.8,-15.996
2310.9,-10.997
2311.0,-13.997
2311.1,-7.998
2311.2,-9.998
2311.3,-6.998
2311.4,-2.999
2311.5,-7.998
2311.6,-4.999
2311.7,-8.998
2311.8,-2.999
2311.9,0.0
2312.0,-2.0
2312.1,2.0
2312.2,1.0
2312.3,6.998
2312.4,2.999
2312.5,4.999
2312.6,4.999
2312.7,5.998
2312.8,5.998
2312.9,7.998
2313.0,7.998
2313.1,8.998
2313.2,7.998
2313.3,13.997
2313.4,15.996
2313.5,13.997
2313.6,17.995
2313.7,18.995
2313.8,17.995
2313.9,17.995
2314.0,17.995
2314.1,18.995
2314.2,17.995
2314.3,18.995
2314.4,18.995
2314.5,22.994
2314.6,23.994
2314.7,23.994
2314.8,24.994
2314.9,25.994
2315.0,23.994
2315.1,25.994
2315.2,27.993
2315.3,20.995
2315.4,30.992
2315.5,26.993
2315.6,27.993
2315.7,25.994
2315.8,28.993
2315.9,28.993
2316.0,30.992
2316.1,34.991
2316.2,32.992
2316.3,34.991
2316.4,32.992
2316.5,31.992
2316.6,33.992
2316.7,35.991
2316.8,33.992
2316.9,32.992
2317.0,34.991
2317.1,34.991
2317.2,34.991
2317.3,36.991
2317.4,37.991
2317.5,35.991
2317.6,34.991
2317.7,39.99
2317.8,35.991
2317.9,36.991
2318.0,35.991
2318.1,34.991
2318.2,36.991
2318.3,32.992
2318.4,33.992
2318.5,31.992
2318.6,33.992
2318.7,31.992
2318.8,32.992
2318.9,34.991
2319.0,31.992
2319.1,32.992
2319.2,33.992
2319.3,30.992
2319.4,31.992
2319.5,24.994
2319.6,27.993
2319.7,28.993
2319.8,25.994
2319.9,23.994
2320.0,24.994
2320.1,24.994
2320.2,20.995
2320.3,22.994
2320.4,25.994
2320.5,22.994
2320.6,20.995
2320.7,18.995
2320.8,18.995
2320.9,17.995
2321.0,13.997
2321.1,17.995
2321.2,10.997
2321.3,11.997
2321.4,9.998
2321.5,9.998
2321.6,6.998
2321.7,5.998
2321.8,5.998
2321.9,2.999
2322.0,5.998
2322.1,1.0
2322.2,1.0
2322.3,-2.0
2322.4,0.0
2322.5,-2.0
2322.6,-5.998
2322.7,-2.999
2322.8,1.0
2322.9,-6.998
2323.0,-1.0
2323.1,-4.999
2323.2,-8.998
2323.3,-8.998
2323.4,-9.998
2323.5,-13.997
2323.6,-15.996
2323.7,-11.997
2323.8,-13.997
2323.9,-11.997
2324.0,-13.997
2324.1,-15.996
2324.2,-14.996
2324.3,-18.995
2324.4,-14.996
2324.5,-19.995
2324.6,-17.995
2324.7,-22.994
2324.8,-22.994
2324.9,-19.995
2325.0,-22.994
2325.1,-23.994
2325.2,-23.994
2325.3,-22.994
2325.4,-22.994
2325.5,-22.994
2325.6,-25.994
2325.7,-23.994
2325.8,-25.994
2325.9,-24.994
2326.0,-25.994
2326.1,-28.993
2326.2,-30.992
2326.3,-31.992
2326.4,-25.994
2326.5,-30.992
2326.6,-28.993
2326.7,-27.993
2326.8,-27.993
2326.9,-28.993
2327.0,-33.992
2327.1,-30.992
2327.2,-30.992
2327.3,-31.992
2327.4,-30.992
2327.5,-34.991
2327.6,-33.992
2327.7,-34.991
2327.8,-34.991
2327.9,-34.991
2328.0,-34.991
2328.1,-34.991
2328.2,-31.992
2328.3,-31.992
2328.4,-28.993
2328.5,-30.992
2328.6,-30.992
2328.7,-28.993
2328.8,-28.993
2328.9,-27.993
2329.0,-27.993
2329.1,-26.993
2329.2,-23.994
2329.3,-25.994
2329.4,-24.994
2329.5,-23.994
2329.6,-24.994
2329.7,-25.994
2329.8,-22.994
2329.9,-22.994
2330.0,-18.995
2330.1,-22.994
2330.2,-19.995
2330.3,-15.996
2330.4,-18.995
2330.5,-14.996
2330.6,-11.997
2330.7,-16.996
2330.8,-13.997
2330.9,-6.998
2331.0,-8.998
2331.1,-10.997
2331.2,-4.999
2331.3,-6.998
2331.4,-8.998
2331.5,-8.998
2331.6,-5.998
2331.7,-6.998
2331.8,-1.0
2331.9,-2.0
2332.0,0.0
2332.1,1.0
2332.2,2.999
2332.3,5.998
2332.4,2.999
2332.5,4.999
2332.6,6.998
2332.7,6.998
2332.8,2.999
2332.9,8.998
2333.0,10.997
2333.1,10.997
2333.2,13.997
2333.3,11.997
2333.4,16.996
2333.5,17.995
2333.6,13.997
2333.7,20.995
2333.8,18.995
2333.9,18.995
2334.0,18.995
2334.1,17.995
2334.2,17.995
2334.3,22.994
2334.4,22.994
2334.5,23.994
2334.6,26.993
2334.7,25.994
2334.8,25.994
2334.9,24.994
2335.0,26.993
2335.1,25.994
2335.2,27.993
2335.3,28.993
2335.4,28.993
2335.5,27.993
2335.6,28.993
2335.7,30.992
2335.8,31.992
2335.9,31.992
2336.0,30.992
2336.1,33.992
2336.2,34.991
2336.3,34.991
2336.4,33.992
2336.5,31.992
2336.6,31.992
2336.7,30.992
2336.8,28.993
2336.9,35.991
2337.0,36.991
2337.1,32.992
2337.2,32.992
2337.3,35.991
2337.4,33.992
2337.5,37.991
2337.6,37.991
2337.7,36.991
2337.8,35.991
2337.9,35.991
2338.0,34.991
2338.1,34.991
2338.2,35.991
2338.3,34.991
2338.4,35.991
2338.5,31.992
2338.6,35.991
2338.7,32.992
2338.8,33.992
2338.9,33.992
2339.0,34.991
2339.1,34.991
2339.2,32.992
2339.3,33.992
2339.4,27.993
2339.5,30.992
2339.6,27.993
2339.7,26.993
2339.8,27.993
2339.9,26.993
2340.0,26.993
2340.1,22.994
2340.2,23.994
2340.3,22.994
2340.4,22.994
2340.5,22.994
2340.6,19.995
2340.7,20.995
2340.8,14.996
2340.9,16.996
2341.0,17.995
2341.1,15.996
2341.2,14.996
2341.3,11.997
2341.4,14.996
2341.5,14.996
2341.6,9.998
2341.7,5.998
2341.8,9.998
2341.9,4.999
2342.0,2.999
2342.1,2.999
2342.2,-2.0
2342.3,2.999
2342.4,1.0
2342.5,-2.0
2342.6,-2.999
2342.7,-5.998
2342.8,-2.999
2342.9,-2.999
2343.0,-2.0
2343.1,-7.998
2343.2,-9.998
2343.3,-8.998
2343.4,-11.997
2343.5,-10.997
2343.6,-9.998
2343.7,-14.996
2343.8,-14.996
2343.9,-15.996
2344.0,-14.996
2344.1,-16.996
2344.2,-16.996
2344.3,-16.996
2344.4,-14.996
2344.5,-17.995
2344.6,-17.995
2344.7,-16.996
2344.8,-22.994
2344.9,-23.994
2345.0,-25.994
2345.1,-23.994
2345.2,-20.995
2345.3,-20.995
2345.4,-25.994
2345.5,-24.994
2345.6,-22.994
2345.7,-23.994
2345.8,-24.994
2345.9,-23.994
2346.0,-23.994
2346.1,-28.993
2346.2,-28.993
2346.3,-28.993
2346.4,-26.993
2346.5,-30.992
2346.6,-27.993
2346.7,-28.993
2346.8,-32.992
2346.9,-28.993
2347.0,-32.992
2347.1,-32.992
2347.2,-33.992
2347.3,-31.992
2347.4,-28.993
2347.5,-32.992
2347.6,-31.992
2347.7,-33.992
2347.8,-31.992
2347.9,-31.992
2348.0,-35.991
2348.1,-31.992
2348.2,-30.992
2348.3,-28.993
2348.4,-31.992
2348.5,-32.992
2348.6,-31.992
2348.7,-28.993
2348.8,-32.992
2348.9,-26.993
2349.0,-26.993
2349.1,-26.993
2349.2,-25.994
2349.3,-26.993
2349.4,-25.994
2349.5,-22.994
2349.6,-23.994
2349.7,-22.994
2349.8,-23.994
2349.9,-25.994
2350.0,-20.995
2350.1,-20.995
2350.2,-19.995
2350.3,-18.995
2350.4,-17.995
2350.5,-15.996
2350.6,-16.996
2350.7,-16.996
2350.8,-15.996
2350.9,-13.997
2351.0,-9.998
2351.1,-8.998
2351.2,-10.997
2351.3,-9.998
2351.4,-10.997
2351.5,-5.998
2351.6,-6.998
2351.7,-1.0
2351.8,-2.0
2351.9,-1.0
2352.0,-1.0
2352.1,0.0
2352.2,2.999
2352.3,2.0
2352.4,1.0
2352.5,5.998
2352.6,5.998
2352.7,6.998
2352.8,7.998
2352.9,5.998
2353.0,4.999
2353.1,10.997
2353.2,9.998
2353.3,13.997
2353.4,11.997
2353.5,13.997
2353.6,16.996
2353.7,15.996
2353.8,18.995
2353.9,15.996
2354.0,18.995
2354.1,18.995
2354.2,19.995
2354.3,17.995
2354.4,20.995
2354.5,22.994
2354.6,18.995
2354.7,20.995
2354.8,24.994
2354.9,23.994
2355.0,25.994
2355.1,25.994
2355.2,25.994
2355.3,23.994
2355.4,27.993
2355.5,26.993
2355.6,28.993
2355.7,30.992
2355.8,28.993
2355.9,27.993
2356.0,24.994
2356.1,30.992
2356.2,32.992
2356.3,30.992
2356.4,32.992
2356.5,31.992
2356.6,30.992
2356.7,33.992
2356.8,32.992
2356.9,33.992
2357.0,33.992
2357.1,32.992
2357.2,33.992
2357.3,31.992
2357.4,34.991
2357.5,35.991
2357.6,33.992
2357.7,36.991
2357.8,36.991
2357.9,35.991
2358.0,34.991
2358.1,32.992
2358.2,31.992
2358.3,35.991
2358.4,33.992
2358.5,33.992
2358.6,33.992
2358.7,33.992
2358.8,30.992
2358.9,32.992
2359.0,39.99
2359.1,31.992
2359.2,30.992
2359.3,31.992
2359.4,30.992
2359.5,28.993
2359.6,24.994
2359.7,26.993
2359.8,26.993
2359.9,27.993
2360.0,26.993
2360.1,26.993
2360.2,18.995
2360.3,20.995
2360.4,24.994
2360.5,18.995
2360.6,19.995
2360.7,22.994
2360.8,17.995
2360.9,15.996
2361.0,13.997
2361.1,14.996
2361.2,14.996
2361.3,14.996
2361.4,14.996
2361.5,10.997
2361.6,7.998
2361.7,9.998
2361.8,7.998
2361.9,6.998
2362.0,2.0
2362.1,2.999
2362.2,2.999
2362.3,-1.0
2362.4,2.999
2362.5,-1.0
2362.6,0.0
2362.7,-2.999
2362.8,0.0
2362.9,-2.0
2363.0,-2.999
2363.1,-5.998
2363.2,-5.998
2363.3,-9.998
2363.4,-8.998
2363.5,-8.998
2363.6,-11.997
2363.7,-10.997
2363.8,-15.996
2363.9,-15.996
2364.0,-15.996
2364.1,-15.996
2364.2,-14.996
2364.3,-16.996
2364.4,-11.997
2364.5,-16.996
2364.6,-16.996
2364.7,-16.996
2364.8,-16.996
2364.9,-19.995
2365.0,-22.994
2365.1,-18.995
2365.2,-19.995
2365.3,-20.995
2365.4,-22.994
2365.5,-25.994
2365.6,-22.994
2365.7,-22.994
2365.8,-25.994
2365.9,-23.994
2366.0,-23.994
2366.1,-26.993
2366.2,-27.993
2366.3,-27.993
2366.4,-26.993
2366.5,-28.993
2366.6,-28.993
2366.7,-27.993
2366.8,-30.992
2366.9,-26.993
2367.0,-30.992
2367.1,-31.992
2367.2,-27.993
2367.3,-27.993
2367.4,-30.992
2367.5,-27.993
2367.6,-31.992
2367.7,-33.992
2367.8,-31.992
2367.9,-30.992
2368.0,-34.991
2368.1,-31.992
2368.2,-34.991
2368.3,-30.992
2368.4,-28.993
2368.5,-30.992
2368.6,-30.992
2368.7,-30.992
2368.8,-25.994
2368.9,-26.993
2369.0,-24.994
2369.1,-28.993
2369.2,-30.992
2369.3,-28.993
2369.4,-24.994
2369.5,-25.994
2369.6,-22.994
2369.7,-20.995
2369.8,-22.994
2369.9,-19.995
2370.0,-20.995
2370.1,-17.995
2370.2,-19.995
2370.3,-18.995
2370.4,-16.996
2370.5,-16.996
2370.6,-13.997
2370.7,-14.996
2370.8,-13.997
2370.9,-11.997
2371.0,-9.998
2371.1,-9.998
2371.2,-9.998
2371.3,-8.998
2371.4,-5.998
2371.5,-2.0
2371.6,-4.999
2371.7,-1.0
2371.8,-6.998
2371.9,-2.0
2372.0,0.0
2372.1,1.0
2372.2,0.0
2372.3,4.999
2372.4,7.998
2372.5,2.999
2372.6,7.998
2372.7,6.998
2372.8,8.998
2372.9,8.998
2373.0,5.998
2373.1,11.997
2373.2,11.997
2373.3,15.996
2373.4,13.997
2373.5,14.996
2373.6,14.996
2373.7,17.995
2373.8,18.995
2373.9,19.995
2374.0,18.995
2374.1,17.995
2374.2,16.996
2374.3,17.995
2374.4,20.995
2374.5,23.994
2374.6,25.994
2374.7,26.993
2374.8,26.993
2374.9,25.994
2375.0,27.993
2375.1,26.993
2375.2,28.993
2375.3,30.992
2375.4,28.993
2375.5,31.992
2375.6,30.992
2375.7,27.993
2375.8,31.992
2375.9,26.993
2376.0,30.992
2376.1,30.992
2376.2,31.992
2376.3,33.992
2376.4,35.991
2376.5,34.991
2376.6,32.992
2376.7,35.991
2376.8,34.991
2376.9,34.991
2377.0,35.991
2377.1,35.991
2377.2,35.991
2377.3,36.991
2377.4,37.991
2377.5,36.991
2377.6,32.992
2377.7,40.99
2377.8,37.991
2377.9,36.991
2378.0,37.991
2378.1,34.991
2378.2,32.992
2378.3,35.991
2378.4,34.991
2378.5,34.991
2378.6,31.992
2378.7,32.992
2378.8,33.992
2378.9,32.992
2379.0,32.992
2379.1,32.992
2379.2,30.992
2379.3,31.992
2379.4,30.992
2379.5,26.993
2379.6,26.993
2379.7,27.993
2379.8,25.994
2379.9,27.993
2380.0,23.994
2380.1,25.994
2380.2,23.994
2380.3,23.994
2380.4,23.994
2380.5,18.995
2380.6,20.995
2380.7,16.996
2380.8,17.995
2380.9,19.995
2381.0,15.996
2381.1,15.996
2381.2,14.996
2381.3,9.998
2381.4,9.998
2381.5,10.997
2381.6,7.998
2381.7,7.998
2381.8,5.998
2381.9,4.999
2382.0,4.999
2382.1,4.999
2382.2,-2.0
2382.3,0.0
2382.4,-2.999
2382.5,-2.0
2382.6,0.0
2382.7,-2.999
2382.8,-1.0
2382.9,-5.998
2383.0,-4.999
2383.1,-8.998
2383.2,-7.998
2383.3,-4.999
2383.4,-10.997
2383.5,-10.997
2383.6,-13.997
2383.7,-16.996
2383.8,-16.996
2383.9,-14.996
2384.0,-16.996
2384.1,-15.996
2384.2,-15.996
2384.3,-19.995
2384.4,-18.995
2384.5,-17.995
2384.6,-19.995
2384.7,-20.995
2384.8,-20.995
2384.9,-20.995
2385.0,-23.994
2385.1,-27.993
2385.2,-22.994
2385.3,-24.994
2385.4,-23.994
2385.5,-23.994
2385.6,-27.993
2385.7,-26.993
2385.8,-22.994
2385.9,-26.993
2386.0,-25.994
2386.1,-28.993
2386.2,-31.992
2386.3,-31.992
2386.4,-26.993
2386.5,-30.992
2386.6,-31.992
2386.7,-28.993
2386.8,-32.992
2386.9,-31.992
2387.0,-30.992
2387.1,-30.992
2387.2,-31.992
2387.3,-33.992
2387.4,-30.992
2387.5,-31.992
2387.6,-31.992
2387.7,-30.992
2387.8,-34.991
2387.9,-35.991
2388.0,-30.992
2388.1,-34.991
2388.2,-28.993
2388.3,-30.992
2388.4,-27.993
2388.5,-32.992
2388.6,-30.992
2388.7,-30.992
2388.8,-31.992
2388.9,-27.993
2389.0,-26.993
2389.1,-27.993
2389.2,-26.993
2389.3,-27.993
2389.4,-26.993
2389.5,-23.994
2389.6,-24.994
2389.7,-18.995
2389.8,-20.995
2389.9,-20.995
2390.0,-20.995
2390.1,-18.995
2390.2,-15.996
2390.3,-17.995
2390.4,-16.996
2390.5,-15.996
2390.6,-19.995
2390.7,-14.996
2390.8,-11.997
2390.9,-15.996
2391.0,-9.998
2391.1,-10.997
2391.2,-14.996
2391.3,-5.998
2391.4,-6.998
2391.5,-5.998
2391.6,-6.998
2391.7,-7.998
2391.8,-4.999
2391.9,-2.999
2392.0,-2.0
2392.1,2.999
2392.2,0.0
2392.3,4.999
2392.4,6.998
2392.5,8.998
2392.6,6.998
2392.7,9.998
2392.8,9.998
2392.9,8.998
2393.0,8.998
2393.1,14.996
2393.2,11.997
2393.3,14.996
2393.4,15.996
2393.5,14.996
2393.6,16.996
2393.7,20.995
2393.8,15.996
2393.9,20.995
2394.0,19.995
2394.1,17.995
2394.2,22.994
2394.3,22.994
2394.4,25.994
2394.5,22.994
2394.6,19.995
2394.7,23.994
2394.8,24.994
2394.9,27.993
2395.0,27.993
2395.1,28.993
2395.2,26.993
2395.3,27.993
2395.4,26.993
2395.5,30.992
2395.6,26.993
2395.7,32.992
2395.8,30.992
2395.9,32.992
2396.0,27.993
2396.1,30.992
2396.2,32.992
2396.3,31.992
2396.4,32.992
2396.5,31.992
2396.6,32.992
2396.7,32.992
2396.8,36.991
2396.9,33.992
2397.0,35.991
2397.1,35.991
2397.2,35.991
2397.3,34.991
2397.4,36.991
2397.5,39.99
2397.6,34.991
2397.7,37.991
2397.8,34.991
2397.9,36.991
2398.0,35.991
2398.1,34.991
2398.2,33.992
2398.3,33.992
2398.4,33.992
2398.5,35.991
2398.6,33.992
2398.7,34.991
2398.8,32.992
2398.9,31.992
2399.0,28.993
2399.1,31.992
2399.2,33.992
2399.3,28.993
2399.4,26.993
2399.5,31.992
2399.6,27.993
2399.7,24.994
2399.8,23.994
2399.9,24.994
2400.0,23.994
2400.1,23.994
2400.2,23.994
2400.3,19.995
2400.4,20.995
2400.5,19.995
2400.6,19.995
2400.7,16.996
2400.8,16.996
2400.9,14.996
2401.0,17.995
2401.1,14.996
2401.2,13.997
2401.3,14.996
2401.4,9.998
2401.5,9.998
2401.6,10.997
2401.7,8.998
2401.8,7.998
2401.9,5.998
2402.0,0.0
2402.1,5.998
2402.2,2.999
2402.3,1.0
2402.4,0.0
2402.5,-1.0
2402.6,-4.999
2402.7,-2.0
2402.8,-2.0
2402.9,-5.998
2403.0,-5.998
2403.1,-4.999
2403.2,-9.998
2403.3,-7.998
2403.4,-13.997
2403.5,-10.997
2403.6,-13.997
2403.7,-15.996
2403.8,-15.996
2403.9,-13.997
2404.0,-16.996
2404.1,-17.995
2404.2,-16.996
2404.3,-18.995
2404.4,-17.995
2404.5,-18.995
2404.6,-20.995
2404.7,-20.995
2404.8,-18.995
2404.9,-20.995
2405.0,-23.994
2405.1,-22.994
2405.2,-24.994
2405.3,-22.994
2405.4,-23.994
2405.5,-24.994
2405.6,-24.994
2405.7,-20.995
2405.8,-26.993
2405.9,-26.993
2406.0,-24.994
2406.1,-28.993
2406.2,-27.993
2406.3,-30.992
2406.4,-30.992
2406.5,-26.993
2406.6,-30.992
2406.7,-30.992
2406.8,-34.991
2406.9,-28.993
2407.0,-27.993
2407.1,-31.992
2407.2,-32.992
2407.3,-28.993
2407.4,-31.992
2407.5,-33.992
2407.6,-31.992
2407.7,-32.992
2407.8,-33.992
2407.9,-34.991
2408.0,-33.992
2408.1,-33.992
2408.2,-32.992
2408.3,-33.992
2408.4,-26.993
2408.5,-31.992
2408.6,-30.992
2408.7,-27.993
2408.8,-26.993
2408.9,-31.992
2409.0,-27.993
2409.1,-25.994
2409.2,-26.993
2409.3,-30.992
2409.4,-23.994
2409.5,-24.994
2409.6,-26.993
2409.7,-23.994
2409.8,-23.994
2409.9,-22.994
2410.0,-20.995
2410.1,-19.995
2410.2,-17.995
2410.3,-17.995
2410.4,-19.995
2410.5,-15.996
2410.6,-14.996
2410.7,-16.996
2410.8,-11.997
2410.9,-10.997
2411.0,-8.998
2411.1,-9.998
2411.2,-14.996
2411.3,-6.998
2411.4,-2.999
2411.5,-4.999
2411.6,-2.0
2411.7,-5.998
2411.8,-4.999
2411.9,-4.999
2412.0,-1.0
2412.1,2.0
2412.2,5.998
2412.3,5.998
2412.4,5.998
2412.5,7.998
2412.6,9.998
2412.7,6.998
2412.8,8.998
2412.9,8.998
2413.0,7.998
2413.1,14.996
2413.2,9.998
2413.3,15.996
2413.4,14.996
2413.5,17.995
2413.6,18.995
2413.7,17.995
2413.8,16.996
2413.9,18.995
2414.0,22.994
2414.1,20.995
2414.2,22.994
2414.3,23.994
2414.4,24.994
2414.5,20.995
2414.6,24.994
2414.7,25.994
2414.8,24.994
2414.9,26.993
2415.0,23.994
2415.1,28.993
2415.2,27.993
2415.3,27.993
2415.4,27.993
2415.5,30.992
2415.6,27.993
2415.7,30.992
2415.8,27.993
2415.9,31.992
2416.0,26.993
2416.1,33.992
2416.2,30.992
2416.3,30.992
2416.4,34.991
2416.5,32.992
2416.6,36.991
2416.7,33.992
2416.8,36.991
2416.9,36.991
2417.0,34.991
2417.1,36.991
2417.2,35.991
2417.3,36.991
2417.4,36.991
2417.5,34.991
2417.6,37.991
2417.7,39.99
2417.8,35.991
2417.9,37.991
2418.0,37.991
2418.1,37.991
2418.2,37.991
2418.3,37.991
2418.4,33.992
2418.5,32.992
2418.6,33.992
2418.7,37.991
2418.8,31.992
2418.9,33.992
2419.0,32.992
2419.1,32.992
2419.2,32.992
2419.3,30.992
2419.4,30.992
2419.5,30.992
2419.6,27.993
2419.7,32.992
2419.8,25.994
2419.9,28.993
2420.0,24.994
2420.1,23.994
2420.2,22.994
2420.3,24.994
2420.4,23.994
2420.5,20.995
2420.6,18.995
2420.7,17.995
2420.8,19.995
2420.9,17.995
2421.0,20.995
2421.1,11.997
2421.2,13.997
2421.3,9.998
2421.4,10.997
2421.5,8.998
2421.6,9.998
2421.7,5.998
2421.8,7.998
2421.9,5.998
2422.0,2.0
2422.1,5.998
2422.2,4.999
2422.3,1.0
2422.4,0.0
2422.5,-2.0
2422.6,-2.0
2422.7,-4.999
2422.8,-5.998
2422.9,-7.998
2423.0,-7.998
2423.1,-8.998
2423.2,-5.998
2423.3,-9.998
2423.4,-8.998
2423.5,-9.998
2423.6,-9.998
2423.7,-9.998
2423.8,-15.996
2423.9,-16.996
2424.0,-14.996
2424.1,-10.997
2424.2,-18.995
2424.3,-16.996
2424.4,-15.996
2424.5,-17.995
2424.6,-14.996
2424.7,-20.995
2424.8,-24.994
2424.9,-19.995
2425.0,-19.995
2425.1,-20.995
2425.2,-24.994
2425.3,-24.994
2425.4,-23.994
2425.5,-23.994
2425.6,-24.994
2425.7,-26.993
2425.8,-23.994
2425.9,-23.994
2426.0,-23.994
2426.1,-26.993
2426.2,-28.993
2426.3,-26.993
2426.4,-26.993
2426.5,-27.993
2426.6,-25.994
2426.7,-32.992
2426.8,-25.994
2426.9,-28.993
2427.0,-27.993
2427.1,-30.992
2427.2,-30.992
2427.3,-30.992
2427.4,-32.992
2427.5,-31.992
2427.6,-30.992
2427.7,-31.992
2427.8,-31.992
2427.9,-32.992
2428.0,-34.991
2428.1,-28.993
2428.2,-31.992
2428.3,-30.992
2428.4,-28.993
2428.5,-27.993
2428.6,-32.992
2428.7,-31.992
2428.8,-25.994
2428.9,-28.993
2429.0,-27.993
2429.1,-27.993
2429.2,-26.993
2429.3,-25.994
2429.4,-25.994
2429.5,-25.994
2429.6,-24.994
2429.7,-24.994
2429.8,-26.993
2429.9,-23.994
2430.0,-17.995
2430.1,-19.995
2430.2,-18.995
2430.3,-18.995
2430.4,-17.995
2430.5,-19.995
2430.6,-17.995
2430.7,-17.995
2430.8,-14.996
2430.9,-13.997
2431.0,-11.997
2431.1,-16.996
2431.2,-8.998
2431.3,-7.998
2431.4,-6.998
2431.5,-8.998
2431.6,-6.998
2431.7,-5.998
2431.8,-4.999
2431.9,0.0
2432.0,-4.999
2432.1,-2.999
2432.2,-2.0
2432.3,1.0
2432.4,2.0
2432.5,2.999
2432.6,7.998
2432.7,6.998
2432.8,10.997
2432.9,6.998
2433.0,8.998
2433.1,9.998
2433.2,8.998
2433.3,8.998
2433.4,10.997
2433.5,13.997
2433.6,14.996
2433.7,15.996
2433.8,17.995
2433.9,19.995
2434.0,16.996
2434.1,16.996
2434.2,18.995
2434.3,15.996
2434.4,20.995
2434.5,18.995
2434.6,19.995
2434.7,18.995
2434.8,24.994
2434.9,18.995
2435.0,23.994
2435.1,25.994
2435.2,28.993
2435.3,25.994
2435.4,25.994
2435.5,26.993
2435.6,28.993
2435.7,26.993
2435.8,28.993
2435.9,27.993
2436.0,24.994
2436.1,30.992
2436.2,30.992
2436.3,28.993
2436.4,28.993
2436.5,28.993
2436.6,28.993
2436.7,27.993
2436.8,32.992
2436.9,32.992
2437.0,33.992
2437.1,30.992
2437.2,32.992
2437.3,32.992
2437.4,35.991
2437.5,34.991
2437.6,33.992
2437.7,36.991
2437.8,34.991
2437.9,33.992
2438.0,34.991
2438.1,39.99
2438.2,35.991
2438.3,33.992
2438.4,35.991
2438.5,33.992
2438.6,36.991
2438.7,35.991
2438.8,32.992
2438.9,32.992
2439.0,32.992
2439.1,32.992
2439.2,30.992
2439.3,31.992
2439.4,27.993
2439.5,27.993
2439.6,27.993
2439.7,28.993
2439.8,26.993
2439.9,27.993
2440.0,24.994
2440.1,23.994
2440.2,20.995
2440.3,24.994
2440.4,25.994
2440.5,24.994
2440.6,22.994
2440.7,17.995
2440.8,18.995
2440.9,19.995
2441.0,18.995
2441.1,14.996
2441.2,14.996
2441.3,11.997
2441.4,11.997
2441.5,9.998
2441.6,13.997
2441.7,7.998
2441.8,6.998
2441.9,6.998
2442.0,4.999
2442.1,4.999
2442.2,4.999
2442.3,2.999
2442.4,1.0
2442.5,-1.0
2442.6,-2.0
2442.7,-2.0
2442.8,-2.0
2442.9,-2.999
2443.0,-2.999
2443.1,-2.999
2443.2,-7.998
2443.3,-8.998
2443.4,-7.998
2443.5,-9.998
2443.6,-11.997
2443.7,-10.997
2443.8,-11.997
2443.9,-13.997
2444.0,-14.996
2444.1,-13.997
2444.2,-14.996
2444.3,-15.996
2444.4,-16.996
2444.5,-16.996
2444.6,-16.996
2444.7,-17.995
2444.8,-18.995
2444.9,-18.995
2445.0,-20.995
2445.1,-19.995
2445.2,-18.995
2445.3,-22.994
2445.4,-20.995
2445.5,-23.994
2445.6,-24.994
2445.7,-23.994
2445.8,-20.995
2445.9,-23.994
2446.0,-27.993
2446.1,-19.995
2446.2,-24.994
2446.3,-26.993
2446.4,-24.994
2446.5,-24.994
2446.6,-27.993
2446.7,-28.993
2446.8,-26.993
2446.9,-24.994
2447.0,-27.993
2447.1,-26.993
2447.2,-30.992
2447.3,-28.993
2447.4,-26.993
2447.5,-27.993
2447.6,-33.992
2447.7,-30.992
2447.8,-30.992
2447.9,-31.992
2448.0,-28.993
2448.1,-30.992
2448.2,-28.993
2448.3,-30.992
2448.4,-33.992
2448.5,-26.993
2448.6,-26.993
2448.7,-28.993
2448.8,-28.993
2448.9,-25.994
2449.0,-25.994
2449.1,-24.994
2449.2,-26.993
2449.3,-27.993
2449.4,-24.994
2449.5,-23.994
2449.6,-25.994
2449.7,-24.994
2449.8,-20.995
2449.9,-20.995
2450.0,-17.995
2450.1,-17.995
2450.2,-18.995
2450.3,-18.995
2450.4,-17.995
2450.5,-17.995
2450.6,-15.996
2450.7,-18.995
2450.8,-11.997
2450.9,-11.997
2451.0,-11.997
2451.1,-8.998
2451.2,-6.998
2451.3,-5.998
2451.4,-6.998
2451.5,-5.998
2451.6,-2.0
2451.7,-2.0
2451.8,-2.999
2451.9,-1.0
2452.0,0.0
2452.1,0.0
2452.2,2.999
2452.3,-1.0
2452.4,4.999
2452.5,2.0
2452.6,7.998
2452.7,7.998
2452.8,9.998
2452.9,11.997
2453.0,8.998
2453.1,8.998
2453.2,11.997
2453.3,10.997
2453.4,10.997
2453.5,15.996
2453.6,14.996
2453.7,16.996
2453.8,18.995
2453.9,17.995
2454.0,17.995
2454.1,19.995
2454.2,20.995
2454.3,20.995
2454.4,20.995
2454.5,22.994
2454.6,23.994
2454.7,25.994
2454.8,24.994
2454.9,26.993
2455.0,23.994
2455.1,22.994
2455.2,26.993
2455.3,25.994
2455.4,25.994
2455.5,26.993
2455.6,28.993
2455.7,31.992
2455.8,30.992
2455.9,30.992
2456.0,30.992
2456.1,26.993
2456.2,28.993
2456.3,32.992
2456.4,32.992
2456.5,31.992
2456.6,34.991
2456.7,31.992
2456.8,33.992
2456.9,34.991
2457.0,32.992
2457.1,34.991
2457.2,35.991
2457.3,34.991
2457.4,35.991
2457.5,37.991
2457.6,33.992
2457.7,36.991
2457.8,34.991
2457.9,37.991
2458.0,34.991
2458.1,39.99
2458.2,36.991
2458.3,34.991
2458.4,34.991
2458.5,34.991
2458.6,32.992
2458.7,31.992
2458.8,30.992
2458.9,33.992
2459.0,31.992
2459.1,28.993
2459.2,31.992
2459.3,27.993
2459.4,27.993
2459.5,28.993
2459.6,28.993
2459.7,26.993
2459.8,27.993
2459.9,26.993
2460.0,24.994
2460.1,24.994
2460.2,18.995
2460.3,20.995
2460.4,17.995
2460.5,19.995
2460.6,18.995
2460.7,17.995
2460.8,16.996
2460.9,16.996
2461.0,11.997
2461.1,11.997
2461.2,11.997
2461.3,11.997
2461.4,7.998
2461.5,6.998
2461.6,5.998
2461.7,8.998
2461.8,6.998
2461.9,8.998
2462.0,2.999
2462.1,1.0
2462.2,4.999
2462.3,2.0
2462.4,1.0
2462.5,1.0
2462.6,-2.999
2462.7,-4.999
2462.8,-4.999
2462.9,-8.998
2463.0,-7.998
2463.1,-8.998
2463.2,-7.998
2463.3,-13.997
2463.4,-13.997
2463.5,-10.997
2463.6,-10.997
2463.7,-13.997
2463.8,-14.996
2463.9,-15.996
2464.0,-16.996
2464.1,-15.996
2464.2,-23.994
2464.3,-17.995
2464.4,-15.996
2464.5,-22.994
2464.6,-22.994
2464.7,-19.995
2464.8,-17.995
2464.9,-20.995
2465.0,-22.994
2465.1,-23.994
2465.2,-22.994
2465.3,-23.994
2465.4,-28.993
2465.5,-26.993
2465.6,-24.994
2465.7,-25.994
2465.8,-25.994
2465.9,-27.993
2466.0,-27.993
2466.1,-27.993
2466.2,-25.994
2466.3,-28.993
2466.4,-30.992
2466.5,-28.993
2466.6,-27.993
2466.7,-27.993
2466.8,-30.992
2466.9,-30.992
2467.0,-32.992
2467.1,-30.992
2467.2,-31.992
2467.3,-30.992
2467.4,-30.992
2467.5,-33.992
2467.6,-32.992
2467.7,-30.992
2467.8,-33.992
2467.9,-33.992
2468.0,-31.992
2468.1,-32.992
2468.2,-28.993
2468.3,-30.992
2468.4,-30.992
2468.5,-27.993
2468.6,-32.992
2468.7,-28.993
2468.8,-27.993
2468.9,-27.993
2469.0,-27.993
2469.1,-26.993
2469.2,-23.994
2469.3,-27.993
2469.4,-25.994
2469.5,-24.994
2469.6,-22.994
2469.7,-23.994
2469.8,-27.993
2469.9,-22.994
2470.0,-18.995
2470.1,-16.996
2470.2,-18.995
2470.3,-19.995
2470.4,-16.996
2470.5,-14.996
2470.6,-16.996
2470.7,-14.996
2470.8,-15.996
2470.9,-11.997
2471.0,-10.997
2471.1,-8.998
2471.2,-7.998
2471.3,-5.998
2471.4,-5.998
2471.5,-2.0
2471.6,-2.999
2471.7,-2.0
2471.8,-2.0
2471.9,-1.0
2472.0,-2.0
2472.1,-1.0
2472.2,-1.0
2472.3,2.0
2472.4,1.0
2472.5,4.999
2472.6,6.998
2472.7,7.998
2472.8,7.998
2472.9,10.997
2473.0,10.997
2473.1,14.996
2473.2,11.997
2473.3,10.997
2473.4,9.998
2473.5,11.997
2473.6,11.997
2473.7,19.995
2473.8,19.995
2473.9,16.996
2474.0,18.995
2474.1,22.994
2474.2,23.994
2474.3,22.994
2474.4,23.994
2474.5,24.994
2474.6,23.994
2474.7,25.994
2474.8,23.994
2474.9,23.994
2475.0,25.994
2475.1,26.993
2475.2,24.994
2475.3,30.992
2475.4,28.993
2475.5,26.993
2475.6,27.993
2475.7,27.993
2475.8,30.992
2475.9,28.993
2476.0,30.992
2476.1,31.992
2476.2,30.992
2476.3,32.992
2476.4,31.992
2476.5,33.992
2476.6,33.992
2476.7,32.992
2476.8,33.992
2476.9,31.992
2477.0,31.992
2477.1,34.991
2477.2,35.991
2477.3,41.989
2477.4,35.991
2477.5,35.991
2477.6,35.991
2477.7,33.992
2477.8,36.991
2477.9,34.991
2478.0,36.991
2478.1,40.99
2478.2,35.991
2478.3,33.992
2478.4,34.991
2478.5,40.99
2478.6,33.992
2478.7,31.992
2478.8,30.992
2478.9,30.992
2479.0,30.992
2479.1,31.992
2479.2,32.992
2479.3,27.993
2479.4,30.992
2479.5,30.992
2479.6,31.992
2479.7,28.993
2479.8,27.993
2479.9,30.992
2480.0,26.993
2480.1,23.994
2480.2,24.994
2480.3,23.994
2480.4,25.994
2480.5,23.994
2480.6,23.994
2480.7,23.994
2480.8,14.996
2480.9,15.996
2481.0,16.996
2481.1,16.996
2481.2,14.996
2481.3,13.997
2481.4,15.996
2481.5,9.998
2481.6,10.997
2481.7,5.998
2481.8,5.998
2481.9,4.999
2482.0,4.999
2482.1,2.999
2482.2,2.999
2482.3,0.0
2482.4,2.0
2482.5,0.0
2482.6,0.0
2482.7,-1.0
2482.8,-2.999
2482.9,-4.999
2483.0,-6.998
2483.1,-6.998
2483.2,-11.997
2483.3,-7.998
2483.4,-10.997
2483.5,-10.997
2483.6,-10.997
2483.7,-13.997
2483.8,-13.997
2483.9,-16.996
2484.0,-15.996
2484.1,-13.997
2484.2,-15.996
2484.3,-16.996
2484.4,-17.995
2484.5,-23.994
2484.6,-19.995
2484.7,-22.994
2484.8,-19.995
2484.9,-18.995
2485.0,-19.995
2485.1,-23.994
2485.2,-25.994
2485.3,-22.994
2485.4,-25.994
2485.5,-25.994
2485.6,-23.994
2485.7,-24.994
2485.8,-24.994
2485.9,-24.994
2486.0,-26.993
2486.1,-25.994
2486.2,-26.993
2486.3,-28.993
2486.4,-28.993
2486.5,-27.993
2486.6,-28.993
2486.7,-30.992
2486.8,-30.992
2486.9,-33.992
2487.0,-33.992
2487.1,-32.992
2487.2,-28.993
2487.3,-30.992
2487.4,-34.991
2487.5,-33.992
2487.6,-32.992
2487.7,-34.991
2487.8,-32.992
2487.9,-31.992
2488.0,-33.992
2488.1,-31.992
2488.2,-36.991
2488.3,-32.992
2488.4,-32.992
2488.5,-30.992
2488.6,-26.993
2488.7,-30.992
2488.8,-28.993
2488.9,-27.993
2489.0,-27.993
2489.1,-25.994
2489.2,-27.993
2489.3,-22.994
2489.4,-26.993
2489.5,-20.995
2489.6,-24.994
2489.7,-23.994
2489.8,-22.994
2489.9,-22.994
2490.0,-20.995
2490.1,-16.996
2490.2,-18.995
2490.3,-16.996
2490.4,-18.995
2490.5,-18.995
2490.6,-17.995
2490.7,-11.997
2490.8,-13.997
2490.9,-13.997
2491.0,-10.997
2491.1,-9.998
2491.2,-7.998
2491.3,-5.998
2491.4,-6.998
2491.5,-2.0
2491.6,1.0
2491.7,-2.0
2491.8,-2.0
2491.9,0.0
2492.0,2.0
2492.1,1.0
2492.2,1.0
2492.3,5.998
2492.4,2.999
2492.5,8.998
2492.6,5.998
2492.7,6.998
2492.8,10.997
2492.9,8.998
2493.0,9.998
2493.1,9.998
2493.2,14.996
2493.3,11.997
2493.4,13.997
2493.5,14.996
2493.6,16.996
2493.7,18.995
2493.8,20.995
2493.9,18.995
2494.0,18.995
2494.1,18.995
2494.2,23.994
2494.3,20.995
2494.4,23.994
2494.5,22.994
2494.6,24.994
2494.7,23.994
2494.8,23.994
2494.9,26.993
2495.0,26.993
2495.1,25.994
2495.2,24.994
2495.3,26.993
2495.4,25.994
2495.5,26.993
2495.6,30.992
2495.7,31.992
2495.8,30.992
2495.9,31.992
2496.0,28.993
2496.1,32.992
2496.2,31.992
2496.3,33.992
2496.4,30.992
2496.5,32.992
2496.6,35.991
2496.7,35.991
2496.8,34.991
2496.9,34.991
2497.0,33.992
2497.1,34.991
2497.2,34.991
2497.3,36.991
2497.4,36.991
2497.5,36.991
2497.6,36.991
2497.7,35.991
2497.8,34.991
2497.9,35.991
2498.0,36.991
2498.1,36.991
2498.2,36.991
2498.3,33.992
2498.4,34.991
2498.5,34.991
2498.6,35.991
2498.7,33.992
2498.8,30.992
2498.9,32.992
2499.0,32.992
2499.1,32.992
2499.2,31.992
2499.3,26.993
2499.4,28.993
2499.5,31.992
2499.6,30.992
2499.7,24.994
2499.8,26.993
2499.9,25.994
2500.0,25.994
2500.1,22.994
2500.2,24.994
2500.3,24.994
2500.4,19.995
2500.5,24.994
2500.6,20.995
2500.7,20.995
2500.8,17.995
2500.9,18.995
2501.0,19.995
2501.1,13.997
2501.2,14.996
2501.3,13.997
2501.4,11.997
2501.5,13.997
2501.6,9.998
2501.7,5.998
2501.8,9.998
2501.9,4.999
2502.0,4.999
2502.1,2.999
2502.2,2.999
2502.3,0.0
2502.4,0.0
2502.5,2.0
2502.6,0.0
2502.7,-1.0
2502.8,-4.999
2502.9,-4.999
2503.0,-7.998
2503.1,-8.998
2503.2,-6.998
2503.3,-7.998
2503.4,-10.997
2503.5,-9.998
2503.6,-9.998
2503.7,-13.997
2503.8,-15.996
2503.9,-14.996
2504.0,-16.996
2504.1,-14.996
2504.2,-15.996
2504.3,-18.995
2504.4,-18.995
2504.5,-16.996
2504.6,-18.995
2504.7,-18.995
2504.8,-18.995
2504.9,-19.995
2505.0,-19.995
2505.1,-18.995
2505.2,-18.995
2505.3,-23.994
2505.4,-24.994
2505.5,-26.993
2505.6,-22.994
2505.7,-26.993
2505.8,-25.994
2505.9,-25.994
2506.0,-25.994
2506.1,-26.993
2506.2,-27.993
2506.3,-28.993
2506.4,-25.994
2506.5,-28.993
2506.6,-27.993
2506.7,-26.993
2506.8,-30.992
2506.9,-33.992
2507.0,-30.992
2507.1,-32.992
2507.2,-32.992
2507.3,-28.993
2507.4,-31.992
2507.5,-30.992
2507.6,-33.992
2507.7,-33.992
2507.8,-30.992
2507.9,-32.992
2508.0,-32.992
2508.1,-30.992
2508.2,-32.992
2508.3,-32.992
2508.4,-32.992
2508.5,-28.993
2508.6,-31.992
2508.7,-27.993
2508.8,-26.993
2508.9,-26.993
2509.0,-24.994
2509.1,-26.993
2509.2,-25.994
2509.3,-24.994
2509.4,-23.994
2509.5,-24.994
2509.6,-22.994
2509.7,-23.994
2509.8,-23.994
2509.9,-20.995
2510.0,-20.995
2510.1,-19.995
2510.2,-18.995
2510.3,-19.995
2510.4,-15.996
2510.5,-19.995
2510.6,-16.996
2510.7,-16.996
2510.8,-10.997
2510.9,-10.997
2511.0,-13.997
2511.1,-8.998
2511.2,-9.998
2511.3,-7.998
2511.4,-7.998
2511.5,-5.998
2511.6,-5.998
2511.7,-2.999
2511.8,-2.0
2511.9,-1.0
2512.0,2.0
2512.1,2.0
2512.2,1.0
2512.3,2.0
2512.4,2.999
2512.5,6.998
2512.6,2.0
2512.7,6.998
2512.8,7.998
2512.9,8.998
2513.0,13.997
2513.1,9.998
2513.2,11.997
2513.3,11.997
2513.4,11.997
2513.5,15.996
2513.6,14.996
2513.7,14.996
2513.8,20.995
2513.9,18.995
2514.0,19.995
2514.1,18.995
2514.2,20.995
2514.3,20.995
2514.4,19.995
2514.5,19.995
2514.6,22.994
2514.7,20.995
2514.8,20.995
2514.9,25.994
2515.0,22.994
2515.1,25.994
2515.2,22.994
2515.3,24.994
2515.4,27.993
2515.5,26.993
2515.6,26.993
2515.7,24.994
2515.8,27.993
2515.9,27.993
2516.0,27.993
2516.1,30.992
2516.2,26.993
2516.3,27.993
2516.4,32.992
2516.5,35.991
2516.6,31.992
2516.7,34.991
2516.8,32.992
2516.9,36.991
2517.0,32.992
2517.1,35.991
2517.2,33.992
2517.3,34.991
2517.4,33.992
2517.5,36.991
2517.6,31.992
2517.7,36.991
2517.8,36.991
2517.9,32.992
2518.0,33.992
2518.1,36.991
2518.2,34.991
2518.3,32.992
2518.4,33.992
2518.5,35.991
2518.6,31.992
2518.7,30.992
2518.8,32.992
2518.9,32.992
2519.0,32.992
2519.1,31.992
2519.2,31.992
2519.3,30.992
2519.4,30.992
2519.5,27.993
2519.6,26.993
2519.7,27.993
2519.8,27.993
2519.9,25.994
2520.0,25.994
2520.1,25.994
2520.2,24.994
2520.3,23.994
2520.4,18.995
2520.5,16.996
2520.6,19.995
2520.7,17.995
2520.8,19.995
2520.9,20.995
2521.0,13.997
2521.1,16.996
2521.2,13.997
2521.3,15.996
2521.4,13.997
2521.5,8.998
2521.6,4.999
2521.7,9.998
2521.8,9.998
2521.9,5.998
2522.0,5.998
2522.1,1.0
2522.2,4.999
2522.3,2.999
2522.4,2.999
2522.5,2.0
2522.6,0.0
2522.7,-2.0
2522.8,-2.999
2522.9,-4.999
2523.0,-8.998
2523.1,-8.998
2523.2,-8.998
2523.3,-7.998
2523.4,-9.998
2523.5,-8.998
2523.6,-13.997
2523.7,-13.997
2523.8,-14.996
2523.9,-14.996
2524.0,-13.997
2524.1,-16.996
2524.2,-16.996
2524.3,-14.996
2524.4,-16.996
2524.5,-17.995
2524.6,-16.996
2524.7,-16.996
2524.8,-22.994
2524.9,-22.994
2525.0,-18.995
2525.1,-18.995
2525.2,-19.995
2525.3,-18.995
2525.4,-18.995
2525.5,-23.994
2525.6,-20.995
2525.7,-27.993
2525.8,-28.993
2525.9,-23.994
2526.0,-27.993
2526.1,-26.993
2526.2,-26.993
2526.3,-26.993
2526.4,-28.993
2526.5,-25.994
2526.6,-28.993
2526.7,-27.993
2526.8,-26.993
2526.9,-27.993
2527.0,-31.992
2527.1,-30.992
2527.2,-33.992
2527.3,-30.992
2527.4,-27.993
2527.5,-27.993
2527.6,-30.992
2527.7,-31.992
2527.8,-32.992
2527.9,-28.993
2528.0,-30.992
2528.1,-28.993
2528.2,-34.991
2528.3,-30.992
2528.4,-30.992
2528.5,-33.992
2528.6,-25.994
2528.7,-27.993
2528.8,-27.993
2528.9,-28.993
2529.0,-24.994
2529.1,-26.993
2529.2,-22.994
2529.3,-26.993
2529.4,-27.993
2529.5,-24.994
2529.6,-25.994
2529.7,-23.994
2529.8,-19.995
2529.9,-19.995
2530.0,-19.995
2530.1,-22.994
2530.2,-18.995
2530.3,-15.996
2530.4,-14.996
2530.5,-15.996
2530.6,-14.996
2530.7,-13.997
2530.8,-8.998
2530.9,-16.996
2531.0,-11.997
2531.1,-9.998
2531.2,-5.998
2531.3,-10.997
2531.4,-8.998
2531.5,-5.998
2531.6,-5.998
2531.7,-2.0
2531.8,-2.999
2531.9,1.0
2532.0,1.0
2532.1,-1.0
2532.2,2.0
2532.3,4.999
2532.4,2.0
2532.5,2.999
2532.6,4.999
2532.7,4.999
2532.8,7.998
2532.9,8.998
2533.0,13.997
2533.1,10.997
2533.2,13.997
2533.3,11.997
2533.4,9.998
2533.5,14.996
2533.6,17.995
2533.7,15.996
2533.8,16.996
2533.9,15.996
2534.0,19.995
2534.1,19.995
2534.2,20.995
2534.3,24.994
2534.4,22.994
2534.5,20.995
2534.6,24.994
2534.7,23.994
2534.8,24.994
2534.9,22.994
2535.0,24.994
2535.1,22.994
2535.2,28.993
2535.3,26.993
2535.4,28.993
2535.5,25.994
2535.6,26.993
2535.7,31.992
2535.8,28.993
2535.9,32.992
2536.0,31.992
2536.1,32.992
2536.2,33.992
2536.3,30.992
2536.4,36.991
2536.5,32.992
2536.6,31.992
2536.7,32.992
2536.8,35.991
2536.9,36.991
2537.0,36.991
2537.1,39.99
2537.2,35.991
2537.3,35.991
2537.4,32.992
2537.5,34.991
2537.6,35.991
2537.7,34.991
2537.8,36.991
2537.9,35.991
2538.0,36.991
2538.1,36.991
2538.2,34.991
2538.3,34.991
2538.4,33.992
2538.5,34.991
2538.6,34.991
2538.7,35.991
2538.8,32.992
2538.9,32.992
2539.0,31.992
2539.1,26.993
2539.2,28.993
2539.3,30.992
2539.4,27.993
2539.5,28.993
2539.6,27.993
2539.7,28.993
2539.8,26.993
2539.9,24.994
2540.0,23.994
2540.1,25.994
2540.2,23.994
2540.3,24.994
2540.4,23.994
2540.5,19.995
2540.6,19.995
2540.7,16.996
2540.8,17.995
2540.9,22.994
2541.0,14.996
2541.1,17.995
2541.2,15.996
2541.3,11.997
2541.4,9.998
2541.5,8.998
2541.6,9.998
2541.7,9.998
2541.8,2.999
2541.9,5.998
2542.0,5.998
2542.1,2.999
2542.2,1.0
2542.3,-1.0
2542.4,1.0
2542.5,1.0
2542.6,-1.0
2542.7,-1.0
2542.8,-2.999
2542.9,-4.999
2543.0,-6.998
2543.1,-6.998
2543.2,-11.997
2543.3,-10.997
2543.4,-11.997
2543.5,-11.997
2543.6,-11.997
2543.7,-11.997
2543.8,-14.996
2543.9,-18.995
2544.0,-18.995
2544.1,-14.996
2544.2,-16.996
2544.3,-17.995
2544.4,-14.996
2544.5,-19.995
2544.6,-17.995
2544.7,-20.995
2544.8,-20.995
2544.9,-19.995
2545.0,-19.995
2545.1,-22.994
2545.2,-24.994
2545.3,-22.994
2545.4,-23.994
2545.5,-22.994
2545.6,-25.994
2545.7,-26.993
2545.8,-23.994
2545.9,-26.993
2546.0,-24.994
2546.1,-27.993
2546.2,-27.993
2546.3,-27.993
2546.4,-27.993
2546.5,-28.993
2546.6,-30.992
2546.7,-27.993
2546.8,-30.992
2546.9,-30.992
2547.0,-28.993
2547.1,-31.992
2547.2,-33.992
2547.3,-32.992
2547.4,-35.991
2547.5,-33.992
2547.6,-33.992
2547.7,-32.992
2547.8,-31.992
2547.9,-30.992
2548.0,-28.993
2548.1,-31.992
2548.2,-30.992
2548.3,-32.992
2548.4,-30.992
2548.5,-30.992
2548.6,-31.992
2548.7,-33.992
2548.8,-28.993
2548.9,-27.993
2549.0,-25.994
2549.1,-26.993
2549.2,-26.993
2549.3,-25.994
2549.4,-24.994
2549.5,-25.994
2549.6,-24.994
2549.7,-19.995
2549.8,-20.995
2549.9,-22.994
2550.0,-19.995
2550.1,-22.994
2550.2,-22.994
2550.3,-16.996
2550.4,-16.996
2550.5,-16.996
2550.6,-13.997
2550.7,-15.996
2550.8,-11.997
2550.9,-14.996
2551.0,-14.996
2551.1,-10.997
2551.2,-10.997
2551.3,-5.998
2551.4,-8.998
2551.5,-5.998
2551.6,-4.999
2551.7,-2.999
2551.8,-1.0
2551.9,0.0
2552.0,-2.0
2552.1,1.0
2552.2,2.999
2552.3,2.0
2552.4,5.998
2552.5,1.0
2552.6,4.999
2552.7,7.998
2552.8,8.998
2552.9,7.998
2553.0,10.997
2553.1,13.997
2553.2,13.997
2553.3,13.997
2553.4,13.997
2553.5,17.995
2553.6,15.996
2553.7,15.996
2553.8,16.996
2553.9,18.995
2554.0,17.995
2554.1,19.995
2554.2,18.995
2554.3,22.994
2554.4,23.994
2554.5,24.994
2554.6,26.993
2554.7,24.994
2554.8,27.993
2554.9,25.994
2555.0,24.994
2555.1,26.993
2555.2,26.993
2555.3,27.993
2555.4,26.993
2555.5,27.993
2555.6,30.992
2555.7,27.993
2555.8,28.993
2555.9,31.992
2556.0,30.992
2556.1,33.992
2556.2,33.992
2556.3,34.991
2556.4,34.991
2556.5,32.992
2556.6,33.992
2556.7,32.992
2556.8,34.991
2556.9,32.992
2557.0,35.991
2557.1,40.99
2557.2,40.99
2557.3,36.991
2557.4,35.991
2557.5,35.991
2557.6,35.991
2557.7,33.992
2557.8,36.991
2557.9,32.992
2558.0,33.992
2558.1,35.991
2558.2,37.991
2558.3,34.991
2558.4,33.992
2558.5,35.991
2558.6,33.992
2558.7,32.992
2558.8,32.992
2558.9,30.992
2559.0,31.992
2559.1,34.991
2559.2,26.993
2559.3,30.992
2559.4,24.994
2559.5,27.993
2559.6,27.993
2559.7,28.993
2559.8,30.992
2559.9,30.992
2560.0,24.994
2560.1,28.993
2560.2,23.994
2560.3,24.994
2560.4,22.994
2560.5,19.995
2560.6,20.995
2560.7,18.995
2560.8,17.995
2560.9,17.995
2561.0,18.995
2561.1,15.996
2561.2,15.996
2561.3,10.997
2561.4,11.997
2561.5,9.998
2561.6,4.999
2561.7,5.998
2561.8,4.999
2561.9,2.0
2562.0,4.999
2562.1,2.999
2562.2,2.0
2562.3,-1.0
2562.4,1.0
2562.5,-1.0
2562.6,-5.998
2562.7,-2.0
2562.8,-4.999
2562.9,-4.999
2563.0,-6.998
2563.1,-5.998
2563.2,-10.997
2563.3,-7.998
2563.4,-9.998
2563.5,-10.997
2563.6,-16.996
2563.7,-17.995
2563.8,-16.996
2563.9,-13.997
2564.0,-17.995
2564.1,-16.996
2564.2,-16.996
2564.3,-17.995
2564.4,-19.995
2564.5,-20.995
2564.6,-18.995
2564.7,-24.994
2564.8,-19.995
2564.9,-17.995
2565.0,-19.995
2565.1,-22.994
2565.2,-24.994
2565.3,-19.995
2565.4,-20.995
2565.5,-24.994
2565.6,-22.994
2565.7,-26.993
2565.8,-25.994
2565.9,-27.993
2566.0,-26.993
2566.1,-26.993
2566.2,-27.993
2566.3,-28.993
2566.4,-23.994
2566.5,-27.993
2566.6,-28.993
2566.7,-30.992
2566.8,-30.992
2566.9,-28.993
2567.0,-33.992
2567.1,-32.992
2567.2,-32.992
2567.3,-33.992
2567.4,-32.992
2567.5,-31.992
2567.6,-30.992
2567.7,-32.992
2567.8,-32.992
2567.9,-31.992
2568.0,-34.991
2568.1,-32.992
2568.2,-34.991
2568.3,-25.994
2568.4,-28.993
2568.5,-30.992
2568.6,-30.992
2568.7,-28.993
2568.8,-30.992
2568.9,-26.993
2569.0,-28.993
2569.1,-27.993
2569.2,-25.994
2569.3,-27.993
2569.4,-25.994
2569.5,-25.994
2569.6,-23.994
2569.7,-23.994
2569.8,-20.995
2569.9,-19.995
2570.0,-24.994
2570.1,-22.994
2570.2,-23.994
2570.3,-17.995
2570.4,-13.997
2570.5,-17.995
2570.6,-14.996
2570.7,-14.996
2570.8,-11.997
2570.9,-11.997
2571.0,-11.997
2571.1,-9.998
2571.2,-9.998
2571.3,-6.998
2571.4,-6.998
2571.5,-2.999
2571.6,-4.999
2571.7,-2.0
2571.8,-4.999
2571.9,2.0
2572.0,0.0
2572.1,2.999
2572.2,1.0
2572.3,4.999
2572.4,4.999
2572.5,4.999
2572.6,6.998
2572.7,7.998
2572.8,6.998
2572.9,5.998
2573.0,9.998
2573.1,9.998
2573.2,14.996
2573.3,15.996
2573.4,18.995
2573.5,20.995
2573.6,17.995
2573.7,18.995
2573.8,18.995
2573.9,20.995
2574.0,17.995
2574.1,23.994
2574.2,20.995
2574.3,22.994
2574.4,22.994
2574.5,25.994
2574.6,23.994
2574.7,24.994
2574.8,26.993
2574.9,25.994
2575.0,23.994
2575.1,27.993
2575.2,26.993
2575.3,28.993
2575.4,30.992
2575.5,26.993
2575.6,26.993
2575.7,31.992
2575.8,31.992
2575.9,32.992
2576.0,32.992
2576.1,34.991
2576.2,31.992
2576.3,33.992
2576.4,31.992
2576.5,33.992
2576.6,32.992
2576.7,34.991
2576.8,35.991
2576.9,36.991
2577.0,34.991
2577.1,35.991
2577.2,36.991
2577.3,33.992
2577.4,35.991
2577.5,36.991
2577.6,34.991
2577.7,34.991
2577.8,35.991
2577.9,36.991
2578.0,36.991
2578.1,36.991
2578.2,37.991
2578.3,34.991
2578.4,35.991
2578.5,34.991
2578.6,33.992
2578.7,32.992
2578.8,33.992
2578.9,31.992
2579.0,31.992
2579.1,32.992
2579.2,33.992
2579.3,32.992
2579.4,27.993
2579.5,28.993
2579.6,28.993
2579.7,31.992
2579.8,23.994
2579.9,27.993
2580.0,25.994
2580.1,24.994
2580.2,24.994
2580.3,24.994
2580.4,20.995
2580.5,24.994
2580.6,16.996
2580.7,17.995
2580.8,16.996
2580.9,14.996
2581.0,13.997
2581.1,11.997
2581.2,15.996
2581.3,9.998
2581.4,13.997
2581.5,11.997
2581.6,7.998
2581.7,7.998
2581.8,5.998
2581.9,2.999
2582.0,6.998
2582.1,1.0
2582.2,2.999
2582.3,2.999
2582.4,2.0
2582.5,0.0
2582.6,0.0
2582.7,1.0
2582.8,-2.0
2582.9,-5.998
2583.0,-5.998
2583.1,-7.998
2583.2,-7.998
2583.3,-6.998
2583.4,-14.996
2583.5,-11.997
2583.6,-11.997
2583.7,-13.997
2583.8,-16.996
2583.9,-11.997
2584.0,-11.997
2584.1,-14.996
2584.2,-14.996
2584.3,-17.995
2584.4,-18.995
2584.5,-19.995
2584.6,-19.995
2584.7,-20.995
2584.8,-20.995
2584.9,-19.995
2585.0,-20.995
2585.1,-24.994
2585.2,-23.994
2585.3,-23.994
2585.4,-23.994
2585.5,-23.994
2585.6,-23.994
2585.7,-25.994
2585.8,-22.994
2585.9,-26.993
2586.0,-27.993
2586.1,-26.993
2586.2,-27.993
2586.3,-30.992
2586.4,-30.992
2586.5,-26.993
2586.6,-28.993
2586.7,-25.994
2586.8,-28.993
2586.9,-28.993
2587.0,-32.992
2587.1,-30.992
2587.2,-30.992
2587.3,-31.992
2587.4,-31.992
2587.5,-31.992
2587.6,-32.992
2587.7,-31.992
2587.8,-33.992
2587.9,-30.992
2588.0,-27.993
2588.1,-31.992
2588.2,-28.993
2588.3,-31.992
2588.4,-30.992
2588.5,-31.992
2588.6,-27.993
2588.7,-28.993
2588.8,-32.992
2588.9,-26.993
2589.0,-26.993
2589.1,-25.994
2589.2,-24.994
2589.3,-25.994
2589.4,-24.994
2589.5,-23.994
2589.6,-23.994
2589.7,-24.994
2589.8,-24.994
2589.9,-25.994
2590.0,-22.994
2590.1,-18.995
2590.2,-18.995
2590.3,-20.995
2590.4,-18.995
2590.5,-17.995
2590.6,-18.995
2590.7,-15.996
2590.8,-17.995
2590.9,-15.996
2591.0,-14.996
2591.1,-9.998
2591.2,-7.998
2591.3,-8.998
2591.4,-7.998
2591.5,-7.998
2591.6,-7.998
2591.7,-2.999
2591.8,-2.0
2591.9,0.0
2592.0,-2.999
2592.1,2.999
2592.2,2.0
2592.3,2.999
2592.4,1.0
2592.5,2.999
2592.6,2.0
2592.7,4.999
2592.8,5.998
2592.9,8.998
2593.0,9.998
2593.1,7.998
2593.2,11.997
2593.3,13.997
2593.4,8.998
2593.5,11.997
2593.6,15.996
2593.7,15.996
2593.8,15.996
2593.9,15.996
2594.0,16.996
2594.1,17.995
2594.2,23.994
2594.3,19.995
2594.4,18.995
2594.5,17.995
2594.6,19.995
2594.7,24.994
2594.8,20.995
2594.9,22.994
2595.0,22.994
2595.1,22.994
2595.2,24.994
2595.3,24.994
2595.4,22.994
2595.5,24.994
2595.6,23.994
2595.7,26.993
2595.8,30.992
2595.9,28.993
2596.0,28.993
2596.1,31.992
2596.2,30.992
2596.3,30.992
2596.4,30.992
2596.5,30.992
2596.6,33.992
2596.7,32.992
2596.8,33.992
2596.9,32.992
2597.0,30.992
2597.1,30.992
2597.2,31.992
2597.3,34.991
2597.4,35.991
2597.5,32.992
2597.6,35.991
2597.7,35.991
2597.8,36.991
2597.9,33.992
2598.0,33.992
2598.1,31.992
2598.2,34.991
2598.3,32.992
2598.4,33.992
2598.5,33.992
2598.6,33.992
2598.7,33.992
2598.8,34.991
2598.9,31.992
2599.0,30.992
2599.1,27.993
2599.2,30.992
2599.3,27.993
2599.4,27.993
2599.5,25.994
2599.6,28.993
2599.7,26.993
2599.8,24.994
2599.9,26.993
2600.0,26.993
2600.1,25.994
2600.2,20.995
2600.3,22.994
2600.4,24.994
2600.5,23.994
2600.6,22.994
2600.7,20.995
2600.8,17.995
2600.9,14.996
2601.0,17.995
2601.1,17.995
2601.2,19.995
2601.3,11.997
2601.4,9.998
2601.5,9.998
2601.6,10.997
2601.7,8.998
2601.8,5.998
2601.9,5.998
2602.0,6.998
2602.1,7.998
2602.2,4.999
2602.3,2.999
2602.4,2.999
2602.5,2.999
2602.6,0.0
2602.7,0.0
2602.8,1.0
2602.9,-2.0
2603.0,-6.998
2603.1,-7.998
2603.2,-6.998
2603.3,-8.998
2603.4,-4.999
2603.5,-10.997
2603.6,-9.998
2603.7,-10.997
2603.8,-14.996
2603.9,-8.998
2604.0,-10.997
2604.1,-10.997
2604.2,-11.997
2604.3,-10.997
2604.4,-15.996
2604.5,-15.996
2604.6,-15.996
2604.7,-14.996
2604.8,-20.995
2604.9,-17.995
2605.0,-17.995
2605.1,-18.995
2605.2,-19.995
2605.3,-20.995
2605.4,-18.995
2605.5,-19.995
2605.6,-22.994
2605.7,-20.995
2605.8,-20.995
2605.9,-23.994
2606.0,-26.993
2606.1,-25.994
2606.2,-25.994
2606.3,-26.993
2606.4,-26.993
2606.5,-27.993
2606.6,-25.994
2606.7,-27.993
2606.8,-24.994
2606.9,-25.994
2607.0,-25.994
2607.1,-30.992
2607.2,-26.993
2607.3,-26.993
2607.4,-30.992
2607.5,-32.992
2607.6,-31.992
2607.7,-30.992
2607.8,-28.993
2607.9,-25.994
2608.0,-30.992
2608.1,-31.992
2608.2,-27.993
2608.3,-28.993
2608.4,-32.992
2608.5,-26.993
2608.6,-25.994
2608.7,-27.993
2608.8,-28.993
2608.9,-24.994
2609.0,-28.993
2609.1,-25.994
2609.2,-25.994
2609.3,-25.994
2609.4,-22.994
2609.5,-25.994
2609.6,-23.994
2609.7,-22.994
2609.8,-23.994
2609.9,-23.994
2610.0,-18.995
2610.1,-22.994
2610.2,-19.995
2610.3,-18.995
2610.4,-17.995
2610.5,-10.997
2610.6,-13.997
2610.7,-13.997
2610.8,-17.995
2610.9,-11.997
2611.0,-11.997
2611.1,-9.998
2611.2,-5.998
2611.3,-6.998
2611.4,-6.998
2611.5,-7.998
2611.6,-4.999
2611.7,-4.999
2611.8,-2.0
2611.9,-2.999
2612.0,2.0
2612.1,4.999
2612.2,2.0
2612.3,2.999
2612.4,6.998
2612.5,4.999
2612.6,2.0
2612.7,5.998
2612.8,7.998
2612.9,6.998
2613.0,11.997
2613.1,9.998
2613.2,13.997
2613.3,10.997
2613.4,13.997
2613.5,17.995
2613.6,16.996
2613.7,17.995
2613.8,19.995
2613.9,16.996
2614.0,16.996
2614.1,19.995
2614.2,18.995
2614.3,20.995
2614.4,17.995
2614.5,23.994
2614.6,22.994
2614.7,24.994
2614.8,25.994
2614.9,24.994
2615.0,26.993
2615.1,25.994
2615.2,28.993
2615.3,26.993
2615.4,30.992
2615.5,27.993
2615.6,31.992
2615.7,26.993
2615.8,26.993
2615.9,26.993
2616.0,30.992
2616.1,30.992
2616.2,32.992
2616.3,32.992
2616.4,30.992
2616.5,34.991
2616.6,34.991
2616.7,34.991
2616.8,33.992
2616.9,32.992
2617.0,33.992
2617.1,35.991
2617.2,39.99
2617.3,33.992
2617.4,33.992
2617.5,37.991
2617.6,35.991
2617.7,37.991
2617.8,35.991
2617.9,34.991
2618.0,33.992
2618.1,35.991
2618.2,36.991
2618.3,32.992
2618.4,35.991
2618.5,33.992
2618.6,33.992
2618.7,32.992
2618.8,32.992
2618.9,32.992
2619.0,32.992
2619.1,32.992
2619.2,30.992
2619.3,28.993
2619.4,27.993
2619.5,27.993
2619.6,26.993
2619.7,27.993
2619.8,24.994
2619.9,24.994
2620.0,24.994
2620.1,25.994
2620.2,23.994
2620.3,20.995
2620.4,24.994
2620.5,22.994
2620.6,23.994
2620.7,17.995
2620.8,16.996
2620.9,17.995
2621.0,13.997
2621.1,14.996
2621.2,15.996
2621.3,13.997
2621.4,13.997
2621.5,10.997
2621.6,8.998
2621.7,5.998
2621.8,6.998
2621.9,5.998
2622.0,2.999
2622.1,1.0
2622.2,-2.999
2622.3,1.0
2622.4,0.0
2622.5,-1.0
2622.6,-2.0
2622.7,-2.0
2622.8,-5.998
2622.9,-2.999
2623.0,-7.998
2623.1,-7.998
2623.2,-4.999
2623.3,-8.998
2623.4,-11.997
2623.5,-13.997
2623.6,-9.998
2623.7,-11.997
2623.8,-17.995
2623.9,-15.996
2624.0,-11.997
2624.1,-17.995
2624.2,-14.996
2624.3,-16.996
2624.4,-16.996
2624.5,-16.996
2624.6,-17.995
2624.7,-18.995
2624.8,-20.995
2624.9,-19.995
2625.0,-20.995
2625.1,-23.994
2625.2,-18.995
2625.3,-19.995
2625.4,-26.993
2625.5,-20.995
2625.6,-22.994
2625.7,-22.994
2625.8,-23.994
2625.9,-24.994
2626.0,-20.995
2626.1,-27.993
2626.2,-27.993
2626.3,-28.993
2626.4,-27.993
2626.5,-31.992
2626.6,-26.993
2626.7,-24.994
2626.8,-27.993
2626.9,-26.993
2627.0,-30.992
2627.1,-28.993
2627.2,-30.992
2627.3,-31.992
2627.4,-30.992
2627.5,-31.992
2627.6,-34.991
2627.7,-32.992
2627.8,-31.992
2627.9,-31.992
2628.0,-31.992
2628.1,-27.993
2628.2,-33.992
2628.3,-33.992
2628.4,-28.993
2628.5,-31.992
2628.6,-31.992
2628.7,-30.992
2628.8,-23.994
2628.9,-28.993
2629.0,-28.993
2629.1,-26.993
2629.2,-26.993
2629.3,-27.993
2629.4,-23.994
2629.5,-24.994
2629.6,-20.995
2629.7,-20.995
2629.8,-20.995
2629.9,-20.995
2630.0,-19.995
2630.1,-22.994
2630.2,-19.995
2630.3,-16.996
2630.4,-17.995
2630.5,-17.995
2630.6,-13.997
2630.7,-15.996
2630.8,-14.996
2630.9,-13.997
2631.0,-13.997
2631.1,-11.997
2631.2,-9.998
2631.3,-9.998
2631.4,-6.998
2631.5,-6.998
2631.6,-7.998
2631.7,-4.999
2631.8,-2.0
2631.9,-1.0
2632.0,0.0
2632.1,-1.0
2632.2,1.0
2632.3,1.0
2632.4,2.0
2632.5,4.999
2632.6,5.998
2632.7,2.999
2632.8,6.998
2632.9,7.998
2633.0,9.998
2633.1,10.997
2633.2,11.997
2633.3,10.997
2633.4,14.996
2633.5,13.997
2633.6,16.996
2633.7,18.995
2633.8,18.995
2633.9,16.996
2634.0,16.996
2634.1,19.995
2634.2,18.995
2634.3,19.995
2634.4,22.994
2634.5,22.994
2634.6,24.994
2634.7,22.994
2634.8,24.994
2634.9,24.994
2635.0,26.993
2635.1,24.994
2635.2,24.994
2635.3,24.994
2635.4,25.994
2635.5,26.993
2635.6,23.994
2635.7,27.993
2635.8,26.993
2635.9,32.992
2636.0,26.993
2636.1,28.993
2636.2,33.992
2636.3,33.992
2636.4,37.991
2636.5,33.992
2636.6,32.992
2636.7,31.992
2636.8,34.991
2636.9,30.992
2637.0,33.992
2637.1,33.992
2637.2,36.991
2637.3,34.991
2637.4,37.991
2637.5,37.991
2637.6,32.992
2637.7,36.991
2637.8,36.991
2637.9,34.991
2638.0,35.991
2638.1,35.991
2638.2,33.992
2638.3,35.991
2638.4,35.991
2638.5,32.992
2638.6,33.992
2638.7,33.992
2638.8,32.992
2638.9,33.992
2639.0,30.992
2639.1,31.992
2639.2,28.993
2639.3,30.992
2639.4,27.993
2639.5,25.994
2639.6,30.992
2639.7,30.992
2639.8,31.992
2639.9,26.993
2640.0,28.993
2640.1,25.994
2640.2,23.994
2640.3,25.994
2640.4,20.995
2640.5,20.995
2640.6,19.995
2640.7,22.994
2640.8,18.995
2640.9,17.995
2641.0,16.996
2641.1,15.996
2641.2,14.996
2641.3,11.997
2641.4,7.998
2641.5,9.998
2641.6,9.998
2641.7,8.998
2641.8,4.999
2641.9,4.999
2642.0,4.999
2642.1,2.0
2642.2,1.0
2642.3,0.0
2642.4,0.0
2642.5,-2.0
2642.6,-2.0
2642.7,-5.998
2642.8,-2.999
2642.9,-6.998
2643.0,-8.998
2643.1,-8.998
2643.2,-9.998
2643.3,-10.997
2643.4,-10.997
2643.5,-13.997
2643.6,-11.997
2643.7,-13.997
2643.8,-15.996
2643.9,-17.995
2644.0,-17.995
2644.1,-18.995
2644.2,-16.996
2644.3,-16.996
2644.4,-17.995
2644.5,-18.995
2644.6,-22.994
2644.7,-22.994
2644.8,-18.995
2644.9,-24.994
2645.0,-20.995
2645.1,-23.994
2645.2,-22.994
2645.3,-23.994
2645.4,-20.995
2645.5,-22.994
2645.6,-25.994
2645.7,-24.994
2645.8,-25.994
2645.9,-23.994
2646.0,-23.994
2646.1,-30.992
2646.2,-30.992
2646.3,-32.992
2646.4,-26.993
2646.5,-28.993
2646.6,-30.992
2646.7,-32.992
2646.8,-28.993
2646.9,-27.993
2647.0,-27.993
2647.1,-32.992
2647.2,-30.992
2647.3,-28.993
2647.4,-31.992
2647.5,-34.991
2647.6,-33.992
2647.7,-32.992
2647.8,-31.992
2647.9,-32.992
2648.0,-33.992
2648.1,-30.992
2648.2,-31.992
2648.3,-30.992
2648.4,-34.991
2648.5,-30.992
2648.6,-30.992
2648.7,-32.992
2648.8,-32.992
2648.9,-28.993
2649.0,-27.993
2649.1,-30.992
2649.2,-24.994
2649.3,-26.993
2649.4,-26.993
2649.5,-24.994
2649.6,-20.995
2649.7,-22.994
2649.8,-23.994
2649.9,-20.995
2650.0,-19.995
2650.1,-17.995
2650.2,-20.995
2650.3,-22.994
2650.4,-15.996
2650.5,-15.996
2650.6,-15.996
2650.7,-13.997
2650.8,-13.997
2650.9,-9.998
2651.0,-14.996
2651.1,-7.998
2651.2,-8.998
2651.3,-6.998
2651.4,-7.998
2651.5,-6.998
2651.6,-7.998
2651.7,-5.998
2651.8,-2.0
2651.9,-2.0
2652.0,0.0
2652.1,2.999
2652.2,2.0
2652.3,5.998
2652.4,4.999
2652.5,7.998
2652.6,7.998
2652.7,6.998
2652.8,8.998
2652.9,8.998
2653.0,13.997
2653.1,13.997
2653.2,13.997
2653.3,14.996
2653.4,15.996
2653.5,15.996
2653.6,16.996
2653.7,16.996
2653.8,18.995
2653.9,20.995
2654.0,23.994
2654.1,20.995
2654.2,22.994
2654.3,20.995
2654.4,23.994
2654.5,23.994
2654.6,24.994
2654.7,25.994
2654.8,27.993
2654.9,25.994
2655.0,26.993
2655.1,27.993
2655.2,27.993
2655.3,28.993
2655.4,30.992
2655.5,27.993
2655.6,27.993
2655.7,32.992
2655.8,30.992
2655.9,31.992
2656.0,32.992
2656.1,33.992
2656.2,34.991
2656.3,32.992
2656.4,35.991
2656.5,34.991
2656.6,33.992
2656.7,33.992
2656.8,33.992
2656.9,36.991
2657.0,35.991
2657.1,34.991
2657.2,41.989
2657.3,36.991
2657.4,37.991
2657.5,39.99
2657.6,40.99
2657.7,40.99
2657.8,35.991
2657.9,35.991
2658.0,36.991
2658.1,35.991
2658.2,36.991
2658.3,36.991
2658.4,36.991
2658.5,34.991
2658.6,35.991
2658.7,30.992
2658.8,34.991
2658.9,33.992
2659.0,35.991
2659.1,34.991
2659.2,28.993
2659.3,31.992
2659.4,28.993
2659.5,27.993
2659.6,28.993
2659.7,26.993
2659.8,24.994
2659.9,24.994
2660.0,25.994
2660.1,24.994
2660.2,24.994
2660.3,24.994
2660.4,20.995
2660.5,22.994
2660.6,22.994
2660.7,20.995
2660.8,18.995
2660.9,15.996
2661.0,14.996
2661.1,14.996
2661.2,10.997
2661.3,6.998
2661.4,9.998
2661.5,9.998
2661.6,13.997
2661.7,9.998
2661.8,4.999
2661.9,5.998
2662.0,2.0
2662.1,2.999
2662.2,0.0
2662.3,0.0
2662.4,-2.999
2662.5,-2.999
2662.6,-2.0
2662.7,-5.998
2662.8,-4.999
2662.9,-5.998
2663.0,-4.999
2663.1,-7.998
2663.2,-9.998
2663.3,-8.998
2663.4,-9.998
2663.5,-16.996
2663.6,-14.996
2663.7,-13.997
2663.8,-17.995
2663.9,-18.995
2664.0,-15.996
2664.1,-18.995
2664.2,-20.995
2664.3,-16.996
2664.4,-20.995
2664.5,-14.996
2664.6,-19.995
2664.7,-23.994
2664.8,-25.994
2664.9,-20.995
2665.0,-25.994
2665.1,-22.994
2665.2,-23.994
2665.3,-26.993
2665.4,-25.994
2665.5,-23.994
2665.6,-20.995
2665.7,-27.993
2665.8,-25.994
2665.9,-24.994
2666.0,-25.994
2666.1,-30.992
2666.2,-28.993
2666.3,-28.993
2666.4,-28.993
2666.5,-30.992
2666.6,-28.993
2666.7,-30.992
2666.8,-27.993
2666.9,-31.992
2667.0,-33.992
2667.1,-27.993
2667.2,-30.992
2667.3,-30.992
2667.4,-34.991
2667.5,-32.992
2667.6,-26.993
2667.7,-33.992
2667.8,-34.991
2667.9,-33.992
2668.0,-32.992
2668.1,-33.992
2668.2,-32.992
2668.3,-30.992
2668.4,-34.991
2668.5,-31.992
2668.6,-28.993
2668.7,-26.993
2668.8,-32.992
2668.9,-30.992
2669.0,-25.994
2669.1,-28.993
2669.2,-26.993
2669.3,-25.994
2669.4,-25.994
2669.5,-24.994
2669.6,-19.995
2669.7,-20.995
2669.8,-27.993
2669.9,-22.994
2670.0,-20.995
2670.1,-19.995
2670.2,-23.994
2670.3,-18.995
2670.4,-16.996
2670.5,-14.996
2670.6,-16.996
2670.7,-15.996
2670.8,-15.996
2670.9,-14.996
2671.0,-9.998
2671.1,-9.998
2671.2,-6.998
2671.3,-7.998
2671.4,-5.998
2671.5,-5.998
2671.6,-4.999
2671.7,-2.0
2671.8,-5.998
2671.9,-1.0
2672.0,0.0
2672.1,-1.0
2672.2,2.999
2672.3,2.999
2672.4,2.0
2672.5,8.998
2672.6,2.999
2672.7,6.998
2672.8,5.998
2672.9,7.998
2673.0,10.997
2673.1,13.997
2673.2,13.997
2673.3,9.998
2673.4,14.996
2673.5,10.997
2673.6,15.996
2673.7,18.995
2673.8,18.995
2673.9,20.995
2674.0,22.994
2674.1,20.995
2674.2,19.995
2674.3,18.995
2674.4,22.994
2674.5,24.994
2674.6,22.994
2674.7,27.993
2674.8,25.994
2674.9,26.993
2675.0,27.993
2675.1,23.994
2675.2,27.993
2675.3,24.994
2675.4,24.994
2675.5,27.993
2675.6,26.993
2675.7,30.992
2675.8,30.992
2675.9,27.993
2676.0,30.992
2676.1,33.992
2676.2,30.992
2676.3,32.992
2676.4,33.992
2676.5,32.992
2676.6,31.992
2676.7,33.992
2676.8,34.991
2676.9,32.992
2677.0,32.992
2677.1,39.99
2677.2,33.992
2677.3,35.991
2677.4,35.991
2677.5,35.991
2677.6,37.991
2677.7,36.991
2677.8,39.99
2677.9,37.991
2678.0,35.991
2678.1,37.991
2678.2,36.991
2678.3,34.991
2678.4,35.991
2678.5,31.992
2678.6,30.992
2678.7,33.992
2678.8,32.992
2678.9,34.991
2679.0,31.992
2679.1,30.992
2679.2,30.992
2679.3,30.992
2679.4,28.993
2679.5,28.993
2679.6,30.992
2679.7,28.993
2679.8,27.993
2679.9,23.994
2680.0,26.993
2680.1,25.994
2680.2,22.994
2680.3,25.994
2680.4,23.994
2680.5,24.994
2680.6,18.995
2680.7,24.994
2680.8,17.995
2680.9,17.995
2681.0,17.995
2681.1,11.997
2681.2,14.996
2681.3,14.996
2681.4,11.997
2681.5,8.998
2681.6,10.997
2681.7,8.998
2681.8,5.998
2681.9,6.998
2682.0,4.999
2682.1,4.999
2682.2,1.0
2682.3,0.0
2682.4,1.0
2682.5,-1.0
2682.6,-1.0
2682.7,0.0
2682.8,-7.998
2682.9,-2.0
2683.0,-4.999
2683.1,-4.999
2683.2,-4.999
2683.3,-9.998
2683.4,-8.998
2683.5,-10.997
2683.6,-11.997
2683.7,-14.996
2683.8,-13.997
2683.9,-10.997
2684.0,-15.996
2684.1,-15.996
2684.2,-15.996
2684.3,-16.996
2684.4,-14.996
2684.5,-17.995
2684.6,-16.996
2684.7,-19.995
2684.8,-18.995
2684.9,-19.995
2685.0,-19.995
2685.1,-17.995
2685.2,-22.994
2685.3,-20.995
2685.4,-22.994
2685.5,-20.995
2685.6,-24.994
2685.7,-23.994
2685.8,-24.994
2685.9,-24.994
2686.0,-24.994
2686.1,-23.994
2686.2,-24.994
2686.3,-26.993
2686.4,-30.992
2686.5,-27.993
2686.6,-27.993
2686.7,-25.994
2686.8,-28.993
2686.9,-27.993
2687.0,-28.993
2687.1,-28.993
2687.2,-30.992
2687.3,-27.993
2687.4,-27.993
2687.5,-28.993
2687.6,-33.992
2687.7,-30.992
2687.8,-28.993
2687.9,-30.992
2688.0,-32.992
2688.1,-31.992
2688.2,-30.992
2688.3,-28.993
2688.4,-28.993
2688.5,-28.993
2688.6,-32.992
2688.7,-28.993
2688.8,-28.993
2688.9,-27.993
2689.0,-25.994
2689.1,-30.992
2689.2,-25.994
2689.3,-27.993
2689.4,-26.993
2689.5,-23.994
2689.6,-25.994
2689.7,-22.994
2689.8,-19.995
2689.9,-17.995
2690.0,-19.995
2690.1,-16.996
2690.2,-16.996
2690.3,-19.995
2690.4,-18.995
2690.5,-14.996
2690.6,-15.996
2690.7,-16.996
2690.8,-11.997
2690.9,-14.996
2691.0,-11.997
2691.1,-9.998
2691.2,-6.998
2691.3,-11.997
2691.4,-6.998
2691.5,-2.999
2691.6,-5.998
2691.7,-2.999
2691.8,-2.0
2691.9,-1.0
2692.0,-2.0
2692.1,0.0
2692.2,1.0
2692.3,2.999
2692.4,5.998
2692.5,8.998
2692.6,4.999
2692.7,8.998
2692.8,7.998
2692.9,6.998
2693.0,11.997
2693.1,9.998
2693.2,9.998
2693.3,15.996
2693.4,14.996
2693.5,16.996
2693.6,18.995
2693.7,17.995
2693.8,17.995
2693.9,22.994
2694.0,15.996
2694.1,18.995
2694.2,23.994
2694.3,19.995
2694.4,22.994
2694.5,19.995
2694.6,23.994
2694.7,24.994
2694.8,24.994
2694.9,26.993
2695.0,26.993
2695.1,25.994
2695.2,25.994
2695.3,26.993
2695.4,27.993
2695.5,25.994
2695.6,26.993
2695.7,26.993
2695.8,26.993
2695.9,26.993
2696.0,28.993
2696.1,33.992
2696.2,28.993
2696.3,33.992
2696.4,31.992
2696.5,32.992
2696.6,31.992
2696.7,34.991
2696.8,33.992
2696.9,33.992
2697.0,32.992
2697.1,35.991
2697.2,32.992
2697.3,35.991
2697.4,34.991
2697.5,31.992
2697.6,33.992
2697.7,34.991
2697.8,35.991
2697.9,35.991
2698.0,39.99
2698.1,30.992
2698.2,33.992
2698.3,33.992
2698.4,33.992
2698.5,33.992
2698.6,33.992
2698.7,31.992
2698.8,32.992
2698.9,33.992
2699.0,27.993
2699.1,31.992
2699.2,26.993
2699.3,25.994
2699.4,28.993
2699.5,28.993
2699.6,28.993
2699.7,30.992
2699.8,24.994
2699.9,26.993
2700.0,25.994
2700.1,24.994
2700.2,22.994
2700.3,18.995
2700.4,23.994
2700.5,18.995
2700.6,17.995
2700.7,18.995
2700.8,17.995
2700.9,15.996
2701.0,16.996
2701.1,15.996
2701.2,13.997
2701.3,9.998
2701.4,9.998
2701.5,13.997
2701.6,13.997
2701.7,8.998
2701.8,7.998
2701.9,9.998
2702.0,2.0
2702.1,5.998
2702.2,4.999
2702.3,2.0
2702.4,1.0
2702.5,1.0
2702.6,-2.0
2702.7,-2.0
2702.8,-4.999
2702.9,-5.998
2703.0,-2.999
2703.1,-5.998
2703.2,-6.998
2703.3,-7.998
2703.4,-9.998
2703.5,-8.998
2703.6,-14.996
2703.7,-9.998
2703.8,-14.996
2703.9,-16.996
2704.0,-11.997
2704.1,-13.997
2704.2,-19.995
2704.3,-19.995
2704.4,-17.995
2704.5,-16.996
2704.6,-16.996
2704.7,-15.996
2704.8,-17.995
2704.9,-20.995
2705.0,-20.995
2705.1,-23.994
2705.2,-23.994
2705.3,-23.994
2705.4,-23.994
2705.5,-23.994
2705.6,-25.994
2705.7,-23.994
2705.8,-22.994
2705.9,-25.994
2706.0,-24.994
2706.1,-20.995
2706.2,-25.994
2706.3,-26.993
2706.4,-27.993
2706.5,-26.993
2706.6,-30.992
2706.7,-28.993
2706.8,-30.992
2706.9,-26.993
2707.0,-30.992
2707.1,-31.992
2707.2,-27.993
2707.3,-26.993
2707.4,-28.993
2707.5,-32.992
2707.6,-28.993
2707.7,-32.992
2707.8,-33.992
2707.9,-33.992
2708.0,-31.992
2708.1,-30.992
2708.2,-33.992
2708.3,-27.993
2708.4,-30.992
2708.5,-28.993
2708.6,-25.994
2708.7,-26.993
2708.8,-24.994
2708.9,-27.993
2709.0,-30.992
2709.1,-27.993
2709.2,-24.994
2709.3,-23.994
2709.4,-26.993
2709.5,-23.994
2709.6,-22.994
2709.7,-22.994
2709.8,-23.994
2709.9,-19.995
2710.0,-22.994
2710.1,-22.994
2710.2,-20.995
2710.3,-17.995
2710.4,-15.996
2710.5,-15.996
2710.6,-14.996
2710.7,-13.997
2710.8,-13.997
2710.9,-9.998
2711.0,-9.998
2711.1,-11.997
2711.2,-10.997
2711.3,-6.998
2711.4,-6.998
2711.5,-6.998
2711.6,-5.998
2711.7,-5.998
2711.8,-4.999
2711.9,-2.0
2712.0,-2.999
2712.1,0.0
2712.2,2.0
2712.3,4.999
2712.4,2.999
2712.5,6.998
2712.6,9.998
2712.7,8.998
2712.8,7.998
2712.9,11.997
2713.0,10.997
2713.1,10.997
2713.2,11.997
2713.3,11.997
2713.4,14.996
2713.5,14.996
2713.6,17.995
2713.7,18.995
2713.8,18.995
2713.9,17.995
2714.0,19.995
2714.1,20.995
2714.2,22.994
2714.3,20.995
2714.4,22.994
2714.5,23.994
2714.6,24.994
2714.7,23.994
2714.8,24.994
2714.9,26.993
2715.0,26.993
2715.1,28.993
2715.2,27.993
2715.3,25.994
2715.4,27.993
2715.5,28.993
2715.6,26.993
2715.7,28.993
2715.8,27.993
2715.9,28.993
2716.0,30.992
2716.1,30.992
2716.2,28.993
2716.3,31.992
2716.4,33.992
2716.5,28.993
2716.6,31.992
2716.7,33.992
2716.8,34.991
2716.9,30.992
2717.0,33.992
2717.1,34.991
2717.2,36.991
2717.3,31.992
2717.4,34.991
2717.5,35.991
2717.6,35.991
2717.7,35.991
2717.8,35.991
2717.9,35.991
2718.0,39.99
2718.1,31.992
2718.2,36.991
2718.3,34.991
2718.4,34.991
2718.5,34.991
2718.6,30.992
2718.7,32.992
2718.8,33.992
2718.9,28.993
2719.0,28.993
2719.1,35.991
2719.2,30.992
2719.3,32.992
2719.4,28.993
2719.5,28.993
2719.6,26.993
2719.7,27.993
2719.8,24.994
2719.9,22.994
2720.0,26.993
2720.1,23.994
2720.2,24.994
2720.3,18.995
2720.4,20.995
2720.5,20.995
2720.6,24.994
2720.7,15.996
2720.8,15.996
2720.9,19.995
2721.0,14.996
2721.1,13.997
2721.2,10.997
2721.3,10.997
2721.4,10.997
2721.5,7.998
2721.6,8.998
2721.7,8.998
2721.8,6.998
2721.9,4.999
2722.0,5.998
2722.1,2.999
2722.2,2.0
2722.3,0.0
2722.4,2.0
2722.5,-1.0
2722.6,-6.998
2722.7,-2.999
2722.8,-2.999
2722.9,-6.998
2723.0,-7.998
2723.1,-5.998
2723.2,-7.998
2723.3,-9.998
2723.4,-7.998
2723.5,-9.998
2723.6,-14.996
2723.7,-11.997
2723.8,-13.997
2723.9,-18.995
2724.0,-16.996
2724.1,-14.996
2724.2,-17.995
2724.3,-18.995
2724.4,-20.995
2724.5,-19.995
2724.6,-19.995
2724.7,-19.995
2724.8,-22.994
2724.9,-19.995
2725.0,-20.995
2725.1,-18.995
2725.2,-23.994
2725.3,-24.994
2725.4,-25.994
2725.5,-24.994
2725.6,-23.994
2725.7,-23.994
2725.8,-26.993
2725.9,-24.994
2726.0,-20.995
2726.1,-27.993
2726.2,-26.993
2726.3,-26.993
2726.4,-30.992
2726.5,-25.994
2726.6,-30.992
2726.7,-28.993
2726.8,-27.993
2726.9,-30.992
2727.0,-31.992
2727.1,-32.992
2727.2,-32.992
2727.3,-30.992
2727.4,-31.992
2727.5,-32.992
2727.6,-30.992
2727.7,-31.992
2727.8,-35.991
2727.9,-33.992
2728.0,-32.992
2728.1,-31.992
2728.2,-32.992
2728.3,-31.992
2728.4,-27.993
2728.5,-26.993
2728.6,-31.992
2728.7,-26.993
2728.8,-30.992
2728.9,-31.992
2729.0,-24.994
2729.1,-27.993
2729.2,-25.994
2729.3,-27.993
2729.4,-28.993
2729.5,-23.994
2729.6,-26.993
2729.7,-22.994
2729.8,-19.995
2729.9,-20.995
2730.0,-18.995
2730.1,-17.995
2730.2,-18.995
2730.3,-20.995
2730.4,-18.995
2730.5,-17.995
2730.6,-16.996
2730.7,-13.997
2730.8,-14.996
2730.9,-9.998
2731.0,-11.997
2731.1,-9.998
2731.2,-8.998
2731.3,-7.998
2731.4,-7.998
2731.5,-5.998
2731.6,0.0
2731.7,-2.999
2731.8,-1.0
2731.9,-2.999
2732.0,-1.0
2732.1,-2.0
2732.2,4.999
2732.3,6.998
2732.4,5.998
2732.5,5.998
2732.6,5.998
2732.7,6.998
2732.8,9.998
2732.9,11.997
2733.0,8.998
2733.1,10.997
2733.2,13.997
2733.3,14.996
2733.4,17.995
2733.5,16.996
2733.6,15.996
2733.7,17.995
2733.8,18.995
2733.9,20.995
2734.0,17.995
2734.1,22.994
2734.2,24.994
2734.3,22.994
2734.4,22.994
2734.5,24.994
2734.6,24.994
2734.7,23.994
2734.8,25.994
2734.9,27.993
2735.0,25.994
2735.1,30.992
2735.2,27.993
2735.3,30.992
2735.4,30.992
2735.5,31.992
2735.6,27.993
2735.7,30.992
2735.8,34.991
2735.9,30.992
2736.0,34.991
2736.1,27.993
2736.2,33.992
2736.3,31.992
2736.4,35.991
2736.5,35.991
2736.6,32.992
2736.7,36.991
2736.8,35.991
2736.9,34.991
2737.0,36.991
2737.1,34.991
2737.2,36.991
2737.3,34.991
2737.4,36.991
2737.5,34.991
2737.6,40.99
2737.7,39.99
2737.8,35.991
2737.9,37.991
2738.0,37.991
2738.1,37.991
2738.2,34.991
2738.3,34.991
2738.4,34.991
2738.5,30.992
2738.6,34.991
2738.7,32.992
2738.8,31.992
2738.9,31.992
2739.0,30.992
2739.1,31.992
2739.2,30.992
2739.3,31.992
2739.4,28.993
2739.5,32.992
2739.6,23.994
2739.7,25.994
2739.8,26.993
2739.9,25.994
2740.0,24.994
2740.1,26.993
2740.2,26.993
2740.3,24.994
2740.4,22.994
2740.5,22.994
2740.6,17.995
2740.7,19.995
2740.8,17.995
2740.9,16.996
2741.0,15.996
2741.1,15.996
2741.2,14.996
2741.3,9.998
2741.4,11.997
2741.5,8.998
2741.6,6.998
2741.7,8.998
2741.8,10.997
2741.9,7.998
2742.0,2.0
2742.1,2.0
2742.2,0.0
2742.3,0.0
2742.4,1.0
2742.5,1.0
2742.6,-4.999
2742.7,-2.0
2742.8,-2.999
2742.9,-5.998
2743.0,-6.998
2743.1,-5.998
2743.2,-6.998
2743.3,-8.998
2743.4,-10.997
2743.5,-11.997
2743.6,-14.996
2743.7,-14.996
2743.8,-18.995
2743.9,-15.996
2744.0,-15.996
2744.1,-15.996
2744.2,-17.995
2744.3,-16.996
2744.4,-16.996
2744.5,-15.996
2744.6,-20.995
2744.7,-19.995
2744.8,-22.994
2744.9,-19.995
2745.0,-18.995
2745.1,-22.994
2745.2,-23.994
2745.3,-23.994
2745.4,-24.994
2745.5,-26.993
2745.6,-23.994
2745.7,-27.993
2745.8,-25.994
2745.9,-24.994
2746.0,-27.993
2746.1,-25.994
2746.2,-30.992
2746.3,-28.993
2746.4,-31.992
2746.5,-27.993
2746.6,-30.992
2746.7,-30.992
2746.8,-32.992
2746.9,-32.992
2747.0,-32.992
2747.1,-33.992
2747.2,-31.992
2747.3,-31.992
2747.4,-31.992
2747.5,-30.992
2747.6,-33.992
2747.7,-32.992
2747.8,-34.991
2747.9,-32.992
2748.0,-30.992
2748.1,-31.992
2748.2,-31.992
2748.3,-31.992
2748.4,-31.992
2748.5,-30.992
2748.6,-28.993
2748.7,-28.993
2748.8,-27.993
2748.9,-26.993
2749.0,-27.993
2749.1,-27.993
2749.2,-25.994
2749.3,-22.994
2749.4,-27.993
2749.5,-30.992
2749.6,-23.994
2749.7,-25.994
2749.8,-22.994
2749.9,-20.995
2750.0,-18.995
2750.1,-14.996
2750.2,-17.995
2750.3,-22.994
2750.4,-17.995
2750.5,-17.995
2750.6,-14.996
2750.7,-15.996
2750.8,-13.997
2750.9,-16.996
2751.0,-11.997
2751.1,-8.998
2751.2,-9.998
2751.3,-7.998
2751.4,-6.998
2751.5,-4.999
2751.6,-2.999
2751.7,-5.998
2751.8,-2.999
2751.9,1.0
2752.0,1.0
2752.1,2.0
2752.2,0.0
2752.3,2.0
2752.4,5.998
2752.5,4.999
2752.6,8.998
2752.7,6.998
2752.8,7.998
2752.9,8.998
2753.0,11.997
2753.1,7.998
2753.2,9.998
2753.3,11.997
2753.4,11.997
2753.5,14.996
2753.6,16.996
2753.7,17.995
2753.8,18.995
2753.9,23.994
2754.0,19.995
2754.1,18.995
2754.2,16.996
2754.3,18.995
2754.4,22.994
2754.5,22.994
2754.6,23.994
2754.7,20.995
2754.8,22.994
2754.9,22.994
2755.0,22.994
2755.1,25.994
2755.2,27.993
2755.3,27.993
2755.4,27.993
2755.5,27.993
2755.6,27.993
2755.7,27.993
2755.8,26.993
2755.9,28.993
2756.0,30.992
2756.1,31.992
2756.2,31.992
2756.3,31.992
2756.4,31.992
2756.5,35.991
2756.6,33.992
2756.7,33.992
2756.8,33.992
2756.9,34.991
2757.0,33.992
2757.1,37.991
2757.2,33.992
2757.3,34.991
2757.4,33.992
2757.5,33.992
2757.6,35.991
2757.7,34.991
2757.8,37.991
2757.9,39.99
2758.0,35.991
2758.1,34.991
2758.2,34.991
2758.3,31.992
2758.4,33.992
2758.5,35.991
2758.6,34.991
2758.7,31.992
2758.8,32.992
2758.9,30.992
2759.0,32.992
2759.1,32.992
2759.2,30.992
2759.3,27.993
2759.4,27.993
2759.5,32.992
2759.6,30.992
2759.7,30.992
2759.8,25.994
2759.9,26.993
2760.0,26.993
2760.1,25.994
2760.2,24.994
2760.3,23.994
2760.4,22.994
2760.5,23.994
2760.6,15.996
2760.7,19.995
2760.8,18.995
2760.9,20.995
2761.0,16.996
2761.1,14.996
2761.2,11.997
2761.3,15.996
2761.4,8.998
2761.5,10.997
2761.6,10.997
2761.7,8.998
2761.8,7.998
2761.9,6.998
2762.0,6.998
2762.1,4.999
2762.2,0.0
2762.3,2.0
2762.4,-1.0
2762.5,-2.0
2762.6,-4.999
2762.7,-4.999
2762.8,-5.998
2762.9,-7.998
2763.0,-4.999
2763.1,-6.998
2763.2,-6.998
2763.3,-7.998
2763.4,-8.998
2763.5,-9.998
2763.6,-9.998
2763.7,-11.997
2763.8,-16.996
2763.9,-15.996
2764.0,-11.997
2764.1,-14.996
2764.2,-16.996
2764.3,-15.996
2764.4,-15.996
2764.5,-18.995
2764.6,-16.996
2764.7,-18.995
2764.8,-19.995
2764.9,-17.995
2765.0,-20.995
2765.1,-18.995
2765.2,-23.994
2765.3,-19.995
2765.4,-25.994
2765.5,-25.994
2765.6,-20.995
2765.7,-22.994
2765.8,-23.994
2765.9,-24.994
2766.0,-24.994
2766.1,-25.994
2766.2,-23.994
2766.3,-24.994
2766.4,-27.993
2766.5,-27.993
2766.6,-30.992
2766.7,-27.993
2766.8,-30.992
2766.9,-31.992
2767.0,-26.993
2767.1,-32.992
2767.2,-30.992
2767.3,-28.993
2767.4,-32.992
2767.5,-30.992
2767.6,-30.992
2767.7,-31.992
2767.8,-30.992
2767.9,-30.992
2768.0,-30.992
2768.1,-32.992
2768.2,-28.993
2768.3,-33.992
2768.4,-27.993
2768.5,-28.993
2768.6,-31.992
2768.7,-28.993
2768.8,-25.994
2768.9,-23.994
2769.0,-25.994
2769.1,-26.993
2769.2,-24.994
2769.3,-28.993
2769.4,-24.994
2769.5,-25.994
2769.6,-23.994
2769.7,-19.995
2769.8,-19.995
2769.9,-20.995
2770.0,-19.995
2770.1,-17.995
2770.2,-20.995
2770.3,-16.996
2770.4,-17.995
2770.5,-16.996
2770.6,-14.996
2770.7,-13.997
2770.8,-13.997
2770.9,-8.998
2771.0,-8.998
2771.1,-7.998
2771.2,-6.998
2771.3,-4.999
2771.4,-6.998
2771.5,-5.998
2771.6,-4.999
2771.7,-2.999
2771.8,-1.0
2771.9,-1.0
2772.0,2.0
2772.1,-1.0
2772.2,2.999
2772.3,4.999
2772.4,4.999
2772.5,6.998
2772.6,7.998
2772.7,8.998
2772.8,9.998
2772.9,10.997
2773.0,10.997
2773.1,14.996
2773.2,8.998
2773.3,10.997
2773.4,11.997
2773.5,14.996
2773.6,15.996
2773.7,19.995
2773.8,18.995
2773.9,18.995
2774.0,18.995
2774.1,20.995
2774.2,18.995
2774.3,19.995
2774.4,23.994
2774.5,22.994
2774.6,24.994
2774.7,24.994
2774.8,23.994
2774.9,22.994
2775.0,23.994
2775.1,26.993
2775.2,26.993
2775.3,30.992
2775.4,26.993
2775.5,27.993
2775.6,27.993
2775.7,32.992
2775.8,30.992
2775.9,30.992
2776.0,28.993
2776.1,30.992
2776.2,31.992
2776.3,32.992
2776.4,34.991
2776.5,32.992
2776.6,34.991
2776.7,35.991
2776.8,34.991
2776.9,34.991
2777.0,36.991
2777.1,34.991
2777.2,35.991
2777.3,36.991
2777.4,32.992
2777.5,37.991
2777.6,33.992
2777.7,36.991
2777.8,35.991
2777.9,36.991
2778.0,37.991
2778.1,33.992
2778.2,34.991
2778.3,36.991
2778.4,34.991
2778.5,34.991
2778.6,32.992
2778.7,33.992
2778.8,31.992
2778.9,27.993
2779.0,31.992
2779.1,31.992
2779.2,30.992
2779.3,28.993
2779.4,32.992
2779.5,31.992
2779.6,28.993
2779.7,27.993
2779.8,25.994
2779.9,27.993
2780.0,25.994
2780.1,24.994
2780.2,23.994
2780.3,22.994
2780.4,19.995
2780.5,23.994
2780.6,18.995
2780.7,20.995
2780.8,16.996
2780.9,15.996
2781.0,15.996
2781.1,14.996
2781.2,16.996
2781.3,9.998
2781.4,11.997
2781.5,8.998
2781.6,5.998
2781.7,7.998
2781.8,6.998
2781.9,9.998
2782.0,4.999
2782.1,5.998
2782.2,2.999
2782.3,2.0
2782.4,2.0
2782.5,0.0
2782.6,-2.999
2782.7,-4.999
2782.8,-7.998
2782.9,-6.998
2783.0,-7.998
2783.1,-7.998
2783.2,-6.998
2783.3,-4.999
2783.4,-7.998
2783.5,-11.997
2783.6,-11.997
2783.7,-10.997
2783.8,-10.997
2783.9,-14.996
2784.0,-13.997
2784.1,-18.995
2784.2,-18.995
2784.3,-15.996
2784.4,-17.995
2784.5,-16.996
2784.6,-16.996
2784.7,-18.995
2784.8,-18.995
2784.9,-19.995
2785.0,-19.995
2785.1,-22.994
2785.2,-17.995
2785.3,-20.995
2785.4,-26.993
2785.5,-23.994
2785.6,-24.994
2785.7,-26.993
2785.8,-27.993
2785.9,-23.994
2786.0,-22.994
2786.1,-24.994
2786.2,-23.994
2786.3,-27.993
2786.4,-27.993
2786.5,-30.992
2786.6,-28.993
2786.7,-31.992
2786.8,-26.993
2786.9,-31.992
2787.0,-31.992
2787.1,-30.992
2787.2,-28.993
2787.3,-31.992
2787.4,-27.993
2787.5,-27.993
2787.6,-33.992
2787.7,-31.992
2787.8,-31.992
2787.9,-28.993
2788.0,-32.992
2788.1,-33.992
2788.2,-28.993
2788.3,-32.992
2788.4,-28.993
2788.5,-28.993
2788.6,-30.992
2788.7,-28.993
2788.8,-26.993
2788.9,-24.994
2789.0,-27.993
2789.1,-24.994
2789.2,-24.994
2789.3,-24.994
2789.4,-24.994
2789.5,-23.994
2789.6,-22.994
2789.7,-23.994
2789.8,-23.994
2789.9,-22.994
2790.0,-23.994
2790.1,-18.995
2790.2,-18.995
2790.3,-19.995
2790.4,-17.995
2790.5,-16.996
2790.6,-16.996
2790.7,-14.996
2790.8,-11.997
2790.9,-11.997
2791.0,-11.997
2791.1,-9.998
2791.2,-10.997
2791.3,-10.997
2791.4,-8.998
2791.5,-5.998
2791.6,-6.998
2791.7,0.0
2791.8,0.0
2791.9,1.0
2792.0,-1.0
2792.1,2.0
2792.2,0.0
2792.3,-1.0
2792.4,2.999
2792.5,6.998
2792.6,5.998
2792.7,6.998
2792.8,11.997
2792.9,14.996
2793.0,8.998
2793.1,9.998
2793.2,7.998
2793.3,9.998
2793.4,9.998
2793.5,11.997
2793.6,13.997
2793.7,16.996
2793.8,17.995
2793.9,17.995
2794.0,19.995
2794.1,15.996
2794.2,18.995
2794.3,18.995
2794.4,22.994
2794.5,20.995
2794.6,23.994
2794.7,19.995
2794.8,20.995
2794.9,18.995
2795.0,24.994
2795.1,25.994
2795.2,27.993
2795.3,25.994
2795.4,24.994
2795.5,26.993
2795.6,30.992
2795.7,27.993
2795.8,28.993
2795.9,32.992
2796.0,30.992
2796.1,28.993
2796.2,28.993
2796.3,31.992
2796.4,33.992
2796.5,31.992
2796.6,31.992
2796.7,34.991
2796.8,34.991
2796.9,34.991
2797.0,32.992
2797.1,33.992
2797.2,34.991
2797.3,33.992
2797.4,34.991
2797.5,33.992
2797.6,35.991
2797.7,36.991
2797.8,35.991
2797.9,33.992
2798.0,34.991
2798.1,37.991
2798.2,34.991
2798.3,34.991
2798.4,37.991
2798.5,31.992
2798.6,35.991
2798.7,34.991
2798.8,28.993
2798.9,32.992
2799.0,27.993
2799.1,32.992
2799.2,31.992
2799.3,27.993
2799.4,26.993
2799.5,30.992
2799.6,27.993
2799.7,30.992
2799.8,30.992
2799.9,25.994
2800.0,24.994
2800.1,24.994
2800.2,24.994
2800.3,20.995
2800.4,24.994
2800.5,20.995
2800.6,20.995
2800.7,18.995
2800.8,19.995
2800.9,17.995
2801.0,18.995
2801.1,15.996
2801.2,11.997
2801.3,9.998
2801.4,9.998
2801.5,7.998
2801.6,9.998
2801.7,8.998
2801.8,8.998
2801.9,4.999
2802.0,5.998
2802.1,4.999
2802.2,7.998
2802.3,1.0
2802.4,2.999
2802.5,1.0
2802.6,-2.999
2802.7,-2.0
2802.8,-2.999
2802.9,-5.998
2803.0,-6.998
2803.1,-6.998
2803.2,-8.998
2803.3,-6.998
2803.4,-10.997
2803.5,-9.998
2803.6,-13.997
2803.7,-10.997
2803.8,-14.996
2803.9,-10.997
2804.0,-13.997
2804.1,-15.996
2804.2,-14.996
2804.3,-16.996
2804.4,-16.996
2804.5,-16.996
2804.6,-18.995
2804.7,-17.995
2804.8,-20.995
2804.9,-18.995
2805.0,-20.995
2805.1,-20.995
2805.2,-18.995
2805.3,-20.995
2805.4,-25.994
2805.5,-23.994
2805.6,-23.994
2805.7,-27.993
2805.8,-23.994
2805.9,-22.994
2806.0,-23.994
2806.1,-25.994
2806.2,-24.994
2806.3,-28.993
2806.4,-27.993
2806.5,-27.993
2806.6,-26.993
2806.7,-28.993
2806.8,-30.992
2806.9,-31.992
2807.0,-32.992
2807.1,-28.993
2807.2,-28.993
2807.3,-30.992
2807.4,-30.992
2807.5,-33.992
2807.6,-27.993
2807.7,-32.992
2807.8,-30.992
2807.9,-30.992
2808.0,-31.992
2808.1,-33.992
2808.2,-28.993
2808.3,-31.992
2808.4,-27.993
2808.5,-32.992
2808.6,-27.993
2808.7,-30.992
2808.8,-30.992
2808.9,-25.994
2809.0,-26.993
2809.1,-25.994
2809.2,-25.994
2809.3,-26.993
2809.4,-25.994
2809.5,-22.994
2809.6,-25.994
2809.7,-23.994
2809.8,-24.994
2809.9,-17.995
2810.0,-18.995
2810.1,-19.995
2810.2,-19.995
2810.3,-17.995
2810.4,-17.995
2810.5,-14.996
2810.6,-19.995
2810.7,-13.997
2810.8,-15.996
2810.9,-13.997
2811.0,-8.998
2811.1,-9.998
2811.2,-9.998
2811.3,-7.998
2811.4,-7.998
2811.5,-2.999
2811.6,-2.999
2811.7,-2.999
2811.8,-1.0
2811.9,1.0
2812.0,-1.0
2812.1,2.0
2812.2,4.999
2812.3,2.0
2812.4,2.999
2812.5,6.998
2812.6,7.998
2812.7,6.998
2812.8,8.998
2812.9,8.998
2813.0,11.997
2813.1,10.997
2813.2,15.996
2813.3,16.996
2813.4,17.995
2813.5,17.995
2813.6,15.996
2813.7,17.995
2813.8,16.996
2813.9,19.995
2814.0,20.995
2814.1,18.995
2814.2,20.995
2814.3,22.994
2814.4,20.995
2814.5,23.994
2814.6,25.994
2814.7,24.994
2814.8,23.994
2814.9,27.993
2815.0,26.993
2815.1,25.994
2815.2,25.994
2815.3,27.993
2815.4,26.993
2815.5,31.992
2815.6,31.992
2815.7,28.993
2815.8,31.992
2815.9,31.992
2816.0,31.992
2816.1,30.992
2816.2,31.992
2816.3,30.992
2816.4,35.991
2816.5,32.992
2816.6,34.991
2816.7,32.992
2816.8,34.991
2816.9,36.991
2817.0,33.992
2817.1,33.992
2817.2,34.991
2817.3,35.991
2817.4,36.991
2817.5,33.992
2817.6,33.992
2817.7,36.991
2817.8,35.991
2817.9,37.991
2818.0,34.991
2818.1,34.991
2818.2,34.991
2818.3,36.991
2818.4,36.991
2818.5,33.992
2818.6,34.991
2818.7,31.992
2818.8,31.992
2818.9,31.992
2819.0,30.992
2819.1,30.992
2819.2,28.993
2819.3,30.992
2819.4,30.992
2819.5,24.994
2819.6,24.994
2819.7,30.992
2819.8,28.993
2819.9,23.994
2820.0,27.993
2820.1,23.994
2820.2,25.994
2820.3,19.995
2820.4,18.995
2820.5,19.995
2820.6,20.995
2820.7,19.995
2820.8,15.996
2820.9,16.996
2821.0,16.996
2821.1,15.996
2821.2,13.997
2821.3,9.998
2821.4,9.998
2821.5,9.998
2821.6,8.998
2821.7,10.997
2821.8,5.998
2821.9,2.999
2822.0,6.998
2822.1,2.999
2822.2,2.0
2822.3,2.999
2822.4,2.0
2822.5,1.0
2822.6,-2.999
2822.7,-2.999
2822.8,-6.998
2822.9,-6.998
2823.0,-8.998
2823.1,-5.998
2823.2,-10.997
2823.3,-11.997
2823.4,-8.998
2823.5,-13.997
2823.6,-16.996
2823.7,-9.998
2823.8,-13.997
2823.9,-13.997
2824.0,-16.996
2824.1,-16.996
2824.2,-15.996
2824.3,-20.995
2824.4,-20.995
2824.5,-22.994
2824.6,-20.995
2824.7,-19.995
2824.8,-22.994
2824.9,-22.994
2825.0,-24.994
2825.1,-23.994
2825.2,-23.994
2825.3,-22.994
2825.4,-24.994
2825.5,-22.994
2825.6,-26.993
2825.7,-28.993
2825.8,-23.994
2825.9,-31.992
2826.0,-23.994
2826.1,-27.993
2826.2,-30.992
2826.3,-25.994
2826.4,-30.992
2826.5,-27.993
2826.6,-28.993
2826.7,-30.992
2826.8,-28.993
2826.9,-31.992
2827.0,-32.992
2827.1,-33.992
2827.2,-31.992
2827.3,-28.993
2827.4,-34.991
2827.5,-30.992
2827.6,-30.992
2827.7,-32.992
2827.8,-33.992
2827.9,-31.992
2828.0,-32.992
2828.1,-31.992
2828.2,-30.992
2828.3,-30.992
2828.4,-33.992
2828.5,-32.992
2828.6,-26.993
2828.7,-27.993
2828.8,-26.993
2828.9,-28.993
2829.0,-27.993
2829.1,-27.993
2829.2,-22.994
2829.3,-25.994
2829.4,-26.993
2829.5,-24.994
2829.6,-23.994
2829.7,-20.995
2829.8,-20.995
2829.9,-22.994
2830.0,-16.996
2830.1,-16.996
2830.2,-17.995
2830.3,-13.997
2830.4,-13.997
2830.5,-15.996
2830.6,-16.996
2830.7,-14.996
2830.8,-11.997
2830.9,-14.996
2831.0,-14.996
2831.1,-9.998
2831.2,-8.998
2831.3,-4.999
2831.4,-4.999
2831.5,-7.998
2831.6,-5.998
2831.7,-2.999
2831.8,0.0
2831.9,2.0
2832.0,0.0
2832.1,2.0
2832.2,1.0
2832.3,2.999
2832.4,5.998
2832.5,4.999
2832.6,4.999
2832.7,9.998
2832.8,5.998
2832.9,8.998
2833.0,13.997
2833.1,11.997
2833.2,13.997
2833.3,13.997
2833.4,15.996
2833.5,16.996
2833.6,16.996
2833.7,15.996
2833.8,20.995
2833.9,19.995
2834.0,19.995
2834.1,20.995
2834.2,25.994
2834.3,23.994
2834.4,23.994
2834.5,23.994
2834.6,22.994
2834.7,20.995
2834.8,24.994
2834.9,27.993
2835.0,26.993
2835.1,25.994
2835.2,27.993
2835.3,24.994
2835.4,26.993
2835.5,28.993
2835.6,32.992
2835.7,34.991
2835.8,28.993
2835.9,33.992
2836.0,31.992
2836.1,31.992
2836.2,33.992
2836.3,30.992
2836.4,33.992
2836.5,31.992
2836.6,33.992
2836.7,33.992
2836.8,36.991
2836.9,34.991
2837.0,34.991
2837.1,34.991
2837.2,39.99
2837.3,37.991
2837.4,36.991
2837.5,34.991
2837.6,39.99
2837.7,36.991
2837.8,35.991
2837.9,33.992
2838.0,34.991
2838.1,34.991
2838.2,36.991
2838.3,40.99
2838.4,36.991
2838.5,37.991
2838.6,33.992
2838.7,30.992
2838.8,32.992
2838.9,28.993
2839.0,30.992
2839.1,31.992
2839.2,27.993
2839.3,30.992
2839.4,32.992
2839.5,25.994
2839.6,30.992
2839.7,25.994
2839.8,25.994
2839.9,24.994
2840.0,24.994
2840.1,25.994
2840.2,27.993
2840.3,18.995
2840.4,22.994
2840.5,22.994
2840.6,18.995
2840.7,23.994
2840.8,15.996
2840.9,17.995
2841.0,16.996
2841.1,14.996
2841.2,13.997
2841.3,11.997
2841.4,8.998
2841.5,10.997
2841.6,8.998
2841.7,6.998
2841.8,6.998
2841.9,5.998
2842.0,2.0
2842.1,5.998
2842.2,2.999
2842.3,2.999
2842.4,2.0
2842.5,2.999
2842.6,0.0
2842.7,0.0
2842.8,-4.999
2842.9,-2.0
2843.0,-7.998
2843.1,-7.998
2843.2,-9.998
2843.3,-9.998
2843.4,-13.997
2843.5,-10.997
2843.6,-8.998
2843.7,-10.997
2843.8,-15.996
2843.9,-13.997
2844.0,-17.995
2844.1,-16.996
2844.2,-16.996
2844.3,-18.995
2844.4,-16.996
2844.5,-19.995
2844.6,-18.995
2844.7,-18.995
2844.8,-19.995
2844.9,-17.995
2845.0,-23.994
2845.1,-20.995
2845.2,-23.994
2845.3,-25.994
2845.4,-24.994
2845.5,-23.994
2845.6,-23.994
2845.7,-24.994
2845.8,-27.993
2845.9,-26.993
2846.0,-30.992
2846.1,-28.993
2846.2,-26.993
2846.3,-26.993
2846.4,-25.994
2846.5,-25.994
2846.6,-30.992
2846.7,-28.993
2846.8,-27.993
2846.9,-30.992
2847.0,-28.993
2847.1,-34.991
2847.2,-31.992
2847.3,-28.993
2847.4,-34.991
2847.5,-30.992
2847.6,-31.992
2847.7,-30.992
2847.8,-33.992
2847.9,-34.991
2848.0,-30.992
2848.1,-28.993
2848.2,-31.992
2848.3,-33.992
2848.4,-32.992
2848.5,-32.992
2848.6,-25.994
2848.7,-28.993
2848.8,-31.992
2848.9,-26.993
2849.0,-27.993
2849.1,-25.994
2849.2,-22.994
2849.3,-23.994
2849.4,-25.994
2849.5,-23.994
2849.6,-24.994
2849.7,-22.994
2849.8,-23.994
2849.9,-22.994
2850.0,-19.995
2850.1,-23.994
2850.2,-16.996
2850.3,-18.995
2850.4,-17.995
2850.5,-15.996
2850.6,-13.997
2850.7,-13.997
2850.8,-10.997
2850.9,-13.997
2851.0,-11.997
2851.1,-9.998
2851.2,-7.998
2851.3,-7.998
2851.4,-2.999
2851.5,-6.998
2851.6,-2.0
2851.7,-2.999
2851.8,-1.0
2851.9,-1.0
2852.0,-1.0
2852.1,2.0
2852.2,2.999
2852.3,4.999
2852.4,4.999
2852.5,6.998
2852.6,5.998
2852.7,7.998
2852.8,9.998
2852.9,11.997
2853.0,10.997
2853.1,13.997
2853.2,16.996
2853.3,17.995
2853.4,16.996
2853.5,15.996
2853.6,19.995
2853.7,17.995
2853.8,18.995
2853.9,20.995
2854.0,20.995
2854.1,23.994
2854.2,20.995
2854.3,26.993
2854.4,22.994
2854.5,23.994
2854.6,24.994
2854.7,24.994
2854.8,27.993
2854.9,25.994
2855.0,28.993
2855.1,25.994
2855.2,27.993
2855.3,27.993
2855.4,27.993
2855.5,27.993
2855.6,31.992
2855.7,32.992
2855.8,30.992
2855.9,28.993
2856.0,30.992
2856.1,33.992
2856.2,32.992
2856.3,31.992
2856.4,33.992
2856.5,30.992
2856.6,34.991
2856.7,32.992
2856.8,37.991
2856.9,35.991
2857.0,36.991
2857.1,35.991
2857.2,37.991
2857.3,37.991
2857.4,39.99
2857.5,35.991
2857.6,35.991
2857.7,33.992
2857.8,33.992
2857.9,34.991
2858.0,35.991
2858.1,35.991
2858.2,37.991
2858.3,37.991
2858.4,35.991
2858.5,33.992
2858.6,33.992
2858.7,35.991
2858.8,34.991
2858.9,32.992
2859.0,34.991
2859.1,31.992
2859.2,31.992
2859.3,27.993
2859.4,30.992
2859.5,28.993
2859.6,28.993
2859.7,30.992
2859.8,24.994
2859.9,24.994
2860.0,25.994
2860.1,24.994
2860.2,24.994
2860.3,23.994
2860.4,22.994
2860.5,22.994
2860.6,19.995
2860.7,19.995
2860.8,17.995
2860.9,16.996
2861.0,18.995
2861.1,14.996
2861.2,14.996
2861.3,8.998
2861.4,10.997
2861.5,9.998
2861.6,9.998
2861.7,6.998
2861.8,2.999
2861.9,1.0
2862.0,2.0
2862.1,2.0
2862.2,0.0
2862.3,-2.999
2862.4,1.0
2862.5,-2.0
2862.6,-2.0
2862.7,-2.0
2862.8,-2.0
2862.9,-4.999
2863.0,-5.998
2863.1,-7.998
2863.2,-10.997
2863.3,-9.998
2863.4,-10.997
2863.5,-8.998
2863.6,-10.997
2863.7,-14.996
2863.8,-11.997
2863.9,-11.997
2864.0,-13.997
2864.1,-17.995
2864.2,-16.996
2864.3,-19.995
2864.4,-16.996
2864.5,-16.996
2864.6,-19.995
2864.7,-19.995
2864.8,-22.994
2864.9,-22.994
2865.0,-19.995
2865.1,-20.995
2865.2,-20.995
2865.3,-19.995
2865.4,-23.994
2865.5,-25.994
2865.6,-24.994
2865.7,-22.994
2865.8,-23.994
2865.9,-24.994
2866.0,-26.993
2866.1,-31.992
2866.2,-27.993
2866.3,-23.994
2866.4,-24.994
2866.5,-26.993
2866.6,-25.994
2866.7,-26.993
2866.8,-27.993
2866.9,-28.993
2867.0,-28.993
2867.1,-35.991
2867.2,-33.992
2867.3,-33.992
2867.4,-30.992
2867.5,-30.992
2867.6,-33.992
2867.7,-33.992
2867.8,-32.992
2867.9,-33.992
2868.0,-33.992
2868.1,-32.992
2868.2,-31.992
2868.3,-28.993
2868.4,-32.992
2868.5,-31.992
2868.6,-28.993
2868.7,-27.993
2868.8,-31.992
2868.9,-26.993
2869.0,-28.993
2869.1,-26.993
2869.2,-26.993
2869.3,-25.994
2869.4,-24.994
2869.5,-25.994
2869.6,-23.994
2869.7,-24.994
2869.8,-22.994
2869.9,-23.994
2870.0,-20.995
2870.1,-23.994
2870.2,-20.995
2870.3,-18.995
2870.4,-17.995
2870.5,-15.996
2870.6,-14.996
2870.7,-14.996
2870.8,-11.997
2870.9,-13.997
2871.0,-10.997
2871.1,-7.998
2871.2,-10.997
2871.3,-4.999
2871.4,-5.998
2871.5,-4.999
2871.6,-2.999
2871.7,-2.0
2871.8,-2.999
2871.9,-1.0
2872.0,2.0
2872.1,0.0
2872.2,2.0
2872.3,2.0
2872.4,4.999
2872.5,4.999
2872.6,6.998
2872.7,2.999
2872.8,5.998
2872.9,9.998
2873.0,8.998
2873.1,9.998
2873.2,13.997
2873.3,8.998
2873.4,9.998
2873.5,13.997
2873.6,16.996
2873.7,17.995
2873.8,15.996
2873.9,17.995
2874.0,17.995
2874.1,18.995
2874.2,23.994
2874.3,17.995
2874.4,20.995
2874.5,22.994
2874.6,20.995
2874.7,24.994
2874.8,24.994
2874.9,22.994
2875.0,25.994
2875.1,25.994
2875.2,23.994
2875.3,26.993
2875.4,25.994
2875.5,30.992
2875.6,27.993
2875.7,24.994
2875.8,28.993
2875.9,28.993
2876.0,28.993
2876.1,28.993
2876.2,27.993
2876.3,32.992
2876.4,31.992
2876.5,33.992
2876.6,31.992
2876.7,32.992
2876.8,35.991
2876.9,34.991
2877.0,32.992
2877.1,33.992
2877.2,32.992
2877.3,32.992
2877.4,34.991
2877.5,37.991
2877.6,33.992
2877.7,36.991
2877.8,35.991
2877.9,34.991
2878.0,34.991
2878.1,32.992
2878.2,34.991
2878.3,32.992
2878.4,32.992
2878.5,32.992
2878.6,36.991
2878.7,31.992
2878.8,31.992
2878.9,33.992
2879.0,30.992
2879.1,28.993
2879.2,30.992
2879.3,27.993
2879.4,31.992
2879.5,30.992
2879.6,27.993
2879.7,25.994
2879.8,26.993
2879.9,25.994
2880.0,23.994
2880.1,25.994
2880.2,25.994
2880.3,25.994
2880.4,19.995
2880.5,22.994
2880.6,20.995
2880.7,17.995
2880.8,19.995
2880.9,16.996
2881.0,16.996
2881.1,13.997
2881.2,14.996
2881.3,13.997
2881.4,9.998
2881.5,10.997
2881.6,9.998
2881.7,7.998
2881.8,7.998
2881.9,5.998
2882.0,5.998
2882.1,4.999
2882.2,4.999
2882.3,2.999
2882.4,2.999
2882.5,-1.0
2882.6,-2.0
2882.7,2.0
2882.8,-1.0
2882.9,-2.999
2883.0,-5.998
2883.1,-2.999
2883.2,-7.998
2883.3,-5.998
2883.4,-10.997
2883.5,-10.997
2883.6,-10.997
2883.7,-9.998
2883.8,-11.997
2883.9,-13.997
2884.0,-11.997
2884.1,-13.997
2884.2,-15.996
2884.3,-15.996
2884.4,-19.995
2884.5,-15.996
2884.6,-18.995
2884.7,-16.996
2884.8,-19.995
2884.9,-20.995
2885.0,-18.995
2885.1,-22.994
2885.2,-20.995
2885.3,-22.994
2885.4,-18.995
2885.5,-19.995
2885.6,-20.995
2885.7,-23.994
2885.8,-23.994
2885.9,-24.994
2886.0,-26.993
2886.1,-25.994
2886.2,-24.994
2886.3,-25.994
2886.4,-27.993
2886.5,-26.993
2886.6,-31.992
2886.7,-24.994
2886.8,-26.993
2886.9,-28.993
2887.0,-28.993
2887.1,-28.993
2887.2,-28.993
2887.3,-30.992
2887.4,-34.991
2887.5,-32.992
2887.6,-30.992
2887.7,-28.993
2887.8,-32.992
2887.9,-31.992
2888.0,-28.993
2888.1,-33.992
2888.2,-31.992
2888.3,-31.992
2888.4,-30.992
2888.5,-31.992
2888.6,-31.992
2888.7,-30.992
2888.8,-28.993
2888.9,-28.993
2889.0,-28.993
2889.1,-25.994
2889.2,-23.994
2889.3,-23.994
2889.4,-23.994
2889.5,-25.994
2889.6,-20.995
2889.7,-22.994
2889.8,-22.994
2889.9,-20.995
2890.0,-17.995
2890.1,-23.994
2890.2,-18.995
2890.3,-16.996
2890.4,-15.996
2890.5,-14.996
2890.6,-13.997
2890.7,-16.996
2890.8,-11.997
2890.9,-10.997
2891.0,-15.996
2891.1,-11.997
2891.2,-10.997
2891.3,-7.998
2891.4,-5.998
2891.5,-4.999
2891.6,-2.0
2891.7,-4.999
2891.8,-4.999
2891.9,0.0
2892.0,1.0
2892.1,2.0
2892.2,-1.0
2892.3,5.998
2892.4,2.0
2892.5,4.999
2892.6,5.998
2892.7,4.999
2892.8,7.998
2892.9,9.998
2893.0,14.996
2893.1,14.996
2893.2,13.997
2893.3,13.997
2893.4,14.996
2893.5,16.996
2893.6,15.996
2893.7,17.995
2893.8,18.995
2893.9,15.996
2894.0,18.995
2894.1,17.995
2894.2,18.995
2894.3,18.995
2894.4,19.995
2894.5,23.994
2894.6,23.994
2894.7,24.994
2894.8,24.994
2894.9,24.994
2895.0,23.994
2895.1,25.994
2895.2,23.994
2895.3,27.993
2895.4,26.993
2895.5,27.993
2895.6,27.993
2895.7,28.993
2895.8,27.993
2895.9,31.992
2896.0,27.993
2896.1,32.992
2896.2,32.992
2896.3,33.992
2896.4,31.992
2896.5,32.992
2896.6,33.992
2896.7,32.992
2896.8,31.992
2896.9,35.991
2897.0,34.991
2897.1,36.991
2897.2,34.991
2897.3,37.991
2897.4,33.992
2897.5,35.991
2897.6,36.991
2897.7,35.991
2897.8,35.991
2897.9,35.991
2898.0,34.991
2898.1,37.991
2898.2,35.991
2898.3,32.992
2898.4,36.991
2898.5,37.991
2898.6,33.992
2898.7,33.992
2898.8,30.992
2898.9,32.992
2899.0,30.992
2899.1,31.992
2899.2,27.993
2899.3,31.992
2899.4,28.993
2899.5,27.993
2899.6,26.993
2899.7,27.993
2899.8,24.994
2899.9,24.994
2900.0,26.993
2900.1,24.994
2900.2,22.994
2900.3,20.995
2900.4,23.994
2900.5,20.995
2900.6,20.995
2900.7,17.995
2900.8,17.995
2900.9,14.996
2901.0,17.995
2901.1,15.996
2901.2,15.996
2901.3,9.998
2901.4,8.998
2901.5,8.998
2901.6,10.997
2901.7,8.998
2901.8,6.998
2901.9,5.998
2902.0,6.998
2902.1,4.999
2902.2,2.0
2902.3,0.0
2902.4,2.0
2902.5,1.0
2902.6,-2.0
2902.7,-2.0
2902.8,-1.0
2902.9,-2.999
2903.0,-6.998
2903.1,-6.998
2903.2,-6.998
2903.3,-6.998
2903.4,-14.996
2903.5,-14.996
2903.6,-10.997
2903.7,-13.997
2903.8,-9.998
2903.9,-13.997
2904.0,-13.997
2904.1,-13.997
2904.2,-18.995
2904.3,-18.995
2904.4,-16.996
2904.5,-19.995
2904.6,-17.995
2904.7,-19.995
2904.8,-19.995
2904.9,-19.995
2905.0,-22.994
2905.1,-22.994
2905.2,-22.994
2905.3,-18.995
2905.4,-22.994
2905.5,-25.994
2905.6,-25.994
2905.7,-24.994
2905.8,-25.994
2905.9,-25.994
2906.0,-27.993
2906.1,-28.993
2906.2,-30.992
2906.3,-26.993
2906.4,-28.993
2906.5,-25.994
2906.6,-25.994
2906.7,-27.993
2906.8,-25.994
2906.9,-26.993
2907.0,-30.992
2907.1,-27.993
2907.2,-28.993
2907.3,-26.993
2907.4,-31.992
2907.5,-31.992
2907.6,-35.991
2907.7,-30.992
2907.8,-33.992
2907.9,-30.992
2908.0,-31.992
2908.1,-28.993
2908.2,-30.992
2908.3,-31.992
2908.4,-28.993
2908.5,-28.993
2908.6,-28.993
2908.7,-28.993
2908.8,-26.993
2908.9,-27.993
2909.0,-26.993
2909.1,-26.993
2909.2,-25.994
2909.3,-25.994
2909.4,-24.994
2909.5,-22.994
2909.6,-24.994
2909.7,-26.993
2909.8,-18.995
2909.9,-19.995
2910.0,-18.995
2910.1,-20.995
2910.2,-15.996
2910.3,-19.995
2910.4,-14.996
2910.5,-16.996
2910.6,-14.996
2910.7,-13.997
2910.8,-10.997
2910.9,-10.997
2911.0,-11.997
2911.1,-9.998
2911.2,-6.998
2911.3,-7.998
2911.4,-9.998
2911.5,-9.998
2911.6,-2.999
2911.7,-4.999
2911.8,-2.999
2911.9,-1.0
2912.0,-1.0
2912.1,0.0
2912.2,1.0
2912.3,2.0
2912.4,5.998
2912.5,2.0
2912.6,2.0
2912.7,5.998
2912.8,7.998
2912.9,11.997
2913.0,9.998
2913.1,11.997
2913.2,11.997
2913.3,10.997
2913.4,10.997
2913.5,14.996
2913.6,16.996
2913.7,15.996
2913.8,14.996
2913.9,16.996
2914.0,17.995
2914.1,18.995
2914.2,18.995
2914.3,19.995
2914.4,20.995
2914.5,22.994
2914.6,22.994
2914.7,22.994
2914.8,22.994
2914.9,25.994
2915.0,23.994
2915.1,24.994
2915.2,22.994
2915.3,26.993
2915.4,22.994
2915.5,24.994
2915.6,25.994
2915.7,28.993
2915.8,26.993
2915.9,26.993
2916.0,28.993
2916.1,31.992
2916.2,25.994
2916.3,28.993
2916.4,33.992
2916.5,28.993
2916.6,35.991
2916.7,28.993
2916.8,31.992
2916.9,33.992
2917.0,34.991
2917.1,34.991
2917.2,32.992
2917.3,33.992
2917.4,34.991
2917.5,36.991
2917.6,33.992
2917.7,35.991
2917.8,37.991
2917.9,36.991
2918.0,35.991
2918.1,39.99
2918.2,33.992
2918.3,31.992
2918.4,34.991
2918.5,34.991
2918.6,33.992
2918.7,32.992
2918.8,32.992
2918.9,28.993
2919.0,32.992
2919.1,27.993
2919.2,27.993
2919.3,30.992
2919.4,25.994
2919.5,27.993
2919.6,28.993
2919.7,28.993
2919.8,26.993
2919.9,23.994
2920.0,27.993
2920.1,25.994
2920.2,25.994
2920.3,24.994
2920.4,19.995
2920.5,20.995
2920.6,19.995
2920.7,19.995
2920.8,17.995
2920.9,19.995
2921.0,15.996
2921.1,14.996
2921.2,10.997
2921.3,13.997
2921.4,10.997
2921.5,9.998
2921.6,5.998
2921.7,7.998
2921.8,6.998
2921.9,2.999
2922.0,6.998
2922.1,4.999
2922.2,2.0
2922.3,4.999
2922.4,0.0
2922.5,2.0
2922.6,2.0
2922.7,0.0
2922.8,-2.0
2922.9,-2.999
2923.0,-6.998
2923.1,-7.998
2923.2,-7.998
2923.3,-9.998
2923.4,-11.997
2923.5,-10.997
2923.6,-14.996
2923.7,-11.997
2923.8,-15.996
2923.9,-10.997
2924.0,-14.996
2924.1,-8.998
2924.2,-14.996
2924.3,-14.996
2924.4,-14.996
2924.5,-16.996
2924.6,-11.997
2924.7,-19.995
2924.8,-20.995
2924.9,-18.995
2925.0,-19.995
2925.1,-19.995
2925.2,-19.995
2925.3,-20.995
2925.4,-24.994
2925.5,-22.994
2925.6,-22.994
2925.7,-24.994
2925.8,-25.994
2925.9,-27.993
2926.0,-26.993
2926.1,-24.994
2926.2,-25.994
2926.3,-23.994
2926.4,-25.994
2926.5,-23.994
2926.6,-25.994
2926.7,-27.993
2926.8,-23.994
2926.9,-25.994
2927.0,-33.992
2927.1,-30.992
2927.2,-34.991
2927.3,-31.992
2927.4,-33.992
2927.5,-32.992
2927.6,-31.992
2927.7,-34.991
2927.8,-31.992
2927.9,-31.992
2928.0,-28.993
2928.1,-32.992
2928.2,-28.993
2928.3,-27.993
2928.4,-30.992
2928.5,-27.993
2928.6,-30.992
2928.7,-26.993
2928.8,-30.992
2928.9,-27.993
2929.0,-26.993
2929.1,-25.994
2929.2,-19.995
2929.3,-26.993
2929.4,-25.994
2929.5,-23.994
2929.6,-26.993
2929.7,-22.994
2929.8,-24.994
2929.9,-22.994
2930.0,-19.995
2930.1,-20.995
2930.2,-18.995
2930.3,-16.996
2930.4,-16.996
2930.5,-14.996
2930.6,-15.996
2930.7,-13.997
2930.8,-13.997
2930.9,-13.997
2931.0,-10.997
2931.1,-10.997
2931.2,-7.998
2931.3,-6.998
2931.4,-4.999
2931.5,0.0
2931.6,-6.998
2931.7,-2.0
2931.8,-1.0
2931.9,1.0
2932.0,0.0
2932.1,4.999
2932.2,2.999
2932.3,4.999
2932.4,7.998
2932.5,7.998
2932.6,5.998
2932.7,6.998
2932.8,8.998
2932.9,14.996
2933.0,11.997
2933.1,11.997
2933.2,10.997
2933.3,16.996
2933.4,15.996
2933.5,16.996
2933.6,19.995
2933.7,19.995
2933.8,17.995
2933.9,23.994
2934.0,19.995
2934.1,20.995
2934.2,22.994
2934.3,23.994
2934.4,27.993
2934.5,23.994
2934.6,24.994
2934.7,25.994
2934.8,27.993
2934.9,26.993
2935.0,27.993
2935.1,25.994
2935.2,27.993
2935.3,27.993
2935.4,31.992
2935.5,26.993
2935.6,26.993
2935.7,31.992
2935.8,31.992
2935.9,32.992
2936.0,32.992
2936.1,32.992
2936.2,32.992
2936.3,33.992
2936.4,40.99
2936.5,34.991
2936.6,36.991
2936.7,34.991
2936.8,35.991
2936.9,34.991
2937.0,36.991
2937.1,36.991
2937.2,35.991
2937.3,35.991
2937.4,36.991
2937.5,35.991
2937.6,39.99
2937.7,36.991
2937.8,39.99
2937.9,35.991
2938.0,35.991
2938.1,34.991
2938.2,37.991
2938.3,37.991
2938.4,34.991
2938.5,36.991
2938.6,33.992
2938.7,36.991
2938.8,34.991
2938.9,31.992
2939.0,35.991
2939.1,33.992
2939.2,31.992
2939.3,30.992
2939.4,27.993
2939.5,26.993
2939.6,25.994
2939.7,26.993
2939.8,27.993
2939.9,25.994
2940.0,26.993
2940.1,24.994
2940.2,24.994
2940.3,23.994
2940.4,22.994
2940.5,23.994
2940.6,19.995
2940.7,18.995
2940.8,14.996
2940.9,16.996
2941.0,14.996
2941.1,15.996
2941.2,10.997
2941.3,13.997
2941.4,11.997
2941.5,8.998
2941.6,8.998
2941.7,9.998
2941.8,6.998
2941.9,5.998
2942.0,4.999
2942.1,1.0
2942.2,2.0
2942.3,-1.0
2942.4,-1.0
2942.5,-1.0
2942.6,-1.0
2942.7,-2.0
2942.8,-6.998
2942.9,-6.998
2943.0,-4.999
2943.1,-8.998
2943.2,-7.998
2943.3,-8.998
2943.4,-11.997
2943.5,-15.996
2943.6,-14.996
2943.7,-14.996
2943.8,-10.997
2943.9,-15.996
2944.0,-14.996
2944.1,-13.997
2944.2,-15.996
2944.3,-16.996
2944.4,-14.996
2944.5,-19.995
2944.6,-19.995
2944.7,-17.995
2944.8,-19.995
2944.9,-23.994
2945.0,-22.994
2945.1,-25.994
2945.2,-24.994
2945.3,-20.995
2945.4,-25.994
2945.5,-26.993
2945.6,-24.994
2945.7,-25.994
2945.8,-26.993
2945.9,-25.994
2946.0,-27.993
2946.1,-26.993
2946.2,-30.992
2946.3,-27.993
2946.4,-31.992
2946.5,-30.992
2946.6,-31.992
2946.7,-28.993
2946.8,-30.992
2946.9,-30.992
2947.0,-33.992
2947.1,-32.992
2947.2,-33.992
2947.3,-30.992
2947.4,-32.992
2947.5,-34.991
2947.6,-31.992
2947.7,-30.992
2947.8,-34.991
2947.9,-34.991
2948.0,-28.993
2948.1,-30.992
2948.2,-31.992
2948.3,-30.992
2948.4,-30.992
2948.5,-26.993
2948.6,-28.993
2948.7,-28.993
2948.8,-28.993
2948.9,-28.993
2949.0,-28.993
2949.1,-27.993
2949.2,-28.993
2949.3,-25.994
2949.4,-24.994
2949.5,-25.994
2949.6,-22.994
2949.7,-20.995
2949.8,-23.994
2949.9,-20.995
2950.0,-20.995
2950.1,-19.995
2950.2,-17.995
2950.3,-15.996
2950.4,-15.996
2950.5,-15.996
2950.6,-14.996
2950.7,-15.996
2950.8,-15.996
2950.9,-10.997
2951.0,-9.998
2951.1,-8.998
2951.2,-6.998
2951.3,-6.998
2951.4,-5.998
2951.5,-4.999
2951.6,-8.998
2951.7,-2.0
2951.8,0.0
2951.9,1.0
2952.0,2.999
2952.1,2.0
2952.2,1.0
2952.3,1.0
2952.4,2.0
2952.5,4.999
2952.6,7.998
2952.7,7.998
2952.8,6.998
2952.9,13.997
2953.0,9.998
2953.1,10.997
2953.2,14.996
2953.3,14.996
2953.4,14.996
2953.5,15.996
2953.6,16.996
2953.7,20.995
2953.8,19.995
2953.9,18.995
2954.0,18.995
2954.1,18.995
2954.2,16.996
2954.3,20.995
2954.4,23.994
2954.5,24.994
2954.6,25.994
2954.7,23.994
2954.8,26.993
2954.9,26.993
2955.0,27.993
2955.1,28.993
2955.2,30.992
2955.3,26.993
2955.4,28.993
2955.5,27.993
2955.6,28.993
2955.7,27.993
2955.8,28.993
2955.9,27.993
2956.0,31.992
2956.1,31.992
2956.2,32.992
2956.3,31.992
2956.4,35.991
2956.5,31.992
2956.6,34.991
2956.7,31.992
2956.8,33.992
2956.9,34.991
2957.0,35.991
2957.1,35.991
2957.2,35.991
2957.3,34.991
2957.4,34.991
2957.5,36.991
2957.6,37.991
2957.7,39.99
2957.8,35.991
2957.9,34.991
2958.0,36.991
2958.1,35.991
2958.2,34.991
2958.3,35.991
2958.4,34.991
2958.5,33.992
2958.6,36.991
2958.7,34.991
2958.8,34.991
2958.9,28.993
2959.0,31.992
2959.1,32.992
2959.2,31.992
2959.3,27.993
2959.4,22.994
2959.5,30.992
2959.6,30.992
2959.7,26.993
2959.8,28.993
2959.9,27.993
2960.0,26.993
2960.1,27.993
2960.2,23.994
2960.3,24.994
2960.4,24.994
2960.5,23.994
2960.6,17.995
2960.7,20.995
2960.8,17.995
2960.9,15.996
2961.0,14.996
2961.1,14.996
2961.2,15.996
2961.3,11.997
2961.4,8.998
2961.5,6.998
2961.6,9.998
2961.7,8.998
2961.8,7.998
2961.9,7.998
2962.0,2.0
2962.1,1.0
2962.2,5.998
2962.3,1.0
2962.4,0.0
2962.5,-2.0
2962.6,-4.999
2962.7,-4.999
2962.8,-5.998
2962.9,-2.999
2963.0,-4.999
2963.1,-7.998
2963.2,-8.998
2963.3,-9.998
2963.4,-11.997
2963.5,-10.997
2963.6,-15.996
2963.7,-14.996
2963.8,-15.996
2963.9,-14.996
2964.0,-14.996
2964.1,-15.996
2964.2,-16.996
2964.3,-15.996
2964.4,-15.996
2964.5,-15.996
2964.6,-18.995
2964.7,-19.995
2964.8,-20.995
2964.9,-19.995
2965.0,-20.995
2965.1,-20.995
2965.2,-20.995
2965.3,-22.994
2965.4,-20.995
2965.5,-22.994
2965.6,-22.994
2965.7,-23.994
2965.8,-23.994
2965.9,-20.995
2966.0,-22.994
2966.1,-26.993
2966.2,-27.993
2966.3,-27.993
2966.4,-26.993
2966.5,-26.993
2966.6,-28.993
2966.7,-25.994
2966.8,-28.993
2966.9,-30.992
2967.0,-27.993
2967.1,-30.992
2967.2,-31.992
2967.3,-30.992
2967.4,-32.992
2967.5,-31.992
2967.6,-34.991
2967.7,-35.991
2967.8,-30.992
2967.9,-31.992
2968.0,-26.993
2968.1,-33.992
2968.2,-30.992
2968.3,-28.993
2968.4,-30.992
2968.5,-31.992
2968.6,-31.992
2968.7,-27.993
2968.8,-30.992
2968.9,-30.992
2969.0,-28.993
2969.1,-26.993
2969.2,-26.993
2969.3,-26.993
2969.4,-26.993
2969.5,-23.994
2969.6,-24.994
2969.7,-24.994
2969.8,-22.994
2969.9,-17.995
2970.0,-19.995
2970.1,-20.995
2970.2,-17.995
2970.3,-20.995
2970.4,-14.996
2970.5,-17.995
2970.6,-14.996
2970.7,-15.996
2970.8,-10.997
2970.9,-7.998
2971.0,-10.997
2971.1,-6.998
2971.2,-4.999
2971.3,-6.998
2971.4,-6.998
2971.5,-6.998
2971.6,-2.999
2971.7,-4.999
2971.8,-2.999
2971.9,-1.0
2972.0,0.0
2972.1,0.0
2972.2,2.0
2972.3,1.0
2972.4,6.998
2972.5,5.998
2972.6,5.998
2972.7,6.998
2972.8,4.999
2972.9,8.998
2973.0,13.997
2973.1,10.997
2973.2,13.997
2973.3,15.996
2973.4,11.997
2973.5,14.996
2973.6,17.995
2973.7,19.995
2973.8,19.995
2973.9,18.995
2974.0,23.994
2974.1,19.995
2974.2,20.995
2974.3,20.995
2974.4,18.995
2974.5,20.995
2974.6,25.994
2974.7,26.993
2974.8,27.993
2974.9,24.994
2975.0,24.994
2975.1,26.993
2975.2,24.994
2975.3,28.993
2975.4,25.994
2975.5,32.992
2975.6,27.993
2975.7,27.993
2975.8,28.993
2975.9,32.992
2976.0,32.992
2976.1,32.992
2976.2,35.991
2976.3,33.992
2976.4,32.992
2976.5,32.992
2976.6,31.992
2976.7,30.992
2976.8,33.992
2976.9,32.992
2977.0,32.992
2977.1,33.992
2977.2,35.991
2977.3,34.991
2977.4,34.991
2977.5,35.991
2977.6,39.99
2977.7,37.991
2977.8,39.99
2977.9,37.991
2978.0,35.991
2978.1,34.991
2978.2,33.992
2978.3,35.991
2978.4,33.992
2978.5,33.992
2978.6,32.992
2978.7,33.992
2978.8,30.992
2978.9,32.992
2979.0,28.993
2979.1,33.992
2979.2,32.992
2979.3,32.992
2979.4,27.993
2979.5,28.993
2979.6,26.993
2979.7,27.993
2979.8,25.994
2979.9,25.994
2980.0,27.993
2980.1,27.993
2980.2,25.994
2980.3,20.995
2980.4,19.995
2980.5,20.995
2980.6,22.994
2980.7,17.995
2980.8,16.996
2980.9,16.996
2981.0,17.995
2981.1,17.995
2981.2,15.996
2981.3,9.998
2981.4,13.997
2981.5,9.998
2981.6,9.998
2981.7,8.998
2981.8,7.998
2981.9,6.998
2982.0,7.998
2982.1,2.0
2982.2,1.0
2982.3,2.0
2982.4,0.0
2982.5,-2.0
2982.6,-1.0
2982.7,-2.0
2982.8,-4.999
2982.9,-5.998
2983.0,-5.998
2983.1,-2.999
2983.2,-7.998
2983.3,-8.998
2983.4,-10.997
2983.5,-11.997
2983.6,-11.997
2983.7,-11.997
2983.8,-15.996
2983.9,-14.996
2984.0,-13.997
2984.1,-14.996
2984.2,-14.996
2984.3,-17.995
2984.4,-15.996
2984.5,-19.995
2984.6,-17.995
2984.7,-19.995
2984.8,-18.995
2984.9,-24.994
2985.0,-22.994
2985.1,-24.994
2985.2,-22.994
2985.3,-22.994
2985.4,-23.994
2985.5,-25.994
2985.6,-19.995
2985.7,-26.993
2985.8,-26.993
2985.9,-22.994
2986.0,-23.994
2986.1,-24.994
2986.2,-26.993
2986.3,-30.992
2986.4,-32.992
2986.5,-27.993
2986.6,-25.994
2986.7,-28.993
2986.8,-32.992
2986.9,-26.993
2987.0,-26.993
2987.1,-30.992
2987.2,-31.992
2987.3,-30.992
2987.4,-34.991
2987.5,-33.992
2987.6,-31.992
2987.7,-34.991
2987.8,-33.992
2987.9,-31.992
2988.0,-31.992
2988.1,-30.992
2988.2,-31.992
2988.3,-27.993
2988.4,-28.993
2988.5,-28.993
2988.6,-26.993
2988.7,-28.993
2988.8,-26.993
2988.9,-28.993
2989.0,-27.993
2989.1,-25.994
2989.2,-23.994
2989.3,-26.993
2989.4,-26.993
2989.5,-23.994
2989.6,-26.993
2989.7,-20.995
2989.8,-25.994
2989.9,-19.995
2990.0,-23.994
2990.1,-22.994
2990.2,-18.995
2990.3,-17.995
2990.4,-14.996
2990.5,-15.996
2990.6,-16.996
2990.7,-10.997
2990.8,-11.997
2990.9,-8.998
2991.0,-11.997
2991.1,-8.998
2991.2,-7.998
2991.3,-2.0
2991.4,-8.998
2991.5,-7.998
2991.6,-2.0
2991.7,-2.0
2991.8,-1.0
2991.9,1.0
2992.0,0.0
2992.1,1.0
2992.2,1.0
2992.3,4.999
2992.4,6.998
2992.5,5.998
2992.6,10.997
2992.7,8.998
2992.8,8.998
2992.9,9.998
2993.0,8.998
2993.1,9.998
2993.2,10.997
2993.3,14.996
2993.4,15.996
2993.5,14.996
2993.6,17.995
2993.7,16.996
2993.8,15.996
2993.9,18.995
2994.0,15.996
2994.1,19.995
2994.2,16.996
2994.3,17.995
2994.4,19.995
2994.5,22.994
2994.6,19.995
2994.7,24.994
2994.8,26.993
2994.9,22.994
2995.0,27.993
2995.1,27.993
2995.2,26.993
2995.3,27.993
2995.4,28.993
2995.5,26.993
2995.6,25.994
2995.7,24.994
2995.8,26.993
2995.9,27.993
2996.0,28.993
2996.1,33.992
2996.2,30.992
2996.3,30.992
2996.4,33.992
2996.5,32.992
2996.6,33.992
2996.7,31.992
2996.8,32.992
2996.9,32.992
2997.0,35.991
2997.1,33.992
2997.2,32.992
2997.3,35.991
2997.4,32.992
2997.5,39.99
2997.6,33.992
2997.7,34.991
2997.8,34.991
2997.9,34.991
2998.0,34.991
2998.1,33.992
2998.2,35.991
2998.3,34.991
2998.4,36.991
2998.5,33.992
2998.6,33.992
2998.7,33.992
2998.8,34.991
2998.9,31.992
2999.0,32.992
2999.1,34.991
2999.2,30.992
2999.3,30.992
2999.4,31.992
2999.5,26.993
2999.6,30.992
2999.7,25.994
2999.8,25.994
2999.9,23.994
3000.0,25.994
3000.1,26.993
3000.2,26.993
3000.3,20.995
3000.4,22.994
3000.5,22.994
3000.6,18.995
3000.7,19.995
3000.8,15.996
3000.9,16.996
3001.0,15.996
3001.1,15.996
3001.2,15.996
3001.3,11.997
3001.4,8.998
3001.5,9.998
3001.6,8.998
3001.7,7.998
3001.8,6.998
3001.9,6.998
3002.0,2.999
3002.1,5.998
3002.2,1.0
3002.3,4.999
3002.4,1.0
3002.5,-2.0
3002.6,1.0
3002.7,-2.0
3002.8,-1.0
3002.9,-2.999
3003.0,-2.0
3003.1,-4.999
3003.2,-4.999
3003.3,-7.998
3003.4,-8.998
3003.5,-7.998
3003.6,-10.997
3003.7,-9.998
3003.8,-15.996
3003.9,-13.997
3004.0,-14.996
3004.1,-11.997
3004.2,-11.997
3004.3,-16.996
3004.4,-14.996
3004.5,-16.996
3004.6,-16.996
3004.7,-14.996
3004.8,-22.994
3004.9,-17.995
3005.0,-22.994
3005.1,-22.994
3005.2,-22.994
3005.3,-20.995
3005.4,-23.994
3005.5,-20.995
3005.6,-24.994
3005.7,-23.994
3005.8,-22.994
3005.9,-25.994
3006.0,-25.994
3006.1,-24.994
3006.2,-26.993
3006.3,-27.993
3006.4,-26.993
3006.5,-26.993
3006.6,-26.993
3006.7,-32.992
3006.8,-26.993
3006.9,-30.992
3007.0,-30.992
3007.1,-27.993
3007.2,-33.992
3007.3,-31.992
3007.4,-28.993
3007.5,-27.993
3007.6,-32.992
3007.7,-30.992
3007.8,-31.992
3007.9,-31.992
3008.0,-31.992
3008.1,-28.993
3008.2,-31.992
3008.3,-32.992
3008.4,-30.992
3008.5,-26.993
3008.6,-27.993
3008.7,-25.994
3008.8,-27.993
3008.9,-27.993
3009.0,-28.993
3009.1,-27.993
3009.2,-27.993
3009.3,-22.994
3009.4,-24.994
3009.5,-26.993
3009.6,-24.994
3009.7,-22.994
3009.8,-23.994
3009.9,-16.996
3010.0,-19.995
3010.1,-17.995
3010.2,-18.995
3010.3,-16.996
3010.4,-17.995
3010.5,-18.995
3010.6,-13.997
3010.7,-13.997
3010.8,-14.996
3010.9,-11.997
3011.0,-10.997
3011.1,-10.997
3011.2,-6.998
3011.3,-4.999
3011.4,-4.999
3011.5,-4.999
3011.6,-5.998
3011.7,-7.998
3011.8,-2.0
3011.9,0.0
3012.0,0.0
3012.1,4.999
3012.2,4.999
3012.3,5.998
3012.4,5.998
3012.5,6.998
3012.6,8.998
3012.7,7.998
3012.8,11.997
3012.9,8.998
3013.0,10.997
3013.1,11.997
3013.2,14.996
3013.3,11.997
3013.4,13.997
3013.5,14.996
3013.6,18.995
3013.7,17.995
3013.8,20.995
3013.9,18.995
3014.0,20.995
3014.1,20.995
3014.2,20.995
3014.3,20.995
3014.4,22.994
3014.5,23.994
3014.6,25.994
3014.7,23.994
3014.8,24.994
3014.9,25.994
3015.0,26.993
3015.1,24.994
3015.2,28.993
3015.3,27.993
3015.4,28.993
3015.5,25.994
3015.6,25.994
3015.7,30.992
3015.8,26.993
3015.9,31.992
3016.0,31.992
3016.1,31.992
3016.2,33.992
3016.3,31.992
3016.4,32.992
3016.5,35.991
3016.6,33.992
3016.7,34.991
3016.8,32.992
3016.9,33.992
3017.0,34.991
3017.1,33.992
3017.2,33.992
3017.3,32.992
3017.4,35.991
3017.5,37.991
3017.6,36.991
3017.7,35.991
3017.8,34.991
3017.9,35.991
3018.0,35.991
3018.1,37.991
3018.2,33.992
3018.3,33.992
3018.4,32.992
3018.5,32.992
3018.6,34.991
3018.7,34.991
3018.8,31.992
3018.9,30.992
3019.0,31.992
3019.1,32.992
3019.2,34.991
3019.3,30.992
3019.4,27.993
3019.5,26.993
3019.6,25.994
3019.7,28.993
3019.8,25.994
3019.9,28.993
3020.0,23.994
3020.1,25.994
3020.2,22.994
3020.3,20.995
3020.4,23.994
3020.5,22.994
3020.6,22.994
3020.7,20.995
3020.8,19.995
3020.9,19.995
3021.0,10.997
3021.1,10.997
3021.2,13.997
3021.3,11.997
3021.4,11.997
3021.5,7.998
3021.6,10.997
3021.7,7.998
3021.8,6.998
3021.9,5.998
3022.0,6.998
3022.1,5.998
3022.2,1.0
3022.3,2.0
3022.4,-1.0
3022.5,0.0
3022.6,-1.0
3022.7,-1.0
3022.8,-2.0
3022.9,-4.999
3023.0,-1.0
3023.1,-4.999
3023.2,-7.998
3023.3,-9.998
3023.4,-11.997
3023.5,-9.998
3023.6,-9.998
3023.7,-15.996
3023.8,-11.997
3023.9,-15.996
3024.0,-16.996
3024.1,-16.996
3024.2,-18.995
3024.3,-15.996
3024.4,-19.995
3024.5,-18.995
3024.6,-18.995
3024.7,-16.996
3024.8,-19.995
3024.9,-19.995
3025.0,-18.995
3025.1,-23.994
3025.2,-19.995
3025.3,-22.994
3025.4,-23.994
3025.5,-22.994
3025.6,-23.994
3025.7,-24.994
3025.8,-25.994
3025.9,-24.994
3026.0,-23.994
3026.1,-23.994
3026.2,-24.994
3026.3,-25.994
3026.4,-26.993
3026.5,-28.993
3026.6,-26.993
3026.7,-27.993
3026.8,-30.992
3026.9,-27.993
3027.0,-28.993
3027.1,-30.992
3027.2,-26.993
3027.3,-27.993
3027.4,-30.992
3027.5,-27.993
3027.6,-30.992
3027.7,-35.991
3027.8,-31.992
3027.9,-27.993
3028.0,-31.992
3028.1,-31.992
3028.2,-28.993
3028.3,-31.992
3028.4,-30.992
3028.5,-27.993
3028.6,-28.993
3028.7,-27.993
3028.8,-25.994
3028.9,-24.994
3029.0,-30.992
3029.1,-25.994
3029.2,-25.994
3029.3,-23.994
3029.4,-26.993
3029.5,-24.994
3029.6,-25.994
3029.7,-23.994
3029.8,-19.995
3029.9,-19.995
3030.0,-19.995
3030.1,-18.995
3030.2,-19.995
3030.3,-18.995
3030.4,-16.996
3030.5,-16.996
3030.6,-14.996
3030.7,-14.996
3030.8,-11.997
3030.9,-13.997
3031.0,-10.997
3031.1,-8.998
3031.2,-10.997
3031.3,-4.999
3031.4,-4.999
3031.5,-6.998
3031.6,-4.999
3031.7,-1.0
3031.8,-7.998
3031.9,-2.999
3032.0,-2.999
3032.1,1.0
3032.2,2.999
3032.3,5.998
3032.4,5.998
3032.5,8.998
3032.6,6.998
3032.7,5.998
3032.8,5.998
3032.9,10.997
3033.0,9.998
3033.1,11.997
3033.2,11.997
3033.3,11.997
3033.4,10.997
3033.5,17.995
3033.6,17.995
3033.7,17.995
3033.8,20.995
3033.9,17.995
3034.0,19.995
3034.1,20.995
3034.2,24.994
3034.3,18.995
3034.4,19.995
3034.5,22.994
3034.6,23.994
3034.7,26.993
3034.8,25.994
3034.9,24.994
3035.0,23.994
3035.1,30.992
3035.2,27.993
3035.3,31.992
3035.4,27.993
3035.5,28.993
3035.6,26.993
3035.7,28.993
3035.8,31.992
3035.9,27.993
3036.0,31.992
3036.1,31.992
3036.2,33.992
3036.3,31.992
3036.4,34.991
3036.5,32.992
3036.6,33.992
3036.7,34.991
3036.8,36.991
3036.9,36.991
3037.0,33.992
3037.1,33.992
3037.2,34.991
3037.3,35.991
3037.4,34.991
3037.5,36.991
3037.6,35.991
3037.7,34.991
3037.8,36.991
3037.9,35.991
3038.0,33.992
3038.1,36.991
3038.2,34.991
3038.3,35.991
3038.4,34.991
3038.5,33.992
3038.6,34.991
3038.7,30.992
3038.8,32.992
3038.9,34.991
3039.0,34.991
3039.1,31.992
3039.2,31.992
3039.3,31.992
3039.4,30.992
3039.5,30.992
3039.6,27.993
3039.7,25.994
3039.8,25.994
3039.9,23.994
3040.0,23.994
3040.1,19.995
3040.2,24.994
3040.3,22.994
3040.4,20.995
3040.5,19.995
3040.6,17.995
3040.7,16.996
3040.8,18.995
3040.9,17.995
3041.0,18.995
3041.1,16.996
3041.2,11.997
3041.3,11.997
3041.4,10.997
3041.5,10.997
3041.6,9.998
3041.7,8.998
3041.8,4.999
3041.9,2.999
3042.0,1.0
3042.1,2.0
3042.2,2.0
3042.3,0.0
3042.4,-2.0
3042.5,-2.999
3042.6,-4.999
3042.7,-8.998
3042.8,-2.999
3042.9,-7.998
3043.0,-8.998
3043.1,-5.998
3043.2,-9.998
3043.3,-6.998
3043.4,-11.997
3043.5,-11.997
3043.6,-14.996
3043.7,-13.997
3043.8,-14.996
3043.9,-11.997
3044.0,-16.996
3044.1,-16.996
3044.2,-15.996
3044.3,-15.996
3044.4,-17.995
3044.5,-18.995
3044.6,-19.995
3044.7,-18.995
3044.8,-18.995
3044.9,-20.995
3045.0,-22.994
3045.1,-24.994
3045.2,-24.994
3045.3,-24.994
3045.4,-24.994
3045.5,-27.993
3045.6,-23.994
3045.7,-25.994
3045.8,-23.994
3045.9,-23.994
3046.0,-22.994
3046.1,-26.993
3046.2,-26.993
3046.3,-27.993
3046.4,-27.993
3046.5,-28.993
3046.6,-31.992
3046.7,-30.992
3046.8,-30.992
3046.9,-31.992
3047.0,-33.992
3047.1,-32.992
3047.2,-33.992
3047.3,-32.992
3047.4,-34.991
3047.5,-31.992
3047.6,-32.992
3047.7,-32.992
3047.8,-33.992
3047.9,-33.992
3048.0,-30.992
3048.1,-32.992
3048.2,-33.992
3048.3,-33.992
3048.4,-27.993
3048.5,-30.992
3048.6,-28.993
3048.7,-26.993
3048.8,-25.994
3048.9,-28.993
3049.0,-26.993
3049.1,-27.993
3049.2,-22.994
3049.3,-25.994
3049.4,-27.993
3049.5,-26.993
3049.6,-25.994
3049.7,-22.994
3049.8,-22.994
3049.9,-20.995
3050.0,-20.995
3050.1,-18.995
3050.2,-18.995
3050.3,-22.994
3050.4,-15.996
3050.5,-13.997
3050.6,-15.996
3050.7,-10.997
3050.8,-11.997
3050.9,-11.997
3051.0,-13.997
3051.1,-9.998
3051.2,-8.998
3051.3,-5.998
3051.4,-8.998
3051.5,-4.999
3051.6,-2.999
3051.7,-2.0
3051.8,-2.999
3051.9,2.0
3052.0,0.0
3052.1,1.0
3052.2,0.0
3052.3,6.998
3052.4,2.999
3052.5,4.999
3052.6,7.998
3052.7,6.998
3052.8,7.998
3052.9,8.998
3053.0,9.998
3053.1,10.997
3053.2,17.995
3053.3,13.997
3053.4,16.996
3053.5,11.997
3053.6,16.996
3053.7,18.995
3053.8,20.995
3053.9,18.995
3054.0,17.995
3054.1,23.994
3054.2,25.994
3054.3,23.994
3054.4,19.995
3054.5,20.995
3054.6,20.995
3054.7,24.994
3054.8,23.994
3054.9,26.993
3055.0,25.994
3055.1,26.993
3055.2,28.993
3055.3,26.993
3055.4,27.993
3055.5,31.992
3055.6,31.992
3055.7,26.993
3055.8,28.993
3055.9,30.992
3056.0,28.993
3056.1,30.992
3056.2,28.993
3056.3,28.993
3056.4,33.992
3056.5,34.991
3056.6,33.992
3056.7,33.992
3056.8,33.992
3056.9,31.992
3057.0,34.991
3057.1,31.992
3057.2,35.991
3057.3,35.991
3057.4,34.991
3057.5,32.992
3057.6,34.991
3057.7,36.991
3057.8,36.991
3057.9,35.991
3058.0,37.991
3058.1,36.991
3058.2,32.992
3058.3,36.991
3058.4,34.991
3058.5,31.992
3058.6,33.992
3058.7,34.991
3058.8,33.992
3058.9,32.992
3059.0,31.992
3059.1,30.992
3059.2,32.992
3059.3,31.992
3059.4,32.992
3059.5,27.993
3059.6,31.992
3059.7,28.993
3059.8,26.993
3059.9,24.994
3060.0,25.994
3060.1,23.994
3060.2,23.994
3060.3,22.994
3060.4,20.995
3060.5,20.995
3060.6,16.996
3060.7,22.994
3060.8,19.995
3060.9,15.996
3061.0,16.996
3061.1,13.997
3061.2,14.996
3061.3,13.997
3061.4,11.997
3061.5,8.998
3061.6,10.997
3061.7,10.997
3061.8,4.999
3061.9,4.999
3062.0,4.999
3062.1,4.999
3062.2,4.999
3062.3,2.0
3062.4,0.0
3062.5,1.0
3062.6,-1.0
3062.7,-2.0
3062.8,-5.998
3062.9,-4.999
3063.0,-7.998
3063.1,-7.998
3063.2,-9.998
3063.3,-9.998
3063.4,-9.998
3063.5,-7.998
3063.6,-13.997
3063.7,-13.997
3063.8,-14.996
3063.9,-16.996
3064.0,-14.996
3064.1,-14.996
3064.2,-15.996
3064.3,-18.995
3064.4,-17.995
3064.5,-16.996
3064.6,-18.995
3064.7,-17.995
3064.8,-20.995
3064.9,-18.995
3065.0,-18.995
3065.1,-23.994
3065.2,-20.995
3065.3,-23.994
3065.4,-23.994
3065.5,-25.994
3065.6,-25.994
3065.7,-25.994
3065.8,-22.994
3065.9,-23.994
3066.0,-26.993
3066.1,-24.994
3066.2,-28.993
3066.3,-27.993
3066.4,-26.993
3066.5,-26.993
3066.6,-32.992
3066.7,-25.994
3066.8,-27.993
3066.9,-26.993
3067.0,-30.992
3067.1,-28.993
3067.2,-31.992
3067.3,-30.992
3067.4,-26.993
3067.5,-33.992
3067.6,-30.992
3067.7,-30.992
3067.8,-32.992
3067.9,-30.992
3068.0,-33.992
3068.1,-30.992
3068.2,-28.993
3068.3,-25.994
3068.4,-27.993
3068.5,-30.992
3068.6,-27.993
3068.7,-28.993
3068.8,-25.994
3068.9,-28.993
3069.0,-24.994
3069.1,-30.992
3069.2,-24.994
3069.3,-25.994
3069.4,-24.994
3069.5,-24.994
3069.6,-25.994
3069.7,-22.994
3069.8,-19.995
3069.9,-17.995
3070.0,-19.995
3070.1,-19.995
3070.2,-20.995
3070.3,-16.996
3070.4,-15.996
3070.5,-14.996
3070.6,-13.997
3070.7,-14.996
3070.8,-15.996
3070.9,-13.997
3071.0,-10.997
3071.1,-11.997
3071.2,-8.998
3071.3,-6.998
3071.4,-4.999
3071.5,-5.998
3071.6,-4.999
3071.7,-4.999
3071.8,-4.999
3071.9,-6.998
3072.0,-2.999
3072.1,1.0
3072.2,1.0
3072.3,2.999
3072.4,2.999
3072.5,4.999
3072.6,7.998
3072.7,9.998
3072.8,7.998
3072.9,10.997
3073.0,8.998
3073.1,13.997
3073.2,9.998
3073.3,13.997
3073.4,11.997
3073.5,11.997
3073.6,14.996
3073.7,17.995
3073.8,14.996
3073.9,16.996
3074.0,17.995
3074.1,18.995
3074.2,19.995
3074.3,18.995
3074.4,19.995
3074.5,18.995
3074.6,18.995
3074.7,20.995
3074.8,20.995
3074.9,27.993
3075.0,25.994
3075.1,24.994
3075.2,25.994
3075.3,30.992
3075.4,24.994
3075.5,26.993
3075.6,28.993
3075.7,26.993
3075.8,30.992
3075.9,30.992
3076.0,30.992
3076.1,27.993
3076.2,30.992
3076.3,32.992
3076.4,30.992
3076.5,34.991
3076.6,32.992
3076.7,31.992
3076.8,32.992
3076.9,33.992
3077.0,31.992
3077.1,32.992
3077.2,33.992
3077.3,33.992
3077.4,36.991
3077.5,36.991
3077.6,32.992
3077.7,34.991
3077.8,36.991
3077.9,35.991
3078.0,36.991
3078.1,35.991
3078.2,36.991
3078.3,34.991
3078.4,33.992
3078.5,28.993
3078.6,32.992
3078.7,34.991
3078.8,28.993
3078.9,32.992
3079.0,27.993
3079.1,28.993
3079.2,32.992
3079.3,32.992
3079.4,30.992
3079.5,30.992
3079.6,28.993
3079.7,25.994
3079.8,25.994
3079.9,26.993
3080.0,22.994
3080.1,26.993
3080.2,20.995
3080.3,26.993
3080.4,24.994
3080.5,19.995
3080.6,22.994
3080.7,23.994
3080.8,22.994
3080.9,18.995
3081.0,18.995
3081.1,17.995
3081.2,16.996
3081.3,10.997
3081.4,9.998
3081.5,8.998
3081.6,8.998
3081.7,7.998
3081.8,7.998
3081.9,8.998
3082.0,5.998
3082.1,2.999
3082.2,6.998
3082.3,2.0
3082.4,1.0
3082.5,-1.0
3082.6,-2.999
3082.7,-4.999
3082.8,-2.0
3082.9,-1.0
3083.0,-7.998
3083.1,-9.998
3083.2,-5.998
3083.3,-7.998
3083.4,-9.998
3083.5,-8.998
3083.6,-13.997
3083.7,-8.998
3083.8,-11.997
3083.9,-13.997
3084.0,-11.997
3084.1,-13.997
3084.2,-13.997
3084.3,-20.995
3084.4,-11.997
3084.5,-20.995
3084.6,-22.994
3084.7,-16.996
3084.8,-23.994
3084.9,-18.995
3085.0,-18.995
3085.1,-20.995
3085.2,-22.994
3085.3,-22.994
3085.4,-23.994
3085.5,-22.994
3085.6,-20.995
3085.7,-23.994
3085.8,-24.994
3085.9,-22.994
3086.0,-22.994
3086.1,-25.994
3086.2,-24.994
3086.3,-25.994
3086.4,-28.993
3086.5,-27.993
3086.6,-26.993
3086.7,-28.993
3086.8,-28.993
3086.9,-31.992
3087.0,-27.993
3087.1,-31.992
3087.2,-25.994
3087.3,-31.992
3087.4,-30.992
3087.5,-31.992
3087.6,-30.992
3087.7,-31.992
3087.8,-30.992
3087.9,-31.992
3088.0,-28.993
3088.1,-33.992
3088.2,-28.993
3088.3,-28.993
3088.4,-31.992
3088.5,-30.992
3088.6,-30.992
3088.7,-26.993
3088.8,-25.994
3088.9,-31.992
3089.0,-25.994
3089.1,-28.993
3089.2,-26.993
3089.3,-26.993
3089.4,-25.994
3089.5,-24.994
3089.6,-20.995
3089.7,-20.995
3089.8,-23.994
3089.9,-18.995
3090.0,-19.995
3090.1,-17.995
3090.2,-18.995
3090.3,-18.995
3090.4,-14.996
3090.5,-16.996
3090.6,-15.996
3090.7,-13.997
3090.8,-13.997
3090.9,-11.997
3091.0,-9.998
3091.1,-8.998
3091.2,-9.998
3091.3,-5.998
3091.4,-7.998
3091.5,-5.998
3091.6,-4.999
3091.7,-5.998
3091.8,1.0
3091.9,-1.0
3092.0,2.999
3092.1,1.0
3092.2,-2.0
3092.3,2.999
3092.4,1.0
3092.5,5.998
3092.6,7.998
3092.7,6.998
3092.8,7.998
3092.9,9.998
3093.0,9.998
3093.1,9.998
3093.2,11.997
3093.3,14.996
3093.4,15.996
3093.5,14.996
3093.6,15.996
3093.7,19.995
3093.8,16.996
3093.9,16.996
3094.0,20.995
3094.1,22.994
3094.2,19.995
3094.3,20.995
3094.4,22.994
3094.5,20.995
3094.6,20.995
3094.7,23.994
3094.8,23.994
3094.9,24.994
3095.0,24.994
3095.1,26.993
3095.2,28.993
3095.3,25.994
3095.4,27.993
3095.5,30.992
3095.6,32.992
3095.7,26.993
3095.8,33.992
3095.9,26.993
3096.0,31.992
3096.1,30.992
3096.2,31.992
3096.3,31.992
3096.4,32.992
3096.5,35.991
3096.6,32.992
3096.7,36.991
3096.8,34.991
3096.9,36.991
3097.0,39.99
3097.1,32.992
3097.2,37.991
3097.3,36.991
3097.4,36.991
3097.5,35.991
3097.6,36.991
3097.7,33.992
3097.8,35.991
3097.9,32.992
3098.0,35.991
3098.1,35.991
3098.2,36.991
3098.3,32.992
3098.4,33.992
3098.5,35.991
3098.6,34.991
3098.7,34.991
3098.8,30.992
3098.9,33.992
3099.0,30.992
3099.1,33.992
3099.2,28.993
3099.3,32.992
3099.4,31.992
3099.5,28.993
3099.6,30.992
3099.7,25.994
3099.8,26.993
3099.9,23.994
3100.0,22.994
3100.1,23.994
3100.2,22.994
3100.3,22.994
3100.4,20.995
3100.5,24.994
3100.6,19.995
3100.7,18.995
3100.8,16.996
3100.9,16.996
3101.0,19.995
3101.1,15.996
3101.2,16.996
3101.3,13.997
3101.4,9.998
3101.5,8.998
3101.6,8.998
3101.7,9.998
3101.8,2.0
3101.9,2.999
3102.0,2.0
3102.1,4.999
3102.2,2.999
3102.3,1.0
3102.4,1.0
3102.5,-2.0
3102.6,-2.999
3102.7,-4.999
3102.8,-6.998
3102.9,-2.999
3103.0,-6.998
3103.1,-8.998
3103.2,-9.998
3103.3,-8.998
3103.4,-8.998
3103.5,-10.997
3103.6,-9.998
3103.7,-14.996
3103.8,-13.997
3103.9,-15.996
3104.0,-17.995
3104.1,-18.995
3104.2,-17.995
3104.3,-19.995
3104.4,-19.995
3104.5,-16.996
3104.6,-19.995
3104.7,-18.995
3104.8,-22.994
3104.9,-19.995
3105.0,-20.995
3105.1,-22.994
3105.2,-23.994
3105.3,-23.994
3105.4,-22.994
3105.5,-24.994
3105.6,-24.994
3105.7,-22.994
3105.8,-25.994
3105.9,-23.994
3106.0,-25.994
3106.1,-24.994
3106.2,-27.993
3106.3,-25.994
3106.4,-27.993
3106.5,-32.992
3106.6,-26.993
3106.7,-27.993
3106.8,-28.993
3106.9,-32.992
3107.0,-31.992
3107.1,-32.992
3107.2,-31.992
3107.3,-30.992
3107.4,-30.992
3107.5,-30.992
3107.6,-31.992
3107.7,-31.992
3107.8,-32.992
3107.9,-31.992
3108.0,-30.992
3108.1,-32.992
3108.2,-32.992
3108.3,-32.992
3108.4,-27.993
3108.5,-28.993
3108.6,-25.994
3108.7,-24.994
3108.8,-28.993
3108.9,-28.993
3109.0,-26.993
3109.1,-26.993
3109.2,-27.993
3109.3,-23.994
3109.4,-25.994
3109.5,-24.994
3109.6,-24.994
3109.7,-23.994
3109.8,-19.995
3109.9,-22.994
3110.0,-18.995
3110.1,-18.995
3110.2,-18.995
3110.3,-18.995
3110.4,-16.996
3110.5,-17.995
3110.6,-14.996
3110.7,-13.997
3110.8,-14.996
3110.9,-11.997
3111.0,-10.997
3111.1,-7.998
3111.2,-8.998
3111.3,-7.998
3111.4,-5.998
3111.5,-5.998
3111.6,-2.999
3111.7,-4.999
3111.8,-2.999
3111.9,-2.999
3112.0,0.0
3112.1,2.999
3112.2,-1.0
3112.3,5.998
3112.4,2.999
3112.5,2.999
3112.6,5.998
3112.7,6.998
3112.8,8.998
3112.9,9.998
3113.0,10.997
3113.1,14.996
3113.2,11.997
3113.3,15.996
3113.4,14.996
3113.5,15.996
3113.6,16.996
3113.7,18.995
3113.8,17.995
3113.9,18.995
3114.0,23.994
3114.1,19.995
3114.2,23.994
3114.3,17.995
3114.4,23.994
3114.5,23.994
3114.6,19.995
3114.7,23.994
3114.8,24.994
3114.9,26.993
3115.0,25.994
3115.1,24.994
3115.2,27.993
3115.3,30.992
3115.4,26.993
3115.5,28.993
3115.6,28.993
3115.7,27.993
3115.8,28.993
3115.9,31.992
3116.0,26.993
3116.1,30.992
3116.2,33.992
3116.3,33.992
3116.4,32.992
3116.5,35.991
3116.6,31.992
3116.7,32.992
3116.8,36.991
3116.9,39.99
3117.0,35.991
3117.1,37.991
3117.2,36.991
3117.3,33.992
3117.4,31.992
3117.5,32.992
3117.6,33.992
3117.7,34.991
3117.8,34.991
3117.9,36.991
3118.0,37.991
3118.1,33.992
3118.2,34.991
3118.3,36.991
3118.4,36.991
3118.5,34.991
3118.6,31.992
3118.7,32.992
3118.8,31.992
3118.9,31.992
3119.0,31.992
3119.1,28.993
3119.2,27.993
3119.3,31.992
3119.4,28.993
3119.5,25.994
3119.6,25.994
3119.7,32.992
3119.8,27.993
3119.9,25.994
3120.0,25.994
3120.1,23.994
3120.2,20.995
3120.3,19.995
3120.4,20.995
3120.5,23.994
3120.6,17.995
3120.7,19.995
3120.8,18.995
3120.9,16.996
3121.0,16.996
3121.1,14.996
3121.2,11.997
3121.3,14.996
3121.4,9.998
3121.5,9.998
3121.6,9.998
3121.7,5.998
3121.8,6.998
3121.9,6.998
3122.0,5.998
3122.1,2.0
3122.2,2.999
3122.3,1.0
3122.4,0.0
3122.5,-4.999
3122.6,1.0
3122.7,-1.0
3122.8,-6.998
3122.9,-2.999
3123.0,-7.998
3123.1,-8.998
3123.2,-7.998
3123.3,-8.998
3123.4,-7.998
3123.5,-13.997
3123.6,-14.996
3123.7,-14.996
3123.8,-14.996
3123.9,-13.997
3124.0,-14.996
3124.1,-18.995
3124.2,-15.996
3124.3,-18.995
3124.4,-16.996
3124.5,-18.995
3124.6,-17.995
3124.7,-19.995
3124.8,-19.995
3124.9,-18.995
3125.0,-22.994
3125.1,-19.995
3125.2,-23.994
3125.3,-20.995
3125.4,-20.995
3125.5,-25.994
3125.6,-23.994
3125.7,-27.993
3125.8,-23.994
3125.9,-26.993
3126.0,-22.994
3126.1,-23.994
3126.2,-26.993
3126.3,-27.993
3126.4,-27.993
3126.5,-24.994
3126.6,-30.992
3126.7,-27.993
3126.8,-27.993
3126.9,-31.992
3127.0,-31.992
3127.1,-26.993
3127.2,-30.992
3127.3,-31.992
3127.4,-31.992
3127.5,-27.993
3127.6,-32.992
3127.7,-31.992
3127.8,-32.992
3127.9,-34.991
3128.0,-31.992
3128.1,-32.992
3128.2,-32.992
3128.3,-31.992
3128.4,-28.993
3128.5,-32.992
3128.6,-28.993
3128.7,-31.992
3128.8,-27.993
3128.9,-28.993
3129.0,-26.993
3129.1,-25.994
3129.2,-25.994
3129.3,-26.993
3129.4,-24.994
3129.5,-25.994
3129.6,-25.994
3129.7,-22.994
3129.8,-27.993
3129.9,-20.995
3130.0,-23.994
3130.1,-17.995
3130.2,-17.995
3130.3,-18.995
3130.4,-16.996
3130.5,-14.996
3130.6,-14.996
3130.7,-14.996
3130.8,-10.997
3130.9,-9.998
3131.0,-11.997
3131.1,-9.998
3131.2,-8.998
3131.3,-8.998
3131.4,-4.999
3131.5,-1.0
3131.6,-2.999
3131.7,-2.999
3131.8,0.0
3131.9,-1.0
3132.0,-1.0
3132.1,2.999
3132.2,4.999
3132.3,1.0
3132.4,6.998
3132.5,9.998
3132.6,9.998
3132.7,6.998
3132.8,6.998
3132.9,13.997
3133.0,7.998
3133.1,11.997
3133.2,15.996
3133.3,14.996
3133.4,16.996
3133.5,14.996
3133.6,16.996
3133.7,17.995
3133.8,16.996
3133.9,19.995
3134.0,18.995
3134.1,23.994
3134.2,19.995
3134.3,23.994
3134.4,23.994
3134.5,22.994
3134.6,23.994
3134.7,24.994
3134.8,26.993
3134.9,25.994
3135.0,27.993
3135.1,27.993
3135.2,28.993
3135.3,26.993
3135.4,26.993
3135.5,28.993
3135.6,28.993
3135.7,32.992
3135.8,32.992
3135.9,30.992
3136.0,30.992
3136.1,32.992
3136.2,31.992
3136.3,28.993
3136.4,35.991
3136.5,33.992
3136.6,32.992
3136.7,32.992
3136.8,36.991
3136.9,34.991
3137.0,37.991
3137.1,36.991
3137.2,35.991
3137.3,35.991
3137.4,37.991
3137.5,37.991
3137.6,36.991
3137.7,36.991
3137.8,42.989
3137.9,35.991
3138.0,33.992
3138.1,39.99
3138.2,35.991
3138.3,35.991
3138.4,33.992
3138.5,33.992
3138.6,31.992
3138.7,32.992
3138.8,35.991
3138.9,30.992
3139.0,30.992
3139.1,27.993
3139.2,28.993
3139.3,27.993
3139.4,27.993
3139.5,27.993
3139.6,28.993
3139.7,31.992
3139.8,27.993
3139.9,25.994
3140.0,23.994
3140.1,26.993
3140.2,24.994
3140.3,22.994
3140.4,17.995
3140.5,20.995
3140.6,20.995
3140.7,17.995
3140.8,17.995
3140.9,15.996
3141.0,15.996
3141.1,16.996
3141.2,11.997
3141.3,10.997
3141.4,8.998
3141.5,7.998
3141.6,6.998
3141.7,7.998
3141.8,11.997
3141.9,4.999
3142.0,5.998
3142.1,7.998
3142.2,2.0
3142.3,1.0
3142.4,-1.0
3142.5,-5.998
3142.6,-1.0
3142.7,-5.998
3142.8,-2.0
3142.9,-5.998
3143.0,-8.998
3143.1,-4.999
3143.2,-8.998
3143.3,-9.998
3143.4,-8.998
3143.5,-15.996
3143.6,-9.998
3143.7,-14.996
3143.8,-16.996
3143.9,-11.997
3144.0,-10.997
3144.1,-16.996
3144.2,-16.996
3144.3,-20.995
3144.4,-15.996
3144.5,-23.994
3144.6,-17.995
3144.7,-18.995
3144.8,-20.995
3144.9,-19.995
3145.0,-25.994
3145.1,-22.994
3145.2,-24.994
3145.3,-25.994
3145.4,-24.994
3145.5,-24.994
3145.6,-26.993
3145.7,-28.993
3145.8,-25.994
3145.9,-27.993
3146.0,-27.993
3146.1,-25.994
3146.2,-27.993
3146.3,-31.992
3146.4,-28.993
3146.5,-27.993
3146.6,-28.993
3146.7,-28.993
3146.8,-27.993
3146.9,-31.992
3147.0,-30.992
3147.1,-32.992
3147.2,-32.992
3147.3,-33.992
3147.4,-34.991
3147.5,-31.992
3147.6,-30.992
3147.7,-31.992
3147.8,-32.992
3147.9,-31.992
3148.0,-32.992
3148.1,-31.992
3148.2,-30.992
3148.3,-30.992
3148.4,-31.992
3148.5,-32.992
3148.6,-26.993
3148.7,-28.993
3148.8,-25.994
3148.9,-28.993
3149.0,-27.993
3149.1,-23.994
3149.2,-25.994
3149.3,-25.994
3149.4,-25.994
3149.5,-23.994
3149.6,-22.994
3149.7,-24.994
3149.8,-25.994
3149.9,-19.995
3150.0,-22.994
3150.1,-18.995
3150.2,-19.995
3150.3,-15.996
3150.4,-14.996
3150.5,-16.996
3150.6,-13.997
3150.7,-16.996
3150.8,-16.996
3150.9,-13.997
3151.0,-14.996
3151.1,-9.998
3151.2,-8.998
3151.3,-8.998
3151.4,-8.998
3151.5,-2.999
3151.6,-7.998
3151.7,-4.999
3151.8,-1.0
3151.9,-1.0
3152.0,0.0
3152.1,0.0
3152.2,-1.0
3152.3,2.0
3152.4,9.998
3152.5,2.0
3152.6,6.998
3152.7,4.999
3152.8,10.997
3152.9,8.998
3153.0,8.998
3153.1,7.998
3153.2,13.997
3153.3,11.997
3153.4,15.996
3153.5,17.995
3153.6,16.996
3153.7,15.996
3153.8,16.996
3153.9,18.995
3154.0,18.995
3154.1,20.995
3154.2,18.995
3154.3,18.995
3154.4,20.995
3154.5,19.995
3154.6,23.994
3154.7,25.994
3154.8,24.994
3154.9,25.994
3155.0,25.994
3155.1,20.995
3155.2,22.994
3155.3,24.994
3155.4,24.994
3155.5,27.993
3155.6,26.993
3155.7,30.992
3155.8,27.993
3155.9,30.992
3156.0,31.992
3156.1,27.993
3156.2,30.992
3156.3,27.993
3156.4,31.992
3156.5,30.992
3156.6,30.992
3156.7,30.992
3156.8,33.992
3156.9,34.991
3157.0,33.992
3157.1,36.991
3157.2,33.992
3157.3,31.992
3157.4,33.992
3157.5,32.992
3157.6,32.992
3157.7,32.992
3157.8,37.991
3157.9,32.992
3158.0,34.991
3158.1,34.991
3158.2,34.991
3158.3,35.991
3158.4,35.991
3158.5,34.991
3158.6,32.992
3158.7,33.992
3158.8,31.992
3158.9,35.991
3159.0,28.993
3159.1,30.992
3159.2,31.992
3159.3,28.993
3159.4,31.992
3159.5,30.992
3159.6,32.992
3159.7,26.993
3159.8,28.993
3159.9,26.993
3160.0,23.994
3160.1,23.994
3160.2,20.995
3160.3,23.994
3160.4,23.994
3160.5,17.995
3160.6,18.995
3160.7,18.995
3160.8,18.995
3160.9,17.995
3161.0,15.996
3161.1,14.996
3161.2,16.996
3161.3,13.997
3161.4,9.998
3161.5,8.998
3161.6,9.998
3161.7,6.998
3161.8,2.0
3161.9,5.998
3162.0,2.999
3162.1,2.0
3162.2,2.999
3162.3,2.999
3162.4,1.0
3162.5,-1.0
3162.6,-2.999
3162.7,-1.0
3162.8,-1.0
3162.9,-9.998
3163.0,-4.999
3163.1,-5.998
3163.2,-6.998
3163.3,-8.998
3163.4,-10.997
3163.5,-9.998
3163.6,-8.998
3163.7,-9.998
3163.8,-14.996
3163.9,-9.998
3164.0,-14.996
3164.1,-13.997
3164.2,-14.996
3164.3,-18.995
3164.4,-19.995
3164.5,-18.995
3164.6,-18.995
3164.7,-18.995
3164.8,-20.995
3164.9,-20.995
3165.0,-16.996
3165.1,-19.995
3165.2,-18.995
3165.3,-23.994
3165.4,-23.994
3165.5,-24.994
3165.6,-24.994
3165.7,-23.994
3165.8,-25.994
3165.9,-25.994
3166.0,-24.994
3166.1,-24.994
3166.2,-25.994
3166.3,-24.994
3166.4,-25.994
3166.5,-24.994
3166.6,-27.993
3166.7,-28.993
3166.8,-27.993
3166.9,-30.992
3167.0,-31.992
3167.1,-32.992
3167.2,-31.992
3167.3,-28.993
3167.4,-31.992
3167.5,-28.993
3167.6,-30.992
3167.7,-27.993
3167.8,-28.993
3167.9,-31.992
3168.0,-27.993
3168.1,-33.992
3168.2,-31.992
3168.3,-31.992
3168.4,-32.992
3168.5,-27.993
3168.6,-34.991
3168.7,-30.992
3168.8,-27.993
3168.9,-24.994
3169.0,-26.993
3169.1,-25.994
3169.2,-27.993
3169.3,-24.994
3169.4,-25.994
3169.5,-24.994
3169.6,-23.994
3169.7,-24.994
3169.8,-22.994
3169.9,-20.995
3170.0,-20.995
3170.1,-19.995
3170.2,-18.995
3170.3,-17.995
3170.4,-16.996
3170.5,-13.997
3170.6,-13.997
3170.7,-10.997
3170.8,-10.997
3170.9,-13.997
3171.0,-8.998
3171.1,-9.998
3171.2,-6.998
3171.3,-4.999
3171.4,-5.998
3171.5,-7.998
3171.6,-5.998
3171.7,-1.0
3171.8,0.0
3171.9,1.0
3172.0,0.0
3172.1,4.999
3172.2,2.999
3172.3,5.998
3172.4,2.999
3172.5,4.999
3172.6,5.998
3172.7,6.998
3172.8,9.998
3172.9,8.998
3173.0,15.996
3173.1,16.996
3173.2,14.996
3173.3,15.996
3173.4,13.997
3173.5,18.995
3173.6,16.996
3173.7,19.995
3173.8,18.995
3173.9,16.996
3174.0,17.995
3174.1,22.994
3174.2,20.995
3174.3,23.994
3174.4,20.995
3174.5,23.994
3174.6,24.994
3174.7,25.994
3174.8,26.993
3174.9,25.994
3175.0,26.993
3175.1,26.993
3175.2,26.993
3175.3,28.993
3175.4,27.993
3175.5,25.994
3175.6,28.993
3175.7,28.993
3175.8,28.993
3175.9,31.992
3176.0,33.992
3176.1,32.992
3176.2,31.992
3176.3,28.993
3176.4,32.992
3176.5,32.992
3176.6,32.992
3176.7,33.992
3176.8,34.991
3176.9,33.992
3177.0,36.991
3177.1,34.991
3177.2,39.99
3177.3,37.991
3177.4,35.991
3177.5,35.991
3177.6,34.991
3177.7,33.992
3177.8,36.991
3177.9,34.991
3178.0,40.99
3178.1,30.992
3178.2,35.991
3178.3,36.991
3178.4,35.991
3178.5,34.991
3178.6,34.991
3178.7,30.992
3178.8,32.992
3178.9,28.993
3179.0,32.992
3179.1,33.992
3179.2,30.992
3179.3,27.993
3179.4,31.992
3179.5,33.992
3179.6,27.993
3179.7,32.992
3179.8,26.993
3179.9,26.993
3180.0,26.993
3180.1,25.994
3180.2,22.994
3180.3,24.994
3180.4,18.995
3180.5,20.995
3180.6,18.995
3180.7,18.995
3180.8,17.995
3180.9,18.995
3181.0,15.996
3181.1,11.997
3181.2,10.997
3181.3,13.997
3181.4,10.997
3181.5,8.998
3181.6,8.998
3181.7,7.998
3181.8,4.999
3181.9,5.998
3182.0,5.998
3182.1,5.998
3182.2,4.999
3182.3,-1.0
3182.4,-1.0
3182.5,-1.0
3182.6,0.0
3182.7,-2.999
3182.8,-7.998
3182.9,-5.998
3183.0,-6.998
3183.1,-9.998
3183.2,-6.998
3183.3,-10.997
3183.4,-7.998
3183.5,-14.996
3183.6,-14.996
3183.7,-10.997
3183.8,-10.997
3183.9,-13.997
3184.0,-14.996
3184.1,-14.996
3184.2,-13.997
3184.3,-18.995
3184.4,-15.996
3184.5,-18.995
3184.6,-19.995
3184.7,-19.995
3184.8,-22.994
3184.9,-23.994
3185.0,-19.995
3185.1,-20.995
3185.2,-19.995
3185.3,-22.994
3185.4,-19.995
3185.5,-23.994
3185.6,-20.995
3185.7,-25.994
3185.8,-23.994
3185.9,-25.994
3186.0,-27.993
3186.1,-25.994
3186.2,-26.993
3186.3,-23.994
3186.4,-24.994
3186.5,-27.993
3186.6,-26.993
3186.7,-24.994
3186.8,-28.993
3186.9,-30.992
3187.0,-27.993
3187.1,-33.992
3187.2,-31.992
3187.3,-32.992
3187.4,-27.993
3187.5,-30.992
3187.6,-31.992
3187.7,-33.992
3187.8,-35.991
3187.9,-31.992
3188.0,-30.992
3188.1,-30.992
3188.2,-31.992
3188.3,-28.993
3188.4,-30.992
3188.5,-30.992
3188.6,-27.993
3188.7,-28.993
3188.8,-26.993
3188.9,-25.994
3189.0,-26.993
3189.1,-26.993
3189.2,-26.993
3189.3,-27.993
3189.4,-24.994
3189.5,-25.994
3189.6,-23.994
3189.7,-23.994
3189.8,-19.995
3189.9,-26.993
3190.0,-20.995
3190.1,-15.996
3190.2,-20.995
3190.3,-17.995
3190.4,-13.997
3190.5,-15.996
3190.6,-15.996
3190.7,-13.997
3190.8,-11.997
3190.9,-13.997
3191.0,-10.997
3191.1,-10.997
3191.2,-8.998
3191.3,-7.998
3191.4,-5.998
3191.5,-7.998
3191.6,-2.0
3191.7,-4.999
3191.8,-6.998
3191.9,-1.0
3192.0,-2.0
3192.1,2.0
3192.2,0.0
3192.3,2.999
3192.4,4.999
3192.5,5.998
3192.6,5.998
3192.7,7.998
3192.8,8.998
3192.9,9.998
3193.0,8.998
3193.1,8.998
3193.2,13.997
3193.3,13.997
3193.4,14.996
3193.5,16.996
3193.6,15.996
3193.7,13.997
3193.8,20.995
3193.9,18.995
3194.0,15.996
3194.1,16.996
3194.2,18.995
3194.3,19.995
3194.4,18.995
3194.5,20.995
3194.6,23.994
3194.7,24.994
3194.8,20.995
3194.9,24.994
3195.0,25.994
3195.1,25.994
3195.2,26.993
3195.3,26.993
3195.4,27.993
3195.5,26.993
3195.6,31.992
3195.7,31.992
3195.8,30.992
3195.9,31.992
3196.0,27.993
3196.1,31.992
3196.2,28.993
3196.3,33.992
3196.4,32.992
3196.5,31.992
3196.6,31.992
3196.7,32.992
3196.8,33.992
3196.9,32.992
3197.0,36.991
3197.1,40.99
3197.2,37.991
3197.3,34.991
3197.4,34.991
3197.5,37.991
3197.6,35.991
3197.7,36.991
3197.8,32.992
3197.9,36.991
3198.0,34.991
3198.1,36.991
3198.2,36.991
3198.3,35.991
3198.4,40.99
3198.5,32.992
3198.6,34.991
3198.7,32.992
3198.8,33.992
3198.9,31.992
3199.0,30.992
3199.1,30.992
3199.2,28.993
3199.3,32.992
3199.4,30.992
3199.5,32.992
3199.6,28.993
3199.7,28.993
3199.8,24.994
3199.9,24.994
3200.0,25.994
3200.1,25.994
3200.2,24.994
3200.3,22.994
3200.4,20.995
3200.5,18.995
3200.6,22.994
3200.7,20.995
3200.8,20.995
3200.9,16.996
3201.0,16.996
3201.1,15.996
3201.2,8.998
3201.3,11.997
3201.4,9.998
3201.5,8.998
3201.6,9.998
3201.7,5.998
3201.8,4.999
3201.9,4.999
3202.0,5.998
3202.1,4.999
3202.2,2.0
3202.3,2.0
3202.4,-1.0
3202.5,1.0
3202.6,-1.0
3202.7,0.0
3202.8,-6.998
3202.9,-7.998
3203.0,-7.998
3203.1,-10.997
3203.2,-7.998
3203.3,-8.998
3203.4,-9.998
3203.5,-13.997
3203.6,-17.995
3203.7,-10.997
3203.8,-11.997
3203.9,-11.997
3204.0,-14.996
3204.1,-16.996
3204.2,-16.996
3204.3,-17.995
3204.4,-14.996
3204.5,-16.996
3204.6,-22.994
3204.7,-20.995
3204.8,-17.995
3204.9,-20.995
3205.0,-22.994
3205.1,-22.994
3205.2,-19.995
3205.3,-20.995
3205.4,-23.994
3205.5,-22.994
3205.6,-19.995
3205.7,-23.994
3205.8,-26.993
3205.9,-25.994
3206.0,-30.992
3206.1,-26.993
3206.2,-28.993
3206.3,-25.994
3206.4,-25.994
3206.5,-28.993
3206.6,-28.993
3206.7,-27.993
3206.8,-27.993
3206.9,-28.993
3207.0,-30.992
3207.1,-33.992
3207.2,-31.992
3207.3,-31.992
3207.4,-31.992
3207.5,-32.992
3207.6,-32.992
3207.7,-31.992
3207.8,-30.992
3207.9,-31.992
3208.0,-30.992
3208.1,-31.992
3208.2,-33.992
3208.3,-28.993
3208.4,-32.992
3208.5,-30.992
3208.6,-30.992
3208.7,-26.993
3208.8,-28.993
3208.9,-24.994
3209.0,-26.993
3209.1,-26.993
3209.2,-25.994
3209.3,-23.994
3209.4,-23.994
3209.5,-25.994
3209.6,-24.994
3209.7,-22.994
3209.8,-23.994
3209.9,-20.995
3210.0,-20.995
3210.1,-18.995
3210.2,-18.995
3210.3,-18.995
3210.4,-17.995
3210.5,-15.996
3210.6,-13.997
3210.7,-10.997
3210.8,-11.997
3210.9,-13.997
3211.0,-10.997
3211.1,-9.998
3211.2,-8.998
3211.3,-6.998
3211.4,-6.998
3211.5,-4.999
3211.6,-4.999
3211.7,-2.0
3211.8,-1.0
3211.9,2.0
3212.0,0.0
3212.1,2.0
3212.2,2.999
3212.3,2.0
3212.4,5.998
3212.5,6.998
3212.6,6.998
3212.7,6.998
3212.8,7.998
3212.9,5.998
3213.0,9.998
3213.1,11.997
3213.2,13.997
3213.3,18.995
3213.4,14.996
3213.5,13.997
3213.6,15.996
3213.7,18.995
3213.8,17.995
3213.9,16.996
3214.0,14.996
3214.1,18.995
3214.2,22.994
3214.3,19.995
3214.4,20.995
3214.5,23.994
3214.6,27.993
3214.7,25.994
3214.8,25.994
3214.9,23.994
3215.0,24.994
3215.1,26.993
3215.2,27.993
3215.3,27.993
3215.4,24.994
3215.5,27.993
3215.6,28.993
3215.7,31.992
3215.8,30.992
3215.9,28.993
3216.0,32.992
3216.1,33.992
3216.2,33.992
3216.3,30.992
3216.4,33.992
3216.5,32.992
3216.6,34.991
3216.7,34.991
3216.8,33.992
3216.9,35.991
3217.0,35.991
3217.1,36.991
3217.2,36.991
3217.3,35.991
3217.4,35.991
3217.5,37.991
3217.6,35.991
3217.7,36.991
3217.8,35.991
3217.9,33.992
3218.0,37.991
3218.1,34.991
3218.2,34.991
3218.3,32.992
3218.4,33.992
3218.5,33.992
3218.6,34.991
3218.7,33.992
3218.8,33.992
3218.9,32.992
3219.0,28.993
3219.1,30.992
3219.2,31.992
3219.3,26.993
3219.4,31.992
3219.5,26.993
3219.6,27.993
3219.7,25.994
3219.8,28.993
3219.9,27.993
3220.0,25.994
3220.1,28.993
3220.2,25.994
3220.3,23.994
3220.4,20.995
3220.5,22.994
3220.6,16.996
3220.7,19.995
3220.8,19.995
3220.9,18.995
3221.0,16.996
3221.1,14.996
3221.2,17.995
3221.3,11.997
3221.4,9.998
3221.5,10.997
3221.6,8.998
3221.7,5.998
3221.8,6.998
3221.9,5.998
3222.0,2.999
3222.1,0.0
3222.2,2.999
3222.3,2.0
3222.4,1.0
3222.5,0.0
3222.6,0.0
3222.7,-2.0
3222.8,-2.999
3222.9,-5.998
3223.0,-8.998
3223.1,-7.998
3223.2,-4.999
3223.3,-9.998
3223.4,-14.996
3223.5,-9.998
3223.6,-8.998
3223.7,-11.997
3223.8,-13.997
3223.9,-10.997
3224.0,-11.997
3224.1,-11.997
3224.2,-15.996
3224.3,-15.996
3224.4,-16.996
3224.5,-16.996
3224.6,-15.996
3224.7,-20.995
3224.8,-18.995
3224.9,-20.995
3225.0,-19.995
3225.1,-20.995
3225.2,-17.995
3225.3,-19.995
3225.4,-19.995
3225.5,-20.995
3225.6,-19.995
3225.7,-23.994
3225.8,-25.994
3225.9,-25.994
3226.0,-25.994
3226.1,-26.993
3226.2,-26.993
3226.3,-25.994
3226.4,-23.994
3226.5,-26.993
3226.6,-26.993
3226.7,-27.993
3226.8,-27.993
3226.9,-31.992
3227.0,-28.993
3227.1,-30.992
3227.2,-31.992
3227.3,-33.992
3227.4,-27.993
3227.5,-30.992
3227.6,-32.992
3227.7,-30.992
3227.8,-30.992
3227.9,-30.992
3228.0,-28.993
3228.1,-32.992
3228.2,-30.992
3228.3,-32.992
3228.4,-28.993
3228.5,-26.993
3228.6,-27.993
3228.7,-30.992
3228.8,-28.993
3228.9,-28.993
3229.0,-30.992
3229.1,-26.993
3229.2,-26.993
3229.3,-24.994
3229.4,-27.993
3229.5,-23.994
3229.6,-26.993
3229.7,-23.994
3229.8,-20.995
3229.9,-19.995
3230.0,-20.995
3230.1,-19.995
3230.2,-14.996
3230.3,-19.995
3230.4,-18.995
3230.5,-16.996
3230.6,-16.996
3230.7,-15.996
3230.8,-16.996
3230.9,-13.997
3231.0,-9.998
3231.1,-11.997
3231.2,-9.998
3231.3,-9.998
3231.4,-10.997
3231.5,-10.997
3231.6,-6.998
3231.7,-2.0
3231.8,-4.999
3231.9,0.0
3232.0,-2.999
3232.1,-1.0
3232.2,2.0
3232.3,2.999
3232.4,6.998
3232.5,2.0
3232.6,1.0
3232.7,5.998
3232.8,6.998
3232.9,10.997
3233.0,9.998
3233.1,10.997
3233.2,9.998
3233.3,11.997
3233.4,10.997
3233.5,13.997
3233.6,16.996
3233.7,16.996
3233.8,13.997
3233.9,17.995
3234.0,17.995
3234.1,16.996
3234.2,19.995
3234.3,18.995
3234.4,17.995
3234.5,19.995
3234.6,18.995
3234.7,24.994
3234.8,22.994
3234.9,23.994
3235.0,23.994
3235.1,25.994
3235.2,22.994
3235.3,26.993
3235.4,27.993
3235.5,26.993
3235.6,25.994
3235.7,28.993
3235.8,25.994
3235.9,32.992
3236.0,28.993
3236.1,28.993
3236.2,30.992
3236.3,27.993
3236.4,31.992
3236.5,32.992
3236.6,31.992
3236.7,27.993
3236.8,31.992
3236.9,33.992
3237.0,30.992
3237.1,34.991
3237.2,36.991
3237.3,33.992
3237.4,34.991
3237.5,33.992
3237.6,32.992
3237.7,36.991
3237.8,37.991
3237.9,34.991
3238.0,36.991
3238.1,31.992
3238.2,31.992
3238.3,33.992
3238.4,33.992
3238.5,33.992
3238.6,33.992
3238.7,31.992
3238.8,30.992
3238.9,31.992
3239.0,32.992
3239.1,28.993
3239.2,31.992
3239.3,27.993
3239.4,27.993
3239.5,30.992
3239.6,27.993
3239.7,25.994
3239.8,23.994
3239.9,23.994
3240.0,26.993
3240.1,24.994
3240.2,22.994
3240.3,23.994
3240.4,18.995
3240.5,16.996
3240.6,16.996
3240.7,17.995
3240.8,17.995
3240.9,16.996
3241.0,17.995
3241.1,16.996
3241.2,10.997
3241.3,9.998
3241.4,14.996
3241.5,8.998
3241.6,10.997
3241.7,8.998
3241.8,5.998
3241.9,4.999
3242.0,5.998
3242.1,1.0
3242.2,1.0
3242.3,-1.0
3242.4,2.0
3242.5,0.0
3242.6,1.0
3242.7,-2.999
3242.8,-1.0
3242.9,-7.998
3243.0,-7.998
3243.1,-5.998
3243.2,-6.998
3243.3,-7.998
3243.4,-8.998
3243.5,-9.998
3243.6,-11.997
3243.7,-11.997
3243.8,-15.996
3243.9,-13.997
3244.0,-11.997
3244.1,-17.995
3244.2,-13.997
3244.3,-14.996
3244.4,-15.996
3244.5,-17.995
3244.6,-19.995
3244.7,-18.995
3244.8,-19.995
3244.9,-20.995
3245.0,-18.995
3245.1,-22.994
3245.2,-19.995
3245.3,-23.994
3245.4,-19.995
3245.5,-20.995
3245.6,-23.994
3245.7,-22.994
3245.8,-24.994
3245.9,-22.994
3246.0,-24.994
3246.1,-26.993
3246.2,-26.993
3246.3,-27.993
3246.4,-27.993
3246.5,-26.993
3246.6,-27.993
3246.7,-24.994
3246.8,-30.992
3246.9,-28.993
3247.0,-31.992
3247.1,-35.991
3247.2,-31.992
3247.3,-30.992
3247.4,-31.992
3247.5,-33.992
3247.6,-31.992
3247.7,-31.992
3247.8,-31.992
3247.9,-28.993
3248.0,-30.992
3248.1,-27.993
3248.2,-31.992
3248.3,-33.992
3248.4,-30.992
3248.5,-30.992
3248.6,-30.992
3248.7,-28.993
3248.8,-32.992
3248.9,-27.993
3249.0,-26.993
3249.1,-25.994
3249.2,-27.993
3249.3,-24.994
3249.4,-24.994
3249.5,-22.994
3249.6,-19.995
3249.7,-20.995
3249.8,-20.995
3249.9,-19.995
3250.0,-16.996
3250.1,-19.995
3250.2,-18.995
3250.3,-18.995
3250.4,-16.996
3250.5,-15.996
3250.6,-16.996
3250.7,-16.996
3250.8,-11.997
3250.9,-10.997
3251.0,-10.997
3251.1,-5.998
3251.2,-8.998
3251.3,-8.998
3251.4,-8.998
3251.5,-5.998
3251.6,-5.998
3251.7,-6.998
3251.8,1.0
3251.9,1.0
3252.0,4.999
3252.1,2.0
3252.2,6.998
3252.3,5.998
3252.4,5.998
3252.5,10.997
3252.6,5.998
3252.7,7.998
3252.8,6.998
3252.9,8.998
3253.0,9.998
3253.1,14.996
3253.2,15.996
3253.3,16.996
3253.4,18.995
3253.5,15.996
3253.6,19.995
3253.7,17.995
3253.8,22.994
3253.9,19.995
3254.0,18.995
3254.1,22.994
3254.2,19.995
3254.3,20.995
3254.4,24.994
3254.5,23.994
3254.6,24.994
3254.7,20.995
3254.8,25.994
3254.9,24.994
3255.0,27.993
3255.1,26.993
3255.2,27.993
3255.3,27.993
3255.4,28.993
3255.5,30.992
3255.6,27.993
3255.7,28.993
3255.8,32.992
3255.9,31.992
3256.0,33.992
3256.1,33.992
3256.2,32.992
3256.3,32.992
3256.4,34.991
3256.5,35.991
3256.6,33.992
3256.7,36.991
3256.8,33.992
3256.9,36.991
3257.0,34.991
3257.1,37.991
3257.2,39.99
3257.3,36.991
3257.4,34.991
3257.5,37.991
3257.6,37.991
3257.7,35.991
3257.8,36.991
3257.9,31.992
3258.0,36.991
3258.1,33.992
3258.2,37.991
3258.3,34.991
3258.4,34.991
3258.5,34.991
3258.6,33.992
3258.7,31.992
3258.8,33.992
3258.9,32.992
3259.0,33.992
3259.1,30.992
3259.2,31.992
3259.3,28.993
3259.4,31.992
3259.5,27.993
3259.6,28.993
3259.7,26.993
3259.8,23.994
3259.9,23.994
3260.0,27.993
3260.1,19.995
3260.2,23.994
3260.3,23.994
3260.4,18.995
3260.5,18.995
3260.6,18.995
3260.7,16.996
3260.8,19.995
3260.9,14.996
3261.0,16.996
3261.1,13.997
3261.2,7.998
3261.3,9.998
3261.4,9.998
3261.5,7.998
3261.6,7.998
3261.7,7.998
3261.8,2.999
3261.9,2.999
3262.0,2.0
3262.1,5.998
3262.2,-2.0
3262.3,-1.0
3262.4,-2.999
3262.5,-1.0
3262.6,-2.0
3262.7,0.0
3262.8,-5.998
3262.9,-5.998
3263.0,-7.998
3263.1,-7.998
3263.2,-5.998
3263.3,-13.997
3263.4,-11.997
3263.5,-13.997
3263.6,-16.996
3263.7,-15.996
3263.8,-14.996
3263.9,-13.997
3264.0,-16.996
3264.1,-17.995
3264.2,-20.995
3264.3,-19.995
3264.4,-20.995
3264.5,-23.994
3264.6,-18.995
3264.7,-20.995
3264.8,-23.994
3264.9,-23.994
3265.0,-26.993
3265.1,-23.994
3265.2,-22.994
3265.3,-26.993
3265.4,-24.994
3265.5,-25.994
3265.6,-25.994
3265.7,-24.994
3265.8,-26.993
3265.9,-27.993
3266.0,-27.993
3266.1,-28.993
3266.2,-30.992
3266.3,-30.992
3266.4,-32.992
3266.5,-32.992
3266.6,-30.992
3266.7,-27.993
3266.8,-28.993
3266.9,-32.992
3267.0,-32.992
3267.1,-32.992
3267.2,-33.992
3267.3,-32.992
3267.4,-34.991
3267.5,-34.991
3267.6,-34.991
3267.7,-35.991
3267.8,-32.992
3267.9,-34.991
3268.0,-32.992
3268.1,-33.992
3268.2,-33.992
3268.3,-31.992
3268.4,-30.992
3268.5,-30.992
3268.6,-30.992
3268.7,-30.992
3268.8,-30.992
3268.9,-26.993
3269.0,-28.993
3269.1,-24.994
3269.2,-27.993
3269.3,-27.993
3269.4,-23.994
3269.5,-26.993
3269.6,-24.994
3269.7,-18.995
3269.8,-20.995
3269.9,-18.995
3270.0,-19.995
3270.1,-18.995
3270.2,-18.995
3270.3,-18.995
3270.4,-20.995
3270.5,-17.995
3270.6,-15.996
3270.7,-11.997
3270.8,-8.998
3270.9,-8.998
3271.0,-7.998
3271.1,-7.998
3271.2,-9.998
3271.3,-2.999
3271.4,-6.998
3271.5,-4.999
3271.6,-8.998
3271.7,-1.0
3271.8,-1.0
3271.9,1.0
3272.0,2.0
3272.1,4.999
3272.2,4.999
3272.3,8.998
3272.4,4.999
3272.5,5.998
3272.6,5.998
3272.7,9.998
3272.8,10.997
3272.9,10.997
3273.0,9.998
3273.1,15.996
3273.2,16.996
3273.3,16.996
3273.4,13.997
3273.5,17.995
3273.6,17.995
3273.7,20.995
3273.8,22.994
3273.9,18.995
3274.0,18.995
3274.1,20.995
3274.2,23.994
3274.3,19.995
3274.4,22.994
3274.5,26.993
3274.6,23.994
3274.7,24.994
3274.8,28.993
3274.9,30.992
3275.0,26.993
3275.1,25.994
3275.2,30.992
3275.3,28.993
3275.4,26.993
3275.5,25.994
3275.6,28.993
3275.7,31.992
3275.8,26.993
3275.9,33.992
3276.0,32.992
3276.1,32.992
3276.2,37.991
3276.3,32.992
3276.4,32.992
3276.5,32.992
3276.6,32.992
3276.7,34.991
3276.8,33.992
3276.9,36.991
3277.0,41.989
3277.1,35.991
3277.2,36.991
3277.3,34.991
3277.4,36.991
3277.5,36.991
3277.6,37.991
3277.7,37.991
3277.8,40.99
3277.9,36.991
3278.0,33.992
3278.1,36.991
3278.2,34.991
3278.3,35.991
3278.4,35.991
3278.5,35.991
3278.6,35.991
3278.7,35.991
3278.8,32.992
3278.9,34.991
3279.0,28.993
3279.1,30.992
3279.2,33.992
3279.3,31.992
3279.4,28.993
3279.5,24.994
3279.6,30.992
3279.7,28.993
3279.8,24.994
3279.9,25.994
3280.0,25.994
3280.1,23.994
3280.2,23.994
3280.3,20.995
3280.4,24.994
3280.5,23.994
3280.6,19.995
3280.7,16.996
3280.8,18.995
3280.9,14.996
3281.0,15.996
3281.1,10.997
3281.2,14.996
3281.3,14.996
3281.4,10.997
3281.5,10.997
3281.6,4.999
3281.7,6.998
3281.8,6.998
3281.9,5.998
3282.0,5.998
3282.1,0.0
3282.2,5.998
3282.3,4.999
3282.4,2.0
3282.5,0.0
3282.6,-2.0
3282.7,-1.0
3282.8,0.0
3282.9,-6.998
3283.0,-2.999
3283.1,-10.997
3283.2,-7.998
3283.3,-10.997
3283.4,-9.998
3283.5,-9.998
3283.6,-11.997
3283.7,-13.997
3283.8,-13.997
3283.9,-14.996
3284.0,-14.996
3284.1,-14.996
3284.2,-15.996
3284.3,-16.996
3284.4,-18.995
3284.5,-19.995
3284.6,-16.996
3284.7,-20.995
3284.8,-18.995
3284.9,-20.995
3285.0,-20.995
3285.1,-22.994
3285.2,-24.994
3285.3,-22.994
3285.4,-25.994
3285.5,-20.995
3285.6,-22.994
3285.7,-23.994
3285.8,-26.993
3285.9,-24.994
3286.0,-23.994
3286.1,-26.993
3286.2,-26.993
3286.3,-30.992
3286.4,-31.992
3286.5,-26.993
3286.6,-30.992
3286.7,-24.994
3286.8,-25.994
3286.9,-27.993
3287.0,-31.992
3287.1,-27.993
3287.2,-31.992
3287.3,-31.992
3287.4,-32.992
3287.5,-32.992
3287.6,-32.992
3287.7,-32.992
3287.8,-31.992
3287.9,-30.992
3288.0,-30.992
3288.1,-31.992
3288.2,-30.992
3288.3,-31.992
3288.4,-28.993
3288.5,-31.992
3288.6,-33.992
3288.7,-30.992
3288.8,-26.993
3288.9,-31.992
3289.0,-30.992
3289.1,-27.993
3289.2,-23.994
3289.3,-24.994
3289.4,-23.994
3289.5,-25.994
3289.6,-20.995
3289.7,-22.994
3289.8,-22.994
3289.9,-25.994
3290.0,-20.995
3290.1,-19.995
3290.2,-17.995
3290.3,-19.995
3290.4,-14.996
3290.5,-14.996
3290.6,-13.997
3290.7,-8.998
3290.8,-11.997
3290.9,-13.997
3291.0,-11.997
3291.1,-8.998
3291.2,-6.998
3291.3,-7.998
3291.4,-5.998
3291.5,-7.998
3291.6,-4.999
3291.7,-5.998
3291.8,-2.999
3291.9,-2.0
3292.0,4.999
3292.1,0.0
3292.2,-2.0
3292.3,8.998
3292.4,5.998
3292.5,2.999
3292.6,8.998
3292.7,9.998
3292.8,6.998
3292.9,10.997
3293.0,11.997
3293.1,10.997
3293.2,9.998
3293.3,9.998
3293.4,14.996
3293.5,15.996
3293.6,17.995
3293.7,16.996
3293.8,16.996
3293.9,18.995
3294.0,18.995
3294.1,18.995
3294.2,20.995
3294.3,20.995
3294.4,20.995
3294.5,24.994
3294.6,23.994
3294.7,25.994
3294.8,23.994
3294.9,23.994
3295.0,26.993
3295.1,24.994
3295.2,27.993
3295.3,24.994
3295.4,27.993
3295.5,28.993
3295.6,27.993
3295.7,28.993
3295.8,30.992
3295.9,26.993
3296.0,30.992
3296.1,30.992
3296.2,33.992
3296.3,35.991
3296.4,35.991
3296.5,36.991
3296.6,32.992
3296.7,33.992
3296.8,32.992
3296.9,34.991
3297.0,34.991
3297.1,36.991
3297.2,34.991
3297.3,34.991
3297.4,34.991
3297.5,35.991
3297.6,39.99
3297.7,32.992
3297.8,37.991
3297.9,36.991
3298.0,35.991
3298.1,36.991
3298.2,35.991
3298.3,34.991
3298.4,35.991
3298.5,31.992
3298.6,34.991
3298.7,30.992
3298.8,33.992
3298.9,33.992
3299.0,31.992
3299.1,31.992
3299.2,27.993
3299.3,30.992
3299.4,26.993
3299.5,26.993
3299.6,28.993
3299.7,26.993
3299.8,28.993
3299.9,26.993
3300.0,27.993
3300.1,23.994
3300.2,24.994
3300.3,24.994
3300.4,20.995
3300.5,24.994
3300.6,24.994
3300.7,19.995
3300.8,19.995
3300.9,17.995
3301.0,15.996
3301.1,11.997
3301.2,10.997
3301.3,14.996
3301.4,10.997
3301.5,9.998
3301.6,8.998
3301.7,8.998
3301.8,2.999
3301.9,7.998
3302.0,7.998
3302.1,4.999
3302.2,2.0
3302.3,0.0
3302.4,2.999
3302.5,1.0
3302.6,0.0
3302.7,1.0
3302.8,-1.0
3302.9,-4.999
3303.0,-6.998
3303.1,-5.998
3303.2,-7.998
3303.3,-13.997
3303.4,-6.998
3303.5,-10.997
3303.6,-11.997
3303.7,-14.996
3303.8,-15.996
3303.9,-9.998
3304.0,-13.997
3304.1,-14.996
3304.2,-18.995
3304.3,-14.996
3304.4,-16.996
3304.5,-16.996
3304.6,-16.996
3304.7,-17.995
3304.8,-23.994
3304.9,-23.994
3305.0,-22.994
3305.1,-20.995
3305.2,-23.994
3305.3,-24.994
3305.4,-23.994
3305.5,-22.994
3305.6,-19.995
3305.7,-23.994
3305.8,-22.994
3305.9,-24.994
3306.0,-20.995
3306.1,-28.993
3306.2,-27.993
3306.3,-27.993
3306.4,-27.993
3306.5,-30.992
3306.6,-26.993
3306.7,-31.992
3306.8,-26.993
3306.9,-31.992
3307.0,-30.992
3307.1,-30.992
3307.2,-31.992
3307.3,-30.992
3307.4,-30.992
3307.5,-28.993
3307.6,-30.992
3307.7,-32.992
3307.8,-30.992
3307.9,-31.992
3308.0,-31.992
3308.1,-32.992
3308.2,-31.992
3308.3,-30.992
3308.4,-30.992
3308.5,-27.993
3308.6,-31.992
3308.7,-30.992
3308.8,-26.993
3308.9,-27.993
3309.0,-27.993
3309.1,-24.994
3309.2,-23.994
3309.3,-24.994
3309.4,-23.994
3309.5,-23.994
3309.6,-19.995
3309.7,-22.994
3309.8,-20.995
3309.9,-19.995
3310.0,-20.995
3310.1,-19.995
3310.2,-24.994
3310.3,-19.995
3310.4,-16.996
3310.5,-17.995
3310.6,-15.996
3310.7,-13.997
3310.8,-13.997
3310.9,-13.997
3311.0,-9.998
3311.1,-9.998
3311.2,-8.998
3311.3,-5.998
3311.4,-9.998
3311.5,-6.998
3311.6,-2.999
3311.7,-4.999
3311.8,-4.999
3311.9,-2.999
3312.0,-1.0
3312.1,-1.0
3312.2,-2.0
3312.3,0.0
3312.4,2.999
3312.5,2.0
3312.6,5.998
3312.7,4.999
3312.8,5.998
3312.9,8.998
3313.0,9.998
3313.1,8.998
3313.2,10.997
3313.3,11.997
3313.4,8.998
3313.5,11.997
3313.6,15.996
3313.7,15.996
3313.8,16.996
3313.9,15.996
3314.0,18.995
3314.1,16.996
3314.2,18.995
3314.3,17.995
3314.4,20.995
3314.5,17.995
3314.6,19.995
3314.7,20.995
3314.8,20.995
3314.9,24.994
3315.0,25.994
3315.1,22.994
3315.2,22.994
3315.3,24.994
3315.4,23.994
3315.5,26.993
3315.6,26.993
3315.7,25.994
3315.8,27.993
3315.9,28.993
3316.0,30.992
3316.1,28.993
3316.2,28.993
3316.3,34.991
3316.4,31.992
3316.5,28.993
3316.6,27.993
3316.7,31.992
3316.8,31.992
3316.9,33.992
3317.0,33.992
3317.1,33.992
3317.2,32.992
3317.3,33.992
3317.4,34.991
3317.5,32.992
3317.6,36.991
3317.7,32.992
3317.8,34.991
3317.9,36.991
3318.0,33.992
3318.1,34.991
3318.2,33.992
3318.3,36.991
3318.4,32.992
3318.5,34.991
3318.6,31.992
3318.7,33.992
3318.8,31.992
3318.9,33.992
3319.0,30.992
3319.1,28.993
3319.2,28.993
3319.3,30.992
3319.4,26.993
3319.5,26.993
3319.6,28.993
3319.7,22.994
3319.8,27.993
3319.9,26.993
3320.0,25.994
3320.1,23.994
3320.2,24.994
3320.3,25.994
3320.4,24.994
3320.5,22.994
3320.6,19.995
3320.7,18.995
3320.8,16.996
3320.9,17.995
3321.0,16.996
3321.1,15.996
3321.2,14.996
3321.3,16.996
3321.4,14.996
3321.5,8.998
3321.6,6.998
3321.7,9.998
3321.8,9.998
3321.9,8.998
3322.0,7.998
3322.1,2.999
3322.2,4.999
3322.3,2.999
3322.4,0.0
3322.5,0.0
3322.6,-1.0
3322.7,-1.0
3322.8,0.0
3322.9,-2.0
3323.0,-1.0
3323.1,-4.999
3323.2,-5.998
3323.3,-8.998
3323.4,-10.997
3323.5,-9.998
3323.6,-9.998
3323.7,-8.998
3323.8,-14.996
3323.9,-11.997
3324.0,-13.997
3324.1,-11.997
3324.2,-13.997
3324.3,-11.997
3324.4,-11.997
3324.5,-14.996
3324.6,-17.995
3324.7,-18.995
3324.8,-15.996
3324.9,-18.995
3325.0,-19.995
3325.1,-23.994
3325.2,-19.995
3325.3,-20.995
3325.4,-19.995
3325.5,-17.995
3325.6,-20.995
3325.7,-22.994
3325.8,-23.994
3325.9,-22.994
3326.0,-23.994
3326.1,-22.994
3326.2,-24.994
3326.3,-25.994
3326.4,-26.993
3326.5,-26.993
3326.6,-25.994
3326.7,-26.993
3326.8,-27.993
3326.9,-26.993
3327.0,-27.993
3327.1,-26.993
3327.2,-26.993
3327.3,-27.993
3327.4,-27.993
3327.5,-30.992
3327.6,-27.993
3327.7,-30.992
3327.8,-27.993
3327.9,-30.992
3328.0,-30.992
3328.1,-33.992
3328.2,-30.992
3328.3,-26.993
3328.4,-28.993
3328.5,-26.993
3328.6,-27.993
3328.7,-25.994
3328.8,-30.992
3328.9,-28.993
3329.0,-27.993
3329.1,-25.994
3329.2,-24.994
3329.3,-28.993
3329.4,-24.994
3329.5,-23.994
3329.6,-19.995
3329.7,-19.995
3329.8,-23.994
3329.9,-20.995
3330.0,-17.995
3330.1,-19.995
3330.2,-17.995
3330.3,-15.996
3330.4,-16.996
3330.5,-13.997
3330.6,-15.996
3330.7,-15.996
3330.8,-14.996
3330.9,-9.998
3331.0,-9.998
3331.1,-9.998
3331.2,-9.998
3331.3,-4.999
3331.4,-6.998
3331.5,-4.999
3331.6,-2.0
3331.7,-4.999
3331.8,-4.999
3331.9,4.999
3332.0,1.0
3332.1,2.0
3332.2,6.998
3332.3,5.998
3332.4,2.999
3332.5,8.998
3332.6,6.998
3332.7,9.998
3332.8,10.997
3332.9,9.998
3333.0,9.998
3333.1,10.997
3333.2,11.997
3333.3,11.997
3333.4,16.996
3333.5,16.996
3333.6,17.995
3333.7,17.995
3333.8,20.995
3333.9,17.995
3334.0,19.995
3334.1,20.995
3334.2,22.994
3334.3,22.994
3334.4,19.995
3334.5,23.994
3334.6,22.994
3334.7,26.993
3334.8,27.993
3334.9,25.994
3335.0,24.994
3335.1,30.992
3335.2,31.992
3335.3,27.993
3335.4,26.993
3335.5,27.993
3335.6,27.993
3335.7,26.993
3335.8,30.992
3335.9,30.992
3336.0,32.992
3336.1,28.993
3336.2,32.992
3336.3,31.992
3336.4,34.991
3336.5,32.992
3336.6,33.992
3336.7,34.991
3336.8,35.991
3336.9,33.992
3337.0,34.991
3337.1,36.991
3337.2,35.991
3337.3,34.991
3337.4,35.991
3337.5,35.991
3337.6,37.991
3337.7,35.991
3337.8,35.991
3337.9,37.991
3338.0,37.991
3338.1,37.991
3338.2,36.991
3338.3,36.991
3338.4,32.992
3338.5,32.992
3338.6,32.992
3338.7,35.991
3338.8,30.992
3338.9,32.992
3339.0,31.992
3339.1,33.992
3339.2,30.992
3339.3,31.992
3339.4,27.993
3339.5,30.992
3339.6,25.994
3339.7,24.994
3339.8,25.994
3339.9,23.994
3340.0,23.994
3340.1,26.993
3340.2,26.993
3340.3,22.994
3340.4,24.994
3340.5,23.994
3340.6,16.996
3340.7,18.995
3340.8,19.995
3340.9,15.996
3341.0,14.996
3341.1,14.996
3341.2,11.997
3341.3,13.997
3341.4,11.997
3341.5,7.998
3341.6,13.997
3341.7,8.998
3341.8,5.998
3341.9,2.999
3342.0,4.999
3342.1,1.0
3342.2,-1.0
3342.3,0.0
3342.4,1.0
3342.5,-2.0
3342.6,-2.0
3342.7,2.0
3342.8,0.0
3342.9,-4.999
3343.0,-8.998
3343.1,-7.998
3343.2,-5.998
3343.3,-4.999
3343.4,-8.998
3343.5,-15.996
3343.6,-15.996
3343.7,-13.997
3343.8,-14.996
3343.9,-11.997
3344.0,-14.996
3344.1,-14.996
3344.2,-17.995
3344.3,-20.995
3344.4,-15.996
3344.5,-17.995
3344.6,-23.994
3344.7,-18.995
3344.8,-19.995
3344.9,-18.995
3345.0,-23.994
3345.1,-24.994
3345.2,-23.994
3345.3,-23.994
3345.4,-20.995
3345.5,-23.994
3345.6,-28.993
3345.7,-25.994
3345.8,-25.994
3345.9,-23.994
3346.0,-24.994
3346.1,-26.993
3346.2,-27.993
3346.3,-26.993
3346.4,-27.993
3346.5,-30.992
3346.6,-28.993
3346.7,-31.992
3346.8,-33.992
3346.9,-28.993
3347.0,-28.993
3347.1,-30.992
3347.2,-33.992
3347.3,-32.992
3347.4,-32.992
3347.5,-33.992
3347.6,-30.992
3347.7,-32.992
3347.8,-31.992
3347.9,-32.992
3348.0,-31.992
3348.1,-31.992
3348.2,-33.992
3348.3,-30.992
3348.4,-30.992
3348.5,-32.992
3348.6,-23.994
3348.7,-28.993
3348.8,-28.993
3348.9,-26.993
3349.0,-28.993
3349.1,-25.994
3349.2,-26.993
3349.3,-23.994
3349.4,-27.993
3349.5,-23.994
3349.6,-24.994
3349.7,-23.994
3349.8,-20.995
3349.9,-20.995
3350.0,-19.995
3350.1,-22.994
3350.2,-19.995
3350.3,-15.996
3350.4,-18.995
3350.5,-17.995
3350.6,-13.997
3350.7,-14.996
3350.8,-10.997
3350.9,-10.997
3351.0,-9.998
3351.1,-8.998
3351.2,-8.998
3351.3,-9.998
3351.4,-5.998
3351.5,-7.998
3351.6,-6.998
3351.7,-2.999
3351.8,-5.998
3351.9,0.0
3352.0,2.0
3352.1,2.999
3352.2,2.0
3352.3,2.999
3352.4,2.999
3352.5,5.998
3352.6,9.998
3352.7,7.998
3352.8,8.998
3352.9,9.998
3353.0,8.998
3353.1,13.997
3353.2,13.997
3353.3,11.997
3353.4,17.995
3353.5,16.996
3353.6,16.996
3353.7,17.995
3353.8,18.995
3353.9,18.995
3354.0,18.995
3354.1,22.994
3354.2,23.994
3354.3,20.995
3354.4,22.994
3354.5,24.994
3354.6,23.994
3354.7,27.993
3354.8,25.994
3354.9,26.993
3355.0,27.993
3355.1,30.992
3355.2,30.992
3355.3,28.993
3355.4,26.993
3355.5,27.993
3355.6,32.992
3355.7,25.994
3355.8,28.993
3355.9,31.992
3356.0,27.993
3356.1,31.992
3356.2,32.992
3356.3,32.992
3356.4,32.992
3356.5,34.991
3356.6,37.991
3356.7,34.991
3356.8,35.991
3356.9,35.991
3357.0,34.991
3357.1,34.991
3357.2,35.991
3357.3,36.991
3357.4,32.992
3357.5,37.991
3357.6,40.99
3357.7,37.991
3357.8,36.991
3357.9,39.99
3358.0,39.99
3358.1,39.99
3358.2,37.991
3358.3,35.991
3358.4,34.991
3358.5,35.991
3358.6,33.992
3358.7,32.992
3358.8,34.991
3358.9,31.992
3359.0,34.991
3359.1,28.993
3359.2,30.992
3359.3,30.992
3359.4,28.993
3359.5,28.993
3359.6,28.993
3359.7,28.993
3359.8,25.994
3359.9,30.992
3360.0,24.994
3360.1,24.994
3360.2,24.994
3360.3,22.994
3360.4,19.995
3360.5,19.995
3360.6,20.995
3360.7,18.995
3360.8,15.996
3360.9,16.996
3361.0,13.997
3361.1,14.996
3361.2,10.997
3361.3,10.997
3361.4,11.997
3361.5,8.998
3361.6,7.998
3361.7,4.999
3361.8,2.0
3361.9,2.999
3362.0,1.0
3362.1,2.0
3362.2,2.0
3362.3,-2.0
3362.4,-2.999
3362.5,-2.0
3362.6,-2.999
3362.7,-4.999
3362.8,-7.998
3362.9,-5.998
3363.0,-6.998
3363.1,-7.998
3363.2,-7.998
3363.3,-11.997
3363.4,-11.997
3363.5,-13.997
3363.6,-14.996
3363.7,-15.996
3363.8,-13.997
3363.9,-14.996
3364.0,-14.996
3364.1,-14.996
3364.2,-16.996
3364.3,-18.995
3364.4,-20.995
3364.5,-18.995
3364.6,-20.995
3364.7,-23.994
3364.8,-20.995
3364.9,-20.995
3365.0,-26.993
3365.1,-24.994
3365.2,-27.993
3365.3,-25.994
3365.4,-24.994
3365.5,-25.994
3365.6,-25.994
3365.7,-25.994
3365.8,-26.993
3365.9,-23.994
3366.0,-26.993
3366.1,-28.993
3366.2,-27.993
3366.3,-27.993
3366.4,-28.993
3366.5,-26.993
3366.6,-32.992
3366.7,-31.992
3366.8,-31.992
3366.9,-32.992
3367.0,-31.992
3367.1,-33.992
3367.2,-34.991
3367.3,-31.992
3367.4,-33.992
3367.5,-33.992
3367.6,-32.992
3367.7,-34.991
3367.8,-33.992
3367.9,-34.991
3368.0,-32.992
3368.1,-32.992
3368.2,-30.992
3368.3,-32.992
3368.4,-31.992
3368.5,-26.993
3368.6,-30.992
3368.7,-30.992
3368.8,-31.992
3368.9,-28.993
3369.0,-31.992
3369.1,-27.993
3369.2,-27.993
3369.3,-25.994
3369.4,-25.994
3369.5,-25.994
3369.6,-26.993
3369.7,-23.994
3369.8,-20.995
3369.9,-24.994
3370.0,-16.996
3370.1,-20.995
3370.2,-18.995
3370.3,-18.995
3370.4,-17.995
3370.5,-16.996
3370.6,-19.995
3370.7,-14.996
3370.8,-13.997
3370.9,-11.997
3371.0,-8.998
3371.1,-10.997
3371.2,-6.998
3371.3,-4.999
3371.4,-5.998
3371.5,-6.998
3371.6,-4.999
3371.7,-2.999
3371.8,-4.999
3371.9,-1.0
3372.0,0.0
3372.1,4.999
3372.2,5.998
3372.3,2.0
3372.4,4.999
3372.5,6.998
3372.6,6.998
3372.7,8.998
3372.8,5.998
3372.9,10.997
3373.0,10.997
3373.1,11.997
3373.2,14.996
3373.3,15.996
3373.4,15.996
3373.5,14.996
3373.6,16.996
3373.7,18.995
3373.8,18.995
3373.9,18.995
3374.0,20.995
3374.1,23.994
3374.2,22.994
3374.3,23.994
3374.4,24.994
3374.5,22.994
3374.6,22.994
3374.7,20.995
3374.8,27.993
3374.9,24.994
3375.0,26.993
3375.1,30.992
3375.2,26.993
3375.3,30.992
3375.4,28.993
3375.5,31.992
3375.6,32.992
3375.7,27.993
3375.8,30.992
3375.9,28.993
3376.0,30.992
3376.1,30.992
3376.2,31.992
3376.3,32.992
3376.4,33.992
3376.5,31.992
3376.6,31.992
3376.7,35.991
3376.8,34.991
3376.9,35.991
3377.0,36.991
3377.1,34.991
3377.2,33.992
3377.3,36.991
3377.4,34.991
3377.5,34.991
3377.6,36.991
3377.7,37.991
3377.8,34.991
3377.9,40.99
3378.0,36.991
3378.1,36.991
3378.2,33.992
3378.3,31.992
3378.4,34.991
3378.5,35.991
3378.6,35.991
3378.7,35.991
3378.8,32.992
3378.9,33.992
3379.0,30.992
3379.1,32.992
3379.2,28.993
3379.3,31.992
3379.4,32.992
3379.5,30.992
3379.6,30.992
3379.7,28.993
3379.8,25.994
3379.9,24.994
3380.0,25.994
3380.1,25.994
3380.2,24.994
3380.3,23.994
3380.4,22.994
3380.5,22.994
3380.6,18.995
3380.7,20.995
3380.8,16.996
3380.9,15.996
3381.0,14.996
3381.1,11.997
3381.2,15.996
3381.3,11.997
3381.4,11.997
3381.5,6.998
3381.6,9.998
3381.7,7.998
3381.8,8.998
3381.9,4.999
3382.0,8.998
3382.1,2.0
3382.2,6.998
3382.3,-1.0
3382.4,0.0
3382.5,1.0
3382.6,-2.0
3382.7,-4.999
3382.8,-2.0
3382.9,-4.999
3383.0,-6.998
3383.1,-6.998
3383.2,-8.998
3383.3,-9.998
3383.4,-8.998
3383.5,-9.998
3383.6,-13.997
3383.7,-13.997
3383.8,-13.997
3383.9,-13.997
3384.0,-14.996
3384.1,-15.996
3384.2,-16.996
3384.3,-16.996
3384.4,-16.996
3384.5,-15.996
3384.6,-15.996
3384.7,-17.995
3384.8,-18.995
3384.9,-19.995
3385.0,-22.994
3385.1,-19.995
3385.2,-25.994
3385.3,-23.994
3385.4,-23.994
3385.5,-24.994
3385.6,-25.994
3385.7,-24.994
3385.8,-26.993
3385.9,-25.994
3386.0,-22.994
3386.1,-24.994
3386.2,-26.993
3386.3,-25.994
3386.4,-28.993
3386.5,-26.993
3386.6,-28.993
3386.7,-27.993
3386.8,-28.993
3386.9,-30.992
3387.0,-32.992
3387.1,-30.992
3387.2,-28.993
3387.3,-26.993
3387.4,-30.992
3387.5,-28.993
3387.6,-30.992
3387.7,-31.992
3387.8,-30.992
3387.9,-34.991
3388.0,-32.992
3388.1,-30.992
3388.2,-25.994
3388.3,-30.992
3388.4,-32.992
3388.5,-27.993
3388.6,-27.993
3388.7,-26.993
3388.8,-25.994
3388.9,-27.993
3389.0,-30.992
3389.1,-28.993
3389.2,-25.994
3389.3,-25.994
3389.4,-23.994
3389.5,-24.994
3389.6,-24.994
3389.7,-23.994
3389.8,-17.995
3389.9,-18.995
3390.0,-18.995
3390.1,-18.995
3390.2,-17.995
3390.3,-18.995
3390.4,-19.995
3390.5,-15.996
3390.6,-14.996
3390.7,-16.996
3390.8,-10.997
3390.9,-10.997
3391.0,-9.998
3391.1,-10.997
3391.2,-8.998
3391.3,-6.998
3391.4,-6.998
3391.5,-2.999
3391.6,-5.998
3391.7,-6.998
3391.8,-2.999
3391.9,-2.999
3392.0,1.0
3392.1,-4.999
3392.2,2.999
3392.3,1.0
3392.4,4.999
3392.5,2.0
3392.6,4.999
3392.7,4.999
3392.8,9.998
3392.9,7.998
3393.0,10.997
3393.1,10.997
3393.2,10.997
3393.3,11.997
3393.4,11.997
3393.5,11.997
3393.6,17.995
3393.7,17.995
3393.8,13.997
3393.9,19.995
3394.0,18.995
3394.1,18.995
3394.2,16.996
3394.3,16.996
3394.4,18.995
3394.5,22.994
3394.6,22.994
3394.7,23.994
3394.8,20.995
3394.9,22.994
3395.0,22.994
3395.1,24.994
3395.2,25.994
3395.3,25.994
3395.4,27.993
3395.5,26.993
3395.6,27.993
3395.7,25.994
3395.8,23.994
3395.9,24.994
3396.0,28.993
3396.1,27.993
3396.2,28.993
3396.3,31.992
3396.4,31.992
3396.5,30.992
3396.6,30.992
3396.7,30.992
3396.8,33.992
3396.9,33.992
3397.0,31.992
3397.1,34.991
3397.2,34.991
3397.3,36.991
3397.4,34.991
3397.5,34.991
3397.6,31.992
3397.7,35.991
3397.8,33.992
3397.9,34.991
3398.0,34.991
3398.1,35.991
3398.2,33.992
3398.3,36.991
3398.4,35.991
3398.5,28.993
3398.6,32.992
3398.7,31.992
3398.8,30.992
3398.9,32.992
3399.0,33.992
3399.1,31.992
3399.2,31.992
3399.3,32.992
3399.4,30.992
3399.5,26.993
3399.6,24.994
3399.7,23.994
3399.8,24.994
3399.9,26.993
3400.0,24.994
3400.1,26.993
3400.2,24.994
3400.3,22.994
3400.4,19.995
3400.5,22.994
3400.6,19.995
3400.7,17.995
3400.8,19.995
3400.9,16.996
3401.0,14.996
3401.1,15.996
3401.2,13.997
3401.3,11.997
3401.4,11.997
3401.5,10.997
3401.6,13.997
3401.7,11.997
3401.8,7.998
3401.9,6.998
3402.0,6.998
3402.1,6.998
3402.2,5.998
3402.3,4.999
3402.4,5.998
3402.5,2.0
3402.6,-1.0
3402.7,-1.0
3402.8,-4.999
3402.9,-5.998
3403.0,-5.998
3403.1,-5.998
3403.2,-8.998
3403.3,-5.998
3403.4,-9.998
3403.5,-7.998
3403.6,-9.998
3403.7,-7.998
3403.8,-13.997
3403.9,-10.997
3404.0,-14.996
3404.1,-14.996
3404.2,-13.997
3404.3,-16.996
3404.4,-15.996
3404.5,-17.995
3404.6,-15.996
3404.7,-15.996
3404.8,-19.995
3404.9,-17.995
3405.0,-17.995
3405.1,-22.994
3405.2,-19.995
3405.3,-19.995
3405.4,-22.994
3405.5,-20.995
3405.6,-20.995
3405.7,-20.995
3405.8,-24.994
3405.9,-23.994
3406.0,-22.994
3406.1,-23.994
3406.2,-25.994
3406.3,-25.994
3406.4,-26.993
3406.5,-22.994
3406.6,-26.993
3406.7,-28.993
3406.8,-27.993
3406.9,-28.993
3407.0,-31.992
3407.1,-26.993
3407.2,-26.993
3407.3,-28.993
3407.4,-30.992
3407.5,-30.992
3407.6,-31.992
3407.7,-25.994
3407.8,-28.993
3407.9,-31.992
3408.0,-32.992
3408.1,-32.992
3408.2,-28.993
3408.3,-28.993
3408.4,-28.993
3408.5,-26.993
3408.6,-31.992
3408.7,-26.993
3408.8,-27.993
3408.9,-28.993
3409.0,-27.993
3409.1,-24.994
3409.2,-24.994
3409.3,-23.994
3409.4,-24.994
3409.5,-24.994
3409.6,-20.995
3409.7,-22.994
3409.8,-23.994
3409.9,-20.995
3410.0,-18.995
3410.1,-19.995
3410.2,-20.995
3410.3,-18.995
3410.4,-17.995
3410.5,-17.995
3410.6,-16.996
3410.7,-13.997
3410.8,-13.997
3410.9,-9.998
3411.0,-7.998
3411.1,-10.997
3411.2,-7.998
3411.3,-5.998
3411.4,-6.998
3411.5,-4.999
3411.6,-1.0
3411.7,-4.999
3411.8,-5.998
3411.9,-1.0
3412.0,1.0
3412.1,2.0
3412.2,4.999
3412.3,0.0
3412.4,6.998
3412.5,2.999
3412.6,8.998
3412.7,6.998
3412.8,5.998
3412.9,9.998
3413.0,7.998
3413.1,13.997
3413.2,10.997
3413.3,14.996
3413.4,14.996
3413.5,19.995
3413.6,15.996
3413.7,17.995
3413.8,17.995
3413.9,18.995
3414.0,19.995
3414.1,22.994
3414.2,20.995
3414.3,22.994
3414.4,24.994
3414.5,22.994
3414.6,22.994
3414.7,24.994
3414.8,24.994
3414.9,23.994
3415.0,28.993
3415.1,25.994
3415.2,27.993
3415.3,30.992
3415.4,32.992
3415.5,28.993
3415.6,30.992
3415.7,30.992
3415.8,28.993
3415.9,32.992
3416.0,30.992
3416.1,27.993
3416.2,28.993
3416.3,30.992
3416.4,33.992
3416.5,35.991
3416.6,33.992
3416.7,32.992
3416.8,34.991
3416.9,33.992
3417.0,35.991
3417.1,34.991
3417.2,36.991
3417.3,39.99
3417.4,34.991
3417.5,35.991
3417.6,36.991
3417.7,35.991
3417.8,35.991
3417.9,35.991
3418.0,37.991
3418.1,40.99
3418.2,35.991
3418.3,37.991
3418.4,35.991
3418.5,36.991
3418.6,33.992
3418.7,35.991
3418.8,31.992
3418.9,31.992
3419.0,28.993
3419.1,30.992
3419.2,28.993
3419.3,32.992
3419.4,31.992
3419.5,27.993
3419.6,26.993
3419.7,24.994
3419.8,27.993
3419.9,25.994
3420.0,22.994
3420.1,27.993
3420.2,25.994
3420.3,23.994
3420.4,22.994
3420.5,19.995
3420.6,19.995
3420.7,17.995
3420.8,18.995
3420.9,19.995
3421.0,17.995
3421.1,15.996
3421.2,14.996
3421.3,7.998
3421.4,11.997
3421.5,7.998
3421.6,6.998
3421.7,8.998
3421.8,5.998
3421.9,4.999
3422.0,5.998
3422.1,1.0
3422.2,2.999
3422.3,1.0
3422.4,0.0
3422.5,1.0
3422.6,-4.999
3422.7,-5.998
3422.8,-5.998
3422.9,-7.998
3423.0,-6.998
3423.1,-6.998
3423.2,-7.998
3423.3,-10.997
3423.4,-11.997
3423.5,-15.996
3423.6,-11.997
3423.7,-13.997
3423.8,-15.996
3423.9,-13.997
3424.0,-17.995
3424.1,-15.996
3424.2,-18.995
3424.3,-19.995
3424.4,-19.995
3424.5,-18.995
3424.6,-16.996
3424.7,-17.995
3424.8,-16.996
3424.9,-23.994
3425.0,-20.995
3425.1,-19.995
3425.2,-24.994
3425.3,-25.994
3425.4,-30.992
3425.5,-26.993
3425.6,-27.993
3425.7,-27.993
3425.8,-28.993
3425.9,-27.993
3426.0,-26.993
3426.1,-31.992
3426.2,-27.993
3426.3,-25.994
3426.4,-30.992
3426.5,-32.992
3426.6,-28.993
3426.7,-30.992
3426.8,-32.992
3426.9,-33.992
3427.0,-30.992
3427.1,-32.992
3427.2,-32.992
3427.3,-33.992
3427.4,-28.993
3427.5,-32.992
3427.6,-31.992
3427.7,-33.992
3427.8,-30.992
3427.9,-32.992
3428.0,-28.993
3428.1,-31.992
3428.2,-33.992
3428.3,-31.992
3428.4,-27.993
3428.5,-28.993
3428.6,-31.992
3428.7,-27.993
3428.8,-26.993
3428.9,-24.994
3429.0,-27.993
3429.1,-31.992
3429.2,-28.993
3429.3,-24.994
3429.4,-26.993
3429.5,-28.993
3429.6,-23.994
3429.7,-25.994
3429.8,-20.995
3429.9,-23.994
3430.0,-15.996
3430.1,-19.995
3430.2,-23.994
3430.3,-18.995
3430.4,-18.995
3430.5,-17.995
3430.6,-15.996
3430.7,-13.997
3430.8,-13.997
3430.9,-9.998
3431.0,-10.997
3431.1,-10.997
3431.2,-9.998
3431.3,-5.998
3431.4,-4.999
3431.5,-4.999
3431.6,-2.0
3431.7,-2.999
3431.8,-2.0
3431.9,-1.0
3432.0,6.998
3432.1,2.0
3432.2,2.999
3432.3,2.0
3432.4,6.998
3432.5,8.998
3432.6,10.997
3432.7,5.998
3432.8,9.998
3432.9,11.997
3433.0,10.997
3433.1,14.996
3433.2,13.997
3433.3,11.997
3433.4,15.996
3433.5,15.996
3433.6,17.995
3433.7,19.995
3433.8,19.995
3433.9,19.995
3434.0,18.995
3434.1,18.995
3434.2,22.994
3434.3,22.994
3434.4,22.994
3434.5,25.994
3434.6,25.994
3434.7,25.994
3434.8,22.994
3434.9,27.993
3435.0,26.993
3435.1,32.992
3435.2,26.993
3435.3,28.993
3435.4,30.992
3435.5,31.992
3435.6,32.992
3435.7,34.991
3435.8,33.992
3435.9,31.992
3436.0,34.991
3436.1,32.992
3436.2,32.992
3436.3,33.992
3436.4,35.991
3436.5,33.992
3436.6,35.991
3436.7,35.991
3436.8,34.991
3436.9,34.991
3437.0,36.991
3437.1,37.991
3437.2,34.991
3437.3,33.992
3437.4,35.991
3437.5,35.991
3437.6,40.99
3437.7,34.991
3437.8,34.991
3437.9,35.991
3438.0,34.991
3438.1,34.991
3438.2,36.991
3438.3,36.991
3438.4,34.991
3438.5,32.992
3438.6,32.992
3438.7,35.991
3438.8,30.992
3438.9,34.991
3439.0,33.992
3439.1,34.991
3439.2,31.992
3439.3,27.993
3439.4,28.993
3439.5,30.992
3439.6,33.992
3439.7,28.993
3439.8,28.993
3439.9,27.993
3440.0,26.993
3440.1,24.994
3440.2,24.994
3440.3,19.995
3440.4,19.995
3440.5,18.995
3440.6,18.995
3440.7,18.995
3440.8,17.995
3440.9,18.995
3441.0,15.996
3441.1,13.997
3441.2,13.997
3441.3,10.997
3441.4,9.998
3441.5,8.998
3441.6,5.998
3441.7,4.999
3441.8,8.998
3441.9,5.998
3442.0,2.0
3442.1,4.999
3442.2,4.999
3442.3,0.0
3442.4,0.0
3442.5,-1.0
3442.6,-2.999
3442.7,-5.998
3442.8,-4.999
3442.9,-7.998
3443.0,-10.997
3443.1,-8.998
3443.2,-7.998
3443.3,-6.998
3443.4,-8.998
3443.5,-7.998
3443.6,-9.998
3443.7,-13.997
3443.8,-13.997
3443.9,-13.997
3444.0,-15.996
3444.1,-16.996
3444.2,-18.995
3444.3,-16.996
3444.4,-20.995
3444.5,-17.995
3444.6,-19.995
3444.7,-18.995
3444.8,-20.995
3444.9,-23.994
3445.0,-19.995
3445.1,-22.994
3445.2,-23.994
3445.3,-23.994
3445.4,-25.994
3445.5,-26.993
3445.6,-27.993
3445.7,-24.994
3445.8,-26.993
3445.9,-23.994
3446.0,-28.993
3446.1,-28.993
3446.2,-27.993
3446.3,-27.993
3446.4,-31.992
3446.5,-26.993
3446.6,-31.992
3446.7,-31.992
3446.8,-31.992
3446.9,-30.992
3447.0,-33.992
3447.1,-31.992
3447.2,-32.992
3447.3,-28.993
3447.4,-32.992
3447.5,-34.991
3447.6,-34.991
3447.7,-31.992
3447.8,-30.992
3447.9,-30.992
3448.0,-35.991
3448.1,-31.992
3448.2,-33.992
3448.3,-33.992
3448.4,-31.992
3448.5,-32.992
3448.6,-28.993
3448.7,-27.993
3448.8,-27.993
3448.9,-27.993
3449.0,-25.994
3449.1,-24.994
3449.2,-28.993
3449.3,-26.993
3449.4,-24.994
3449.5,-25.994
3449.6,-24.994
3449.7,-25.994
3449.8,-20.995
3449.9,-20.995
3450.0,-19.995
3450.1,-18.995
3450.2,-15.996
3450.3,-19.995
3450.4,-20.995
3450.5,-14.996
3450.6,-13.997
3450.7,-13.997
3450.8,-14.996
3450.9,-15.996
3451.0,-11.997
3451.1,-7.998
3451.2,-4.999
3451.3,-8.998
3451.4,-4.999
3451.5,-6.998
3451.6,-4.999
3451.7,0.0
3451.8,0.0
3451.9,0.0
3452.0,-2.0
3452.1,0.0
3452.2,2.999
3452.3,6.998
3452.4,2.999
3452.5,5.998
3452.6,8.998
3452.7,6.998
3452.8,13.997
3452.9,9.998
3453.0,14.996
3453.1,13.997
3453.2,9.998
3453.3,18.995
3453.4,18.995
3453.5,19.995
3453.6,18.995
3453.7,18.995
3453.8,18.995
3453.9,19.995
3454.0,18.995
3454.1,20.995
3454.2,22.994
3454.3,23.994
3454.4,24.994
3454.5,23.994
3454.6,27.993
3454.7,26.993
3454.8,28.993
3454.9,25.994
3455.0,28.993
3455.1,26.993
3455.2,27.993
3455.3,28.993
3455.4,27.993
3455.5,28.993
3455.6,30.992
3455.7,30.992
3455.8,30.992
3455.9,32.992
3456.0,34.991
3456.1,34.991
3456.2,33.992
3456.3,34.991
3456.4,34.991
3456.5,33.992
3456.6,33.992
3456.7,33.992
3456.8,34.991
3456.9,34.991
3457.0,33.992
3457.1,37.991
3457.2,39.99
3457.3,36.991
3457.4,39.99
3457.5,34.991
3457.6,37.991
3457.7,35.991
3457.8,34.991
3457.9,37.991
3458.0,37.991
3458.1,37.991
3458.2,37.991
3458.3,39.99
3458.4,35.991
3458.5,34.991
3458.6,33.992
3458.7,33.992
3458.8,28.993
3458.9,33.992
3459.0,32.992
3459.1,30.992
3459.2,26.993
3459.3,32.992
3459.4,28.993
3459.5,26.993
3459.6,31.992
3459.7,25.994
3459.8,25.994
3459.9,28.993
3460.0,26.993
3460.1,23.994
3460.2,24.994
3460.3,20.995
3460.4,19.995
3460.5,20.995
3460.6,18.995
3460.7,17.995
3460.8,16.996
3460.9,19.995
3461.0,16.996
3461.1,13.997
3461.2,14.996
3461.3,11.997
3461.4,8.998
3461.5,9.998
3461.6,7.998
3461.7,4.999
3461.8,4.999
3461.9,2.0
3462.0,2.999
3462.1,1.0
3462.2,1.0
3462.3,1.0
3462.4,-1.0
3462.5,-1.0
3462.6,-2.0
3462.7,-2.0
3462.8,-4.999
3462.9,-7.998
3463.0,-7.998
3463.1,-7.998
3463.2,-13.997
3463.3,-13.997
3463.4,-9.998
3463.5,-11.997
3463.6,-11.997
3463.7,-13.997
3463.8,-13.997
3463.9,-15.996
3464.0,-16.996
3464.1,-15.996
3464.2,-16.996
3464.3,-20.995
3464.4,-18.995
3464.5,-18.995
3464.6,-18.995
3464.7,-16.996
3464.8,-23.994
3464.9,-20.995
3465.0,-20.995
3465.1,-19.995
3465.2,-22.994
3465.3,-20.995
3465.4,-23.994
3465.5,-26.993
3465.6,-26.993
3465.7,-25.994
3465.8,-22.994
3465.9,-24.994
3466.0,-24.994
3466.1,-25.994
3466.2,-25.994
3466.3,-31.992
3466.4,-24.994
3466.5,-27.993
3466.6,-28.993
3466.7,-30.992
3466.8,-30.992
3466.9,-28.993
3467.0,-32.992
3467.1,-27.993
3467.2,-30.992
3467.3,-30.992
3467.4,-33.992
3467.5,-28.993
3467.6,-30.992
3467.7,-28.993
3467.8,-31.992
3467.9,-30.992
3468.0,-34.991
3468.1,-31.992
3468.2,-30.992
3468.3,-28.993
3468.4,-27.993
3468.5,-27.993
3468.6,-27.993
3468.7,-28.993
3468.8,-27.993
3468.9,-26.993
3469.0,-26.993
3469.1,-24.994
3469.2,-27.993
3469.3,-26.993
3469.4,-27.993
3469.5,-23.994
3469.6,-23.994
3469.7,-23.994
3469.8,-22.994
3469.9,-22.994
3470.0,-18.995
3470.1,-18.995
3470.2,-18.995
3470.3,-15.996
3470.4,-19.995
3470.5,-16.996
3470.6,-13.997
3470.7,-14.996
3470.8,-9.998
3470.9,-15.996
3471.0,-16.996
3471.1,-11.997
3471.2,-7.998
3471.3,-7.998
3471.4,-7.998
3471.5,-5.998
3471.6,-2.999
3471.7,-5.998
3471.8,-1.0
3471.9,-2.999
3472.0,0.0
3472.1,-1.0
3472.2,2.999
3472.3,-1.0
3472.4,2.0
3472.5,2.0
3472.6,8.998
3472.7,2.999
3472.8,4.999
3472.9,8.998
3473.0,9.998
3473.1,8.998
3473.2,9.998
3473.3,11.997
3473.4,10.997
3473.5,11.997
3473.6,10.997
3473.7,14.996
3473.8,15.996
3473.9,18.995
3474.0,19.995
3474.1,16.996
3474.2,20.995
3474.3,22.994
3474.4,18.995
3474.5,23.994
3474.6,23.994
3474.7,23.994
3474.8,24.994
3474.9,22.994
3475.0,24.994
3475.1,26.993
3475.2,25.994
3475.3,25.994
3475.4,24.994
3475.5,26.993
3475.6,23.994
3475.7,30.992
3475.8,24.994
3475.9,28.993
3476.0,31.992
3476.1,30.992
3476.2,30.992
3476.3,31.992
3476.4,30.992
3476.5,25.994
3476.6,31.992
3476.7,34.991
3476.8,32.992
3476.9,35.991
3477.0,31.992
3477.1,34.991
3477.2,34.991
3477.3,35.991
3477.4,32.992
3477.5,35.991
3477.6,34.991
3477.7,34.991
3477.8,33.992
3477.9,34.991
3478.0,36.991
3478.1,34.991
3478.2,34.991
3478.3,35.991
3478.4,35.991
3478.5,32.992
3478.6,33.992
3478.7,33.992
3478.8,34.991
3478.9,32.992
3479.0,32.992
3479.1,27.993
3479.2,32.992
3479.3,30.992
3479.4,28.993
3479.5,28.993
3479.6,27.993
3479.7,28.993
3479.8,27.993
3479.9,28.993
3480.0,27.993
3480.1,26.993
3480.2,20.995
3480.3,20.995
3480.4,20.995
3480.5,18.995
3480.6,19.995
3480.7,19.995
3480.8,17.995
3480.9,17.995
3481.0,15.996
3481.1,14.996
3481.2,14.996
3481.3,13.997
3481.4,14.996
3481.5,9.998
3481.6,7.998
3481.7,7.998
3481.8,9.998
3481.9,6.998
3482.0,6.998
3482.1,6.998
3482.2,2.999
3482.3,2.999
3482.4,2.999
3482.5,4.999
3482.6,-2.0
3482.7,1.0
3482.8,-5.998
3482.9,-1.0
3483.0,-2.0
3483.1,-2.999
3483.2,-5.998
3483.3,-5.998
3483.4,-8.998
3483.5,-7.998
3483.6,-11.997
3483.7,-9.998
3483.8,-8.998
3483.9,-11.997
3484.0,-8.998
3484.1,-9.998
3484.2,-14.996
3484.3,-14.996
3484.4,-14.996
3484.5,-16.996
3484.6,-14.996
3484.7,-19.995
3484.8,-17.995
3484.9,-18.995
3485.0,-15.996
3485.1,-18.995
3485.2,-18.995
3485.3,-19.995
3485.4,-23.994
3485.5,-23.994
3485.6,-24.994
3485.7,-20.995
3485.8,-25.994
3485.9,-22.994
3486.0,-22.994
3486.1,-24.994
3486.2,-25.994
3486.3,-23.994
3486.4,-19.995
3486.5,-27.993
3486.6,-24.994
3486.7,-26.993
3486.8,-27.993
3486.9,-25.994
3487.0,-28.993
3487.1,-30.992
3487.2,-32.992
3487.3,-33.992
3487.4,-31.992
3487.5,-28.993
3487.6,-25.994
3487.7,-30.992
3487.8,-27.993
3487.9,-28.993
3488.0,-28.993
3488.1,-28.993
3488.2,-31.992
3488.3,-33.992
3488.4,-30.992
3488.5,-30.992
3488.6,-27.993
3488.7,-24.994
3488.8,-24.994
3488.9,-30.992
3489.0,-24.994
3489.1,-27.993
3489.2,-24.994
3489.3,-25.994
3489.4,-25.994
3489.5,-24.994
3489.6,-22.994
3489.7,-23.994
3489.8,-22.994
3489.9,-19.995
3490.0,-18.995
3490.1,-18.995
3490.2,-17.995
3490.3,-17.995
3490.4,-15.996
3490.5,-17.995
3490.6,-16.996
3490.7,-15.996
3490.8,-14.996
3490.9,-11.997
3491.0,-13.997
3491.1,-8.998
3491.2,-8.998
3491.3,-7.998
3491.4,-8.998
3491.5,-2.0
3491.6,-6.998
3491.7,-5.998
3491.8,-1.0
3491.9,-1.0
3492.0,-1.0
3492.1,-1.0
3492.2,2.999
3492.3,4.999
3492.4,1.0
3492.5,5.998
3492.6,4.999
3492.7,5.998
3492.8,10.997
3492.9,7.998
3493.0,9.998
3493.1,16.996
3493.2,14.996
3493.3,13.997
3493.4,10.997
3493.5,14.996
3493.6,15.996
3493.7,15.996
3493.8,17.995
3493.9,16.996
3494.0,20.995
3494.1,19.995
3494.2,17.995
3494.3,19.995
3494.4,20.995
3494.5,18.995
3494.6,19.995
3494.7,24.994
3494.8,24.994
3494.9,26.993
3495.0,23.994
3495.1,26.993
3495.2,27.993
3495.3,26.993
3495.4,25.994
3495.5,30.992
3495.6,30.992
3495.7,28.993
3495.8,27.993
3495.9,27.993
3496.0,30.992
3496.1,30.992
3496.2,32.992
3496.3,27.993
3496.4,32.992
3496.5,33.992
3496.6,30.992
3496.7,30.992
3496.8,33.992
3496.9,35.991
3497.0,35.991
3497.1,33.992
3497.2,36.991
3497.3,36.991
3497.4,33.992
3497.5,39.99
3497.6,32.992
3497.7,34.991
3497.8,33.992
3497.9,34.991
3498.0,35.991
3498.1,34.991
3498.2,35.991
3498.3,33.992
3498.4,36.991
3498.5,33.992
3498.6,32.992
3498.7,30.992
3498.8,32.992
3498.9,32.992
3499.0,28.993
3499.1,30.992
3499.2,31.992
3499.3,28.993
3499.4,26.993
3499.5,26.993
3499.6,30.992
3499.7,27.993
3499.8,26.993
3499.9,26.993
3500.0,25.994
3500.1,25.994
3500.2,25.994
3500.3,24.994
3500.4,25.994
3500.5,19.995
3500.6,22.994
3500.7,18.995
3500.8,19.995
3500.9,14.996
3501.0,14.996
3501.1,14.996
3501.2,14.996
3501.3,13.997
3501.4,10.997
3501.5,7.998
3501.6,8.998
3501.7,7.998
3501.8,4.999
3501.9,5.998
3502.0,1.0
3502.1,2.999
3502.2,0.0
3502.3,1.0
3502.4,4.999
3502.5,-2.0
3502.6,2.0
3502.7,-2.999
3502.8,-2.0
3502.9,-1.0
3503.0,-5.998
3503.1,-7.998
3503.2,-5.998
3503.3,-7.998
3503.4,-11.997
3503.5,-8.998
3503.6,-11.997
3503.7,-14.996
3503.8,-15.996
3503.9,-11.997
3504.0,-13.997
3504.1,-16.996
3504.2,-15.996
3504.3,-17.995
3504.4,-17.995
3504.5,-20.995
3504.6,-17.995
3504.7,-22.994
3504.8,-19.995
3504.9,-20.995
3505.0,-22.994
3505.1,-18.995
3505.2,-22.994
3505.3,-22.994
3505.4,-23.994
3505.5,-26.993
3505.6,-20.995
3505.7,-24.994
3505.8,-26.993
3505.9,-25.994
3506.0,-32.992
3506.1,-28.993
3506.2,-30.992
3506.3,-28.993
3506.4,-23.994
3506.5,-26.993
3506.6,-25.994
3506.7,-28.993
3506.8,-28.993
3506.9,-32.992
3507.0,-35.991
3507.1,-33.992
3507.2,-30.992
3507.3,-30.992
3507.4,-32.992
3507.5,-34.991
3507.6,-27.993
3507.7,-32.992
3507.8,-30.992
3507.9,-28.993
3508.0,-32.992
3508.1,-33.992
3508.2,-27.993
3508.3,-32.992
3508.4,-31.992
3508.5,-32.992
3508.6,-31.992
3508.7,-27.993
3508.8,-27.993
3508.9,-24.994
3509.0,-27.993
3509.1,-26.993
3509.2,-26.993
3509.3,-23.994
3509.4,-24.994
3509.5,-25.994
3509.6,-19.995
3509.7,-19.995
3509.8,-24.994
3509.9,-24.994
3510.0,-22.994
3510.1,-19.995
3510.2,-19.995
3510.3,-13.997
3510.4,-14.996
3510.5,-18.995
3510.6,-11.997
3510.7,-15.996
3510.8,-14.996
3510.9,-10.997
3511.0,-8.998
3511.1,-6.998
3511.2,-6.998
3511.3,-8.998
3511.4,-5.998
3511.5,-6.998
3511.6,-2.0
3511.7,-5.998
3511.8,1.0
3511.9,0.0
3512.0,2.0
3512.1,1.0
3512.2,1.0
3512.3,5.998
3512.4,6.998
3512.5,6.998
3512.6,6.998
3512.7,5.998
3512.8,5.998
3512.9,8.998
3513.0,13.997
3513.1,15.996
3513.2,11.997
3513.3,14.996
3513.4,16.996
3513.5,19.995
3513.6,18.995
3513.7,17.995
3513.8,20.995
3513.9,18.995
3514.0,18.995
3514.1,20.995
3514.2,18.995
3514.3,22.994
3514.4,22.994
3514.5,23.994
3514.6,20.995
3514.7,26.993
3514.8,22.994
3514.9,25.994
3515.0,26.993
3515.1,28.993
3515.2,26.993
3515.3,27.993
3515.4,24.994
3515.5,25.994
3515.6,27.993
3515.7,27.993
3515.8,31.992
3515.9,28.993
3516.0,27.993
3516.1,32.992
3516.2,30.992
3516.3,33.992
3516.4,32.992
3516.5,34.991
3516.6,33.992
3516.7,31.992
3516.8,34.991
3516.9,33.992
3517.0,35.991
3517.1,33.992
3517.2,33.992
3517.3,36.991
3517.4,37.991
3517.5,35.991
3517.6,34.991
3517.7,36.991
3517.8,37.991
3517.9,36.991
3518.0,32.992
3518.1,34.991
3518.2,34.991
3518.3,34.991
3518.4,36.991
3518.5,32.992
3518.6,33.992
3518.7,31.992
3518.8,32.992
3518.9,30.992
3519.0,28.993
3519.1,32.992
3519.2,28.993
3519.3,28.993
3519.4,30.992
3519.5,32.992
3519.6,27.993
3519.7,23.994
3519.8,23.994
3519.9,23.994
3520.0,25.994
3520.1,23.994
3520.2,22.994
3520.3,19.995
3520.4,25.994
3520.5,22.994
3520.6,20.995
3520.7,22.994
3520.8,16.996
3520.9,14.996
3521.0,16.996
3521.1,14.996
3521.2,15.996
3521.3,10.997
3521.4,6.998
3521.5,7.998
3521.6,6.998
3521.7,8.998
3521.8,7.998
3521.9,4.999
3522.0,6.998
3522.1,2.999
3522.2,2.999
3522.3,2.0
3522.4,1.0
3522.5,-2.0
3522.6,-1.0
3522.7,1.0
3522.8,-4.999
3522.9,-5.998
3523.0,-4.999
3523.1,-7.998
3523.2,-7.998
3523.3,-8.998
3523.4,-9.998
3523.5,-14.996
3523.6,-14.996
3523.7,-11.997
3523.8,-13.997
3523.9,-15.996
3524.0,-14.996
3524.1,-13.997
3524.2,-15.996
3524.3,-15.996
3524.4,-18.995
3524.5,-18.995
3524.6,-19.995
3524.7,-15.996
3524.8,-20.995
3524.9,-17.995
3525.0,-18.995
3525.1,-23.994
3525.2,-18.995
3525.3,-24.994
3525.4,-20.995
3525.5,-22.994
3525.6,-24.994
3525.7,-25.994
3525.8,-26.993
3525.9,-25.994
3526.0,-23.994
3526.1,-26.993
3526.2,-27.993
3526.3,-30.992
3526.4,-23.994
3526.5,-26.993
3526.6,-28.993
3526.7,-30.992
3526.8,-31.992
3526.9,-28.993
3527.0,-31.992
3527.1,-31.992
3527.2,-31.992
3527.3,-34.991
3527.4,-30.992
3527.5,-31.992
3527.6,-34.991
3527.7,-31.992
3527.8,-30.992
3527.9,-31.992
3528.0,-34.991
3528.1,-31.992
3528.2,-26.993
3528.3,-30.992
3528.4,-30.992
3528.5,-27.993
3528.6,-26.993
3528.7,-28.993
3528.8,-30.992
3528.9,-26.993
3529.0,-25.994
3529.1,-27.993
3529.2,-25.994
3529.3,-24.994
3529.4,-22.994
3529.5,-25.994
3529.6,-26.993
3529.7,-23.994
3529.8,-19.995
3529.9,-23.994
3530.0,-16.996
3530.1,-22.994
3530.2,-19.995
3530.3,-17.995
3530.4,-16.996
3530.5,-13.997
3530.6,-16.996
3530.7,-15.996
3530.8,-9.998
3530.9,-9.998
3531.0,-8.998
3531.1,-7.998
3531.2,-6.998
3531.3,-8.998
3531.4,-5.998
3531.5,-2.999
3531.6,-2.999
3531.7,-1.0
3531.8,-2.0
3531.9,2.999
3532.0,1.0
3532.1,4.999
3532.2,1.0
3532.3,7.998
3532.4,2.999
3532.5,4.999
3532.6,4.999
3532.7,8.998
3532.8,9.998
3532.9,11.997
3533.0,13.997
3533.1,14.996
3533.2,16.996
3533.3,15.996
3533.4,16.996
3533.5,14.996
3533.6,15.996
3533.7,19.995
3533.8,18.995
3533.9,17.995
3534.0,20.995
3534.1,19.995
3534.2,22.994
3534.3,23.994
3534.4,24.994
3534.5,23.994
3534.6,26.993
3534.7,27.993
3534.8,25.994
3534.9,26.993
3535.0,26.993
3535.1,26.993
3535.2,28.993
3535.3,28.993
3535.4,25.994
3535.5,33.992
3535.6,28.993
3535.7,30.992
3535.8,30.992
3535.9,31.992
3536.0,35.991
3536.1,33.992
3536.2,33.992
3536.3,33.992
3536.4,31.992
3536.5,31.992
3536.6,30.992
3536.7,32.992
3536.8,34.991
3536.9,33.992
3537.0,34.991
3537.1,34.991
3537.2,39.99
3537.3,37.991
3537.4,35.991
3537.5,34.991
3537.6,36.991
3537.7,37.991
3537.8,36.991
3537.9,34.991
3538.0,35.991
3538.1,37.991
3538.2,35.991
3538.3,32.992
3538.4,39.99
3538.5,35.991
3538.6,35.991
3538.7,34.991
3538.8,30.992
3538.9,32.992
3539.0,33.992
3539.1,32.992
3539.2,31.992
3539.3,30.992
3539.4,32.992
3539.5,28.993
3539.6,28.993
3539.7,28.993
3539.8,30.992
3539.9,26.993
3540.0,24.994
3540.1,22.994
3540.2,24.994
3540.3,22.994
3540.4,19.995
3540.5,20.995
3540.6,19.995
3540.7,17.995
3540.8,18.995
3540.9,17.995
3541.0,13.997
3541.1,16.996
3541.2,14.996
3541.3,11.997
3541.4,10.997
3541.5,6.998
3541.6,7.998
3541.7,11.997
3541.8,6.998
3541.9,6.998
3542.0,5.998
3542.1,0.0
3542.2,2.0
3542.3,0.0
3542.4,2.0
3542.5,-2.999
3542.6,0.0
3542.7,-2.999
3542.8,-4.999
3542.9,-2.999
3543.0,-7.998
3543.1,-10.997
3543.2,-9.998
3543.3,-11.997
3543.4,-10.997
3543.5,-11.997
3543.6,-15.996
3543.7,-15.996
3543.8,-14.996
3543.9,-13.997
3544.0,-16.996
3544.1,-15.996
3544.2,-17.995
3544.3,-17.995
3544.4,-14.996
3544.5,-16.996
3544.6,-19.995
3544.7,-20.995
3544.8,-20.995
3544.9,-18.995
3545.0,-20.995
3545.1,-25.994
3545.2,-23.994
3545.3,-22.994
3545.4,-23.994
3545.5,-23.994
3545.6,-24.994
3545.7,-26.993
3545.8,-26.993
3545.9,-27.993
3546.0,-28.993
3546.1,-26.993
3546.2,-30.992
3546.3,-27.993
3546.4,-28.993
3546.5,-27.993
3546.6,-27.993
3546.7,-27.993
3546.8,-30.992
3546.9,-30.992
3547.0,-31.992
3547.1,-34.991
3547.2,-31.992
3547.3,-35.991
3547.4,-33.992
3547.5,-30.992
3547.6,-31.992
3547.7,-34.991
3547.8,-32.992
3547.9,-33.992
3548.0,-31.992
3548.1,-32.992
3548.2,-30.992
3548.3,-32.992
3548.4,-31.992
3548.5,-30.992
3548.6,-32.992
3548.7,-25.994
3548.8,-28.993
3548.9,-26.993
3549.0,-26.993
3549.1,-27.993
3549.2,-26.993
3549.3,-26.993
3549.4,-24.994
3549.5,-24.994
3549.6,-24.994
3549.7,-24.994
3549.8,-23.994
3549.9,-22.994
3550.0,-19.995
3550.1,-18.995
3550.2,-16.996
3550.3,-19.995
3550.4,-18.995
3550.5,-15.996
3550.6,-15.996
3550.7,-11.997
3550.8,-10.997
3550.9,-11.997
3551.0,-9.998
3551.1,-5.998
3551.2,-5.998
3551.3,-4.999
3551.4,-4.999
3551.5,-6.998
3551.6,-1.0
3551.7,-2.999
3551.8,-5.998
3551.9,-1.0
3552.0,0.0
3552.1,1.0
3552.2,2.999
3552.3,6.998
3552.4,2.0
3552.5,7.998
3552.6,7.998
3552.7,8.998
3552.8,7.998
3552.9,8.998
3553.0,11.997
3553.1,9.998
3553.2,13.997
3553.3,14.996
3553.4,15.996
3553.5,15.996
3553.6,17.995
3553.7,16.996
3553.8,19.995
3553.9,20.995
3554.0,18.995
3554.1,18.995
3554.2,22.994
3554.3,22.994
3554.4,22.994
3554.5,19.995
3554.6,25.994
3554.7,24.994
3554.8,25.994
3554.9,25.994
3555.0,24.994
3555.1,25.994
3555.2,25.994
3555.3,25.994
3555.4,25.994
3555.5,26.993
3555.6,27.993
3555.7,30.992
3555.8,27.993
3555.9,32.992
3556.0,33.992
3556.1,30.992
3556.2,30.992
3556.3,28.993
3556.4,31.992
3556.5,32.992
3556.6,34.991
3556.7,34.991
3556.8,31.992
3556.9,35.991
3557.0,33.992
3557.1,34.991
3557.2,37.991
3557.3,33.992
3557.4,34.991
3557.5,39.99
3557.6,37.991
3557.7,37.991
3557.8,33.992
3557.9,35.991
3558.0,34.991
3558.1,35.991
3558.2,34.991
3558.3,35.991
3558.4,36.991
3558.5,36.991
3558.6,35.991
3558.7,34.991
3558.8,32.992
3558.9,33.992
3559.0,33.992
3559.1,31.992
3559.2,32.992
3559.3,32.992
3559.4,30.992
3559.5,30.992
3559.6,26.993
3559.7,30.992
3559.8,27.993
3559.9,25.994
3560.0,25.994
3560.1,25.994
3560.2,23.994
3560.3,26.993
3560.4,23.994
3560.5,23.994
3560.6,16.996
3560.7,18.995
3560.8,17.995
3560.9,15.996
3561.0,14.996
3561.1,13.997
3561.2,14.996
3561.3,13.997
3561.4,10.997
3561.5,8.998
3561.6,5.998
3561.7,7.998
3561.8,5.998
3561.9,6.998
3562.0,2.999
3562.1,1.0
3562.2,2.0
3562.3,2.999
3562.4,-2.0
3562.5,-2.0
3562.6,-1.0
3562.7,-2.999
3562.8,-2.0
3562.9,-2.999
3563.0,-4.999
3563.1,-8.998
3563.2,-9.998
3563.3,-7.998
3563.4,-9.998
3563.5,-11.997
3563.6,-13.997
3563.7,-13.997
3563.8,-13.997
3563.9,-14.996
3564.0,-14.996
3564.1,-15.996
3564.2,-13.997
3564.3,-16.996
3564.4,-18.995
3564.5,-18.995
3564.6,-18.995
3564.7,-16.996
3564.8,-20.995
3564.9,-19.995
3565.0,-19.995
3565.1,-20.995
3565.2,-20.995
3565.3,-20.995
3565.4,-22.994
3565.5,-24.994
3565.6,-23.994
3565.7,-24.994
3565.8,-27.993
3565.9,-26.993
3566.0,-28.993
3566.1,-27.993
3566.2,-27.993
3566.3,-24.994
3566.4,-25.994
3566.5,-30.992
3566.6,-25.994
3566.7,-27.993
3566.8,-28.993
3566.9,-25.994
3567.0,-30.992
3567.1,-26.993
3567.2,-32.992
3567.3,-31.992
3567.4,-35.991
3567.5,-30.992
3567.6,-33.992
3567.7,-28.993
3567.8,-32.992
3567.9,-32.992
3568.0,-31.992
3568.1,-30.992
3568.2,-30.992
3568.3,-25.994
3568.4,-28.993
3568.5,-32.992
3568.6,-27.993
3568.7,-31.992
3568.8,-27.993
3568.9,-30.992
3569.0,-26.993
3569.1,-25.994
3569.2,-24.994
3569.3,-24.994
3569.4,-25.994
3569.5,-25.994
3569.6,-25.994
3569.7,-24.994
3569.8,-18.995
3569.9,-22.994
3570.0,-22.994
3570.1,-19.995
3570.2,-20.995
3570.3,-19.995
3570.4,-17.995
3570.5,-16.996
3570.6,-14.996
3570.7,-13.997
3570.8,-15.996
3570.9,-8.998
3571.0,-13.997
3571.1,-8.998
3571.2,-9.998
3571.3,-7.998
3571.4,-5.998
3571.5,-5.998
3571.6,-1.0
3571.7,0.0
3571.8,-2.0
3571.9,1.0
3572.0,0.0
3572.1,0.0
3572.2,2.999
3572.3,6.998
3572.4,5.998
3572.5,6.998
3572.6,6.998
3572.7,6.998
3572.8,5.998
3572.9,8.998
3573.0,9.998
3573.1,9.998
3573.2,14.996
3573.3,14.996
3573.4,17.995
3573.5,15.996
3573.6,15.996
3573.7,17.995
3573.8,18.995
3573.9,19.995
3574.0,20.995
3574.1,23.994
3574.2,19.995
3574.3,22.994
3574.4,22.994
3574.5,19.995
3574.6,23.994
3574.7,23.994
3574.8,26.993
3574.9,25.994
3575.0,26.993
3575.1,27.993
3575.2,25.994
3575.3,26.993
3575.4,30.992
3575.5,26.993
3575.6,27.993
3575.7,30.992
3575.8,30.992
3575.9,30.992
3576.0,28.993
3576.1,32.992
3576.2,30.992
3576.3,35.991
3576.4,33.992
3576.5,31.992
3576.6,33.992
3576.7,32.992
3576.8,30.992
3576.9,32.992
3577.0,35.991
3577.1,35.991
3577.2,35.991
3577.3,36.991
3577.4,34.991
3577.5,35.991
3577.6,34.991
3577.7,37.991
3577.8,35.991
3577.9,35.991
3578.0,35.991
3578.1,34.991
3578.2,37.991
3578.3,34.991
3578.4,34.991
3578.5,33.992
3578.6,32.992
3578.7,30.992
3578.8,32.992
3578.9,30.992
3579.0,32.992
3579.1,32.992
3579.2,28.993
3579.3,30.992
3579.4,30.992
3579.5,30.992
3579.6,26.993
3579.7,26.993
3579.8,25.994
3579.9,26.993
3580.0,26.993
3580.1,22.994
3580.2,23.994
3580.3,23.994
3580.4,20.995
3580.5,23.994
3580.6,23.994
3580.7,16.996
3580.8,15.996
3580.9,11.997
3581.0,16.996
3581.1,14.996
3581.2,13.997
3581.3,11.997
3581.4,7.998
3581.5,8.998
3581.6,6.998
3581.7,6.998
3581.8,5.998
3581.9,5.998
3582.0,5.998
3582.1,2.0
3582.2,-1.0
3582.3,0.0
3582.4,-1.0
3582.5,-1.0
3582.6,-5.998
3582.7,-2.0
3582.8,-2.999
3582.9,-4.999
3583.0,-9.998
3583.1,-10.997
3583.2,-7.998
3583.3,-11.997
3583.4,-10.997
3583.5,-10.997
3583.6,-15.996
3583.7,-11.997
3583.8,-14.996
3583.9,-16.996
3584.0,-14.996
3584.1,-15.996
3584.2,-18.995
3584.3,-19.995
3584.4,-17.995
3584.5,-16.996
3584.6,-23.994
3584.7,-19.995
3584.8,-20.995
3584.9,-19.995
3585.0,-23.994
3585.1,-26.993
3585.2,-19.995
3585.3,-22.994
3585.4,-22.994
3585.5,-24.994
3585.6,-25.994
3585.7,-27.993
3585.8,-25.994
3585.9,-24.994
3586.0,-24.994
3586.1,-27.993
3586.2,-30.992
3586.3,-27.993
3586.4,-26.993
3586.5,-27.993
3586.6,-27.993
3586.7,-27.993
3586.8,-25.994
3586.9,-27.993
3587.0,-31.992
3587.1,-31.992
3587.2,-28.993
3587.3,-32.992
3587.4,-28.993
3587.5,-32.992
3587.6,-34.991
3587.7,-28.993
3587.8,-32.992
3587.9,-31.992
3588.0,-30.992
3588.1,-28.993
3588.2,-31.992
3588.3,-28.993
3588.4,-25.994
3588.5,-24.994
3588.6,-30.992
3588.7,-23.994
3588.8,-26.993
3588.9,-25.994
3589.0,-27.993
3589.1,-26.993
3589.2,-24.994
3589.3,-26.993
3589.4,-24.994
3589.5,-22.994
3589.6,-22.994
3589.7,-19.995
3589.8,-23.994
3589.9,-19.995
3590.0,-23.994
3590.1,-18.995
3590.2,-18.995
3590.3,-18.995
3590.4,-19.995
3590.5,-14.996
3590.6,-14.996
3590.7,-11.997
3590.8,-10.997
3590.9,-11.997
3591.0,-8.998
3591.1,-10.997
3591.2,-8.998
3591.3,-6.998
3591.4,-7.998
3591.5,-5.998
3591.6,-4.999
3591.7,-5.998
3591.8,-1.0
3591.9,-1.0
3592.0,2.0
3592.1,1.0
3592.2,2.999
3592.3,2.999
3592.4,4.999
3592.5,5.998
3592.6,4.999
3592.7,5.998
3592.8,8.998
3592.9,9.998
3593.0,9.998
3593.1,10.997
3593.2,13.997
3593.3,13.997
3593.4,14.996
3593.5,16.996
3593.6,15.996
3593.7,16.996
3593.8,16.996
3593.9,17.995
3594.0,19.995
3594.1,17.995
3594.2,19.995
3594.3,19.995
3594.4,22.994
3594.5,19.995
3594.6,20.995
3594.7,23.994
3594.8,24.994
3594.9,23.994
3595.0,25.994
3595.1,23.994
3595.2,24.994
3595.3,25.994
3595.4,24.994
3595.5,27.993
3595.6,26.993
3595.7,25.994
3595.8,27.993
3595.9,30.992
3596.0,28.993
3596.1,32.992
3596.2,33.992
3596.3,33.992
3596.4,32.992
3596.5,34.991
3596.6,30.992
3596.7,31.992
3596.8,28.993
3596.9,31.992
3597.0,33.992
3597.1,34.991
3597.2,37.991
3597.3,36.991
3597.4,35.991
3597.5,35.991
3597.6,35.991
3597.7,40.99
3597.8,34.991
3597.9,33.992
3598.0,36.991
3598.1,33.992
3598.2,31.992
3598.3,31.992
3598.4,34.991
3598.5,33.992
3598.6,32.992
3598.7,33.992
3598.8,32.992
3598.9,32.992
3599.0,31.992
3599.1,33.992
3599.2,31.992
3599.3,30.992
3599.4,28.993
3599.5,28.993
3599.6,27.993
3599.7,25.994
3599.8,25.994
3599.9,26.993
3600.0,27.993
3600.1,23.994
3600.2,19.995
3600.3,22.994
3600.4,20.995
3600.5,18.995
3600.6,16.996
3600.7,17.995
3600.8,18.995
3600.9,18.995
3601.0,11.997
3601.1,13.997
3601.2,13.997
3601.3,9.998
3601.4,9.998
3601.5,10.997
3601.6,8.998
3601.7,5.998
3601.8,6.998
3601.9,6.998
3602.0,2.0
3602.1,4.999
3602.2,1.0
3602.3,1.0
3602.4,2.999
3602.5,-1.0
3602.6,-5.998
3602.7,0.0
3602.8,-2.999
3602.9,-4.999
3603.0,-5.998
3603.1,-6.998
3603.2,-7.998
3603.3,-8.998
3603.4,-7.998
3603.5,-8.998
3603.6,-11.997
3603.7,-13.997
3603.8,-11.997
3603.9,-14.996
3604.0,-14.996
3604.1,-11.997
3604.2,-13.997
3604.3,-15.996
3604.4,-15.996
3604.5,-18.995
3604.6,-20.995
3604.7,-17.995
3604.8,-20.995
3604.9,-20.995
3605.0,-20.995
3605.1,-25.994
3605.2,-18.995
3605.3,-22.994
3605.4,-22.994
3605.5,-19.995
3605.6,-25.994
3605.7,-24.994
3605.8,-23.994
3605.9,-25.994
3606.0,-25.994
3606.1,-25.994
3606.2,-25.994
3606.3,-28.993
3606.4,-30.992
3606.5,-27.993
3606.6,-27.993
3606.7,-26.993
3606.8,-26.993
3606.9,-28.993
3607.0,-27.993
3607.1,-31.992
3607.2,-31.992
3607.3,-30.992
3607.4,-32.992
3607.5,-33.992
3607.6,-32.992
3607.7,-32.992
3607.8,-31.992
3607.9,-31.992
3608.0,-32.992
3608.1,-30.992
3608.2,-25.994
3608.3,-30.992
3608.4,-31.992
3608.5,-27.993
3608.6,-27.993
3608.7,-26.993
3608.8,-27.993
3608.9,-31.992
3609.0,-30.992
3609.1,-30.992
3609.2,-25.994
3609.3,-25.994
3609.4,-25.994
3609.5,-20.995
3609.6,-20.995
3609.7,-22.994
3609.8,-22.994
3609.9,-25.994
3610.0,-23.994
3610.1,-20.995
3610.2,-20.995
3610.3,-16.996
3610.4,-18.995
3610.5,-13.997
3610.6,-11.997
3610.7,-14.996
3610.8,-11.997
3610.9,-11.997
3611.0,-9.998
3611.1,-5.998
3611.2,-4.999
3611.3,-7.998
3611.4,-7.998
3611.5,-2.0
3611.6,-5.998
3611.7,-2.0
3611.8,-2.999
3611.9,2.0
3612.0,1.0
3612.1,0.0
3612.2,0.0
3612.3,2.999
3612.4,4.999
3612.5,7.998
3612.6,6.998
3612.7,4.999
3612.8,7.998
3612.9,7.998
3613.0,10.997
3613.1,13.997
3613.2,10.997
3613.3,14.996
3613.4,13.997
3613.5,15.996
3613.6,16.996
3613.7,20.995
3613.8,20.995
3613.9,20.995
3614.0,19.995
3614.1,19.995
3614.2,19.995
3614.3,20.995
3614.4,23.994
3614.5,25.994
3614.6,23.994
3614.7,23.994
3614.8,25.994
3614.9,27.993
3615.0,26.993
3615.1,30.992
3615.2,27.993
3615.3,26.993
3615.4,28.993
3615.5,27.993
3615.6,30.992
3615.7,30.992
3615.8,30.992
3615.9,31.992
3616.0,33.992
3616.1,31.992
3616.2,33.992
3616.3,34.991
3616.4,28.993
3616.5,33.992
3616.6,35.991
3616.7,33.992
3616.8,35.991
3616.9,36.991
3617.0,32.992
3617.1,36.991
3617.2,35.991
3617.3,39.99
3617.4,36.991
3617.5,37.991
3617.6,35.991
3617.7,37.991
3617.8,37.991
3617.9,39.99
3618.0,35.991
3618.1,36.991
3618.2,35.991
3618.3,33.992
3618.4,33.992
3618.5,31.992
3618.6,33.992
3618.7,34.991
3618.8,33.992
3618.9,33.992
3619.0,34.991
3619.1,26.993
3619.2,30.992
3619.3,31.992
3619.4,27.993
3619.5,30.992
3619.6,24.994
3619.7,24.994
3619.8,26.993
3619.9,30.992
3620.0,25.994
3620.1,26.993
3620.2,23.994
3620.3,22.994
3620.4,20.995
3620.5,20.995
3620.6,18.995
3620.7,17.995
3620.8,19.995
3620.9,16.996
3621.0,16.996
3621.1,16.996
3621.2,11.997
3621.3,14.996
3621.4,13.997
3621.5,8.998
3621.6,11.997
3621.7,4.999
3621.8,5.998
3621.9,6.998
3622.0,2.0
3622.1,4.999
3622.2,-1.0
3622.3,1.0
3622.4,1.0
3622.5,-2.0
3622.6,-2.999
3622.7,-4.999
3622.8,-2.999
3622.9,-2.999
3623.0,-7.998
3623.1,-8.998
3623.2,-11.997
3623.3,-10.997
3623.4,-13.997
3623.5,-11.997
3623.6,-11.997
3623.7,-15.996
3623.8,-13.997
3623.9,-14.996
3624.0,-13.997
3624.1,-17.995
3624.2,-17.995
3624.3,-18.995
3624.4,-20.995
3624.5,-22.994
3624.6,-16.996
3624.7,-20.995
3624.8,-18.995
3624.9,-22.994
3625.0,-23.994
3625.1,-24.994
3625.2,-25.994
3625.3,-22.994
3625.4,-25.994
3625.5,-23.994
3625.6,-22.994
3625.7,-22.994
3625.8,-25.994
3625.9,-25.994
3626.0,-24.994
3626.1,-30.992
3626.2,-25.994
3626.3,-30.992
3626.4,-26.993
3626.5,-30.992
3626.6,-31.992
3626.7,-33.992
3626.8,-26.993
3626.9,-26.993
3627.0,-28.993
3627.1,-30.992
3627.2,-31.992
3627.3,-31.992
3627.4,-32.992
3627.5,-32.992
3627.6,-30.992
3627.7,-28.993
3627.8,-33.992
3627.9,-32.992
3628.0,-30.992
3628.1,-32.992
3628.2,-31.992
3628.3,-32.992
3628.4,-30.992
3628.5,-26.993
3628.6,-31.992
3628.7,-27.993
3628.8,-31.992
3628.9,-27.993
3629.0,-30.992
3629.1,-25.994
3629.2,-26.993
3629.3,-26.993
3629.4,-26.993
3629.5,-24.994
3629.6,-24.994
3629.7,-20.995
3629.8,-22.994
3629.9,-20.995
3630.0,-18.995
3630.1,-17.995
3630.2,-18.995
3630.3,-18.995
3630.4,-17.995
3630.5,-15.996
3630.6,-15.996
3630.7,-15.996
3630.8,-13.997
3630.9,-11.997
3631.0,-8.998
3631.1,-7.998
3631.2,-11.997
3631.3,-9.998
3631.4,-9.998
3631.5,-5.998
3631.6,-5.998
3631.7,-2.999
3631.8,-1.0
3631.9,-2.999
3632.0,-1.0
3632.1,-2.999
3632.2,-1.0
3632.3,1.0
3632.4,2.999
3632.5,4.999
3632.6,5.998
3632.7,8.998
3632.8,6.998
3632.9,6.998
3633.0,10.997
3633.1,8.998
3633.2,10.997
3633.3,13.997
3633.4,17.995
3633.5,15.996
3633.6,16.996
3633.7,13.997
3633.8,17.995
3633.9,18.995
3634.0,16.996
3634.1,20.995
3634.2,24.994
3634.3,17.995
3634.4,20.995
3634.5,22.994
3634.6,22.994
3634.7,20.995
3634.8,23.994
3634.9,23.994
3635.0,25.994
3635.1,27.993
3635.2,27.993
3635.3,26.993
3635.4,25.994
3635.5,30.992
3635.6,31.992
3635.7,27.993
3635.8,26.993
3635.9,28.993
3636.0,26.993
3636.1,28.993
3636.2,31.992
3636.3,32.992
3636.4,30.992
3636.5,30.992
3636.6,33.992
3636.7,31.992
3636.8,33.992
3636.9,33.992
3637.0,33.992
3637.1,33.992
3637.2,32.992
3637.3,35.991
3637.4,34.991
3637.5,33.992
3637.6,34.991
3637.7,34.991
3637.8,34.991
3637.9,33.992
3638.0,36.991
3638.1,34.991
3638.2,33.992
3638.3,35.991
3638.4,31.992
3638.5,31.992
3638.6,30.992
3638.7,27.993
3638.8,30.992
3638.9,31.992
3639.0,31.992
3639.1,30.992
3639.2,30.992
3639.3,26.993
3639.4,25.994
3639.5,26.993
3639.6,25.994
3639.7,28.993
3639.8,25.994
3639.9,23.994
3640.0,23.994
3640.1,26.993
3640.2,27.993
3640.3,24.994
3640.4,23.994
3640.5,23.994
3640.6,17.995
3640.7,22.994
3640.8,18.995
3640.9,18.995
3641.0,11.997
3641.1,15.996
3641.2,15.996
3641.3,10.997
3641.4,10.997
3641.5,9.998
3641.6,10.997
3641.7,7.998
3641.8,6.998
3641.9,4.999
3642.0,2.999
3642.1,2.999
3642.2,2.999
3642.3,2.999
3642.4,0.0
3642.5,-2.0
3642.6,-1.0
3642.7,-2.0
3642.8,-2.0
3642.9,-4.999
3643.0,-4.999
3643.1,-8.998
3643.2,-8.998
3643.3,-5.998
3643.4,-7.998
3643.5,-10.997
3643.6,-11.997
3643.7,-11.997
3643.8,-14.996
3643.9,-13.997
3644.0,-11.997
3644.1,-13.997
3644.2,-14.996
3644.3,-16.996
3644.4,-15.996
3644.5,-15.996
3644.6,-16.996
3644.7,-16.996
3644.8,-19.995
3644.9,-22.994
3645.0,-20.995
3645.1,-19.995
3645.2,-24.994
3645.3,-22.994
3645.4,-19.995
3645.5,-24.994
3645.6,-22.994
3645.7,-23.994
3645.8,-22.994
3645.9,-24.994
3646.0,-22.994
3646.1,-26.993
3646.2,-32.992
3646.3,-26.993
3646.4,-26.993
3646.5,-27.993
3646.6,-32.992
3646.7,-27.993
3646.8,-26.993
3646.9,-27.993
3647.0,-26.993
3647.1,-28.993
3647.2,-30.992
3647.3,-28.993
3647.4,-30.992
3647.5,-30.992
3647.6,-33.992
3647.7,-32.992
3647.8,-34.991
3647.9,-30.992
3648.0,-35.991
3648.1,-30.992
3648.2,-30.992
3648.3,-30.992
3648.4,-30.992
3648.5,-27.993
3648.6,-27.993
3648.7,-32.992
3648.8,-27.993
3648.9,-26.993
3649.0,-26.993
3649.1,-26.993
3649.2,-24.994
3649.3,-27.993
3649.4,-25.994
3649.5,-24.994
3649.6,-22.994
3649.7,-19.995
3649.8,-23.994
3649.9,-22.994
3650.0,-20.995
3650.1,-16.996
3650.2,-19.995
3650.3,-20.995
3650.4,-18.995
3650.5,-13.997
3650.6,-14.996
3650.7,-13.997
3650.8,-14.996
3650.9,-10.997
3651.0,-10.997
3651.1,-8.998
3651.2,-6.998
3651.3,-9.998
3651.4,-2.999
3651.5,-5.998
3651.6,-5.998
3651.7,-2.999
3651.8,-1.0
3651.9,-2.999
3652.0,1.0
3652.1,2.999
3652.2,2.999
3652.3,5.998
3652.4,5.998
3652.5,5.998
3652.6,10.997
3652.7,9.998
3652.8,11.997
3652.9,10.997
3653.0,11.997
3653.1,11.997
3653.2,10.997
3653.3,15.996
3653.4,13.997
3653.5,15.996
3653.6,18.995
3653.7,19.995
3653.8,18.995
3653.9,20.995
3654.0,17.995
3654.1,22.994
3654.2,19.995
3654.3,22.994
3654.4,22.994
3654.5,19.995
3654.6,20.995
3654.7,23.994
3654.8,22.994
3654.9,27.993
3655.0,26.993
3655.1,28.993
3655.2,27.993
3655.3,25.994
3655.4,27.993
3655.5,30.992
3655.6,30.992
3655.7,26.993
3655.8,28.993
3655.9,26.993
3656.0,31.992
3656.1,31.992
3656.2,32.992
3656.3,30.992
3656.4,31.992
3656.5,39.99
3656.6,33.992
3656.7,34.991
3656.8,33.992
3656.9,36.991
3657.0,34.991
3657.1,32.992
3657.2,34.991
3657.3,35.991
3657.4,34.991
3657.5,34.991
3657.6,33.992
3657.7,35.991
3657.8,33.992
3657.9,37.991
3658.0,36.991
3658.1,35.991
3658.2,35.991
3658.3,34.991
3658.4,34.991
3658.5,32.992
3658.6,30.992
3658.7,34.991
3658.8,32.992
3658.9,30.992
3659.0,31.992
3659.1,27.993
3659.2,30.992
3659.3,30.992
3659.4,31.992
3659.5,31.992
3659.6,28.993
3659.7,26.993
3659.8,28.993
3659.9,24.994
3660.0,24.994
3660.1,20.995
3660.2,24.994
3660.3,22.994
3660.4,24.994
3660.5,20.995
3660.6,22.994
3660.7,17.995
3660.8,20.995
3660.9,16.996
3661.0,13.997
3661.1,16.996
3661.2,11.997
3661.3,14.996
3661.4,10.997
3661.5,8.998
3661.6,9.998
3661.7,4.999
3661.8,6.998
3661.9,5.998
3662.0,4.999
3662.1,5.998
3662.2,1.0
3662.3,2.0
3662.4,0.0
3662.5,0.0
3662.6,-1.0
3662.7,-5.998
3662.8,-6.998
3662.9,0.0
3663.0,-6.998
3663.1,-7.998
3663.2,-5.998
3663.3,-7.998
3663.4,-10.997
3663.5,-11.997
3663.6,-11.997
3663.7,-10.997
3663.8,-10.997
3663.9,-14.996
3664.0,-14.996
3664.1,-16.996
3664.2,-14.996
3664.3,-16.996
3664.4,-15.996
3664.5,-16.996
3664.6,-17.995
3664.7,-19.995
3664.8,-19.995
3664.9,-23.994
3665.0,-20.995
3665.1,-24.994
3665.2,-24.994
3665.3,-22.994
3665.4,-22.994
3665.5,-24.994
3665.6,-24.994
3665.7,-23.994
3665.8,-25.994
3665.9,-24.994
3666.0,-22.994
3666.1,-23.994
3666.2,-25.994
3666.3,-26.993
3666.4,-27.993
3666.5,-27.993
3666.6,-30.992
3666.7,-27.993
3666.8,-28.993
3666.9,-26.993
3667.0,-30.992
3667.1,-32.992
3667.2,-31.992
3667.3,-27.993
3667.4,-30.992
3667.5,-30.992
3667.6,-31.992
3667.7,-32.992
3667.8,-30.992
3667.9,-30.992
3668.0,-33.992
3668.1,-31.992
3668.2,-35.991
3668.3,-33.992
3668.4,-30.992
3668.5,-31.992
3668.6,-30.992
3668.7,-30.992
3668.8,-28.993
3668.9,-28.993
3669.0,-27.993
3669.1,-27.993
3669.2,-25.994
3669.3,-26.993
3669.4,-22.994
3669.5,-24.994
3669.6,-23.994
3669.7,-23.994
3669.8,-18.995
3669.9,-18.995
3670.0,-20.995
3670.1,-22.994
3670.2,-18.995
3670.3,-19.995
3670.4,-18.995
3670.5,-13.997
3670.6,-16.996
3670.7,-13.997
3670.8,-13.997
3670.9,-10.997
3671.0,-11.997
3671.1,-10.997
3671.2,-10.997
3671.3,-8.998
3671.4,-7.998
3671.5,-2.999
3671.6,-5.998
3671.7,-5.998
3671.8,-2.999
3671.9,-1.0
3672.0,2.0
3672.1,-1.0
3672.2,0.0
3672.3,2.0
3672.4,4.999
3672.5,5.998
3672.6,2.999
3672.7,4.999
3672.8,10.997
3672.9,9.998
3673.0,11.997
3673.1,10.997
3673.2,9.998
3673.3,11.997
3673.4,11.997
3673.5,18.995
3673.6,19.995
3673.7,16.996
3673.8,16.996
3673.9,17.995
3674.0,17.995
3674.1,17.995
3674.2,17.995
3674.3,17.995
3674.4,22.994
3674.5,20.995
3674.6,23.994
3674.7,23.994
3674.8,25.994
3674.9,24.994
3675.0,25.994
3675.1,26.993
3675.2,26.993
3675.3,23.994
3675.4,26.993
3675.5,28.993
3675.6,25.994
3675.7,27.993
3675.8,30.992
3675.9,30.992
3676.0,28.993
3676.1,32.992
3676.2,32.992
3676.3,32.992
3676.4,28.993
3676.5,33.992
3676.6,32.992
3676.7,31.992
3676.8,34.991
3676.9,31.992
3677.0,33.992
3677.1,32.992
3677.2,35.991
3677.3,36.991
3677.4,37.991
3677.5,39.99
3677.6,35.991
3677.7,37.991
3677.8,36.991
3677.9,37.991
3678.0,36.991
3678.1,34.991
3678.2,32.992
3678.3,34.991
3678.4,33.992
3678.5,34.991
3678.6,33.992
3678.7,33.992
3678.8,31.992
3678.9,35.991
3679.0,32.992
3679.1,32.992
3679.2,30.992
3679.3,31.992
3679.4,27.993
3679.5,27.993
3679.6,27.993
3679.7,25.994
3679.8,26.993
3679.9,26.993
3680.0,24.994
3680.1,23.994
3680.2,23.994
3680.3,23.994
3680.4,20.995
3680.5,22.994
3680.6,19.995
3680.7,19.995
3680.8,17.995
3680.9,16.996
3681.0,15.996
3681.1,13.997
3681.2,9.998
3681.3,14.996
3681.4,11.997
3681.5,9.998
3681.6,6.998
3681.7,8.998
3681.8,5.998
3681.9,4.999
3682.0,4.999
3682.1,2.999
3682.2,0.0
3682.3,2.0
3682.4,1.0
3682.5,0.0
3682.6,-2.0
3682.7,-2.999
3682.8,-2.999
3682.9,-4.999
3683.0,-2.999
3683.1,-9.998
3683.2,-8.998
3683.3,-7.998
3683.4,-10.997
3683.5,-14.996
3683.6,-11.997
3683.7,-13.997
3683.8,-15.996
3683.9,-14.996
3684.0,-14.996
3684.1,-14.996
3684.2,-17.995
3684.3,-16.996
3684.4,-15.996
3684.5,-18.995
3684.6,-17.995
3684.7,-17.995
3684.8,-18.995
3684.9,-18.995
3685.0,-20.995
3685.1,-20.995
3685.2,-20.995
3685.3,-24.994
3685.4,-23.994
3685.5,-26.993
3685.6,-25.994
3685.7,-24.994
3685.8,-23.994
3685.9,-24.994
3686.0,-27.993
3686.1,-26.993
3686.2,-25.994
3686.3,-26.993
3686.4,-27.993
3686.5,-32.992
3686.6,-26.993
3686.7,-27.993
3686.8,-30.992
3686.9,-31.992
3687.0,-31.992
3687.1,-32.992
3687.2,-32.992
3687.3,-31.992
3687.4,-34.991
3687.5,-35.991
3687.6,-30.992
3687.7,-33.992
3687.8,-31.992
3687.9,-35.991
3688.0,-31.992
3688.1,-32.992
3688.2,-30.992
3688.3,-28.993
3688.4,-31.992
3688.5,-30.992
3688.6,-30.992
3688.7,-26.993
3688.8,-30.992
3688.9,-26.993
3689.0,-26.993
3689.1,-25.994
3689.2,-26.993
3689.3,-25.994
3689.4,-22.994
3689.5,-27.993
3689.6,-22.994
3689.7,-23.994
3689.8,-25.994
3689.9,-20.995
3690.0,-22.994
3690.1,-18.995
3690.2,-19.995
3690.3,-18.995
3690.4,-18.995
3690.5,-13.997
3690.6,-11.997
3690.7,-11.997
3690.8,-13.997
3690.9,-13.997
3691.0,-9.998
3691.1,-13.997
3691.2,-7.998
3691.3,-7.998
3691.4,-5.998
3691.5,-4.999
3691.6,-2.999
3691.7,-2.999
3691.8,-2.0
3691.9,-2.999
3692.0,-1.0
3692.1,2.0
3692.2,2.0
3692.3,2.0
3692.4,2.0
3692.5,4.999
3692.6,5.998
3692.7,6.998
3692.8,7.998
3692.9,8.998
3693.0,7.998
3693.1,9.998
3693.2,15.996
3693.3,13.997
3693.4,16.996
3693.5,16.996
3693.6,15.996
3693.7,19.995
3693.8,19.995
3693.9,15.996
3694.0,24.994
3694.1,17.995
3694.2,20.995
3694.3,23.994
3694.4,20.995
3694.5,20.995
3694.6,24.994
3694.7,25.994
3694.8,26.993
3694.9,20.995
3695.0,26.993
3695.1,30.992
3695.2,26.993
3695.3,27.993
3695.4,26.993
3695.5,26.993
3695.6,27.993
3695.7,31.992
3695.8,26.993
3695.9,28.993
3696.0,32.992
3696.1,33.992
3696.2,27.993
3696.3,31.992
3696.4,32.992
3696.5,34.991
3696.6,35.991
3696.7,34.991
3696.8,36.991
3696.9,34.991
3697.0,35.991
3697.1,36.991
3697.2,35.991
3697.3,36.991
3697.4,36.991
3697.5,35.991
3697.6,37.991
3697.7,37.991
3697.8,36.991
3697.9,36.991
3698.0,37.991
3698.1,36.991
3698.2,35.991
3698.3,35.991
3698.4,34.991
3698.5,33.992
3698.6,32.992
3698.7,32.992
3698.8,33.992
3698.9,32.992
3699.0,32.992
3699.1,31.992
3699.2,31.992
3699.3,31.992
3699.4,28.993
3699.5,27.993
3699.6,31.992
3699.7,27.993
3699.8,24.994
3699.9,25.994
3700.0,24.994
3700.1,22.994
3700.2,23.994
3700.3,20.995
3700.4,23.994
3700.5,18.995
3700.6,18.995
3700.7,19.995
3700.8,19.995
3700.9,15.996
3701.0,13.997
3701.1,11.997
3701.2,13.997
3701.3,8.998
3701.4,11.997
3701.5,5.998
3701.6,8.998
3701.7,5.998
3701.8,4.999
3701.9,4.999
3702.0,5.998
3702.1,2.999
3702.2,-2.0
3702.3,-1.0
3702.4,0.0
3702.5,-2.999
3702.6,-2.999
3702.7,-2.0
3702.8,-2.999
3702.9,-7.998
3703.0,-8.998
3703.1,-7.998
3703.2,-9.998
3703.3,-9.998
3703.4,-9.998
3703.5,-8.998
3703.6,-11.997
3703.7,-11.997
3703.8,-16.996
3703.9,-17.995
3704.0,-15.996
3704.1,-16.996
3704.2,-16.996
3704.3,-17.995
3704.4,-18.995
3704.5,-19.995
3704.6,-18.995
3704.7,-20.995
3704.8,-19.995
3704.9,-19.995
3705.0,-26.993
3705.1,-23.994
3705.2,-22.994
3705.3,-25.994
3705.4,-23.994
3705.5,-23.994
3705.6,-25.994
3705.7,-27.993
3705.8,-27.993
3705.9,-25.994
3706.0,-27.993
3706.1,-30.992
3706.2,-26.993
3706.3,-26.993
3706.4,-31.992
3706.5,-26.993
3706.6,-30.992
3706.7,-28.993
3706.8,-32.992
3706.9,-35.991
3707.0,-34.991
3707.1,-32.992
3707.2,-32.992
3707.3,-31.992
3707.4,-32.992
3707.5,-31.992
3707.6,-34.991
3707.7,-31.992
3707.8,-33.992
3707.9,-34.991
3708.0,-35.991
3708.1,-32.992
3708.2,-30.992
3708.3,-30.992
3708.4,-31.992
3708.5,-31.992
3708.6,-30.992
3708.7,-31.992
3708.8,-26.993
3708.9,-27.993
3709.0,-26.993
3709.1,-25.994
3709.2,-25.994
3709.3,-27.993
3709.4,-24.994
3709.5,-24.994
3709.6,-24.994
3709.7,-19.995
3709.8,-20.995
3709.9,-23.994
3710.0,-20.995
3710.1,-19.995
3710.2,-18.995
3710.3,-17.995
3710.4,-18.995
3710.5,-15.996
3710.6,-17.995
3710.7,-14.996
3710.8,-11.997
3710.9,-10.997
3711.0,-9.998
3711.1,-10.997
3711.2,-6.998
3711.3,-8.998
3711.4,-8.998
3711.5,-5.998
3711.6,-4.999
3711.7,-5.998
3711.8,-1.0
3711.9,1.0
3712.0,-1.0
3712.1,2.0
3712.2,1.0
3712.3,2.999
3712.4,5.998
3712.5,9.998
3712.6,5.998
3712.7,8.998
3712.8,8.998
3712.9,9.998
3713.0,9.998
3713.1,13.997
3713.2,14.996
3713.3,14.996
3713.4,10.997
3713.5,14.996
3713.6,15.996
3713.7,17.995
3713.8,18.995
3713.9,17.995
3714.0,19.995
3714.1,16.996
3714.2,19.995
3714.3,22.994
3714.4,19.995
3714.5,19.995
3714.6,19.995
3714.7,20.995
3714.8,24.994
3714.9,25.994
3715.0,24.994
3715.1,25.994
3715.2,25.994
3715.3,25.994
3715.4,24.994
3715.5,26.993
3715.6,28.993
3715.7,30.992
3715.8,27.993
3715.9,28.993
3716.0,27.993
3716.1,28.993
3716.2,28.993
3716.3,32.992
3716.4,32.992
3716.5,32.992
3716.6,35.991
3716.7,36.991
3716.8,33.992
3716.9,37.991
3717.0,33.992
3717.1,33.992
3717.2,35.991
3717.3,33.992
3717.4,37.991
3717.5,36.991
3717.6,35.991
3717.7,35.991
3717.8,34.991
3717.9,36.991
3718.0,39.99
3718.1,39.99
3718.2,36.991
3718.3,34.991
3718.4,36.991
3718.5,28.993
3718.6,30.992
3718.7,33.992
3718.8,30.992
3718.9,33.992
3719.0,33.992
3719.1,31.992
3719.2,28.993
3719.3,32.992
3719.4,32.992
3719.5,30.992
3719.6,30.992
3719.7,28.993
3719.8,24.994
3719.9,22.994
3720.0,26.993
3720.1,28.993
3720.2,22.994
3720.3,24.994
3720.4,22.994
3720.5,20.995
3720.6,20.995
3720.7,17.995
3720.8,16.996
3720.9,19.995
3721.0,18.995
3721.1,15.996
3721.2,15.996
3721.3,13.997
3721.4,13.997
3721.5,7.998
3721.6,7.998
3721.7,5.998
3721.8,6.998
3721.9,6.998
3722.0,7.998
3722.1,4.999
3722.2,2.999
3722.3,0.0
3722.4,4.999
3722.5,0.0
3722.6,0.0
3722.7,-2.0
3722.8,-4.999
3722.9,-4.999
3723.0,-7.998
3723.1,-6.998
3723.2,-4.999
3723.3,-7.998
3723.4,-9.998
3723.5,-8.998
3723.6,-13.997
3723.7,-11.997
3723.8,-14.996
3723.9,-13.997
3724.0,-14.996
3724.1,-14.996
3724.2,-17.995
3724.3,-14.996
3724.4,-17.995
3724.5,-20.995
3724.6,-17.995
3724.7,-17.995
3724.8,-18.995
3724.9,-19.995
3725.0,-25.994
3725.1,-16.996
3725.2,-22.994
3725.3,-19.995
3725.4,-19.995
3725.5,-23.994
3725.6,-20.995
3725.7,-23.994
3725.8,-24.994
3725.9,-25.994
3726.0,-27.993
3726.1,-23.994
3726.2,-25.994
3726.3,-24.994
3726.4,-26.993
3726.5,-25.994
3726.6,-27.993
3726.7,-31.992
3726.8,-31.992
3726.9,-30.992
3727.0,-32.992
3727.1,-33.992
3727.2,-31.992
3727.3,-28.993
3727.4,-28.993
3727.5,-28.993
3727.6,-28.993
3727.7,-31.992
3727.8,-30.992
3727.9,-34.991
3728.0,-32.992
3728.1,-31.992
3728.2,-30.992
3728.3,-28.993
3728.4,-28.993
3728.5,-28.993
3728.6,-30.992
3728.7,-26.993
3728.8,-26.993
3728.9,-25.994
3729.0,-25.994
3729.1,-23.994
3729.2,-23.994
3729.3,-26.993
3729.4,-24.994
3729.5,-23.994
3729.6,-23.994
3729.7,-22.994
3729.8,-24.994
3729.9,-22.994
3730.0,-22.994
3730.1,-20.995
3730.2,-15.996
3730.3,-16.996
3730.4,-17.995
3730.5,-17.995
3730.6,-16.996
3730.7,-9.998
3730.8,-11.997
3730.9,-9.998
3731.0,-9.998
3731.1,-7.998
3731.2,-8.998
3731.3,-4.999
3731.4,-2.999
3731.5,-2.999
3731.6,0.0
3731.7,-1.0
3731.8,-2.0
3731.9,1.0
3732.0,-1.0
3732.1,2.999
3732.2,2.999
3732.3,5.998
3732.4,2.999
3732.5,7.998
3732.6,11.997
3732.7,7.998
3732.8,7.998
3732.9,8.998
3733.0,9.998
3733.1,13.997
3733.2,13.997
3733.3,13.997
3733.4,15.996
3733.5,14.996
3733.6,17.995
3733.7,18.995
3733.8,22.994
3733.9,19.995
3734.0,19.995
3734.1,20.995
3734.2,19.995
3734.3,18.995
3734.4,22.994
3734.5,19.995
3734.6,22.994
3734.7,23.994
3734.8,22.994
3734.9,27.993
3735.0,22.994
3735.1,26.993
3735.2,28.993
3735.3,28.993
3735.4,28.993
3735.5,31.992
3735.6,32.992
3735.7,28.993
3735.8,27.993
3735.9,30.992
3736.0,32.992
3736.1,31.992
3736.2,33.992
3736.3,33.992
3736.4,32.992
3736.5,34.991
3736.6,34.991
3736.7,33.992
3736.8,34.991
3736.9,34.991
3737.0,35.991
3737.1,36.991
3737.2,35.991
3737.3,36.991
3737.4,36.991
3737.5,33.992
3737.6,35.991
3737.7,36.991
3737.8,36.991
3737.9,42.989
3738.0,35.991
3738.1,36.991
3738.2,35.991
3738.3,33.992
3738.4,35.991
3738.5,36.991
3738.6,35.991
3738.7,35.991
3738.8,33.992
3738.9,33.992
3739.0,32.992
3739.1,32.992
3739.2,34.991
3739.3,33.992
3739.4,32.992
3739.5,31.992
3739.6,26.993
3739.7,26.993
3739.8,27.993
3739.9,25.994
3740.0,23.994
3740.1,25.994
3740.2,23.994
3740.3,23.994
3740.4,23.994
3740.5,17.995
3740.6,18.995
3740.7,17.995
3740.8,16.996
3740.9,17.995
3741.0,15.996
3741.1,16.996
3741.2,13.997
3741.3,9.998
3741.4,10.997
3741.5,6.998
3741.6,9.998
3741.7,6.998
3741.8,4.999
3741.9,5.998
3742.0,8.998
3742.1,2.0
3742.2,1.0
3742.3,2.999
3742.4,-2.0
3742.5,1.0
3742.6,-7.998
3742.7,-5.998
3742.8,-4.999
3742.9,-4.999
3743.0,-8.998
3743.1,-6.998
3743.2,-8.998
3743.3,-9.998
3743.4,-8.998
3743.5,-8.998
3743.6,-10.997
3743.7,-11.997
3743.8,-15.996
3743.9,-13.997
3744.0,-16.996
3744.1,-16.996
3744.2,-15.996
3744.3,-15.996
3744.4,-16.996
3744.5,-18.995
3744.6,-18.995
3744.7,-18.995
3744.8,-18.995
3744.9,-20.995
3745.0,-22.994
3745.1,-22.994
3745.2,-25.994
3745.3,-23.994
3745.4,-25.994
3745.5,-25.994
3745.6,-23.994
3745.7,-25.994
3745.8,-25.994
3745.9,-27.993
3746.0,-22.994
3746.1,-27.993
3746.2,-30.992
3746.3,-25.994
3746.4,-28.993
3746.5,-28.993
3746.6,-23.994
3746.7,-27.993
3746.8,-30.992
3746.9,-30.992
3747.0,-32.992
3747.1,-31.992
3747.2,-31.992
3747.3,-31.992
3747.4,-30.992
3747.5,-32.992
3747.6,-33.992
3747.7,-28.993
3747.8,-34.991
3747.9,-32.992
3748.0,-28.993
3748.1,-31.992
3748.2,-32.992
3748.3,-28.993
3748.4,-31.992
3748.5,-25.994
3748.6,-32.992
3748.7,-27.993
3748.8,-27.993
3748.9,-27.993
3749.0,-30.992
3749.1,-24.994
3749.2,-28.993
3749.3,-28.993
3749.4,-22.994
3749.5,-27.993
3749.6,-20.995
3749.7,-23.994
3749.8,-19.995
3749.9,-18.995
3750.0,-22.994
3750.1,-17.995
3750.2,-19.995
3750.3,-19.995
3750.4,-13.997
3750.5,-16.996
3750.6,-13.997
3750.7,-16.996
3750.8,-13.997
3750.9,-11.997
3751.0,-13.997
3751.1,-8.998
3751.2,-6.998
3751.3,-7.998
3751.4,-7.998
3751.5,-4.999
3751.6,-4.999
3751.7,-2.0
3751.8,-2.999
3751.9,0.0
3752.0,-2.0
3752.1,2.0
3752.2,2.999
3752.3,1.0
3752.4,2.999
3752.5,5.998
3752.6,6.998
3752.7,9.998
3752.8,6.998
3752.9,7.998
3753.0,9.998
3753.1,10.997
3753.2,9.998
3753.3,15.996
3753.4,11.997
3753.5,14.996
3753.6,16.996
3753.7,17.995
3753.8,18.995
3753.9,16.996
3754.0,16.996
3754.1,17.995
3754.2,18.995
3754.3,18.995
3754.4,18.995
3754.5,23.994
3754.6,24.994
3754.7,24.994
3754.8,25.994
3754.9,18.995
3755.0,25.994
3755.1,26.993
3755.2,27.993
3755.3,25.994
3755.4,26.993
3755.5,27.993
3755.6,28.993
3755.7,27.993
3755.8,28.993
3755.9,28.993
3756.0,27.993
3756.1,26.993
3756.2,28.993
3756.3,30.992
3756.4,31.992
3756.5,33.992
3756.6,34.991
3756.7,35.991
3756.8,33.992
3756.9,36.991
3757.0,34.991
3757.1,34.991
3757.2,32.992
3757.3,32.992
3757.4,33.992
3757.5,35.991
3757.6,35.991
3757.7,37.991
3757.8,33.992
3757.9,34.991
3758.0,35.991
3758.1,34.991
3758.2,35.991
3758.3,34.991
3758.4,33.992
3758.5,34.991
3758.6,33.992
3758.7,33.992
3758.8,36.991
3758.9,31.992
3759.0,33.992
3759.1,30.992
3759.2,32.992
3759.3,31.992
3759.4,30.992
3759.5,27.993
3759.6,25.994
3759.7,28.993
3759.8,25.994
3759.9,25.994
3760.0,23.994
3760.1,23.994
3760.2,23.994
3760.3,23.994
3760.4,23.994
3760.5,23.994
3760.6,19.995
3760.7,20.995
3760.8,17.995
3760.9,17.995
3761.0,16.996
3761.1,15.996
3761.2,14.996
3761.3,11.997
3761.4,10.997
3761.5,8.998
3761.6,6.998
3761.7,7.998
3761.8,7.998
3761.9,7.998
3762.0,6.998
3762.1,5.998
3762.2,2.0
3762.3,1.0
3762.4,2.0
3762.5,-1.0
3762.6,-2.0
3762.7,-4.999
3762.8,-5.998
3762.9,-7.998
3763.0,-8.998
3763.1,-9.998
3763.2,-7.998
3763.3,-7.998
3763.4,-7.998
3763.5,-10.997
3763.6,-9.998
3763.7,-10.997
3763.8,-14.996
3763.9,-15.996
3764.0,-14.996
3764.1,-14.996
3764.2,-19.995
3764.3,-14.996
3764.4,-13.997
3764.5,-14.996
3764.6,-16.996
3764.7,-16.996
3764.8,-17.995
3764.9,-19.995
3765.0,-17.995
3765.1,-18.995
3765.2,-22.994
3765.3,-18.995
3765.4,-23.994
3765.5,-23.994
3765.6,-23.994
3765.7,-22.994
3765.8,-27.993
3765.9,-24.994
3766.0,-25.994
3766.1,-25.994
3766.2,-25.994
3766.3,-25.994
3766.4,-28.993
3766.5,-30.992
3766.6,-28.993
3766.7,-27.993
3766.8,-30.992
3766.9,-28.993
3767.0,-31.992
3767.1,-32.992
3767.2,-33.992
3767.3,-28.993
3767.4,-31.992
3767.5,-30.992
3767.6,-28.993
3767.7,-33.992
3767.8,-28.993
3767.9,-30.992
3768.0,-33.992
3768.1,-27.993
3768.2,-31.992
3768.3,-30.992
3768.4,-28.993
3768.5,-31.992
3768.6,-28.993
3768.7,-26.993
3768.8,-26.993
3768.9,-28.993
3769.0,-27.993
3769.1,-25.994
3769.2,-24.994
3769.3,-27.993
3769.4,-26.993
3769.5,-23.994
3769.6,-22.994
3769.7,-23.994
3769.8,-20.995
3769.9,-20.995
3770.0,-20.995
3770.1,-18.995
3770.2,-16.996
3770.3,-18.995
3770.4,-15.996
3770.5,-13.997
3770.6,-17.995
3770.7,-15.996
3770.8,-16.996
3770.9,-11.997
3771.0,-10.997
3771.1,-10.997
3771.2,-8.998
3771.3,-8.998
3771.4,-5.998
3771.5,-5.998
3771.6,-2.999
3771.7,-4.999
3771.8,-2.999
3771.9,0.0
3772.0,-2.999
3772.1,1.0
3772.2,2.0
3772.3,7.998
3772.4,2.0
3772.5,6.998
3772.6,7.998
3772.7,8.998
3772.8,8.998
3772.9,9.998
3773.0,10.997
3773.1,13.997
3773.2,14.996
3773.3,13.997
3773.4,14.996
3773.5,15.996
3773.6,18.995
3773.7,14.996
3773.8,18.995
3773.9,16.996
3774.0,15.996
3774.1,20.995
3774.2,18.995
3774.3,18.995
3774.4,19.995
3774.5,26.993
3774.6,24.994
3774.7,23.994
3774.8,24.994
3774.9,22.994
3775.0,28.993
3775.1,23.994
3775.2,26.993
3775.3,26.993
3775.4,25.994
3775.5,27.993
3775.6,32.992
3775.7,28.993
3775.8,26.993
3775.9,26.993
3776.0,30.992
3776.1,31.992
3776.2,28.993
3776.3,30.992
3776.4,33.992
3776.5,32.992
3776.6,34.991
3776.7,33.992
3776.8,31.992
3776.9,34.991
3777.0,33.992
3777.1,32.992
3777.2,36.991
3777.3,32.992
3777.4,34.991
3777.5,34.991
3777.6,34.991
3777.7,37.991
3777.8,39.99
3777.9,39.99
3778.0,35.991
3778.1,37.991
3778.2,39.99
3778.3,32.992
3778.4,34.991
3778.5,35.991
3778.6,31.992
3778.7,32.992
3778.8,35.991
3778.9,28.993
3779.0,30.992
3779.1,27.993
3779.2,31.992
3779.3,31.992
3779.4,32.992
3779.5,30.992
3779.6,28.993
3779.7,27.993
3779.8,28.993
3779.9,26.993
3780.0,24.994
3780.1,23.994
3780.2,22.994
3780.3,23.994
3780.4,20.995
3780.5,18.995
3780.6,17.995
3780.7,20.995
3780.8,19.995
3780.9,17.995
3781.0,17.995
3781.1,17.995
3781.2,16.996
3781.3,14.996
3781.4,9.998
3781.5,9.998
3781.6,10.997
3781.7,8.998
3781.8,7.998
3781.9,2.999
3782.0,2.0
3782.1,4.999
3782.2,2.999
3782.3,2.0
3782.4,0.0
3782.5,-1.0
3782.6,-5.998
3782.7,-4.999
3782.8,-4.999
3782.9,-5.998
3783.0,-6.998
3783.1,-4.999
3783.2,-7.998
3783.3,-10.997
3783.4,-9.998
3783.5,-10.997
3783.6,-13.997
3783.7,-10.997
3783.8,-11.997
3783.9,-10.997
3784.0,-14.996
3784.1,-16.996
3784.2,-15.996
3784.3,-15.996
3784.4,-16.996
3784.5,-15.996
3784.6,-20.995
3784.7,-19.995
3784.8,-17.995
3784.9,-17.995
3785.0,-19.995
3785.1,-19.995
3785.2,-22.994
3785.3,-19.995
3785.4,-23.994
3785.5,-24.994
3785.6,-25.994
3785.7,-24.994
3785.8,-26.993
3785.9,-27.993
3786.0,-25.994
3786.1,-26.993
3786.2,-27.993
3786.3,-24.994
3786.4,-27.993
3786.5,-32.992
3786.6,-26.993
3786.7,-27.993
3786.8,-31.992
3786.9,-30.992
3787.0,-31.992
3787.1,-30.992
3787.2,-33.992
3787.3,-31.992
3787.4,-33.992
3787.5,-33.992
3787.6,-31.992
3787.7,-31.992
3787.8,-31.992
3787.9,-31.992
3788.0,-31.992
3788.1,-33.992
3788.2,-32.992
3788.3,-30.992
3788.4,-31.992
3788.5,-31.992
3788.6,-31.992
3788.7,-28.993
3788.8,-26.993
3788.9,-26.993
3789.0,-25.994
3789.1,-24.994
3789.2,-26.993
3789.3,-24.994
3789.4,-24.994
3789.5,-25.994
3789.6,-24.994
3789.7,-25.994
3789.8,-18.995
3789.9,-22.994
3790.0,-19.995
3790.1,-19.995
3790.2,-17.995
3790.3,-17.995
3790.4,-16.996
3790.5,-16.996
3790.6,-18.995
3790.7,-13.997
3790.8,-14.996
3790.9,-13.997
3791.0,-11.997
3791.1,-13.997
3791.2,-10.997
3791.3,-8.998
3791.4,-7.998
3791.5,-2.999
3791.6,-2.999
3791.7,-2.999
3791.8,-2.0
3791.9,1.0
3792.0,-2.0
3792.1,-4.999
3792.2,1.0
3792.3,2.0
3792.4,2.999
3792.5,2.0
3792.6,4.999
3792.7,5.998
3792.8,7.998
3792.9,10.997
3793.0,10.997
3793.1,9.998
3793.2,9.998
3793.3,14.996
3793.4,11.997
3793.5,15.996
3793.6,16.996
3793.7,15.996
3793.8,13.997
3793.9,17.995
3794.0,17.995
3794.1,22.994
3794.2,19.995
3794.3,19.995
3794.4,24.994
3794.5,25.994
3794.6,22.994
3794.7,23.994
3794.8,18.995
3794.9,22.994
3795.0,24.994
3795.1,26.993
3795.2,25.994
3795.3,26.993
3795.4,27.993
3795.5,25.994
3795.6,28.993
3795.7,30.992
3795.8,30.992
3795.9,25.994
3796.0,28.993
3796.1,30.992
3796.2,30.992
3796.3,30.992
3796.4,27.993
3796.5,33.992
3796.6,30.992
3796.7,28.993
3796.8,36.991
3796.9,33.992
3797.0,34.991
3797.1,32.992
3797.2,31.992
3797.3,35.991
3797.4,32.992
3797.5,33.992
3797.6,35.991
3797.7,33.992
3797.8,33.992
3797.9,32.992
3798.0,35.991
3798.1,34.991
3798.2,36.991
3798.3,36.991
3798.4,31.992
3798.5,33.992
3798.6,35.991
3798.7,31.992
3798.8,32.992
3798.9,32.992
3799.0,30.992
3799.1,32.992
3799.2,30.992
3799.3,30.992
3799.4,28.993
3799.5,27.993
3799.6,24.994
3799.7,27.993
3799.8,30.992
3799.9,27.993
3800.0,27.993
3800.1,24.994
3800.2,23.994
3800.3,20.995
3800.4,20.995
3800.5,20.995
3800.6,20.995
3800.7,18.995
3800.8,19.995
3800.9,15.996
3801.0,14.996
3801.1,16.996
3801.2,13.997
3801.3,10.997
3801.4,7.998
3801.5,10.997
3801.6,9.998
3801.7,6.998
3801.8,6.998
3801.9,4.999
3802.0,6.998
3802.1,2.999
3802.2,2.999
3802.3,0.0
3802.4,0.0
3802.5,2.0
3802.6,-2.0
3802.7,0.0
3802.8,-4.999
3802.9,-6.998
3803.0,-5.998
3803.1,-7.998
3803.2,-6.998
3803.3,-5.998
3803.4,-7.998
3803.5,-11.997
3803.6,-11.997
3803.7,-10.997
3803.8,-11.997
3803.9,-16.996
3804.0,-14.996
3804.1,-16.996
3804.2,-15.996
3804.3,-17.995
3804.4,-18.995
3804.5,-16.996
3804.6,-14.996
3804.7,-18.995
3804.8,-20.995
3804.9,-18.995
3805.0,-19.995
3805.1,-17.995
3805.2,-17.995
3805.3,-20.995
3805.4,-22.994
3805.5,-22.994
3805.6,-25.994
3805.7,-20.995
3805.8,-25.994
3805.9,-26.993
3806.0,-23.994
3806.1,-20.995
3806.2,-27.993
3806.3,-24.994
3806.4,-30.992
3806.5,-28.993
3806.6,-28.993
3806.7,-26.993
3806.8,-30.992
3806.9,-30.992
3807.0,-30.992
3807.1,-28.993
3807.2,-32.992
3807.3,-32.992
3807.4,-28.993
3807.5,-32.992
3807.6,-30.992
3807.7,-31.992
3807.8,-31.992
3807.9,-28.993
3808.0,-30.992
3808.1,-30.992
3808.2,-30.992
3808.3,-30.992
3808.4,-30.992
3808.5,-31.992
3808.6,-27.993
3808.7,-30.992
3808.8,-25.994
3808.9,-26.993
3809.0,-26.993
3809.1,-24.994
3809.2,-26.993
3809.3,-23.994
3809.4,-22.994
3809.5,-23.994
3809.6,-23.994
3809.7,-26.993
3809.8,-22.994
3809.9,-22.994
3810.0,-19.995
3810.1,-19.995
3810.2,-18.995
3810.3,-15.996
3810.4,-19.995
3810.5,-11.997
3810.6,-14.996
3810.7,-13.997
3810.8,-10.997
3810.9,-10.997
3811.0,-10.997
3811.1,-8.998
3811.2,-7.998
3811.3,-6.998
3811.4,-6.998
3811.5,-6.998
3811.6,-1.0
3811.7,-2.0
3811.8,0.0
3811.9,1.0
3812.0,2.999
3812.1,2.0
3812.2,2.999
3812.3,0.0
3812.4,4.999
3812.5,2.999
3812.6,6.998
3812.7,5.998
3812.8,7.998
3812.9,5.998
3813.0,9.998
3813.1,11.997
3813.2,11.997
3813.3,14.996
3813.4,15.996
3813.5,16.996
3813.6,15.996
3813.7,16.996
3813.8,16.996
3813.9,18.995
3814.0,18.995
3814.1,17.995
3814.2,24.994
3814.3,20.995
3814.4,22.994
3814.5,25.994
3814.6,22.994
3814.7,26.993
3814.8,26.993
3814.9,25.994
3815.0,24.994
3815.1,20.995
3815.2,25.994
3815.3,26.993
3815.4,23.994
3815.5,26.993
3815.6,28.993
3815.7,28.993
3815.8,28.993
3815.9,31.992
3816.0,31.992
3816.1,28.993
3816.2,32.992
3816.3,26.993
3816.4,28.993
3816.5,33.992
3816.6,32.992
3816.7,31.992
3816.8,36.991
3816.9,33.992
3817.0,32.992
3817.1,31.992
3817.2,28.993
3817.3,40.99
3817.4,36.991
3817.5,35.991
3817.6,32.992
3817.7,35.991
3817.8,34.991
3817.9,36.991
3818.0,35.991
3818.1,35.991
3818.2,36.991
3818.3,35.991
3818.4,34.991
3818.5,31.992
3818.6,35.991
3818.7,30.992
3818.8,33.992
3818.9,28.993
3819.0,30.992
3819.1,31.992
3819.2,33.992
3819.3,26.993
3819.4,30.992
3819.5,28.993
3819.6,28.993
3819.7,26.993
3819.8,25.994
3819.9,28.993
3820.0,24.994
3820.1,24.994
3820.2,23.994
3820.3,22.994
3820.4,22.994
3820.5,18.995
3820.6,16.996
3820.7,17.995
3820.8,15.996
3820.9,17.995
3821.0,18.995
3821.1,16.996
3821.2,13.997
3821.3,14.996
3821.4,9.998
3821.5,9.998
3821.6,8.998
3821.7,5.998
3821.8,9.998
3821.9,7.998
3822.0,7.998
3822.1,2.0
3822.2,1.0
3822.3,4.999
3822.4,4.999
3822.5,2.0
3822.6,1.0
3822.7,-4.999
3822.8,-2.0
3822.9,-7.998
3823.0,-6.998
3823.1,-7.998
3823.2,-6.998
3823.3,-8.998
3823.4,-7.998
3823.5,-13.997
3823.6,-13.997
3823.7,-10.997
3823.8,-13.997
3823.9,-14.996
3824.0,-11.997
3824.1,-15.996
3824.2,-19.995
3824.3,-13.997
3824.4,-18.995
3824.5,-19.995
3824.6,-20.995
3824.7,-20.995
3824.8,-19.995
3824.9,-17.995
3825.0,-19.995
3825.1,-20.995
3825.2,-18.995
3825.3,-20.995
3825.4,-23.994
3825.5,-23.994
3825.6,-24.994
3825.7,-25.994
3825.8,-25.994
3825.9,-23.994
3826.0,-24.994
3826.1,-23.994
3826.2,-28.993
3826.3,-26.993
3826.4,-25.994
3826.5,-25.994
3826.6,-27.993
3826.7,-27.993
3826.8,-32.992
3826.9,-30.992
3827.0,-30.992
3827.1,-32.992
3827.2,-32.992
3827.3,-34.991
3827.4,-32.992
3827.5,-26.993
3827.6,-33.992
3827.7,-27.993
3827.8,-32.992
3827.9,-33.992
3828.0,-35.991
3828.1,-28.993
3828.2,-28.993
3828.3,-30.992
3828.4,-32.992
3828.5,-31.992
3828.6,-30.992
3828.7,-26.993
3828.8,-31.992
3828.9,-28.993
3829.0,-25.994
3829.1,-24.994
3829.2,-25.994
3829.3,-26.993
3829.4,-23.994
3829.5,-22.994
3829.6,-20.995
3829.7,-22.994
3829.8,-24.994
3829.9,-20.995
3830.0,-20.995
3830.1,-17.995
3830.2,-20.995
3830.3,-18.995
3830.4,-15.996
3830.5,-14.996
3830.6,-14.996
3830.7,-13.997
3830.8,-14.996
3830.9,-8.998
3831.0,-9.998
3831.1,-11.997
3831.2,-9.998
3831.3,-5.998
3831.4,-7.998
3831.5,-5.998
3831.6,-4.999
3831.7,-2.0
3831.8,-2.999
3831.9,2.0
3832.0,-1.0
3832.1,0.0
3832.2,-1.0
3832.3,4.999
3832.4,4.999
3832.5,2.999
3832.6,2.999
3832.7,6.998
3832.8,10.997
3832.9,9.998
3833.0,15.996
3833.1,9.998
3833.2,10.997
3833.3,15.996
3833.4,16.996
3833.5,15.996
3833.6,15.996
3833.7,16.996
3833.8,16.996
3833.9,16.996
3834.0,17.995
3834.1,20.995
3834.2,19.995
3834.3,22.994
3834.4,22.994
3834.5,22.994
3834.6,22.994
3834.7,24.994
3834.8,24.994
3834.9,27.993
3835.0,25.994
3835.1,26.993
3835.2,25.994
3835.3,25.994
3835.4,26.993
3835.5,28.993
3835.6,25.994
3835.7,30.992
3835.8,32.992
3835.9,27.993
3836.0,30.992
3836.1,33.992
3836.2,28.993
3836.3,31.992
3836.4,32.992
3836.5,31.992
3836.6,35.991
3836.7,33.992
3836.8,35.991
3836.9,30.992
3837.0,33.992
3837.1,37.991
3837.2,34.991
3837.3,36.991
3837.4,36.991
3837.5,36.991
3837.6,37.991
3837.7,35.991
3837.8,33.992
3837.9,33.992
3838.0,33.992
3838.1,36.991
3838.2,33.992
3838.3,35.991
3838.4,36.991
3838.5,34.991
3838.6,34.991
3838.7,33.992
3838.8,34.991
3838.9,30.992
3839.0,28.993
3839.1,31.992
3839.2,30.992
3839.3,27.993
3839.4,26.993
3839.5,30.992
3839.6,24.994
3839.7,27.993
3839.8,24.994
3839.9,26.993
3840.0,23.994
3840.1,30.992
3840.2,20.995
3840.3,23.994
3840.4,19.995
3840.5,17.995
3840.6,19.995
3840.7,17.995
3840.8,18.995
3840.9,16.996
3841.0,13.997
3841.1,13.997
3841.2,11.997
3841.3,13.997
3841.4,7.998
3841.5,9.998
3841.6,8.998
3841.7,8.998
3841.8,2.999
3841.9,2.0
3842.0,4.999
3842.1,0.0
3842.2,2.0
3842.3,-1.0
3842.4,-1.0
3842.5,-4.999
3842.6,0.0
3842.7,-2.999
3842.8,-2.0
3842.9,-5.998
3843.0,-9.998
3843.1,-8.998
3843.2,-9.998
3843.3,-11.997
3843.4,-11.997
3843.5,-13.997
3843.6,-15.996
3843.7,-15.996
3843.8,-15.996
3843.9,-14.996
3844.0,-17.995
3844.1,-15.996
3844.2,-14.996
3844.3,-15.996
3844.4,-20.995
3844.5,-22.994
3844.6,-19.995
3844.7,-20.995
3844.8,-24.994
3844.9,-22.994
3845.0,-22.994
3845.1,-25.994
3845.2,-22.994
3845.3,-22.994
3845.4,-24.994
3845.5,-27.993
3845.6,-26.993
3845.7,-25.994
3845.8,-26.993
3845.9,-25.994
3846.0,-27.993
3846.1,-30.992
3846.2,-28.993
3846.3,-27.993
3846.4,-30.992
3846.5,-26.993
3846.6,-30.992
3846.7,-26.993
3846.8,-30.992
3846.9,-31.992
3847.0,-32.992
3847.1,-30.992
3847.2,-32.992
3847.3,-30.992
3847.4,-32.992
3847.5,-33.992
3847.6,-34.991
3847.7,-30.992
3847.8,-28.993
3847.9,-30.992
3848.0,-31.992
3848.1,-33.992
3848.2,-32.992
3848.3,-31.992
3848.4,-30.992
3848.5,-30.992
3848.6,-32.992
3848.7,-31.992
3848.8,-31.992
3848.9,-28.993
3849.0,-28.993
3849.1,-28.993
3849.2,-25.994
3849.3,-23.994
3849.4,-22.994
3849.5,-26.993
3849.6,-25.994
3849.7,-24.994
3849.8,-23.994
3849.9,-24.994
3850.0,-22.994
3850.1,-22.994
3850.2,-18.995
3850.3,-19.995
3850.4,-17.995
3850.5,-16.996
3850.6,-13.997
3850.7,-14.996
3850.8,-11.997
3850.9,-11.997
3851.0,-5.998
3851.1,-10.997
3851.2,-5.998
3851.3,-6.998
3851.4,-6.998
3851.5,-6.998
3851.6,-2.0
3851.7,0.0
3851.8,1.0
3851.9,-1.0
3852.0,2.999
3852.1,0.0
3852.2,6.998
3852.3,2.999
3852.4,2.0
3852.5,7.998
3852.6,9.998
3852.7,6.998
3852.8,13.997
3852.9,8.998
3853.0,10.997
3853.1,10.997
3853.2,10.997
3853.3,15.996
3853.4,17.995
3853.5,18.995
3853.6,18.995
3853.7,23.994
3853.8,18.995
3853.9,22.994
3854.0,22.994
3854.1,20.995
3854.2,19.995
3854.3,23.994
3854.4,25.994
3854.5,23.994
3854.6,27.993
3854.7,27.993
3854.8,24.994
3854.9,30.992
3855.0,26.993
3855.1,26.993
3855.2,26.993
3855.3,28.993
3855.4,27.993
3855.5,30.992
3855.6,32.992
3855.7,31.992
3855.8,31.992
3855.9,32.992
3856.0,30.992
3856.1,32.992
3856.2,33.992
3856.3,34.991
3856.4,31.992
3856.5,32.992
3856.6,32.992
3856.7,32.992
3856.8,34.991
3856.9,36.991
3857.0,34.991
3857.1,37.991
3857.2,37.991
3857.3,33.992
3857.4,39.99
3857.5,37.991
3857.6,36.991
3857.7,36.991
3857.8,33.992
3857.9,35.991
3858.0,36.991
3858.1,36.991
3858.2,35.991
3858.3,34.991
3858.4,33.992
3858.5,35.991
3858.6,33.992
3858.7,34.991
3858.8,35.991
3858.9,33.992
3859.0,30.992
3859.1,31.992
3859.2,32.992
3859.3,28.993
3859.4,31.992
3859.5,30.992
3859.6,28.993
3859.7,28.993
3859.8,30.992
3859.9,26.993
3860.0,25.994
3860.1,23.994
3860.2,26.993
3860.3,25.994
3860.4,19.995
3860.5,18.995
3860.6,20.995
3860.7,15.996
3860.8,16.996
3860.9,15.996
3861.0,15.996
3861.1,14.996
3861.2,9.998
3861.3,10.997
3861.4,10.997
3861.5,10.997
3861.6,5.998
3861.7,2.999
3861.8,5.998
3861.9,7.998
3862.0,4.999
3862.1,2.999
3862.2,2.0
3862.3,0.0
3862.4,-2.999
3862.5,-2.999
3862.6,-4.999
3862.7,-1.0
3862.8,-4.999
3862.9,-2.999
3863.0,-6.998
3863.1,-7.998
3863.2,-11.997
3863.3,-9.998
3863.4,-9.998
3863.5,-14.996
3863.6,-14.996
3863.7,-13.997
3863.8,-15.996
3863.9,-15.996
3864.0,-17.995
3864.1,-15.996
3864.2,-11.997
3864.3,-17.995
3864.4,-17.995
3864.5,-19.995
3864.6,-22.994
3864.7,-20.995
3864.8,-19.995
3864.9,-25.994
3865.0,-19.995
3865.1,-23.994
3865.2,-23.994
3865.3,-23.994
3865.4,-25.994
3865.5,-24.994
3865.6,-24.994
3865.7,-27.993
3865.8,-27.993
3865.9,-27.993
3866.0,-27.993
3866.1,-27.993
3866.2,-26.993
3866.3,-26.993
3866.4,-26.993
3866.5,-27.993
3866.6,-30.992
3866.7,-30.992
3866.8,-31.992
3866.9,-28.993
3867.0,-31.992
3867.1,-33.992
3867.2,-32.992
3867.3,-30.992
3867.4,-28.993
3867.5,-32.992
3867.6,-32.992
3867.7,-32.992
3867.8,-34.991
3867.9,-28.993
3868.0,-32.992
3868.1,-32.992
3868.2,-36.991
3868.3,-33.992
3868.4,-31.992
3868.5,-28.993
3868.6,-31.992
3868.7,-28.993
3868.8,-30.992
3868.9,-25.994
3869.0,-26.993
3869.1,-25.994
3869.2,-22.994
3869.3,-25.994
3869.4,-24.994
3869.5,-26.993
3869.6,-26.993
3869.7,-19.995
3869.8,-17.995
3869.9,-23.994
3870.0,-18.995
3870.1,-17.995
3870.2,-20.995
3870.3,-19.995
3870.4,-16.996
3870.5,-14.996
3870.6,-11.997
3870.7,-15.996
3870.8,-13.997
3870.9,-11.997
3871.0,-8.998
3871.1,-9.998
3871.2,-6.998
3871.3,-8.998
3871.4,-4.999
3871.5,-4.999
3871.6,-4.999
3871.7,-1.0
3871.8,-2.999
3871.9,-2.0
3872.0,2.999
3872.1,1.0
3872.2,2.0
3872.3,0.0
3872.4,2.0
3872.5,2.999
3872.6,2.999
3872.7,6.998
3872.8,8.998
3872.9,7.998
3873.0,9.998
3873.1,9.998
3873.2,14.996
3873.3,14.996
3873.4,11.997
3873.5,14.996
3873.6,15.996
3873.7,16.996
3873.8,16.996
3873.9,16.996
3874.0,16.996
3874.1,17.995
3874.2,17.995
3874.3,20.995
3874.4,19.995
3874.5,20.995
3874.6,22.994
3874.7,25.994
3874.8,27.993
3874.9,26.993
3875.0,26.993
3875.1,26.993
3875.2,24.994
3875.3,25.994
3875.4,26.993
3875.5,25.994
3875.6,25.994
3875.7,26.993
3875.8,28.993
3875.9,30.992
3876.0,33.992
3876.1,33.992
3876.2,30.992
3876.3,31.992
3876.4,31.992
3876.5,31.992
3876.6,32.992
3876.7,28.993
3876.8,34.991
3876.9,34.991
3877.0,35.991
3877.1,34.991
3877.2,34.991
3877.3,36.991
3877.4,34.991
3877.5,35.991
3877.6,33.992
3877.7,35.991
3877.8,34.991
3877.9,32.992
3878.0,37.991
3878.1,37.991
3878.2,32.992
3878.3,35.991
3878.4,36.991
3878.5,35.991
3878.6,34.991
3878.7,34.991
3878.8,32.992
3878.9,32.992
3879.0,31.992
3879.1,31.992
3879.2,28.993
3879.3,32.992
3879.4,27.993
3879.5,26.993
3879.6,30.992
3879.7,28.993
3879.8,25.994
3879.9,27.993
3880.0,24.994
3880.1,26.993
3880.2,24.994
3880.3,19.995
3880.4,26.993
3880.5,17.995
3880.6,20.995
3880.7,19.995
3880.8,20.995
3880.9,16.996
3881.0,14.996
3881.1,15.996
3881.2,13.997
3881.3,11.997
3881.4,8.998
3881.5,11.997
3881.6,6.998
3881.7,8.998
3881.8,6.998
3881.9,8.998
3882.0,2.999
3882.1,2.999
3882.2,1.0
3882.3,0.0
3882.4,0.0
3882.5,-1.0
3882.6,2.0
3882.7,-5.998
3882.8,-2.999
3882.9,-4.999
3883.0,-6.998
3883.1,-7.998
3883.2,-7.998
3883.3,-9.998
3883.4,-8.998
3883.5,-8.998
3883.6,-11.997
3883.7,-14.996
3883.8,-14.996
3883.9,-9.998
3884.0,-11.997
3884.1,-14.996
3884.2,-14.996
3884.3,-15.996
3884.4,-13.997
3884.5,-19.995
3884.6,-18.995
3884.7,-18.995
3884.8,-19.995
3884.9,-22.994
3885.0,-19.995
3885.1,-24.994
3885.2,-18.995
3885.3,-23.994
3885.4,-22.994
3885.5,-23.994
3885.6,-18.995
3885.7,-25.994
3885.8,-24.994
3885.9,-25.994
3886.0,-25.994
3886.1,-27.993
3886.2,-26.993
3886.3,-27.993
3886.4,-26.993
3886.5,-26.993
3886.6,-26.993
3886.7,-26.993
3886.8,-28.993
3886.9,-31.992
3887.0,-31.992
3887.1,-31.992
3887.2,-33.992
3887.3,-31.992
3887.4,-31.992
3887.5,-30.992
3887.6,-31.992
3887.7,-27.993
3887.8,-31.992
3887.9,-28.993
3888.0,-30.992
3888.1,-30.992
3888.2,-27.993
3888.3,-27.993
3888.4,-32.992
3888.5,-27.993
3888.6,-28.993
3888.7,-31.992
3888.8,-26.993
3888.9,-26.993
3889.0,-27.993
3889.1,-26.993
3889.2,-24.994
3889.3,-27.993
3889.4,-24.994
3889.5,-25.994
3889.6,-24.994
3889.7,-18.995
3889.8,-25.994
3889.9,-20.995
3890.0,-20.995
3890.1,-24.994
3890.2,-23.994
3890.3,-17.995
3890.4,-15.996
3890.5,-16.996
3890.6,-14.996
3890.7,-10.997
3890.8,-14.996
3890.9,-10.997
3891.0,-9.998
3891.1,-7.998
3891.2,-6.998
3891.3,-5.998
3891.4,-8.998
3891.5,-6.998
3891.6,-2.999
3891.7,-2.999
3891.8,-4.999
3891.9,1.0
3892.0,1.0
3892.1,-1.0
3892.2,6.998
3892.3,2.999
3892.4,5.998
3892.5,7.998
3892.6,6.998
3892.7,5.998
3892.8,7.998
3892.9,8.998
3893.0,9.998
3893.1,11.997
3893.2,15.996
3893.3,15.996
3893.4,13.997
3893.5,14.996
3893.6,15.996
3893.7,17.995
3893.8,18.995
3893.9,16.996
3894.0,19.995
3894.1,18.995
3894.2,19.995
3894.3,22.994
3894.4,20.995
3894.5,23.994
3894.6,20.995
3894.7,25.994
3894.8,25.994
3894.9,24.994
3895.0,25.994
3895.1,26.993
3895.2,30.992
3895.3,25.994
3895.4,26.993
3895.5,28.993
3895.6,25.994
3895.7,30.992
3895.8,28.993
3895.9,30.992
3896.0,34.991
3896.1,34.991
3896.2,31.992
3896.3,32.992
3896.4,32.992
3896.5,33.992
3896.6,33.992
3896.7,33.992
3896.8,36.991
3896.9,34.991
3897.0,33.992
3897.1,34.991
3897.2,33.992
3897.3,33.992
3897.4,37.991
3897.5,35.991
3897.6,37.991
3897.7,36.991
3897.8,34.991
3897.9,34.991
3898.0,34.991
3898.1,34.991
3898.2,33.992
3898.3,34.991
3898.4,33.992
3898.5,33.992
3898.6,34.991
3898.7,35.991
3898.8,32.992
3898.9,32.992
3899.0,32.992
3899.1,28.993
3899.2,31.992
3899.3,27.993
3899.4,26.993
3899.5,30.992
3899.6,27.993
3899.7,28.993
3899.8,25.994
3899.9,26.993
3900.0,25.994
3900.1,25.994
3900.2,24.994
3900.3,22.994
3900.4,19.995
3900.5,18.995
3900.6,20.995
3900.7,19.995
3900.8,18.995
3900.9,14.996
3901.0,10.997
3901.1,14.996
3901.2,13.997
3901.3,11.997
3901.4,7.998
3901.5,7.998
3901.6,8.998
3901.7,6.998
3901.8,4.999
3901.9,4.999
3902.0,2.999
3902.1,2.0
3902.2,2.999
3902.3,-1.0
3902.4,0.0
3902.5,1.0
3902.6,-2.999
3902.7,-1.0
3902.8,-1.0
3902.9,-5.998
3903.0,-7.998
3903.1,-9.998
3903.2,-9.998
3903.3,-10.997
3903.4,-11.997
3903.5,-15.996
3903.6,-7.998
3903.7,-9.998
3903.8,-15.996
3903.9,-14.996
3904.0,-15.996
3904.1,-14.996
3904.2,-16.996
3904.3,-19.995
3904.4,-15.996
3904.5,-17.995
3904.6,-15.996
3904.7,-19.995
3904.8,-18.995
3904.9,-19.995
3905.0,-22.994
3905.1,-24.994
3905.2,-25.994
3905.3,-22.994
3905.4,-19.995
3905.5,-26.993
3905.6,-23.994
3905.7,-24.994
3905.8,-22.994
3905.9,-23.994
3906.0,-26.993
3906.1,-28.993
3906.2,-24.994
3906.3,-26.993
3906.4,-30.992
3906.5,-32.992
3906.6,-25.994
3906.7,-26.993
3906.8,-27.993
3906.9,-30.992
3907.0,-32.992
3907.1,-31.992
3907.2,-32.992
3907.3,-33.992
3907.4,-33.992
3907.5,-33.992
3907.6,-30.992
3907.7,-32.992
3907.8,-30.992
3907.9,-33.992
3908.0,-32.992
3908.1,-31.992
3908.2,-31.992
3908.3,-27.993
3908.4,-31.992
3908.5,-28.993
3908.6,-27.993
3908.7,-31.992
3908.8,-27.993
3908.9,-30.992
3909.0,-27.993
3909.1,-27.993
3909.2,-22.994
3909.3,-26.993
3909.4,-24.994
3909.5,-26.993
3909.6,-19.995
3909.7,-19.995
3909.8,-20.995
3909.9,-19.995
3910.0,-19.995
3910.1,-17.995
3910.2,-18.995
3910.3,-17.995
3910.4,-17.995
3910.5,-14.996
3910.6,-11.997
3910.7,-13.997
3910.8,-8.998
3910.9,-13.997
3911.0,-13.997
3911.1,-13.997
3911.2,-9.998
3911.3,-9.998
3911.4,-5.998
3911.5,-2.999
3911.6,-2.0
3911.7,-2.999
3911.8,-1.0
3911.9,-1.0
3912.0,4.999
3912.1,4.999
3912.2,0.0
3912.3,0.0
3912.4,4.999
3912.5,5.998
3912.6,2.0
3912.7,5.998
3912.8,5.998
3912.9,9.998
3913.0,10.997
3913.1,8.998
3913.2,9.998
3913.3,14.996
3913.4,13.997
3913.5,17.995
3913.6,16.996
3913.7,16.996
3913.8,16.996
3913.9,17.995
3914.0,18.995
3914.1,18.995
3914.2,17.995
3914.3,20.995
3914.4,22.994
3914.5,20.995
3914.6,22.994
3914.7,22.994
3914.8,22.994
3914.9,23.994
3915.0,24.994
3915.1,23.994
3915.2,23.994
3915.3,23.994
3915.4,26.993
3915.5,26.993
3915.6,26.993
3915.7,28.993
3915.8,25.994
3915.9,28.993
3916.0,31.992
3916.1,32.992
3916.2,30.992
3916.3,31.992
3916.4,31.992
3916.5,28.993
3916.6,28.993
3916.7,34.991
3916.8,34.991
3916.9,30.992
3917.0,35.991
3917.1,31.992
3917.2,33.992
3917.3,34.991
3917.4,34.991
3917.5,37.991
3917.6,35.991
3917.7,34.991
3917.8,35.991
3917.9,36.991
3918.0,34.991
3918.1,33.992
3918.2,32.992
3918.3,31.992
3918.4,35.991
3918.5,34.991
3918.6,32.992
3918.7,33.992
3918.8,31.992
3918.9,32.992
3919.0,30.992
3919.1,28.993
3919.2,30.992
3919.3,28.993
3919.4,28.993
3919.5,28.993
3919.6,28.993
3919.7,26.993
3919.8,23.994
3919.9,26.993
3920.0,24.994
3920.1,24.994
3920.2,25.994
3920.3,23.994
3920.4,23.994
3920.5,19.995
3920.6,18.995
3920.7,18.995
3920.8,16.996
3920.9,15.996
3921.0,14.996
3921.1,15.996
3921.2,13.997
3921.3,14.996
3921.4,10.997
3921.5,10.997
3921.6,8.998
3921.7,4.999
3921.8,6.998
3921.9,2.999
3922.0,6.998
3922.1,2.0
3922.2,-1.0
3922.3,0.0
3922.4,1.0
3922.5,0.0
3922.6,-4.999
3922.7,-1.0
3922.8,-2.0
3922.9,-2.0
3923.0,-5.998
3923.1,-7.998
3923.2,-4.999
3923.3,-7.998
3923.4,-11.997
3923.5,-11.997
3923.6,-8.998
3923.7,-11.997
3923.8,-14.996
3923.9,-13.997
3924.0,-10.997
3924.1,-11.997
3924.2,-16.996
3924.3,-14.996
3924.4,-18.995
3924.5,-18.995
3924.6,-17.995
3924.7,-18.995
3924.8,-17.995
3924.9,-18.995
3925.0,-20.995
3925.1,-18.995
3925.2,-18.995
3925.3,-19.995
3925.4,-22.994
3925.5,-19.995
3925.6,-24.994
3925.7,-20.995
3925.8,-24.994
3925.9,-23.994
3926.0,-25.994
3926.1,-25.994
3926.2,-25.994
3926.3,-26.993
3926.4,-27.993
3926.5,-27.993
3926.6,-28.993
3926.7,-31.992
3926.8,-24.994
3926.9,-26.993
3927.0,-31.992
3927.1,-27.993
3927.2,-31.992
3927.3,-32.992
3927.4,-32.992
3927.5,-31.992
3927.6,-32.992
3927.7,-30.992
3927.8,-28.993
3927.9,-33.992
3928.0,-28.993
3928.1,-31.992
3928.2,-28.993
3928.3,-31.992
3928.4,-33.992
3928.5,-31.992
3928.6,-31.992
3928.7,-30.992
3928.8,-28.993
3928.9,-24.994
3929.0,-26.993
3929.1,-23.994
3929.2,-25.994
3929.3,-25.994
3929.4,-25.994
3929.5,-24.994
3929.6,-20.995
3929.7,-26.993
3929.8,-22.994
3929.9,-20.995
3930.0,-18.995
3930.1,-22.994
3930.2,-17.995
3930.3,-16.996
3930.4,-15.996
3930.5,-16.996
3930.6,-10.997
3930.7,-11.997
3930.8,-14.996
3930.9,-8.998
3931.0,-11.997
3931.1,-7.998
3931.2,-7.998
3931.3,-6.998
3931.4,-6.998
3931.5,-1.0
3931.6,-5.998
3931.7,-1.0
3931.8,-2.999
3931.9,0.0
3932.0,-1.0
3932.1,0.0
3932.2,2.0
3932.3,2.999
3932.4,4.999
3932.5,5.998
3932.6,2.0
3932.7,5.998
3932.8,6.998
3932.9,7.998
3933.0,10.997
3933.1,10.997
3933.2,10.997
3933.3,13.997
3933.4,14.996
3933.5,15.996
3933.6,18.995
3933.7,17.995
3933.8,19.995
3933.9,22.994
3934.0,19.995
3934.1,18.995
3934.2,20.995
3934.3,20.995
3934.4,22.994
3934.5,23.994
3934.6,26.993
3934.7,22.994
3934.8,25.994
3934.9,23.994
3935.0,26.993
3935.1,26.993
3935.2,26.993
3935.3,20.995
3935.4,26.993
3935.5,26.993
3935.6,27.993
3935.7,28.993
3935.8,27.993
3935.9,28.993
3936.0,31.992
3936.1,34.991
3936.2,32.992
3936.3,32.992
3936.4,33.992
3936.5,33.992
3936.6,31.992
3936.7,31.992
3936.8,34.991
3936.9,33.992
3937.0,30.992
3937.1,32.992
3937.2,36.991
3937.3,35.991
3937.4,34.991
3937.5,34.991
3937.6,36.991
3937.7,35.991
3937.8,37.991
3937.9,35.991
3938.0,39.99
3938.1,35.991
3938.2,33.992
3938.3,36.991
3938.4,32.992
3938.5,34.991
3938.6,31.992
3938.7,31.992
3938.8,32.992
3938.9,32.992
3939.0,31.992
3939.1,30.992
3939.2,31.992
3939.3,28.993
3939.4,26.993
3939.5,26.993
3939.6,27.993
3939.7,25.994
3939.8,26.993
3939.9,26.993
3940.0,25.994
3940.1,26.993
3940.2,20.995
3940.3,23.994
3940.4,20.995
3940.5,18.995
3940.6,18.995
3940.7,19.995
3940.8,14.996
3940.9,15.996
3941.0,10.997
3941.1,10.997
3941.2,10.997
3941.3,13.997
3941.4,13.997
3941.5,9.998
3941.6,5.998
3941.7,6.998
3941.8,2.999
3941.9,7.998
3942.0,2.999
3942.1,2.0
3942.2,-1.0
3942.3,0.0
3942.4,-2.999
3942.5,2.999
3942.6,-2.999
3942.7,-2.0
3942.8,0.0
3942.9,-6.998
3943.0,-7.998
3943.1,-6.998
3943.2,-9.998
3943.3,-7.998
3943.4,-10.997
3943.5,-13.997
3943.6,-11.997
3943.7,-11.997
3943.8,-14.996
3943.9,-14.996
3944.0,-15.996
3944.1,-13.997
3944.2,-17.995
3944.3,-17.995
3944.4,-18.995
3944.5,-18.995
3944.6,-20.995
3944.7,-20.995
3944.8,-20.995
3944.9,-22.994
3945.0,-24.994
3945.1,-22.994
3945.2,-23.994
3945.3,-25.994
3945.4,-23.994
3945.5,-24.994
3945.6,-25.994
3945.7,-22.994
3945.8,-25.994
3945.9,-28.993
3946.0,-27.993
3946.1,-26.993
3946.2,-32.992
3946.3,-32.992
3946.4,-27.993
3946.5,-27.993
3946.6,-27.993
3946.7,-27.993
3946.8,-30.992
3946.9,-28.993
3947.0,-33.992
3947.1,-33.992
3947.2,-31.992
3947.3,-35.991
3947.4,-34.991
3947.5,-34.991
3947.6,-31.992
3947.7,-33.992
3947.8,-34.991
3947.9,-34.991
3948.0,-33.992
3948.1,-32.992
3948.2,-31.992
3948.3,-32.992
3948.4,-28.993
3948.5,-28.993
3948.6,-27.993
3948.7,-30.992
3948.8,-27.993
3948.9,-31.992
3949.0,-27.993
3949.1,-28.993
3949.2,-26.993
3949.3,-24.994
3949.4,-25.994
3949.5,-23.994
3949.6,-23.994
3949.7,-24.994
3949.8,-22.994
3949.9,-20.995
3950.0,-20.995
3950.1,-20.995
3950.2,-18.995
3950.3,-19.995
3950.4,-17.995
3950.5,-15.996
3950.6,-14.996
3950.7,-15.996
3950.8,-13.997
3950.9,-11.997
3951.0,-13.997
3951.1,-8.998
3951.2,-6.998
3951.3,-7.998
3951.4,-8.998
3951.5,-2.999
3951.6,-2.0
3951.7,-2.0
3951.8,-2.999
3951.9,2.0
3952.0,0.0
3952.1,0.0
3952.2,2.999
3952.3,5.998
3952.4,7.998
3952.5,5.998
3952.6,2.999
3952.7,8.998
3952.8,6.998
3952.9,8.998
3953.0,7.998
3953.1,14.996
3953.2,10.997
3953.3,13.997
3953.4,14.996
3953.5,18.995
3953.6,18.995
3953.7,18.995
3953.8,17.995
3953.9,18.995
3954.0,19.995
3954.1,18.995
3954.2,17.995
3954.3,22.994
3954.4,18.995
3954.5,19.995
3954.6,19.995
3954.7,23.994
3954.8,22.994
3954.9,25.994
3955.0,26.993
3955.1,27.993
3955.2,25.994
3955.3,25.994
3955.4,27.993
3955.5,25.994
3955.6,28.993
3955.7,28.993
3955.8,27.993
3955.9,26.993
3956.0,30.992
3956.1,30.992
3956.2,30.992
3956.3,31.992
3956.4,31.992
3956.5,33.992
3956.6,32.992
3956.7,33.992
3956.8,30.992
3956.9,30.992
3957.0,32.992
3957.1,34.991
3957.2,31.992
3957.3,37.991
3957.4,35.991
3957.5,32.992
3957.6,34.991
3957.7,32.992
3957.8,37.991
3957.9,33.992
3958.0,35.991
3958.1,34.991
3958.2,34.991
3958.3,35.991
3958.4,34.991
3958.5,33.992
3958.6,31.992
3958.7,30.992
3958.8,30.992
3958.9,31.992
3959.0,30.992
3959.1,31.992
3959.2,31.992
3959.3,30.992
3959.4,26.993
3959.5,30.992
3959.6,27.993
3959.7,25.994
3959.8,25.994
3959.9,25.994
3960.0,25.994
3960.1,23.994
3960.2,23.994
3960.3,22.994
3960.4,18.995
3960.5,19.995
3960.6,17.995
3960.7,18.995
3960.8,17.995
3960.9,16.996
3961.0,11.997
3961.1,14.996
3961.2,13.997
3961.3,7.998
3961.4,9.998
3961.5,8.998
3961.6,9.998
3961.7,9.998
3961.8,6.998
3961.9,5.998
3962.0,2.999
3962.1,2.0
3962.2,2.999
3962.3,1.0
3962.4,-2.0
3962.5,-1.0
3962.6,-2.0
3962.7,-1.0
3962.8,0.0
3962.9,-4.999
3963.0,-2.999
3963.1,-7.998
3963.2,-4.999
3963.3,-11.997
3963.4,-9.998
3963.5,-11.997
3963.6,-9.998
3963.7,-14.996
3963.8,-14.996
3963.9,-9.998
3964.0,-15.996
3964.1,-15.996
3964.2,-16.996
3964.3,-15.996
3964.4,-13.997
3964.5,-17.995
3964.6,-19.995
3964.7,-16.996
3964.8,-17.995
3964.9,-19.995
3965.0,-20.995
3965.1,-22.994
3965.2,-23.994
3965.3,-22.994
3965.4,-20.995
3965.5,-22.994
3965.6,-23.994
3965.7,-22.994
3965.8,-19.995
3965.9,-24.994
3966.0,-26.993
3966.1,-25.994
3966.2,-31.992
3966.3,-31.992
3966.4,-26.993
3966.5,-30.992
3966.6,-28.993
3966.7,-26.993
3966.8,-30.992
3966.9,-31.992
3967.0,-30.992
3967.1,-28.993
3967.2,-30.992
3967.3,-27.993
3967.4,-27.993
3967.5,-32.992
3967.6,-30.992
3967.7,-30.992
3967.8,-30.992
3967.9,-31.992
3968.0,-35.991
3968.1,-30.992
3968.2,-33.992
3968.3,-28.993
3968.4,-31.992
3968.5,-28.993
3968.6,-28.993
3968.7,-25.994
3968.8,-28.993
3968.9,-27.993
3969.0,-27.993
3969.1,-28.993
3969.2,-25.994
3969.3,-25.994
3969.4,-24.994
3969.5,-24.994
3969.6,-23.994
3969.7,-24.994
3969.8,-17.995
3969.9,-19.995
3970.0,-24.994
3970.1,-22.994
3970.2,-20.995
3970.3,-18.995
3970.4,-14.996
3970.5,-15.996
3970.6,-13.997
3970.7,-18.995
3970.8,-10.997
3970.9,-10.997
3971.0,-8.998
3971.1,-7.998
3971.2,-10.997
3971.3,-7.998
3971.4,-6.998
3971.5,-4.999
3971.6,-1.0
3971.7,-2.0
3971.8,-1.0
3971.9,-1.0
3972.0,-1.0
3972.1,2.0
3972.2,2.0
3972.3,5.998
3972.4,6.998
3972.5,4.999
3972.6,5.998
3972.7,6.998
3972.8,5.998
3972.9,9.998
3973.0,10.997
3973.1,9.998
3973.2,10.997
3973.3,13.997
3973.4,15.996
3973.5,15.996
3973.6,18.995
3973.7,17.995
3973.8,17.995
3973.9,18.995
3974.0,18.995
3974.1,19.995
3974.2,19.995
3974.3,22.994
3974.4,22.994
3974.5,23.994
3974.6,23.994
3974.7,23.994
3974.8,23.994
3974.9,24.994
3975.0,27.993
3975.1,23.994
3975.2,28.993
3975.3,25.994
3975.4,28.993
3975.5,28.993
3975.6,27.993
3975.7,24.994
3975.8,30.992
3975.9,30.992
3976.0,27.993
3976.1,31.992
3976.2,31.992
3976.3,30.992
3976.4,35.991
3976.5,30.992
3976.6,31.992
3976.7,31.992
3976.8,33.992
3976.9,32.992
3977.0,33.992
3977.1,36.991
3977.2,30.992
3977.3,32.992
3977.4,34.991
3977.5,34.991
3977.6,34.991
3977.7,34.991
3977.8,39.99
3977.9,33.992
3978.0,32.992
3978.1,35.991
3978.2,36.991
3978.3,34.991
3978.4,33.992
3978.5,30.992
3978.6,33.992
3978.7,32.992
3978.8,33.992
3978.9,31.992
3979.0,33.992
3979.1,28.993
3979.2,28.993
3979.3,26.993
3979.4,25.994
3979.5,31.992
3979.6,27.993
3979.7,23.994
3979.8,26.993
3979.9,25.994
3980.0,25.994
3980.1,24.994
3980.2,23.994
3980.3,18.995
3980.4,18.995
3980.5,18.995
3980.6,18.995
3980.7,18.995
3980.8,16.996
3980.9,13.997
3981.0,15.996
3981.1,11.997
3981.2,9.998
3981.3,10.997
3981.4,7.998
3981.5,13.997
3981.6,7.998
3981.7,6.998
3981.8,6.998
3981.9,5.998
3982.0,2.0
3982.1,1.0
3982.2,2.0
3982.3,1.0
3982.4,-1.0
3982.5,-2.999
3982.6,-4.999
3982.7,-2.999
3982.8,1.0
3982.9,-5.998
3983.0,-6.998
3983.1,-8.998
3983.2,-5.998
3983.3,-10.997
3983.4,-11.997
3983.5,-13.997
3983.6,-10.997
3983.7,-10.997
3983.8,-13.997
3983.9,-15.996
3984.0,-13.997
3984.1,-14.996
3984.2,-17.995
3984.3,-17.995
3984.4,-16.996
3984.5,-17.995
3984.6,-15.996
3984.7,-16.996
3984.8,-20.995
3984.9,-18.995
3985.0,-19.995
3985.1,-19.995
3985.2,-22.994
3985.3,-22.994
3985.4,-25.994
3985.5,-20.995
3985.6,-26.993
3985.7,-23.994
3985.8,-23.994
3985.9,-23.994
3986.0,-25.994
3986.1,-27.993
3986.2,-26.993
3986.3,-31.992
3986.4,-26.993
3986.5,-26.993
3986.6,-27.993
3986.7,-30.992
3986.8,-27.993
3986.9,-25.994
3987.0,-34.991
3987.1,-26.993
3987.2,-31.992
3987.3,-31.992
3987.4,-31.992
3987.5,-28.993
3987.6,-31.992
3987.7,-28.993
3987.8,-31.992
3987.9,-33.992
3988.0,-34.991
3988.1,-31.992
3988.2,-27.993
3988.3,-28.993
3988.4,-27.993
3988.5,-28.993
3988.6,-28.993
3988.7,-30.992
3988.8,-25.994
3988.9,-27.993
3989.0,-30.992
3989.1,-28.993
3989.2,-25.994
3989.3,-27.993
3989.4,-24.994
3989.5,-19.995
3989.6,-23.994
3989.7,-23.994
3989.8,-22.994
3989.9,-19.995
3990.0,-18.995
3990.1,-19.995
3990.2,-19.995
3990.3,-15.996
3990.4,-14.996
3990.5,-17.995
3990.6,-17.995
3990.7,-15.996
3990.8,-13.997
3990.9,-9.998
3991.0,-10.997
3991.1,-8.998
3991.2,-8.998
3991.3,-5.998
3991.4,-5.998
3991.5,-7.998
3991.6,-4.999
3991.7,-2.999
3991.8,-2.0
3991.9,-4.999
3992.0,0.0
3992.1,4.999
3992.2,2.999
3992.3,4.999
3992.4,5.998
3992.5,4.999
3992.6,4.999
3992.7,7.998
3992.8,7.998
3992.9,10.997
3993.0,5.998
3993.1,6.998
3993.2,10.997
3993.3,14.996
3993.4,11.997
3993.5,15.996
3993.6,15.996
3993.7,17.995
3993.8,16.996
3993.9,17.995
3994.0,18.995
3994.1,18.995
3994.2,19.995
3994.3,18.995
3994.4,22.994
3994.5,22.994
3994.6,22.994
3994.7,20.995
3994.8,23.994
3994.9,24.994
3995.0,24.994
3995.1,25.994
3995.2,30.992
3995.3,26.993
3995.4,27.993
3995.5,27.993
3995.6,26.993
3995.7,25.994
3995.8,25.994
3995.9,24.994
3996.0,25.994
3996.1,33.992
3996.2,27.993
3996.3,32.992
3996.4,31.992
3996.5,33.992
3996.6,33.992
3996.7,33.992
3996.8,31.992
3996.9,34.991
3997.0,34.991
3997.1,31.992
3997.2,33.992
3997.3,36.991
3997.4,33.992
3997.5,36.991
3997.6,34.991
3997.7,34.991
3997.8,37.991
3997.9,35.991
3998.0,35.991
3998.1,36.991
3998.2,34.991
3998.3,32.992
3998.4,32.992
3998.5,35.991
3998.6,32.992
3998.7,32.992
3998.8,34.991
3998.9,33.992
3999.0,32.992
3999.1,32.992
3999.2,33.992
3999.3,31.992
3999.4,30.992
3999.5,28.993
3999.6,26.993
3999.7,26.993
3999.8,24.994
3999.9,27.993
4000.0,26.993
4000.1,23.994
4000.2,22.994
4000.3,22.994
4000.4,22.994
4000.5,20.995
4000.6,17.995
4000.7,18.995
4000.8,15.996
4000.9,16.996
4001.0,14.996
4001.1,10.997
4001.2,16.996
4001.3,14.996
4001.4,11.997
4001.5,8.998
4001.6,5.998
4001.7,4.999
4001.8,10.997
4001.9,6.998
4002.0,2.999
4002.1,4.999
4002.2,0.0
4002.3,0.0
4002.4,-2.0
4002.5,-2.0
4002.6,-1.0
4002.7,-2.999
4002.8,-5.998
4002.9,-5.998
4003.0,-4.999
4003.1,-6.998
4003.2,-6.998
4003.3,-9.998
4003.4,-13.997
4003.5,-8.998
4003.6,-13.997
4003.7,-15.996
4003.8,-15.996
4003.9,-15.996
4004.0,-13.997
4004.1,-16.996
4004.2,-19.995
4004.3,-18.995
4004.4,-16.996
4004.5,-17.995
4004.6,-19.995
4004.7,-16.996
4004.8,-20.995
4004.9,-19.995
4005.0,-20.995
4005.1,-23.994
4005.2,-23.994
4005.3,-24.994
4005.4,-27.993
4005.5,-24.994
4005.6,-24.994
4005.7,-25.994
4005.8,-24.994
4005.9,-24.994
4006.0,-23.994
4006.1,-28.993
4006.2,-26.993
4006.3,-30.992
4006.4,-31.992
4006.5,-28.993
4006.6,-28.993
4006.7,-28.993
4006.8,-28.993
4006.9,-33.992
4007.0,-25.994
4007.1,-32.992
4007.2,-34.991
4007.3,-30.992
4007.4,-31.992
4007.5,-32.992
4007.6,-31.992
4007.7,-30.992
4007.8,-33.992
4007.9,-31.992
4008.0,-31.992
4008.1,-33.992
4008.2,-31.992
4008.3,-32.992
4008.4,-28.993
4008.5,-27.993
4008.6,-26.993
4008.7,-27.993
4008.8,-27.993
4008.9,-28.993
4009.0,-27.993
4009.1,-28.993
4009.2,-28.993
4009.3,-25.994
4009.4,-24.994
4009.5,-28.993
4009.6,-22.994
4009.7,-23.994
4009.8,-23.994
4009.9,-23.994
4010.0,-19.995
4010.1,-18.995
4010.2,-18.995
4010.3,-17.995
4010.4,-13.997
4010.5,-14.996
4010.6,-14.996
4010.7,-15.996
4010.8,-13.997
4010.9,-11.997
4011.0,-10.997
4011.1,-9.998
4011.2,-5.998
4011.3,-9.998
4011.4,-5.998
4011.5,-4.999
4011.6,-5.998
4011.7,-5.998
4011.8,0.0
4011.9,-2.0
4012.0,0.0
4012.1,2.0
4012.2,2.999
4012.3,5.998
4012.4,7.998
4012.5,8.998
4012.6,4.999
4012.7,8.998
4012.8,9.998
4012.9,8.998
4013.0,10.997
4013.1,11.997
4013.2,16.996
4013.3,11.997
4013.4,13.997
4013.5,17.995
4013.6,18.995
4013.7,18.995
4013.8,16.996
4013.9,19.995
4014.0,20.995
4014.1,17.995
4014.2,20.995
4014.3,22.994
4014.4,22.994
4014.5,22.994
4014.6,24.994
4014.7,24.994
4014.8,26.993
4014.9,25.994
4015.0,25.994
4015.1,27.993
4015.2,28.993
4015.3,28.993
4015.4,30.992
4015.5,28.993
4015.6,26.993
4015.7,26.993
4015.8,27.993
4015.9,30.992
4016.0,31.992
4016.1,31.992
4016.2,32.992
4016.3,32.992
4016.4,31.992
4016.5,33.992
4016.6,36.991
4016.7,35.991
4016.8,34.991
4016.9,31.992
4017.0,33.992
4017.1,35.991
4017.2,33.992
4017.3,34.991
4017.4,31.992
4017.5,37.991
4017.6,32.992
4017.7,34.991
4017.8,35.991
4017.9,34.991
4018.0,34.991
4018.1,35.991
4018.2,36.991
4018.3,34.991
4018.4,34.991
4018.5,32.992
4018.6,34.991
4018.7,31.992
4018.8,33.992
4018.9,32.992
4019.0,31.992
4019.1,31.992
4019.2,32.992
4019.3,31.992
4019.4,28.993
4019.5,28.993
4019.6,25.994
4019.7,28.993
4019.8,25.994
4019.9,28.993
4020.0,25.994
4020.1,26.993
4020.2,22.994
4020.3,22.994
4020.4,19.995
4020.5,20.995
4020.6,17.995
4020.7,18.995
4020.8,15.996
4020.9,18.995
4021.0,16.996
4021.1,8.998
4021.2,9.998
4021.3,9.998
4021.4,8.998
4021.5,6.998
4021.6,8.998
4021.7,4.999
4021.8,7.998
4021.9,4.999
4022.0,2.999
4022.1,2.0
4022.2,1.0
4022.3,0.0
4022.4,-2.999
4022.5,-2.0
4022.6,-2.999
4022.7,-5.998
4022.8,-4.999
4022.9,-7.998
4023.0,-7.998
4023.1,-5.998
4023.2,-6.998
4023.3,-13.997
4023.4,-9.998
4023.5,-14.996
4023.6,-15.996
4023.7,-14.996
4023.8,-15.996
4023.9,-17.995
4024.0,-17.995
4024.1,-17.995
4024.2,-16.996
4024.3,-22.994
4024.4,-18.995
4024.5,-17.995
4024.6,-20.995
4024.7,-17.995
4024.8,-20.995
4024.9,-20.995
4025.0,-23.994
4025.1,-23.994
4025.2,-23.994
4025.3,-20.995
4025.4,-24.994
4025.5,-24.994
4025.6,-24.994
4025.7,-27.993
4025.8,-25.994
4025.9,-25.994
4026.0,-27.993
4026.1,-26.993
4026.2,-26.993
4026.3,-25.994
4026.4,-30.992
4026.5,-28.993
4026.6,-30.992
4026.7,-27.993
4026.8,-30.992
4026.9,-30.992
4027.0,-30.992
4027.1,-28.993
4027.2,-31.992
4027.3,-28.993
4027.4,-33.992
4027.5,-30.992
4027.6,-32.992
4027.7,-33.992
4027.8,-32.992
4027.9,-31.992
4028.0,-28.993
4028.1,-30.992
4028.2,-31.992
4028.3,-28.993
4028.4,-26.993
4028.5,-28.993
4028.6,-30.992
4028.7,-27.993
4028.8,-26.993
4028.9,-27.993
4029.0,-30.992
4029.1,-24.994
4029.2,-25.994
4029.3,-30.992
4029.4,-26.993
4029.5,-24.994
4029.6,-23.994
4029.7,-24.994
4029.8,-20.995
4029.9,-20.995
4030.0,-20.995
4030.1,-22.994
4030.2,-17.995
4030.3,-19.995
4030.4,-17.995
4030.5,-15.996
4030.6,-17.995
4030.7,-11.997
4030.8,-15.996
4030.9,-11.997
4031.0,-8.998
4031.1,-6.998
4031.2,-7.998
4031.3,-7.998
4031.4,-5.998
4031.5,-5.998
4031.6,-4.999
4031.7,-1.0
4031.8,-2.999
4031.9,1.0
4032.0,-1.0
4032.1,2.0
4032.2,1.0
4032.3,6.998
4032.4,5.998
4032.5,8.998
4032.6,6.998
4032.7,8.998
4032.8,9.998
4032.9,7.998
4033.0,11.997
4033.1,13.997
4033.2,14.996
4033.3,11.997
4033.4,13.997
4033.5,13.997
4033.6,19.995
4033.7,18.995
4033.8,19.995
4033.9,20.995
4034.0,23.994
4034.1,18.995
4034.2,19.995
4034.3,23.994
4034.4,22.994
4034.5,22.994
4034.6,23.994
4034.7,24.994
4034.8,25.994
4034.9,23.994
4035.0,27.993
4035.1,24.994
4035.2,27.993
4035.3,27.993
4035.4,30.992
4035.5,26.993
4035.6,28.993
4035.7,27.993
4035.8,28.993
4035.9,30.992
4036.0,27.993
4036.1,26.993
4036.2,31.992
4036.3,31.992
4036.4,32.992
4036.5,32.992
4036.6,31.992
4036.7,35.991
4036.8,25.994
4036.9,34.991
4037.0,33.992
4037.1,34.991
4037.2,36.991
4037.3,33.992
4037.4,35.991
4037.5,32.992
4037.6,33.992
4037.7,34.991
4037.8,36.991
4037.9,34.991
4038.0,37.991
4038.1,33.992
4038.2,32.992
4038.3,33.992
4038.4,34.991
4038.5,33.992
4038.6,33.992
4038.7,31.992
4038.8,31.992
4038.9,32.992
4039.0,28.993
4039.1,30.992
4039.2,30.992
4039.3,28.993
4039.4,31.992
4039.5,26.993
4039.6,27.993
4039.7,27.993
4039.8,25.994
4039.9,22.994
4040.0,23.994
4040.1,24.994
4040.2,24.994
4040.3,18.995
4040.4,23.994
4040.5,19.995
4040.6,17.995
4040.7,17.995
4040.8,16.996
4040.9,14.996
4041.0,13.997
4041.1,11.997
4041.2,9.998
4041.3,13.997
4041.4,7.998
4041.5,10.997
4041.6,8.998
4041.7,9.998
4041.8,4.999
4041.9,5.998
4042.0,5.998
4042.1,2.999
4042.2,1.0
4042.3,1.0
4042.4,1.0
4042.5,-4.999
4042.6,-1.0
4042.7,-5.998
4042.8,-4.999
4042.9,-6.998
4043.0,-4.999
4043.1,-7.998
4043.2,-9.998
4043.3,-11.997
4043.4,-8.998
4043.5,-11.997
4043.6,-13.997
4043.7,-13.997
4043.8,-16.996
4043.9,-15.996
4044.0,-10.997
4044.1,-15.996
4044.2,-16.996
4044.3,-16.996
4044.4,-14.996
4044.5,-19.995
4044.6,-17.995
4044.7,-20.995
4044.8,-19.995
4044.9,-22.994
4045.0,-24.994
4045.1,-23.994
4045.2,-19.995
4045.3,-28.993
4045.4,-22.994
4045.5,-23.994
4045.6,-24.994
4045.7,-28.993
4045.8,-26.993
4045.9,-23.994
4046.0,-24.994
4046.1,-28.993
4046.2,-27.993
4046.3,-27.993
4046.4,-27.993
4046.5,-30.992
4046.6,-30.992
4046.7,-27.993
4046.8,-27.993
4046.9,-27.993
4047.0,-31.992
4047.1,-30.992
4047.2,-32.992
4047.3,-32.992
4047.4,-30.992
4047.5,-34.991
4047.6,-30.992
4047.7,-34.991
4047.8,-31.992
4047.9,-30.992
4048.0,-32.992
4048.1,-30.992
4048.2,-32.992
4048.3,-30.992
4048.4,-28.993
4048.5,-32.992
4048.6,-27.993
4048.7,-30.992
4048.8,-23.994
4048.9,-27.993
4049.0,-24.994
4049.1,-25.994
4049.2,-25.994
4049.3,-24.994
4049.4,-23.994
4049.5,-23.994
4049.6,-23.994
4049.7,-24.994
4049.8,-19.995
4049.9,-17.995
4050.0,-17.995
4050.1,-17.995
4050.2,-17.995
4050.3,-17.995
4050.4,-18.995
4050.5,-16.996
4050.6,-11.997
4050.7,-11.997
4050.8,-13.997
4050.9,-9.998
4051.0,-11.997
4051.1,-9.998
4051.2,-7.998
4051.3,-8.998
4051.4,-6.998
4051.5,-2.0
4051.6,-4.999
4051.7,2.0
4051.8,-2.0
4051.9,2.999
4052.0,2.0
4052.1,-2.0
4052.2,0.0
4052.3,4.999
4052.4,5.998
4052.5,2.999
4052.6,7.998
4052.7,10.997
4052.8,9.998
4052.9,8.998
4053.0,13.997
4053.1,13.997
4053.2,15.996
4053.3,14.996
4053.4,16.996
4053.5,16.996
4053.6,19.995
4053.7,18.995
4053.8,17.995
4053.9,22.994
4054.0,22.994
4054.1,22.994
4054.2,20.995
4054.3,19.995
4054.4,24.994
4054.5,22.994
4054.6,24.994
4054.7,24.994
4054.8,20.995
4054.9,24.994
4055.0,26.993
4055.1,27.993
4055.2,28.993
4055.3,27.993
4055.4,25.994
4055.5,30.992
4055.6,28.993
4055.7,30.992
4055.8,27.993
4055.9,33.992
4056.0,27.993
4056.1,33.992
4056.2,32.992
4056.3,32.992
4056.4,33.992
4056.5,32.992
4056.6,32.992
4056.7,34.991
4056.8,35.991
4056.9,32.992
4057.0,33.992
4057.1,34.991
4057.2,35.991
4057.3,36.991
4057.4,34.991
4057.5,34.991
4057.6,35.991
4057.7,36.991
4057.8,35.991
4057.9,35.991
4058.0,32.992
4058.1,35.991
4058.2,35.991
4058.3,36.991
4058.4,34.991
4058.5,35.991
4058.6,32.992
4058.7,28.993
4058.8,31.992
4058.9,33.992
4059.0,28.993
4059.1,31.992
4059.2,28.993
4059.3,30.992
4059.4,27.993
4059.5,30.992
4059.6,31.992
4059.7,26.993
4059.8,23.994
4059.9,27.993
4060.0,22.994
4060.1,26.993
4060.2,23.994
4060.3,20.995
4060.4,19.995
4060.5,17.995
4060.6,19.995
4060.7,18.995
4060.8,19.995
4060.9,17.995
4061.0,17.995
4061.1,15.996
4061.2,13.997
4061.3,11.997
4061.4,8.998
4061.5,7.998
4061.6,8.998
4061.7,7.998
4061.8,7.998
4061.9,2.0
4062.0,6.998
4062.1,2.0
4062.2,2.999
4062.3,2.999
4062.4,0.0
4062.5,-2.999
4062.6,-2.999
4062.7,-2.0
4062.8,-5.998
4062.9,-6.998
4063.0,-6.998
4063.1,-8.998
4063.2,-9.998
4063.3,-8.998
4063.4,-11.997
4063.5,-10.997
4063.6,-10.997
4063.7,-11.997
4063.8,-14.996
4063.9,-14.996
4064.0,-17.995
4064.1,-15.996
4064.2,-19.995
4064.3,-15.996
4064.4,-17.995
4064.5,-19.995
4064.6,-19.995
4064.7,-19.995
4064.8,-22.994
4064.9,-23.994
4065.0,-23.994
4065.1,-23.994
4065.2,-23.994
4065.3,-26.993
4065.4,-25.994
4065.5,-24.994
4065.6,-26.993
4065.7,-23.994
4065.8,-25.994
4065.9,-25.994
4066.0,-24.994
4066.1,-27.993
4066.2,-26.993
4066.3,-31.992
4066.4,-28.993
4066.5,-28.993
4066.6,-31.992
4066.7,-28.993
4066.8,-31.992
4066.9,-27.993
4067.0,-35.991
4067.1,-31.992
4067.2,-31.992
4067.3,-30.992
4067.4,-34.991
4067.5,-32.992
4067.6,-30.992
4067.7,-30.992
4067.8,-32.992
4067.9,-31.992
4068.0,-32.992
4068.1,-33.992
4068.2,-30.992
4068.3,-30.992
4068.4,-30.992
4068.5,-26.993
4068.6,-30.992
4068.7,-30.992
4068.8,-26.993
4068.9,-27.993
4069.0,-25.994
4069.1,-26.993
4069.2,-26.993
4069.3,-25.994
4069.4,-24.994
4069.5,-23.994
4069.6,-24.994
4069.7,-23.994
4069.8,-26.993
4069.9,-23.994
4070.0,-20.995
4070.1,-18.995
4070.2,-16.996
4070.3,-18.995
4070.4,-17.995
4070.5,-13.997
4070.6,-16.996
4070.7,-16.996
4070.8,-15.996
4070.9,-7.998
4071.0,-9.998
4071.1,-13.997
4071.2,-7.998
4071.3,-7.998
4071.4,-8.998
4071.5,-5.998
4071.6,-4.999
4071.7,0.0
4071.8,-4.999
4071.9,-2.0
4072.0,2.0
4072.1,-1.0
4072.2,2.0
4072.3,2.999
4072.4,4.999
4072.5,7.998
4072.6,7.998
4072.7,7.998
4072.8,9.998
4072.9,9.998
4073.0,4.999
4073.1,15.996
4073.2,13.997
4073.3,15.996
4073.4,15.996
4073.5,10.997
4073.6,16.996
4073.7,18.995
4073.8,16.996
4073.9,19.995
4074.0,18.995
4074.1,15.996
4074.2,20.995
4074.3,19.995
4074.4,18.995
4074.5,20.995
4074.6,17.995
4074.7,19.995
4074.8,19.995
4074.9,22.994
4075.0,19.995
4075.1,26.993
4075.2,27.993
4075.3,20.995
4075.4,26.993
4075.5,27.993
4075.6,25.994
4075.7,28.993
4075.8,28.993
4075.9,27.993
4076.0,27.993
4076.1,26.993
4076.2,30.992
4076.3,30.992
4076.4,32.992
4076.5,34.991
4076.6,30.992
4076.7,33.992
4076.8,32.992
4076.9,32.992
4077.0,28.993
4077.1,34.991
4077.2,30.992
4077.3,32.992
4077.4,35.991
4077.5,31.992
4077.6,35.991
4077.7,35.991
4077.8,35.991
4077.9,36.991
4078.0,34.991
4078.1,32.992
4078.2,32.992
4078.3,35.991
4078.4,34.991
4078.5,33.992
4078.6,34.991
4078.7,32.992
4078.8,30.992
4078.9,30.992
4079.0,30.992
4079.1,30.992
4079.2,33.992
4079.3,31.992
4079.4,28.993
4079.5,31.992
4079.6,25.994
4079.7,25.994
4079.8,27.993
4079.9,24.994
4080.0,23.994
4080.1,24.994
4080.2,23.994
4080.3,19.995
4080.4,17.995
4080.5,18.995
4080.6,20.995
4080.7,17.995
4080.8,19.995
4080.9,15.996
4081.0,14.996
4081.1,10.997
4081.2,16.996
4081.3,13.997
4081.4,9.998
4081.5,9.998
4081.6,9.998
4081.7,6.998
4081.8,5.998
4081.9,5.998
4082.0,5.998
4082.1,2.999
4082.2,1.0
4082.3,2.999
4082.4,1.0
4082.5,1.0
4082.6,-2.999
4082.7,-4.999
4082.8,-2.999
4082.9,-6.998
4083.0,-2.0
4083.1,-2.999
4083.2,-5.998
4083.3,-6.998
4083.4,-9.998
4083.5,-11.997
4083.6,-7.998
4083.7,-14.996
4083.8,-8.998
4083.9,-16.996
4084.0,-10.997
4084.1,-11.997
4084.2,-14.996
4084.3,-14.996
4084.4,-14.996
4084.5,-17.995
4084.6,-18.995
4084.7,-16.996
4084.8,-17.995
4084.9,-18.995
4085.0,-19.995
4085.1,-20.995
4085.2,-19.995
4085.3,-22.994
4085.4,-23.994
4085.5,-22.994
4085.6,-20.995
4085.7,-25.994
4085.8,-24.994
4085.9,-22.994
4086.0,-22.994
4086.1,-22.994
4086.2,-25.994
4086.3,-28.993
4086.4,-24.994
4086.5,-27.993
4086.6,-26.993
4086.7,-31.992
4086.8,-28.993
4086.9,-30.992
4087.0,-30.992
4087.1,-27.993
4087.2,-32.992
4087.3,-30.992
4087.4,-31.992
4087.5,-28.993
4087.6,-28.993
4087.7,-31.992
4087.8,-27.993
4087.9,-27.993
4088.0,-32.992
4088.1,-36.991
4088.2,-28.993
4088.3,-30.992
4088.4,-30.992
4088.5,-27.993
4088.6,-30.992
4088.7,-25.994
4088.8,-27.993
4088.9,-26.993
4089.0,-25.994
4089.1,-26.993
4089.2,-28.993
4089.3,-24.994
4089.4,-26.993
4089.5,-27.993
4089.6,-23.994
4089.7,-25.994
4089.8,-25.994
4089.9,-20.995
4090.0,-22.994
4090.1,-19.995
4090.2,-17.995
4090.3,-14.996
4090.4,-14.996
4090.5,-16.996
4090.6,-15.996
4090.7,-14.996
4090.8,-14.996
4090.9,-14.996
4091.0,-10.997
4091.1,-7.998
4091.2,-7.998
4091.3,-8.998
4091.4,-7.998
4091.5,-2.999
4091.6,-4.999
4091.7,-2.999
4091.8,-4.999
4091.9,-2.0
4092.0,0.0
4092.1,0.0
4092.2,-1.0
4092.3,1.0
4092.4,0.0
4092.5,6.998
4092.6,5.998
4092.7,2.999
4092.8,9.998
4092.9,9.998
4093.0,11.997
4093.1,9.998
4093.2,13.997
4093.3,13.997
4093.4,15.996
4093.5,11.997
4093.6,18.995
4093.7,13.997
4093.8,16.996
4093.9,14.996
4094.0,17.995
4094.1,18.995
4094.2,20.995
4094.3,19.995
4094.4,20.995
4094.5,19.995
4094.6,23.994
4094.7,19.995
4094.8,22.994
4094.9,23.994
4095.0,23.994
4095.1,27.993
4095.2,26.993
4095.3,24.994
4095.4,25.994
4095.5,32.992
4095.6,30.992
4095.7,27.993
4095.8,27.993
4095.9,28.993
4096.0,27.993
4096.1,28.993
4096.2,28.993
4096.3,31.992
4096.4,31.992
4096.5,32.992
4096.6,33.992
4096.7,33.992
4096.8,31.992
4096.9,35.991
4097.0,31.992
4097.1,33.992
4097.2,34.991
4097.3,33.992
4097.4,33.992
4097.5,32.992
4097.6,33.992
4097.7,33.992
4097.8,35.991
4097.9,37.991
4098.0,34.991
4098.1,35.991
4098.2,35.991
4098.3,34.991
4098.4,34.991
4098.5,33.992
4098.6,30.992
4098.7,33.992
4098.8,31.992
4098.9,32.992
4099.0,32.992
4099.1,30.992
4099.2,27.993
4099.3,31.992
4099.4,27.993
4099.5,30.992
4099.6,26.993
4099.7,25.994
4099.8,24.994
4099.9,25.994
4100.0,22.994
4100.1,23.994
4100.2,23.994
4100.3,19.995
4100.4,19.995
4100.5,18.995
4100.6,22.994
4100.7,20.995
4100.8,17.995
4100.9,16.996
4101.0,15.996
4101.1,11.997
4101.2,11.997
4101.3,9.998
4101.4,7.998
4101.5,9.998
4101.6,8.998
4101.7,7.998
4101.8,5.998
4101.9,4.999
4102.0,4.999
4102.1,7.998
4102.2,4.999
4102.3,2.999
4102.4,-2.0
4102.5,-2.999
4102.6,-2.0
4102.7,-4.999
4102.8,-7.998
4102.9,-2.999
4103.0,-7.998
4103.1,-7.998
4103.2,-9.998
4103.3,-5.998
4103.4,-8.998
4103.5,-10.997
4103.6,-9.998
4103.7,-10.997
4103.8,-14.996
4103.9,-16.996
4104.0,-13.997
4104.1,-15.996
4104.2,-16.996
4104.3,-19.995
4104.4,-19.995
4104.5,-18.995
4104.6,-18.995
4104.7,-17.995
4104.8,-18.995
4104.9,-18.995
4105.0,-17.995
4105.1,-18.995
4105.2,-20.995
4105.3,-23.994
4105.4,-25.994
4105.5,-24.994
4105.6,-30.992
4105.7,-24.994
4105.8,-26.993
4105.9,-20.995
4106.0,-25.994
4106.1,-26.993
4106.2,-26.993
4106.3,-25.994
4106.4,-26.993
4106.5,-27.993
4106.6,-31.992
4106.7,-28.993
4106.8,-32.992
4106.9,-32.992
4107.0,-34.991
4107.1,-30.992
4107.2,-30.992
4107.3,-32.992
4107.4,-32.992
4107.5,-28.993
4107.6,-31.992
4107.7,-31.992
4107.8,-32.992
4107.9,-31.992
4108.0,-31.992
4108.1,-32.992
4108.2,-31.992
4108.3,-28.993
4108.4,-30.992
4108.5,-27.993
4108.6,-30.992
4108.7,-27.993
4108.8,-26.993
4108.9,-25.994
4109.0,-26.993
4109.1,-25.994
4109.2,-26.993
4109.3,-23.994
4109.4,-22.994
4109.5,-24.994
4109.6,-25.994
4109.7,-23.994
4109.8,-20.995
4109.9,-22.994
4110.0,-18.995
4110.1,-19.995
4110.2,-20.995
4110.3,-18.995
4110.4,-16.996
4110.5,-14.996
4110.6,-15.996
4110.7,-11.997
4110.8,-14.996
4110.9,-9.998
4111.0,-10.997
4111.1,-10.997
4111.2,-8.998
4111.3,-7.998
4111.4,-6.998
4111.5,-6.998
4111.6,-2.999
4111.7,-1.0
4111.8,-5.998
4111.9,-2.0
4112.0,-2.0
4112.1,0.0
4112.2,-2.0
4112.3,0.0
4112.4,2.999
4112.5,5.998
4112.6,2.999
4112.7,6.998
4112.8,8.998
4112.9,5.998
4113.0,9.998
4113.1,10.997
4113.2,10.997
4113.3,8.998
4113.4,15.996
4113.5,14.996
4113.6,11.997
4113.7,18.995
4113.8,15.996
4113.9,14.996
4114.0,19.995
4114.1,18.995
4114.2,19.995
4114.3,22.994
4114.4,18.995
4114.5,20.995
4114.6,22.994
4114.7,22.994
4114.8,22.994
4114.9,20.995
4115.0,24.994
4115.1,25.994
4115.2,26.993
4115.3,27.993
4115.4,24.994
4115.5,25.994
4115.6,28.993
4115.7,27.993
4115.8,30.992
4115.9,26.993
4116.0,30.992
4116.1,24.994
4116.2,27.993
4116.3,26.993
4116.4,30.992
4116.5,32.992
4116.6,32.992
4116.7,34.991
4116.8,33.992
4116.9,33.992
4117.0,31.992
4117.1,35.991
4117.2,31.992
4117.3,34.991
4117.4,35.991
4117.5,34.991
4117.6,31.992
4117.7,33.992
4117.8,35.991
4117.9,34.991
4118.0,31.992
4118.1,35.991
4118.2,39.99
4118.3,33.992
4118.4,34.991
4118.5,33.992
4118.6,33.992
4118.7,33.992
4118.8,30.992
4118.9,33.992
4119.0,32.992
4119.1,27.993
4119.2,27.993
4119.3,28.993
4119.4,26.993
4119.5,27.993
4119.6,28.993
4119.7,27.993
4119.8,25.994
4119.9,25.994
4120.0,24.994
4120.1,20.995
4120.2,20.995
4120.3,17.995
4120.4,23.994
4120.5,17.995
4120.6,18.995
4120.7,17.995
4120.8,14.996
4120.9,15.996
4121.0,14.996
4121.1,14.996
4121.2,15.996
4121.3,10.997
4121.4,7.998
4121.5,8.998
4121.6,9.998
4121.7,2.999
4121.8,8.998
4121.9,7.998
4122.0,5.998
4122.1,7.998
4122.2,2.0
4122.3,2.999
4122.4,1.0
4122.5,-2.999
4122.6,1.0
4122.7,-2.999
4122.8,-2.999
4122.9,-5.998
4123.0,-4.999
4123.1,-7.998
4123.2,-4.999
4123.3,-9.998
4123.4,-9.998
4123.5,-7.998
4123.6,-9.998
4123.7,-9.998
4123.8,-14.996
4123.9,-14.996
4124.0,-15.996
4124.1,-14.996
4124.2,-16.996
4124.3,-18.995
4124.4,-18.995
4124.5,-17.995
4124.6,-16.996
4124.7,-20.995
4124.8,-18.995
4124.9,-19.995
4125.0,-22.994
4125.1,-17.995
4125.2,-19.995
4125.3,-23.994
4125.4,-20.995
4125.5,-23.994
4125.6,-24.994
4125.7,-26.993
4125.8,-24.994
4125.9,-24.994
4126.0,-26.993
4126.1,-25.994
4126.2,-24.994
4126.3,-28.993
4126.4,-24.994
4126.5,-27.993
4126.6,-27.993
4126.7,-30.992
4126.8,-27.993
4126.9,-28.993
4127.0,-31.992
4127.1,-32.992
4127.2,-30.992
4127.3,-27.993
4127.4,-30.992
4127.5,-27.993
4127.6,-33.992
4127.7,-28.993
4127.8,-31.992
4127.9,-31.992
4128.0,-30.992
4128.1,-32.992
4128.2,-31.992
4128.3,-30.992
4128.4,-30.992
4128.5,-32.992
4128.6,-27.993
4128.7,-27.993
4128.8,-24.994
4128.9,-26.993
4129.0,-26.993
4129.1,-25.994
4129.2,-25.994
4129.3,-25.994
4129.4,-27.993
4129.5,-20.995
4129.6,-25.994
4129.7,-24.994
4129.8,-18.995
4129.9,-18.995
4130.0,-22.994
4130.1,-17.995
4130.2,-17.995
4130.3,-16.996
4130.4,-17.995
4130.5,-10.997
4130.6,-14.996
4130.7,-10.997
4130.8,-13.997
4130.9,-13.997
4131.0,-10.997
4131.1,-9.998
4131.2,-2.999
4131.3,-6.998
4131.4,-6.998
4131.5,-4.999
4131.6,-1.0
4131.7,-2.0
4131.8,0.0
4131.9,1.0
4132.0,2.0
4132.1,4.999
4132.2,2.0
4132.3,6.998
4132.4,5.998
4132.5,2.999
4132.6,6.998
4132.7,9.998
4132.8,9.998
4132.9,10.997
4133.0,14.996
4133.1,15.996
4133.2,14.996
4133.3,16.996
4133.4,14.996
4133.5,16.996
4133.6,15.996
4133.7,19.995
4133.8,18.995
4133.9,18.995
4134.0,20.995
4134.1,22.994
4134.2,23.994
4134.3,24.994
4134.4,23.994
4134.5,25.994
4134.6,19.995
4134.7,25.994
4134.8,27.993
4134.9,27.993
4135.0,28.993
4135.1,30.992
4135.2,25.994
4135.3,24.994
4135.4,30.992
4135.5,32.992
4135.6,30.992
4135.7,28.993
4135.8,33.992
4135.9,31.992
4136.0,32.992
4136.1,34.991
4136.2,32.992
4136.3,32.992
4136.4,34.991
4136.5,36.991
4136.6,33.992
4136.7,34.991
4136.8,35.991
4136.9,37.991
4137.0,36.991
4137.1,35.991
4137.2,35.991
4137.3,36.991
4137.4,33.992
4137.5,34.991
4137.6,40.99
4137.7,37.991
4137.8,36.991
4137.9,37.991
4138.0,37.991
4138.1,33.992
4138.2,32.992
4138.3,32.992
4138.4,35.991
4138.5,39.99
4138.6,33.992
4138.7,32.992
4138.8,31.992
4138.9,31.992
4139.0,33.992
4139.1,30.992
4139.2,28.993
4139.3,33.992
4139.4,31.992
4139.5,31.992
4139.6,27.993
4139.7,26.993
4139.8,24.994
4139.9,27.993
4140.0,23.994
4140.1,27.993
4140.2,24.994
4140.3,22.994
4140.4,22.994
4140.5,16.996
4140.6,16.996
4140.7,19.995
4140.8,15.996
4140.9,16.996
4141.0,18.995
4141.1,15.996
4141.2,10.997
4141.3,8.998
4141.4,7.998
4141.5,5.998
4141.6,7.998
4141.7,6.998
4141.8,5.998
4141.9,4.999
4142.0,4.999
4142.1,2.0
4142.2,0.0
4142.3,0.0
4142.4,-2.0
4142.5,1.0
4142.6,-1.0
4142.7,-4.999
4142.8,-7.998
4142.9,-7.998
4143.0,-6.998
4143.1,-9.998
4143.2,-10.997
4143.3,-13.997
4143.4,-13.997
4143.5,-14.996
4143.6,-16.996
4143.7,-16.996
4143.8,-15.996
4143.9,-15.996
4144.0,-18.995
4144.1,-19.995
4144.2,-16.996
4144.3,-20.995
4144.4,-19.995
4144.5,-23.994
4144.6,-20.995
4144.7,-23.994
4144.8,-22.994
4144.9,-20.995
4145.0,-22.994
4145.1,-27.993
4145.2,-24.994
4145.3,-27.993
4145.4,-25.994
4145.5,-24.994
4145.6,-24.994
4145.7,-27.993
4145.8,-28.993
4145.9,-28.993
4146.0,-27.993
4146.1,-31.992
4146.2,-30.992
4146.3,-28.993
4146.4,-27.993
4146.5,-31.992
4146.6,-30.992
4146.7,-28.993
4146.8,-26.993
4146.9,-32.992
4147.0,-30.992
4147.1,-32.992
4147.2,-36.991
4147.3,-30.992
4147.4,-33.992
4147.5,-32.992
4147.6,-33.992
4147.7,-31.992
4147.8,-33.992
4147.9,-33.992
4148.0,-32.992
4148.1,-31.992
4148.2,-33.992
4148.3,-31.992
4148.4,-32.992
4148.5,-32.992
4148.6,-32.992
4148.7,-25.994
4148.8,-26.993
4148.9,-26.993
4149.0,-25.994
4149.1,-30.992
4149.2,-26.993
4149.3,-26.993
4149.4,-22.994
4149.5,-25.994
4149.6,-25.994
4149.7,-20.995
4149.8,-24.994
4149.9,-24.994
4150.0,-23.994
4150.1,-18.995
4150.2,-19.995
4150.3,-16.996
4150.4,-18.995
4150.5,-15.996
4150.6,-15.996
4150.7,-13.997
4150.8,-13.997
4150.9,-13.997
4151.0,-9.998
4151.1,-8.998
4151.2,-6.998
4151.3,-5.998
4151.4,-5.998
4151.5,-2.0
4151.6,-1.0
4151.7,-2.0
4151.8,-1.0
4151.9,0.0
4152.0,2.0
4152.1,2.0
4152.2,5.998
4152.3,2.0
4152.4,4.999
4152.5,4.999
4152.6,8.998
4152.7,5.998
4152.8,9.998
4152.9,14.996
4153.0,11.997
4153.1,8.998
4153.2,10.997
4153.3,16.996
4153.4,15.996
4153.5,14.996
4153.6,17.995
4153.7,17.995
4153.8,17.995
4153.9,17.995
4154.0,22.994
4154.1,23.994
4154.2,22.994
4154.3,23.994
4154.4,25.994
4154.5,23.994
4154.6,24.994
4154.7,24.994
4154.8,23.994
4154.9,26.993
4155.0,24.994
4155.1,25.994
4155.2,28.993
4155.3,23.994
4155.4,30.992
4155.5,27.993
4155.6,27.993
4155.7,33.992
4155.8,28.993
4155.9,33.992
4156.0,36.991
4156.1,31.992
4156.2,33.992
4156.3,31.992
4156.4,30.992
4156.5,31.992
4156.6,31.992
4156.7,30.992
4156.8,33.992
4156.9,35.991
4157.0,36.991
4157.1,34.991
4157.2,36.991
4157.3,37.991
4157.4,39.99
4157.5,35.991
4157.6,36.991
4157.7,37.991
4157.8,33.992
4157.9,36.991
4158.0,34.991
4158.1,35.991
4158.2,33.992
4158.3,35.991
4158.4,36.991
4158.5,34.991
4158.6,34.991
4158.7,33.992
4158.8,32.992
4158.9,32.992
4159.0,31.992
4159.1,32.992
4159.2,30.992
4159.3,27.993
4159.4,25.994
4159.5,30.992
4159.6,28.993
4159.7,26.993
4159.8,28.993
4159.9,27.993
4160.0,25.994
4160.1,23.994
4160.2,22.994
4160.3,24.994
4160.4,18.995
4160.5,18.995
4160.6,19.995
4160.7,19.995
4160.8,14.996
4160.9,18.995
4161.0,15.996
4161.1,15.996
4161.2,16.996
4161.3,9.998
4161.4,10.997
4161.5,7.998
4161.6,7.998
4161.7,5.998
4161.8,8.998
4161.9,6.998
4162.0,5.998
4162.1,2.0
4162.2,1.0
4162.3,-2.999
4162.4,1.0
4162.5,-2.999
4162.6,-4.999
4162.7,-2.999
4162.8,-2.0
4162.9,-7.998
4163.0,-8.998
4163.1,-6.998
4163.2,-11.997
4163.3,-11.997
4163.4,-10.997
4163.5,-11.997
4163.6,-11.997
4163.7,-13.997
4163.8,-14.996
4163.9,-14.996
4164.0,-13.997
4164.1,-13.997
4164.2,-15.996
4164.3,-17.995
4164.4,-17.995
4164.5,-18.995
4164.6,-19.995
4164.7,-22.994
4164.8,-22.994
4164.9,-20.995
4165.0,-19.995
4165.1,-20.995
4165.2,-18.995
4165.3,-23.994
4165.4,-23.994
4165.5,-24.994
4165.6,-26.993
4165.7,-23.994
4165.8,-26.993
4165.9,-26.993
4166.0,-24.994
4166.1,-24.994
4166.2,-26.993
4166.3,-28.993
4166.4,-27.993
4166.5,-25.994
4166.6,-26.993
4166.7,-28.993
4166.8,-31.992
4166.9,-27.993
4167.0,-32.992
4167.1,-30.992
4167.2,-32.992
4167.3,-31.992
4167.4,-34.991
4167.5,-31.992
4167.6,-32.992
4167.7,-31.992
4167.8,-32.992
4167.9,-32.992
4168.0,-32.992
4168.1,-31.992
4168.2,-34.991
4168.3,-33.992
4168.4,-30.992
4168.5,-27.993
4168.6,-30.992
4168.7,-27.993
4168.8,-31.992
4168.9,-30.992
4169.0,-27.993
4169.1,-25.994
4169.2,-27.993
4169.3,-23.994
4169.4,-23.994
4169.5,-24.994
4169.6,-22.994
4169.7,-22.994
4169.8,-23.994
4169.9,-25.994
4170.0,-19.995
4170.1,-16.996
4170.2,-17.995
4170.3,-17.995
4170.4,-14.996
4170.5,-14.996
4170.6,-16.996
4170.7,-15.996
4170.8,-11.997
4170.9,-11.997
4171.0,-11.997
4171.1,-8.998
4171.2,-10.997
4171.3,-8.998
4171.4,-8.998
4171.5,-2.999
4171.6,-6.998
4171.7,-4.999
4171.8,-1.0
4171.9,-2.0
4172.0,0.0
4172.1,0.0
4172.2,0.0
4172.3,1.0
4172.4,8.998
4172.5,2.999
4172.6,7.998
4172.7,5.998
4172.8,10.997
4172.9,9.998
4173.0,8.998
4173.1,7.998
4173.2,13.997
4173.3,14.996
4173.4,14.996
4173.5,17.995
4173.6,17.995
4173.7,15.996
4173.8,16.996
4173.9,19.995
4174.0,15.996
4174.1,18.995
4174.2,16.996
4174.3,20.995
4174.4,19.995
4174.5,24.994
4174.6,24.994
4174.7,24.994
4174.8,24.994
4174.9,26.993
4175.0,24.994
4175.1,25.994
4175.2,28.993
4175.3,25.994
4175.4,27.993
4175.5,27.993
4175.6,30.992
4175.7,28.993
4175.8,32.992
4175.9,28.993
4176.0,32.992
4176.1,30.992
4176.2,32.992
4176.3,32.992
4176.4,31.992
4176.5,32.992
4176.6,30.992
4176.7,33.992
4176.8,33.992
4176.9,32.992
4177.0,34.991
4177.1,36.991
4177.2,32.992
4177.3,36.991
4177.4,34.991
4177.5,35.991
4177.6,35.991
4177.7,33.992
4177.8,34.991
4177.9,32.992
4178.0,36.991
4178.1,36.991
4178.2,36.991
4178.3,32.992
4178.4,35.991
4178.5,32.992
4178.6,34.991
4178.7,34.991
4178.8,33.992
4178.9,30.992
4179.0,32.992
4179.1,31.992
4179.2,30.992
4179.3,28.993
4179.4,27.993
4179.5,27.993
4179.6,30.992
4179.7,28.993
4179.8,27.993
4179.9,23.994
4180.0,24.994
4180.1,24.994
4180.2,24.994
4180.3,23.994
4180.4,23.994
4180.5,18.995
4180.6,18.995
4180.7,18.995
4180.8,15.996
4180.9,19.995
4181.0,15.996
4181.1,14.996
4181.2,16.996
4181.3,10.997
4181.4,9.998
4181.5,9.998
4181.6,9.998
4181.7,2.999
4181.8,5.998
4181.9,2.999
4182.0,2.999
4182.1,1.0
4182.2,2.0
4182.3,2.0
4182.4,4.999
4182.5,2.0
4182.6,0.0
4182.7,-1.0
4182.8,-2.999
4182.9,-6.998
4183.0,-4.999
4183.1,-10.997
4183.2,-9.998
4183.3,-7.998
4183.4,-11.997
4183.5,-13.997
4183.6,-11.997
4183.7,-15.996
4183.8,-13.997
4183.9,-9.998
4184.0,-10.997
4184.1,-11.997
4184.2,-15.996
4184.3,-16.996
4184.4,-17.995
4184.5,-17.995
4184.6,-19.995
4184.7,-19.995
4184.8,-17.995
4184.9,-17.995
4185.0,-20.995
4185.1,-18.995
4185.2,-20.995
4185.3,-19.995
4185.4,-24.994
4185.5,-24.994
4185.6,-20.995
4185.7,-25.994
4185.8,-26.993
4185.9,-25.994
4186.0,-27.993
4186.1,-30.992
4186.2,-24.994
4186.3,-27.993
4186.4,-25.994
4186.5,-26.993
4186.6,-25.994
4186.7,-25.994
4186.8,-27.993
4186.9,-32.992
4187.0,-31.992
4187.1,-33.992
4187.2,-28.993
4187.3,-31.992
4187.4,-32.992
4187.5,-30.992
4187.6,-30.992
4187.7,-26.993
4187.8,-28.993
4187.9,-30.992
4188.0,-31.992
4188.1,-30.992
4188.2,-31.992
4188.3,-30.992
4188.4,-30.992
4188.5,-27.993
4188.6,-31.992
4188.7,-30.992
4188.8,-26.993
4188.9,-27.993
4189.0,-26.993
4189.1,-26.993
4189.2,-25.994
4189.3,-24.994
4189.4,-27.993
4189.5,-23.994
4189.6,-22.994
4189.7,-23.994
4189.8,-23.994
4189.9,-19.995
4190.0,-17.995
4190.1,-23.994
4190.2,-20.995
4190.3,-15.996
4190.4,-17.995
4190.5,-16.996
4190.6,-16.996
4190.7,-14.996
4190.8,-11.997
4190.9,-10.997
4191.0,-10.997
4191.1,-7.998
4191.2,-9.998
4191.3,-7.998
4191.4,-6.998
4191.5,-5.998
4191.6,-9.998
4191.7,-2.999
4191.8,1.0
4191.9,-4.999
4192.0,-2.999
4192.1,2.0
4192.2,2.0
4192.3,4.999
4192.4,4.999
4192.5,5.998
4192.6,1.0
4192.7,5.998
4192.8,8.998
4192.9,7.998
4193.0,10.997
4193.1,11.997
4193.2,11.997
4193.3,13.997
4193.4,9.998
4193.5,14.996
4193.6,15.996
4193.7,15.996
4193.8,15.996
4193.9,14.996
4194.0,15.996
4194.1,19.995
4194.2,17.995
4194.3,18.995
4194.4,23.994
4194.5,17.995
4194.6,19.995
4194.7,20.995
4194.8,24.994
4194.9,20.995
4195.0,23.994
4195.1,24.994
4195.2,25.994
4195.3,26.993
4195.4,23.994
4195.5,22.994
4195.6,24.994
4195.7,23.994
4195.8,26.993
4195.9,25.994
4196.0,26.993
4196.1,27.993
4196.2,31.992
4196.3,30.992
4196.4,27.993
4196.5,28.993
4196.6,25.994
4196.7,28.993
4196.8,34.991
4196.9,32.992
4197.0,32.992
4197.1,34.991
4197.2,33.992
4197.3,36.991
4197.4,34.991
4197.5,34.991
4197.6,34.991
4197.7,33.992
4197.8,34.991
4197.9,35.991
4198.0,33.992
4198.1,32.992
4198.2,31.992
4198.3,31.992
4198.4,33.992
4198.5,33.992
4198.6,31.992
4198.7,32.992
4198.8,33.992
4198.9,31.992
4199.0,27.993
4199.1,27.993
4199.2,31.992
4199.3,25.994
4199.4,28.993
4199.5,28.993
4199.6,27.993
4199.7,25.994
4199.8,27.993
4199.9,27.993
4200.0,23.994
4200.1,24.994
4200.2,24.994
4200.3,25.994
4200.4,19.995
4200.5,17.995
4200.6,19.995
4200.7,17.995
4200.8,18.995
4200.9,16.996
4201.0,16.996
4201.1,16.996
4201.2,11.997
4201.3,9.998
4201.4,14.996
4201.5,8.998
4201.6,11.997
4201.7,5.998
4201.8,7.998
4201.9,2.999
4202.0,5.998
4202.1,4.999
4202.2,-1.0
4202.3,2.999
4202.4,-1.0
4202.5,1.0
4202.6,-2.999
4202.7,0.0
4202.8,-1.0
4202.9,0.0
4203.0,-6.998
4203.1,-5.998
4203.2,-5.998
4203.3,-10.997
4203.4,-9.998
4203.5,-8.998
4203.6,-13.997
4203.7,-11.997
4203.8,-13.997
4203.9,-10.997
4204.0,-14.996
4204.1,-14.996
4204.2,-11.997
4204.3,-16.996
4204.4,-18.995
4204.5,-19.995
4204.6,-16.996
4204.7,-17.995
4204.8,-22.994
4204.9,-19.995
4205.0,-20.995
4205.1,-22.994
4205.2,-19.995
4205.3,-20.995
4205.4,-19.995
4205.5,-23.994
4205.6,-23.994
4205.7,-22.994
4205.8,-26.993
4205.9,-24.994
4206.0,-27.993
4206.1,-28.993
4206.2,-26.993
4206.3,-24.994
4206.4,-24.994
4206.5,-27.993
4206.6,-25.994
4206.7,-26.993
4206.8,-27.993
4206.9,-28.993
4207.0,-26.993
4207.1,-28.993
4207.2,-31.992
4207.3,-31.992
4207.4,-33.992
4207.5,-33.992
4207.6,-28.993
4207.7,-30.992
4207.8,-31.992
4207.9,-30.992
4208.0,-32.992
4208.1,-33.992
4208.2,-31.992
4208.3,-28.993
4208.4,-30.992
4208.5,-31.992
4208.6,-27.993
4208.7,-28.993
4208.8,-27.993
4208.9,-27.993
4209.0,-24.994
4209.1,-26.993
4209.2,-24.994
4209.3,-25.994
4209.4,-23.994
4209.5,-26.993
4209.6,-19.995
4209.7,-20.995
4209.8,-19.995
4209.9,-20.995
4210.0,-23.994
4210.1,-20.995
4210.2,-18.995
4210.3,-20.995
4210.4,-14.996
4210.5,-13.997
4210.6,-16.996
4210.7,-9.998
4210.8,-13.997
4210.9,-11.997
4211.0,-7.998
4211.1,-7.998
4211.2,-7.998
4211.3,-7.998
4211.4,-6.998
4211.5,-4.999
4211.6,-2.999
4211.7,-1.0
4211.8,-1.0
4211.9,1.0
4212.0,1.0
4212.1,2.999
4212.2,1.0
4212.3,2.999
4212.4,5.998
4212.5,2.999
4212.6,5.998
4212.7,9.998
4212.8,8.998
4212.9,8.998
4213.0,10.997
4213.1,11.997
4213.2,15.996
4213.3,14.996
4213.4,14.996
4213.5,15.996
4213.6,16.996
4213.7,16.996
4213.8,17.995
4213.9,17.995
4214.0,18.995
4214.1,20.995
4214.2,22.994
4214.3,20.995
4214.4,25.994
4214.5,23.994
4214.6,25.994
4214.7,28.993
4214.8,24.994
4214.9,25.994
4215.0,27.993
4215.1,25.994
4215.2,25.994
4215.3,30.992
4215.4,27.993
4215.5,27.993
4215.6,28.993
4215.7,31.992
4215.8,30.992
4215.9,30.992
4216.0,30.992
4216.1,34.991
4216.2,33.992
4216.3,34.991
4216.4,30.992
4216.5,31.992
4216.6,32.992
4216.7,31.992
4216.8,31.992
4216.9,32.992
4217.0,35.991
4217.1,31.992
4217.2,34.991
4217.3,36.991
4217.4,35.991
4217.5,36.991
4217.6,37.991
4217.7,36.991
4217.8,35.991
4217.9,33.992
4218.0,33.992
4218.1,33.992
4218.2,35.991
4218.3,33.992
4218.4,33.992
4218.5,35.991
4218.6,35.991
4218.7,34.991
4218.8,34.991
4218.9,33.992
4219.0,32.992
4219.1,30.992
4219.2,32.992
4219.3,28.993
4219.4,30.992
4219.5,25.994
4219.6,28.993
4219.7,30.992
4219.8,24.994
4219.9,24.994
4220.0,23.994
4220.1,26.993
4220.2,22.994
4220.3,19.995
4220.4,19.995
4220.5,17.995
4220.6,17.995
4220.7,17.995
4220.8,11.997
4220.9,16.996
4221.0,11.997
4221.1,14.996
4221.2,14.996
4221.3,10.997
4221.4,10.997
4221.5,7.998
4221.6,8.998
4221.7,4.999
4221.8,8.998
4221.9,4.999
4222.0,1.0
4222.1,5.998
4222.2,1.0
4222.3,0.0
4222.4,-1.0
4222.5,2.0
4222.6,-2.0
4222.7,-2.0
4222.8,-2.999
4222.9,-7.998
4223.0,-6.998
4223.1,-6.998
4223.2,-6.998
4223.3,-11.997
4223.4,-9.998
4223.5,-11.997
4223.6,-9.998
4223.7,-14.996
4223.8,-15.996
4223.9,-15.996
4224.0,-16.996
4224.1,-15.996
4224.2,-16.996
4224.3,-17.995
4224.4,-23.994
4224.5,-17.995
4224.6,-22.994
4224.7,-17.995
4224.8,-19.995
4224.9,-24.994
4225.0,-17.995
4225.1,-22.994
4225.2,-24.994
4225.3,-23.994
4225.4,-23.994
4225.5,-23.994
4225.6,-24.994
4225.7,-27.993
4225.8,-24.994
4225.9,-27.993
4226.0,-27.993
4226.1,-26.993
4226.2,-26.993
4226.3,-30.992
4226.4,-28.993
4226.5,-30.992
4226.6,-27.993
4226.7,-27.993
4226.8,-28.993
4226.9,-30.992
4227.0,-30.992
4227.1,-26.993
4227.2,-33.992
4227.3,-33.992
4227.4,-33.992
4227.5,-32.992
4227.6,-34.991
4227.7,-33.992
4227.8,-33.992
4227.9,-31.992
4228.0,-31.992
4228.1,-30.992
4228.2,-30.992
4228.3,-30.992
4228.4,-30.992
4228.5,-28.993
4228.6,-30.992
4228.7,-32.992
4228.8,-28.993
4228.9,-26.993
4229.0,-25.994
4229.1,-25.994
4229.2,-27.993
4229.3,-24.994
4229.4,-30.992
4229.5,-25.994
4229.6,-20.995
4229.7,-25.994
4229.8,-19.995
4229.9,-19.995
4230.0,-20.995
4230.1,-19.995
4230.2,-17.995
4230.3,-17.995
4230.4,-17.995
4230.5,-13.997
4230.6,-15.996
4230.7,-11.997
4230.8,-11.997
4230.9,-8.998
4231.0,-10.997
4231.1,-7.998
4231.2,-6.998
4231.3,-5.998
4231.4,-7.998
4231.5,-4.999
4231.6,-4.999
4231.7,0.0
4231.8,-2.999
4231.9,0.0
4232.0,1.0
4232.1,2.999
4232.2,7.998
4232.3,2.999
4232.4,4.999
4232.5,6.998
4232.6,5.998
4232.7,6.998
4232.8,7.998
4232.9,8.998
4233.0,11.997
4233.1,11.997
4233.2,10.997
4233.3,14.996
4233.4,16.996
4233.5,16.996
4233.6,17.995
4233.7,16.996
4233.8,19.995
4233.9,19.995
4234.0,17.995
4234.1,18.995
4234.2,17.995
4234.3,22.994
4234.4,24.994
4234.5,22.994
4234.6,20.995
4234.7,22.994
4234.8,24.994
4234.9,24.994
4235.0,26.993
4235.1,27.993
4235.2,25.994
4235.3,25.994
4235.4,24.994
4235.5,25.994
4235.6,28.993
4235.7,28.993
4235.8,31.992
4235.9,30.992
4236.0,31.992
4236.1,30.992
4236.2,33.992
4236.3,33.992
4236.4,32.992
4236.5,33.992
4236.6,33.992
4236.7,34.991
4236.8,34.991
4236.9,34.991
4237.0,34.991
4237.1,35.991
4237.2,34.991
4237.3,39.99
4237.4,34.991
4237.5,35.991
4237.6,35.991
4237.7,35.991
4237.8,33.992
4237.9,33.992
4238.0,35.991
4238.1,36.991
4238.2,36.991
4238.3,32.992
4238.4,32.992
4238.5,35.991
4238.6,35.991
4238.7,30.992
4238.8,34.991
4238.9,33.992
4239.0,31.992
4239.1,31.992
4239.2,28.993
4239.3,28.993
4239.4,31.992
4239.5,30.992
4239.6,27.993
4239.7,26.993
4239.8,30.992
4239.9,23.994
4240.0,23.994
4240.1,25.994
4240.2,19.995
4240.3,22.994
4240.4,18.995
4240.5,20.995
4240.6,20.995
4240.7,16.996
4240.8,17.995
4240.9,17.995
4241.0,17.995
4241.1,14.996
4241.2,11.997
4241.3,11.997
4241.4,10.997
4241.5,9.998
4241.6,7.998
4241.7,4.999
4241.8,5.998
4241.9,5.998
4242.0,5.998
4242.1,0.0
4242.2,-1.0
4242.3,1.0
4242.4,1.0
4242.5,-1.0
4242.6,-2.999
4242.7,-4.999
4242.8,-2.0
4242.9,-2.999
4243.0,-6.998
4243.1,-10.997
4243.2,-7.998
4243.3,-9.998
4243.4,-11.997
4243.5,-10.997
4243.6,-13.997
4243.7,-14.996
4243.8,-13.997
4243.9,-13.997
4244.0,-14.996
4244.1,-15.996
4244.2,-14.996
4244.3,-18.995
4244.4,-15.996
4244.5,-18.995
4244.6,-22.994
4244.7,-17.995
4244.8,-25.994
4244.9,-23.994
4245.0,-20.995
4245.1,-22.994
4245.2,-20.995
4245.3,-20.995
4245.4,-22.994
4245.5,-23.994
4245.6,-23.994
4245.7,-27.993
4245.8,-19.995
4245.9,-24.994
4246.0,-23.994
4246.1,-30.992
4246.2,-27.993
4246.3,-28.993
4246.4,-31.992
4246.5,-25.994
4246.6,-23.994
4246.7,-30.992
4246.8,-28.993
4246.9,-30.992
4247.0,-28.993
4247.1,-31.992
4247.2,-33.992
4247.3,-32.992
4247.4,-33.992
4247.5,-31.992
4247.6,-35.991
4247.7,-32.992
4247.8,-31.992
4247.9,-27.993
4248.0,-31.992
4248.1,-31.992
4248.2,-28.993
4248.3,-30.992
4248.4,-28.993
4248.5,-31.992
4248.6,-28.993
4248.7,-30.992
4248.8,-28.993
4248.9,-27.993
4249.0,-31.992
4249.1,-25.994
4249.2,-25.994
4249.3,-25.994
4249.4,-26.993
4249.5,-24.994
4249.6,-23.994
4249.7,-23.994
4249.8,-22.994
4249.9,-20.995
4250.0,-20.995
4250.1,-19.995
4250.2,-17.995
4250.3,-18.995
4250.4,-15.996
4250.5,-16.996
4250.6,-15.996
4250.7,-14.996
4250.8,-9.998
4250.9,-11.997
4251.0,-9.998
4251.1,-10.997
4251.2,-8.998
4251.3,-9.998
4251.4,-5.998
4251.5,-6.998
4251.6,-5.998
4251.7,-1.0
4251.8,-2.0
4251.9,-1.0
4252.0,1.0
4252.1,2.0
4252.2,2.0
4252.3,2.0
4252.4,5.998
4252.5,5.998
4252.6,4.999
4252.7,5.998
4252.8,5.998
4252.9,9.998
4253.0,8.998
4253.1,9.998
4253.2,10.997
4253.3,14.996
4253.4,14.996
4253.5,18.995
4253.6,18.995
4253.7,16.996
4253.8,17.995
4253.9,19.995
4254.0,18.995
4254.1,23.994
4254.2,17.995
4254.3,18.995
4254.4,20.995
4254.5,22.994
4254.6,26.993
4254.7,24.994
4254.8,26.993
4254.9,25.994
4255.0,24.994
4255.1,26.993
4255.2,30.992
4255.3,25.994
4255.4,28.993
4255.5,26.993
4255.6,27.993
4255.7,31.992
4255.8,23.994
4255.9,28.993
4256.0,28.993
4256.1,32.992
4256.2,34.991
4256.3,36.991
4256.4,34.991
4256.5,32.992
4256.6,32.992
4256.7,32.992
4256.8,32.992
4256.9,34.991
4257.0,28.993
4257.1,31.992
4257.2,34.991
4257.3,34.991
4257.4,35.991
4257.5,33.992
4257.6,37.991
4257.7,37.991
4257.8,35.991
4257.9,37.991
4258.0,35.991
4258.1,36.991
4258.2,34.991
4258.3,35.991
4258.4,31.992
4258.5,32.992
4258.6,36.991
4258.7,32.992
4258.8,33.992
4258.9,33.992
4259.0,30.992
4259.1,31.992
4259.2,33.992
4259.3,33.992
4259.4,26.993
4259.5,31.992
4259.6,25.994
4259.7,26.993
4259.8,26.993
4259.9,26.993
4260.0,24.994
4260.1,25.994
4260.2,20.995
4260.3,22.994
4260.4,20.995
4260.5,22.994
4260.6,18.995
4260.7,22.994
4260.8,17.995
4260.9,15.996
4261.0,16.996
4261.1,16.996
4261.2,13.997
4261.3,9.998
4261.4,10.997
4261.5,10.997
4261.6,5.998
4261.7,4.999
4261.8,4.999
4261.9,4.999
4262.0,2.999
4262.1,2.0
4262.2,1.0
4262.3,-2.999
4262.4,-1.0
4262.5,1.0
4262.6,0.0
4262.7,-4.999
4262.8,-8.998
4262.9,-4.999
4263.0,-5.998
4263.1,-7.998
4263.2,-10.997
4263.3,-8.998
4263.4,-11.997
4263.5,-13.997
4263.6,-8.998
4263.7,-11.997
4263.8,-14.996
4263.9,-14.996
4264.0,-14.996
4264.1,-15.996
4264.2,-13.997
4264.3,-14.996
4264.4,-16.996
4264.5,-16.996
4264.6,-17.995
4264.7,-18.995
4264.8,-19.995
4264.9,-20.995
4265.0,-23.994
4265.1,-17.995
4265.2,-22.994
4265.3,-23.994
4265.4,-20.995
4265.5,-23.994
4265.6,-23.994
4265.7,-19.995
4265.8,-23.994
4265.9,-26.993
4266.0,-26.993
4266.1,-30.992
4266.2,-27.993
4266.3,-27.993
4266.4,-26.993
4266.5,-25.994
4266.6,-26.993
4266.7,-27.993
4266.8,-31.992
4266.9,-33.992
4267.0,-28.993
4267.1,-31.992
4267.2,-28.993
4267.3,-32.992
4267.4,-34.991
4267.5,-32.992
4267.6,-33.992
4267.7,-33.992
4267.8,-34.991
4267.9,-30.992
4268.0,-31.992
4268.1,-30.992
4268.2,-33.992
4268.3,-28.993
4268.4,-27.993
4268.5,-30.992
4268.6,-31.992
4268.7,-27.993
4268.8,-30.992
4268.9,-25.994
4269.0,-32.992
4269.1,-25.994
4269.2,-26.993
4269.3,-23.994
4269.4,-25.994
4269.5,-25.994
4269.6,-22.994
4269.7,-19.995
4269.8,-24.994
4269.9,-20.995
4270.0,-18.995
4270.1,-19.995
4270.2,-19.995
4270.3,-17.995
4270.4,-15.996
4270.5,-18.995
4270.6,-14.996
4270.7,-14.996
4270.8,-11.997
4270.9,-10.997
4271.0,-10.997
4271.1,-8.998
4271.2,-6.998
4271.3,-8.998
4271.4,-8.998
4271.5,-7.998
4271.6,-2.0
4271.7,-4.999
4271.8,-1.0
4271.9,0.0
4272.0,-1.0
4272.1,1.0
4272.2,-1.0
4272.3,4.999
4272.4,4.999
4272.5,2.999
4272.6,4.999
4272.7,4.999
4272.8,7.998
4272.9,7.998
4273.0,10.997
4273.1,9.998
4273.2,10.997
4273.3,10.997
4273.4,14.996
4273.5,17.995
4273.6,14.996
4273.7,15.996
4273.8,19.995
4273.9,18.995
4274.0,16.996
4274.1,17.995
4274.2,18.995
4274.3,19.995
4274.4,19.995
4274.5,19.995
4274.6,18.995
4274.7,20.995
4274.8,23.994
4274.9,25.994
4275.0,22.994
4275.1,27.993
4275.2,27.993
4275.3,25.994
4275.4,22.994
4275.5,26.993
4275.6,27.993
4275.7,28.993
4275.8,26.993
4275.9,27.993
4276.0,28.993
4276.1,27.993
4276.2,31.992
4276.3,31.992
4276.4,34.991
4276.5,30.992
4276.6,32.992
4276.7,28.993
4276.8,32.992
4276.9,33.992
4277.0,32.992
4277.1,35.991
4277.2,28.993
4277.3,33.992
4277.4,34.991
4277.5,34.991
4277.6,33.992
4277.7,33.992
4277.8,34.991
4277.9,34.991
4278.0,34.991
4278.1,34.991
4278.2,32.992
4278.3,32.992
4278.4,32.992
4278.5,32.992
4278.6,32.992
4278.7,30.992
4278.8,31.992
4278.9,31.992
4279.0,32.992
4279.1,30.992
4279.2,30.992
4279.3,26.993
4279.4,31.992
4279.5,28.993
4279.6,23.994
4279.7,27.993
4279.8,26.993
4279.9,24.994
4280.0,25.994
4280.1,25.994
4280.2,25.994
4280.3,22.994
4280.4,22.994
4280.5,20.995
4280.6,17.995
4280.7,18.995
4280.8,18.995
4280.9,18.995
4281.0,17.995
4281.1,11.997
4281.2,15.996
4281.3,9.998
4281.4,10.997
4281.5,9.998
4281.6,10.997
4281.7,9.998
4281.8,8.998
4281.9,8.998
4282.0,2.999
4282.1,2.999
4282.2,1.0
4282.3,-1.0
4282.4,2.0
4282.5,2.0
4282.6,1.0
4282.7,-2.0
4282.8,-2.0
4282.9,-2.999
4283.0,-5.998
4283.1,-5.998
4283.2,-6.998
4283.3,-6.998
4283.4,-7.998
4283.5,-8.998
4283.6,-7.998
4283.7,-11.997
4283.8,-13.997
4283.9,-10.997
4284.0,-8.998
4284.1,-10.997
4284.2,-13.997
4284.3,-14.996
4284.4,-14.996
4284.5,-15.996
4284.6,-17.995
4284.7,-16.996
4284.8,-15.996
4284.9,-18.995
4285.0,-19.995
4285.1,-22.994
4285.2,-22.994
4285.3,-18.995
4285.4,-23.994
4285.5,-20.995
4285.6,-18.995
4285.7,-22.994
4285.8,-20.995
4285.9,-23.994
4286.0,-25.994
4286.1,-22.994
4286.2,-24.994
4286.3,-28.993
4286.4,-20.995
4286.5,-22.994
4286.6,-24.994
4286.7,-25.994
4286.8,-25.994
4286.9,-28.993
4287.0,-26.993
4287.1,-28.993
4287.2,-30.992
4287.3,-32.992
4287.4,-33.992
4287.5,-30.992
4287.6,-31.992
4287.7,-30.992
4287.8,-27.993
4287.9,-28.993
4288.0,-31.992
4288.1,-27.993
4288.2,-27.993
4288.3,-26.993
4288.4,-28.993
4288.5,-27.993
4288.6,-26.993
4288.7,-24.994
4288.8,-27.993
4288.9,-23.994
4289.0,-28.993
4289.1,-28.993
4289.2,-24.994
4289.3,-24.994
4289.4,-22.994
4289.5,-23.994
4289.6,-23.994
4289.7,-23.994
4289.8,-22.994
4289.9,-23.994
4290.0,-18.995
4290.1,-18.995
4290.2,-20.995
4290.3,-17.995
4290.4,-14.996
4290.5,-16.996
4290.6,-15.996
4290.7,-13.997
4290.8,-13.997
4290.9,-10.997
4291.0,-8.998
4291.1,-8.998
4291.2,-9.998
4291.3,-8.998
4291.4,-5.998
4291.5,-6.998
4291.6,-4.999
4291.7,-2.999
4291.8,-1.0
4291.9,1.0
4292.0,0.0
4292.1,1.0
4292.2,4.999
4292.3,2.999
4292.4,7.998
4292.5,6.998
4292.6,5.998
4292.7,7.998
4292.8,6.998
4292.9,11.997
4293.0,8.998
4293.1,11.997
4293.2,13.997
4293.3,10.997
4293.4,15.996
4293.5,18.995
4293.6,17.995
4293.7,15.996
4293.8,19.995
4293.9,17.995
4294.0,16.996
4294.1,22.994
4294.2,22.994
4294.3,17.995
4294.4,24.994
4294.5,26.993
4294.6,24.994
4294.7,24.994
4294.8,23.994
4294.9,25.994
4295.0,25.994
4295.1,26.993
4295.2,26.993
4295.3,25.994
4295.4,31.992
4295.5,24.994
4295.6,28.993
4295.7,28.993
4295.8,28.993
4295.9,30.992
4296.0,28.993
4296.1,30.992
4296.2,30.992
4296.3,33.992
4296.4,32.992
4296.5,32.992
4296.6,32.992
4296.7,34.991
4296.8,31.992
4296.9,32.992
4297.0,34.991
4297.1,32.992
4297.2,33.992
4297.3,33.992
4297.4,30.992
4297.5,37.991
4297.6,35.991
4297.7,32.992
4297.8,32.992
4297.9,33.992
4298.0,33.992
4298.1,36.991
4298.2,32.992
4298.3,32.992
4298.4,32.992
4298.5,30.992
4298.6,28.993
4298.7,27.993
4298.8,30.992
4298.9,32.992
4299.0,27.993
4299.1,28.993
4299.2,30.992
4299.3,30.992
4299.4,26.993
4299.5,27.993
4299.6,25.994
4299.7,28.993
4299.8,25.994
4299.9,24.994
4300.0,24.994
4300.1,22.994
4300.2,22.994
4300.3,19.995
4300.4,23.994
4300.5,23.994
4300.6,20.995
4300.7,17.995
4300.8,19.995
4300.9,17.995
4301.0,13.997
4301.1,14.996
4301.2,13.997
4301.3,9.998
4301.4,10.997
4301.5,10.997
4301.6,7.998
4301.7,8.998
4301.8,2.0
4301.9,4.999
4302.0,4.999
4302.1,2.0
4302.2,2.0
4302.3,2.0
4302.4,-2.999
4302.5,-2.999
4302.6,-2.999
4302.7,-4.999
4302.8,-1.0
4302.9,-7.998
4303.0,-2.0
4303.1,-8.998
4303.2,-7.998
4303.3,-8.998
4303.4,-10.997
4303.5,-14.996
4303.6,-14.996
4303.7,-14.996
4303.8,-14.996
4303.9,-14.996
4304.0,-15.996
4304.1,-15.996
4304.2,-15.996
4304.3,-16.996
4304.4,-19.995
4304.5,-17.995
4304.6,-19.995
4304.7,-18.995
4304.8,-18.995
4304.9,-18.995
4305.0,-19.995
4305.1,-22.994
4305.2,-19.995
4305.3,-23.994
4305.4,-20.995
4305.5,-23.994
4305.6,-24.994
4305.7,-27.993
4305.8,-24.994
4305.9,-23.994
4306.0,-25.994
4306.1,-27.993
4306.2,-25.994
4306.3,-27.993
4306.4,-27.993
4306.5,-30.992
4306.6,-31.992
4306.7,-35.991
4306.8,-34.991
4306.9,-25.994
4307.0,-28.993
4307.1,-32.992
4307.2,-30.992
4307.3,-30.992
4307.4,-32.992
4307.5,-33.992
4307.6,-28.993
4307.7,-34.991
4307.8,-34.991
4307.9,-34.991
4308.0,-31.992
4308.1,-33.992
4308.2,-34.991
4308.3,-34.991
4308.4,-28.993
4308.5,-30.992
4308.6,-28.993
4308.7,-32.992
4308.8,-31.992
4308.9,-25.994
4309.0,-30.992
4309.1,-27.993
4309.2,-25.994
4309.3,-24.994
4309.4,-25.994
4309.5,-26.993
4309.6,-20.995
4309.7,-20.995
4309.8,-23.994
4309.9,-22.994
4310.0,-19.995
4310.1,-19.995
4310.2,-18.995
4310.3,-20.995
4310.4,-19.995
4310.5,-15.996
4310.6,-15.996
4310.7,-13.997
4310.8,-14.996
4310.9,-7.998
4311.0,-13.997
4311.1,-11.997
4311.2,-4.999
4311.3,-5.998
4311.4,0.0
4311.5,-2.999
4311.6,-1.0
4311.7,-1.0
4311.8,1.0
4311.9,-2.0
4312.0,0.0
4312.1,2.999
4312.2,2.0
4312.3,1.0
4312.4,4.999
4312.5,7.998
4312.6,5.998
4312.7,9.998
4312.8,6.998
4312.9,11.997
4313.0,9.998
4313.1,13.997
4313.2,14.996
4313.3,14.996
4313.4,14.996
4313.5,16.996
4313.6,15.996
4313.7,16.996
4313.8,20.995
4313.9,18.995
4314.0,16.996
4314.1,16.996
4314.2,20.995
4314.3,20.995
4314.4,22.994
4314.5,20.995
4314.6,24.994
4314.7,24.994
4314.8,24.994
4314.9,28.993
4315.0,28.993
4315.1,26.993
4315.2,27.993
4315.3,30.992
4315.4,31.992
4315.5,31.992
4315.6,31.992
4315.7,28.993
4315.8,26.993
4315.9,31.992
4316.0,27.993
4316.1,28.993
4316.2,30.992
4316.3,34.991
4316.4,34.991
4316.5,33.992
4316.6,34.991
4316.7,34.991
4316.8,34.991
4316.9,33.992
4317.0,35.991
4317.1,36.991
4317.2,36.991
4317.3,34.991
4317.4,34.991
4317.5,36.991
4317.6,35.991
4317.7,37.991
4317.8,37.991
4317.9,35.991
4318.0,36.991
4318.1,32.992
4318.2,36.991
4318.3,32.992
4318.4,32.992
4318.5,33.992
4318.6,32.992
4318.7,33.992
4318.8,33.992
4318.9,33.992
4319.0,34.991
4319.1,32.992
4319.2,31.992
4319.3,31.992
4319.4,31.992
4319.5,27.993
4319.6,27.993
4319.7,25.994
4319.8,25.994
4319.9,27.993
4320.0,19.995
4320.1,27.993
4320.2,22.994
4320.3,20.995
4320.4,20.995
4320.5,19.995
4320.6,18.995
4320.7,16.996
4320.8,15.996
4320.9,15.996
4321.0,15.996
4321.1,11.997
4321.2,15.996
4321.3,8.998
4321.4,11.997
4321.5,8.998
4321.6,7.998
4321.7,4.999
4321.8,6.998
4321.9,4.999
4322.0,6.998
4322.1,1.0
4322.2,-1.0
4322.3,-2.999
4322.4,-2.0
4322.5,-5.998
4322.6,-4.999
4322.7,-1.0
4322.8,-5.998
4322.9,-9.998
4323.0,-5.998
4323.1,-7.998
4323.2,-8.998
4323.3,-7.998
4323.4,-11.997
4323.5,-11.997
4323.6,-15.996
4323.7,-14.996
4323.8,-16.996
4323.9,-16.996
4324.0,-15.996
4324.1,-16.996
4324.2,-19.995
4324.3,-17.995
4324.4,-16.996
4324.5,-20.995
4324.6,-20.995
4324.7,-23.994
4324.8,-17.995
4324.9,-22.994
4325.0,-26.993
4325.1,-25.994
4325.2,-24.994
4325.3,-24.994
4325.4,-25.994
4325.5,-23.994
4325.6,-26.993
4325.7,-23.994
4325.8,-28.993
4325.9,-27.993
4326.0,-30.992
4326.1,-25.994
4326.2,-32.992
4326.3,-32.992
4326.4,-32.992
4326.5,-30.992
4326.6,-33.992
4326.7,-31.992
4326.8,-28.993
4326.9,-32.992
4327.0,-32.992
4327.1,-31.992
4327.2,-31.992
4327.3,-34.991
4327.4,-32.992
4327.5,-33.992
4327.6,-31.992
4327.7,-32.992
4327.8,-34.991
4327.9,-32.992
4328.0,-34.991
4328.1,-37.991
4328.2,-34.991
4328.3,-31.992
4328.4,-27.993
4328.5,-26.993
4328.6,-30.992
4328.7,-28.993
4328.8,-30.992
4328.9,-26.993
4329.0,-28.993
4329.1,-26.993
4329.2,-30.992
4329.3,-25.994
4329.4,-27.993
4329.5,-26.993
4329.6,-22.994
4329.7,-18.995
4329.8,-24.994
4329.9,-18.995
4330.0,-19.995
4330.1,-23.994
4330.2,-17.995
4330.3,-19.995
4330.4,-17.995
4330.5,-13.997
4330.6,-14.996
4330.7,-11.997
4330.8,-14.996
4330.9,-13.997
4331.0,-13.997
4331.1,-7.998
4331.2,-8.998
4331.3,-5.998
4331.4,-5.998
4331.5,-4.999
4331.6,-2.999
4331.7,-6.998
4331.8,-1.0
4331.9,-1.0
4332.0,2.999
4332.1,2.999
4332.2,-1.0
4332.3,2.999
4332.4,6.998
4332.5,9.998
4332.6,8.998
4332.7,7.998
4332.8,9.998
4332.9,10.997
4333.0,11.997
4333.1,11.997
4333.2,16.996
4333.3,11.997
4333.4,14.996
4333.5,16.996
4333.6,17.995
4333.7,20.995
4333.8,19.995
4333.9,24.994
4334.0,18.995
4334.1,20.995
4334.2,19.995
4334.3,19.995
4334.4,24.994
4334.5,27.993
4334.6,22.994
4334.7,24.994
4334.8,26.993
4334.9,31.992
4335.0,32.992
4335.1,28.993
4335.2,31.992
4335.3,30.992
4335.4,33.992
4335.5,30.992
4335.6,28.993
4335.7,30.992
4335.8,28.993
4335.9,27.993
4336.0,31.992
4336.1,31.992
4336.2,33.992
4336.3,31.992
4336.4,36.991
4336.5,32.992
4336.6,39.99
4336.7,34.991
4336.8,39.99
4336.9,36.991
4337.0,33.992
4337.1,34.991
4337.2,37.991
4337.3,36.991
4337.4,36.991
4337.5,36.991
4337.6,36.991
4337.7,35.991
4337.8,35.991
4337.9,37.991
4338.0,37.991
4338.1,36.991
4338.2,35.991
4338.3,35.991
4338.4,34.991
4338.5,35.991
4338.6,32.992
4338.7,34.991
4338.8,32.992
4338.9,30.992
4339.0,33.992
4339.1,32.992
4339.2,31.992
4339.3,33.992
4339.4,28.993
4339.5,32.992
4339.6,28.993
4339.7,26.993
4339.8,26.993
4339.9,27.993
4340.0,24.994
4340.1,24.994
4340.2,25.994
4340.3,22.994
4340.4,22.994
4340.5,23.994
4340.6,17.995
4340.7,20.995
4340.8,17.995
4340.9,19.995
4341.0,17.995
4341.1,10.997
4341.2,11.997
4341.3,13.997
4341.4,8.998
4341.5,10.997
4341.6,11.997
4341.7,8.998
4341.8,7.998
4341.9,5.998
4342.0,2.999
4342.1,2.0
4342.2,1.0
4342.3,2.0
4342.4,0.0
4342.5,-1.0
4342.6,-2.999
4342.7,-5.998
4342.8,-5.998
4342.9,-1.0
4343.0,-5.998
4343.1,-8.998
4343.2,-5.998
4343.3,-7.998
4343.4,-10.997
4343.5,-10.997
4343.6,-11.997
4343.7,-14.996
4343.8,-11.997
4343.9,-14.996
4344.0,-16.996
4344.1,-19.995
4344.2,-16.996
4344.3,-19.995
4344.4,-16.996
4344.5,-16.996
4344.6,-18.995
4344.7,-18.995
4344.8,-19.995
4344.9,-19.995
4345.0,-22.994
4345.1,-23.994
4345.2,-25.994
4345.3,-23.994
4345.4,-25.994
4345.5,-22.994
4345.6,-24.994
4345.7,-25.994
4345.8,-25.994
4345.9,-24.994
4346.0,-25.994
4346.1,-27.993
4346.2,-31.992
4346.3,-26.993
4346.4,-31.992
4346.5,-31.992
4346.6,-32.992
4346.7,-30.992
4346.8,-28.993
4346.9,-30.992
4347.0,-33.992
4347.1,-30.992
4347.2,-28.993
4347.3,-28.993
4347.4,-30.992
4347.5,-27.993
4347.6,-28.993
4347.7,-34.991
4347.8,-34.991
4347.9,-32.992
4348.0,-32.992
4348.1,-31.992
4348.2,-30.992
4348.3,-30.992
4348.4,-30.992
4348.5,-28.993
4348.6,-26.993
4348.7,-30.992
4348.8,-27.993
4348.9,-26.993
4349.0,-27.993
4349.1,-26.993
4349.2,-26.993
4349.3,-30.992
4349.4,-22.994
4349.5,-23.994
4349.6,-24.994
4349.7,-24.994
4349.8,-20.995
4349.9,-20.995
4350.0,-20.995
4350.1,-24.994
4350.2,-19.995
4350.3,-17.995
4350.4,-16.996
4350.5,-16.996
4350.6,-11.997
4350.7,-14.996
4350.8,-15.996
4350.9,-9.998
4351.0,-9.998
4351.1,-6.998
4351.2,-5.998
4351.3,-6.998
4351.4,-8.998
4351.5,-4.999
4351.6,-4.999
4351.7,-1.0
4351.8,-2.0
4351.9,-6.998
4352.0,-1.0
4352.1,2.0
4352.2,0.0
4352.3,2.0
4352.4,2.999
4352.5,5.998
4352.6,10.997
4352.7,6.998
4352.8,6.998
4352.9,9.998
4353.0,11.997
4353.1,8.998
4353.2,9.998
4353.3,9.998
4353.4,13.997
4353.5,17.995
4353.6,15.996
4353.7,13.997
4353.8,18.995
4353.9,19.995
4354.0,20.995
4354.1,19.995
4354.2,20.995
4354.3,20.995
4354.4,18.995
4354.5,23.994
4354.6,19.995
4354.7,22.994
4354.8,22.994
4354.9,23.994
4355.0,25.994
4355.1,23.994
4355.2,25.994
4355.3,28.993
4355.4,27.993
4355.5,24.994
4355.6,26.993
4355.7,25.994
4355.8,27.993
4355.9,26.993
4356.0,26.993
4356.1,27.993
4356.2,26.993
4356.3,33.992
4356.4,31.992
4356.5,30.992
4356.6,30.992
4356.7,32.992
4356.8,35.991
4356.9,34.991
4357.0,31.992
4357.1,30.992
4357.2,34.991
4357.3,30.992
4357.4,30.992
4357.5,34.991
4357.6,33.992
4357.7,34.991
4357.8,36.991
4357.9,35.991
4358.0,36.991
4358.1,33.992
4358.2,33.992
4358.3,32.992
4358.4,33.992
4358.5,27.993
4358.6,31.992
4358.7,34.991
4358.8,32.992
4358.9,31.992
4359.0,27.993
4359.1,31.992
4359.2,32.992
4359.3,30.992
4359.4,28.993
4359.5,27.993
4359.6,28.993
4359.7,28.993
4359.8,25.994
4359.9,25.994
4360.0,22.994
4360.1,23.994
4360.2,25.994
4360.3,20.995
4360.4,24.994
4360.5,22.994
4360.6,19.995
4360.7,22.994
4360.8,17.995
4360.9,16.996
4361.0,14.996
4361.1,13.997
4361.2,14.996
4361.3,13.997
4361.4,14.996
4361.5,9.998
4361.6,10.997
4361.7,6.998
4361.8,8.998
4361.9,5.998
4362.0,5.998
4362.1,5.998
4362.2,2.0
4362.3,2.0
4362.4,1.0
4362.5,0.0
4362.6,-5.998
4362.7,1.0
4362.8,-4.999
4362.9,0.0
4363.0,-5.998
4363.1,-2.999
4363.2,-4.999
4363.3,-6.998
4363.4,-5.998
4363.5,-9.998
4363.6,-11.997
4363.7,-13.997
4363.8,-11.997
4363.9,-14.996
4364.0,-11.997
4364.1,-10.997
4364.2,-11.997
4364.3,-11.997
4364.4,-15.996
4364.5,-17.995
4364.6,-17.995
4364.7,-16.996
4364.8,-17.995
4364.9,-14.996
4365.0,-16.996
4365.1,-22.994
4365.2,-18.995
4365.3,-18.995
4365.4,-24.994
4365.5,-24.994
4365.6,-22.994
4365.7,-20.995
4365.8,-18.995
4365.9,-22.994
4366.0,-24.994
4366.1,-24.994
4366.2,-26.993
4366.3,-22.994
4366.4,-22.994
4366.5,-27.993
4366.6,-26.993
4366.7,-31.992
4366.8,-28.993
4366.9,-25.994
4367.0,-26.993
4367.1,-30.992
4367.2,-25.994
4367.3,-30.992
4367.4,-27.993
4367.5,-30.992
4367.6,-30.992
4367.7,-27.993
4367.8,-33.992
4367.9,-31.992
4368.0,-32.992
4368.1,-33.992
4368.2,-27.993
4368.3,-27.993
4368.4,-27.993
4368.5,-32.992
4368.6,-28.993
4368.7,-26.993
4368.8,-26.993
4368.9,-23.994
4369.0,-24.994
4369.1,-24.994
4369.2,-25.994
4369.3,-24.994
4369.4,-22.994
4369.5,-24.994
4369.6,-23.994
4369.7,-22.994
4369.8,-19.995
4369.9,-20.995
4370.0,-20.995
4370.1,-16.996
4370.2,-19.995
4370.3,-16.996
4370.4,-14.996
4370.5,-13.997
4370.6,-16.996
4370.7,-10.997
4370.8,-14.996
4370.9,-8.998
4371.0,-11.997
4371.1,-7.998
4371.2,-7.998
4371.3,-9.998
4371.4,-6.998
4371.5,-4.999
4371.6,-2.0
4371.7,-2.0
4371.8,-2.999
4371.9,-1.0
4372.0,-2.999
4372.1,0.0
4372.2,1.0
4372.3,1.0
4372.4,2.999
4372.5,6.998
4372.6,7.998
4372.7,9.998
4372.8,6.998
4372.9,8.998
4373.0,10.997
4373.1,10.997
4373.2,15.996
4373.3,8.998
4373.4,14.996
4373.5,16.996
4373.6,15.996
4373.7,19.995
4373.8,20.995
4373.9,22.994
4374.0,19.995
4374.1,16.996
4374.2,19.995
4374.3,20.995
4374.4,20.995
4374.5,24.994
4374.6,20.995
4374.7,24.994
4374.8,20.995
4374.9,25.994
4375.0,22.994
4375.1,26.993
4375.2,28.993
4375.3,26.993
4375.4,27.993
4375.5,31.992
4375.6,25.994
4375.7,30.992
4375.8,26.993
4375.9,30.992
4376.0,28.993
4376.1,31.992
4376.2,30.992
4376.3,32.992
4376.4,34.991
4376.5,32.992
4376.6,31.992
4376.7,34.991
4376.8,32.992
4376.9,34.991
4377.0,33.992
4377.1,32.992
4377.2,37.991
4377.3,32.992
4377.4,35.991
4377.5,32.992
4377.6,34.991
4377.7,37.991
4377.8,34.991
4377.9,37.991
4378.0,39.99
4378.1,35.991
4378.2,33.992
4378.3,33.992
4378.4,36.991
4378.5,30.992
4378.6,31.992
4378.7,31.992
4378.8,31.992
4378.9,30.992
4379.0,32.992
4379.1,31.992
4379.2,31.992
4379.3,32.992
4379.4,31.992
4379.5,28.993
4379.6,28.993
4379.7,26.993
4379.8,25.994
4379.9,24.994
4380.0,26.993
4380.1,22.994
4380.2,23.994
4380.3,18.995
4380.4,19.995
4380.5,22.994
4380.6,19.995
4380.7,20.995
4380.8,14.996
4380.9,19.995
4381.0,14.996
4381.1,11.997
4381.2,13.997
4381.3,13.997
4381.4,9.998
4381.5,10.997
4381.6,9.998
4381.7,7.998
4381.8,5.998
4381.9,5.998
4382.0,2.999
4382.1,2.0
4382.2,5.998
4382.3,5.998
4382.4,1.0
4382.5,-1.0
4382.6,-1.0
4382.7,-2.999
4382.8,-2.0
4382.9,-6.998
4383.0,-7.998
4383.1,-4.999
4383.2,-4.999
4383.3,-7.998
4383.4,-10.997
4383.5,-8.998
4383.6,-11.997
4383.7,-13.997
4383.8,-13.997
4383.9,-14.996
4384.0,-17.995
4384.1,-17.995
4384.2,-15.996
4384.3,-15.996
4384.4,-15.996
4384.5,-17.995
4384.6,-15.996
4384.7,-16.996
4384.8,-18.995
4384.9,-18.995
4385.0,-16.996
4385.1,-20.995
4385.2,-22.994
4385.3,-19.995
4385.4,-22.994
4385.5,-23.994
4385.6,-26.993
4385.7,-27.993
4385.8,-25.994
4385.9,-23.994
4386.0,-25.994
4386.1,-25.994
4386.2,-24.994
4386.3,-25.994
4386.4,-30.992
4386.5,-26.993
4386.6,-30.992
4386.7,-31.992
4386.8,-27.993
4386.9,-32.992
4387.0,-32.992
4387.1,-31.992
4387.2,-28.993
4387.3,-31.992
4387.4,-31.992
4387.5,-32.992
4387.6,-30.992
4387.7,-30.992
4387.8,-34.991
4387.9,-33.992
4388.0,-32.992
4388.1,-30.992
4388.2,-28.993
4388.3,-28.993
4388.4,-28.993
4388.5,-31.992
4388.6,-27.993
4388.7,-30.992
4388.8,-27.993
4388.9,-26.993
4389.0,-27.993
4389.1,-26.993
4389.2,-25.994
4389.3,-27.993
4389.4,-23.994
4389.5,-24.994
4389.6,-25.994
4389.7,-20.995
4389.8,-18.995
4389.9,-20.995
4390.0,-20.995
4390.1,-18.995
4390.2,-16.996
4390.3,-16.996
4390.4,-15.996
4390.5,-18.995
4390.6,-11.997
4390.7,-13.997
4390.8,-13.997
4390.9,-10.997
4391.0,-11.997
4391.1,-9.998
4391.2,-6.998
4391.3,-5.998
4391.4,-2.999
4391.5,-6.998
4391.6,-2.0
4391.7,-2.999
4391.8,-1.0
4391.9,0.0
4392.0,-2.0
4392.1,1.0
4392.2,2.0
4392.3,0.0
4392.4,4.999
4392.5,6.998
4392.6,4.999
4392.7,5.998
4392.8,9.998
4392.9,11.997
4393.0,10.997
4393.1,11.997
4393.2,10.997
4393.3,10.997
4393.4,13.997
4393.5,16.996
4393.6,14.996
4393.7,15.996
4393.8,18.995
4393.9,16.996
4394.0,19.995
4394.1,20.995
4394.2,22.994
4394.3,20.995
4394.4,20.995
4394.5,23.994
4394.6,22.994
4394.7,23.994
4394.8,24.994
4394.9,26.993
4395.0,25.994
4395.1,24.994
4395.2,27.993
4395.3,24.994
4395.4,30.992
4395.5,30.992
4395.6,28.993
4395.7,27.993
4395.8,27.993
4395.9,31.992
4396.0,30.992
4396.1,32.992
4396.2,32.992
4396.3,32.992
4396.4,31.992
4396.5,31.992
4396.6,34.991
4396.7,32.992
4396.8,32.992
4396.9,36.991
4397.0,34.991
4397.1,34.991
4397.2,33.992
4397.3,34.991
4397.4,35.991
4397.5,36.991
4397.6,35.991
4397.7,31.992
4397.8,33.992
4397.9,37.991
4398.0,34.991
4398.1,37.991
4398.2,33.992
4398.3,34.991
4398.4,32.992
4398.5,33.992
4398.6,31.992
4398.7,34.991
4398.8,33.992
4398.9,33.992
4399.0,28.993
4399.1,28.993
4399.2,32.992
4399.3,31.992
4399.4,28.993
4399.5,30.992
4399.6,30.992
4399.7,27.993
4399.8,27.993
4399.9,24.994
4400.0,22.994
4400.1,25.994
4400.2,25.994
4400.3,22.994
4400.4,18.995
4400.5,23.994
4400.6,20.995
4400.7,18.995
4400.8,14.996
4400.9,15.996
4401.0,15.996
4401.1,14.996
4401.2,13.997
4401.3,10.997
4401.4,7.998
4401.5,6.998
4401.6,5.998
4401.7,6.998
4401.8,6.998
4401.9,5.998
4402.0,5.998
4402.1,2.999
4402.2,2.999
4402.3,-2.999
4402.4,1.0
4402.5,-2.0
4402.6,-1.0
4402.7,-6.998
4402.8,-9.998
4402.9,-6.998
4403.0,-6.998
4403.1,-7.998
4403.2,-9.998
4403.3,-6.998
4403.4,-6.998
4403.5,-13.997
4403.6,-9.998
4403.7,-14.996
4403.8,-14.996
4403.9,-15.996
4404.0,-14.996
4404.1,-16.996
4404.2,-16.996
4404.3,-15.996
4404.4,-16.996
4404.5,-18.995
4404.6,-18.995
4404.7,-18.995
4404.8,-17.995
4404.9,-17.995
4405.0,-19.995
4405.1,-22.994
4405.2,-22.994
4405.3,-23.994
4405.4,-23.994
4405.5,-26.993
4405.6,-22.994
4405.7,-26.993
4405.8,-20.995
4405.9,-25.994
4406.0,-27.993
4406.1,-26.993
4406.2,-22.994
4406.3,-26.993
4406.4,-28.993
4406.5,-27.993
4406.6,-27.993
4406.7,-30.992
4406.8,-28.993
4406.9,-32.992
4407.0,-27.993
4407.1,-30.992
4407.2,-30.992
4407.3,-32.992
4407.4,-30.992
4407.5,-32.992
4407.6,-30.992
4407.7,-31.992
4407.8,-32.992
4407.9,-30.992
4408.0,-34.991
4408.1,-31.992
4408.2,-31.992
4408.3,-31.992
4408.4,-27.993
4408.5,-28.993
4408.6,-25.994
4408.7,-28.993
4408.8,-30.992
4408.9,-27.993
4409.0,-25.994
4409.1,-27.993
4409.2,-25.994
4409.3,-23.994
4409.4,-27.993
4409.5,-23.994
4409.6,-22.994
4409.7,-23.994
4409.8,-19.995
4409.9,-22.994
4410.0,-18.995
4410.1,-18.995
4410.2,-19.995
4410.3,-16.996
4410.4,-16.996
4410.5,-16.996
4410.6,-11.997
4410.7,-15.996
4410.8,-11.997
4410.9,-10.997
4411.0,-10.997
4411.1,-9.998
4411.2,-8.998
4411.3,-6.998
4411.4,-8.998
4411.5,-2.0
4411.6,-4.999
4411.7,-2.999
4411.8,-2.999
4411.9,1.0
4412.0,-2.999
4412.1,1.0
4412.2,5.998
4412.3,2.0
4412.4,6.998
4412.5,6.998
4412.6,6.998
4412.7,8.998
4412.8,8.998
4412.9,6.998
4413.0,9.998
4413.1,14.996
4413.2,11.997
4413.3,11.997
4413.4,15.996
4413.5,14.996
4413.6,15.996
4413.7,16.996
4413.8,22.994
4413.9,16.996
4414.0,17.995
4414.1,19.995
4414.2,20.995
4414.3,22.994
4414.4,19.995
4414.5,24.994
4414.6,24.994
4414.7,24.994
4414.8,26.993
4414.9,25.994
4415.0,26.993
4415.1,24.994
4415.2,25.994
4415.3,30.992
4415.4,28.993
4415.5,28.993
4415.6,25.994
4415.7,28.993
4415.8,31.992
4415.9,30.992
4416.0,28.993
4416.1,31.992
4416.2,30.992
4416.3,33.992
4416.4,30.992
4416.5,33.992
4416.6,33.992
4416.7,35.991
4416.8,32.992
4416.9,33.992
4417.0,34.991
4417.1,36.991
4417.2,32.992
4417.3,39.99
4417.4,36.991
4417.5,34.991
4417.6,34.991
4417.7,35.991
4417.8,34.991
4417.9,43.989
4418.0,34.991
4418.1,39.99
4418.2,35.991
4418.3,35.991
4418.4,36.991
4418.5,32.992
4418.6,33.992
4418.7,34.991
4418.8,34.991
4418.9,34.991
4419.0,33.992
4419.1,31.992
4419.2,33.992
4419.3,25.994
4419.4,30.992
4419.5,26.993
4419.6,31.992
4419.7,22.994
4419.8,26.993
4419.9,26.993
4420.0,26.993
4420.1,24.994
4420.2,26.993
4420.3,23.994
4420.4,20.995
4420.5,23.994
4420.6,18.995
4420.7,19.995
4420.8,16.996
4420.9,16.996
4421.0,14.996
4421.1,14.996
4421.2,9.998
4421.3,13.997
4421.4,11.997
4421.5,7.998
4421.6,10.997
4421.7,7.998
4421.8,7.998
4421.9,5.998
4422.0,5.998
4422.1,1.0
4422.2,5.998
4422.3,1.0
4422.4,-1.0
4422.5,-2.999
4422.6,-1.0
4422.7,-5.998
4422.8,-5.998
4422.9,-8.998
4423.0,-8.998
4423.1,-8.998
4423.2,-8.998
4423.3,-8.998
4423.4,-11.997
4423.5,-10.997
4423.6,-10.997
4423.7,-11.997
4423.8,-13.997
4423.9,-14.996
4424.0,-14.996
4424.1,-14.996
4424.2,-13.997
4424.3,-17.995
4424.4,-18.995
4424.5,-18.995
4424.6,-17.995
4424.7,-20.995
4424.8,-20.995
4424.9,-16.996
4425.0,-24.994
4425.1,-22.994
4425.2,-22.994
4425.3,-23.994
4425.4,-24.994
4425.5,-23.994
4425.6,-26.993
4425.7,-26.993
4425.8,-24.994
4425.9,-25.994
4426.0,-25.994
4426.1,-26.993
4426.2,-26.993
4426.3,-28.993
4426.4,-31.992
4426.5,-27.993
4426.6,-31.992
4426.7,-33.992
4426.8,-32.992
4426.9,-34.991
4427.0,-27.993
4427.1,-33.992
4427.2,-31.992
4427.3,-31.992
4427.4,-31.992
4427.5,-32.992
4427.6,-33.992
4427.7,-31.992
4427.8,-34.991
4427.9,-33.992
4428.0,-32.992
4428.1,-34.991
4428.2,-31.992
4428.3,-31.992
4428.4,-27.993
4428.5,-32.992
4428.6,-30.992
4428.7,-30.992
4428.8,-28.993
4428.9,-27.993
4429.0,-27.993
4429.1,-23.994
4429.2,-26.993
4429.3,-24.994
4429.4,-23.994
4429.5,-23.994
4429.6,-24.994
4429.7,-23.994
4429.8,-22.994
4429.9,-17.995
4430.0,-20.995
4430.1,-17.995
4430.2,-18.995
4430.3,-18.995
4430.4,-16.996
4430.5,-15.996
4430.6,-16.996
4430.7,-15.996
4430.8,-14.996
4430.9,-14.996
4431.0,-11.997
4431.1,-11.997
4431.2,-9.998
4431.3,-7.998
4431.4,-6.998
4431.5,-4.999
4431.6,-2.999
4431.7,-1.0
4431.8,-2.0
4431.9,-1.0
4432.0,1.0
4432.1,0.0
4432.2,2.999
4432.3,2.999
4432.4,2.999
4432.5,4.999
4432.6,5.998
4432.7,8.998
4432.8,9.998
4432.9,9.998
4433.0,9.998
4433.1,11.997
4433.2,13.997
4433.3,10.997
4433.4,15.996
4433.5,17.995
4433.6,14.996
4433.7,17.995
4433.8,16.996
4433.9,16.996
4434.0,19.995
4434.1,19.995
4434.2,19.995
4434.3,23.994
4434.4,22.994
4434.5,22.994
4434.6,20.995
4434.7,23.994
4434.8,25.994
4434.9,22.994
4435.0,22.994
4435.1,26.993
4435.2,26.993
4435.3,25.994
4435.4,30.992
4435.5,27.993
4435.6,27.993
4435.7,26.993
4435.8,26.993
4435.9,25.994
4436.0,27.993
4436.1,28.993
4436.2,30.992
4436.3,32.992
4436.4,33.992
4436.5,32.992
4436.6,32.992
4436.7,31.992
4436.8,32.992
4436.9,33.992
4437.0,32.992
4437.1,32.992
4437.2,33.992
4437.3,31.992
4437.4,32.992
4437.5,32.992
4437.6,36.991
4437.7,35.991
4437.8,35.991
4437.9,35.991
4438.0,35.991
4438.1,35.991
4438.2,34.991
4438.3,35.991
4438.4,37.991
4438.5,36.991
4438.6,36.991
4438.7,32.992
4438.8,31.992
4438.9,33.992
4439.0,33.992
4439.1,33.992
4439.2,28.993
4439.3,27.993
4439.4,27.993
4439.5,28.993
4439.6,28.993
4439.7,26.993
4439.8,24.994
4439.9,26.993
4440.0,27.993
4440.1,23.994
4440.2,22.994
4440.3,20.995
4440.4,23.994
4440.5,20.995
4440.6,18.995
4440.7,14.996
4440.8,16.996
4440.9,16.996
4441.0,14.996
4441.1,16.996
4441.2,14.996
4441.3,14.996
4441.4,11.997
4441.5,10.997
4441.6,7.998
4441.7,8.998
4441.8,6.998
4441.9,2.0
4442.0,6.998
4442.1,5.998
4442.2,4.999
4442.3,1.0
4442.4,0.0
4442.5,2.999
4442.6,-2.999
4442.7,-1.0
4442.8,-4.999
4442.9,-4.999
4443.0,-7.998
4443.1,-7.998
4443.2,-7.998
4443.3,-9.998
4443.4,-7.998
4443.5,-9.998
4443.6,-11.997
4443.7,-14.996
4443.8,-13.997
4443.9,-10.997
4444.0,-14.996
4444.1,-13.997
4444.2,-15.996
4444.3,-16.996
4444.4,-15.996
4444.5,-14.996
4444.6,-20.995
4444.7,-16.996
4444.8,-17.995
4444.9,-19.995
4445.0,-18.995
4445.1,-20.995
4445.2,-24.994
4445.3,-19.995
4445.4,-19.995
4445.5,-24.994
4445.6,-23.994
4445.7,-24.994
4445.8,-20.995
4445.9,-24.994
4446.0,-24.994
4446.1,-24.994
4446.2,-25.994
4446.3,-26.993
4446.4,-24.994
4446.5,-25.994
4446.6,-27.993
4446.7,-30.992
4446.8,-30.992
4446.9,-26.993
4447.0,-32.992
4447.1,-27.993
4447.2,-30.992
4447.3,-28.993
4447.4,-30.992
4447.5,-32.992
4447.6,-30.992
4447.7,-27.993
4447.8,-31.992
4447.9,-26.993
4448.0,-31.992
4448.1,-30.992
4448.2,-32.992
4448.3,-28.993
4448.4,-28.993
4448.5,-28.993
4448.6,-30.992
4448.7,-28.993
4448.8,-26.993
4448.9,-27.993
4449.0,-25.994
4449.1,-26.993
4449.2,-24.994
4449.3,-28.993
4449.4,-24.994
4449.5,-23.994
4449.6,-22.994
4449.7,-24.994
4449.8,-19.995
4449.9,-20.995
4450.0,-18.995
4450.1,-18.995
4450.2,-19.995
4450.3,-15.996
4450.4,-14.996
4450.5,-14.996
4450.6,-14.996
4450.7,-11.997
4450.8,-11.997
4450.9,-9.998
4451.0,-10.997
4451.1,-10.997
4451.2,-6.998
4451.3,-5.998
4451.4,-4.999
4451.5,-5.998
4451.6,1.0
4451.7,-4.999
4451.8,0.0
4451.9,-1.0
4452.0,2.0
4452.1,2.999
4452.2,2.999
4452.3,1.0
4452.4,2.999
4452.5,7.998
4452.6,5.998
4452.7,10.997
4452.8,9.998
4452.9,14.996
4453.0,10.997
4453.1,13.997
4453.2,11.997
4453.3,14.996
4453.4,16.996
4453.5,13.997
4453.6,17.995
4453.7,22.994
4453.8,16.996
4453.9,17.995
4454.0,18.995
4454.1,20.995
4454.2,23.994
4454.3,20.995
4454.4,23.994
4454.5,23.994
4454.6,22.994
4454.7,28.993
4454.8,22.994
4454.9,25.994
4455.0,27.993
4455.1,25.994
4455.2,25.994
4455.3,31.992
4455.4,26.993
4455.5,32.992
4455.6,27.993
4455.7,30.992
4455.8,32.992
4455.9,32.992
4456.0,32.992
4456.1,27.993
4456.2,31.992
4456.3,32.992
4456.4,34.991
4456.5,34.991
4456.6,33.992
4456.7,30.992
4456.8,34.991
4456.9,33.992
4457.0,33.992
4457.1,34.991
4457.2,36.991
4457.3,33.992
4457.4,39.99
4457.5,36.991
4457.6,35.991
4457.7,33.992
4457.8,35.991
4457.9,36.991
4458.0,35.991
4458.1,32.992
4458.2,36.991
4458.3,36.991
4458.4,37.991
4458.5,32.992
4458.6,34.991
4458.7,32.992
4458.8,33.992
4458.9,33.992
4459.0,33.992
4459.1,27.993
4459.2,31.992
4459.3,27.993
4459.4,30.992
4459.5,26.993
4459.6,28.993
4459.7,24.994
4459.8,30.992
4459.9,25.994
4460.0,25.994
4460.1,22.994
4460.2,20.995
4460.3,18.995
4460.4,17.995
4460.5,18.995
4460.6,18.995
4460.7,16.996
4460.8,15.996
4460.9,18.995
4461.0,17.995
4461.1,13.997
4461.2,15.996
4461.3,9.998
4461.4,11.997
4461.5,11.997
4461.6,7.998
4461.7,7.998
4461.8,9.998
4461.9,4.999
4462.0,7.998
4462.1,7.998
4462.2,0.0
4462.3,-1.0
4462.4,0.0
4462.5,-2.0
4462.6,-2.0
4462.7,-4.999
4462.8,-5.998
4462.9,-5.998
4463.0,-5.998
4463.1,-7.998
4463.2,-8.998
4463.3,-9.998
4463.4,-9.998
4463.5,-11.997
4463.6,-10.997
4463.7,-13.997
4463.8,-14.996
4463.9,-15.996
4464.0,-11.997
4464.1,-16.996
4464.2,-16.996
4464.3,-19.995
4464.4,-19.995
4464.5,-18.995
4464.6,-20.995
4464.7,-17.995
4464.8,-22.994
4464.9,-19.995
4465.0,-22.994
4465.1,-25.994
4465.2,-25.994
4465.3,-22.994
4465.4,-23.994
4465.5,-24.994
4465.6,-24.994
4465.7,-24.994
4465.8,-27.993
4465.9,-25.994
4466.0,-25.994
4466.1,-28.993
4466.2,-26.993
4466.3,-28.993
4466.4,-25.994
4466.5,-25.994
4466.6,-30.992
4466.7,-31.992
4466.8,-28.993
4466.9,-31.992
4467.0,-32.992
4467.1,-31.992
4467.2,-30.992
4467.3,-32.992
4467.4,-30.992
4467.5,-32.992
4467.6,-30.992
4467.7,-32.992
4467.8,-30.992
4467.9,-30.992
4468.0,-34.991
4468.1,-33.992
4468.2,-31.992
4468.3,-34.991
4468.4,-30.992
4468.5,-32.992
4468.6,-25.994
4468.7,-31.992
4468.8,-28.993
4468.9,-28.993
4469.0,-25.994
4469.1,-25.994
4469.2,-24.994
4469.3,-24.994
4469.4,-27.993
4469.5,-20.995
4469.6,-22.994
4469.7,-20.995
4469.8,-23.994
4469.9,-22.994
4470.0,-20.995
4470.1,-19.995
4470.2,-17.995
4470.3,-16.996
4470.4,-16.996
4470.5,-15.996
4470.6,-14.996
4470.7,-11.997
4470.8,-11.997
4470.9,-13.997
4471.0,-9.998
4471.1,-6.998
4471.2,-10.997
4471.3,-6.998
4471.4,-5.998
4471.5,-2.0
4471.6,0.0
4471.7,0.0
4471.8,2.999
4471.9,-2.0
4472.0,0.0
4472.1,2.0
4472.2,2.0
4472.3,1.0
4472.4,6.998
4472.5,5.998
4472.6,9.998
4472.7,9.998
4472.8,9.998
4472.9,13.997
4473.0,9.998
4473.1,14.996
4473.2,13.997
4473.3,16.996
4473.4,13.997
4473.5,14.996
4473.6,16.996
4473.7,18.995
4473.8,14.996
4473.9,19.995
4474.0,18.995
4474.1,22.994
4474.2,19.995
4474.3,24.994
4474.4,24.994
4474.5,26.993
4474.6,24.994
4474.7,27.993
4474.8,27.993
4474.9,28.993
4475.0,26.993
4475.1,26.993
4475.2,24.994
4475.3,31.992
4475.4,27.993
4475.5,27.993
4475.6,28.993
4475.7,28.993
4475.8,32.992
4475.9,30.992
4476.0,32.992
4476.1,33.992
4476.2,33.992
4476.3,32.992
4476.4,32.992
4476.5,32.992
4476.6,30.992
4476.7,30.992
4476.8,36.991
4476.9,32.992
4477.0,39.99
4477.1,35.991
4477.2,40.99
4477.3,36.991
4477.4,34.991
4477.5,34.991
4477.6,37.991
4477.7,36.991
4477.8,39.99
4477.9,34.991
4478.0,39.99
4478.1,36.991
4478.2,33.992
4478.3,34.991
4478.4,36.991
4478.5,34.991
4478.6,36.991
4478.7,33.992
4478.8,32.992
4478.9,30.992
4479.0,27.993
4479.1,30.992
4479.2,30.992
4479.3,31.992
4479.4,32.992
4479.5,32.992
4479.6,26.993
4479.7,27.993
4479.8,25.994
4479.9,26.993
4480.0,27.993
4480.1,22.994
4480.2,23.994
4480.3,18.995
4480.4,22.994
4480.5,17.995
4480.6,20.995
4480.7,18.995
4480.8,15.996
4480.9,16.996
4481.0,14.996
4481.1,14.996
4481.2,13.997
4481.3,8.998
4481.4,8.998
4481.5,9.998
4481.6,8.998
4481.7,4.999
4481.8,6.998
4481.9,4.999
4482.0,4.999
4482.1,4.999
4482.2,-1.0
4482.3,0.0
4482.4,0.0
4482.5,-2.0
4482.6,-1.0
4482.7,-2.0
4482.8,-5.998
4482.9,-6.998
4483.0,-6.998
4483.1,-8.998
4483.2,-10.997
4483.3,-11.997
4483.4,-10.997
4483.5,-8.998
4483.6,-15.996
4483.7,-14.996
4483.8,-14.996
4483.9,-13.997
4484.0,-17.995
4484.1,-17.995
4484.2,-15.996
4484.3,-17.995
4484.4,-18.995
4484.5,-19.995
4484.6,-20.995
4484.7,-19.995
4484.8,-18.995
4484.9,-19.995
4485.0,-23.994
4485.1,-24.994
4485.2,-25.994
4485.3,-20.995
4485.4,-24.994
4485.5,-24.994
4485.6,-27.993
4485.7,-23.994
4485.8,-28.993
4485.9,-27.993
4486.0,-27.993
4486.1,-30.992
4486.2,-31.992
4486.3,-28.993
4486.4,-27.993
4486.5,-27.993
4486.6,-28.993
4486.7,-31.992
4486.8,-25.994
4486.9,-31.992
4487.0,-32.992
4487.1,-31.992
4487.2,-32.992
4487.3,-34.991
4487.4,-34.991
4487.5,-30.992
4487.6,-31.992
4487.7,-34.991
4487.8,-33.992
4487.9,-30.992
4488.0,-30.992
4488.1,-32.992
4488.2,-31.992
4488.3,-31.992
4488.4,-27.993
4488.5,-30.992
4488.6,-28.993
4488.7,-27.993
4488.8,-24.994
4488.9,-26.993
4489.0,-30.992
4489.1,-25.994
4489.2,-26.993
4489.3,-25.994
4489.4,-24.994
4489.5,-23.994
4489.6,-20.995
4489.7,-20.995
4489.8,-23.994
4489.9,-19.995
4490.0,-19.995
4490.1,-18.995
4490.2,-18.995
4490.3,-15.996
4490.4,-17.995
4490.5,-14.996
4490.6,-16.996
4490.7,-13.997
4490.8,-14.996
4490.9,-11.997
4491.0,-6.998
4491.1,-9.998
4491.2,-9.998
4491.3,-6.998
4491.4,-2.999
4491.5,-2.999
4491.6,-2.0
4491.7,-1.0
4491.8,-4.999
4491.9,-2.999
4492.0,0.0
4492.1,4.999
4492.2,1.0
4492.3,2.999
4492.4,5.998
4492.5,6.998
4492.6,5.998
4492.7,5.998
4492.8,7.998
4492.9,8.998
4493.0,14.996
4493.1,15.996
4493.2,11.997
4493.3,16.996
4493.4,14.996
4493.5,17.995
4493.6,17.995
4493.7,20.995
4493.8,19.995
4493.9,15.996
4494.0,22.994
4494.1,18.995
4494.2,24.994
4494.3,22.994
4494.4,20.995
4494.5,20.995
4494.6,24.994
4494.7,25.994
4494.8,23.994
4494.9,25.994
4495.0,26.993
4495.1,24.994
4495.2,25.994
4495.3,26.993
4495.4,28.993
4495.5,27.993
4495.6,27.993
4495.7,25.994
4495.8,33.992
4495.9,28.993
4496.0,32.992
4496.1,31.992
4496.2,35.991
4496.3,34.991
4496.4,32.992
4496.5,31.992
4496.6,34.991
4496.7,33.992
4496.8,36.991
4496.9,33.992
4497.0,33.992
4497.1,39.99
4497.2,40.99
4497.3,34.991
4497.4,32.992
4497.5,39.99
4497.6,36.991
4497.7,37.991
4497.8,37.991
4497.9,32.992
4498.0,36.991
4498.1,33.992
4498.2,37.991
4498.3,35.991
4498.4,33.992
4498.5,32.992
4498.6,35.991
4498.7,32.992
4498.8,31.992
4498.9,30.992
4499.0,32.992
4499.1,33.992
4499.2,30.992
4499.3,31.992
4499.4,28.993
4499.5,30.992
4499.6,27.993
4499.7,24.994
4499.8,24.994
4499.9,28.993
4500.0,26.993
4500.1,26.993
4500.2,23.994
4500.3,20.995
4500.4,22.994
4500.5,17.995
4500.6,16.996
4500.7,20.995
4500.8,14.996
4500.9,15.996
4501.0,11.997
4501.1,11.997
4501.2,13.997
4501.3,11.997
4501.4,8.998
4501.5,9.998
4501.6,5.998
4501.7,6.998
4501.8,6.998
4501.9,5.998
4502.0,2.0
4502.1,4.999
4502.2,2.0
4502.3,4.999
4502.4,0.0
4502.5,1.0
4502.6,-5.998
4502.7,-1.0
4502.8,-2.0
4502.9,-2.999
4503.0,-9.998
4503.1,-9.998
4503.2,-9.998
4503.3,-9.998
4503.4,-10.997
4503.5,-11.997
4503.6,-14.996
4503.7,-13.997
4503.8,-15.996
4503.9,-13.997
4504.0,-13.997
4504.1,-16.996
4504.2,-15.996
4504.3,-15.996
4504.4,-22.994
4504.5,-18.995
4504.6,-18.995
4504.7,-19.995
4504.8,-18.995
4504.9,-18.995
4505.0,-24.994
4505.1,-22.994
4505.2,-20.995
4505.3,-22.994
4505.4,-23.994
4505.5,-23.994
4505.6,-25.994
4505.7,-25.994
4505.8,-27.993
4505.9,-24.994
4506.0,-28.993
4506.1,-25.994
4506.2,-31.992
4506.3,-26.993
4506.4,-25.994
4506.5,-26.993
4506.6,-30.992
4506.7,-32.992
4506.8,-25.994
4506.9,-30.992
4507.0,-30.992
4507.1,-31.992
4507.2,-31.992
4507.3,-32.992
4507.4,-31.992
4507.5,-30.992
4507.6,-30.992
4507.7,-31.992
4507.8,-31.992
4507.9,-32.992
4508.0,-28.993
4508.1,-30.992
4508.2,-33.992
4508.3,-30.992
4508.4,-30.992
4508.5,-25.994
4508.6,-33.992
4508.7,-27.993
4508.8,-27.993
4508.9,-27.993
4509.0,-24.994
4509.1,-28.993
4509.2,-26.993
4509.3,-24.994
4509.4,-26.993
4509.5,-25.994
4509.6,-23.994
4509.7,-22.994
4509.8,-22.994
4509.9,-22.994
4510.0,-20.995
4510.1,-20.995
4510.2,-19.995
4510.3,-18.995
4510.4,-17.995
4510.5,-14.996
4510.6,-13.997
4510.7,-15.996
4510.8,-15.996
4510.9,-8.998
4511.0,-8.998
4511.1,-11.997
4511.2,-7.998
4511.3,-7.998
4511.4,-7.998
4511.5,-6.998
4511.6,-4.999
4511.7,-2.0
4511.8,-2.999
4511.9,-1.0
4512.0,-1.0
4512.1,0.0
4512.2,2.999
4512.3,-1.0
4512.4,1.0
4512.5,2.999
4512.6,0.0
4512.7,5.998
4512.8,6.998
4512.9,8.998
4513.0,8.998
4513.1,10.997
4513.2,11.997
4513.3,11.997
4513.4,13.997
4513.5,13.997
4513.6,16.996
4513.7,14.996
4513.8,16.996
4513.9,17.995
4514.0,17.995
4514.1,16.996
4514.2,19.995
4514.3,19.995
4514.4,18.995
4514.5,19.995
4514.6,20.995
4514.7,22.994
4514.8,23.994
4514.9,24.994
4515.0,20.995
4515.1,23.994
4515.2,26.993
4515.3,25.994
4515.4,28.993
4515.5,25.994
4515.6,25.994
4515.7,27.993
4515.8,27.993
4515.9,28.993
4516.0,28.993
4516.1,32.992
4516.2,30.992
4516.3,31.992
4516.4,31.992
4516.5,27.993
4516.6,28.993
4516.7,35.991
4516.8,31.992
4516.9,32.992
4517.0,33.992
4517.1,32.992
4517.2,35.991
4517.3,33.992
4517.4,32.992
4517.5,35.991
4517.6,33.992
4517.7,30.992
4517.8,35.991
4517.9,36.991
4518.0,36.991
4518.1,36.991
4518.2,34.991
4518.3,33.992
4518.4,32.992
4518.5,34.991
4518.6,32.992
4518.7,34.991
4518.8,32.992
4518.9,32.992
4519.0,31.992
4519.1,28.993
4519.2,28.993
4519.3,26.993
4519.4,28.993
4519.5,27.993
4519.6,28.993
4519.7,30.992
4519.8,25.994
4519.9,27.993
4520.0,28.993
4520.1,23.994
4520.2,23.994
4520.3,24.994
4520.4,19.995
4520.5,20.995
4520.6,22.994
4520.7,14.996
4520.8,17.995
4520.9,16.996
4521.0,14.996
4521.1,11.997
4521.2,16.996
4521.3,15.996
4521.4,11.997
4521.5,9.998
4521.6,8.998
4521.7,7.998
4521.8,8.998
4521.9,5.998
4522.0,5.998
4522.1,5.998
4522.2,1.0
4522.3,-1.0
4522.4,1.0
4522.5,-1.0
4522.6,0.0
4522.7,-4.999
4522.8,-4.999
4522.9,-1.0
4523.0,-4.999
4523.1,-5.998
4523.2,-4.999
4523.3,-7.998
4523.4,-11.997
4523.5,-8.998
4523.6,-8.998
4523.7,-14.996
4523.8,-11.997
4523.9,-11.997
4524.0,-9.998
4524.1,-14.996
4524.2,-14.996
4524.3,-15.996
4524.4,-15.996
4524.5,-16.996
4524.6,-15.996
4524.7,-18.995
4524.8,-18.995
4524.9,-18.995
4525.0,-19.995
4525.1,-19.995
4525.2,-16.996
4525.3,-20.995
4525.4,-19.995
4525.5,-20.995
4525.6,-20.995
4525.7,-26.993
4525.8,-22.994
4525.9,-25.994
4526.0,-22.994
4526.1,-22.994
4526.2,-23.994
4526.3,-27.993
4526.4,-25.994
4526.5,-26.993
4526.6,-25.994
4526.7,-26.993
4526.8,-28.993
4526.9,-27.993
4527.0,-27.993
4527.1,-32.992
4527.2,-28.993
4527.3,-31.992
4527.4,-30.992
4527.5,-31.992
4527.6,-32.992
4527.7,-28.993
4527.8,-33.992
4527.9,-32.992
4528.0,-31.992
4528.1,-31.992
4528.2,-33.992
4528.3,-28.993
4528.4,-32.992
4528.5,-28.993
4528.6,-30.992
4528.7,-28.993
4528.8,-30.992
4528.9,-26.993
4529.0,-24.994
4529.1,-24.994
4529.2,-20.995
4529.3,-25.994
4529.4,-24.994
4529.5,-22.994
4529.6,-22.994
4529.7,-24.994
4529.8,-24.994
4529.9,-20.995
4530.0,-17.995
4530.1,-20.995
4530.2,-16.996
4530.3,-17.995
4530.4,-17.995
4530.5,-16.996
4530.6,-14.996
4530.7,-11.997
4530.8,-9.998
4530.9,-9.998
4531.0,-11.997
4531.1,-8.998
4531.2,-6.998
4531.3,-5.998
4531.4,-4.999
4531.5,-2.0
4531.6,0.0
4531.7,-1.0
4531.8,-2.999
4531.9,1.0
4532.0,2.0
4532.1,-1.0
4532.2,2.0
4532.3,2.0
4532.4,6.998
4532.5,5.998
4532.6,5.998
4532.7,6.998
4532.8,7.998
4532.9,8.998
4533.0,8.998
4533.1,13.997
4533.2,10.997
4533.3,17.995
4533.4,13.997
4533.5,16.996
4533.6,15.996
4533.7,17.995
4533.8,18.995
4533.9,17.995
4534.0,17.995
4534.1,20.995
4534.2,18.995
4534.3,19.995
4534.4,24.994
4534.5,25.994
4534.6,23.994
4534.7,23.994
4534.8,23.994
4534.9,24.994
4535.0,26.993
4535.1,27.993
4535.2,23.994
4535.3,24.994
4535.4,26.993
4535.5,25.994
4535.6,28.993
4535.7,28.993
4535.8,26.993
4535.9,30.992
4536.0,31.992
4536.1,31.992
4536.2,32.992
4536.3,35.991
4536.4,32.992
4536.5,30.992
4536.6,28.993
4536.7,33.992
4536.8,36.991
4536.9,32.992
4537.0,34.991
4537.1,35.991
4537.2,31.992
4537.3,34.991
4537.4,33.992
4537.5,35.991
4537.6,36.991
4537.7,36.991
4537.8,36.991
4537.9,32.992
4538.0,36.991
4538.1,32.992
4538.2,35.991
4538.3,35.991
4538.4,36.991
4538.5,37.991
4538.6,34.991
4538.7,30.992
4538.8,33.992
4538.9,32.992
4539.0,31.992
4539.1,27.993
4539.2,27.993
4539.3,31.992
4539.4,30.992
4539.5,28.993
4539.6,27.993
4539.7,27.993
4539.8,26.993
4539.9,25.994
4540.0,24.994
4540.1,27.993
4540.2,22.994
4540.3,23.994
4540.4,19.995
4540.5,20.995
4540.6,19.995
4540.7,20.995
4540.8,18.995
4540.9,15.996
4541.0,9.998
4541.1,15.996
4541.2,15.996
4541.3,13.997
4541.4,9.998
4541.5,8.998
4541.6,6.998
4541.7,8.998
4541.8,6.998
4541.9,2.999
4542.0,4.999
4542.1,2.0
4542.2,2.999
4542.3,2.999
4542.4,-1.0
4542.5,-2.0
4542.6,2.999
4542.7,-2.999
4542.8,-2.999
4542.9,-2.0
4543.0,-8.998
4543.1,-6.998
4543.2,-7.998
4543.3,-8.998
4543.4,-10.997
4543.5,-14.996
4543.6,-11.997
4543.7,-11.997
4543.8,-14.996
4543.9,-15.996
4544.0,-14.996
4544.1,-14.996
4544.2,-16.996
4544.3,-17.995
4544.4,-15.996
4544.5,-17.995
4544.6,-17.995
4544.7,-19.995
4544.8,-20.995
4544.9,-23.994
4545.0,-20.995
4545.1,-23.994
4545.2,-19.995
4545.3,-22.994
4545.4,-20.995
4545.5,-20.995
4545.6,-25.994
4545.7,-26.993
4545.8,-24.994
4545.9,-26.993
4546.0,-25.994
4546.1,-27.993
4546.2,-27.993
4546.3,-25.994
4546.4,-26.993
4546.5,-27.993
4546.6,-27.993
4546.7,-30.992
4546.8,-30.992
4546.9,-33.992
4547.0,-28.993
4547.1,-31.992
4547.2,-30.992
4547.3,-32.992
4547.4,-32.992
4547.5,-31.992
4547.6,-28.993
4547.7,-31.992
4547.8,-31.992
4547.9,-32.992
4548.0,-30.992
4548.1,-31.992
4548.2,-31.992
4548.3,-31.992
4548.4,-30.992
4548.5,-30.992
4548.6,-28.993
4548.7,-30.992
4548.8,-26.993
4548.9,-26.993
4549.0,-27.993
4549.1,-28.993
4549.2,-20.995
4549.3,-24.994
4549.4,-22.994
4549.5,-26.993
4549.6,-23.994
4549.7,-22.994
4549.8,-20.995
4549.9,-22.994
4550.0,-23.994
4550.1,-18.995
4550.2,-16.996
4550.3,-13.997
4550.4,-19.995
4550.5,-16.996
4550.6,-16.996
4550.7,-15.996
4550.8,-9.998
4550.9,-8.998
4551.0,-9.998
4551.1,-9.998
4551.2,-7.998
4551.3,-4.999
4551.4,-9.998
4551.5,-5.998
4551.6,-2.999
4551.7,-4.999
4551.8,-2.0
4551.9,1.0
4552.0,-1.0
4552.1,4.999
4552.2,5.998
4552.3,4.999
4552.4,5.998
4552.5,6.998
4552.6,8.998
4552.7,7.998
4552.8,8.998
4552.9,13.997
4553.0,10.997
4553.1,13.997
4553.2,14.996
4553.3,15.996
4553.4,11.997
4553.5,16.996
4553.6,16.996
4553.7,18.995
4553.8,20.995
4553.9,23.994
4554.0,17.995
4554.1,18.995
4554.2,17.995
4554.3,20.995
4554.4,23.994
4554.5,23.994
4554.6,26.993
4554.7,25.994
4554.8,27.993
4554.9,24.994
4555.0,26.993
4555.1,26.993
4555.2,26.993
4555.3,27.993
4555.4,30.992
4555.5,26.993
4555.6,26.993
4555.7,30.992
4555.8,28.993
4555.9,30.992
4556.0,32.992
4556.1,33.992
4556.2,32.992
4556.3,34.991
4556.4,31.992
4556.5,32.992
4556.6,34.991
4556.7,32.992
4556.8,32.992
4556.9,33.992
4557.0,35.991
4557.1,33.992
4557.2,33.992
4557.3,35.991
4557.4,36.991
4557.5,36.991
4557.6,34.991
4557.7,36.991
4557.8,36.991
4557.9,36.991
4558.0,35.991
4558.1,35.991
4558.2,34.991
4558.3,30.992
4558.4,31.992
4558.5,31.992
4558.6,32.992
4558.7,34.991
4558.8,32.992
4558.9,28.993
4559.0,33.992
4559.1,31.992
4559.2,27.993
4559.3,28.993
4559.4,31.992
4559.5,27.993
4559.6,25.994
4559.7,27.993
4559.8,24.994
4559.9,24.994
4560.0,27.993
4560.1,26.993
4560.2,19.995
4560.3,20.995
4560.4,19.995
4560.5,19.995
4560.6,16.996
4560.7,18.995
4560.8,16.996
4560.9,14.996
4561.0,15.996
4561.1,11.997
4561.2,14.996
4561.3,14.996
4561.4,8.998
4561.5,4.999
4561.6,6.998
4561.7,7.998
4561.8,7.998
4561.9,4.999
4562.0,2.999
4562.1,0.0
4562.2,0.0
4562.3,1.0
4562.4,2.0
4562.5,-1.0
4562.6,-2.999
4562.7,-4.999
4562.8,-5.998
4562.9,-5.998
4563.0,-6.998
4563.1,-7.998
4563.2,-8.998
4563.3,-7.998
4563.4,-10.997
4563.5,-14.996
4563.6,-15.996
4563.7,-14.996
4563.8,-17.995
4563.9,-14.996
4564.0,-11.997
4564.1,-16.996
4564.2,-16.996
4564.3,-18.995
4564.4,-11.997
4564.5,-17.995
4564.6,-18.995
4564.7,-20.995
4564.8,-19.995
4564.9,-20.995
4565.0,-23.994
4565.1,-22.994
4565.2,-25.994
4565.3,-20.995
4565.4,-22.994
4565.5,-22.994
4565.6,-22.994
4565.7,-25.994
4565.8,-25.994
4565.9,-27.993
4566.0,-25.994
4566.1,-26.993
4566.2,-26.993
4566.3,-28.993
4566.4,-27.993
4566.5,-24.994
4566.6,-30.992
4566.7,-26.993
4566.8,-32.992
4566.9,-32.992
4567.0,-30.992
4567.1,-28.993
4567.2,-33.992
4567.3,-32.992
4567.4,-31.992
4567.5,-30.992
4567.6,-32.992
4567.7,-30.992
4567.8,-32.992
4567.9,-31.992
4568.0,-30.992
4568.1,-28.993
4568.2,-32.992
4568.3,-28.993
4568.4,-27.993
4568.5,-31.992
4568.6,-30.992
4568.7,-30.992
4568.8,-28.993
4568.9,-27.993
4569.0,-27.993
4569.1,-26.993
4569.2,-20.995
4569.3,-27.993
4569.4,-24.994
4569.5,-26.993
4569.6,-24.994
4569.7,-24.994
4569.8,-24.994
4569.9,-19.995
4570.0,-19.995
4570.1,-17.995
4570.2,-19.995
4570.3,-17.995
4570.4,-14.996
4570.5,-18.995
4570.6,-15.996
4570.7,-13.997
4570.8,-13.997
4570.9,-11.997
4571.0,-10.997
4571.1,-9.998
4571.2,-2.999
4571.3,-8.998
4571.4,-7.998
4571.5,-5.998
4571.6,-6.998
4571.7,-4.999
4571.8,-2.999
4571.9,-2.0
4572.0,2.0
4572.1,4.999
4572.2,2.0
4572.3,6.998
4572.4,2.999
4572.5,5.998
4572.6,5.998
4572.7,8.998
4572.8,9.998
4572.9,10.997
4573.0,8.998
4573.1,13.997
4573.2,11.997
4573.3,16.996
4573.4,14.996
4573.5,17.995
4573.6,15.996
4573.7,14.996
4573.8,16.996
4573.9,18.995
4574.0,18.995
4574.1,20.995
4574.2,16.996
4574.3,22.994
4574.4,24.994
4574.5,23.994
4574.6,20.995
4574.7,22.994
4574.8,27.993
4574.9,24.994
4575.0,25.994
4575.1,27.993
4575.2,25.994
4575.3,26.993
4575.4,26.993
4575.5,26.993
4575.6,27.993
4575.7,28.993
4575.8,28.993
4575.9,32.992
4576.0,31.992
4576.1,32.992
4576.2,32.992
4576.3,31.992
4576.4,33.992
4576.5,37.991
4576.6,31.992
4576.7,32.992
4576.8,34.991
4576.9,37.991
4577.0,34.991
4577.1,35.991
4577.2,33.992
4577.3,37.991
4577.4,36.991
4577.5,33.992
4577.6,35.991
4577.7,39.99
4577.8,36.991
4577.9,34.991
4578.0,35.991
4578.1,36.991
4578.2,36.991
4578.3,31.992
4578.4,33.992
4578.5,34.991
4578.6,32.992
4578.7,33.992
4578.8,35.991
4578.9,35.991
4579.0,32.992
4579.1,30.992
4579.2,28.993
4579.3,28.993
4579.4,26.993
4579.5,26.993
4579.6,26.993
4579.7,25.994
4579.8,27.993
4579.9,26.993
4580.0,24.994
4580.1,23.994
4580.2,24.994
4580.3,22.994
4580.4,20.995
4580.5,18.995
4580.6,18.995
4580.7,19.995
4580.8,18.995
4580.9,19.995
4581.0,17.995
4581.1,13.997
4581.2,9.998
4581.3,14.996
4581.4,11.997
4581.5,7.998
4581.6,6.998
4581.7,5.998
4581.8,4.999
4581.9,6.998
4582.0,-1.0
4582.1,2.999
4582.2,2.0
4582.3,2.0
4582.4,1.0
4582.5,-1.0
4582.6,0.0
4582.7,2.0
4582.8,0.0
4582.9,-7.998
4583.0,-7.998
4583.1,-6.998
4583.2,-11.997
4583.3,-8.998
4583.4,-8.998
4583.5,-9.998
4583.6,-11.997
4583.7,-15.996
4583.8,-13.997
4583.9,-11.997
4584.0,-14.996
4584.1,-16.996
4584.2,-16.996
4584.3,-16.996
4584.4,-17.995
4584.5,-18.995
4584.6,-17.995
4584.7,-17.995
4584.8,-22.994
4584.9,-24.994
4585.0,-20.995
4585.1,-22.994
4585.2,-23.994
4585.3,-24.994
4585.4,-22.994
4585.5,-20.995
4585.6,-20.995
4585.7,-23.994
4585.8,-25.994
4585.9,-25.994
4586.0,-30.992
4586.1,-24.994
4586.2,-27.993
4586.3,-30.992
4586.4,-30.992
4586.5,-31.992
4586.6,-27.993
4586.7,-27.993
4586.8,-24.994
4586.9,-30.992
4587.0,-30.992
4587.1,-31.992
4587.2,-32.992
4587.3,-32.992
4587.4,-30.992
4587.5,-30.992
4587.6,-34.991
4587.7,-31.992
4587.8,-31.992
4587.9,-27.993
4588.0,-32.992
4588.1,-33.992
4588.2,-31.992
4588.3,-27.993
4588.4,-27.993
4588.5,-32.992
4588.6,-30.992
4588.7,-26.993
4588.8,-30.992
4588.9,-31.992
4589.0,-25.994
4589.1,-28.993
4589.2,-24.994
4589.3,-22.994
4589.4,-23.994
4589.5,-22.994
4589.6,-19.995
4589.7,-22.994
4589.8,-20.995
4589.9,-22.994
4590.0,-18.995
4590.1,-17.995
4590.2,-18.995
4590.3,-19.995
4590.4,-15.996
4590.5,-17.995
4590.6,-17.995
4590.7,-15.996
4590.8,-15.996
4590.9,-10.997
4591.0,-7.998
4591.1,-8.998
4591.2,-8.998
4591.3,-7.998
4591.4,-9.998
4591.5,-5.998
4591.6,-4.999
4591.7,-2.999
4591.8,-1.0
4591.9,1.0
4592.0,2.999
4592.1,2.0
4592.2,2.999
4592.3,4.999
4592.4,7.998
4592.5,6.998
4592.6,4.999
4592.7,9.998
4592.8,7.998
4592.9,10.997
4593.0,10.997
4593.1,8.998
4593.2,13.997
4593.3,11.997
4593.4,15.996
4593.5,13.997
4593.6,16.996
4593.7,15.996
4593.8,16.996
4593.9,16.996
4594.0,15.996
4594.1,18.995
4594.2,18.995
4594.3,19.995
4594.4,22.994
4594.5,17.995
4594.6,22.994
4594.7,23.994
4594.8,20.995
4594.9,23.994
4595.0,25.994
4595.1,25.994
4595.2,23.994
4595.3,26.993
4595.4,26.993
4595.5,24.994
4595.6,27.993
4595.7,28.993
4595.8,26.993
4595.9,24.994
4596.0,27.993
4596.1,27.993
4596.2,31.992
4596.3,31.992
4596.4,33.992
4596.5,31.992
4596.6,31.992
4596.7,30.992
4596.8,31.992
4596.9,28.993
4597.0,30.992
4597.1,32.992
4597.2,36.991
4597.3,37.991
4597.4,35.991
4597.5,33.992
4597.6,37.991
4597.7,36.991
4597.8,35.991
4597.9,33.992
4598.0,32.992
4598.1,34.991
4598.2,34.991
4598.3,35.991
4598.4,32.992
4598.5,31.992
4598.6,32.992
4598.7,32.992
4598.8,32.992
4598.9,31.992
4599.0,33.992
4599.1,31.992
4599.2,30.992
4599.3,31.992
4599.4,26.993
4599.5,26.993
4599.6,26.993
4599.7,28.993
4599.8,27.993
4599.9,23.994
4600.0,23.994
4600.1,23.994
4600.2,19.995
4600.3,24.994
4600.4,20.995
4600.5,23.994
4600.6,18.995
4600.7,15.996
4600.8,18.995
4600.9,16.996
4601.0,17.995
4601.1,17.995
4601.2,14.996
4601.3,13.997
4601.4,13.997
4601.5,10.997
4601.6,11.997
4601.7,8.998
4601.8,2.999
4601.9,6.998
4602.0,4.999
4602.1,4.999
4602.2,2.999
4602.3,1.0
4602.4,-2.999
4602.5,1.0
4602.6,1.0
4602.7,-2.999
4602.8,-2.999
4602.9,-2.0
4603.0,-8.998
4603.1,-2.0
4603.2,-8.998
4603.3,-8.998
4603.4,-9.998
4603.5,-11.997
4603.6,-11.997
4603.7,-11.997
4603.8,-8.998
4603.9,-11.997
4604.0,-11.997
4604.1,-13.997
4604.2,-13.997
4604.3,-11.997
4604.4,-15.996
4604.5,-16.996
4604.6,-15.996
4604.7,-19.995
4604.8,-15.996
4604.9,-20.995
4605.0,-23.994
4605.1,-20.995
4605.2,-23.994
4605.3,-22.994
4605.4,-20.995
4605.5,-20.995
4605.6,-22.994
4605.7,-22.994
4605.8,-22.994
4605.9,-23.994
4606.0,-23.994
4606.1,-25.994
4606.2,-22.994
4606.3,-28.993
4606.4,-25.994
4606.5,-26.993
4606.6,-28.993
4606.7,-25.994
4606.8,-27.993
4606.9,-24.994
4607.0,-32.992
4607.1,-26.993
4607.2,-28.993
4607.3,-31.992
4607.4,-31.992
4607.5,-32.992
4607.6,-36.991
4607.7,-31.992
4607.8,-32.992
4607.9,-31.992
4608.0,-32.992
4608.1,-28.993
4608.2,-28.993
4608.3,-26.993
4608.4,-26.993
4608.5,-25.994
4608.6,-26.993
4608.7,-27.993
4608.8,-28.993
4608.9,-28.993
4609.0,-26.993
4609.1,-23.994
4609.2,-25.994
4609.3,-25.994
4609.4,-20.995
4609.5,-22.994
4609.6,-20.995
4609.7,-22.994
4609.8,-22.994
4609.9,-23.994
4610.0,-16.996
4610.1,-18.995
4610.2,-15.996
4610.3,-17.995
4610.4,-15.996
4610.5,-17.995
4610.6,-16.996
4610.7,-9.998
4610.8,-13.997
4610.9,-9.998
4611.0,-7.998
4611.1,-8.998
4611.2,-6.998
4611.3,-2.0
4611.4,-7.998
4611.5,-5.998
4611.6,-2.0
4611.7,-2.0
4611.8,-2.0
4611.9,-1.0
4612.0,2.0
4612.1,2.999
4612.2,7.998
4612.3,2.999
4612.4,4.999
4612.5,5.998
4612.6,9.998
4612.7,5.998
4612.8,8.998
4612.9,8.998
4613.0,11.997
4613.1,15.996
4613.2,13.997
4613.3,11.997
4613.4,14.996
4613.5,16.996
4613.6,15.996
4613.7,20.995
4613.8,20.995
4613.9,19.995
4614.0,17.995
4614.1,23.994
4614.2,19.995
4614.3,22.994
4614.4,24.994
4614.5,23.994
4614.6,24.994
4614.7,20.995
4614.8,24.994
4614.9,26.993
4615.0,28.993
4615.1,25.994
4615.2,24.994
4615.3,26.993
4615.4,27.993
4615.5,28.993
4615.6,28.993
4615.7,31.992
4615.8,28.993
4615.9,28.993
4616.0,30.992
4616.1,31.992
4616.2,30.992
4616.3,27.993
4616.4,34.991
4616.5,31.992
4616.6,36.991
4616.7,33.992
4616.8,33.992
4616.9,34.991
4617.0,34.991
4617.1,34.991
4617.2,34.991
4617.3,33.992
4617.4,31.992
4617.5,35.991
4617.6,33.992
4617.7,37.991
4617.8,37.991
4617.9,35.991
4618.0,35.991
4618.1,33.992
4618.2,34.991
4618.3,31.992
4618.4,33.992
4618.5,31.992
4618.6,34.991
4618.7,33.992
4618.8,32.992
4618.9,33.992
4619.0,30.992
4619.1,33.992
4619.2,28.993
4619.3,27.993
4619.4,26.993
4619.5,31.992
4619.6,26.993
4619.7,30.992
4619.8,24.994
4619.9,25.994
4620.0,25.994
4620.1,25.994
4620.2,22.994
4620.3,23.994
4620.4,22.994
4620.5,19.995
4620.6,16.996
4620.7,20.995
4620.8,18.995
4620.9,17.995
4621.0,16.996
4621.1,16.996
4621.2,14.996
4621.3,13.997
4621.4,11.997
4621.5,13.997
4621.6,9.998
4621.7,5.998
4621.8,7.998
4621.9,6.998
4622.0,7.998
4622.1,2.999
4622.2,1.0
4622.3,1.0
4622.4,2.0
4622.5,-1.0
4622.6,-4.999
4622.7,-2.0
4622.8,-6.998
4622.9,-6.998
4623.0,-8.998
4623.1,-6.998
4623.2,-7.998
4623.3,-6.998
4623.4,-10.997
4623.5,-9.998
4623.6,-10.997
4623.7,-11.997
4623.8,-13.997
4623.9,-11.997
4624.0,-14.996
4624.1,-15.996
4624.2,-15.996
4624.3,-15.996
4624.4,-16.996
4624.5,-18.995
4624.6,-18.995
4624.7,-18.995
4624.8,-19.995
4624.9,-24.994
4625.0,-25.994
4625.1,-23.994
4625.2,-22.994
4625.3,-27.993
4625.4,-22.994
4625.5,-23.994
4625.6,-24.994
4625.7,-24.994
4625.8,-22.994
4625.9,-26.993
4626.0,-25.994
4626.1,-25.994
4626.2,-28.993
4626.3,-30.992
4626.4,-30.992
4626.5,-27.993
4626.6,-30.992
4626.7,-31.992
4626.8,-27.993
4626.9,-27.993
4627.0,-30.992
4627.1,-33.992
4627.2,-32.992
4627.3,-31.992
4627.4,-33.992
4627.5,-33.992
4627.6,-31.992
4627.7,-31.992
4627.8,-34.991
4627.9,-30.992
4628.0,-32.992
4628.1,-31.992
4628.2,-30.992
4628.3,-30.992
4628.4,-28.993
4628.5,-27.993
4628.6,-28.993
4628.7,-30.992
4628.8,-26.993
4628.9,-27.993
4629.0,-28.993
4629.1,-30.992
4629.2,-26.993
4629.3,-23.994
4629.4,-23.994
4629.5,-19.995
4629.6,-20.995
4629.7,-22.994
4629.8,-20.995
4629.9,-18.995
4630.0,-20.995
4630.1,-13.997
4630.2,-18.995
4630.3,-16.996
4630.4,-15.996
4630.5,-16.996
4630.6,-14.996
4630.7,-11.997
4630.8,-15.996
4630.9,-11.997
4631.0,-9.998
4631.1,-8.998
4631.2,-8.998
4631.3,-6.998
4631.4,-5.998
4631.5,-5.998
4631.6,-6.998
4631.7,0.0
4631.8,-2.999
4631.9,0.0
4632.0,1.0
4632.1,4.999
4632.2,2.0
4632.3,5.998
4632.4,7.998
4632.5,5.998
4632.6,9.998
4632.7,6.998
4632.8,5.998
4632.9,9.998
4633.0,8.998
4633.1,11.997
4633.2,10.997
4633.3,11.997
4633.4,15.996
4633.5,16.996
4633.6,17.995
4633.7,16.996
4633.8,18.995
4633.9,22.994
4634.0,20.995
4634.1,20.995
4634.2,22.994
4634.3,20.995
4634.4,23.994
4634.5,20.995
4634.6,24.994
4634.7,24.994
4634.8,26.993
4634.9,26.993
4635.0,28.993
4635.1,26.993
4635.2,27.993
4635.3,31.992
4635.4,27.993
4635.5,28.993
4635.6,28.993
4635.7,28.993
4635.8,31.992
4635.9,28.993
4636.0,31.992
4636.1,30.992
4636.2,34.991
4636.3,35.991
4636.4,34.991
4636.5,35.991
4636.6,34.991
4636.7,34.991
4636.8,34.991
4636.9,32.992
4637.0,32.992
4637.1,34.991
4637.2,33.992
4637.3,33.992
4637.4,35.991
4637.5,35.991
4637.6,37.991
4637.7,35.991
4637.8,34.991
4637.9,35.991
4638.0,35.991
4638.1,32.992
4638.2,36.991
4638.3,32.992
4638.4,34.991
4638.5,37.991
4638.6,33.992
4638.7,33.992
4638.8,34.991
4638.9,34.991
4639.0,32.992
4639.1,32.992
4639.2,30.992
4639.3,30.992
4639.4,28.993
4639.5,30.992
4639.6,24.994
4639.7,26.993
4639.8,27.993
4639.9,23.994
4640.0,23.994
4640.1,27.993
4640.2,22.994
4640.3,22.994
4640.4,20.995
4640.5,17.995
4640.6,18.995
4640.7,17.995
4640.8,17.995
4640.9,14.996
4641.0,16.996
4641.1,11.997
4641.2,9.998
4641.3,8.998
4641.4,7.998
4641.5,11.997
4641.6,5.998
4641.7,5.998
4641.8,6.998
4641.9,2.999
4642.0,1.0
4642.1,2.999
4642.2,2.999
4642.3,2.0
4642.4,-2.999
4642.5,-1.0
4642.6,-5.998
4642.7,-7.998
4642.8,-7.998
4642.9,-6.998
4643.0,-5.998
4643.1,-7.998
4643.2,-9.998
4643.3,-13.997
4643.4,-14.996
4643.5,-11.997
4643.6,-14.996
4643.7,-13.997
4643.8,-14.996
4643.9,-15.996
4644.0,-15.996
4644.1,-20.995
4644.2,-19.995
4644.3,-18.995
4644.4,-18.995
4644.5,-18.995
4644.6,-18.995
4644.7,-22.994
4644.8,-22.994
4644.9,-22.994
4645.0,-26.993
4645.1,-24.994
4645.2,-23.994
4645.3,-24.994
4645.4,-24.994
4645.5,-27.993
4645.6,-26.993
4645.7,-26.993
4645.8,-25.994
4645.9,-24.994
4646.0,-30.992
4646.1,-30.992
4646.2,-26.993
4646.3,-31.992
4646.4,-30.992
4646.5,-26.993
4646.6,-30.992
4646.7,-30.992
4646.8,-36.991
4646.9,-32.992
4647.0,-27.993
4647.1,-33.992
4647.2,-33.992
4647.3,-33.992
4647.4,-27.993
4647.5,-32.992
4647.6,-33.992
4647.7,-32.992
4647.8,-34.991
4647.9,-34.991
4648.0,-34.991
4648.1,-32.992
4648.2,-33.992
4648.3,-32.992
4648.4,-28.993
4648.5,-30.992
4648.6,-32.992
4648.7,-31.992
4648.8,-30.992
4648.9,-26.993
4649.0,-31.992
4649.1,-28.993
4649.2,-27.993
4649.3,-27.993
4649.4,-26.993
4649.5,-22.994
4649.6,-20.995
4649.7,-19.995
4649.8,-23.994
4649.9,-20.995
4650.0,-17.995
4650.1,-20.995
4650.2,-16.996
4650.3,-14.996
4650.4,-18.995
4650.5,-10.997
4650.6,-14.996
4650.7,-10.997
4650.8,-15.996
4650.9,-13.997
4651.0,-9.998
4651.1,-7.998
4651.2,-5.998
4651.3,-7.998
4651.4,-5.998
4651.5,-2.999
4651.6,-5.998
4651.7,-1.0
4651.8,-2.999
4651.9,-4.999
4652.0,1.0
4652.1,4.999
4652.2,6.998
4652.3,2.0
4652.4,6.998
4652.5,7.998
4652.6,6.998
4652.7,9.998
4652.8,10.997
4652.9,9.998
4653.0,11.997
4653.1,14.996
4653.2,16.996
4653.3,15.996
4653.4,16.996
4653.5,18.995
4653.6,15.996
4653.7,19.995
4653.8,19.995
4653.9,22.994
4654.0,23.994
4654.1,18.995
4654.2,24.994
4654.3,22.994
4654.4,23.994
4654.5,25.994
4654.6,25.994
4654.7,26.993
4654.8,26.993
4654.9,28.993
4655.0,25.994
4655.1,27.993
4655.2,27.993
4655.3,28.993
4655.4,27.993
4655.5,31.992
4655.6,31.992
4655.7,28.993
4655.8,32.992
4655.9,27.993
4656.0,31.992
4656.1,32.992
4656.2,34.991
4656.3,33.992
4656.4,34.991
4656.5,31.992
4656.6,36.991
4656.7,36.991
4656.8,36.991
4656.9,31.992
4657.0,33.992
4657.1,33.992
4657.2,34.991
4657.3,34.991
4657.4,34.991
4657.5,35.991
4657.6,36.991
4657.7,36.991
4657.8,36.991
4657.9,37.991
4658.0,36.991
4658.1,35.991
4658.2,37.991
4658.3,36.991
4658.4,31.992
4658.5,34.991
4658.6,33.992
4658.7,32.992
4658.8,32.992
4658.9,32.992
4659.0,31.992
4659.1,33.992
4659.2,30.992
4659.3,31.992
4659.4,31.992
4659.5,26.993
4659.6,26.993
4659.7,27.993
4659.8,25.994
4659.9,25.994
4660.0,20.995
4660.1,25.994
4660.2,24.994
4660.3,22.994
4660.4,20.995
4660.5,23.994
4660.6,18.995
4660.7,19.995
4660.8,16.996
4660.9,18.995
4661.0,15.996
4661.1,13.997
4661.2,11.997
4661.3,11.997
4661.4,13.997
4661.5,8.998
4661.6,9.998
4661.7,9.998
4661.8,4.999
4661.9,6.998
4662.0,4.999
4662.1,4.999
4662.2,0.0
4662.3,1.0
4662.4,0.0
4662.5,-2.0
4662.6,-2.999
4662.7,-4.999
4662.8,-4.999
4662.9,-6.998
4663.0,-5.998
4663.1,-4.999
4663.2,-6.998
4663.3,-5.998
4663.4,-13.997
4663.5,-11.997
4663.6,-10.997
4663.7,-14.996
4663.8,-17.995
4663.9,-15.996
4664.0,-13.997
4664.1,-13.997
4664.2,-15.996
4664.3,-16.996
4664.4,-15.996
4664.5,-16.996
4664.6,-16.996
4664.7,-18.995
4664.8,-18.995
4664.9,-20.995
4665.0,-18.995
4665.1,-22.994
4665.2,-23.994
4665.3,-23.994
4665.4,-25.994
4665.5,-23.994
4665.6,-22.994
4665.7,-24.994
4665.8,-25.994
4665.9,-24.994
4666.0,-24.994
4666.1,-30.992
4666.2,-25.994
4666.3,-25.994
4666.4,-24.994
4666.5,-26.993
4666.6,-28.993
4666.7,-27.993
4666.8,-30.992
4666.9,-26.993
4667.0,-30.992
4667.1,-30.992
4667.2,-33.992
4667.3,-30.992
4667.4,-32.992
4667.5,-31.992
4667.6,-32.992
4667.7,-32.992
4667.8,-33.992
4667.9,-32.992
4668.0,-34.991
4668.1,-31.992
4668.2,-32.992
4668.3,-28.993
4668.4,-27.993
4668.5,-28.993
4668.6,-31.992
4668.7,-25.994
4668.8,-27.993
4668.9,-27.993
4669.0,-26.993
4669.1,-27.993
4669.2,-26.993
4669.3,-23.994
4669.4,-23.994
4669.5,-23.994
4669.6,-24.994
4669.7,-19.995
4669.8,-20.995
4669.9,-20.995
4670.0,-18.995
4670.1,-18.995
4670.2,-22.994
4670.3,-20.995
4670.4,-16.996
4670.5,-18.995
4670.6,-15.996
4670.7,-17.995
4670.8,-13.997
4670.9,-13.997
4671.0,-10.997
4671.1,-10.997
4671.2,-9.998
4671.3,-7.998
4671.4,-7.998
4671.5,-2.0
4671.6,-4.999
4671.7,-1.0
4671.8,-2.999
4671.9,-2.0
4672.0,1.0
4672.1,2.0
4672.2,1.0
4672.3,4.999
4672.4,2.999
4672.5,2.0
4672.6,2.0
4672.7,7.998
4672.8,4.999
4672.9,6.998
4673.0,8.998
4673.1,13.997
4673.2,11.997
4673.3,11.997
4673.4,13.997
4673.5,14.996
4673.6,15.996
4673.7,17.995
4673.8,19.995
4673.9,18.995
4674.0,18.995
4674.1,18.995
4674.2,17.995
4674.3,15.996
4674.4,19.995
4674.5,19.995
4674.6,20.995
4674.7,20.995
4674.8,23.994
4674.9,23.994
4675.0,25.994
4675.1,24.994
4675.2,27.993
4675.3,24.994
4675.4,26.993
4675.5,26.993
4675.6,25.994
4675.7,27.993
4675.8,25.994
4675.9,25.994
4676.0,27.993
4676.1,31.992
4676.2,26.993
4676.3,31.992
4676.4,31.992
4676.5,28.993
4676.6,30.992
4676.7,30.992
4676.8,36.991
4676.9,33.992
4677.0,33.992
4677.1,32.992
4677.2,35.991
4677.3,34.991
4677.4,34.991
4677.5,31.992
4677.6,35.991
4677.7,36.991
4677.8,34.991
4677.9,31.992
4678.0,33.992
4678.1,36.991
4678.2,36.991
4678.3,33.992
4678.4,32.992
4678.5,28.993
4678.6,31.992
4678.7,32.992
4678.8,32.992
4678.9,30.992
4679.0,31.992
4679.1,26.993
4679.2,28.993
4679.3,28.993
4679.4,26.993
4679.5,28.993
4679.6,28.993
4679.7,26.993
4679.8,27.993
4679.9,26.993
4680.0,23.994
4680.1,23.994
4680.2,24.994
4680.3,19.995
4680.4,20.995
4680.5,22.994
4680.6,19.995
4680.7,20.995
4680.8,13.997
4680.9,16.996
4681.0,18.995
4681.1,14.996
4681.2,15.996
4681.3,11.997
4681.4,10.997
4681.5,9.998
4681.6,9.998
4681.7,9.998
4681.8,2.999
4681.9,5.998
4682.0,5.998
4682.1,2.999
4682.2,0.0
4682.3,1.0
4682.4,-1.0
4682.5,-2.0
4682.6,-2.0
4682.7,-1.0
4682.8,-2.999
4682.9,-2.999
4683.0,-2.999
4683.1,-5.998
4683.2,-2.999
4683.3,-7.998
4683.4,-6.998
4683.5,-11.997
4683.6,-14.996
4683.7,-10.997
4683.8,-10.997
4683.9,-9.998
4684.0,-9.998
4684.1,-11.997
4684.2,-16.996
4684.3,-16.996
4684.4,-11.997
4684.5,-14.996
4684.6,-16.996
4684.7,-13.997
4684.8,-18.995
4684.9,-17.995
4685.0,-17.995
4685.1,-15.996
4685.2,-20.995
4685.3,-24.994
4685.4,-20.995
4685.5,-18.995
4685.6,-19.995
4685.7,-19.995
4685.8,-23.994
4685.9,-22.994
4686.0,-19.995
4686.1,-23.994
4686.2,-26.993
4686.3,-23.994
4686.4,-28.993
4686.5,-26.993
4686.6,-26.993
4686.7,-30.992
4686.8,-26.993
4686.9,-24.994
4687.0,-27.993
4687.1,-27.993
4687.2,-30.992
4687.3,-30.992
4687.4,-31.992
4687.5,-30.992
4687.6,-33.992
4687.7,-32.992
4687.8,-30.992
4687.9,-35.991
4688.0,-30.992
4688.1,-31.992
4688.2,-30.992
4688.3,-31.992
4688.4,-26.993
4688.5,-30.992
4688.6,-25.994
4688.7,-30.992
4688.8,-27.993
4688.9,-26.993
4689.0,-25.994
4689.1,-26.993
4689.2,-26.993
4689.3,-25.994
4689.4,-27.993
4689.5,-30.992
4689.6,-24.994
4689.7,-19.995
4689.8,-22.994
4689.9,-17.995
4690.0,-24.994
4690.1,-19.995
4690.2,-20.995
4690.3,-18.995
4690.4,-17.995
4690.5,-19.995
4690.6,-17.995
4690.7,-16.996
4690.8,-10.997
4690.9,-15.996
4691.0,-14.996
4691.1,-6.998
4691.2,-10.997
4691.3,-6.998
4691.4,-8.998
4691.5,-8.998
4691.6,-4.999
4691.7,-4.999
4691.8,-1.0
4691.9,1.0
4692.0,1.0
4692.1,1.0
4692.2,2.0
4692.3,4.999
4692.4,6.998
4692.5,4.999
4692.6,5.998
4692.7,7.998
4692.8,7.998
4692.9,10.997
4693.0,13.997
4693.1,14.996
4693.2,11.997
4693.3,14.996
4693.4,11.997
4693.5,14.996
4693.6,14.996
4693.7,18.995
4693.8,15.996
4693.9,19.995
4694.0,18.995
4694.1,22.994
4694.2,18.995
4694.3,17.995
4694.4,23.994
4694.5,19.995
4694.6,19.995
4694.7,22.994
4694.8,24.994
4694.9,25.994
4695.0,26.993
4695.1,23.994
4695.2,25.994
4695.3,27.993
4695.4,30.992
4695.5,27.993
4695.6,26.993
4695.7,26.993
4695.8,28.993
4695.9,30.992
4696.0,28.993
4696.1,28.993
4696.2,30.992
4696.3,32.992
4696.4,31.992
4696.5,33.992
4696.6,31.992
4696.7,33.992
4696.8,32.992
4696.9,32.992
4697.0,34.991
4697.1,31.992
4697.2,36.991
4697.3,35.991
4697.4,33.992
4697.5,34.991
4697.6,35.991
4697.7,34.991
4697.8,33.992
4697.9,35.991
4698.0,36.991
4698.1,35.991
4698.2,36.991
4698.3,33.992
4698.4,32.992
4698.5,31.992
4698.6,32.992
4698.7,34.991
4698.8,31.992
4698.9,31.992
4699.0,32.992
4699.1,32.992
4699.2,31.992
4699.3,30.992
4699.4,26.993
4699.5,28.993
4699.6,28.993
4699.7,28.993
4699.8,25.994
4699.9,26.993
4700.0,24.994
4700.1,23.994
4700.2,24.994
4700.3,20.995
4700.4,20.995
4700.5,18.995
4700.6,18.995
4700.7,17.995
4700.8,17.995
4700.9,14.996
4701.0,17.995
4701.1,11.997
4701.2,14.996
4701.3,13.997
4701.4,11.997
4701.5,7.998
4701.6,8.998
4701.7,7.998
4701.8,8.998
4701.9,7.998
4702.0,4.999
4702.1,5.998
4702.2,2.0
4702.3,2.0
4702.4,1.0
4702.5,1.0
4702.6,0.0
4702.7,-2.0
4702.8,-1.0
4702.9,-4.999
4703.0,-6.998
4703.1,-5.998
4703.2,-5.998
4703.3,-8.998
4703.4,-9.998
4703.5,-9.998
4703.6,-11.997
4703.7,-13.997
4703.8,-16.996
4703.9,-14.996
4704.0,-14.996
4704.1,-13.997
4704.2,-15.996
4704.3,-19.995
4704.4,-22.994
4704.5,-16.996
4704.6,-18.995
4704.7,-16.996
4704.8,-19.995
4704.9,-17.995
4705.0,-18.995
4705.1,-24.994
4705.2,-20.995
4705.3,-25.994
4705.4,-22.994
4705.5,-23.994
4705.6,-22.994
4705.7,-25.994
4705.8,-23.994
4705.9,-22.994
4706.0,-26.993
4706.1,-30.992
4706.2,-27.993
4706.3,-28.993
4706.4,-26.993
4706.5,-28.993
4706.6,-28.993
4706.7,-30.992
4706.8,-31.992
4706.9,-30.992
4707.0,-27.993
4707.1,-28.993
4707.2,-30.992
4707.3,-31.992
4707.4,-32.992
4707.5,-32.992
4707.6,-30.992
4707.7,-35.991
4707.8,-31.992
4707.9,-32.992
4708.0,-28.993
4708.1,-31.992
4708.2,-30.992
4708.3,-32.992
4708.4,-31.992
4708.5,-28.993
4708.6,-26.993
4708.7,-30.992
4708.8,-25.994
4708.9,-28.993
4709.0,-25.994
4709.1,-28.993
4709.2,-27.993
4709.3,-24.994
4709.4,-25.994
4709.5,-23.994
4709.6,-18.995
4709.7,-19.995
4709.8,-23.994
4709.9,-20.995
4710.0,-19.995
4710.1,-18.995
4710.2,-17.995
4710.3,-16.996
4710.4,-19.995
4710.5,-15.996
4710.6,-13.997
4710.7,-13.997
4710.8,-15.996
4710.9,-11.997
4711.0,-9.998
4711.1,-7.998
4711.2,-7.998
4711.3,-6.998
4711.4,-2.0
4711.5,-5.998
4711.6,-4.999
4711.7,0.0
4711.8,-4.999
4711.9,2.999
4712.0,1.0
4712.1,0.0
4712.2,0.0
4712.3,2.999
4712.4,5.998
4712.5,4.999
4712.6,7.998
4712.7,8.998
4712.8,8.998
4712.9,9.998
4713.0,6.998
4713.1,11.997
4713.2,8.998
4713.3,11.997
4713.4,11.997
4713.5,16.996
4713.6,13.997
4713.7,17.995
4713.8,16.996
4713.9,17.995
4714.0,15.996
4714.1,22.994
4714.2,19.995
4714.3,19.995
4714.4,24.994
4714.5,19.995
4714.6,22.994
4714.7,24.994
4714.8,20.995
4714.9,25.994
4715.0,24.994
4715.1,25.994
4715.2,25.994
4715.3,30.992
4715.4,26.993
4715.5,27.993
4715.6,27.993
4715.7,27.993
4715.8,30.992
4715.9,27.993
4716.0,28.993
4716.1,30.992
4716.2,30.992
4716.3,27.993
4716.4,32.992
4716.5,31.992
4716.6,31.992
4716.7,32.992
4716.8,36.991
4716.9,32.992
4717.0,35.991
4717.1,33.992
4717.2,34.991
4717.3,34.991
4717.4,33.992
4717.5,34.991
4717.6,32.992
4717.7,37.991
4717.8,35.991
4717.9,36.991
4718.0,34.991
4718.1,34.991
4718.2,35.991
4718.3,33.992
4718.4,37.991
4718.5,32.992
4718.6,33.992
4718.7,28.993
4718.8,33.992
4718.9,31.992
4719.0,28.993
4719.1,34.991
4719.2,31.992
4719.3,28.993
4719.4,27.993
4719.5,28.993
4719.6,27.993
4719.7,25.994
4719.8,25.994
4719.9,25.994
4720.0,26.993
4720.1,24.994
4720.2,20.995
4720.3,22.994
4720.4,20.995
4720.5,19.995
4720.6,14.996
4720.7,16.996
4720.8,17.995
4720.9,18.995
4721.0,16.996
4721.1,13.997
4721.2,9.998
4721.3,8.998
4721.4,11.997
4721.5,4.999
4721.6,6.998
4721.7,10.997
4721.8,4.999
4721.9,5.998
4722.0,2.999
4722.1,6.998
4722.2,1.0
4722.3,0.0
4722.4,1.0
4722.5,1.0
4722.6,-1.0
4722.7,-4.999
4722.8,-2.999
4722.9,-5.998
4723.0,-4.999
4723.1,-7.998
4723.2,-5.998
4723.3,-8.998
4723.4,-9.998
4723.5,-13.997
4723.6,-10.997
4723.7,-13.997
4723.8,-15.996
4723.9,-11.997
4724.0,-10.997
4724.1,-16.996
4724.2,-18.995
4724.3,-17.995
4724.4,-16.996
4724.5,-18.995
4724.6,-22.994
4724.7,-18.995
4724.8,-20.995
4724.9,-14.996
4725.0,-18.995
4725.1,-18.995
4725.2,-23.994
4725.3,-23.994
4725.4,-24.994
4725.5,-20.995
4725.6,-27.993
4725.7,-25.994
4725.8,-25.994
4725.9,-24.994
4726.0,-27.993
4726.1,-25.994
4726.2,-30.992
4726.3,-26.993
4726.4,-30.992
4726.5,-30.992
4726.6,-26.993
4726.7,-26.993
4726.8,-32.992
4726.9,-27.993
4727.0,-28.993
4727.1,-31.992
4727.2,-31.992
4727.3,-30.992
4727.4,-32.992
4727.5,-33.992
4727.6,-28.993
4727.7,-30.992
4727.8,-34.991
4727.9,-34.991
4728.0,-34.991
4728.1,-33.992
4728.2,-30.992
4728.3,-28.993
4728.4,-30.992
4728.5,-27.993
4728.6,-28.993
4728.7,-25.994
4728.8,-28.993
4728.9,-27.993
4729.0,-27.993
4729.1,-27.993
4729.2,-23.994
4729.3,-25.994
4729.4,-26.993
4729.5,-26.993
4729.6,-30.992
4729.7,-24.994
4729.8,-20.995
4729.9,-20.995
4730.0,-17.995
4730.1,-17.995
4730.2,-16.996
4730.3,-10.997
4730.4,-14.996
4730.5,-15.996
4730.6,-13.997
4730.7,-14.996
4730.8,-11.997
4730.9,-9.998
4731.0,-7.998
4731.1,-8.998
4731.2,-10.997
4731.3,-5.998
4731.4,-5.998
4731.5,-2.999
4731.6,0.0
4731.7,0.0
4731.8,-2.999
4731.9,1.0
4732.0,-2.0
4732.1,1.0
4732.2,2.999
4732.3,5.998
4732.4,7.998
4732.5,5.998
4732.6,8.998
4732.7,9.998
4732.8,11.997
4732.9,10.997
4733.0,11.997
4733.1,14.996
4733.2,11.997
4733.3,16.996
4733.4,15.996
4733.5,14.996
4733.6,16.996
4733.7,19.995
4733.8,17.995
4733.9,19.995
4734.0,20.995
4734.1,24.994
4734.2,22.994
4734.3,24.994
4734.4,23.994
4734.5,22.994
4734.6,24.994
4734.7,27.993
4734.8,24.994
4734.9,30.992
4735.0,25.994
4735.1,28.993
4735.2,30.992
4735.3,30.992
4735.4,30.992
4735.5,27.993
4735.6,31.992
4735.7,31.992
4735.8,30.992
4735.9,30.992
4736.0,31.992
4736.1,31.992
4736.2,32.992
4736.3,30.992
4736.4,34.991
4736.5,33.992
4736.6,36.991
4736.7,36.991
4736.8,36.991
4736.9,36.991
4737.0,35.991
4737.1,33.992
4737.2,35.991
4737.3,37.991
4737.4,36.991
4737.5,36.991
4737.6,33.992
4737.7,39.99
4737.8,35.991
4737.9,31.992
4738.0,37.991
4738.1,39.99
4738.2,35.991
4738.3,35.991
4738.4,33.992
4738.5,36.991
4738.6,33.992
4738.7,33.992
4738.8,30.992
4738.9,32.992
4739.0,34.991
4739.1,34.991
4739.2,31.992
4739.3,31.992
4739.4,30.992
4739.5,30.992
4739.6,24.994
4739.7,25.994
4739.8,25.994
4739.9,24.994
4740.0,23.994
4740.1,25.994
4740.2,23.994
4740.3,24.994
4740.4,20.995
4740.5,19.995
4740.6,20.995
4740.7,22.994
4740.8,19.995
4740.9,16.996
4741.0,16.996
4741.1,11.997
4741.2,13.997
4741.3,10.997
4741.4,9.998
4741.5,7.998
4741.6,7.998
4741.7,2.0
4741.8,2.999
4741.9,2.999
4742.0,5.998
4742.1,2.999
4742.2,0.0
4742.3,1.0
4742.4,0.0
4742.5,-2.0
4742.6,-4.999
4742.7,-5.998
4742.8,-7.998
4742.9,-9.998
4743.0,-7.998
4743.1,-6.998
4743.2,-9.998
4743.3,-8.998
4743.4,-9.998
4743.5,-14.996
4743.6,-13.997
4743.7,-18.995
4743.8,-17.995
4743.9,-17.995
4744.0,-16.996
4744.1,-14.996
4744.2,-18.995
4744.3,-18.995
4744.4,-20.995
4744.5,-20.995
4744.6,-22.994
4744.7,-18.995
4744.8,-23.994
4744.9,-20.995
4745.0,-24.994
4745.1,-22.994
4745.2,-25.994
4745.3,-23.994
4745.4,-25.994
4745.5,-27.993
4745.6,-28.993
4745.7,-26.993
4745.8,-22.994
4745.9,-26.993
4746.0,-26.993
4746.1,-30.992
4746.2,-28.993
4746.3,-30.992
4746.4,-27.993
4746.5,-27.993
4746.6,-31.992
4746.7,-28.993
4746.8,-31.992
4746.9,-32.992
4747.0,-34.991
4747.1,-30.992
4747.2,-27.993
4747.3,-32.992
4747.4,-32.992
4747.5,-32.992
4747.6,-31.992
4747.7,-33.992
4747.8,-32.992
4747.9,-36.991
4748.0,-35.991
4748.1,-32.992
4748.2,-33.992
4748.3,-32.992
4748.4,-32.992
4748.5,-30.992
4748.6,-32.992
4748.7,-31.992
4748.8,-27.993
4748.9,-28.993
4749.0,-27.993
4749.1,-27.993
4749.2,-25.994
4749.3,-24.994
4749.4,-30.992
4749.5,-20.995
4749.6,-23.994
4749.7,-22.994
4749.8,-23.994
4749.9,-19.995
4750.0,-17.995
4750.1,-18.995
4750.2,-17.995
4750.3,-18.995
4750.4,-15.996
4750.5,-16.996
4750.6,-15.996
4750.7,-14.996
4750.8,-11.997
4750.9,-14.996
4751.0,-9.998
4751.1,-8.998
4751.2,-7.998
4751.3,-4.999
4751.4,-8.998
4751.5,-7.998
4751.6,-1.0
4751.7,-1.0
4751.8,-2.0
4751.9,5.998
4752.0,1.0
4752.1,0.0
4752.2,4.999
4752.3,1.0
4752.4,2.999
4752.5,4.999
4752.6,7.998
4752.7,8.998
4752.8,8.998
4752.9,10.997
4753.0,11.997
4753.1,11.997
4753.2,13.997
4753.3,15.996
4753.4,10.997
4753.5,16.996
4753.6,17.995
4753.7,16.996
4753.8,17.995
4753.9,16.996
4754.0,20.995
4754.1,20.995
4754.2,22.994
4754.3,23.994
4754.4,23.994
4754.5,22.994
4754.6,22.994
4754.7,22.994
4754.8,24.994
4754.9,25.994
4755.0,27.993
4755.1,25.994
4755.2,27.993
4755.3,31.992
4755.4,28.993
4755.5,27.993
4755.6,30.992
4755.7,28.993
4755.8,32.992
4755.9,30.992
4756.0,30.992
4756.1,31.992
4756.2,27.993
4756.3,32.992
4756.4,30.992
4756.5,32.992
4756.6,35.991
4756.7,32.992
4756.8,32.992
4756.9,36.991
4757.0,35.991
4757.1,32.992
4757.2,34.991
4757.3,33.992
4757.4,33.992
4757.5,37.991
4757.6,31.992
4757.7,35.991
4757.8,35.991
4757.9,39.99
4758.0,34.991
4758.1,35.991
4758.2,34.991
4758.3,34.991
4758.4,37.991
4758.5,32.992
4758.6,28.993
4758.7,31.992
4758.8,30.992
4758.9,30.992
4759.0,31.992
4759.1,30.992
4759.2,27.993
4759.3,28.993
4759.4,27.993
4759.5,30.992
4759.6,27.993
4759.7,25.994
4759.8,26.993
4759.9,27.993
4760.0,25.994
4760.1,24.994
4760.2,20.995
4760.3,23.994
4760.4,19.995
4760.5,19.995
4760.6,17.995
4760.7,19.995
4760.8,15.996
4760.9,15.996
4761.0,17.995
4761.1,14.996
4761.2,9.998
4761.3,10.997
4761.4,9.998
4761.5,7.998
4761.6,5.998
4761.7,6.998
4761.8,5.998
4761.9,2.0
4762.0,2.0
4762.1,5.998
4762.2,4.999
4762.3,0.0
4762.4,1.0
4762.5,-1.0
4762.6,-2.999
4762.7,-4.999
4762.8,-2.999
4762.9,-10.997
4763.0,-8.998
4763.1,-7.998
4763.2,-7.998
4763.3,-7.998
4763.4,-7.998
4763.5,-13.997
4763.6,-9.998
4763.7,-14.996
4763.8,-15.996
4763.9,-14.996
4764.0,-17.995
4764.1,-14.996
4764.2,-17.995
4764.3,-16.996
4764.4,-15.996
4764.5,-17.995
4764.6,-18.995
4764.7,-17.995
4764.8,-19.995
4764.9,-20.995
4765.0,-22.994
4765.1,-19.995
4765.2,-19.995
4765.3,-23.994
4765.4,-23.994
4765.5,-20.995
4765.6,-25.994
4765.7,-25.994
4765.8,-26.993
4765.9,-25.994
4766.0,-26.993
4766.1,-30.992
4766.2,-26.993
4766.3,-27.993
4766.4,-26.993
4766.5,-28.993
4766.6,-28.993
4766.7,-28.993
4766.8,-32.992
4766.9,-30.992
4767.0,-27.993
4767.1,-30.992
4767.2,-32.992
4767.3,-30.992
4767.4,-31.992
4767.5,-30.992
4767.6,-32.992
4767.7,-28.993
4767.8,-27.993
4767.9,-31.992
4768.0,-27.993
4768.1,-30.992
4768.2,-32.992
4768.3,-31.992
4768.4,-30.992
4768.5,-31.992
4768.6,-27.993
4768.7,-27.993
4768.8,-30.992
4768.9,-26.993
4769.0,-25.994
4769.1,-24.994
4769.2,-23.994
4769.3,-25.994
4769.4,-25.994
4769.5,-24.994
4769.6,-23.994
4769.7,-20.995
4769.8,-20.995
4769.9,-23.994
4770.0,-18.995
4770.1,-18.995
4770.2,-17.995
4770.3,-18.995
4770.4,-15.996
4770.5,-18.995
4770.6,-8.998
4770.7,-9.998
4770.8,-16.996
4770.9,-11.997
4771.0,-11.997
4771.1,-9.998
4771.2,-8.998
4771.3,-4.999
4771.4,-4.999
4771.5,-2.999
4771.6,-2.999
4771.7,-1.0
4771.8,-4.999
4771.9,0.0
4772.0,1.0
4772.1,2.0
4772.2,2.0
4772.3,2.999
4772.4,2.0
4772.5,5.998
4772.6,6.998
4772.7,7.998
4772.8,11.997
4772.9,11.997
4773.0,7.998
4773.1,13.997
4773.2,9.998
4773.3,16.996
4773.4,16.996
4773.5,17.995
4773.6,11.997
4773.7,17.995
4773.8,17.995
4773.9,20.995
4774.0,18.995
4774.1,19.995
4774.2,22.994
4774.3,22.994
4774.4,20.995
4774.5,23.994
4774.6,25.994
4774.7,26.993
4774.8,23.994
4774.9,23.994
4775.0,27.993
4775.1,23.994
4775.2,24.994
4775.3,26.993
4775.4,30.992
4775.5,28.993
4775.6,32.992
4775.7,31.992
4775.8,30.992
4775.9,30.992
4776.0,28.993
4776.1,28.993
4776.2,32.992
4776.3,30.992
4776.4,33.992
4776.5,31.992
4776.6,31.992
4776.7,33.992
4776.8,34.991
4776.9,30.992
4777.0,33.992
4777.1,34.991
4777.2,35.991
4777.3,35.991
4777.4,36.991
4777.5,34.991
4777.6,36.991
4777.7,32.992
4777.8,34.991
4777.9,39.99
4778.0,35.991
4778.1,34.991
4778.2,35.991
4778.3,36.991
4778.4,31.992
4778.5,34.991
4778.6,34.991
4778.7,32.992
4778.8,34.991
4778.9,32.992
4779.0,31.992
4779.1,31.992
4779.2,27.993
4779.3,30.992
4779.4,27.993
4779.5,30.992
4779.6,32.992
4779.7,27.993
4779.8,26.993
4779.9,25.994
4780.0,20.995
4780.1,25.994
4780.2,23.994
4780.3,23.994
4780.4,23.994
4780.5,22.994
4780.6,19.995
4780.7,17.995
4780.8,18.995
4780.9,17.995
4781.0,13.997
4781.1,15.996
4781.2,14.996
4781.3,11.997
4781.4,10.997
4781.5,8.998
4781.6,7.998
4781.7,8.998
4781.8,6.998
4781.9,7.998
4782.0,6.998
4782.1,2.0
4782.2,2.0
4782.3,2.0
4782.4,2.0
4782.5,0.0
4782.6,-4.999
4782.7,-2.999
4782.8,-5.998
4782.9,-7.998
4783.0,-6.998
4783.1,-6.998
4783.2,-6.998
4783.3,-8.998
4783.4,-13.997
4783.5,-8.998
4783.6,-13.997
4783.7,-14.996
4783.8,-14.996
4783.9,-16.996
4784.0,-14.996
4784.1,-16.996
4784.2,-15.996
4784.3,-15.996
4784.4,-17.995
4784.5,-18.995
4784.6,-19.995
4784.7,-19.995
4784.8,-19.995
4784.9,-23.994
4785.0,-20.995
4785.1,-18.995
4785.2,-19.995
4785.3,-23.994
4785.4,-22.994
4785.5,-23.994
4785.6,-26.993
4785.7,-24.994
4785.8,-23.994
4785.9,-27.993
4786.0,-25.994
4786.1,-30.992
4786.2,-28.993
4786.3,-25.994
4786.4,-27.993
4786.5,-28.993
4786.6,-28.993
4786.7,-31.992
4786.8,-30.992
4786.9,-30.992
4787.0,-33.992
4787.1,-31.992
4787.2,-32.992
4787.3,-34.991
4787.4,-27.993
4787.5,-34.991
4787.6,-32.992
4787.7,-32.992
4787.8,-30.992
4787.9,-32.992
4788.0,-28.993
4788.1,-32.992
4788.2,-31.992
4788.3,-35.991
4788.4,-34.991
4788.5,-33.992
4788.6,-28.993
4788.7,-28.993
4788.8,-28.993
4788.9,-25.994
4789.0,-28.993
4789.1,-25.994
4789.2,-22.994
4789.3,-24.994
4789.4,-26.993
4789.5,-25.994
4789.6,-20.995
4789.7,-20.995
4789.8,-23.994
4789.9,-22.994
4790.0,-24.994
4790.1,-22.994
4790.2,-15.996
4790.3,-19.995
4790.4,-16.996
4790.5,-14.996
4790.6,-16.996
4790.7,-13.997
4790.8,-11.997
4790.9,-9.998
4791.0,-11.997
4791.1,-11.997
4791.2,-10.997
4791.3,-7.998
4791.4,-6.998
4791.5,-4.999
4791.6,-6.998
4791.7,-4.999
4791.8,-2.0
4791.9,-2.999
4792.0,-1.0
4792.1,-1.0
4792.2,1.0
4792.3,5.998
4792.4,2.0
4792.5,5.998
4792.6,4.999
4792.7,7.998
4792.8,8.998
4792.9,9.998
4793.0,9.998
4793.1,9.998
4793.2,10.997
4793.3,13.997
4793.4,15.996
4793.5,15.996
4793.6,15.996
4793.7,14.996
4793.8,17.995
4793.9,15.996
4794.0,18.995
4794.1,17.995
4794.2,22.994
4794.3,23.994
4794.4,22.994
4794.5,24.994
4794.6,18.995
4794.7,23.994
4794.8,24.994
4794.9,19.995
4795.0,25.994
4795.1,27.993
4795.2,25.994
4795.3,22.994
4795.4,25.994
4795.5,27.993
4795.6,34.991
4795.7,26.993
4795.8,28.993
4795.9,28.993
4796.0,30.992
4796.1,28.993
4796.2,28.993
4796.3,30.992
4796.4,30.992
4796.5,32.992
4796.6,32.992
4796.7,28.993
4796.8,35.991
4796.9,34.991
4797.0,35.991
4797.1,34.991
4797.2,32.992
4797.3,34.991
4797.4,35.991
4797.5,36.991
4797.6,35.991
4797.7,35.991
4797.8,33.992
4797.9,33.992
4798.0,35.991
4798.1,35.991
4798.2,32.992
4798.3,35.991
4798.4,34.991
4798.5,35.991
4798.6,32.992
4798.7,33.992
4798.8,31.992
4798.9,28.993
4799.0,32.992
4799.1,32.992
4799.2,28.993
4799.3,30.992
4799.4,27.993
4799.5,30.992
4799.6,27.993
4799.7,28.993
4799.8,30.992
4799.9,27.993
4800.0,26.993
4800.1,24.994
4800.2,22.994
4800.3,22.994
4800.4,18.995
4800.5,20.995
4800.6,18.995
4800.7,22.994
4800.8,14.996
4800.9,19.995
4801.0,14.996
4801.1,13.997
4801.2,9.998
4801.3,11.997
4801.4,9.998
4801.5,7.998
4801.6,7.998
4801.7,7.998
4801.8,5.998
4801.9,5.998
4802.0,2.0
4802.1,2.999
4802.2,4.999
4802.3,4.999
4802.4,0.0
4802.5,1.0
4802.6,1.0
4802.7,-4.999
4802.8,-2.999
4802.9,-6.998
4803.0,-5.998
4803.1,-7.998
4803.2,-9.998
4803.3,-13.997
4803.4,-6.998
4803.5,-8.998
4803.6,-9.998
4803.7,-15.996
4803.8,-15.996
4803.9,-13.997
4804.0,-14.996
4804.1,-17.995
4804.2,-15.996
4804.3,-18.995
4804.4,-19.995
4804.5,-16.996
4804.6,-16.996
4804.7,-19.995
4804.8,-16.996
4804.9,-20.995
4805.0,-19.995
4805.1,-19.995
4805.2,-20.995
4805.3,-20.995
4805.4,-19.995
4805.5,-20.995
4805.6,-22.994
4805.7,-23.994
4805.8,-22.994
4805.9,-25.994
4806.0,-26.993
4806.1,-27.993
4806.2,-27.993
4806.3,-25.994
4806.4,-23.994
4806.5,-28.993
4806.6,-30.992
4806.7,-27.993
4806.8,-30.992
4806.9,-31.992
4807.0,-31.992
4807.1,-28.993
4807.2,-33.992
4807.3,-33.992
4807.4,-33.992
4807.5,-30.992
4807.6,-28.993
4807.7,-25.994
4807.8,-27.993
4807.9,-28.993
4808.0,-30.992
4808.1,-32.992
4808.2,-32.992
4808.3,-28.993
4808.4,-30.992
4808.5,-30.992
4808.6,-26.993
4808.7,-28.993
4808.8,-27.993
4808.9,-25.994
4809.0,-26.993
4809.1,-24.994
4809.2,-25.994
4809.3,-25.994
4809.4,-25.994
4809.5,-25.994
4809.6,-23.994
4809.7,-26.993
4809.8,-24.994
4809.9,-19.995
4810.0,-19.995
4810.1,-19.995
4810.2,-15.996
4810.3,-16.996
4810.4,-16.996
4810.5,-16.996
4810.6,-14.996
4810.7,-13.997
4810.8,-14.996
4810.9,-9.998
4811.0,-10.997
4811.1,-11.997
4811.2,-7.998
4811.3,-7.998
4811.4,-6.998
4811.5,-2.0
4811.6,-5.998
4811.7,-7.998
4811.8,-2.999
4811.9,1.0
4812.0,-5.998
4812.1,1.0
4812.2,2.999
4812.3,4.999
4812.4,4.999
4812.5,1.0
4812.6,5.998
4812.7,9.998
4812.8,6.998
4812.9,10.997
4813.0,6.998
4813.1,9.998
4813.2,11.997
4813.3,10.997
4813.4,14.996
4813.5,15.996
4813.6,16.996
4813.7,15.996
4813.8,16.996
4813.9,17.995
4814.0,19.995
4814.1,16.996
4814.2,18.995
4814.3,22.994
4814.4,20.995
4814.5,22.994
4814.6,26.993
4814.7,20.995
4814.8,28.993
4814.9,23.994
4815.0,24.994
4815.1,25.994
4815.2,24.994
4815.3,26.993
4815.4,25.994
4815.5,28.993
4815.6,30.992
4815.7,30.992
4815.8,30.992
4815.9,30.992
4816.0,33.992
4816.1,27.993
4816.2,32.992
4816.3,35.991
4816.4,32.992
4816.5,32.992
4816.6,31.992
4816.7,31.992
4816.8,34.991
4816.9,36.991
4817.0,35.991
4817.1,36.991
4817.2,34.991
4817.3,34.991
4817.4,33.992
4817.5,36.991
4817.6,35.991
4817.7,35.991
4817.8,35.991
4817.9,39.99
4818.0,34.991
4818.1,35.991
4818.2,35.991
4818.3,34.991
4818.4,37.991
4818.5,35.991
4818.6,30.992
4818.7,30.992
4818.8,33.992
4818.9,32.992
4819.0,32.992
4819.1,28.993
4819.2,31.992
4819.3,26.993
4819.4,28.993
4819.5,30.992
4819.6,27.993
4819.7,25.994
4819.8,28.993
4819.9,26.993
4820.0,24.994
4820.1,22.994
4820.2,24.994
4820.3,19.995
4820.4,24.994
4820.5,16.996
4820.6,18.995
4820.7,20.995
4820.8,18.995
4820.9,15.996
4821.0,17.995
4821.1,16.996
4821.2,15.996
4821.3,10.997
4821.4,11.997
4821.5,7.998
4821.6,8.998
4821.7,5.998
4821.8,5.998
4821.9,4.999
4822.0,2.999
4822.1,5.998
4822.2,2.999
4822.3,-2.0
4822.4,2.0
4822.5,-2.0
4822.6,-1.0
4822.7,-2.999
4822.8,-2.999
4822.9,-6.998
4823.0,-2.999
4823.1,-7.998
4823.2,-6.998
4823.3,-7.998
4823.4,-11.997
4823.5,-10.997
4823.6,-15.996
4823.7,-10.997
4823.8,-13.997
4823.9,-13.997
4824.0,-17.995
4824.1,-15.996
4824.2,-15.996
4824.3,-18.995
4824.4,-19.995
4824.5,-18.995
4824.6,-20.995
4824.7,-19.995
4824.8,-20.995
4824.9,-19.995
4825.0,-20.995
4825.1,-22.994
4825.2,-23.994
4825.3,-22.994
4825.4,-24.994
4825.5,-22.994
4825.6,-24.994
4825.7,-26.993
4825.8,-25.994
4825.9,-27.993
4826.0,-27.993
4826.1,-27.993
4826.2,-27.993
4826.3,-25.994
4826.4,-26.993
4826.5,-27.993
4826.6,-26.993
4826.7,-27.993
4826.8,-28.993
4826.9,-28.993
4827.0,-30.992
4827.1,-34.991
4827.2,-30.992
4827.3,-33.992
4827.4,-28.993
4827.5,-28.993
4827.6,-32.992
4827.7,-33.992
4827.8,-30.992
4827.9,-31.992
4828.0,-32.992
4828.1,-31.992
4828.2,-31.992
4828.3,-30.992
4828.4,-31.992
4828.5,-28.993
4828.6,-27.993
4828.7,-30.992
4828.8,-30.992
4828.9,-25.994
4829.0,-25.994
4829.1,-26.993
4829.2,-25.994
4829.3,-25.994
4829.4,-26.993
4829.5,-20.995
4829.6,-24.994
4829.7,-24.994
4829.8,-22.994
4829.9,-23.994
4830.0,-19.995
4830.1,-19.995
4830.2,-20.995
4830.3,-18.995
4830.4,-15.996
4830.5,-15.996
4830.6,-16.996
4830.7,-11.997
4830.8,-8.998
4830.9,-11.997
4831.0,-11.997
4831.1,-7.998
4831.2,-9.998
4831.3,-4.999
4831.4,-7.998
4831.5,-4.999
4831.6,-7.998
4831.7,-4.999
4831.8,-2.0
4831.9,0.0
4832.0,1.0
4832.1,-2.0
4832.2,2.999
4832.3,2.0
4832.4,2.999
4832.5,4.999
4832.6,6.998
4832.7,6.998
4832.8,9.998
4832.9,9.998
4833.0,10.997
4833.1,11.997
4833.2,10.997
4833.3,15.996
4833.4,16.996
4833.5,16.996
4833.6,16.996
4833.7,15.996
4833.8,16.996
4833.9,15.996
4834.0,18.995
4834.1,20.995
4834.2,19.995
4834.3,20.995
4834.4,24.994
4834.5,22.994
4834.6,22.994
4834.7,28.993
4834.8,26.993
4834.9,26.993
4835.0,23.994
4835.1,25.994
4835.2,24.994
4835.3,25.994
4835.4,24.994
4835.5,30.992
4835.6,27.993
4835.7,26.993
4835.8,30.992
4835.9,25.994
4836.0,32.992
4836.1,33.992
4836.2,31.992
4836.3,31.992
4836.4,28.993
4836.5,31.992
4836.6,31.992
4836.7,36.991
4836.8,34.991
4836.9,32.992
4837.0,33.992
4837.1,32.992
4837.2,36.991
4837.3,36.991
4837.4,36.991
4837.5,36.991
4837.6,34.991
4837.7,36.991
4837.8,32.992
4837.9,32.992
4838.0,33.992
4838.1,33.992
4838.2,33.992
4838.3,32.992
4838.4,34.991
4838.5,34.991
4838.6,33.992
4838.7,32.992
4838.8,32.992
4838.9,32.992
4839.0,28.993
4839.1,26.993
4839.2,30.992
4839.3,31.992
4839.4,25.994
4839.5,24.994
4839.6,26.993
4839.7,26.993
4839.8,26.993
4839.9,24.994
4840.0,23.994
4840.1,23.994
4840.2,22.994
4840.3,23.994
4840.4,16.996
4840.5,18.995
4840.6,17.995
4840.7,18.995
4840.8,18.995
4840.9,14.996
4841.0,14.996
4841.1,13.997
4841.2,13.997
4841.3,11.997
4841.4,10.997
4841.5,9.998
4841.6,8.998
4841.7,6.998
4841.8,4.999
4841.9,5.998
4842.0,2.999
4842.1,0.0
4842.2,2.0
4842.3,0.0
4842.4,0.0
4842.5,2.0
4842.6,-4.999
4842.7,0.0
4842.8,-5.998
4842.9,-6.998
4843.0,-7.998
4843.1,-6.998
4843.2,-7.998
4843.3,-10.997
4843.4,-9.998
4843.5,-14.996
4843.6,-10.997
4843.7,-11.997
4843.8,-13.997
4843.9,-15.996
4844.0,-14.996
4844.1,-13.997
4844.2,-16.996
4844.3,-16.996
4844.4,-19.995
4844.5,-17.995
4844.6,-20.995
4844.7,-22.994
4844.8,-22.994
4844.9,-18.995
4845.0,-23.994
4845.1,-23.994
4845.2,-24.994
4845.3,-23.994
4845.4,-22.994
4845.5,-25.994
4845.6,-25.994
4845.7,-24.994
4845.8,-24.994
4845.9,-25.994
4846.0,-25.994
4846.1,-26.993
4846.2,-27.993
4846.3,-27.993
4846.4,-27.993
4846.5,-30.992
4846.6,-31.992
4846.7,-28.993
4846.8,-33.992
4846.9,-32.992
4847.0,-27.993
4847.1,-28.993
4847.2,-34.991
4847.3,-27.993
4847.4,-32.992
4847.5,-31.992
4847.6,-30.992
4847.7,-28.993
4847.8,-32.992
4847.9,-30.992
4848.0,-30.992
4848.1,-32.992
4848.2,-32.992
4848.3,-27.993
4848.4,-27.993
4848.5,-27.993
4848.6,-30.992
4848.7,-27.993
4848.8,-26.993
4848.9,-26.993
4849.0,-24.994
4849.1,-25.994
4849.2,-26.993
4849.3,-25.994
4849.4,-26.993
4849.5,-22.994
4849.6,-24.994
4849.7,-27.993
4849.8,-22.994
4849.9,-22.994
4850.0,-17.995
4850.1,-15.996
4850.2,-19.995
4850.3,-20.995
4850.4,-16.996
4850.5,-11.997
4850.6,-14.996
4850.7,-13.997
4850.8,-13.997
4850.9,-14.996
4851.0,-11.997
4851.1,-9.998
4851.2,-6.998
4851.3,-8.998
4851.4,-5.998
4851.5,-2.999
4851.6,-7.998
4851.7,1.0
4851.8,-2.0
4851.9,1.0
4852.0,2.0
4852.1,2.999
4852.2,5.998
4852.3,2.999
4852.4,4.999
4852.5,5.998
4852.6,8.998
4852.7,7.998
4852.8,8.998
4852.9,11.997
4853.0,11.997
4853.1,9.998
4853.2,15.996
4853.3,11.997
4853.4,15.996
4853.5,19.995
4853.6,15.996
4853.7,16.996
4853.8,17.995
4853.9,20.995
4854.0,17.995
4854.1,20.995
4854.2,22.994
4854.3,23.994
4854.4,23.994
4854.5,20.995
4854.6,25.994
4854.7,25.994
4854.8,25.994
4854.9,26.993
4855.0,25.994
4855.1,25.994
4855.2,25.994
4855.3,26.993
4855.4,28.993
4855.5,27.993
4855.6,28.993
4855.7,27.993
4855.8,31.992
4855.9,30.992
4856.0,33.992
4856.1,32.992
4856.2,35.991
4856.3,33.992
4856.4,31.992
4856.5,30.992
4856.6,32.992
4856.7,31.992
4856.8,35.991
4856.9,31.992
4857.0,34.991
4857.1,34.991
4857.2,35.991
4857.3,37.991
4857.4,37.991
4857.5,35.991
4857.6,36.991
4857.7,36.991
4857.8,34.991
4857.9,37.991
4858.0,34.991
4858.1,34.991
4858.2,34.991
4858.3,34.991
4858.4,36.991
4858.5,32.992
4858.6,33.992
4858.7,32.992
4858.8,34.991
4858.9,34.991
4859.0,27.993
4859.1,32.992
4859.2,31.992
4859.3,26.993
4859.4,25.994
4859.5,31.992
4859.6,24.994
4859.7,28.993
4859.8,28.993
4859.9,24.994
4860.0,25.994
4860.1,20.995
4860.2,20.995
4860.3,20.995
4860.4,18.995
4860.5,18.995
4860.6,19.995
4860.7,18.995
4860.8,15.996
4860.9,18.995
4861.0,15.996
4861.1,11.997
4861.2,14.996
4861.3,10.997
4861.4,10.997
4861.5,8.998
4861.6,8.998
4861.7,8.998
4861.8,4.999
4861.9,6.998
4862.0,1.0
4862.1,1.0
4862.2,2.0
4862.3,-2.0
4862.4,1.0
4862.5,-2.999
4862.6,0.0
4862.7,-5.998
4862.8,-6.998
4862.9,-4.999
4863.0,-6.998
4863.1,-9.998
4863.2,-10.997
4863.3,-7.998
4863.4,-13.997
4863.5,-11.997
4863.6,-14.996
4863.7,-14.996
4863.8,-11.997
4863.9,-11.997
4864.0,-13.997
4864.1,-10.997
4864.2,-17.995
4864.3,-15.996
4864.4,-18.995
4864.5,-18.995
4864.6,-16.996
4864.7,-22.994
4864.8,-20.995
4864.9,-20.995
4865.0,-19.995
4865.1,-24.994
4865.2,-23.994
4865.3,-22.994
4865.4,-22.994
4865.5,-18.995
4865.6,-22.994
4865.7,-23.994
4865.8,-23.994
4865.9,-26.993
4866.0,-26.993
4866.1,-28.993
4866.2,-27.993
4866.3,-27.993
4866.4,-27.993
4866.5,-28.993
4866.6,-27.993
4866.7,-30.992
4866.8,-28.993
4866.9,-31.992
4867.0,-30.992
4867.1,-30.992
4867.2,-31.992
4867.3,-33.992
4867.4,-30.992
4867.5,-33.992
4867.6,-27.993
4867.7,-33.992
4867.8,-35.991
4867.9,-31.992
4868.0,-31.992
4868.1,-32.992
4868.2,-34.991
4868.3,-27.993
4868.4,-33.992
4868.5,-26.993
4868.6,-28.993
4868.7,-27.993
4868.8,-32.992
4868.9,-24.994
4869.0,-22.994
4869.1,-27.993
4869.2,-23.994
4869.3,-23.994
4869.4,-24.994
4869.5,-24.994
4869.6,-24.994
4869.7,-26.993
4869.8,-22.994
4869.9,-26.993
4870.0,-19.995
4870.1,-17.995
4870.2,-17.995
4870.3,-16.996
4870.4,-15.996
4870.5,-16.996
4870.6,-11.997
4870.7,-8.998
4870.8,-13.997
4870.9,-11.997
4871.0,-6.998
4871.1,-4.999
4871.2,-5.998
4871.3,-7.998
4871.4,-6.998
4871.5,-2.999
4871.6,-2.0
4871.7,-1.0
4871.8,-2.0
4871.9,1.0
4872.0,1.0
4872.1,2.999
4872.2,0.0
4872.3,2.999
4872.4,2.0
4872.5,6.998
4872.6,5.998
4872.7,7.998
4872.8,7.998
4872.9,7.998
4873.0,8.998
4873.1,9.998
4873.2,10.997
4873.3,14.996
4873.4,14.996
4873.5,16.996
4873.6,16.996
4873.7,16.996
4873.8,18.995
4873.9,18.995
4874.0,20.995
4874.1,17.995
4874.2,20.995
4874.3,20.995
4874.4,19.995
4874.5,19.995
4874.6,24.994
4874.7,26.993
4874.8,24.994
4874.9,25.994
4875.0,23.994
4875.1,23.994
4875.2,26.993
4875.3,24.994
4875.4,20.995
4875.5,25.994
4875.6,26.993
4875.7,27.993
4875.8,27.993
4875.9,28.993
4876.0,28.993
4876.1,32.992
4876.2,26.993
4876.3,33.992
4876.4,34.991
4876.5,33.992
4876.6,31.992
4876.7,31.992
4876.8,32.992
4876.9,33.992
4877.0,34.991
4877.1,33.992
4877.2,36.991
4877.3,35.991
4877.4,35.991
4877.5,35.991
4877.6,36.991
4877.7,37.991
4877.8,34.991
4877.9,37.991
4878.0,34.991
4878.1,33.992
4878.2,31.992
4878.3,33.992
4878.4,31.992
4878.5,34.991
4878.6,34.991
4878.7,33.992
4878.8,33.992
4878.9,32.992
4879.0,30.992
4879.1,32.992
4879.2,30.992
4879.3,25.994
4879.4,24.994
4879.5,30.992
4879.6,26.993
4879.7,28.993
4879.8,25.994
4879.9,24.994
4880.0,24.994
4880.1,23.994
4880.2,20.995
4880.3,25.994
4880.4,23.994
4880.5,23.994
4880.6,18.995
4880.7,14.996
4880.8,15.996
4880.9,18.995
4881.0,15.996
4881.1,14.996
4881.2,13.997
4881.3,14.996
4881.4,13.997
4881.5,14.996
4881.6,9.998
4881.7,11.997
4881.8,2.0
4881.9,5.998
4882.0,2.999
4882.1,4.999
4882.2,4.999
4882.3,1.0
4882.4,1.0
4882.5,0.0
4882.6,-2.0
4882.7,-2.0
4882.8,-2.999
4882.9,-4.999
4883.0,-4.999
4883.1,-7.998
4883.2,-7.998
4883.3,-6.998
4883.4,-10.997
4883.5,-9.998
4883.6,-10.997
4883.7,-13.997
4883.8,-10.997
4883.9,-13.997
4884.0,-16.996
4884.1,-10.997
4884.2,-13.997
4884.3,-14.996
4884.4,-17.995
4884.5,-14.996
4884.6,-17.995
4884.7,-16.996
4884.8,-19.995
4884.9,-17.995
4885.0,-18.995
4885.1,-22.994
4885.2,-22.994
4885.3,-19.995
4885.4,-20.995
4885.5,-19.995
4885.6,-24.994
4885.7,-18.995
4885.8,-22.994
4885.9,-26.993
4886.0,-25.994
4886.1,-25.994
4886.2,-26.993
4886.3,-25.994
4886.4,-28.993
4886.5,-27.993
4886.6,-28.993
4886.7,-25.994
4886.8,-27.993
4886.9,-31.992
4887.0,-31.992
4887.1,-31.992
4887.2,-32.992
4887.3,-31.992
4887.4,-33.992
4887.5,-32.992
4887.6,-31.992
4887.7,-31.992
4887.8,-32.992
4887.9,-32.992
4888.0,-30.992
4888.1,-30.992
4888.2,-28.993
4888.3,-26.993
4888.4,-27.993
4888.5,-26.993
4888.6,-25.994
4888.7,-26.993
4888.8,-26.993
4888.9,-27.993
4889.0,-26.993
4889.1,-27.993
4889.2,-24.994
4889.3,-26.993
4889.4,-24.994
4889.5,-23.994
4889.6,-24.994
4889.7,-24.994
4889.8,-19.995
4889.9,-23.994
4890.0,-20.995
4890.1,-16.996
4890.2,-22.994
4890.3,-17.995
4890.4,-14.996
4890.5,-15.996
4890.6,-17.995
4890.7,-15.996
4890.8,-16.996
4890.9,-10.997
4891.0,-9.998
4891.1,-8.998
4891.2,-9.998
4891.3,-8.998
4891.4,-7.998
4891.5,-6.998
4891.6,0.0
4891.7,-4.999
4891.8,-2.999
4891.9,1.0
4892.0,1.0
4892.1,2.999
4892.2,0.0
4892.3,2.999
4892.4,2.0
4892.5,5.998
4892.6,5.998
4892.7,6.998
4892.8,9.998
4892.9,9.998
4893.0,11.997
4893.1,9.998
4893.2,10.997
4893.3,14.996
4893.4,15.996
4893.5,14.996
4893.6,17.995
4893.7,16.996
4893.8,17.995
4893.9,16.996
4894.0,19.995
4894.1,18.995
4894.2,19.995
4894.3,17.995
4894.4,24.994
4894.5,20.995
4894.6,24.994
4894.7,24.994
4894.8,20.995
4894.9,25.994
4895.0,24.994
4895.1,23.994
4895.2,24.994
4895.3,26.993
4895.4,30.992
4895.5,27.993
4895.6,28.993
4895.7,28.993
4895.8,28.993
4895.9,30.992
4896.0,30.992
4896.1,32.992
4896.2,33.992
4896.3,32.992
4896.4,34.991
4896.5,34.991
4896.6,34.991
4896.7,34.991
4896.8,34.991
4896.9,32.992
4897.0,36.991
4897.1,36.991
4897.2,39.99
4897.3,35.991
4897.4,34.991
4897.5,37.991
4897.6,36.991
4897.7,36.991
4897.8,37.991
4897.9,36.991
4898.0,36.991
4898.1,36.991
4898.2,34.991
4898.3,34.991
4898.4,32.992
4898.5,34.991
4898.6,32.992
4898.7,31.992
4898.8,34.991
4898.9,33.992
4899.0,33.992
4899.1,30.992
4899.2,30.992
4899.3,31.992
4899.4,26.993
4899.5,31.992
4899.6,25.994
4899.7,23.994
4899.8,30.992
4899.9,27.993
4900.0,25.994
4900.1,23.994
4900.2,24.994
4900.3,19.995
4900.4,18.995
4900.5,19.995
4900.6,19.995
4900.7,19.995
4900.8,16.996
4900.9,13.997
4901.0,15.996
4901.1,16.996
4901.2,13.997
4901.3,8.998
4901.4,9.998
4901.5,11.997
4901.6,7.998
4901.7,6.998
4901.8,6.998
4901.9,4.999
4902.0,2.999
4902.1,2.0
4902.2,1.0
4902.3,-2.0
4902.4,0.0
4902.5,-2.999
4902.6,-2.999
4902.7,-2.0
4902.8,-5.998
4902.9,-6.998
4903.0,-8.998
4903.1,-9.998
4903.2,-10.997
4903.3,-8.998
4903.4,-10.997
4903.5,-15.996
4903.6,-11.997
4903.7,-14.996
4903.8,-15.996
4903.9,-10.997
4904.0,-16.996
4904.1,-16.996
4904.2,-17.995
4904.3,-16.996
4904.4,-15.996
4904.5,-20.995
4904.6,-22.994
4904.7,-18.995
4904.8,-20.995
4904.9,-19.995
4905.0,-19.995
4905.1,-22.994
4905.2,-23.994
4905.3,-19.995
4905.4,-23.994
4905.5,-26.993
4905.6,-23.994
4905.7,-25.994
4905.8,-23.994
4905.9,-26.993
4906.0,-25.994
4906.1,-23.994
4906.2,-28.993
4906.3,-27.993
4906.4,-27.993
4906.5,-27.993
4906.6,-27.993
4906.7,-32.992
4906.8,-27.993
4906.9,-30.992
4907.0,-31.992
4907.1,-30.992
4907.2,-27.993
4907.3,-27.993
4907.4,-31.992
4907.5,-34.991
4907.6,-31.992
4907.7,-30.992
4907.8,-31.992
4907.9,-36.991
4908.0,-30.992
4908.1,-31.992
4908.2,-33.992
4908.3,-28.993
4908.4,-28.993
4908.5,-32.992
4908.6,-31.992
4908.7,-32.992
4908.8,-25.994
4908.9,-30.992
4909.0,-26.993
4909.1,-26.993
4909.2,-27.993
4909.3,-28.993
4909.4,-26.993
4909.5,-22.994
4909.6,-22.994
4909.7,-19.995
4909.8,-19.995
4909.9,-20.995
4910.0,-18.995
4910.1,-18.995
4910.2,-18.995
4910.3,-20.995
4910.4,-16.996
4910.5,-15.996
4910.6,-17.995
4910.7,-13.997
4910.8,-11.997
4910.9,-9.998
4911.0,-13.997
4911.1,-4.999
4911.2,-8.998
4911.3,-6.998
4911.4,-2.0
4911.5,-5.998
4911.6,-6.998
4911.7,-1.0
4911.8,-2.0
4911.9,2.0
4912.0,-2.0
4912.1,0.0
4912.2,5.998
4912.3,6.998
4912.4,5.998
4912.5,4.999
4912.6,4.999
4912.7,9.998
4912.8,10.997
4912.9,10.997
4913.0,9.998
4913.1,13.997
4913.2,11.997
4913.3,11.997
4913.4,16.996
4913.5,16.996
4913.6,18.995
4913.7,15.996
4913.8,20.995
4913.9,18.995
4914.0,16.996
4914.1,17.995
4914.2,23.994
4914.3,19.995
4914.4,24.994
4914.5,20.995
4914.6,24.994
4914.7,24.994
4914.8,26.993
4914.9,24.994
4915.0,27.993
4915.1,28.993
4915.2,26.993
4915.3,26.993
4915.4,25.994
4915.5,27.993
4915.6,28.993
4915.7,26.993
4915.8,26.993
4915.9,30.992
4916.0,32.992
4916.1,32.992
4916.2,33.992
4916.3,28.993
4916.4,33.992
4916.5,32.992
4916.6,31.992
4916.7,34.991
4916.8,30.992
4916.9,28.993
4917.0,31.992
4917.1,36.991
4917.2,33.992
4917.3,36.991
4917.4,35.991
4917.5,37.991
4917.6,35.991
4917.7,37.991
4917.8,35.991
4917.9,37.991
4918.0,37.991
4918.1,35.991
4918.2,27.993
4918.3,34.991
4918.4,33.992
4918.5,31.992
4918.6,31.992
4918.7,36.991
4918.8,33.992
4918.9,31.992
4919.0,30.992
4919.1,31.992
4919.2,31.992
4919.3,33.992
4919.4,28.993
4919.5,27.993
4919.6,27.993
4919.7,25.994
4919.8,27.993
4919.9,26.993
4920.0,24.994
4920.1,25.994
4920.2,27.993
4920.3,23.994
4920.4,25.994
4920.5,23.994
4920.6,23.994
4920.7,16.996
4920.8,16.996
4920.9,16.996
4921.0,15.996
4921.1,14.996
4921.2,9.998
4921.3,11.997
4921.4,11.997
4921.5,7.998
4921.6,8.998
4921.7,7.998
4921.8,2.999
4921.9,7.998
4922.0,4.999
4922.1,2.0
4922.2,2.999
4922.3,1.0
4922.4,2.999
4922.5,-2.0
4922.6,-2.0
4922.7,-1.0
4922.8,-2.999
4922.9,-4.999
4923.0,-6.998
4923.1,-4.999
4923.2,-6.998
4923.3,-7.998
4923.4,-9.998
4923.5,-11.997
4923.6,-9.998
4923.7,-11.997
4923.8,-13.997
4923.9,-11.997
4924.0,-16.996
4924.1,-13.997
4924.2,-14.996
4924.3,-14.996
4924.4,-13.997
4924.5,-18.995
4924.6,-14.996
4924.7,-18.995
4924.8,-17.995
4924.9,-17.995
4925.0,-23.994
4925.1,-23.994
4925.2,-19.995
4925.3,-24.994
4925.4,-19.995
4925.5,-22.994
4925.6,-23.994
4925.7,-25.994
4925.8,-25.994
4925.9,-23.994
4926.0,-25.994
4926.1,-26.993
4926.2,-33.992
4926.3,-27.993
4926.4,-25.994
4926.5,-27.993
4926.6,-27.993
4926.7,-27.993
4926.8,-25.994
4926.9,-28.993
4927.0,-30.992
4927.1,-28.993
4927.2,-32.992
4927.3,-30.992
4927.4,-32.992
4927.5,-32.992
4927.6,-32.992
4927.7,-30.992
4927.8,-33.992
4927.9,-28.993
4928.0,-28.993
4928.1,-28.993
4928.2,-28.993
4928.3,-28.993
4928.4,-30.992
4928.5,-28.993
4928.6,-32.992
4928.7,-27.993
4928.8,-26.993
4928.9,-27.993
4929.0,-23.994
4929.1,-23.994
4929.2,-25.994
4929.3,-23.994
4929.4,-24.994
4929.5,-19.995
4929.6,-20.995
4929.7,-17.995
4929.8,-19.995
4929.9,-20.995
4930.0,-20.995
4930.1,-17.995
4930.2,-16.996
4930.3,-16.996
4930.4,-17.995
4930.5,-14.996
4930.6,-13.997
4930.7,-8.998
4930.8,-11.997
4930.9,-8.998
4931.0,-10.997
4931.1,-6.998
4931.2,-6.998
4931.3,-7.998
4931.4,-7.998
4931.5,-5.998
4931.6,-2.0
4931.7,-2.999
4931.8,0.0
4931.9,2.0
4932.0,2.999
4932.1,2.999
4932.2,4.999
4932.3,5.998
4932.4,4.999
4932.5,9.998
4932.6,10.997
4932.7,5.998
4932.8,9.998
4932.9,11.997
4933.0,15.996
4933.1,14.996
4933.2,17.995
4933.3,16.996
4933.4,15.996
4933.5,18.995
4933.6,18.995
4933.7,20.995
4933.8,19.995
4933.9,20.995
4934.0,23.994
4934.1,18.995
4934.2,22.994
4934.3,18.995
4934.4,22.994
4934.5,22.994
4934.6,26.993
4934.7,23.994
4934.8,24.994
4934.9,28.993
4935.0,30.992
4935.1,26.993
4935.2,30.992
4935.3,30.992
4935.4,25.994
4935.5,27.993
4935.6,27.993
4935.7,31.992
4935.8,30.992
4935.9,30.992
4936.0,31.992
4936.1,28.993
4936.2,32.992
4936.3,33.992
4936.4,36.991
4936.5,37.991
4936.6,34.991
4936.7,34.991
4936.8,30.992
4936.9,33.992
4937.0,32.992
4937.1,34.991
4937.2,33.992
4937.3,35.991
4937.4,36.991
4937.5,37.991
4937.6,36.991
4937.7,37.991
4937.8,37.991
4937.9,34.991
4938.0,36.991
4938.1,36.991
4938.2,35.991
4938.3,32.992
4938.4,35.991
4938.5,36.991
4938.6,33.992
4938.7,33.992
4938.8,34.991
4938.9,33.992
4939.0,33.992
4939.1,34.991
4939.2,28.993
4939.3,31.992
4939.4,27.993
4939.5,30.992
4939.6,32.992
4939.7,23.994
4939.8,23.994
4939.9,26.993
4940.0,26.993
4940.1,25.994
4940.2,24.994
4940.3,20.995
4940.4,20.995
4940.5,19.995
4940.6,22.994
4940.7,19.995
4940.8,16.996
4940.9,18.995
4941.0,17.995
4941.1,14.996
4941.2,13.997
4941.3,13.997
4941.4,7.998
4941.5,8.998
4941.6,8.998
4941.7,8.998
4941.8,6.998
4941.9,7.998
4942.0,4.999
4942.1,4.999
4942.2,1.0
4942.3,-1.0
4942.4,-1.0
4942.5,2.0
4942.6,-2.999
4942.7,-2.999
4942.8,-5.998
4942.9,-5.998
4943.0,-5.998
4943.1,-6.998
4943.2,-7.998
4943.3,-2.999
4943.4,-11.997
4943.5,-8.998
4943.6,-14.996
4943.7,-11.997
4943.8,-15.996
4943.9,-15.996
4944.0,-13.997
4944.1,-11.997
4944.2,-15.996
4944.3,-18.995
4944.4,-16.996
4944.5,-18.995
4944.6,-17.995
4944.7,-19.995
4944.8,-20.995
4944.9,-19.995
4945.0,-23.994
4945.1,-22.994
4945.2,-20.995
4945.3,-25.994
4945.4,-24.994
4945.5,-23.994
4945.6,-25.994
4945.7,-25.994
4945.8,-24.994
4945.9,-22.994
4946.0,-26.993
4946.1,-24.994
4946.2,-30.992
4946.3,-25.994
4946.4,-27.993
4946.5,-27.993
4946.6,-28.993
4946.7,-31.992
4946.8,-27.993
4946.9,-31.992
4947.0,-31.992
4947.1,-33.992
4947.2,-32.992
4947.3,-32.992
4947.4,-30.992
4947.5,-32.992
4947.6,-33.992
4947.7,-32.992
4947.8,-32.992
4947.9,-35.991
4948.0,-31.992
4948.1,-30.992
4948.2,-30.992
4948.3,-30.992
4948.4,-32.992
4948.5,-28.993
4948.6,-30.992
4948.7,-31.992
4948.8,-26.993
4948.9,-28.993
4949.0,-30.992
4949.1,-27.993
4949.2,-22.994
4949.3,-25.994
4949.4,-26.993
4949.5,-20.995
4949.6,-26.993
4949.7,-20.995
4949.8,-19.995
4949.9,-20.995
4950.0,-20.995
4950.1,-16.996
4950.2,-14.996
4950.3,-16.996
4950.4,-16.996
4950.5,-16.996
4950.6,-19.995
4950.7,-11.997
4950.8,-16.996
4950.9,-11.997
4951.0,-11.997
4951.1,-8.998
4951.2,-8.998
4951.3,-7.998
4951.4,-8.998
4951.5,-4.999
4951.6,-4.999
4951.7,-1.0
4951.8,-4.999
4951.9,-1.0
4952.0,-2.0
4952.1,0.0
4952.2,4.999
4952.3,4.999
4952.4,7.998
4952.5,4.999
4952.6,7.998
4952.7,8.998
4952.8,6.998
4952.9,7.998
4953.0,7.998
4953.1,10.997
4953.2,10.997
4953.3,13.997
4953.4,17.995
4953.5,16.996
4953.6,19.995
4953.7,14.996
4953.8,18.995
4953.9,17.995
4954.0,20.995
4954.1,19.995
4954.2,20.995
4954.3,18.995
4954.4,23.994
4954.5,18.995
4954.6,25.994
4954.7,25.994
4954.8,24.994
4954.9,26.993
4955.0,27.993
4955.1,27.993
4955.2,28.993
4955.3,27.993
4955.4,25.994
4955.5,30.992
4955.6,30.992
4955.7,28.993
4955.8,28.993
4955.9,30.992
4956.0,28.993
4956.1,28.993
4956.2,30.992
4956.3,32.992
4956.4,32.992
4956.5,34.991
4956.6,31.992
4956.7,34.991
4956.8,30.992
4956.9,31.992
4957.0,30.992
4957.1,32.992
4957.2,33.992
4957.3,34.991
4957.4,35.991
4957.5,36.991
4957.6,39.99
4957.7,34.991
4957.8,37.991
4957.9,37.991
4958.0,34.991
4958.1,34.991
4958.2,34.991
4958.3,34.991
4958.4,33.992
4958.5,32.992
4958.6,31.992
4958.7,33.992
4958.8,33.992
4958.9,32.992
4959.0,31.992
4959.1,33.992
4959.2,30.992
4959.3,28.993
4959.4,31.992
4959.5,30.992
4959.6,27.993
4959.7,25.994
4959.8,27.993
4959.9,25.994
4960.0,22.994
4960.1,22.994
4960.2,23.994
4960.3,23.994
4960.4,22.994
4960.5,19.995
4960.6,17.995
4960.7,19.995
4960.8,18.995
4960.9,16.996
4961.0,17.995
4961.1,11.997
4961.2,9.998
4961.3,14.996
4961.4,11.997
4961.5,11.997
4961.6,6.998
4961.7,8.998
4961.8,9.998
4961.9,6.998
4962.0,2.999
4962.1,2.999
4962.2,2.999
4962.3,-2.0
4962.4,0.0
4962.5,-2.0
4962.6,-5.998
4962.7,-2.999
4962.8,-6.998
4962.9,-4.999
4963.0,-6.998
4963.1,-7.998
4963.2,-6.998
4963.3,-6.998
4963.4,-9.998
4963.5,-9.998
4963.6,-8.998
4963.7,-13.997
4963.8,-14.996
4963.9,-16.996
4964.0,-14.996
4964.1,-13.997
4964.2,-16.996
4964.3,-17.995
4964.4,-14.996
4964.5,-18.995
4964.6,-18.995
4964.7,-20.995
4964.8,-19.995
4964.9,-23.994
4965.0,-22.994
4965.1,-25.994
4965.2,-22.994
4965.3,-24.994
4965.4,-22.994
4965.5,-23.994
4965.6,-20.995
4965.7,-25.994
4965.8,-23.994
4965.9,-23.994
4966.0,-24.994
4966.1,-24.994
4966.2,-27.993
4966.3,-30.992
4966.4,-31.992
4966.5,-30.992
4966.6,-30.992
4966.7,-30.992
4966.8,-28.993
4966.9,-28.993
4967.0,-28.993
4967.1,-32.992
4967.2,-31.992
4967.3,-31.992
4967.4,-31.992
4967.5,-32.992
4967.6,-31.992
4967.7,-32.992
4967.8,-32.992
4967.9,-34.991
4968.0,-32.992
4968.1,-30.992
4968.2,-31.992
4968.3,-32.992
4968.4,-28.993
4968.5,-27.993
4968.6,-26.993
4968.7,-27.993
4968.8,-27.993
4968.9,-30.992
4969.0,-31.992
4969.1,-23.994
4969.2,-24.994
4969.3,-28.993
4969.4,-25.994
4969.5,-25.994
4969.6,-26.993
4969.7,-18.995
4969.8,-25.994
4969.9,-20.995
4970.0,-19.995
4970.1,-18.995
4970.2,-19.995
4970.3,-18.995
4970.4,-15.996
4970.5,-17.995
4970.6,-16.996
4970.7,-11.997
4970.8,-14.996
4970.9,-11.997
4971.0,-14.996
4971.1,-10.997
4971.2,-7.998
4971.3,-8.998
4971.4,-4.999
4971.5,-6.998
4971.6,-6.998
4971.7,-2.0
4971.8,0.0
4971.9,0.0
4972.0,-1.0
4972.1,1.0
4972.2,1.0
4972.3,6.998
4972.4,5.998
4972.5,7.998
4972.6,7.998
4972.7,6.998
4972.8,6.998
4972.9,8.998
4973.0,8.998
4973.1,10.997
4973.2,11.997
4973.3,16.996
4973.4,11.997
4973.5,13.997
4973.6,14.996
4973.7,16.996
4973.8,16.996
4973.9,16.996
4974.0,16.996
4974.1,18.995
4974.2,20.995
4974.3,17.995
4974.4,20.995
4974.5,23.994
4974.6,25.994
4974.7,22.994
4974.8,20.995
4974.9,26.993
4975.0,24.994
4975.1,25.994
4975.2,27.993
4975.3,25.994
4975.4,26.993
4975.5,25.994
4975.6,31.992
4975.7,25.994
4975.8,28.993
4975.9,28.993
4976.0,27.993
4976.1,27.993
4976.2,31.992
4976.3,36.991
4976.4,31.992
4976.5,31.992
4976.6,32.992
4976.7,34.991
4976.8,33.992
4976.9,33.992
4977.0,31.992
4977.1,33.992
4977.2,34.991
4977.3,30.992
4977.4,36.991
4977.5,33.992
4977.6,34.991
4977.7,34.991
4977.8,35.991
4977.9,37.991
4978.0,35.991
4978.1,37.991
4978.2,36.991
4978.3,34.991
4978.4,33.992
4978.5,33.992
4978.6,31.992
4978.7,35.991
4978.8,32.992
4978.9,30.992
4979.0,32.992
4979.1,31.992
4979.2,32.992
4979.3,32.992
4979.4,30.992
4979.5,30.992
4979.6,26.993
4979.7,26.993
4979.8,27.993
4979.9,22.994
4980.0,26.993
4980.1,20.995
4980.2,24.994
4980.3,19.995
4980.4,20.995
4980.5,22.994
4980.6,20.995
4980.7,20.995
4980.8,19.995
4980.9,18.995
4981.0,15.996
4981.1,11.997
4981.2,11.997
4981.3,10.997
4981.4,11.997
4981.5,10.997
4981.6,9.998
4981.7,10.997
4981.8,6.998
4981.9,4.999
4982.0,2.999
4982.1,1.0
4982.2,0.0
4982.3,-1.0
4982.4,0.0
4982.5,0.0
4982.6,-2.0
4982.7,-1.0
4982.8,0.0
4982.9,-4.999
4983.0,-4.999
4983.1,-6.998
4983.2,-5.998
4983.3,-7.998
4983.4,-10.997
4983.5,-9.998
4983.6,-8.998
4983.7,-13.997
4983.8,-13.997
4983.9,-11.997
4984.0,-15.996
4984.1,-15.996
4984.2,-15.996
4984.3,-14.996
4984.4,-14.996
4984.5,-14.996
4984.6,-15.996
4984.7,-18.995
4984.8,-18.995
4984.9,-19.995
4985.0,-19.995
4985.1,-22.994
4985.2,-23.994
4985.3,-23.994
4985.4,-25.994
4985.5,-23.994
4985.6,-19.995
4985.7,-24.994
4985.8,-25.994
4985.9,-20.995
4986.0,-23.994
4986.1,-24.994
4986.2,-25.994
4986.3,-28.993
4986.4,-26.993
4986.5,-25.994
4986.6,-31.992
4986.7,-30.992
4986.8,-27.993
4986.9,-30.992
4987.0,-28.993
4987.1,-28.993
4987.2,-30.992
4987.3,-28.993
4987.4,-31.992
4987.5,-31.992
4987.6,-31.992
4987.7,-33.992
4987.8,-31.992
4987.9,-30.992
4988.0,-30.992
4988.1,-33.992
4988.2,-28.993
4988.3,-26.993
4988.4,-31.992
4988.5,-26.993
4988.6,-28.993
4988.7,-27.993
4988.8,-26.993
4988.9,-25.994
4989.0,-28.993
4989.1,-26.993
4989.2,-25.994
4989.3,-25.994
4989.4,-24.994
4989.5,-26.993
4989.6,-27.993
4989.7,-23.994
4989.8,-20.995
4989.9,-19.995
4990.0,-20.995
4990.1,-17.995
4990.2,-19.995
4990.3,-19.995
4990.4,-14.996
4990.5,-16.996
4990.6,-14.996
4990.7,-16.996
4990.8,-14.996
4990.9,-10.997
4991.0,-8.998
4991.1,-11.997
4991.2,-8.998
4991.3,-7.998
4991.4,-7.998
4991.5,-6.998
4991.6,-2.999
4991.7,-2.0
4991.8,-4.999
4991.9,-1.0
4992.0,1.0
4992.1,1.0
4992.2,0.0
4992.3,5.998
4992.4,6.998
4992.5,6.998
4992.6,8.998
4992.7,7.998
4992.8,6.998
4992.9,7.998
4993.0,7.998
4993.1,9.998
4993.2,13.997
4993.3,11.997
4993.4,14.996
4993.5,16.996
4993.6,16.996
4993.7,17.995
4993.8,15.996
4993.9,18.995
4994.0,14.996
4994.1,17.995
4994.2,20.995
4994.3,17.995
4994.4,20.995
4994.5,19.995
4994.6,19.995
4994.7,22.994
4994.8,22.994
4994.9,22.994
4995.0,25.994
4995.1,24.994
4995.2,28.993
4995.3,25.994
4995.4,24.994
4995.5,27.993
4995.6,24.994
4995.7,26.993
4995.8,25.994
4995.9,30.992
4996.0,28.993
4996.1,28.993
4996.2,31.992
4996.3,30.992
4996.4,33.992
4996.5,31.992
4996.6,34.991
4996.7,31.992
4996.8,32.992
4996.9,31.992
4997.0,35.991
4997.1,35.991
4997.2,35.991
4997.3,36.991
4997.4,32.992
4997.5,34.991
4997.6,33.992
4997.7,35.991
4997.8,39.99
4997.9,34.991
4998.0,35.991
4998.1,35.991
4998.2,34.991
4998.3,35.991
4998.4,33.992
4998.5,34.991
4998.6,28.993
4998.7,36.991
4998.8,31.992
4998.9,31.992
4999.0,30.992
4999.1,27.993
4999.2,32.992
4999.3,32.992
4999.4,31.992
4999.5,28.993
4999.6,26.993
4999.7,24.994
4999.8,23.994
4999.9,23.994
