1,8.000000000008e-05,1.36291172642117
2,0.000320000000000098,1.18543168220797
3,0.000560000000000116,1.4771012446155
4,0.000800000000000134,1.15962485839706
5,0.00103999999999993,1.21228592387713
6,0.00127999999999995,1.73407120547094
7,0.00151999999999997,1.4161495940013
8,0.00175999999999998,1.81706837709541
9,0.002,1.37412858376808
10,0.00224000000000002,1.65102515010635
11,0.00248000000000004,1.6927927242574
12,0.00272000000000006,2.33189406927621
13,0.00296000000000007,1.88731254776714
14,0.00320000000000009,1.69285077575005
15,0.00344000000000011,2.57772521988131
16,0.00368000000000013,2.02269670249473
17,0.00391999999999992,1.95939884773116
18,0.00415999999999994,2.13399723103173
19,0.00439999999999996,2.07277276071945
20,0.00463999999999998,2.26844922694704
21,0.00488,2.33764564022352
22,0.00512000000000001,2.30231217937615
23,0.00536000000000003,2.75526454352036
24,0.00560000000000005,2.12318032148852
25,0.00584000000000007,2.47902777131827
26,0.00608000000000009,3.07063947729574
27,0.0063200000000001,1.99051352721794
28,0.00656000000000012,2.86000281342526
29,0.00679999999999992,2.99307337674452
30,0.00703999999999994,2.19512663307066
31,0.00727999999999995,3.21203459991422
32,0.00751999999999997,2.78255504529508
33,0.00775999999999999,2.87200177665985
34,0.00800000000000001,3.19384917274278
35,0.00824000000000003,2.45257709227209
36,0.00848000000000004,3.07093282245262
37,0.00872000000000006,3.43473005878738
38,0.00896000000000008,2.38176804848679
39,0.0092000000000001,3.16763315077437
40,0.00944000000000011,3.21299176668435
41,0.00968000000000013,2.34225722287901
42,0.00991999999999993,3.40341429911278
43,0.0101599999999999,3.02307977263697
44,0.0104,3.64949442161952
45,0.01064,3.17457425503456
46,0.01088,2.86336422207365
47,0.01112,3.43334896288553
48,0.01136,3.0217729683534
49,0.0116000000000001,2.43526411422373
50,0.0118400000000001,2.95093851343373
51,0.0120800000000001,3.46306168209218
52,0.0123200000000001,3.25890073394199
53,0.0125600000000001,2.39363967105623
54,0.0127999999999999,2.99642305478293
55,0.0130399999999999,3.94573621134653
56,0.01328,2.28599072040218
57,0.01352,2.95845938002277
58,0.01376,3.74388781701924
59,0.014,2.26792635674907
60,0.01424,2.89313557556941
61,0.01448,3.630248314923
62,0.0147200000000001,2.22921917701223
63,0.0149600000000001,2.92470256611887
64,0.0152000000000001,3.36854237499615
65,0.0154400000000001,2.05805143615113
66,0.0156799999999999,3.18022452718053
67,0.0159199999999999,2.73703257279208
68,0.01616,2.47657776898398
69,0.0164,3.41153980190142
70,0.01664,2.0953362220754
71,0.01688,2.86932797153759
72,0.01712,2.66801762688537
73,0.01736,1.93363936388435
74,0.0176000000000001,3.24836431329528
75,0.0178400000000001,2.28620540767056
76,0.0180800000000001,2.11142149928182
77,0.0183200000000001,3.25124055881035
78,0.0185600000000001,2.36208575426133
79,0.0187999999999999,1.53887758010027
80,0.0190399999999999,3.00704506024754
81,0.01928,2.19796429948903
82,0.01952,1.44913620217441
83,0.01976,2.40202219958492
84,0.02,2.38616315831973
85,0.02024,1.45571360838635
86,0.0204800000000001,2.48381962812842
87,0.0207200000000001,1.94339601540316
88,0.0209600000000001,1.22038968880017
89,0.0212000000000001,1.97152685252776
90,0.0214400000000001,1.85905113679779
91,0.0216799999999999,0.719400210472794
92,0.0219199999999999,1.54300332017696
93,0.02216,1.6421042386819
94,0.0224,2.34562431762259
95,0.02264,0.44758101403523
96,0.02288,1.36017167311536
97,0.02312,1.66251865375769
98,0.02336,0.5414559748469
99,0.0236000000000001,1.27457476920802
100,0.0238400000000001,1.27527086809165
101,0.0240800000000001,0.22038532064025
102,0.0243200000000001,1.00577810080999
103,0.0245599999999999,1.42379735354694
104,0.0247999999999999,0.446183681818696
105,0.02504,0.56175946808745
106,0.02528,0.799629156663978
107,0.02552,0.362445670167657
108,0.02576,0.648932947141237
109,0.026,-0.0203618358066788
110,0.02624,0.433707627622002
111,0.0264800000000001,0.760108630769461
112,0.0267200000000001,-0.331590270959632
113,0.0269600000000001,0.168167413039306
114,0.0272000000000001,0.295806854178122
115,0.0274400000000001,-0.623327342602532
116,0.0276799999999999,-0.0922621407382589
117,0.0279199999999999,-0.159075657493277
118,0.02816,-0.916696851383841
119,0.0284,-0.349047714111718
120,0.02864,-0.496248400724385
121,0.02888,-0.736267275247957
122,0.02912,-0.380095880760048
123,0.0293600000000001,-0.736461945741615
124,0.0296000000000001,-1.19130652042622
125,0.0298400000000001,-0.929102484956238
126,0.0300800000000001,-0.653299507189237
127,0.0303200000000001,-0.966172901185057
128,0.0305599999999999,-1.04368072775268
129,0.0307999999999999,-1.10515220799386
130,0.03104,-1.16100515173069
131,0.03128,-1.22307995372099
132,0.03152,-1.51114367987354
133,0.03176,-1.19287499940574
134,0.032,-1.60225924362586
135,0.03224,-1.40338286336045
136,0.0324800000000001,-1.80653631765561
137,0.0327200000000001,-1.48338281763404
138,0.0329600000000001,-1.88374921387906
139,0.0332000000000001,-1.67836749470681
140,0.0334400000000001,-2.07901687270641
141,0.0336799999999999,-1.76088756021413
142,0.03392,-1.8002488095757
143,0.03416,-2.0865119481133
144,0.0344,-1.89495897558531
145,0.03464,-1.82308958739357
146,0.03488,-2.36670439496312
147,0.03512,-2.42532171590619
148,0.0353600000000001,-2.00685739613087
149,0.0356000000000001,-2.56934340773048
150,0.0358400000000001,-2.28754393736662
151,0.0360800000000001,-1.89168010826699
152,0.0363200000000001,-2.48017058198882
153,0.0365599999999999,-2.81813350359294
154,0.0367999999999999,-2.4504192155034
155,0.03704,-2.70234847215124
156,0.03728,-2.58666608976743
157,0.03752,-2.50289480381958
158,0.03776,-2.77573490838216
159,0.038,-2.46211152113557
160,0.0382400000000001,-2.8932537666375
161,0.0384800000000001,-2.59323366004208
162,0.0387200000000001,-2.32634753447156
163,0.0389600000000001,-3.39702202612752
164,0.0392000000000001,-3.0171742251098
165,0.0394399999999999,-2.08302732468938
166,0.0396799999999999,-3.19572895782972
167,0.03992,-3.22065339497794
168,0.04016,-2.20911329556654
169,0.0404,-3.37439653071717
170,0.04064,-2.74066519187469
171,0.04088,-3.2313172944473
172,0.04112,-3.22488351470013
173,0.0413600000000001,-2.06977120437259
174,0.0416000000000001,-3.9238608228302
175,0.0418400000000001,-2.66423640968868
176,0.0420800000000001,-3.25031665550317
177,0.0423200000000001,-3.70394557141558
178,0.0425599999999999,-2.26762669783132
179,0.0427999999999999,-2.80859474128323
180,0.04304,-3.46406097223028
181,0.04328,-3.637259219929
182,0.04352,-2.41725127092288
183,0.04376,-2.92046941242451
184,0.044,-3.65369617835528
185,0.0442400000000001,-2.48269983324335
186,0.0444800000000001,-3.05256921326556
187,0.0447200000000001,-3.73551998063145
188,0.0449600000000001,-2.52511029946583
189,0.0452000000000001,-2.69291730614661
190,0.0454399999999999,-3.45498438531055
191,0.0456799999999999,-2.31643480545506
192,0.04592,-2.91284872056898
193,0.04616,-3.37448378847613
194,0.0464,-2.20292383056543
195,0.04664,-2.87507892462715
196,0.04688,-3.17301957260941
197,0.0471200000000001,-1.95893652332624
198,0.0473600000000001,-3.17511260760039
199,0.0476000000000001,-2.58709968207293
200,0.0478400000000001,-2.06735144004046
201,0.0480800000000001,-3.34857619101579
202,0.0483199999999999,-2.12475768233661
203,0.0485599999999999,-2.52144828282958
204,0.0488,-2.65930678292315
205,0.04904,-1.65131070316821
206,0.04928,-2.83578331861888
207,0.04952,-2.44727930103714
208,0.04976,-1.51890878544899
209,0.05,-2.89024577822225
210,0.0502400000000001,-2.45463664792891
211,0.0504800000000001,-1.47297377269833
212,0.0507200000000001,-2.45124906561018
213,0.0509600000000001,-2.32941690090184
214,0.0512000000000001,-1.4196157705829
215,0.0514399999999999,-2.3481208460244
216,0.0516799999999999,-2.29984429424385
217,0.05192,-1.33574745588563
218,0.05216,-2.21446649095633
219,0.0524,-1.28515444697974
220,0.05264,-1.14644970833738
221,0.05288,-1.84728026886078
222,0.0531200000000001,-2.18644786939797
223,0.0533600000000001,-0.533469481170754
224,0.0536000000000001,-1.31228280275425
225,0.0538400000000001,-1.48550229647164
226,0.0540800000000001,-0.364732717503294
227,0.0543199999999999,-0.98003047915233
228,0.0545599999999999,-1.10772832045964
229,0.0548,-0.407221016793634
230,0.05504,-0.59936336902625
231,0.05528,-1.26964393718477
232,0.05552,-0.858270241491122
233,0.05576,-0.139993286997367
234,0.056,-1.11208538671801
235,0.0562400000000001,-0.643361627178248
236,0.0564800000000001,-0.216220360927071
237,0.0567200000000001,-0.867264038360853
238,0.0569600000000001,-0.340387727303279
239,0.0571999999999999,-0.20272205612717
240,0.0574399999999999,-0.298213966970184
241,0.05768,0.534971133677669
242,0.05792,-0.450511783599007
243,0.05816,0.0104779701258031
244,0.0584,0.674301405886026
245,0.05864,-0.463137162203758
246,0.05888,0.189355968128397
247,0.0591200000000001,0.579018780780109
248,0.0593600000000001,0.61141886534173
249,0.0596000000000001,0.381134346956321
250,0.0598400000000001,0.617751555341891
251,0.0600800000000001,0.856965507557901
252,0.0603199999999999,0.596957097383085
253,0.0605599999999999,0.687005606290901
254,0.0608,0.662098801601126
255,0.06104,1.34249239914596
256,0.06128,0.926295365215829
257,0.06152,0.880288737182905
258,0.06176,1.42313822875605
259,0.0620000000000001,1.10944654221619
260,0.0622400000000001,1.04588055015649
261,0.0624800000000001,1.45098610534806
262,0.0627200000000001,1.84954591770867
263,0.0629600000000001,1.17303463408894
264,0.0631999999999999,1.69697321027696
265,0.0634399999999999,1.49307515643467
266,0.06368,2.01189436220207
267,0.06392,1.69138471361124
268,0.06416,1.61006361957699
269,0.0644,1.7735013724968
270,0.06464,2.17634039123158
271,0.06488,1.85751894458349
272,0.0651200000000001,2.02452377818368
273,0.0653600000000001,1.95949156880897
274,0.0656000000000001,2.13136627715113
275,0.0658400000000001,2.06731836212508
276,0.0660799999999999,2.26007767093612
277,0.0663199999999999,2.20694775895454
278,0.06656,2.29055285471002
279,0.0668,2.86001547394338
280,0.06704,1.98471365215679
281,0.06728,2.46052915504432
282,0.06752,3.04866397095415
283,0.06776,1.96502628597609
284,0.0680000000000001,2.83097310510721
285,0.0682400000000001,2.96047766903849
286,0.0684800000000001,2.15894601233987
287,0.0687200000000001,3.1722546970306
288,0.0689600000000001,2.85539958222203
289,0.0691999999999999,2.69786583892252
290,0.0694399999999999,2.90387845237054
291,0.06968,2.51455479196821
292,0.06992,3.1241419502125
293,0.07016,3.23718583327772
294,0.0704,2.41735896860606
295,0.07064,2.72209779390174
296,0.0708800000000001,3.73160847825957
297,0.0711200000000001,2.94643625107855
298,0.0713600000000001,2.32938741983142
299,0.0716000000000001,3.51972362002069
300,0.0718400000000001,3.38365067002152
301,0.0720799999999999,2.45428127410896
302,0.0723199999999999,3.13019119644744
303,0.07256,3.41781972608204
304,0.0728,2.54736956744522
305,0.07304,2.67863254331472
306,0.07328,3.17668022027698
307,0.07352,3.31135463296797
308,0.07376,2.77276517855903
309,0.0740000000000001,3.44430633511716
310,0.0742400000000001,3.51495299331221
311,0.0744800000000001,2.43667394131645
312,0.0747200000000001,3.07216163169404
313,0.0749600000000001,3.81734958043678
314,0.0751999999999999,2.19888616228679
315,0.07544,2.91453796134526
316,0.07568,3.61869242762393
317,0.07592,2.54486100609626
318,0.07616,2.84951582816861
319,0.0764,3.74127509046611
320,0.07664,2.14561457300928
321,0.0768800000000001,2.99941047651607
322,0.0771200000000001,3.23840170830804
323,0.0773600000000001,1.97328683863026
324,0.0776000000000001,3.01831088424142
325,0.0778400000000001,2.85003460977778
326,0.0780799999999999,2.02591824449312
327,0.0783199999999999,3.13960964456169
328,0.07856,2.44908823216668
329,0.0788,2.30733049304217
330,0.07904,3.24059153156583
331,0.07928,1.9218552930367
332,0.07952,2.46134963108336
333,0.0797600000000001,2.85847471339311
334,0.0800000000000001,1.86088054673207
335,0.0802400000000001,2.23289454081701
336,0.0804800000000001,2.95613172496232
337,0.0807200000000001,1.78739677464209
338,0.0809599999999999,2.47089519808645
339,0.0811999999999999,2.41556297449307
340,0.08144,1.57717295810995
341,0.08168,1.86604052810384
342,0.08192,2.13497769771812
343,0.08216,1.24991001805319
344,0.0824,2.31972644091448
345,0.08264,1.58651440678449
346,0.0828800000000001,1.27083936627149
347,0.0831200000000001,1.78167801911517
348,0.0833600000000001,0.6689711579901
349,0.0836000000000001,1.50076180706268
350,0.0838400000000001,1.60849237294059
351,0.0840799999999999,1.72517824379233
352,0.08432,0.940115582185695
353,0.08456,1.36515084687042
354,0.0848,1.54637016396219
355,0.08504,1.06475089528345
356,0.08528,1.30016737143121
357,0.08552,0.354952640295377
358,0.0857600000000001,0.787659696325477
359,0.0860000000000001,1.08517736326182
360,0.0862400000000001,0.198142113682104
361,0.0864800000000001,0.919273198084714
362,0.0867200000000001,1.0281732901015
363,0.0869599999999999,-0.0267838384040504
364,0.0871999999999999,0.379265790804009
365,0.08744,0.662085778331394
366,0.08768,-0.339496605055033
367,0.08792,0.718409128334375
368,0.08816,0.209731358574389
369,0.0884,-0.379991736942059
370,0.0886400000000001,0.711887312175643
371,0.0888800000000001,-0.225726112182907
372,0.0891200000000001,-0.41269735255548
373,0.0893600000000001,0.237144893291437
374,0.0896000000000001,-0.526813007165118
375,0.0898399999999999,-0.208582682043588
376,0.0900799999999999,-0.721366851933574
377,0.09032,-0.485224663972237
378,0.09056,-0.139979929463558
379,0.0908,-1.09720887235972
380,0.09104,-0.471976902354242
381,0.09128,-0.456837500066039
382,0.09152,-1.38267746099133
383,0.0917600000000001,-1.10313728304614
384,0.0920000000000001,-0.945961701412009
385,0.0922400000000001,-1.01021340238356
386,0.0924800000000001,-1.1937807618544
387,0.0927200000000001,-1.37226573722073
388,0.0929599999999999,-1.2997423715305
389,0.0931999999999999,-1.23214582770395
390,0.09344,-1.39711520704579
391,0.09368,-1.67725345898525
392,0.09392,-1.35804347174678
393,0.09416,-1.39877608984766
394,0.0944,-1.4350405303908
395,0.0946400000000001,-2.07782163441267
396,0.0948800000000001,-1.75482623513238
397,0.0951200000000001,-1.78828596292899
398,0.0953600000000001,-1.95744725916175
399,0.0956000000000001,-2.24168971820126
400,0.0958399999999999,-1.92399079235173
401,0.0960799999999999,-1.98217740483089
402,0.09632,-2.63817356247471
403,0.09656,-2.32988276053685
404,0.0968,-1.92330138553092
405,0.09704,-2.59519910888393
406,0.09728,-2.30570157835681
407,0.0975200000000001,-2.39871306445265
408,0.0977600000000001,-2.49023094759798
409,0.0980000000000001,-2.22877709029963
410,0.0982400000000001,-2.58686976283191
411,0.0984800000000001,-2.33901521029031
412,0.0987199999999999,-2.59825369392822
413,0.0989599999999999,-2.97913306192565
414,0.0992,-2.28343501235748
415,0.09944,-2.94149310599529
416,0.09968,-3.22621488598111
417,0.09992,-2.21420100515695
418,0.10016,-3.2680073070791
419,0.1004,-2.74740509303931
420,0.10064,-2.63159455089453
421,0.10088,-3.3534140343736
422,0.10112,-2.88497765743833
423,0.10136,-2.81729730568336
424,0.1016,-3.46279391617178
425,0.10184,-3.03679606751863
426,0.10208,-2.30326070744244
427,0.10232,-3.48457528745627
428,0.10256,-2.63918649006633
429,0.1028,-3.40110321513088
430,0.10304,-3.41837266488679
431,0.10328,-2.7553374156571
432,0.10352,-3.45261786911149
433,0.10376,-3.7745133869763
434,0.104,-2.33339206194282
435,0.10424,-2.74570406216235
436,0.10448,-3.39184266791133
437,0.10472,-2.36801359054827
438,0.10496,-2.95921919369378
439,0.1052,-3.54413318363208
440,0.10544,-2.12252404678979
441,0.10568,-2.90618172558226
442,0.10592,-3.7949060636333
443,0.10616,-2.42088474877082
444,0.1064,-3.0284676938962
445,0.10664,-3.50605516702748
446,0.10688,-2.10457691523016
447,0.10712,-3.02432920683094
448,0.10736,-3.45163783206628
449,0.1076,-2.12230723196498
450,0.10784,-3.10868213321445
451,0.10808,-2.76954475464057
452,0.10832,-2.49316470499108
453,0.10856,-3.53392481265584
454,0.1088,-2.08314534547922
455,0.10904,-2.84307260833049
456,0.10928,-2.98550816070754
457,0.10952,-1.86839465160117
458,0.10976,-3.1713611765251
459,0.11,-2.43018208629403
460,0.11024,-2.12286422216398
461,0.11048,-3.00504015602487
462,0.11072,-1.87807964657624
463,0.11096,-2.60144809542796
464,0.1112,-2.468029348871
465,0.11144,-1.43191205148004
466,0.11168,-2.58807914184154
467,0.11192,-2.29208777422499
468,0.11216,-1.44951988575711
469,0.1124,-2.4361080954603
470,0.11264,-2.21441950773142
471,0.11288,-1.32288280893904
472,0.11312,-2.49339859868507
473,0.11336,-1.63805735874932
474,0.1136,-1.55276279010572
475,0.11384,-2.29267915274609
476,0.11408,-0.797475226920097
477,0.11432,-1.50134443802357
478,0.11456,-2.20128399267576
479,0.1148,-1.46793578481823
480,0.11504,-1.04368422517092
481,0.11528,-1.34249177913242
482,0.11552,-2.1194796111412
483,0.11576,-0.539815892600508
484,0.116,-1.50346664150577
485,0.11624,-0.905210365613859
486,0.11648,-0.250216322286811
487,0.11672,-1.27592479229855
488,0.11696,-0.500527445651375
489,0.1172,-0.139261827763084
490,0.11744,-1.10005482855796
491,0.11768,-0.38065337369089
492,0.11792,-0.193676262916872
493,0.11816,-0.723305096153729
494,0.1184,0.176880083438807
495,0.11864,-0.405202667241514
496,0.11888,-0.494354963800637
497,0.11912,0.588752587168824
498,0.11936,-0.393164658837892
499,0.1196,0.0753363518262655
500,0.11984,0.506052961666743
501,0.12008,-0.382297042046357
502,0.12032,0.632265577821284
503,0.12056,0.544794509780023
504,0.1208,0.463913832697226
505,0.12104,0.475491759651448
506,0.12128,0.483765728581262
507,0.12152,0.728776128392577
508,0.12176,0.712504877758267
509,0.122,0.805770546565928
510,0.12224,0.788184766872575
511,0.12248,1.22995541182103
512,0.12272,0.814909882151674
513,0.12296,0.893494767103041
514,0.1232,1.31574287070269
515,0.12344,1.36732938648986
516,0.12368,1.30639886206132
517,0.12392,1.23279615519521
518,0.12416,1.51473387230892
519,0.1244,1.55410641101515
520,0.12464,1.59633928025917
521,0.12488,1.63488254082698
522,0.12512,1.67578889474412
523,0.12536,1.71557807007158
524,0.1256,1.87723051572421
525,0.12584,1.67619787912927
526,0.12608,1.96155680387849
527,0.12632,2.00459429463771
528,0.12656,1.92592953542679
529,0.1268,2.2156843195675
530,0.12704,1.91274957532727
531,0.12728,2.20605536149407
532,0.12752,2.14511258169063
533,0.12776,2.22402932569217
534,0.128,2.2983677593475
535,0.12824,2.14347255840568
536,0.12848,2.84078573384792
537,0.12872,2.09037334177309
538,0.12896,2.32708328117919
539,0.1292,3.16430746120385
540,0.12944,1.96315132718019
541,0.12968,2.71526562917814
542,0.12992,2.9731989045569
543,0.13016,2.05944683678952
544,0.1304,3.08068608602195
545,0.13064,2.89025439400086
546,0.13088,2.38312056167944
547,0.13112,2.95030497123867
548,0.13136,2.57716150167464
549,0.1316,3.31668410124424
550,0.13184,2.83685638139706
551,0.13208,2.3936653655366
552,0.13232,3.30297782645822
553,0.13256,2.99208058445525
554,0.1328,2.25382197549896
555,0.13304,3.4369526595441
556,0.13328,3.29389182199041
557,0.13352,2.36202678181339
558,0.13376,3.60952928751111
559,0.134,3.52276482249027
560,0.13424,2.40822107004299
561,0.13448,3.46261581019841
562,0.13472,2.3898407376786
563,0.13496,2.7949132456319
564,0.1352,3.43406553670408
565,0.13544,2.52148975238088
566,0.13568,2.75168926809579
567,0.13592,3.34322729362868
568,0.13616,3.08885826086435
569,0.1364,2.42041740929952
570,0.13664,3.0940284977548
571,0.13688,3.75783442050683
572,0.13712,2.05524685954312
573,0.13736,2.92513507364309
574,0.1376,3.6674496515656
575,0.13784,2.03958880661069
576,0.13808,3.21394616589111
577,0.13832,2.93427598727597
578,0.13856,1.87435949224709
579,0.1388,3.00717667249731
580,0.13904,3.04515885149798
581,0.13928,2.06447456141106
582,0.13952,3.26043614029968
583,0.13976,2.65181606881709
584,0.14,2.23463215249507
585,0.14024,3.25370212405331
586,0.14048,2.01747118761844
587,0.14072,2.86982659484073
588,0.14096,2.50686578704356
589,0.1412,1.85329306033519
590,0.14144,3.24415475779801
591,0.14168,2.12487406024371
592,0.14192,1.9096396822992
593,0.14216,3.13591948860162
594,0.1424,2.08939205995029
595,0.14264,1.22740753234752
596,0.14288,2.78215895501379
597,0.14312,2.28716337193485
598,0.14336,1.36585823699998
599,0.1436,2.39437444584614
600,0.14384,2.21239249895135
601,0.14408,1.24123582998633
602,0.14432,2.46138362495736
603,0.14456,1.75695675137254
604,0.1448,0.873740815108869
605,0.14504,1.33598955990608
606,0.14528,1.79884288953057
607,0.14552,1.90365698812525
608,0.14576,1.10660933584423
609,0.146,1.28441592945829
610,0.14624,1.82510925827598
611,0.14648,0.23168430995816
612,0.14672,0.737631319763848
613,0.14696,1.47606320843466
614,0.1472,0.788762373408761
615,0.14744,0.622521964697798
616,0.14768,0.933808232863021
617,0.14792,0.182235302219565
618,0.14816,0.794685332149391
619,0.1484,0.915338079856052
620,0.14864,-0.257152972812422
621,0.14888,0.7603458404285
622,0.14912,0.327540086326591
623,0.14936,-0.298673927310033
624,0.1496,0.638272229893161
625,0.14984,-0.101904491524459
626,0.15008,0.0361887225455129
627,0.15032,0.406938458513495
628,0.15056,-0.63570957850766
629,0.1508,0.0214417021099365
630,0.15104,-0.0445222035023598
631,0.15128,-0.801055506968729
632,0.15152,0.0131703192475483
633,0.15176,-0.499798732235941
634,0.152,-0.858972280130771
635,0.15224,-0.381201729256539
636,0.15248,-0.377265834321309
637,0.15272,-1.07370836666515
638,0.15296,-0.924570290706871
639,0.1532,-0.530705085560557
640,0.15344,-1.20690210029738
641,0.15368,-1.16005005831573
642,0.15392,-0.985495540810508
643,0.15416,-1.64312115727052
644,0.1544,-1.34053383395749
645,0.15464,-1.14956007331218
646,0.15488,-1.43502147043386
647,0.15512,-1.83513867798147
648,0.15536,-1.27613414637714
649,0.1556,-1.91781287187523
650,0.15584,-1.47859724424628
651,0.15608,-1.99957086481793
652,0.15632,-1.56020752038726
653,0.15656,-1.71789845173741
654,0.1568,-2.00028774006083
655,0.15704,-1.80310889431036
656,0.15728,-1.36358842847336
657,0.15752,-2.02241060239861
658,0.15776,-2.67359567868213
659,0.158,-2.24332114019812
660,0.15824,-1.83700598101936
661,0.15848,-2.50894869198294
662,0.15872,-2.45350280402429
663,0.15896,-2.30320267058755
664,0.1592,-2.63534658407716
665,0.15944,-2.2464326147094
666,0.15968,-2.48168239665071
667,0.15992,-2.46969981775539
668,0.16016,-2.48169376230919
669,0.1604,-2.86202631685933
670,0.16064,-2.39853069088109
671,0.16088,-2.80942847663778
672,0.16112,-3.33275624594813
673,0.16136,-2.18875918191681
674,0.1616,-2.76073714525114
675,0.16184,-2.95892142371479
676,0.16208,-2.11216581734008
677,0.16232,-3.19607213693576
678,0.16256,-3.07322137520096
679,0.1628,-2.27089295131256
680,0.16304,-3.04858299939689
681,0.16328,-3.09592129395715
682,0.16352,-2.69989840306557
683,0.16376,-3.77316473831117
684,0.164,-3.02232148094881
685,0.16424,-2.7955737738713
686,0.16448,-3.80435784960545
687,0.16472,-3.11369841758075
688,0.16496,-2.4746384264298
689,0.1652,-2.95016768994597
690,0.16544,-3.30535498407337
691,0.16568,-2.94040718660393
692,0.16592,-2.63596760555636
693,0.16616,-3.17979332530709
694,0.1664,-3.48537054757657
695,0.16664,-2.3937761514871
696,0.16688,-3.01722045905634
697,0.16712,-3.63138124997144
698,0.16736,-2.46949022252312
699,0.1676,-2.81048555685501
700,0.16784,-3.62026055619552
701,0.16808,-2.52125133722707
702,0.16832,-2.69276084541629
703,0.16856,-3.57826784736287
704,0.1688,-2.4315255352213
705,0.16904,-2.55592031669169
706,0.16928,-3.51384562289133
707,0.16952,-2.558048832357
708,0.16976,-2.39561530948274
709,0.17,-3.43035380560273
710,0.17024,-2.19934373797777
711,0.17048,-2.5919416648643
712,0.17072,-3.08958310065475
713,0.17096,-1.71173529835261
714,0.1712,-2.89142354351722
715,0.17144,-2.5028328284636
716,0.17168,-1.93743775022303
717,0.17192,-3.29554127088529
718,0.17216,-2.14456064276812
719,0.1724,-2.25598516550686
720,0.17264,-2.71522891815775
721,0.17288,-1.65577749075345
722,0.17312,-2.32795793071259
723,0.17336,-2.61432158172983
724,0.1736,-1.74703432445136
725,0.17384,-1.65627768394235
726,0.17408,-2.63017192631061
727,0.17432,-1.71103668141461
728,0.17456,-1.92510696545592
729,0.1748,-2.24052377156407
730,0.17504,-1.40692469195507
731,0.17528,-1.69822235349967
732,0.17552,-1.13506852337783
733,0.17576,-1.23934562916846
734,0.176,-1.22861459991065
735,0.17624,-2.18253585671608
736,0.17648,-1.57734434439403
737,0.17672,-1.04418927756229
738,0.17696,-1.11782453643509
739,0.1772,-1.7911878829758
740,0.17744,-0.950104704720188
741,0.17768,-0.962536662959697
742,0.17792,-0.3891864779681
743,0.17816,-0.822725811387804
744,0.1784,-1.00800614139993
745,0.17864,-0.363908469819998
746,0.17888,-0.489744843202879
747,0.17912,-1.09094800602346
748,0.17936,-0.143997990880325
749,0.1796,-0.442448818147901
750,0.17984,-0.972200857285824
751,0.18008,0.148403724000154
752,0.18032,-0.190244995223288
753,0.18056,-0.409528509739255
754,0.1808,0.175501692621626
755,0.18104,-0.196052481533292
756,0.18128,0.12934279116685
757,0.18152,0.0801379015745896
758,0.18176,0.027665932192602
759,0.182,0.669519699707925
760,0.18224,0.346161695575076
761,0.18248,0.250369958435233
762,0.18272,0.616956403122818
763,0.18296,0.630575652281419
764,0.1832,0.616609034693918
765,0.18344,0.597164533052323
766,0.18368,0.698997928561897
767,0.18392,1.38254820590817
768,0.18416,1.10238388174719
769,0.1844,0.815436272310863
770,0.18464,1.47989629756655
771,0.18488,1.30417440980157
772,0.18512,1.11637529792878
773,0.18536,1.76579984831801
774,0.1856,1.22458716996971
775,0.18584,1.38372571839968
776,0.18608,1.90348673064554
777,0.18632,1.34262531165376
778,0.18656,1.98294896937425
779,0.1868,1.66241861265298
780,0.18704,1.94456511889699
781,0.18728,1.86592775905253
782,0.18752,1.78138298408775
783,0.18776,2.18660085805085
784,0.188,1.87162791457727
785,0.18824,1.796633277337
786,0.18848,2.45548434703417
787,0.18872,2.14957449162703
788,0.18896,1.60496269691094
789,0.1892,2.40242888415912
790,0.18944,2.70972331792986
791,0.18968,1.94620054991238
792,0.18992,2.28295709233697
793,0.19016,2.61200144272299
794,0.1904,2.47872913641076
795,0.19064,2.71723804951871
796,0.19088,2.47145022218163
797,0.19112,2.49440349689911
798,0.19136,2.7537185504137
799,0.1916,2.42660053700414
800,0.19184,2.84428290432363
801,0.19208,2.65026927626336
802,0.19232,2.7304565915904
803,0.19256,3.53772176166884
804,0.1928,2.54634844270335
805,0.19304,3.15623330462441
806,0.19328,3.39286695843427
807,0.19352,2.21801545088566
808,0.19376,3.11328630388088
809,0.194,3.51489687000607
810,0.19424,2.38609273714247
811,0.19448,2.86257640890217
812,0.19472,3.1970819333869
813,0.19496,2.84297114985053
814,0.1952,3.72933565384836
815,0.19544,3.03698706503466
816,0.19568,2.5156371753154
817,0.19592,3.43395628509684
818,0.19616,2.46447872590636
819,0.1964,2.97257169326641
820,0.19664,3.47732230982093
821,0.19688,3.2646970775854
822,0.19712,2.39253568245772
823,0.19736,2.98860639071136
824,0.1976,3.57633995297389
825,0.19784,2.26513478616359
826,0.19808,2.93062556085404
827,0.19832,3.34975223974676
828,0.19856,2.61021358573812
829,0.1988,3.44555651838958
830,0.19904,2.96228960031288
831,0.19928,2.54487189635221
832,0.19952,3.45393803503623
833,0.19976,2.68177653562314
834,0.2,2.46055067709899
835,0.20024,3.4436141203473
836,0.20048,2.39106776119244
837,0.20072,2.72253070513822
838,0.20096,3.16169388341666
839,0.2012,1.96760006442234
840,0.20144,3.08431414689877
841,0.20168,2.63511216074767
842,0.20192,2.25034080152057
843,0.20216,3.06489098780488
844,0.2024,1.98890893719441
845,0.20264,2.64503395999177
846,0.20288,2.91731982588696
847,0.20312,1.92134091849249
848,0.20336,2.41461409787046
849,0.2036,2.76552501349868
850,0.20384,1.84130119712051
851,0.20408,2.05463431311747
852,0.20432,2.36777352045653
853,0.20456,1.52686158212374
854,0.2048,2.51933594241766
855,0.20504,2.18421933551223
856,0.20528,1.29789573407749
857,0.20552,2.36648301241122
858,0.20576,1.86566663813694
859,0.206,1.18005294712134
860,0.20624,1.25022056347174
861,0.20648,2.0433945096292
862,0.20672,1.75656909516449
863,0.20696,1.17274624798768
864,0.2072,1.1986927039191
865,0.20744,2.18713342777581
866,0.20768,0.333214882682859
867,0.20792,1.27470351257788
868,0.20816,1.36887576999188
869,0.2084,0.525593280870841
870,0.20864,0.695315116103941
871,0.20888,0.862278635548859
872,0.20912,0.3218822442345
873,0.20936,0.549165709597266
874,0.2096,1.00486185839782
875,0.20984,0.284794555233363
876,0.21008,0.559031894293213
877,0.21032,0.703619177079181
878,0.21056,-0.199576108640463
879,0.2108,0.722729293350444
880,0.21104,0.317546214879667
881,0.21128,-0.406756315864636
882,0.21152,0.674902994173803
883,0.21176,-0.156919759035293
884,0.212,-0.357292076040897
885,0.21224,0.397900389467653
886,0.21248,-0.621175588937126
887,0.21272,-0.313798447052767
888,0.21296,-0.117060846643431
889,0.2132,-0.616527825073912
890,0.21344,-0.523444744882545
891,0.21368,-0.647223826065401
892,0.21392,-0.514088829141538
893,0.21416,-0.510197714029322
894,0.2144,-0.847773269924424
895,0.21464,-0.808401234816248
896,0.21488,-0.77566416016073
897,0.21512,-1.21060871293718
898,0.21536,-0.792530163784775
899,0.2156,-0.864914133155744
900,0.21584,-1.52093891696637
901,0.21608,-1.08360850186293
902,0.21632,-1.62618702276049
903,0.21656,-1.42415577846829
904,0.2168,-1.3451665101603
905,0.21704,-1.98898260457509
906,0.21728,-1.18846560998085
907,0.21752,-1.83119690484557
908,0.21776,-1.75370681243301
909,0.218,-1.79028091597187
910,0.21824,-1.95109216376577
911,0.21848,-2.11848481109048
912,0.21872,-1.79749320074092
913,0.21896,-1.72263396246601
914,0.2192,-2.37968823792323
915,0.21944,-2.0719268801617
916,0.21968,-2.00655974847441
917,0.21992,-2.55941407370365
918,0.22016,-2.14527118270652
919,0.2204,-1.98464378287556
920,0.22064,-2.67785062354128
921,0.22088,-2.40068419045339
922,0.22112,-2.14838916456643
923,0.22136,-3.10231104535387
924,0.2216,-2.25162785331439
925,0.22184,-2.51631889048733
926,0.22208,-3.00867911082841
927,0.22232,-2.19821906930226
928,0.22256,-2.8537418179602
929,0.2228,-2.77574492160324
930,0.22304,-2.61235885542922
931,0.22328,-3.42097934824673
932,0.22352,-2.42456600759747
933,0.22376,-2.79223627168928
934,0.224,-3.39132148566954
935,0.22424,-2.56662302212005
936,0.22448,-2.97879028764719
937,0.22472,-3.62003873500006
938,0.22496,-2.8368138609
939,0.2252,-2.46420333093708
940,0.22544,-3.16233029913742
941,0.22568,-2.68143588881499
942,0.22592,-3.56304976745332
943,0.22616,-3.21898994168764
944,0.2264,-3.03272543957046
945,0.22664,-2.29573990481525
946,0.22688,-3.72100975655384
947,0.22712,-2.52142763265573
948,0.22736,-2.92597400507408
949,0.2276,-3.56465178967666
950,0.22784,-2.41811870746124
951,0.22808,-2.8898890554777
952,0.22832,-3.48071228341732
953,0.22856,-2.98954046012759
954,0.2288,-2.6866718213188
955,0.22904,-3.47084156154265
956,0.22928,-2.81043045019547
957,0.22952,-2.81755323724764
958,0.22976,-3.54410664372988
959,0.23,-2.48603872128147
960,0.23024,-2.69043991270845
961,0.23048,-3.72475540096029
962,0.23072,-2.2636798800802
963,0.23096,-2.90055224881652
964,0.2312,-3.03990874572083
965,0.23144,-2.1561001251299
966,0.23168,-3.33172026428834
967,0.23192,-2.34700307676363
968,0.23216,-2.51191374471772
969,0.2324,-3.26129346886612
970,0.23264,-1.88616055232479
971,0.23288,-2.84174404367194
972,0.23312,-2.46338669420829
973,0.23336,-2.02966524539643
974,0.2336,-3.2773876422403
975,0.23384,-2.49095732000443
976,0.23408,-1.76784689294112
977,0.23432,-3.09604510969028
978,0.23456,-2.38583307703997
979,0.2348,-1.37524198474804
980,0.23504,-2.67514603061664
981,0.23528,-2.40221888814258
982,0.23552,-1.4590798555317
983,0.23576,-2.47342683623193
984,0.236,-2.03235396107273
985,0.23624,-1.28823421379915
986,0.23648,-1.66804231143095
987,0.23672,-2.26362629666094
988,0.23696,-1.33313744619319
989,0.2372,-0.942440127234352
990,0.23744,-1.40603946597506
991,0.23768,-1.74942417116339
992,0.23792,-0.553698718942042
993,0.23816,-0.972267356214106
994,0.2384,-1.74293806153171
995,0.23864,-1.08103116463302
996,0.23888,-0.601173191271319
997,0.23912,-1.44177382424171
998,0.23936,-0.60641850269767
999,0.2396,-0.791290261509897
1000,0.23984,-0.974574923921468
1001,0.24008,-0.561117003117425
1002,0.24032,-0.556649626702065
1003,0.24056,-0.796709645661817
1004,0.2408,-0.440210314696667
1005,0.24104,-0.00819271054020465
1006,0.24128,-0.191223030472396
1007,0.24152,-0.488712168328597
1008,0.24176,-0.0986453081795579
1009,0.242,-0.203332736200068
1010,0.24224,-0.0679559752835945
1011,0.24248,0.0300288892446943
1012,0.24272,-0.229005476825466
1013,0.24296,0.456391635488272
1014,0.2432,0.0335553980984835
1015,0.24344,0.10181138788416
1016,0.24368,0.49980494109523
1017,0.24392,0.0486993746581943
1018,0.24416,0.554531091527193
1019,0.2444,0.677256382356251
1020,0.24464,0.80644949106408
1021,0.24488,0.547747102904665
1022,0.24512,0.64397987542331
1023,0.24536,0.86398051716931
1024,0.2456,0.822401559189766
1025,0.24584,1.01647305173461
1026,0.24608,1.21241739704675
1027,0.24632,0.911563042165939
1028,0.24656,1.09112085797619
1029,0.2468,1.1471311997602
1030,0.24704,1.55518287419107
1031,0.24728,1.35880946540165
1032,0.24752,1.76105507263547
1033,0.24776,1.44258933217397
1034,0.248,1.36385061407239
1035,0.24824,1.52342752078932
1036,0.24848,1.92503636507341
1037,0.24872,1.60437063470372
1038,0.24896,1.64344320474709
1039,0.2492,2.29043435240437
1040,0.24944,1.61088511180051
1041,0.24968,2.13810311944825
1042,0.24992,1.95410053594921
1043,0.25016,2.12447709137624
1044,0.2504,2.18724372901823
1045,0.25064,2.13406345950074
1046,0.25088,2.19803598142497
1047,0.25112,2.27873529293068
1048,0.25136,2.7254473041328
1049,0.2516,2.08694201801632
1050,0.25184,2.43620224884718
1051,0.25208,3.14174462076814
1052,0.25232,2.04943360271643
1053,0.25256,2.79012299506611
1054,0.2528,3.03519320012919
1055,0.25304,2.10434392560093
1056,0.25328,3.11442166358984
1057,0.25352,2.91179799717882
1058,0.25376,2.39097640082489
1059,0.254,3.31050063298269
1060,0.25424,2.55045381616975
1061,0.25448,2.67715446248927
1062,0.25472,3.26969011861659
1063,0.25496,2.55893904193478
1064,0.2552,2.84535382030818
1065,0.25544,3.59645965576325
1066,0.25568,2.45319290466004
1067,0.25592,2.79980117225469
1068,0.25616,3.12702368229498
1069,0.2564,2.52512774001706
1070,0.25664,3.15311697164642
1071,0.25688,3.17104934602764
1072,0.25712,2.15553611996844
1073,0.25736,3.91302467997382
1074,0.2576,2.31922979109246
1075,0.25784,2.70824404799043
1076,0.25808,3.33039319563621
1077,0.25832,3.70954840864045
1078,0.25856,2.32792717604236
1079,0.2588,3.03699473344971
1080,0.25904,3.73005657265767
1081,0.25928,2.51861078202679
1082,0.25952,2.8137136011322
1083,0.25976,3.70157056294462
1084,0.26,2.32415464027177
1085,0.26024,3.04308643636721
1086,0.26048,3.51363801646614
1087,0.26072,2.34696502788705
1088,0.26096,3.2489314021734
1089,0.2612,2.58889823859238
1090,0.26144,2.59670446602523
1091,0.26168,3.67539712038832
1092,0.26192,2.25565314129186
1093,0.26216,2.70152751325116
1094,0.2624,3.24741946448504
1095,0.26264,1.79615737884979
1096,0.26288,2.91041754720131
1097,0.26312,2.68694821365276
1098,0.26336,2.28616428992103
1099,0.2636,3.20952028428932
1100,0.26384,2.22651409811903
1101,0.26408,2.26968706171583
1102,0.26432,2.90132985165842
1103,0.26456,1.65169191464248
1104,0.2648,2.72431678094112
1105,0.26504,2.46215801317958
1106,0.26528,1.41934284546419
1107,0.26552,2.68862713741706
1108,0.26576,2.26113655356213
1109,0.266,1.29834927025054
1110,0.26624,2.51411765455475
1111,0.26648,2.39862175168545
1112,0.26672,1.49283550781215
1113,0.26696,1.95252532822133
1114,0.2672,2.27931139348277
1115,0.26744,1.20549921433785
1116,0.26768,2.3289735582898
1117,0.26792,0.935108586010016
1118,0.26816,1.04050327255688
1119,0.2684,2.10669125097541
1120,0.26864,1.72892639840651
1121,0.26888,1.05368923115367
1122,0.26912,1.22789631743678
1123,0.26936,1.76153163498166
1124,0.2696,0.906053554216469
1125,0.26984,1.38222676424796
1126,0.27008,1.13908312193878
1127,0.27032,0.233894674431315
1128,0.27056,1.25959442526228
1129,0.2708,1.07648952342863
1130,0.27104,-0.0187282915352698
1131,0.27128,1.18086000933511
1132,0.27152,0.574924576389354
1133,0.27176,0.0194352709825261
1134,0.272,1.02419148645307
1135,0.27224,0.117155108284277
1136,0.27248,-0.0313371954054227
1137,0.27272,0.535631593510539
1138,0.27296,-0.186666891241589
1139,0.2732,0.0622502811687395
1140,0.27344,0.0752362975144818
1141,0.27368,-0.237289129245838
1142,0.27392,0.0452969756223709
1143,0.27416,-0.373626895825411
1144,0.2744,-0.289390498050845
1145,0.27464,-0.334721274986092
1146,0.27488,-0.352639591391074
1147,0.27512,-0.717230059667247
1148,0.27536,-0.361342276472524
1149,0.2756,-0.950548720318797
1150,0.27584,-0.811330120899422
1151,0.27608,-0.91457790939147
1152,0.27632,-0.873592282726176
1153,0.27656,-0.954169142348973
1154,0.2768,-1.26976201982053
1155,0.27704,-1.21007226314304
1156,0.27728,-1.152478096656
1157,0.27752,-1.56652964675062
1158,0.27776,-1.01052778024683
1159,0.278,-1.67026915297347
1160,0.27824,-1.7119511065202
1161,0.27848,-1.39102681139432
1162,0.27872,-1.79243875513989
1163,0.27896,-1.58957218807182
1164,0.2792,-2.10998431773297
1165,0.27944,-1.66951782049088
1166,0.27968,-1.58694793138343
1167,0.27992,-1.99199578439704
1168,0.28016,-1.91610052119429
1169,0.2804,-1.95602136001495
1170,0.28064,-1.8868848835389
1171,0.28088,-2.18399103002818
1172,0.28112,-2.23408923757373
1173,0.28136,-2.17552310708158
1174,0.2816,-2.37050441183252
1175,0.28184,-2.31693719129433
1176,0.28208,-2.40551419411547
1177,0.28232,-2.49355183571604
1178,0.28256,-2.10609327635697
1179,0.2828,-2.70218802126442
1180,0.28304,-2.44866533763657
1181,0.28328,-2.33729251897543
1182,0.28352,-3.07849824602422
1183,0.28376,-2.37171022962394
1184,0.284,-2.66066487900009
1185,0.28424,-3.42546916290775
1186,0.28448,-2.51674711099165
1187,0.28472,-2.48804139420409
1188,0.28496,-3.04955318428192
1189,0.2852,-2.66946349188583
1190,0.28544,-3.03967526411599
1191,0.28568,-2.6788386786313
1192,0.28592,-2.47655729844114
1193,0.28616,-3.60772840007323
1194,0.2864,-3.0467989940709
1195,0.28664,-2.41024137915872
1196,0.28688,-3.36736679347624
1197,0.28712,-3.34065585484905
1198,0.28736,-2.2812683163364
1199,0.2876,-3.51364568751355
1200,0.28784,-3.41856647197394
1201,0.28808,-2.53336560653884
1202,0.28832,-3.25045046439874
1203,0.28856,-2.98412658315504
1204,0.2888,-2.41960872743328
1205,0.28904,-3.06819754808714
1206,0.28928,-3.47896763876123
1207,0.28952,-2.93046060527187
1208,0.28976,-2.4532941490585
1209,0.29,-3.18632687024857
1210,0.29024,-3.79604415869347
1211,0.29048,-2.15520564931979
1212,0.29072,-2.96848570369455
1213,0.29096,-3.76692991824952
1214,0.2912,-2.20181044601953
1215,0.29144,-2.61632696895686
1216,0.29168,-3.50074502690811
1217,0.29192,-2.47346801745307
1218,0.29216,-2.71388057189862
1219,0.2924,-3.66554003738065
1220,0.29264,-2.11999547773491
1221,0.29288,-2.91219406354821
1222,0.29312,-3.08386483853436
1223,0.29336,-2.11213233262701
1224,0.2936,-3.20700387125394
1225,0.29384,-2.49582086608488
1226,0.29408,-2.33346562945188
1227,0.29432,-3.24915224487689
1228,0.29456,-1.90985528650274
1229,0.2948,-2.78166153361372
1230,0.29504,-2.56155733386966
1231,0.29528,-2.03917515925635
1232,0.29552,-2.95880123071087
1233,0.29576,-1.98383096110573
1234,0.296,-2.03202300359629
1235,0.29624,-2.90388703468147
1236,0.29648,-1.99902956292509
1237,0.29672,-1.39831120472372
1238,0.29696,-2.957808043644
1239,0.2972,-1.99959686142916
1240,0.29744,-1.22264006799125
1241,0.29768,-2.50123873528024
1242,0.29792,-2.09373791281887
1243,0.29816,-1.1423459097268
1244,0.2984,-2.37090407216538
1245,0.29864,-0.967415437304414
1246,0.29888,-1.30463543985248
1247,0.29912,-1.76076222914083
1248,0.29936,-1.86076770351374
1249,0.2996,-0.552327582900915
1250,0.29984,-1.34098112535923
1251,0.30008,-1.40059411900741
1252,0.30032,-0.517082105474479
1253,0.30056,-1.24697404880024
1254,0.3008,-1.36488203568382
1255,0.30104,-0.192559771477211
1256,0.30128,-0.624934667175241
1257,0.30152,-1.40483874075952
1258,0.30176,-0.536330214769302
1259,0.302,-0.537037535577009
1260,0.30224,-0.892227282347939
1261,0.30248,-0.553083044422406
1262,0.30272,-0.481404416485125
1263,0.30296,-0.40699869685889
1264,0.3032,-0.253206716352792
1265,0.30344,-0.46050639284107
1266,0.30368,0.15918286502016
1267,0.30392,-0.21633339172641
1268,0.30416,-0.220089186370827
1269,0.3044,0.585605834347501
1270,0.30464,-0.188096747417939
1271,0.30488,0.248409157800359
1272,0.30512,0.773968159787512
1273,0.30536,0.325624468948023
1274,0.3056,0.359531623143008
1275,0.30584,0.371183359016492
1276,0.30608,0.606581292781518
1277,0.30632,0.607108557854422
1278,0.30656,0.588929570539653
1279,0.3068,0.798304696826283
1280,0.30704,0.773028214760952
1281,0.30728,1.33482677516401
1282,0.30752,0.797856604801154
1283,0.30776,0.876338088970582
1284,0.308,1.29871207210734
1285,0.30824,0.987717035785387
1286,0.30848,1.16502800775209
1287,0.30872,1.45752772238839
1288,0.30896,1.61996102214989
1289,0.3092,1.30281726213324
1290,0.30944,1.70770934567854
1291,0.30968,1.50660415752368
1292,0.30992,1.78732488719108
1293,0.31016,2.06744034862745
1294,0.3104,1.50530069711788
1295,0.31064,1.78601616353498
1296,0.31088,1.95485294703734
1297,0.31112,2.23375534199452
1298,0.31136,2.16400114330704
1299,0.3116,1.98137909100805
1300,0.31184,2.15328147676639
1301,0.31208,2.21771390498248
1302,0.31232,2.16632567752497
1303,0.31256,2.47012700195713
1304,0.3128,1.94369531209457
1305,0.31304,2.40263754926973
1306,0.31328,2.84793830312527
1307,0.31352,2.10985491966749
1308,0.31376,2.71332092554354
1309,0.314,2.82104951283952
1310,0.31424,2.11995607091603
1311,0.31448,2.9838865073765
1312,0.31472,2.6479847831561
1313,0.31496,2.4665237177613
1314,0.3152,3.24172622729533
1315,0.31544,2.46402007509725
1316,0.31568,2.56601990781254
1317,0.31592,3.37181278157728
1318,0.31616,2.87264944588859
1319,0.3164,2.65808424944619
1320,0.31664,3.50781532518487
1321,0.31688,3.05190833929013
1322,0.31712,2.04430432884452
1323,0.31736,3.20582847981217
1324,0.3176,3.15608162272994
1325,0.31784,2.31216846521893
1326,0.31808,3.89525257828784
1327,0.31832,3.05093731850853
1328,0.31856,2.49822732805189
1329,0.3188,3.89464672741667
1330,0.31904,2.99697850700468
1331,0.31928,2.5144885691862
1332,0.31952,3.13329009883884
1333,0.31976,3.86406261307714
1334,0.32,2.35072647992949
1335,0.32024,3.0376696341083
1336,0.32048,3.60196230608493
1337,0.32072,2.49884078000975
1338,0.32096,2.78065519284906
1339,0.3212,3.54101853097738
1340,0.32144,2.74008504336236
1341,0.32168,2.4928127955021
1342,0.32192,3.32971172538202
1343,0.32216,2.96009887838813
1344,0.3224,2.29494877225688
1345,0.32264,3.32769518750949
1346,0.32288,2.79193018339025
1347,0.32312,2.32580566297843
1348,0.32336,3.31119393815476
1349,0.3236,2.49353108587685
1350,0.32384,2.5826021011685
1351,0.32408,3.26306934142885
1352,0.32432,1.82135870233845
1353,0.32456,2.94002211701196
1354,0.3248,2.72793078734869
1355,0.32504,2.09768318628354
1356,0.32528,3.27522834533073
1357,0.32552,1.95512896119621
1358,0.32576,2.60755463484685
1359,0.326,2.75886141153119
1360,0.32624,1.53085338988468
1361,0.32648,2.85053796113401
1362,0.32672,2.12236099504228
1363,0.32696,1.46138334552181
1364,0.3272,2.84618022648642
1365,0.32744,2.3087223544961
1366,0.32768,1.34750359030156
1367,0.32792,2.34604682551512
1368,0.32816,2.24809587596448
1369,0.3284,1.35376437662058
1370,0.32864,2.41651179908234
1371,0.32888,1.9101428066049
1372,0.32912,1.0985831604374
1373,0.32936,2.00113997532935
1374,0.3296,1.6886539650212
1375,0.32984,1.19867535947491
1376,0.33008,1.31698914013896
1377,0.33032,2.03767959488444
1378,0.33056,1.12371344652673
1379,0.3308,1.31030917148869
1380,0.33104,1.49542290464964
1381,0.33128,0.270614607208105
1382,0.33152,0.893029367987359
1383,0.33176,1.50863195306397
1384,0.332,0.23689957761562
1385,0.33224,0.554049288230783
1386,0.33248,1.58717946509291
1387,0.33272,0.371506365120767
1388,0.33296,0.499658398524644
1389,0.3332,0.985491114323652
1390,0.33344,0.308991145928109
1391,0.33368,0.484006072951927
1392,0.33392,0.0624781147660236
1393,0.33416,0.0443672620696067
1394,0.3344,0.619500699736099
1395,0.33464,-0.465012661852991
1396,0.33488,0.397817402214541
1397,0.33512,0.0514996712388511
1398,0.33536,-0.619258717378812
1399,0.3356,0.0323972035197411
1400,0.33584,-0.505923339295789
1401,0.33608,-0.534791507901714
1402,0.33632,-0.0895376512426547
1403,0.33656,-0.827852175513365
1404,0.3368,-0.347169073892983
1405,0.33704,-0.59583734349821
1406,0.33728,-0.818939106130913
1407,0.33752,-0.55508994943194
1408,0.33776,-0.77248437563923
1409,0.338,-1.45056374789051
1410,0.33824,-1.04993800324054
1411,0.33848,-0.878624837186068
1412,0.33872,-1.53898393314379
1413,0.33896,-1.24211313175805
1414,0.3392,-1.29091122599481
1415,0.33944,-1.21622965206917
1416,0.33968,-1.50529524497043
1417,0.33992,-1.54554412371871
1418,0.34016,-1.58912507542566
1419,0.3404,-1.62912222016811
1420,0.34064,-1.30878738352443
1421,0.34088,-1.70963488219326
1422,0.34112,-1.75514752250085
1423,0.34136,-2.15396709395049
1424,0.3416,-1.95245701812326
1425,0.34184,-2.00061081541183
1426,0.34208,-2.04703605799072
1427,0.34232,-1.85327457363601
1428,0.34256,-2.27620765079521
1429,0.3428,-2.33582024907481
1430,0.34304,-2.15264723520445
1431,0.34328,-2.34664160984313
1432,0.34352,-2.31031351856233
1433,0.34376,-2.38692511275337
1434,0.344,-2.48710106506135
1435,0.34424,-2.7098543041193
1436,0.34448,-2.33200858482376
1437,0.34472,-2.46179185914747
1438,0.34496,-2.58519351820647
1439,0.3452,-2.48813647928349
1440,0.34544,-2.88501921990721
1441,0.34568,-2.4379626910774
1442,0.34592,-2.86516832922946
1443,0.34616,-3.2848837390699
1444,0.3464,-2.16218312516073
1445,0.34664,-2.87221059813393
1446,0.34688,-2.84664498329184
1447,0.34712,-2.61613838131875
1448,0.34736,-3.361626035
1449,0.3476,-2.7797232636979
1450,0.34784,-2.60041093374432
1451,0.34808,-3.27820944970355
1452,0.34832,-3.10471803291785
1453,0.34856,-2.84447919514161
1454,0.3488,-3.57752133227636
1455,0.34904,-3.2149155173895
1456,0.34928,-2.89406418027653
1457,0.34952,-3.32707729374386
1458,0.34976,-3.26219119898543
1459,0.35,-2.39312692046709
1460,0.35024,-2.77752835772571
1461,0.35048,-3.16701215498779
1462,0.35072,-3.79119462805188
1463,0.35096,-2.28131508783262
1464,0.3512,-2.754931839427
1465,0.35144,-3.35009175699979
1466,0.35168,-2.8603771141675
1467,0.35192,-2.79369753988566
1468,0.35216,-3.56974490626481
1469,0.3524,-2.6662637717173
1470,0.35264,-2.90921246616915
1471,0.35288,-3.63030913683184
1472,0.35312,-2.33054214433408
1473,0.35336,-2.76989798445723
1474,0.3536,-3.6772259732444
1475,0.35384,-2.09855881548001
1476,0.35408,-2.96859757196104
1477,0.35432,-3.22103899307463
1478,0.35456,-1.97170866534698
1479,0.3548,-3.1494573364726
1480,0.35504,-2.75570829299276
1481,0.35528,-2.31256403379228
1482,0.35552,-3.30515931683878
1483,0.35576,-2.04321677458408
1484,0.356,-2.514482093998
1485,0.35624,-2.85274074828435
1486,0.35648,-1.68268915712918
1487,0.35672,-2.7021464092117
1488,0.35696,-2.74949736204447
1489,0.3572,-1.65417750335334
1490,0.35744,-2.51351140549233
1491,0.35768,-2.63740010025556
1492,0.35792,-1.73515345328027
1493,0.35816,-2.08147203905117
1494,0.3584,-2.7644030406401
1495,0.35864,-1.686164352573
1496,0.35888,-1.98065696696901
1497,0.35912,-2.13852099407179
1498,0.35936,-1.3878161766221
1499,0.3596,-1.52479231671369
1500,0.35984,-2.12204640592978
1501,0.36008,-1.31257905197872
1502,0.36032,-1.27558838277705
1503,0.36056,-1.36906914312658
1504,0.3608,-1.94236637783606
1505,0.36104,-0.738240405600434
1506,0.36128,-0.904897816998414
1507,0.36152,-1.79413981446074
1508,0.36176,-0.889703788081158
1509,0.362,-0.761808214494315
1510,0.36224,-1.95013170392424
1511,0.36248,-0.529589386075214
1512,0.36272,-1.17500637615482
1513,0.36296,-1.09435588581454
1514,0.3632,-0.0966892039555138
1515,0.36344,-0.804625495021842
1516,0.36368,-0.783407372582289
1517,0.36392,0.159623117798141
1518,0.36416,-0.958427178590981
1519,0.3644,-0.508046624901951
1520,0.36464,0.25606875499145
1521,0.36488,-0.787346875719994
1522,0.36512,-0.0318330156403779
1523,0.36536,0.201170700379031
1524,0.3656,-0.638238253992032
1525,0.36584,0.421844968181665
1526,0.36608,0.256785342468153
1527,0.36632,-0.145678588743867
1528,0.36656,0.504318538306999
1529,0.3668,0.425486069364659
1530,0.36704,0.105915162101872
1531,0.36728,0.72353785494568
1532,0.36752,0.381261944326844
1533,0.36776,0.863907808354721
1534,0.368,0.602864796576367
1535,0.36824,0.235110539795258
1536,0.36848,0.933894150511619
1537,0.36872,1.37142683798081
1538,0.36896,1.09386053372974
1539,0.3692,0.685902629594446
1540,0.36944,1.34972289853644
1541,0.36968,1.29213691918982
1542,0.36992,0.984636632707379
1543,0.37016,1.63395313577528
1544,0.3704,1.21002216089425
1545,0.37064,1.13690193651773
1546,0.37088,1.29973828073235
1547,0.37112,1.94116558377164
1548,0.37136,1.37922248090622
1549,0.3716,2.02025028070735
1550,0.37184,1.70176782602597
1551,0.37208,2.34135390573469
1552,0.37232,1.89720001173908
1553,0.37256,1.70309382671625
1554,0.3728,2.58826172270342
1555,0.37304,2.03347546499741
1556,0.37328,1.97034925061563
1557,0.37352,2.26572993946322
1558,0.37376,1.96447518334066
1559,0.374,2.64077448799164
1560,0.37424,2.22742731464509
1561,0.37448,2.07087410837321
1562,0.37472,2.76597902116014
1563,0.37496,2.13366369688231
1564,0.3752,2.25045582636346
1565,0.37544,3.08528586637509
1566,0.37568,2.24038863745809
1567,0.37592,2.62882098831561
1568,0.37616,3.00326301308803
1569,0.3764,1.96166045726218
1570,0.37664,2.98415249061876
1571,0.37688,2.91147398149094
1572,0.37712,2.2790752720911
1573,0.37736,3.33801903615547
1574,0.3776,3.06362699104473
1575,0.37784,1.99338592281991
1576,0.37808,3.09788678526691
1577,0.37832,2.87189792303973
1578,0.37856,2.68639450488232
1579,0.3788,3.72005231705309
1580,0.37904,2.46767526369342
1581,0.37928,2.58942733978358
1582,0.37952,3.05513922525831
1583,0.37976,2.70768049308909
1584,0.38,3.83531408931023
1585,0.38024,3.14282999118171
1586,0.38048,2.49848098088392
1587,0.38072,2.97630774750477
1588,0.38096,3.44194650860952
1589,0.3812,3.43314666989944
1590,0.38144,2.51587317899112
1591,0.38168,3.06834054277692
1592,0.38192,3.85001970399643
1593,0.38216,2.26349591776193
1594,0.3824,2.89047051125331
1595,0.38264,3.51340700842136
1596,0.38288,2.81833377361208
1597,0.38312,2.67266017731502
1598,0.38336,3.36880805964044
1599,0.3836,3.34528892344984
1600,0.38384,2.1794301303991
1601,0.38408,3.08399076188565
1602,0.38432,3.61910449866742
1603,0.38456,2.38932276449747
1604,0.3848,2.6556662084718
1605,0.38504,3.51125810663471
1606,0.38528,1.99690420179207
1607,0.38552,2.81510063451852
1608,0.38576,3.13902888679108
1609,0.386,1.95185911179389
1610,0.38624,3.19288788427233
1611,0.38648,2.62855794556615
1612,0.38672,2.24992144927279
1613,0.38696,3.06861415724395
1614,0.3872,1.99659287227
1615,0.38744,2.53999675191167
1616,0.38768,2.82251111371591
1617,0.38792,1.59462150890775
1618,0.38816,2.68583779846675
1619,0.3884,2.68441522995215
1620,0.38864,1.6504023114812
1621,0.38888,2.34365925104131
1622,0.38912,2.41346374996204
1623,0.38936,1.57536138555025
1624,0.3896,1.86739145348952
1625,0.38984,2.61425756286181
1626,0.39008,1.7155824106735
1627,0.39032,0.873668995482245
1628,0.39056,2.56487337321597
1629,0.3908,1.84917721905122
1630,0.39104,0.829688946078029
1631,0.39128,0.931263179120189
1632,0.39152,1.75581517783854
1633,0.39176,1.85655031684991
1634,0.392,0.668162180050746
1635,0.39224,1.21083799439398
1636,0.39248,1.75106737824339
1637,0.39272,1.09680980729844
1638,0.39296,0.747380386937051
1639,0.3932,1.11610660347748
1640,0.39344,0.778595219892512
1641,0.39368,0.72872977104246
1642,0.39392,0.914408498231435
1643,0.39416,0.634104954638642
1644,0.3944,0.757981233340935
1645,0.39464,0.875033168777444
1646,0.39488,0.0535924539024968
1647,0.39512,0.474299278510697
1648,0.39536,0.764573096822586
1649,0.3956,-0.244233413444736
1650,0.39584,0.461684110407877
1651,0.39608,0.436823443656426
1652,0.39632,-0.636235321370003
1653,0.39656,0.468053177555247
1654,0.3968,-0.111218876635745
1655,0.39704,-0.533511827614713
1656,0.39728,0.478569243748647
1657,0.39752,-0.533713371918028
1658,0.39776,-0.562381179518652
1659,0.398,-0.357087162096991
1660,0.39824,-0.726665708757272
1661,0.39848,-0.609595650933251
1662,0.39872,-0.85140301011341
1663,0.39896,-0.588753177154191
1664,0.3992,-0.804917979250131
1665,0.39944,-1.01852499128038
1666,0.39968,-0.734452233215782
1667,0.39992,-1.04882510191615
1668,0.40016,-1.36272728739066
1669,0.4004,-0.938768809024971
1670,0.40064,-1.11679046612795
1671,0.40088,-1.17161819168475
1672,0.40112,-1.57882410620932
1673,0.40136,-1.37929109058129
1674,0.4016,-1.78140707636759
1675,0.40184,-1.4630868650976
1676,0.40208,-1.38475285090433
1677,0.40232,-1.66690497757644
1678,0.40256,-2.06829423068103
1679,0.4028,-1.50667831156718
1680,0.40304,-1.7879144756906
1681,0.40328,-1.95726327598497
1682,0.40352,-2.23667185722018
1683,0.40376,-2.16741730760346
1684,0.404,-2.10691733832414
1685,0.40424,-2.39820058995553
1686,0.40448,-2.34193685256491
1687,0.40472,-2.05579167055489
1688,0.40496,-2.24360372796629
1689,0.4052,-2.20682983786778
1690,0.40544,-2.53741637256769
1691,0.40568,-2.14491427137484
1692,0.40592,-2.3781354823743
1693,0.40616,-3.09145843743012
1694,0.4064,-2.24337647089721
1695,0.40664,-2.51062562492068
1696,0.40688,-3.00550306222185
1697,0.40712,-2.19751979893217
1698,0.40736,-2.85547045970757
1699,0.4076,-2.77985917785047
1700,0.40784,-2.6188129420594
1701,0.40808,-3.42972218431683
1702,0.40832,-2.4355523163408
1703,0.40856,-2.80541663143583
1704,0.4088,-3.40664530817845
1705,0.40904,-2.58404246417304
1706,0.40928,-2.76151671502501
1707,0.40952,-3.04566553694592
1708,0.40976,-2.64213361483186
1709,0.41,-3.70449501608654
1710,0.41024,-2.95063696439613
1711,0.41048,-3.09023834743865
1712,0.41072,-3.82884575720361
1713,0.41096,-2.7818721136732
1714,0.4112,-3.10221221629342
1715,0.41144,-3.40654577234337
1716,0.41168,-2.44158558057135
1717,0.41192,-2.83200622559042
1718,0.41216,-3.45695376257615
1719,0.4124,-3.60530341505681
1720,0.41264,-2.35991475485211
1721,0.41288,-2.8385092738165
1722,0.41312,-3.78444063907421
1723,0.41336,-2.22978009504911
1724,0.4136,-3.01390067341947
1725,0.41384,-3.90180710220575
1726,0.41408,-2.30130576811977
1727,0.41432,-3.26597533776767
1728,0.41456,-3.25901260654723
1729,0.4148,-2.35093649200523
1730,0.41504,-3.26111253297089
1731,0.41528,-2.96818292658528
1732,0.41552,-2.26088361859717
1733,0.41576,-3.36299896037346
1734,0.416,-2.66364055369752
1735,0.41624,-2.3982525890081
1736,0.41648,-3.56439911746918
1737,0.41672,-2.22921381965279
1738,0.41696,-2.75600819289453
1739,0.4172,-2.78372879942333
1740,0.41744,-1.79000677458104
1741,0.41768,-2.98535972846079
1742,0.41792,-2.49127229528451
1743,0.41816,-2.06099092249264
1744,0.4184,-2.95565368023413
1745,0.41864,-2.41425610348366
1746,0.41888,-1.93597604309808
1747,0.41912,-2.89925549230506
1748,0.41936,-1.96573545478318
1749,0.4196,-1.93274953730033
1750,0.41984,-2.84512310679932
1751,0.42008,-1.86366086587464
1752,0.42032,-1.89878361765886
1753,0.42056,-2.64045121028657
1754,0.4208,-1.85104018534804
1755,0.42104,-0.997803181908605
1756,0.42128,-2.32965222606668
1757,0.42152,-1.9610734436863
1758,0.42176,-1.40486536409728
1759,0.422,-1.13907157570407
1760,0.42224,-1.24029137245652
1761,0.42248,-2.06431627309007
1762,0.42272,-1.33585697200903
1763,0.42296,-1.03125803821129
1764,0.4232,-1.21350967022672
1765,0.42344,-1.87714584308429
1766,0.42368,-0.664838719678924
1767,0.42392,-1.27253155492817
1768,0.42416,-1.03794952972161
1769,0.4244,-0.251923895314446
1770,0.42464,-0.572535534631338
1771,0.42488,-1.24779239227805
1772,0.42512,-0.502149706176987
1773,0.42536,-0.395066359584084
1774,0.4256,-1.24561908490386
1775,0.42584,-0.0856685573973736
1776,0.42608,-0.26538281116579
1777,0.42632,-0.801834019586224
1778,0.42656,0.310517646134202
1779,0.4268,-0.0370449624384783
1780,0.42704,-0.506033960084689
1781,0.42728,0.193454133700443
1782,0.42752,-0.0675125838962476
1783,0.42776,0.0122110255003378
1784,0.428,0.192607377078071
1785,0.42824,0.377411452044182
1786,0.42848,0.412016178492481
1787,0.42872,0.20410242071611
1788,0.42896,0.706998467364202
1789,0.4292,0.460937971354765
1790,0.42944,0.107150227530651
1791,0.42968,0.820087402614501
1792,0.42992,1.15127973769581
1793,0.43016,1.1308086468099
1794,0.4304,0.727259141119868
1795,0.43064,0.918998939026557
1796,0.43088,0.996755664320942
1797,0.43112,1.42041502265977
1798,0.43136,1.11226508526969
1799,0.4316,1.17083482527216
1800,0.43184,1.58104801795086
1801,0.43208,1.26400320304587
1802,0.43232,1.66798442799311
1803,0.43256,1.35000228821786
1804,0.4328,1.75438998177755
1805,0.43304,1.55066920251603
1806,0.43328,1.95063466967466
1807,0.43352,1.7516053641666
1808,0.43376,1.90592820407909
1809,0.434,1.58864210033819
1810,0.43424,1.99871155781083
1811,0.43448,2.16011090022394
1812,0.43472,2.21495216739179
1813,0.43496,2.15669363086532
1814,0.4352,2.33067940393192
1815,0.43544,2.39917102199368
1816,0.43568,2.11587722405797
1817,0.43592,2.30596792432248
1818,0.43616,2.27117678329739
1819,0.4364,2.49331951651971
1820,0.43664,2.70393439587142
1821,0.43688,2.21704013825541
1822,0.43712,2.58082704266555
1823,0.43736,2.57867793241429
1824,0.4376,2.60776294416592
1825,0.43784,2.88038189401855
1826,0.43808,2.55313277810455
1827,0.43832,2.97820932112618
1828,0.43856,2.67394196269741
1829,0.4388,2.15653165255158
1830,0.43904,3.2222448598318
1831,0.43928,2.95447930424207
1832,0.43952,2.24844044164353
1833,0.43976,3.10616674260705
1834,0.44,2.89281946196036
1835,0.44024,3.55773511839319
1836,0.44048,2.88734694746774
1837,0.44072,2.61695198968531
1838,0.44096,3.5695218896292
1839,0.4412,3.06525828783144
1840,0.44144,2.60787490565209
1841,0.44168,3.74717548253153
1842,0.44192,2.94497259409172
1843,0.44216,2.79874741618688
1844,0.4424,2.64978451496144
1845,0.44264,2.43804674016442
1846,0.44288,3.07286152531882
1847,0.44312,3.70863158309866
1848,0.44336,2.32970910260084
1849,0.4436,3.04049424323185
1850,0.44384,3.73518952991025
1851,0.44408,2.52529442549601
1852,0.44432,2.82186677591224
1853,0.44456,3.71111443242669
1854,0.4448,2.21872324331817
1855,0.44504,2.71387404733165
1856,0.44528,3.67209776447202
1857,0.44552,2.25389795950559
1858,0.44576,2.81687819098656
1859,0.446,3.72404133602184
1860,0.44624,2.37749917317766
1861,0.44648,2.7701395546967
1862,0.44672,3.50881378099637
1863,0.44696,2.00569450770111
1864,0.4472,2.94897634135803
1865,0.44744,3.03660950177771
1866,0.44768,2.1033921411526
1867,0.44792,3.34470627885395
1868,0.44816,2.31318508028672
1869,0.4484,2.42896130897701
1870,0.44864,3.37095375884013
1871,0.44888,2.17787858336916
1872,0.44912,2.24885572110334
1873,0.44936,3.02828794208948
1874,0.4496,1.91863016497191
1875,0.44984,2.06997977255329
1876,0.45008,2.80204893221686
1877,0.45032,1.8865415940521
1878,0.45056,1.8734152307695
1879,0.4508,2.44226753606459
1880,0.45104,1.49032248210865
1881,0.45128,2.49323790690078
1882,0.45152,2.40409432089518
1883,0.45176,1.52024821119989
1884,0.452,1.29773090606434
1885,0.45224,2.25414310925696
1886,0.45248,1.56139702321175
1887,0.45272,0.679459678170466
1888,0.45296,1.6221681342176
1889,0.4532,1.83778366268288
1890,0.45344,1.2232242544011
1891,0.45368,0.916612191013292
1892,0.45392,1.09353331516372
1893,0.45416,1.87288013698835
1894,0.4544,0.896418921783062
1895,0.45464,1.13989807517162
1896,0.45488,1.74055787645496
1897,0.45512,0.0933903321798379
1898,0.45536,1.35617867041923
1899,0.4556,1.05119148614255
1900,0.45584,0.437635983719321
1901,0.45608,0.786826283942672
1902,0.45632,0.55731662407214
1903,0.45656,0.475723937953416
1904,0.4568,0.752039262339867
1905,0.45704,-0.0150225084187845
1906,0.45728,0.195745076422057
1907,0.45752,0.159847086554245
1908,0.45776,-0.320284496348216
1909,0.458,0.289083668569163
1910,0.45824,-0.301760244766122
1911,0.45848,-0.0131707390906719
1912,0.45872,0.266962245158313
1913,0.45896,-0.514324526809529
1914,0.4592,-0.551759974785128
1915,0.45944,0.25067866022238
1916,0.45968,-0.738356865299154
1917,0.45992,-0.500752255558008
1918,0.46016,-0.270312994561589
1919,0.4604,-0.980474196057656
1920,0.46064,-0.839393887438733
1921,0.46088,-1.0646292621216
1922,0.46112,-0.78599791186488
1923,0.46136,-0.859512509347676
1924,0.4616,-0.939464286051991
1925,0.46184,-1.36078833119534
1926,0.46208,-1.17652988322358
1927,0.46232,-1.35846290519105
1928,0.46256,-1.04404866801444
1929,0.4628,-1.57129502207398
1930,0.46304,-1.25598930459111
1931,0.46328,-1.66308965366746
1932,0.46352,-1.46371404076865
1933,0.46376,-1.86281428893188
1934,0.464,-1.54159358043255
1935,0.46424,-1.46121177517018
1936,0.46448,-1.5040443037377
1937,0.46472,-2.14886560138013
1938,0.46496,-1.71017916932092
1939,0.4652,-1.87410817080257
1940,0.46544,-1.9303310271352
1941,0.46568,-2.22046794746855
1942,0.46592,-2.16106254791631
1943,0.46616,-2.10766704963715
1944,0.4664,-2.17208671250604
1945,0.46664,-2.00912534285456
1946,0.46688,-2.69757507584628
1947,0.46712,-2.17884489701773
1948,0.46736,-2.16037267240277
1949,0.4676,-2.8713692881693
1950,0.46784,-2.61363659329675
1951,0.46808,-2.27142220085419
1952,0.46832,-3.00473046285258
1953,0.46856,-2.54350343499973
1954,0.4688,-2.71134557832313
1955,0.46904,-2.75056580766849
1956,0.46928,-2.82443794272481
1957,0.46952,-3.1402952200014
1958,0.46976,-2.50352420654433
1959,0.47,-3.22417279679067
1960,0.47024,-3.09010415732802
1961,0.47048,-2.3840850240473
1962,0.47072,-3.27236903909253
1963,0.47096,-3.2975864558755
1964,0.4712,-2.16477106608648
1965,0.47144,-3.32780021895142
1966,0.47168,-3.16366492369972
1967,0.47192,-2.08696987102104
1968,0.47216,-3.30776320740508
1969,0.4724,-3.31792138810767
1970,0.47264,-2.29088477868
1971,0.47288,-2.99187758184419
1972,0.47312,-3.30531617624494
1973,0.47336,-2.59186245787037
1974,0.4736,-3.21347994064017
1975,0.47384,-3.8291932952123
1976,0.47408,-2.43952699109324
1977,0.47432,-3.1317564812594
1978,0.47456,-3.81214362761149
1979,0.4748,-2.37198924749932
1980,0.47504,-3.25187242561989
1981,0.47528,-2.80127530527069
1982,0.47552,-2.65545464203657
1983,0.47576,-3.3514439738951
1984,0.476,-2.96996127655252
1985,0.47624,-2.41250089326392
1986,0.47648,-3.42231040118998
1987,0.47672,-2.63213610633367
1988,0.47696,-2.7498901586738
1989,0.4772,-3.45727948678551
1990,0.47744,-1.92131973945846
1991,0.47768,-3.0682831429571
1992,0.47792,-3.00340638797445
1993,0.47816,-2.03982756327919
1994,0.4784,-3.25211219785412
1995,0.47864,-2.42552254582098
1996,0.47888,-2.50471079352179
1997,0.47912,-3.04868491704715
1998,0.47936,-1.83635326503796
1999,0.4796,-2.94329266897165
2000,0.47984,-2.35842551044598
2001,0.48008,-1.96390486161676
2002,0.48032,-3.1249035047886
2003,0.48056,-1.78783293471688
2004,0.4808,-2.66375639171651
2005,0.48104,-2.09252904907407
2006,0.48128,-1.82631225233926
2007,0.48152,-2.74783648362787
2008,0.48176,-1.89320116494669
2009,0.482,-1.70034305410915
2010,0.48224,-2.45447430147541
2011,0.48248,-1.56067387977737
2012,0.48272,-1.44563274324802
2013,0.48296,-2.15236439106926
2014,0.4832,-1.45362380973233
2015,0.48344,-0.684927846115091
2016,0.48368,-1.49902875764887
2017,0.48392,-1.59000876093533
2018,0.48416,-2.28787967812773
2019,0.4844,-0.751832884747674
2020,0.48464,-1.52048460533671
2021,0.48488,-0.97100799596454
2022,0.48512,-0.603670625343994
2023,0.48536,-1.3128319944218
2024,0.4856,-0.708846122633325
2025,0.48584,-0.878648264977402
2026,0.48608,-1.04687234468738
2027,0.48632,-0.620075327748009
2028,0.48656,-0.122363812936237
2029,0.4868,-1.07308836385677
2030,0.48704,-0.698554485571033
2031,0.48728,-0.0146146929355115
2032,0.48752,-0.776765071934565
2033,0.48776,-0.462714177877899
2034,0.488,-0.0679686279665599
2035,0.48824,-0.749037197303841
2036,0.48848,-0.0127574203792409
2037,0.48872,-0.0186401060928525
2038,0.48896,-0.145820486356248
2039,0.4892,0.174100833766494
2040,0.48944,-0.101577815289631
2041,0.48968,0.684620920431828
2042,0.48992,0.363167601659653
2043,0.49016,-0.0708075427946386
2044,0.4904,0.675465227107492
2045,0.49064,0.687268623186436
2046,0.49088,0.462160132597025
2047,0.49112,0.811231477953188
2048,0.49136,0.794594701014314
2049,0.4916,0.901234412119452
2050,0.49184,0.863327324343445
2051,0.49208,0.825182840215947
2052,0.49232,1.14508908957292
2053,0.49256,1.08589329293058
2054,0.4928,1.03170948894759
2055,0.49304,1.0921699091076
2056,0.49328,1.74378398465208
2057,0.49352,1.30931147563786
2058,0.49376,1.3526421210058
2059,0.494,1.39533615887949
2060,0.49424,1.79832639721825
2061,0.49448,1.48138115384152
2062,0.49472,1.51943367133706
2063,0.49496,1.55887090998994
2064,0.4952,1.84143087081496
2065,0.49544,1.76190189290286
2066,0.49568,1.68162981780593
2067,0.49592,2.33020561196008
2068,0.49616,1.89347357172756
2069,0.4964,1.82358847459287
2070,0.49664,2.4877908112115
2071,0.49688,2.1874556509702
2072,0.49712,2.00983101488511
2073,0.49736,2.57152237513849
2074,0.4976,2.40815830331395
2075,0.49784,2.01215922184532
2076,0.49808,2.71561277202792
2077,0.49832,2.32887642056217
2078,0.49856,2.32855839567657
2079,0.4988,3.05504265882027
2080,0.49904,2.33349042900724
2081,0.49928,2.60765589566759
2082,0.49952,3.23825413483927
2083,0.49976,2.19707839850384
2084,0.5,2.99221812598219
2085,0.50024,3.16902486907404
2086,0.50048,2.29686650199537
2087,0.50072,3.36541192332981
2088,0.50096,3.09959178227783
2089,0.5012,2.03777470562479
2090,0.50144,3.15054683554239
2091,0.50168,2.93268086926965
2092,0.50192,2.63489722435471
2093,0.50216,3.80107320033973
2094,0.5024,2.67459725923658
2095,0.50264,2.79863131986389
2096,0.50288,3.75205688866955
2097,0.50312,3.03876566509286
2098,0.50336,2.49524493985505
2099,0.5036,3.87566050297021
2100,0.50384,2.73830934465475
2101,0.50408,2.50251475548938
2102,0.50432,3.11965535426573
2103,0.50456,3.49996341374166
2104,0.5048,2.92324521784347
2105,0.50504,2.65268856682494
2106,0.50528,3.34773399758863
2107,0.50552,3.44060268654647
2108,0.50576,2.38711498969711
2109,0.506,3.15856604041816
2110,0.50624,3.32161185614352
2111,0.50648,2.21634241486585
2112,0.50672,3.06766748346707
2113,0.50696,3.42118134032506
2114,0.5072,2.25513232387086
2115,0.50744,3.05785196021986
2116,0.50768,3.24277749334473
2117,0.50792,2.15444502068792
2118,0.50816,3.02809309080543
2119,0.5084,3.04695620780136
2120,0.50864,2.28873690278409
2121,0.50888,3.45868743941711
2122,0.50912,2.35771654392062
2123,0.50936,2.64357579499536
2124,0.5096,3.14923669683644
2125,0.50984,1.89991015001092
2126,0.51008,2.97358823211311
2127,0.51032,2.47644316031176
2128,0.51056,2.04405379862082
2129,0.5108,3.17145185550506
2130,0.51104,2.15569725596926
2131,0.51128,1.92800706218909
2132,0.51152,2.88849714467982
2133,0.51176,1.83563056950302
2134,0.512,2.04201298097251
2135,0.51224,2.70635619731424
2136,0.51248,1.72602918369592
2137,0.51272,1.76553959652261
2138,0.51296,2.51110965675866
2139,0.5132,1.60519035696562
2140,0.51344,1.71833302520443
2141,0.51368,2.0521501983355
2142,0.51392,1.23004682558425
2143,0.51416,2.11540014611307
2144,0.5144,0.62950896581064
2145,0.51464,1.69610442322644
2146,0.51488,2.03531593418106
2147,0.51512,1.30501444458382
2148,0.51536,1.236167450385
2149,0.5156,1.40784222639886
2150,0.51584,0.993843732276657
2151,0.51608,0.877862395897139
2152,0.51632,1.00276719239151
2153,0.51656,1.6088116502823
2154,0.5168,0.205082647520012
2155,0.51704,1.11581053441889
2156,0.51728,0.938921647375855
2157,0.51752,0.0881902196103506
2158,0.51776,0.813402325588363
2159,0.518,0.694761407108967
2160,0.51824,-0.216954711711537
2161,0.51848,0.560541171067092
2162,0.51872,0.617786632208404
2163,0.51896,-0.0103822386314179
2164,0.5192,0.324638219610432
2165,0.51944,0.080242292421546
2166,0.51968,-0.02200121409819
2167,0.51992,-0.12577286962505
2168,0.52016,-0.193308326235197
2169,0.5204,0.0963486742391106
2170,0.52064,-0.566806434387643
2171,0.52088,-0.237114291439121
2172,0.52112,-0.274025877726239
2173,0.52136,-0.419658860794942
2174,0.5216,-0.78268232737217
2175,0.52184,-0.54452697008467
2176,0.52208,-0.658615308222394
2177,0.52232,-0.753418038636891
2178,0.52256,-0.841069025258651
2179,0.5228,-1.05219487695745
2180,0.52304,-0.764762335128261
2181,0.52328,-1.07538713310917
2182,0.52352,-1.38684742327554
2183,0.52376,-0.960864026009867
2184,0.524,-1.13725023942811
2185,0.52424,-1.19081332697282
2186,0.52448,-1.47562964560593
2187,0.52472,-1.75623625563657
2188,0.52496,-1.43868731437873
2189,0.5252,-1.83996150924838
2190,0.52544,-1.64206557048989
2191,0.52568,-1.68437223611294
2192,0.52592,-1.96697679907472
2193,0.52616,-1.76307785187635
2194,0.5264,-2.04739026635759
2195,0.52664,-2.21435257408305
2196,0.52688,-2.13424840310124
2197,0.52712,-1.82874679636321
2198,0.52736,-2.48702099566185
2199,0.5276,-1.69956331811513
2200,0.52784,-1.77296967877313
2201,0.52808,-2.68802022579509
2202,0.52832,-2.3937914435993
2203,0.52856,-2.12883337681732
2204,0.5288,-2.93977051017646
2205,0.52904,-2.31325963532049
2206,0.52928,-2.31328089678044
2207,0.52952,-3.02752269827888
2208,0.52976,-2.18808992346865
2209,0.53,-2.69853380871908
2210,0.53024,-2.83571040295135
2211,0.53048,-2.04515523339436
2212,0.53072,-3.06384284347902
2213,0.53096,-2.75817991619765
2214,0.5312,-2.49088505890338
2215,0.53144,-2.81528519699798
2216,0.53168,-2.56882380271113
2217,0.53192,-3.29857326714549
2218,0.53216,-2.70116266961838
2219,0.5324,-2.8651547218098
2220,0.53264,-3.03853618481655
2221,0.53288,-2.96577396056013
2222,0.53312,-2.69156153134313
2223,0.53336,-3.41313372788608
2224,0.5336,-3.14708311432981
2225,0.53384,-2.44946108072639
2226,0.53408,-3.70298655736856
2227,0.53432,-3.25394896561534
2228,0.53456,-2.96524226885042
2229,0.5348,-2.48641173533076
2230,0.53504,-3.09639691924817
2231,0.53528,-3.70812150662929
2232,0.53552,-2.54469761257367
2233,0.53576,-2.98421231554867
2234,0.536,-3.65670317465073
2235,0.53624,-2.19219120754374
2236,0.53648,-2.82322001762347
2237,0.53672,-3.45253598267996
2238,0.53696,-3.00022255199845
2239,0.5372,-2.61534637222987
2240,0.53744,-3.67221144009704
2241,0.53768,-2.34200786287574
2242,0.53792,-2.99167333395542
2243,0.53816,-3.38855563102641
2244,0.5384,-2.26988284038656
2245,0.53864,-3.22354791501689
2246,0.53888,-2.84495537351969
2247,0.53912,-2.29615658705964
2248,0.53936,-3.31884250376669
2249,0.5396,-2.65786107014824
2250,0.53984,-2.42511026990477
2251,0.54008,-3.50970221842859
2252,0.54032,-2.0978455117554
2253,0.54056,-2.66393779196631
2254,0.5408,-2.85478278834743
2255,0.54104,-1.78005222063165
2256,0.54128,-2.65323267239931
2257,0.54152,-2.55895168661566
2258,0.54176,-1.68054828660984
2259,0.542,-3.10014724064004
2260,0.54224,-2.12493732476937
2261,0.54248,-1.93746509426098
2262,0.54272,-3.05665150068699
2263,0.54296,-2.1508529443099
2264,0.5432,-1.31116365809672
2265,0.54344,-2.51878839737032
2266,0.54368,-1.81085739079283
2267,0.54392,-1.2870676035036
2268,0.54416,-2.44227976794133
2269,0.5444,-1.57443041696001
2270,0.54464,-1.72115371611564
2271,0.54488,-2.0922495627653
2272,0.54512,-0.824686761139096
2273,0.54536,-0.930220502342108
2274,0.5456,-1.75848279684884
2275,0.54584,-1.86269050660818
2276,0.54608,-0.677542092327597
2277,0.54632,-1.22324014816339
2278,0.54656,-1.64252279869225
2279,0.5468,-0.875985894506287
2280,0.54704,-0.649194346656504
2281,0.54728,-1.37736946321812
2282,0.54752,-0.555646953709657
2283,0.54776,-0.505894779811684
2284,0.548,-1.53339530176691
2285,0.54824,-0.423691817758676
2286,0.54848,-0.547352743735343
2287,0.54872,-1.1468870521247
2288,0.54896,-0.209484818478928
2289,0.5492,-0.626417811596449
2290,0.54944,-0.674200455238332
2291,0.54968,0.323676924141263
2292,0.54992,-0.737575221459577
2293,0.55016,-0.11547900531893
2294,0.5504,0.348953024629193
2295,0.55064,-0.744919865991048
2296,0.55088,0.305725237695172
2297,0.55112,0.486406513463056
2298,0.55136,0.0725552189205581
2299,0.5516,0.233641895112536
2300,0.55184,0.148732630588483
2301,0.55208,0.779393481371784
2302,0.55232,0.42048072590172
2303,0.55256,0.19282317388991
2304,0.5528,1.14648335541996
2305,0.55304,0.518053910754205
2306,0.55328,0.500076307356508
2307,0.55352,0.946683817254371
2308,0.55376,1.02315786825294
2309,0.554,1.34084119186164
2310,0.55424,1.04207148043577
2311,0.55448,1.10568434276569
2312,0.55472,1.40284976865255
2313,0.55496,1.08669059491788
2314,0.5552,1.37886641117252
2315,0.55544,1.66591668043568
2316,0.55568,1.47205499789041
2317,0.55592,1.87161319432318
2318,0.55616,1.55158151725262
2319,0.5564,1.59076594724651
2320,0.55664,1.74995125787234
2321,0.55688,2.03260386707537
2322,0.55712,1.5916199369237
2323,0.55736,1.63632050766632
2324,0.5576,2.04729836400198
2325,0.55784,2.09182571013962
2326,0.55808,1.90565754721093
2327,0.55832,2.3304871083981
2328,0.55856,2.38393235894113
2329,0.5588,2.1001274553134
2330,0.55904,2.41846135039368
2331,0.55928,2.4897246909607
2332,0.55952,2.4651651360663
2333,0.55976,2.44811872747714
2334,0.56,2.42385242126405
2335,0.56024,2.54643941990527
2336,0.56048,2.79137106932755
2337,0.56072,2.43644359362793
2338,0.56096,2.83388351930752
2339,0.5612,2.62310993191278
2340,0.56144,2.43380769314945
2341,0.56168,2.50673274710046
2342,0.56192,2.6910181878501
2343,0.56216,2.42367318887728
2344,0.5624,3.49377971941679
2345,0.56264,2.99388288724423
2346,0.56288,2.5404788260739
2347,0.56312,3.64368818540942
2348,0.56336,3.1866318033916
2349,0.5636,2.05642863393621
2350,0.56384,3.22404419222731
2351,0.56408,3.0598710163134
2352,0.56432,2.69521664135161
2353,0.56456,3.4391726699679
2354,0.5648,3.20611894504775
2355,0.56504,2.77199582128036
2356,0.56528,3.81730937877235
2357,0.56552,3.16298026383669
2358,0.56576,2.44643873733826
2359,0.566,2.95651812588714
2360,0.56624,3.46314750247279
2361,0.56648,3.25358768923774
2362,0.56672,2.62128949429939
2363,0.56696,3.20810858181429
2364,0.5672,3.78940623942688
2365,0.56744,2.2455554241555
2366,0.56768,3.03435121067514
2367,0.56792,3.32746716729398
2368,0.56816,2.35138652960382
2369,0.5684,3.1987891980962
2370,0.56864,3.43930416404026
2371,0.56888,2.2895959434465
2372,0.56912,3.32512732402806
2373,0.56936,2.79875701676589
2374,0.5696,2.4585023239387
2375,0.56984,3.43719304491212
2376,0.57008,2.38967712550118
2377,0.57032,2.6071217084307
2378,0.57056,3.41005087246535
2379,0.5708,1.97136196212291
2380,0.57104,2.974603100796
2381,0.57128,2.88176537060354
2382,0.57152,2.01531874575306
2383,0.57176,3.31833397263577
2384,0.572,2.11346955779998
2385,0.57224,2.29116678008613
2386,0.57248,2.93380326603841
2387,0.57272,1.81595134402483
2388,0.57296,2.54727503170251
2389,0.5732,2.78112054582071
2390,0.57344,1.8586806843075
2391,0.57368,2.06890906465711
2392,0.57392,2.61860641151021
2393,0.57416,1.76651821638006
2394,0.5744,1.45845589405862
2395,0.57464,2.57177212651503
2396,0.57488,1.79209544466166
2397,0.57512,0.94348569153944
2398,0.57536,2.28049682399216
2399,0.5756,1.68582013457248
2400,0.57584,0.9031407829678
2401,0.57608,0.997312414679347
2402,0.57632,1.81480618954483
2403,0.57656,1.78856888515486
2404,0.5768,0.713663370583624
2405,0.57704,1.00678281137585
2406,0.57728,2.02123590589672
2407,0.57752,0.897830380342181
2408,0.57776,0.665654216333685
2409,0.578,1.2729019097594
2410,0.57824,1.6390801679426
2411,0.57848,0.731355416983731
2412,0.57872,0.915592854418289
2413,0.57896,0.387379047475745
2414,0.5792,0.387094173013852
2415,0.57944,0.98796101078508
2416,0.57968,0.272719041228089
2417,0.57992,0.0864891745341925
2418,0.58016,0.977532907367035
2419,0.5804,-0.0364702614810832
2420,0.58064,0.0619438420608223
2421,0.58088,0.757184380621812
2422,0.58112,-0.197343554706772
2423,0.58136,0.0570645498198898
2424,0.5816,-0.157343567003202
2425,0.58184,-0.102414107940041
2426,0.58208,0.0620622016996943
2427,0.58232,-0.710366981435759
2428,0.58256,-0.502491485533802
2429,0.5828,0.0623721856654442
2430,0.58304,-0.918477018387942
2431,0.58328,-0.196543116673813
2432,0.58352,-0.202906029166353
2433,0.58376,-1.14857621434684
2434,0.584,-0.88567655578599
2435,0.58424,-0.49887066479286
2436,0.58448,-1.1785395085089
2437,0.58472,-1.13553548496245
2438,0.58496,-0.845740245486285
2439,0.5852,-1.50784906404009
2440,0.58544,-0.838307186345925
2441,0.58568,-1.62785886837857
2442,0.58592,-1.07152136765484
2443,0.58616,-1.59817137676529
2444,0.5864,-1.28297994265795
2445,0.58664,-1.56800897585725
2446,0.58688,-1.36939418483203
2447,0.58712,-1.6522942064927
2448,0.58736,-1.81104292937886
2449,0.5876,-1.48839831231216
2450,0.58784,-1.53207510235623
2451,0.58808,-2.17796292602125
2452,0.58832,-1.85790860534915
2453,0.58856,-1.90590661199163
2454,0.5888,-2.55967768335256
2455,0.58904,-2.12917220567209
2456,0.58928,-1.83458931295024
2457,0.58952,-2.74542967245078
2458,0.58976,-2.44789991047558
2459,0.59,-2.0557973564891
2460,0.59024,-2.98300719649283
2461,0.59048,-2.10818596886884
2462,0.59072,-2.34524756765479
2463,0.59096,-2.92944745303723
2464,0.5912,-2.08551111507184
2465,0.59144,-2.70752402393028
2466,0.59168,-2.83473597890478
2467,0.59192,-2.03426623783901
2468,0.59216,-3.04309945273122
2469,0.5924,-2.72764897678785
2470,0.59264,-2.45064123511042
2471,0.59288,-2.88384620399223
2472,0.59312,-2.50193640056026
2473,0.59336,-2.7485003870245
2474,0.5936,-2.86107254152985
2475,0.59384,-2.77096786522464
2476,0.59408,-3.65385310889883
2477,0.59432,-2.4961640963562
2478,0.59456,-2.46704394048903
2479,0.5948,-3.62917488034883
2480,0.59504,-3.35280688941138
2481,0.59528,-2.40279629845653
2482,0.59552,-3.62069487581097
2483,0.59576,-3.03969183275871
2484,0.596,-2.38888412590674
2485,0.59624,-2.9806070131285
2486,0.59648,-2.3537631495519
2487,0.59672,-2.85990991617795
2488,0.59696,-3.36434618782149
2489,0.5972,-2.67216685374316
2490,0.59744,-2.64453682679681
2491,0.59768,-3.45634411794828
2492,0.59792,-3.30201732241107
2493,0.59816,-2.48945584297993
2494,0.5984,-3.25388340393682
2495,0.59864,-3.17101678852739
2496,0.59888,-2.30667398732933
2497,0.59912,-3.15134447940319
2498,0.59936,-3.25969508271953
2499,0.5996,-2.34361299614399
2500,0.59984,-3.13747107995927
2501,0.60008,-3.07729873186304
2502,0.60032,-2.24002892880923
2503,0.60056,-3.22072716904209
2504,0.6008,-2.75847799863692
2505,0.60104,-2.48015128728762
2506,0.60128,-3.52073635230622
2507,0.60152,-2.41404161250109
2508,0.60176,-2.69236558756501
2509,0.602,-2.95456618836087
2510,0.60224,-1.7106474038322
2511,0.60248,-3.01839386596058
2512,0.60272,-2.39427188568768
2513,0.60296,-2.19978472596213
2514,0.6032,-3.07558993376267
2515,0.60344,-1.82188076980668
2516,0.60368,-2.41909519986262
2517,0.60392,-2.88298761555393
2518,0.60416,-1.94410989047784
2519,0.6044,-1.90801322749208
2520,0.60464,-2.45494116851427
2521,0.60488,-1.48171951197251
2522,0.60512,-2.46879722654689
2523,0.60536,-2.35989715950843
2524,0.6056,-1.45511585131065
2525,0.60584,-1.79983106097086
2526,0.60608,-2.2513732230723
2527,0.60632,-1.29763000783202
2528,0.60656,-2.1860634606189
2529,0.6068,-1.05183229722786
2530,0.60704,-0.920843122781857
2531,0.60728,-1.99433923897705
2532,0.60752,-1.86189382274879
2533,0.60776,-0.948850419191757
2534,0.608,-1.12947457836007
2535,0.60824,-1.66912687792283
2536,0.60848,-0.81928535026297
2537,0.60872,-0.939038569788567
2538,0.60896,-1.78156505232002
2539,0.6092,-0.498242930532455
2540,0.60944,-1.04180627473383
2541,0.60968,-0.861487200878258
2542,0.60992,-0.246479621805096
2543,0.61016,-0.72742738090485
2544,0.6104,-0.484598644281643
2545,0.61064,0.195522546299461
2546,0.61088,-0.818337446107242
2547,0.61112,-0.268675836333673
2548,0.61136,0.119480188470767
2549,0.6116,-0.812545268939867
2550,0.61184,0.277342398764653
2551,0.61208,0.139822782727087
2552,0.61232,-0.235483568920477
2553,0.61256,0.320532749345032
2554,0.6128,0.0374256649882527
2555,0.61304,0.0934479628186269
2556,0.61328,0.608931470534195
2557,0.61352,0.531323582550309
2558,0.61376,0.428292309639444
2559,0.614,0.199581445175458
2560,0.61424,0.690273725096153
2561,0.61448,1.15389044793583
2562,0.61472,0.779382095669412
2563,0.61496,0.633985370751861
2564,0.6152,1.31601210932722
2565,0.61544,1.03750763465846
2566,0.61568,0.748474922625459
2567,0.61592,1.5288869579977
2568,0.61616,1.12116778578864
2569,0.6164,1.05303073933139
2570,0.61664,1.22352315615691
2571,0.61688,1.39524922782424
2572,0.61712,1.67231339606873
2573,0.61736,1.35473628613158
2574,0.6176,1.75945415396117
2575,0.61784,1.79867061096232
2576,0.61808,1.95703972101122
2577,0.61832,1.63971057883785
2578,0.61856,2.04254580534256
2579,0.6188,1.839429968078
2580,0.61904,2.12756279845138
2581,0.61928,2.05462416635892
2582,0.61952,1.86010659753441
2583,0.61976,2.160267886649
2584,0.62,2.57855596852134
2585,0.62024,2.27506287862966
2586,0.62048,1.87457506089525
2587,0.62072,2.7926949437175
2588,0.62096,2.3878463361519
2589,0.6212,2.24903641033332
2590,0.62144,2.58116960263775
2591,0.62168,2.44671494712308
2592,0.62192,2.44843073991192
2593,0.62216,2.44533164873338
2594,0.6224,2.83280190531015
2595,0.62264,3.09559401930672
2596,0.62288,2.64019789423674
2597,0.62312,2.58399301588858
2598,0.62336,2.76128003692754
2599,0.6236,2.60034405281782
2600,0.62384,2.70439985285349
2601,0.62408,2.91825897032952
2602,0.62432,2.3244657528284
2603,0.62456,3.06797567615215
2604,0.6248,3.0809529060831
2605,0.62504,2.65125870433694
2606,0.62528,3.69153489363718
2607,0.62552,2.91091386131128
2608,0.62576,2.53163279629528
2609,0.626,3.38927788624139
2610,0.62624,3.38622291221555
2611,0.62648,2.2254929499792
2612,0.62672,3.6028032551718
2613,0.62696,3.52802140544104
2614,0.6272,2.66166026365968
2615,0.62744,2.56326353466385
2616,0.62768,3.07050474040274
2617,0.62792,3.57857685843763
2618,0.62816,2.77254860302504
2619,0.6284,2.75326659895951
2620,0.62864,3.33711878406273
2621,0.62888,3.20085278060241
2622,0.62912,2.64063757903205
2623,0.62936,3.29702391963536
2624,0.6296,3.10759923101619
2625,0.62984,2.13425940265451
2626,0.63008,2.99788762276463
2627,0.63032,3.73112858580487
2628,0.63056,2.56900179042385
2629,0.6308,2.90164094463897
2630,0.63104,3.58560928288243
2631,0.63128,2.02197439537105
2632,0.63152,3.02345771555019
2633,0.63176,2.93484503586612
2634,0.632,2.18741445669755
2635,0.63224,3.25290006466385
2636,0.63248,2.52113333840829
2637,0.63272,2.3366180393823
2638,0.63296,3.46564045972457
2639,0.6332,2.09916752517903
2640,0.63344,2.70730260249928
2641,0.63368,2.93658175982614
2642,0.63392,1.66214217719358
2643,0.63416,3.05396264258937
2644,0.6344,2.16516940452765
2645,0.63464,1.82696105685719
2646,0.63488,3.0403295436946
2647,0.63512,1.98916125029193
2648,0.63536,1.60326535495853
2649,0.6356,2.65151903097163
2650,0.63584,1.68703085966422
2651,0.63608,2.21157526018635
2652,0.63632,2.00351458095804
2653,0.63656,1.25394405608693
2654,0.6368,2.55602395044708
2655,0.63704,1.587095454455
2656,0.63728,1.39244460129183
2657,0.63752,2.26937422942161
2658,0.63776,0.793475564914158
2659,0.638,1.62443691696348
2660,0.63824,1.84804430764376
2661,0.63848,0.893595631120961
2662,0.63872,0.722614636466235
2663,0.63896,1.63249433361839
2664,0.6392,1.22080296630242
2665,0.63944,0.625787200877002
2666,0.63968,1.59788018091088
2667,0.63992,0.88718445546471
2668,0.64016,0.239007367698018
2669,0.6404,1.27101456815651
2670,0.64064,0.501409504971609
2671,0.64088,0.145459035957657
2672,0.64112,1.11065643197613
2673,0.64136,0.279685227387016
2674,0.6416,0.21324639896705
2675,0.64184,0.7403140844177
2676,0.64208,-0.137528441567263
2677,0.64232,0.555844723112773
2678,0.64256,0.173587716350638
2679,0.6428,-0.171961647816327
2680,0.64304,0.435263907348661
2681,0.64328,-0.253834456712144
2682,0.64352,-0.204354719649875
2683,0.64376,-0.396935993439042
2684,0.644,-0.435615934117848
2685,0.64424,-0.350229031225453
2686,0.64448,-0.627360518582408
2687,0.64472,-0.633916916504586
2688,0.64496,-0.285716311388736
2689,0.6452,-0.885442632961042
2690,0.64544,-0.497965817353869
2691,0.64568,-0.605288162036585
2692,0.64592,-0.932479494210239
2693,0.64616,-1.01086611622355
2694,0.6464,-1.33023238064617
2695,0.64664,-1.03045871207797
2696,0.64688,-1.09769145566001
2697,0.64712,-1.39653793239701
2698,0.64736,-1.323624293882
2699,0.6476,-1.74039915137501
2700,0.64784,-1.53750315932996
2701,0.64808,-1.34175984773918
2702,0.64832,-1.98693625493627
2703,0.64856,-1.54729182094292
2704,0.6488,-1.82188455561489
2705,0.64904,-1.50563963381034
2706,0.64928,-2.14814344495428
2707,0.64952,-1.82634505088935
2708,0.64976,-2.11246360554982
2709,0.65,-1.79554328962454
2710,0.65024,-1.72255929876752
2711,0.65048,-2.02238839651402
2712,0.65072,-2.19924513524943
2713,0.65096,-1.89907712324798
2714,0.6512,-2.57620519918785
2715,0.65144,-2.16345059590719
2716,0.65168,-2.12270609442772
2717,0.65192,-2.82000409995744
2718,0.65216,-2.66822492167592
2719,0.6524,-2.16699688931736
2720,0.65264,-2.77276617331807
2721,0.65288,-2.76457178169699
2722,0.65312,-2.05534416551366
2723,0.65336,-3.05046277913819
2724,0.6536,-2.71048947292917
2725,0.65384,-2.40635943487746
2726,0.65408,-3.31006857549235
2727,0.65432,-2.1720286978628
2728,0.65456,-2.87280767109794
2729,0.6548,-3.0792969692016
2730,0.65504,-2.24282021103636
2731,0.65528,-3.33893474443827
2732,0.65552,-3.1052563422441
2733,0.65576,-2.19863813046586
2734,0.656,-3.33695123725559
2735,0.65624,-3.15261098280351
2736,0.65648,-2.17241300853515
2737,0.65672,-3.48233686298242
2738,0.65696,-2.75817718379568
2739,0.6572,-2.55918219421179
2740,0.65744,-3.56762560620934
2741,0.65768,-3.36822226725274
2742,0.65792,-2.84802674212425
2743,0.65816,-2.61423988941327
2744,0.6584,-3.10873158265934
2745,0.65864,-3.60613831846632
2746,0.65888,-2.79024293049217
2747,0.65912,-2.52620488621143
2748,0.65936,-3.10897878667307
2749,0.6596,-3.32882015488391
2750,0.65984,-2.51920548355637
2751,0.66008,-3.28736858871492
2752,0.66032,-3.69123786735594
2753,0.66056,-2.3326384071193
2754,0.6608,-3.17603539082268
2755,0.66104,-3.04959724458475
2756,0.66128,-2.38520643699651
2757,0.66152,-3.18148216267611
2758,0.66176,-3.00386108820187
2759,0.662,-2.41104311007139
2760,0.66224,-3.39278723591374
2761,0.66248,-2.33803714004255
2762,0.66272,-2.66733198351505
2763,0.66296,-3.34313574615452
2764,0.6632,-1.89691743520578
2765,0.66344,-3.01122080224814
2766,0.66368,-2.56051308773731
2767,0.66392,-2.17426055574707
2768,0.66416,-2.99995548085333
2769,0.6644,-2.38262766886704
2770,0.66464,-2.19167947719628
2771,0.66488,-3.07376454217271
2772,0.66512,-2.06292619608602
2773,0.66536,-2.07448782742809
2774,0.6656,-2.79053321886952
2775,0.66584,-1.85972604847416
2776,0.66608,-2.18423407624682
2777,0.66632,-2.60556785663205
2778,0.66656,-1.63059185140704
2779,0.6668,-1.90889943934413
2780,0.66704,-2.65010658739447
2781,0.66728,-1.50683940411992
2782,0.66752,-1.85883243939045
2783,0.66776,-2.06984642067057
2784,0.668,-1.24528945977576
2785,0.66824,-2.24722369822889
2786,0.66848,-0.750817332688519
2787,0.66872,-0.867064189388131
2788,0.66896,-1.70543129801245
2789,0.6692,-1.81916008103707
2790,0.66944,-0.642968866135866
2791,0.66968,-1.19708671045525
2792,0.66992,-1.62427129723783
2793,0.67016,-0.86513683583746
2794,0.6704,-0.645270734260234
2795,0.67064,-1.37991284953784
2796,0.67088,-0.564214124712704
2797,0.67112,-0.520063714933905
2798,0.67136,-1.55275904192205
2799,0.6716,-0.332795704347411
2800,0.67184,-0.345114455612723
2801,0.67208,-1.19131046333067
2802,0.67232,-0.0268094995500849
2803,0.67256,-0.326738789281853
2804,0.6728,-0.623101414892217
2805,0.67304,-0.117298773385583
2806,0.67328,-0.332306547778766
2807,0.67352,-0.0813032939495475
2808,0.67376,-0.101510506221872
2809,0.674,0.00574575841412894
2810,0.67424,0.439942616518373
2811,0.67448,-0.0966602084736838
2812,0.67472,0.451128789882426
2813,0.67496,0.60803968548944
2814,0.6752,0.0336002606920716
2815,0.67544,0.184221634403346
2816,0.67568,1.1490410498033
2817,0.67592,0.787258789912354
2818,0.67616,0.66461571037927
2819,0.6764,0.75960334255914
2820,0.67664,0.849948006191195
2821,0.67688,1.05977813704549
2822,0.67712,0.772437192661328
2823,0.67736,0.962063763072245
2824,0.6776,1.15510364657075
2825,0.67784,1.21068045631279
2826,0.67808,1.2594344716967
2827,0.67832,1.31491040772287
2828,0.67856,1.48086279557546
2829,0.6788,1.51780573399682
2830,0.67904,1.5632425544637
2831,0.67928,1.60493285491212
2832,0.67952,1.28494329765829
2833,0.67976,1.44840893092902
2834,0.68,2.09172950260353
2835,0.68024,1.52695682607214
2836,0.68048,1.80933212823452
2837,0.68072,1.85892789642616
2838,0.68096,2.02328357470037
2839,0.6812,2.07392512880615
2840,0.68144,2.01463320918832
2841,0.68168,2.43023806104285
2842,0.68192,2.25400703220985
2843,0.68216,2.33011245235265
2844,0.6824,2.28103742033205
2845,0.68264,2.12480272165578
2846,0.68288,2.82381732421134
2847,0.68312,2.67245831068596
2848,0.68336,2.06793545695075
2849,0.6836,3.02956984997319
2850,0.68384,2.5465872355078
2851,0.68408,2.45811054342354
2852,0.68432,2.83969761188216
2853,0.68456,2.52277834161956
2854,0.6848,2.82478119317119
2855,0.68504,2.63785545471235
2856,0.68528,2.96780768640443
2857,0.68552,3.0582458699855
2858,0.68576,2.79453036988237
2859,0.686,2.8084324346006
2860,0.68624,2.93391453973987
2861,0.68648,2.60479234561164
2862,0.68672,3.27539341292357
2863,0.68696,3.32208232457093
2864,0.6872,2.21026446624298
2865,0.68744,3.28321304233474
2866,0.68768,3.14175402446796
2867,0.68792,2.20270244294637
2868,0.68816,3.92630249630912
2869,0.6884,2.65311311330791
2870,0.68864,3.10875877339322
2871,0.68888,3.06515150692153
2872,0.68912,2.48291360121293
2873,0.68936,2.99491071812572
2874,0.6896,3.50922553266294
2875,0.68984,2.70838093574519
2876,0.69008,2.69453414955734
2877,0.69032,3.51844199250918
2878,0.69056,3.14536442783935
2879,0.6908,2.23653065277058
2880,0.69104,2.91332586060334
2881,0.69128,3.58341932511931
2882,0.69152,2.34915488264361
2883,0.69176,2.74057902706155
2884,0.692,3.48579410857375
2885,0.69224,2.68530889150632
2886,0.69248,2.78235111691115
2887,0.69272,3.59776721542916
2888,0.69296,2.04002438031003
2889,0.6932,2.93259984803576
2890,0.69344,3.20990158642654
2891,0.69368,1.97718814893048
2892,0.69392,3.17461852338481
2893,0.69416,2.56857337944843
2894,0.6944,2.38706494155456
2895,0.69464,3.15735027324862
2896,0.69488,1.92311412182273
2897,0.69512,2.41938596060977
2898,0.69536,2.90234926032872
2899,0.6956,1.75035079206719
2900,0.69584,2.79513297792665
2901,0.69608,2.26770564487727
2902,0.69632,1.68995323482616
2903,0.69656,2.79394160556691
2904,0.6968,2.22070541021692
2905,0.69704,1.34991825608067
2906,0.69728,2.77520868756036
2907,0.69752,2.03818685195706
2908,0.69776,1.24777742835571
2909,0.698,2.62336882161019
2910,0.69824,1.84513002476878
2911,0.69848,1.00243085038639
2912,0.69872,2.3454729495622
2913,0.69896,1.75342769804734
2914,0.6992,0.736670989486069
2915,0.69944,1.55267969571417
2916,0.69968,1.64542952608236
2917,0.69992,2.22326903074085
2918,0.70016,0.453390792816949
2919,0.7004,1.35857116836749
2920,0.70064,1.4185677386641
2921,0.70088,0.537020500179128
2922,0.70112,0.666926845376029
2923,0.70136,1.51359386773079
2924,0.7016,0.570434258675847
2925,0.70184,0.409638031936869
2926,0.70208,1.08940666995054
2927,0.70232,0.804179022011815
2928,0.70256,-0.0309856098851387
2929,0.7028,0.823850517722278
2930,0.70304,0.473349543614741
2931,0.70328,-0.191197219782852
2932,0.70352,0.592434735685129
2933,0.70376,0.538459842668727
2934,0.704,-0.0760977149452762
2935,0.70424,0.268126042264858
2936,0.70448,0.147357113551924
2937,0.70472,-0.184352520010564
2938,0.70496,-0.0398931373574862
2939,0.7052,-0.345647354472553
2940,0.70544,-0.0483904088579952
2941,0.70568,-0.583479515025054
2942,0.70592,-0.367368892632761
2943,0.70616,-0.282241169168686
2944,0.7064,-0.653435040947091
2945,0.70664,-0.412705224149728
2946,0.70688,-0.777054359868391
2947,0.70712,-0.876995345703176
2948,0.70736,-0.60425216447841
2949,0.7076,-0.583552855754832
2950,0.70784,-1.26380160446669
2951,0.70808,-0.97085541474859
2952,0.70832,-0.926480721986935
2953,0.70856,-1.58826999524228
2954,0.7088,-1.03720246825712
2955,0.70904,-1.33833938924855
2956,0.70928,-1.38484814786699
2957,0.70952,-1.54577894487201
2958,0.70976,-1.58986297757723
2959,0.71,-1.63001303071931
2960,0.71024,-1.31213690324332
2961,0.71048,-1.71239002145885
2962,0.71072,-1.75701104348965
2963,0.71096,-1.67742008603864
2964,0.7112,-1.95689545158896
2965,0.71144,-2.12640573521368
2966,0.71168,-1.80934161707858
2967,0.71192,-1.73667599671529
2968,0.71216,-2.39594999393004
2969,0.7124,-2.09045239857821
2970,0.71264,-2.02740058437065
2971,0.71288,-2.46280165191618
2972,0.71312,-2.29371633585999
2973,0.71336,-1.89225378407019
2974,0.7136,-2.59230048287486
2975,0.71384,-2.56089197881925
2976,0.71408,-1.94523500010637
2977,0.71432,-2.91207957708241
2978,0.71456,-2.542843125944
2979,0.7148,-2.20631614389481
2980,0.71504,-3.1975760200514
2981,0.71528,-2.50042993018725
2982,0.71552,-2.56512980523183
2983,0.71576,-3.21964094831098
2984,0.716,-2.44593645447773
2985,0.71624,-2.66934898756409
2986,0.71648,-2.87683682373936
2987,0.71672,-2.63252670187506
2988,0.71696,-3.38394916514493
2989,0.7172,-3.15435842424752
2990,0.71744,-2.35754794685929
2991,0.71768,-3.15766125215361
2992,0.71792,-3.33624312247346
2993,0.71816,-2.35644593944227
2994,0.7184,-3.54793198052994
2995,0.71864,-3.41291138008208
2996,0.71888,-2.36549620126134
2997,0.71912,-2.92419267179049
2998,0.71936,-3.21532227317573
2999,0.7196,-2.7000902412849
3000,0.71984,-2.59345494544256
3001,0.72008,-3.0920045409923
3002,0.72032,-3.59333340537736
3003,0.72056,-2.78122757190813
3004,0.7208,-2.75521444454914
3005,0.72104,-3.33212904382752
3006,0.72128,-3.43005313056959
3007,0.72152,-2.37889777047558
3008,0.72176,-3.15982374697906
3009,0.722,-3.56868593345817
3010,0.72224,-2.46025502386653
3011,0.72248,-3.30226849451289
3012,0.72272,-2.93673618739028
3013,0.72296,-2.75517361543163
3014,0.7232,-3.53582594756535
3015,0.72344,-2.18071166796514
3016,0.72368,-3.03357763398686
3017,0.72392,-3.03581560746246
3018,0.72416,-1.89549036205389
3019,0.7244,-2.94508321828946
3020,0.72464,-3.13919285102123
3021,0.72488,-1.95001633374821
3022,0.72512,-3.18527262560861
3023,0.72536,-2.61206697876217
3024,0.7256,-2.23155312932874
3025,0.72584,-3.2839238531252
3026,0.72608,-2.07809853769874
3027,0.72632,-2.49097867948722
3028,0.72656,-3.25529782131745
3029,0.7268,-2.00132980558069
3030,0.72704,-1.77693586828654
3031,0.72728,-2.87184613135055
3032,0.72752,-2.05585089574268
3033,0.72776,-1.6619583784675
3034,0.728,-2.82555400083287
3035,0.72824,-2.07528576592624
3036,0.72848,-1.50779551334761
3037,0.72872,-2.74192796000007
3038,0.72896,-1.83192623996651
3039,0.7292,-1.34151858055272
3040,0.72944,-2.64474159461596
3041,0.72968,-1.80012809791391
3042,0.72992,-1.37148461828275
3043,0.73016,-1.10177863372049
3044,0.7304,-1.91905308466733
3045,0.73064,-2.01315671148089
3046,0.73088,-1.08223586797895
3047,0.73112,-1.36879468334485
3048,0.73136,-1.89079342699055
3049,0.7316,-0.287836000296271
3050,0.73184,-1.1270754269998
3051,0.73208,-1.8385046811192
3052,0.73232,-0.309704079756076
3053,0.73256,-0.492322575527495
3054,0.7328,-1.74444908985756
3055,0.73304,-0.506788571447291
3056,0.73328,-0.622880983992095
3057,0.73352,-0.853163834325914
3058,0.73376,-0.264819853406882
3059,0.734,-0.315557010770187
3060,0.73424,-0.960143594271755
3061,0.73448,-0.190492048985488
3062,0.73472,-0.165051895424149
3063,0.73496,-0.135219807762258
3064,0.7352,-0.0201229153758862
3065,0.73544,-0.27176464896328
3066,0.73568,0.430634844719658
3067,0.73592,-0.102291700892586
3068,0.73616,-0.142727523151871
3069,0.7364,0.870270151591106
3070,0.73664,0.54426895732904
3071,0.73688,0.100306295974225
3072,0.73712,0.835315394564228
3073,0.73736,0.603953091470081
3074,0.7376,0.607823954234771
3075,0.73784,0.709217955055462
3076,0.73808,0.579872108253251
3077,0.73832,1.27116982699983
3078,0.73856,0.862907982937523
3079,0.7388,0.946729285006336
3080,0.73904,1.37651117230408
3081,0.73928,1.07409031064405
3082,0.73952,1.1391311612727
3083,0.73976,1.30789045691685
3084,0.74,0.994126825602403
3085,0.74024,1.41481988144312
3086,0.74048,1.57374051192051
3087,0.74072,1.61393556788033
3088,0.74096,1.65664163824881
3089,0.7412,1.45779838431794
3090,0.74144,1.7392441630463
3091,0.74168,2.14036306619178
3092,0.74192,1.6991094464602
3093,0.74216,1.617801347197
3094,0.7424,2.02732639043733
3095,0.74264,1.94976401944815
3096,0.74288,2.00433283460003
3097,0.74312,2.06395348556032
3098,0.74336,2.23827704727822
3099,0.7436,2.18562100064929
3100,0.74384,2.14243542982301
3101,0.74408,2.33415528737379
3102,0.74432,2.2958028871359
3103,0.74456,2.28057742337828
3104,0.7448,2.49502150921974
3105,0.74504,2.48777250734414
3106,0.74528,2.49105553316699
3107,0.74552,2.36942769126351
3108,0.74576,2.64232261658076
3109,0.746,3.14789560465249
3110,0.74624,2.10727781316295
3111,0.74648,3.01603901444012
3112,0.74672,3.06480493200833
3113,0.74696,2.4221956551367
3114,0.7472,3.25456004888811
3115,0.74744,3.10946668770987
3116,0.74768,2.39262681279771
3117,0.74792,3.27029039529539
3118,0.74816,3.16343726969407
3119,0.7484,2.3756248964651
3120,0.74864,3.18541906762706
3121,0.74888,3.37261359820272
3122,0.74912,2.16729849311523
3123,0.74936,3.49054247327823
3124,0.7496,2.77935318245016
3125,0.74984,2.23311842180155
3126,0.75008,3.8721099472904
3127,0.75032,3.20469208599921
3128,0.75056,2.22744496613629
3129,0.7508,2.73187583347284
3130,0.75104,3.2396273968459
3131,0.75128,3.74246077177699
3132,0.75152,2.35706558949801
3133,0.75176,2.94300021752545
3134,0.752,3.52628244194572
3135,0.75224,2.79377268942254
3136,0.75248,2.61112065066225
3137,0.75272,3.50642587407533
3138,0.75296,2.37527986371199
3139,0.7532,2.74657365856537
3140,0.75344,3.58646472857333
3141,0.75368,2.3996902634222
3142,0.75392,2.83972009819278
3143,0.75416,3.50548253108583
3144,0.7544,2.40048276594369
3145,0.75464,2.43932339383879
3146,0.75488,3.43045156058044
3147,0.75512,2.39483477013956
3148,0.75536,2.62365855428854
3149,0.7556,3.43746173366015
3150,0.75584,2.00915527853447
3151,0.75608,2.79049659982618
3152,0.75632,2.83306192566278
3153,0.75656,1.73232956782217
3154,0.7568,3.05984200066449
3155,0.75704,2.34214729081858
3156,0.75728,2.1675281114888
3157,0.75752,2.82681197072126
3158,0.75776,1.7248108888055
3159,0.758,2.47121948850356
3160,0.75824,2.71940956474146
3161,0.75848,1.81059966562014
3162,0.75872,2.03377128440626
3163,0.75896,2.59574829376574
3164,0.7592,1.75529905460065
3165,0.75944,1.57590507918916
3166,0.75968,2.34280822450702
3167,0.75992,1.46111154641973
3168,0.76016,2.0634451592774
3169,0.7604,2.28586359292788
3170,0.76064,1.47072216961887
3171,0.76088,0.590480309722542
3172,0.76112,1.41544786879925
3173,0.76136,1.51669582903633
3174,0.7616,2.10393383460263
3175,0.76184,0.819669122079781
3176,0.76208,1.36322336666253
3177,0.76232,1.42188795094041
3178,0.76256,0.428669138608017
3179,0.7628,1.15475101439512
3180,0.76304,1.27434449298795
3181,0.76328,0.363076945060622
3182,0.76352,0.909779333003371
3183,0.76376,1.45057074762627
3184,0.764,0.226010638727835
3185,0.76424,0.71083666197883
3186,0.76448,1.06614370659413
3187,0.76472,0.0187061166393081
3188,0.76496,0.311412414789165
3189,0.7652,0.843249674219044
3190,0.76544,-0.0267298959839295
3191,0.76568,0.187745473959756
3192,0.76592,0.411818011577031
3193,0.76616,-0.0528823532559239
3194,0.7664,-0.0412467520715791
3195,0.76664,-0.12101388979946
3196,0.76688,-0.42315582463709
3197,0.76712,-0.250649364014424
3198,0.76736,-0.293137236528802
3199,0.7676,-0.202147120559691
3200,0.76784,-0.594673640659639
3201,0.76808,-0.476079157260391
3202,0.76832,-0.125068087642649
3203,0.76856,-0.963658953632847
3204,0.7688,-1.05499389209155
3205,0.76904,-0.793229875714854
3206,0.76928,-0.644168199067765
3207,0.76952,-1.32226822218603
3208,0.76976,-1.15395893126689
3209,0.77,-0.860893564461096
3210,0.77024,-1.27962984023408
3211,0.77048,-1.21881996849267
3212,0.77072,-1.51089023120378
3213,0.77096,-1.0744328210137
3214,0.7712,-1.35790961538255
3215,0.77144,-1.76205414795642
3216,0.77168,-1.44585113860561
3217,0.77192,-1.36972205193823
3218,0.77216,-1.65414855232805
3219,0.7724,-1.81463621591139
3220,0.77264,-1.61281214770639
3221,0.77288,-1.53491495945612
3222,0.77312,-2.18325330530342
3223,0.77336,-1.86580596276708
3224,0.7736,-2.03597325340574
3225,0.77384,-1.97403452224666
3226,0.77408,-2.14895322940988
3227,0.77432,-2.08790743866233
3228,0.77456,-2.28359002239575
3229,0.7748,-2.2333286365544
3230,0.77504,-2.3197450608471
3231,0.77528,-2.7722313962295
3232,0.77552,-2.02201519219663
3233,0.77576,-2.50035968793856
3234,0.776,-2.97072475689447
3235,0.77624,-1.89478243880614
3236,0.77648,-2.88438567220306
3237,0.77672,-2.89747700948442
3238,0.77696,-2.22336032326713
3239,0.7772,-3.23829785636105
3240,0.77744,-2.80679203621006
3241,0.77768,-2.7752550333552
3242,0.77792,-2.86174353039713
3243,0.77816,-2.47883382015845
3244,0.7784,-3.09458563920844
3245,0.77864,-3.45573255824467
3246,0.77888,-2.40008286428577
3247,0.77912,-2.82864899056655
3248,0.77936,-3.23867105294605
3249,0.7796,-2.47967285548402
3250,0.77984,-3.42841276425502
3251,0.78008,-3.15961624917196
3252,0.78032,-2.93022793984173
3253,0.78056,-3.69593792144163
3254,0.7808,-3.2355536688335
3255,0.78104,-2.93840130460868
3256,0.78128,-2.4476256404347
3257,0.78152,-2.93857497171175
3258,0.78176,-3.42662715689981
3259,0.782,-3.43697109762727
3260,0.78224,-2.6592681325807
3261,0.78248,-3.34064553492877
3262,0.78272,-3.65739436796915
3263,0.78296,-2.33861274629653
3264,0.7832,-2.98184973965653
3265,0.78344,-3.73316642912692
3266,0.78368,-2.23327090266455
3267,0.78392,-2.83525886689635
3268,0.78416,-3.7796397745999
3269,0.7844,-2.23054033400854
3270,0.78464,-3.01799525095448
3271,0.78488,-3.42700785945646
3272,0.78512,-2.08156036080512
3273,0.78536,-2.94117684244132
3274,0.7856,-3.18248767187984
3275,0.78584,-2.15875220755893
3276,0.78608,-3.1999558933707
3277,0.78632,-2.44238557471191
3278,0.78656,-2.4705942336826
3279,0.7868,-3.32897277091201
3280,0.78704,-1.93949414656911
3281,0.78728,-2.76045682919915
3282,0.78752,-2.96110878861153
3283,0.78776,-1.77617110337165
3284,0.788,-2.78955463375427
3285,0.78824,-2.58645121087493
3286,0.78848,-1.4839363771269
3287,0.78872,-2.68585184400124
3288,0.78896,-2.44098301414727
3289,0.7892,-1.4114480459543
3290,0.78944,-2.57775658336534
3291,0.78968,-2.52097038589614
3292,0.78992,-1.55968274338946
3293,0.79016,-2.20184188029639
3294,0.7904,-2.34717677780251
3295,0.79064,-1.57503346266364
3296,0.79088,-1.92867961939997
3297,0.79112,-2.25972144527217
3298,0.79136,-1.67312597004948
3299,0.7916,-0.771670942364057
3300,0.79184,-1.58562852920373
3301,0.79208,-1.67549202301195
3302,0.79232,-1.17526023919772
3303,0.79256,-0.858262907767582
3304,0.7928,-1.26159590505597
3305,0.79304,-1.9064500701732
3306,0.79328,-1.0376538216294
3307,0.79352,-1.14425928288054
3308,0.79376,-1.61098212775443
3309,0.794,-1.04603534490693
3310,0.79424,-1.20599721868061
3311,0.79448,-0.536844465980897
3312,0.79472,-0.404381343033994
3313,0.79496,-1.11056983694427
3314,0.7952,-0.495646060073881
3315,0.79544,-0.174003622204572
3316,0.79568,-0.693165796604946
3317,0.79592,0.100801943945467
3318,0.79616,-0.467274968985306
3319,0.7964,-0.543360190132483
3320,0.79664,0.312273141806974
3321,0.79688,-0.415209667426312
3322,0.79712,-0.0536060048380542
3323,0.79736,0.628360345844352
3324,0.7976,-0.374615324079846
3325,0.79784,0.419830735665436
3326,0.79808,0.580839691031709
3327,0.79832,-0.0923923376317373
3328,0.79856,0.89213559496853
3329,0.7988,0.665094695825203
3330,0.79904,0.194530261594961
3331,0.79928,0.907808958488777
3332,0.79952,0.772876455587682
3333,0.79976,0.635966927209558
3334,0.8,0.962454851386604
3335,0.80024,0.924617126529852
3336,0.80048,1.36423294837786
3337,0.80072,1.06607138590401
3338,0.80096,1.25104425158964
3339,0.8012,1.19266973312922
3340,0.80144,1.36233678384841
3341,0.80168,1.29637894208033
3342,0.80192,1.34348831879492
3343,0.80216,1.50570383113002
3344,0.8024,1.54912673563918
3345,0.80264,1.35267438168686
3346,0.80288,1.63105764414387
3347,0.80312,1.79586924897006
3348,0.80336,2.19496818188357
3349,0.8036,1.87220824900201
3350,0.80384,1.79987945689945
3351,0.80408,2.32411753229106
3352,0.80432,2.12983412323787
3353,0.80456,1.94565244272172
3354,0.8048,2.11846855373926
3355,0.80504,1.81733974381293
3356,0.80528,2.49300367386246
3357,0.80552,2.19946515118405
3358,0.80576,1.91625556552133
3359,0.806,2.61285750965054
3360,0.80624,2.45780592989881
3361,0.80648,2.08399997783279
3362,0.80672,3.04102046439214
3363,0.80696,2.30951396274219
3364,0.8072,2.45427160872612
3365,0.80744,3.06925332873323
3366,0.80768,2.25620728043485
3367,0.80792,2.7929325663449
3368,0.80816,2.95627027681624
3369,0.8084,2.07195431931974
3370,0.80864,3.12176014568903
3371,0.80888,2.84192125752769
3372,0.80912,2.4821644637559
3373,0.80936,3.44705204888999
3374,0.8096,2.96885746213458
3375,0.80984,2.53396799474124
3376,0.81008,3.43865112335258
3377,0.81032,3.24679734528307
3378,0.81056,2.49353655238224
3379,0.8108,3.44440388943191
3380,0.81104,3.18889606690544
3381,0.81128,2.4938039717237
3382,0.81152,3.86736342299751
3383,0.81176,2.8267553717962
3384,0.812,2.55814468565328
3385,0.81224,3.15606531327877
3386,0.81248,3.62716772805834
3387,0.81272,2.54963697996108
3388,0.81296,2.73782198114254
3389,0.8132,3.28794505814242
3390,0.81344,3.23804302522299
3391,0.81368,2.52389870747959
3392,0.81392,3.50041355414568
3393,0.81416,2.32409957500843
3394,0.8144,2.7723072295599
3395,0.81464,3.69010192066628
3396,0.81488,2.11583642243411
3397,0.81512,2.87390947411249
3398,0.81536,3.61876609183627
3399,0.8156,2.5839713054893
3400,0.81584,2.21683374853024
3401,0.81608,3.17953790233178
3402,0.81632,2.80749673011957
3403,0.81656,2.38251100634049
3404,0.8168,3.522758145777
3405,0.81704,2.27236870478814
3406,0.81728,2.64763103666381
3407,0.81752,3.12742578318823
3408,0.81776,1.7323926083111
3409,0.818,2.89773619469399
3410,0.81824,2.49282875687651
3411,0.81848,2.15109171064898
3412,0.81872,3.12775962261027
3413,0.81896,1.85412198443373
3414,0.8192,2.55163841339544
3415,0.81944,2.5105426071796
3416,0.81968,1.69385663082554
3417,0.81992,2.80207523393065
3418,0.82016,2.233665405971
3419,0.8204,1.36745235791772
3420,0.82064,2.4471329728776
3421,0.82088,2.43396867748154
3422,0.82112,1.50596740559324
3423,0.82136,1.70794082551679
3424,0.8216,2.13570054170174
3425,0.82184,1.40291631970617
3426,0.82208,1.20654007041588
3427,0.82232,2.19024966328863
3428,0.82256,0.819637974912774
3429,0.8228,1.16808161090176
3430,0.82304,1.8749269111454
3431,0.82328,2.09896379569692
3432,0.82352,0.699035886562845
3433,0.82376,1.12578361004457
3434,0.824,1.67006111689156
3435,0.82424,0.323111719387584
3436,0.82448,1.29105592334872
3437,0.82472,1.0503364926486
3438,0.82496,0.136393291475489
3439,0.8252,1.28478092530477
3440,0.82544,0.74183726316162
3441,0.82568,0.0107199281460115
3442,0.82592,1.09356454922064
3443,0.82616,0.608174205984452
3444,0.8264,-0.0696196030600724
3445,0.82664,0.939184038510479
3446,0.82688,0.147665216306236
3447,0.82712,8.56215856896991e-05
3448,0.82736,0.572574122021431
3449,0.8276,-0.399660033161736
3450,0.82784,0.340082699027461
3451,0.82808,0.227862193790143
3452,0.82832,-0.811463152448234
3453,0.82856,-0.273253486970257
3454,0.8288,0.0213989453911498
3455,0.82904,-0.741296197280992
3456,0.82928,-0.289911648195516
3457,0.82952,-0.445397275061947
3458,0.82976,-0.452071855651868
3459,0.83,-0.453135624814704
3460,0.83024,-0.930556089681817
3461,0.83048,-1.02292168574994
3462,0.83072,-0.756643989608082
3463,0.83096,-0.96882166092208
3464,0.8312,-1.04176942879193
3465,0.83144,-0.99318419815903
3466,0.83168,-1.1842299013329
3467,0.83192,-1.23955676235166
3468,0.83216,-1.17703840506945
3469,0.8324,-1.352537166334
3470,0.83264,-1.39730852727747
3471,0.83288,-1.20160007916623
3472,0.83312,-1.84734298190426
3473,0.83336,-1.29078850005426
3474,0.8336,-1.33291739822566
3475,0.83384,-1.4974111557218
3476,0.83408,-2.13944565037314
3477,0.83432,-1.45822942922293
3478,0.83456,-2.10239638492198
3479,0.8348,-1.79113753291098
3480,0.83504,-2.19662920851684
3481,0.83528,-1.99975008871042
3482,0.83552,-2.18314297445966
3483,0.83576,-2.60055597278549
3484,0.836,-2.17721162225895
3485,0.83624,-2.25485935181964
3486,0.83648,-2.56906146949837
3487,0.83672,-1.80510930809425
3488,0.83696,-2.1471662934462
3489,0.8372,-2.72463269636722
3490,0.83744,-2.34594891230428
3491,0.83768,-2.35115478269417
3492,0.83792,-2.58779845763845
3493,0.83816,-2.73067091837766
3494,0.8384,-2.75939021627676
3495,0.83864,-2.43004934188461
3496,0.83888,-3.09351867382822
3497,0.83912,-3.02490838399113
3498,0.83936,-2.13873101211352
3499,0.8396,-2.96461037982128
3500,0.83984,-3.05532198797577
3501,0.84008,-1.9862030198041
3502,0.84032,-3.09173419128452
3503,0.84056,-2.86669871854573
3504,0.8408,-2.68206764980899
3505,0.84104,-3.71651131941342
3506,0.84128,-2.58240628883039
3507,0.84152,-3.05738692523008
3508,0.84176,-3.87533894136532
3509,0.842,-2.79290579483846
3510,0.84224,-2.72068235342952
3511,0.84248,-3.86555110592111
3512,0.84272,-3.19084663619551
3513,0.84296,-2.56629835978414
3514,0.8432,-2.70479951891733
3515,0.84344,-3.09071865217438
3516,0.84368,-3.71135368189882
3517,0.84392,-2.43066862658205
3518,0.84416,-3.00866700934619
3519,0.8444,-3.58338699706023
3520,0.84464,-2.84297831592979
3521,0.84488,-2.64967429086121
3522,0.84512,-3.42014542709024
3523,0.84536,-3.35009648686693
3524,0.8456,-2.13155043944554
3525,0.84584,-2.99064872725518
3526,0.84608,-3.48073454671207
3527,0.84632,-2.20765145837704
3528,0.84656,-2.90109822451276
3529,0.8468,-3.34029192583337
3530,0.84704,-2.02569187399159
3531,0.84728,-3.02872772615906
3532,0.84752,-3.05965471398675
3533,0.84776,-2.06839595443989
3534,0.848,-3.25665361826088
3535,0.84824,-2.64181198514895
3536,0.84848,-2.21486086066435
3537,0.84872,-3.46668558431854
3538,0.84896,-2.21459104618799
3539,0.8492,-2.22672730611982
3540,0.84944,-3.18945126640512
3541,0.84968,-1.90250188672009
3542,0.84992,-2.58731802346276
3543,0.85016,-2.65352217250719
3544,0.8504,-1.57610678171092
3545,0.85064,-2.45243983345767
3546,0.85088,-2.71871328017417
3547,0.85112,-1.70399535581666
3548,0.85136,-2.18113060647464
3549,0.8516,-2.52275762006224
3550,0.85184,-1.70265291878266
3551,0.85208,-2.01125034715578
3552,0.85232,-2.06604940993516
3553,0.85256,-1.20704819807524
3554,0.8528,-2.53549768908515
3555,0.85304,-2.05142818355903
3556,0.85328,-0.895497470948834
3557,0.85352,-1.24018759985651
3558,0.85376,-1.22583213838488
3559,0.854,-2.17240062126034
3560,0.85424,-0.623979929817439
3561,0.85448,-1.16300569624894
3562,0.85472,-1.69968398666879
3563,0.85496,-0.926547179615217
3564,0.8552,-0.925826427250844
3565,0.85544,-1.75883789822537
3566,0.85568,-0.833883223643152
3567,0.85592,-1.1239146960449
3568,0.85616,-0.814099700347878
3569,0.8564,-0.0726770085748059
3570,0.85664,-1.14586839136812
3571,0.85688,-0.651450644324852
3572,0.85712,0.0347703449632237
3573,0.85736,-0.966181206826758
3574,0.8576,-0.16736247485017
3575,0.85784,-0.0130122867605527
3576,0.85808,-0.579237153487558
3577,0.85832,0.283632368691653
3578,0.85856,-0.329506386841147
3579,0.8588,-0.212755793532571
3580,0.85904,0.830686709324588
3581,0.85928,-0.300935477949132
3582,0.85952,0.253197042663003
3583,0.85976,0.654676163734285
3584,0.86,0.220642482621651
3585,0.86024,0.246092772238508
3586,0.86048,0.616471793483163
3587,0.86072,0.632799523452719
3588,0.86096,0.746406770428038
3589,0.8612,0.60931584234191
3590,0.86144,0.955675023707825
3591,0.86168,0.797677378714097
3592,0.86192,0.879304029189167
3593,0.86216,1.32125524269272
3594,0.8624,1.0249091049594
3595,0.86264,1.20959197621562
3596,0.86288,1.1491065085332
3597,0.86312,1.44107231209134
3598,0.86336,1.37313492740177
3599,0.8636,1.29964597346853
3600,0.86384,1.70323962422499
3601,0.86408,1.38500336764823
3602,0.86432,1.78926440804455
3603,0.86456,1.46927390427347
3604,0.8648,1.99381719542513
3605,0.86504,1.79425606530328
3606,0.86528,1.71056289134389
3607,0.86552,2.24047260220509
3608,0.86576,1.80724795865313
3609,0.866,1.85151631261152
3610,0.86624,2.27072602642026
3611,0.86648,2.32631906737402
3612,0.86672,1.90235143675902
3613,0.86696,1.98114679771052
3614,0.8672,2.89507113683279
3615,0.86744,2.00654808650209
3616,0.86768,2.34663304623298
3617,0.86792,2.79490363880259
3618,0.86816,2.1798207268044
3619,0.8684,2.7805568857788
3620,0.86864,2.65046083275464
3621,0.86888,2.1943696686384
3622,0.86912,2.93446167120749
3623,0.86936,2.60072479230754
3624,0.8696,2.53785156425289
3625,0.86984,2.70278703579712
3626,0.87008,2.29607266438962
3627,0.87032,3.35175049057423
3628,0.87056,2.83287904733388
3629,0.8708,2.47727145653804
3630,0.87104,3.3243648794311
3631,0.87128,2.97488863976634
3632,0.87152,2.90766135726814
3633,0.87176,3.31556621192
3634,0.872,3.01428863380641
3635,0.87224,2.27771546748197
3636,0.87248,3.71037070240595
3637,0.87272,3.33146631635041
3638,0.87296,2.28295368077953
3639,0.8732,3.76868606293567
3640,0.87344,2.97007875016642
3641,0.87368,2.70708444882755
3642,0.87392,3.5273706283944
3643,0.87416,3.62808791041357
3644,0.8744,2.45505351596875
3645,0.87464,3.11607001415088
3646,0.87488,3.77053575269838
3647,0.87512,2.2930627361454
3648,0.87536,2.91045235952475
3649,0.8756,3.63711392025742
3650,0.87584,2.45799721585003
3651,0.87608,2.78419012244013
3652,0.87632,3.70193081767663
3653,0.87656,2.58721863455809
3654,0.8768,2.38769761771157
3655,0.87704,3.27104426916728
3656,0.87728,2.94763607217024
3657,0.87752,2.44834441836995
3658,0.87776,3.40185974028031
3659,0.878,2.55311098933691
3660,0.87824,2.61279735632257
3661,0.87848,3.38531234199347
3662,0.87872,1.91305556811258
3663,0.87896,3.11928299082439
3664,0.8792,2.75728448622007
3665,0.87944,2.09989370895798
3666,0.87968,3.36916666396762
3667,0.87992,2.13421587989281
3668,0.88016,2.518190818233
3669,0.8804,2.8828715004036
3670,0.88064,1.85432333712023
3671,0.88088,2.42795618659372
3672,0.88112,2.86984724083864
3673,0.88136,1.79831799418283
3674,0.8816,2.33412896076362
3675,0.88184,2.60635219819491
3676,0.88208,1.49373024453674
3677,0.88232,2.0999086836566
3678,0.88256,2.5680370515179
3679,0.8828,1.63739776753564
3680,0.88304,1.95651690193976
3681,0.88328,2.2659825356318
3682,0.88352,1.41144454039286
3683,0.88376,2.27693282754247
3684,0.884,1.69458687594406
3685,0.88424,0.932348757002988
3686,0.88448,1.39428588795312
3687,0.88472,1.49637976314777
3688,0.88496,2.08654990184952
3689,0.8852,0.806384175412541
3690,0.88544,1.35028286692288
3691,0.88568,1.52950598037211
3692,0.88592,0.299062133559787
3693,0.88616,1.27349934430168
3694,0.8864,1.39490793785936
3695,0.88664,0.250494894413776
3696,0.88688,0.563055661131444
3697,0.88712,1.35214124616985
3698,0.88736,0.254198616838679
3699,0.8876,0.614895611790733
3700,0.88784,0.0198574892537962
3701,0.88808,0.55052452952944
3702,0.88832,0.711316249793609
3703,0.88856,-0.185001590556552
3704,0.8888,0.508161068875831
3705,0.88904,0.111798437661749
3706,0.88928,-0.480638858868362
3707,0.88952,0.487554652109644
3708,0.88976,-0.335863271947724
3709,0.89,-0.049680411828303
3710,0.89024,0.111738770757546
3711,0.89048,-0.779824506162976
3712,0.89072,0.0246301003008829
3713,0.89096,-0.380867961816552
3714,0.8912,-0.753132979954279
3715,0.89144,-0.0455408531092687
3716,0.89168,-0.774296499558216
3717,0.89192,-1.11529838750052
3718,0.89216,-0.863864466245647
3719,0.8924,-0.594301208026358
3720,0.89264,-0.916085152369435
3721,0.89288,-1.00086106179447
3722,0.89312,-1.06889357868797
3723,0.89336,-1.0120554437819
3724,0.8936,-1.19773455629125
3725,0.89384,-1.61070702923224
3726,0.89408,-1.0554825141443
3727,0.89432,-1.4746037552846
3728,0.89456,-1.51374388697056
3729,0.8948,-1.55996369224668
3730,0.89504,-1.60233973381094
3731,0.89528,-1.40260258635438
3732,0.89552,-1.68079063890968
3733,0.89576,-1.96695020768703
3734,0.896,-2.00659454330048
3735,0.89624,-1.9230035807406
3736,0.89648,-1.85264233052534
3737,0.89672,-2.25803783199744
3738,0.89696,-1.94302715026809
3739,0.8972,-2.36553216264045
3740,0.89744,-1.94132512593227
3741,0.89768,-1.88478642896947
3742,0.89792,-2.44503456638643
3743,0.89816,-2.2770595994313
3744,0.8984,-1.75549019483627
3745,0.89864,-2.33875410159054
3746,0.89888,-2.67213730492134
3747,0.89912,-2.54058009837017
3748,0.89936,-2.54508664944116
3749,0.8996,-2.54253807342574
3750,0.89984,-2.6899824837632
3751,0.90008,-2.71579602087804
3752,0.90032,-2.39251191681623
3753,0.90056,-3.05635321519049
3754,0.9008,-2.62970995689275
3755,0.90104,-2.35422131471732
3756,0.90128,-3.41619311316554
3757,0.90152,-2.7771715443815
3758,0.90176,-2.42028562908015
3759,0.902,-3.52905626568359
3760,0.90224,-2.93343193666588
3761,0.90248,-2.50070775849849
3762,0.90272,-2.9489898535868
3763,0.90296,-3.73641230375273
3764,0.9032,-2.62411533220652
3765,0.90344,-3.23881964565125
3766,0.90368,-3.83308726935119
3767,0.90392,-2.65253130869861
3768,0.90416,-3.08705376613296
3769,0.9044,-3.38016766573352
3770,0.90464,-2.26992215125443
3771,0.90488,-2.76892807728225
3772,0.90512,-3.26975736467454
3773,0.90536,-3.76751936522312
3774,0.9056,-2.38256515544396
3775,0.90584,-2.96434160786827
3776,0.90608,-3.54025631824574
3777,0.90632,-2.80095272226579
3778,0.90656,-2.25673015614796
3779,0.9068,-3.16498953482512
3780,0.90704,-3.57979329584991
3781,0.90728,-2.35808682396866
3782,0.90752,-3.20999358969732
3783,0.90776,-3.09173553088513
3784,0.908,-2.43520319269816
3785,0.90824,-3.23902216183334
3786,0.90848,-2.83250085559334
3787,0.90872,-2.49389435008088
3788,0.90896,-3.4817984471046
3789,0.9092,-2.20113688063019
3790,0.90944,-2.78095737016724
3791,0.90968,-3.10734955614033
3792,0.90992,-1.9224654043512
3793,0.91016,-3.16476896834269
3794,0.9104,-2.60038624357245
3795,0.91064,-2.22491953702037
3796,0.91088,-3.28459920388099
3797,0.91112,-2.08786838816566
3798,0.91136,-2.15320234142703
3799,0.9116,-3.04638056879463
3800,0.91184,-2.04609129284309
3801,0.91208,-1.94955955767836
3802,0.91232,-2.91816935452608
3803,0.91256,-1.87121039749335
3804,0.9128,-1.72934150319001
3805,0.91304,-2.53486554699462
3806,0.91328,-1.33700447800834
3807,0.91352,-2.34303421917915
3808,0.91376,-2.24742675450478
3809,0.914,-1.4825956516753
3810,0.91424,-1.84317530694344
3811,0.91448,-2.18078678447027
3812,0.91472,-1.60041039914253
3813,0.91496,-0.705709668275015
3814,0.9152,-1.52518169473356
3815,0.91544,-1.62025603188994
3816,0.91568,-2.07937993276444
3817,0.91592,-0.536165893256697
3818,0.91616,-1.31198680916076
3819,0.9164,-1.84336423077724
3820,0.91664,-0.600644981615632
3821,0.91688,-1.21386662143781
3822,0.91712,-1.4506138293837
3823,0.91736,-0.275052221613845
3824,0.9176,-0.935437379858581
3825,0.91784,-1.4700504970589
3826,0.91808,-0.36292823223957
3827,0.91832,-0.477114533815537
3828,0.91856,-1.30888309449867
3829,0.9188,-0.258549323249728
3830,0.91904,-0.658879525173
3831,0.91928,-0.223979916353615
3832,0.91952,-0.312697080223898
3833,0.91976,-0.516231103293116
3834,0.92,0.222215471036735
3835,0.92024,-0.271131656304403
3836,0.92048,-0.152690486372245
3837,0.92072,0.651427528229923
3838,0.92096,-0.238882128010654
3839,0.9212,0.317257102637355
3840,0.92144,0.474500882444675
3841,0.92168,-0.202251198523843
3842,0.92192,0.673304198079513
3843,0.92216,0.678308615427315
3844,0.9224,0.564853219878354
3845,0.92264,0.324803019685235
3846,0.92288,1.02616262999575
3847,0.92312,0.772445343351502
3848,0.92336,1.09916096698552
3849,0.9236,0.81298771122261
3850,0.92384,0.896777373854896
3851,0.92408,1.32158785226046
3852,0.92432,1.14046849215071
3853,0.92456,1.32520695485037
3854,0.9248,1.37620642123575
3855,0.92504,1.42143611810905
3856,0.92528,1.70860725772985
3857,0.92552,1.39354960867913
3858,0.92576,1.79685623211624
3859,0.926,1.60056045975661
3860,0.92624,1.64404571273269
3861,0.92648,1.92743513120323
3862,0.92672,1.72522702637219
3863,0.92696,2.12928673010673
3864,0.9272,1.81477691075466
3865,0.92744,1.85655608519247
3866,0.92768,1.90297100373019
3867,0.92792,1.84148727212618
3868,0.92816,2.13522732027839
3869,0.9284,2.07875685290637
3870,0.92864,2.51267078735964
3871,0.92888,2.21894528971903
3872,0.92912,2.18351594320387
3873,0.92936,2.51530382739684
3874,0.9296,2.12321544094216
3875,0.92984,2.59751697538342
3876,0.93008,2.82538289416552
3877,0.93032,2.10133484497911
3878,0.93056,2.96548570505611
3879,0.9308,2.73446983779905
3880,0.93104,2.29227655084913
3881,0.93128,3.3035484894769
3882,0.93152,2.51013860402726
3883,0.93176,2.4777429542459
3884,0.932,3.03552031115938
3885,0.93224,2.65166305387298
3886,0.93248,3.0180607103968
3887,0.93272,2.89034407852204
3888,0.93296,2.5571002684073
3889,0.9332,3.57234178940019
3890,0.93344,2.88903276965294
3891,0.93368,2.60286063568086
3892,0.93392,3.55145434491452
3893,0.93416,2.79559448942643
3894,0.9344,2.56824486955664
3895,0.93464,3.3397577184293
3896,0.93488,3.36513198552798
3897,0.93512,2.11669846008886
3898,0.93536,3.88322764611889
3899,0.9356,2.29551354037108
3900,0.93584,2.69295957354863
3901,0.93608,3.3231986919698
3902,0.93632,3.71009923922787
3903,0.93656,2.33590569907601
3904,0.9368,3.05206834876834
3905,0.93704,3.75191775672646
3906,0.93728,2.54695677144092
3907,0.93752,2.84824700675082
3908,0.93776,3.74200175897643
3909,0.938,2.37020571637327
3910,0.93824,2.97858087329097
3911,0.93848,3.69939593761396
3912,0.93872,2.05213261414299
3913,0.93896,2.97335002349636
3914,0.9392,3.40199480230726
3915,0.93944,2.07681951792193
3916,0.93968,3.1848025165239
3917,0.93992,2.96315772051866
3918,0.94016,2.08232639959111
3919,0.9404,3.14394016295186
3920,0.94064,2.75874122084309
3921,0.94088,2.31707065450937
3922,0.94112,3.31517426657457
3923,0.94136,2.05921472526699
3924,0.9416,2.54028983499085
3925,0.94184,2.88122259371458
3926,0.94208,1.71022740501942
3927,0.94232,2.62340609272355
3928,0.94256,2.56086800166424
3929,0.9428,1.47299828033857
3930,0.94304,2.93123728980671
3931,0.94328,2.45729085834192
3932,0.94352,1.56185942935197
3933,0.94376,2.27037460958514
3934,0.944,2.47233284383955
3935,0.94424,1.53117190792324
3936,0.94448,1.95546860612535
3937,0.94472,2.47225675365732
3938,0.94496,1.47524254449546
3939,0.9452,1.84714080992871
3940,0.94544,1.96318604737053
3941,0.94568,1.52245250551206
3942,0.94592,1.24936171527831
3943,0.94616,1.34234427260386
3944,0.9464,2.39906769777914
3945,0.94664,0.49175460868216
3946,0.94688,1.50322418042749
3947,0.94712,1.54132328444025
3948,0.94736,0.52701286863696
3949,0.9476,1.24740454955672
3950,0.94784,1.3554136791872
3951,0.94808,0.52109834428901
3952,0.94832,0.459492305895407
3953,0.94856,1.47678851652464
3954,0.9488,0.817925794585101
3955,0.94904,0.0887599563653267
3956,0.94928,1.28589833739811
3957,0.94952,0.448634956541937
3958,0.94976,0.257366882399239
3959,0.95,0.901054107058813
3960,0.95024,0.245326937750891
3961,0.95048,0.2143246117394
3962,0.95072,0.421561534697728
3963,0.95096,-0.0528078052088523
3964,0.9512,0.191310548931165
3965,0.95144,-0.0328191750618949
3966,0.95168,-0.10470121211546
3967,0.95192,-0.0657192596789735
3968,0.95216,-0.840355742615328
3969,0.9524,-0.51801425434835
3970,0.95264,-0.196056809298412
3971,0.95288,-0.930393819641739
3972,0.95312,-0.454287156816723
3973,0.95336,-0.822109017318725
3974,0.9536,-0.568985034773077
3975,0.95384,-0.786872038571466
3976,0.95408,-1.12634010386119
3977,0.95432,-0.846929274445894
3978,0.95456,-0.924970572035783
3979,0.9548,-1.24339162422867
3980,0.95504,-1.06243538748823
3981,0.95528,-1.24449243357601
3982,0.95552,-1.42452343459624
3983,0.95576,-1.11140604517272
3984,0.956,-1.63609520290276
3985,0.95624,-1.31968257983565
3986,0.95648,-1.72497487066983
3987,0.95672,-1.28618715119752
3988,0.95696,-1.81008394347966
3989,0.9572,-1.4924419365025
3990,0.95744,-2.0159573714251
3991,0.95768,-1.69690827722097
3992,0.95792,-2.10453158434508
3993,0.95816,-1.90870070337328
3994,0.9584,-1.59141997312267
3995,0.95864,-2.13224191588621
3996,0.95888,-2.30648127355
3997,0.95912,-1.88029818468445
3998,0.95936,-2.19638039429044
3999,0.9596,-2.7444478632549
4000,0.95984,-2.21652633219792
4001,0.96008,-2.43040863316016
4002,0.96032,-2.632491470894
4003,0.96056,-2.13680739360464
4004,0.9608,-2.49156428750751
4005,0.96104,-2.48018087629151
4006,0.96128,-2.61871812903627
4007,0.96152,-2.75623276317476
4008,0.96176,-2.41862571743267
4009,0.962,-2.95162262404461
4010,0.96224,-2.63239887567675
4011,0.96248,-2.10011353275761
4012,0.96272,-3.15103669077166
4013,0.96296,-2.98525634777323
4014,0.9632,-2.1396944247069
4015,0.96344,-3.22768406281074
4016,0.96368,-2.8692292917682
4017,0.96392,-2.43228890162097
4018,0.96416,-3.32683636748668
4019,0.9644,-3.01308654588444
4020,0.96464,-2.27194681267378
4021,0.96488,-3.45216787756231
4022,0.96512,-3.30791137444904
4023,0.96536,-2.24662547699103
4024,0.9656,-3.36887476201497
4025,0.96584,-3.28246210628766
4026,0.96608,-2.16545266497349
4027,0.96632,-3.34936978989872
4028,0.96656,-2.27928301947726
4029,0.9668,-2.91740844612685
4030,0.96704,-3.55200196523373
4031,0.96728,-2.98376898152799
4032,0.96752,-2.48700790446106
4033,0.96776,-3.20015555798032
4034,0.968,-3.54918663899352
4035,0.96824,-2.14206116282007
4036,0.96848,-2.93616525900761
4037,0.96872,-3.60670718646919
4038,0.96896,-2.72235346951887
4039,0.9692,-2.50725838057524
4040,0.96944,-3.49414831613577
4041,0.96968,-2.44708374579644
4042,0.96992,-2.6684054775167
4043,0.97016,-3.60166045515097
4044,0.9704,-2.26885427869912
4045,0.97064,-2.80126481185579
4046,0.97088,-3.3151133310868
4047,0.97112,-2.07370897433778
4048,0.97136,-3.14635974802265
4049,0.9716,-2.65238819108932
4050,0.97184,-2.46256805685352
4051,0.97208,-3.34768198333119
4052,0.97232,-1.98665795204001
4053,0.97256,-2.83310140506228
4054,0.9728,-2.94647840331777
4055,0.97304,-1.66812348167067
4056,0.97328,-2.71123080734704
4057,0.97352,-2.5432375490907
4058,0.97376,-1.46953878622165
4059,0.974,-2.58987751366434
4060,0.97424,-2.37390023896021
4061,0.97448,-1.49338497621912
4062,0.97472,-2.56599138047331
4063,0.97496,-2.06643913811856
4064,0.9752,-1.62882587970342
4065,0.97544,-2.62592151762509
4066,0.97568,-1.84288455303273
4067,0.97592,-1.36002857711156
4068,0.97616,-2.30886322179183
4069,0.9764,-1.60464678492923
4070,0.97664,-0.589274423170488
4071,0.97688,-1.52988419946483
4072,0.97712,-1.50473644322535
4073,0.97736,-2.32630669305918
4074,0.9776,-0.550711333086427
4075,0.97784,-1.32809672588522
4076,0.97808,-2.10161561863926
4077,0.97832,-0.385363409044193
4078,0.97856,-1.10387794626592
4079,0.9788,-1.69748246450814
4080,0.97904,-0.415408920518921
4081,0.97928,-0.838305348114776
4082,0.97952,-1.49082233824075
4083,0.97976,-0.505698112671004
4084,0.98,-0.614107572275493
4085,0.98024,-0.845111598383644
4086,0.98048,-0.401361094354097
4087,0.98072,-0.682050595928101
4088,0.98096,-0.245990021775394
4089,0.9812,0.146541969970248
4090,0.98144,-0.778370494139355
4091,0.98168,0.31857942605567
4092,0.98192,-0.176201527643102
4093,0.98216,-0.299114707388036
4094,0.9824,0.624509124471357
4095,0.98264,-0.141985088403418
4096,0.98288,-0.0733946460924186
4097,0.98312,0.328162304700544
4098,0.98336,0.135232252336334
4099,0.9836,0.521638727292463
4100,0.98384,0.411225507720951
4101,0.98408,0.548028607665153
4102,0.98432,1.0205656947806
4103,0.98456,0.641442033247704
4104,0.9848,0.984908924695153
4105,0.98504,1.06722710348809
4106,0.98528,0.912436945132565
4107,0.98552,0.868373138035773
4108,0.98576,1.17246308233107
4109,0.986,1.1195722486893
4110,0.98624,1.05917476892998
4111,0.98648,1.58774253680344
4112,0.98672,1.40525270172182
4113,0.98696,1.44734089922453
4114,0.9872,1.73037798412159
4115,0.98744,1.4153621848466
4116,0.98768,1.45727937065649
4117,0.98792,1.49729579396741
4118,0.98816,2.01905533886281
4119,0.9884,1.57683668517717
4120,0.98864,1.73609214765769
4121,0.98888,2.26501037743466
4122,0.98912,1.82799946933345
4123,0.98936,1.87583288207018
4124,0.9896,2.05451381234642
4125,0.98984,2.10819272959115
4126,0.99008,2.05313806136387
4127,0.99032,2.48843462078626
4128,0.99056,2.31583258253841
4129,0.9908,2.15621187444197
4130,0.99104,2.48947639487713
4131,0.99128,2.21637497560747
4132,0.99152,2.56887486685948
4133,0.99176,2.79829815430302
4134,0.992,2.07576685861403
4135,0.99224,2.94139287179402
4136,0.99248,2.71181173697214
4137,0.99272,2.2710132863025
4138,0.99296,3.28363996228525
4139,0.9932,2.60777655239981
4140,0.99344,2.57521310650467
4141,0.99368,3.37622295872942
4142,0.99392,2.2649595912256
4143,0.99416,2.87812003329319
4144,0.9944,3.35307223298398
4145,0.99464,2.29064373095919
4146,0.99488,2.94815624475675
4147,0.99512,3.59058147287532
4148,0.99536,2.57572367995811
4149,0.9956,3.16588477781626
4150,0.99584,3.7361905561394
4151,0.99608,2.77321030392438
4152,0.99632,3.29675657987278
4153,0.99656,3.32097098800037
4154,0.9968,2.07221241184242
4155,0.99704,3.84030111610988
4156,0.99728,2.38049044670526
4157,0.99752,2.77249136913565
4158,0.99776,3.39889592219451
4159,0.998,3.5485735270864
4160,0.99824,2.42288862060204
4161,0.99848,3.25163595782497
4162,0.99872,3.46399732152348
4163,0.99896,2.15936163569208
4164,0.9992,2.71328857816639
4165,0.99944,3.49800292850244
4166,0.99968,2.72091127673731
4167,0.99992,2.49605349588759
4168,1.00016,3.59186921855996
4169,1.0004,2.41083247066761
4170,1.00064,2.50267895537348
4171,1.00088,3.43179620127093
4172,1.00112,2.67879048659537
4173,1.00136,2.4758522144396
4174,1.0016,3.47509173393501
4175,1.00184,2.32630067177498
4176,1.00208,2.7971351086347
4177,1.00232,3.1342992829031
4178,1.00256,1.96258184139257
4179,1.0028,3.21581643930098
4180,1.00304,2.42832026021426
4181,1.00328,2.30953375340769
4182,1.00352,3.13805004320339
4183,1.00376,1.95637745744902
4184,1.004,2.39354522859172
4185,1.00424,2.57629437143008
4186,1.00448,1.60985770388094
4187,1.00472,2.9448774585251
4188,1.00496,2.12513841634505
4189,1.0052,1.84543105139946
4190,1.00544,2.76049489801846
4191,1.00568,1.89660643618634
4192,1.00592,1.57478784998241
4193,1.00616,2.79989374625032
4194,1.0064,1.7658192861553
4195,1.00664,1.5161747964223
4196,1.00688,2.57135051599368
4197,1.00712,1.84327874192074
4198,1.00736,1.28995074082714
4199,1.0076,1.01528095797232
4200,1.00784,1.94765387850759
4201,1.00808,1.91455342060187
4202,1.00832,0.828770347694702
4203,1.00856,0.766796978572108
4204,1.0088,1.90614501642066
4205,1.00904,1.1213954838845
4206,1.00928,0.877815500067407
4207,1.00952,1.71131593193862
4208,1.00976,0.525653690098179
4209,1.01,0.83334227077523
4210,1.01024,1.12888875677751
4211,1.01048,0.119388169720576
4212,1.01072,0.834967550282117
4213,1.01096,1.18124655499429
4214,1.0112,0.109508887279974
4215,1.01144,0.272823348346476
4216,1.01168,0.911766310728693
4217,1.01192,0.0235166640041571
4218,1.01216,0.346349491172765
4219,1.0124,0.320153147519057
4220,1.01264,-0.0328127498626771
4221,1.01288,-0.0337659709150686
4222,1.01312,-0.248064542627919
4223,1.01336,0.154227456128346
4224,1.0136,-0.40644379265383
4225,1.01384,-0.575165112064986
4226,1.01408,0.105417596131913
4227,1.01432,-0.174667198493957
4228,1.01456,-0.909739829087446
4229,1.0148,-0.448074159862886
4230,1.01504,-0.569564908442749
4231,1.01528,-1.03452628683339
4232,1.01552,-0.904826715893987
4233,1.01576,-0.633219970118344
4234,1.016,-0.835433959817736
4235,1.01624,-0.921725667207072
4236,1.01648,-1.35291420726808
4237,1.01672,-1.05258520246337
4238,1.01696,-1.11947742645382
4239,1.0172,-1.28988387619281
4240,1.01744,-1.09823518323369
4241,1.01768,-1.39415200102593
4242,1.01792,-1.31328195489756
4243,1.01816,-1.71888210325855
4244,1.0184,-1.40074125382303
4245,1.01864,-1.32093254401275
4246,1.01888,-1.48316360630869
4247,1.01912,-2.12786046502927
4248,1.01936,-1.80704349124132
4249,1.0196,-1.84294931099684
4250,1.01984,-2.01475920961807
4251,1.02008,-2.3018544708558
4252,1.02032,-1.98954139838915
4253,1.02056,-2.17424474005242
4254,1.0208,-2.59298935351951
4255,1.02104,-2.1709965209865
4256,1.02128,-2.25000923944278
4257,1.02152,-2.56558697783313
4258,1.02176,-1.80302150268785
4259,1.022,-2.14647004307321
4260,1.02224,-2.72533100325544
4261,1.02248,-2.34804590826217
4262,1.02272,-2.35464655322141
4263,1.02296,-2.59268372747666
4264,1.0232,-2.73694560468779
4265,1.02344,-2.76704546006286
4266,1.02368,-2.43908003406174
4267,1.02392,-3.10391335280838
4268,1.02416,-3.03665578087042
4269,1.0244,-2.03333797946781
4270,1.02464,-3.09867426232773
4271,1.02488,-3.06829407251037
4272,1.02512,-2.00055144390311
4273,1.02536,-3.10743835965854
4274,1.0256,-2.88374129974432
4275,1.02584,-2.70042831074019
4276,1.02608,-3.73616617686273
4277,1.02632,-2.60333511533317
4278,1.02656,-3.07956643873136
4279,1.0268,-3.898745200113
4280,1.02704,-2.81751557640467
4281,1.02728,-2.62622179461222
4282,1.02752,-3.66515611744208
4283,1.02776,-3.35756194521553
4284,1.028,-2.26020008569328
4285,1.02824,-2.75867393890409
4286,1.02848,-3.26063987305197
4287,1.02872,-3.75785830742334
4288,1.02896,-2.12735414410615
4289,1.0292,-2.71548908938502
4290,1.02944,-3.30415987940099
4291,1.02968,-3.04780826738171
4292,1.02992,-2.37734290536339
4293,1.03016,-3.0488769995918
4294,1.0304,-3.71057205754281
4295,1.03064,-2.23631984200811
4296,1.03088,-2.863054876277
4297,1.03112,-3.60360644073943
4298,1.03136,-2.5604549450801
4299,1.0316,-2.42088292573758
4300,1.03184,-3.36597961808271
4301,1.03208,-2.74304086815081
4302,1.03232,-2.31368904819454
4303,1.03256,-3.44851066416261
4304,1.0328,-2.42465119035234
4305,1.03304,-2.55201376165266
4306,1.03328,-3.26540336520137
4307,1.03352,-1.8557878909474
4308,1.03376,-2.77834319219755
4309,1.034,-2.83804247886263
4310,1.03424,-1.63696917884344
4311,1.03448,-2.98586826202463
4312,1.03472,-2.52388505188971
4313,1.03496,-2.00389035561385
4314,1.0352,-2.92740515844012
4315,1.03544,-1.95600176378193
4316,1.03568,-1.88695744077805
4317,1.03592,-2.88170342508552
4318,1.03616,-1.85957532251308
4319,1.0364,-1.50335714643903
4320,1.03664,-2.69890089263632
4321,1.03688,-1.98327819516435
4322,1.03712,-1.20858487056056
4323,1.03736,-2.48158454749596
4324,1.0376,-2.07213218256817
4325,1.03784,-1.12382662370472
4326,1.03808,-2.22561759964755
4327,1.03832,-1.31145456157446
4328,1.03856,-1.28445562512871
4329,1.0388,-1.97916834431335
4330,1.03904,-1.71667789338651
4331,1.03928,-1.03799349848564
4332,1.03952,-1.21227553921531
4333,1.03976,-1.74613957957392
4334,1.04,-0.389357177780643
4335,1.04024,-0.882481706168521
4336,1.04048,-1.01000086314391
4337,1.04072,-0.432518957682931
4338,1.04096,-0.624999769943537
4339,1.0412,-0.813190027497521
4340,1.04144,-0.888263323868509
4341,1.04168,-0.648339381655653
4342,1.04192,-0.889605193992602
4343,1.04216,-0.296860053060368
4344,1.0424,0.00711875680810836
4345,1.04264,-1.00644112282964
4346,1.04288,0.0068323416801539
4347,1.04312,-0.0935127243373244
4348,1.04336,-0.548601161670024
4349,1.0436,0.285024870094235
4350,1.04384,-0.0888193188562463
4351,1.04408,-0.110975813278769
4352,1.04432,0.317688214929333
4353,1.04456,0.389370408817841
4354,1.0448,0.55460077060157
4355,1.04504,-0.0121804340416036
4356,1.04528,0.145469939697007
4357,1.04552,1.11671804092301
4358,1.04576,0.397752954871041
4359,1.046,0.520578570860192
4360,1.04624,1.21959918321415
4361,1.04648,0.838029588522585
4362,1.04672,0.568822026541383
4363,1.04696,1.36513010776862
4364,1.0472,0.96821741486817
4365,1.04744,1.39619413569677
4366,1.04768,1.0918030238029
4367,1.04792,1.27228556536039
4368,1.04816,1.56839832779727
4369,1.0484,1.25249357728071
4370,1.04864,1.77739812454233
4371,1.04888,1.22263794300912
4372,1.04912,1.868278091261
4373,1.04936,1.42863921591539
4374,1.0496,1.94769189608304
4375,1.04984,1.51142008766714
4376,1.05008,2.15406482529919
4377,1.05032,1.83110024444888
4378,1.05056,1.87698162855856
4379,1.0508,2.40483372624037
4380,1.05104,1.9699734160605
4381,1.05128,2.14651077975934
4382,1.05152,2.20230752931501
4383,1.05176,1.77976086863314
4384,1.052,2.45713335052194
4385,1.05224,2.16396498098936
4386,1.05248,1.88334443875094
4387,1.05272,2.82037603026004
4388,1.05296,2.18468773717623
4389,1.0532,2.29212585922177
4390,1.05344,3.01408297648594
4391,1.05368,2.28407785338515
4392,1.05392,2.42559704198405
4393,1.05416,3.288747812195
4394,1.0544,2.1135015512788
4395,1.05464,2.65612214535766
4396,1.05488,2.94310143611917
4397,1.05512,2.29964594740547
4398,1.05536,2.75887100691877
4399,1.0556,2.72370859836044
4400,1.05584,2.72467133392323
4401,1.05608,2.86181778341458
4402,1.05632,3.23077193162775
4403,1.05656,2.43244273505696
4404,1.0568,3.09994502356161
4405,1.05704,3.15490644502541
4406,1.05728,2.408954929334
4407,1.05752,3.36686856288776
4408,1.05776,3.23178465329151
4409,1.058,2.29683352898477
4410,1.05824,2.96772174666323
4411,1.05848,3.85187956406896
4412,1.05872,2.83529580390761
4413,1.05896,2.59789353846626
4414,1.0592,3.09652255589519
4415,1.05944,3.59327412771182
4416,1.05968,2.90426179236127
4417,1.05992,2.63568452870923
4418,1.06016,3.33425683751427
4419,1.0604,3.42669514852182
4420,1.06064,2.25372355193489
4421,1.06088,2.91434406440677
4422,1.06112,3.57000478528504
4423,1.06136,2.21788337501193
4424,1.0616,2.83187849591678
4425,1.06184,3.55928304602013
4426,1.06208,2.15016896151579
4427,1.06232,2.83598264239658
4428,1.06256,3.74803430478317
4429,1.0628,2.2868010612641
4430,1.06304,2.80487552639926
4431,1.06328,3.30721556314807
4432,1.06352,2.05383454073115
4433,1.06376,3.1184648680298
4434,1.064,2.61220687566007
4435,1.06424,2.41228260420966
4436,1.06448,3.29198490505277
4437,1.06472,1.91824958440452
4438,1.06496,2.75672948337882
4439,1.0652,2.73919967228912
4440,1.06544,1.81878640697958
4441,1.06568,2.83905529889593
4442,1.06592,2.65175588657322
4443,1.06616,1.56293147785049
4444,1.0664,2.78635816232397
4445,1.06664,2.55146122677056
4446,1.06688,1.655347619132
4447,1.06712,2.12586141717379
4448,1.06736,2.57066778934022
4449,1.0676,1.73816426531061
4450,1.06784,1.91777709037613
4451,1.06808,2.44010139937705
4452,1.06832,1.67714757175561
4453,1.06856,0.847726102118177
4454,1.0688,2.3110256795959
4455,1.06904,1.73740355837639
4456,1.06928,1.22063465513186
4457,1.06952,1.31528728910368
4458,1.06976,2.13304436390833
4459,1.07,1.39727311693349
4460,1.07024,0.974584914780152
4461,1.07048,1.15625051261081
4462,1.07072,2.05859406406887
4463,1.07096,0.481048381922501
4464,1.0712,0.738976513755764
4465,1.07144,1.46828165832289
4466,1.07168,0.3043686892259
4467,1.07192,0.615361158367818
4468,1.07216,1.64260781058607
4469,1.0724,0.421324428458316
4470,1.07264,0.429424832255259
4471,1.07288,1.15301112771847
4472,1.07312,0.343675088062935
4473,1.07336,0.048880373602437
4474,1.0736,1.06892813494218
4475,1.07384,0.187950358028471
4476,1.07408,0.0564003059586691
4477,1.07432,0.400120868697015
4478,1.07456,-0.184360454508156
4479,1.0748,0.076391458198221
4480,1.07504,-0.132355361732095
4481,1.07528,-0.190051794764075
4482,1.07552,-0.138027277279773
4483,1.07576,-0.900718830800027
4484,1.076,-0.323555650109843
4485,1.07624,-0.111244078003288
4486,1.07648,-0.59468579835845
4487,1.07672,-0.364715063520319
4488,1.07696,-1.07399982256834
4489,1.0772,-0.563287263160112
4490,1.07744,-0.667521341985125
4491,1.07768,-1.35317414025743
4492,1.07792,-0.818946733342232
4493,1.07816,-0.899817255170741
4494,1.0784,-1.44702097046731
4495,1.07864,-1.14014139893784
4496,1.07888,-1.19707741972279
4497,1.07912,-1.37010572836117
4498,1.07936,-1.41434438980579
4499,1.0796,-1.21819689708651
4500,1.07984,-1.86358847763651
4501,1.08008,-1.30676564748178
4502,1.08032,-1.34870696268256
4503,1.08056,-1.51308671452428
4504,1.0808,-2.15507468213221
4505,1.08104,-1.47387636719951
4506,1.08128,-1.99835237742084
4507,1.08152,-1.6890047724993
4508,1.08176,-2.57703540756803
4509,1.082,-2.1404337194513
4510,1.08224,-1.84154597805496
4511,1.08248,-2.26046454789506
4512,1.08272,-2.32048178441524
4513,1.08296,-2.04032335417287
4514,1.0832,-2.35344501333862
4515,1.08344,-2.20018482325523
4516,1.08368,-2.66058118541238
4517,1.08392,-2.27206432483998
4518,1.08416,-2.38652114983321
4519,1.0844,-3.10573257514112
4520,1.08464,-2.14316400246906
4521,1.08488,-2.77490671590079
4522,1.08512,-3.03332576507738
4523,1.08536,-2.11563255869194
4524,1.0856,-3.13864708804439
4525,1.08584,-2.94876111039105
4526,1.08608,-2.4404549998238
4527,1.08632,-3.25159766409646
4528,1.08656,-2.50893449249056
4529,1.0868,-2.88517300399142
4530,1.08704,-3.6122002143491
4531,1.08728,-2.55354919291219
4532,1.08752,-2.74194637843793
4533,1.08776,-3.76263778231372
4534,1.088,-2.62654135881787
4535,1.08824,-2.86262333251002
4536,1.08848,-3.32617352138487
4537,1.08872,-2.38289061567398
4538,1.08896,-3.28347839906638
4539,1.0892,-3.43533668434882
4540,1.08944,-2.78172303998028
4541,1.08968,-2.41886184499635
4542,1.08992,-2.91635927960081
4543,1.09016,-3.52958528041066
4544,1.0904,-2.82372154820434
4545,1.09064,-2.54716834664881
4546,1.09088,-3.2372234822315
4547,1.09112,-3.44180124958716
4548,1.09136,-2.3753186554847
4549,1.0916,-3.02202802860952
4550,1.09184,-3.77790289782143
4551,1.09208,-2.16960776012969
4552,1.09232,-2.89491463013492
4553,1.09256,-3.60375941954031
4554,1.0928,-2.30493828820818
4555,1.09304,-3.20578185028609
4556,1.09328,-2.77863511998496
4557,1.09352,-2.53730052903166
4558,1.09376,-3.61572449660576
4559,1.094,-2.30555242886544
4560,1.09424,-2.38609327750307
4561,1.09448,-3.53834478046303
4562,1.09472,-2.07042106751083
4563,1.09496,-2.70417561945753
4564,1.0952,-2.95775995345004
4565,1.09544,-1.70480987029355
4566,1.09568,-3.00546640558617
4567,1.09592,-2.3742335947861
4568,1.09616,-2.16906731717825
4569,1.0964,-3.03834330085335
4570,1.09664,-1.77891371429842
4571,1.09688,-2.60734840897772
4572,1.09712,-2.57983502314518
4573,1.09736,-1.52832582355822
4574,1.0976,-2.55530263382167
4575,1.09784,-2.48116506308763
4576,1.09808,-1.50338925074964
4577,1.09832,-2.36429411041321
4578,1.09856,-2.48291195594563
4579,1.0988,-1.68798316084541
4580,1.09904,-2.13635134861171
4581,1.09928,-2.32888798529726
4582,1.09952,-1.48544590614897
4583,1.09976,-2.12447886455812
4584,1.1,-1.43414829268773
4585,1.10024,-1.05073680397066
4586,1.10048,-1.87549752351058
4587,1.10072,-1.97537616724753
4588,1.10096,-1.01672922663924
4589,1.1012,-0.84389768032155
4590,1.10144,-1.39339079285789
4591,1.10168,-1.70133579421125
4592,1.10192,-0.980830707461639
4593,1.10216,-1.11164516699244
4594,1.1024,-0.529924316281131
4595,1.10264,-0.718827108482208
4596,1.10288,-1.38245748984762
4597,1.10312,-0.610782884376282
4598,1.10336,-0.0179933530178302
4599,1.1036,-0.988381272803344
4600,1.10384,-0.632160496182945
4601,1.10408,0.0347591963890843
4602,1.10432,-0.382852031901659
4603,1.10456,-0.569193781298335
4604,1.1048,-0.190272705669616
4605,1.10504,-0.165209066631406
4606,1.10528,-0.0514508362314845
4607,1.10552,-0.189534978189025
4608,1.10576,0.390596794771955
4609,1.106,0.0921367625132734
4610,1.10624,-0.197076168998107
4611,1.10648,0.816420614461053
4612,1.10672,0.363933527950288
4613,1.10696,0.0421566414429275
4614,1.1072,0.779977706651754
4615,1.10744,0.29415490397085
4616,1.10768,0.301947622044757
4617,1.10792,1.00939135216965
4618,1.10816,1.09536805385473
4619,1.1084,0.828865520972463
4620,1.10864,0.792069315364213
4621,1.10888,1.1025800945545
4622,1.10912,0.936182578652198
4623,1.10936,1.12272370278753
4624,1.1096,1.29389809596677
4625,1.10984,1.47737604441635
4626,1.11008,1.1616981842661
4627,1.11032,1.56613785217628
4628,1.11056,1.49100119356652
4629,1.1108,1.41649811045378
4630,1.11104,1.33870835814264
4631,1.11128,1.86275132340471
4632,1.11152,1.54419481231429
4633,1.11176,1.70422289896286
4634,1.112,1.98655339907534
4635,1.11224,1.6714519431957
4636,1.11248,1.83517117403941
4637,1.11272,1.76495941231449
4638,1.11296,2.42209256999244
4639,1.1132,2.35092811672273
4640,1.11344,2.05972939375569
4641,1.11368,2.37032440811025
4642,1.11392,2.31628168077609
4643,1.11416,2.5220500851345
4644,1.1144,2.49102633690282
4645,1.11464,2.33865223033647
4646,1.11488,2.69165709670007
4647,1.11512,2.55915139166771
4648,1.11536,2.31977233583189
4649,1.1156,2.69996367510945
4650,1.11584,2.47423430449736
4651,1.11608,2.63929675830834
4652,1.11632,3.40643276538677
4653,1.11656,2.37522510399809
4654,1.1168,2.70554670444472
4655,1.11704,3.38393951347865
4656,1.11728,2.51399979808629
4657,1.11752,2.76407642715099
4658,1.11776,3.36886884851373
4659,1.118,2.89540953520938
4660,1.11824,2.46087004359776
4661,1.11848,3.24784364407223
4662,1.11872,3.06285079693929
4663,1.11896,2.55944992870297
4664,1.1192,3.76613503757802
4665,1.11944,3.03087467275868
4666,1.11968,2.46690813399272
4667,1.11992,3.61126520342286
4668,1.12016,3.52789686926613
4669,1.1204,2.64961049123799
4670,1.12064,2.53755441233841
4671,1.12088,3.03674874867326
4672,1.12112,3.53697851422114
4673,1.12136,2.72331367931857
4674,1.1216,2.81464645732783
4675,1.12184,3.3839910509754
4676,1.12208,3.47412222235108
4677,1.12232,2.41675646906842
4678,1.12256,3.18907647238103
4679,1.1228,3.83073831404392
4680,1.12304,2.10793405007639
4681,1.12328,2.84282708485588
4682,1.12352,3.56965814049543
4683,1.12376,2.39042569842616
4684,1.124,2.95196094079411
4685,1.12424,3.50575507107877
4686,1.12448,1.93649930567123
4687,1.12472,3.04980643127422
4688,1.12496,3.07023417631712
4689,1.1252,2.06844033290982
4690,1.12544,3.24707091682222
4691,1.12568,2.62301796043204
4692,1.12592,2.4242738551172
4693,1.12616,3.17807053084201
4694,1.1264,1.92806690218892
4695,1.12664,2.76559679704308
4696,1.12688,2.62442896657348
4697,1.12712,1.70804281795498
4698,1.12736,3.08721941939676
4699,1.1276,2.18724719697421
4700,1.12784,1.95897804335578
4701,1.12808,3.03933278084303
4702,1.12832,2.09659639228439
4703,1.12856,1.46145609945921
4704,1.1288,2.62534046741764
4705,1.12904,2.11243755447663
4706,1.12928,1.06493283888614
4707,1.12952,2.55377359669491
4708,1.12976,2.11101989570117
4709,1.13,1.36063554618035
4710,1.13024,1.6151963480015
4711,1.13048,2.2117581458099
4712,1.13072,1.28214380170157
4713,1.13096,0.88876288787724
4714,1.1312,1.35317726132566
4715,1.13144,1.81794825853966
4716,1.13168,1.92577818900443
4717,1.13192,1.1301371643506
4718,1.13216,1.3126891654548
4719,1.1324,1.73358388227164
4720,1.13264,0.267493808699076
4721,1.13288,0.886209434136441
4722,1.13312,1.49825881072886
4723,1.13336,0.223123621926591
4724,1.1336,0.537034189661451
4725,1.13384,1.56707337887095
4726,1.13408,0.344573732017516
4727,1.13432,0.471702012448393
4728,1.13456,1.07347192161155
4729,1.1348,0.154109356866863
4730,1.13504,0.32432501187009
4731,1.13528,0.498697972422859
4732,1.13552,0.115017864221037
4733,1.13576,0.328339836983569
4734,1.136,0.0757391902999596
4735,1.13624,0.0944425354776295
4736,1.13648,-0.0142253931140264
4737,1.13672,-0.449751909876191
4738,1.13696,0.0856118566791677
4739,1.1372,-0.463041210687265
4740,1.13744,-0.253470874696923
4741,1.13768,0.0671184868481629
4742,1.13792,-0.917289231224653
4743,1.13816,-0.558155053048435
4744,1.1384,-0.448244626257457
4745,1.13864,-1.03670490246232
4746,1.13888,-0.654551096826498
4747,1.13912,-0.995701850895144
4748,1.13936,-0.716131528415866
4749,1.1396,-1.03454201952393
4750,1.13984,-1.35202382434886
4751,1.14008,-1.05323711014487
4752,1.14032,-1.23468218268441
4753,1.14056,-1.53697869243673
4754,1.1408,-1.10332490644603
4755,1.14104,-1.27343621214925
4756,1.14128,-1.68096834772026
4757,1.14152,-1.12695674198877
4758,1.14176,-1.89130480549684
4759,1.142,-1.572044226716
4760,1.14224,-1.97278218723758
4761,1.14248,-2.00767592017181
4762,1.14272,-1.5737434827813
4763,1.14296,-1.85523479296205
4764,1.1432,-2.13836120119409
4765,1.14344,-1.83138012033517
4766,1.14368,-2.00103529384685
4767,1.14392,-1.81684310089502
4768,1.14416,-2.36351517537039
4769,1.1444,-2.30318950997479
4770,1.14464,-2.13426089422813
4771,1.14488,-2.5786160950909
4772,1.14512,-2.29567290116665
4773,1.14536,-2.27133658438474
4774,1.1456,-2.61448951303728
4775,1.14584,-2.23401512760784
4776,1.14608,-2.6021564059331
4777,1.14632,-2.84726827178895
4778,1.14656,-2.14045844783713
4779,1.1468,-3.02181023409794
4780,1.14704,-2.68951147688263
4781,1.14728,-2.15020178144679
4782,1.14752,-3.18167420198222
4783,1.14776,-2.76785211798169
4784,1.148,-2.63364032998715
4785,1.14824,-2.84772415281676
4786,1.14848,-2.60984447330903
4787,1.14872,-3.23840383978143
4788,1.14896,-3.01095402461328
4789,1.1492,-2.69784351311421
4790,1.14944,-3.38136422143264
4791,1.14968,-2.96667901912525
4792,1.14992,-2.47970413452772
4793,1.15016,-3.1905518655436
4794,1.1504,-2.60253751185385
4795,1.15064,-2.90395415658724
4796,1.15088,-3.30033258946701
4797,1.15112,-3.12308804677619
4798,1.15136,-2.27542038955737
4799,1.1516,-2.77342350463289
4800,1.15184,-3.27405317315416
4801,1.15208,-3.05055241464448
4802,1.15232,-2.52910658986169
4803,1.15256,-3.33473903231513
4804,1.1528,-3.6551725058921
4805,1.15304,-2.46067858909459
4806,1.15328,-3.3391163015624
4807,1.15352,-3.12922939464906
4808,1.15376,-2.61815522183243
4809,1.154,-3.32016028243908
4810,1.15424,-2.9376362579498
4811,1.15448,-2.50268397193864
4812,1.15472,-3.28085729299287
4813,1.15496,-2.84969567256376
4814,1.1552,-2.48742404074861
4815,1.15544,-3.4526090029198
4816,1.15568,-2.3819588015946
4817,1.15592,-2.69598956381058
4818,1.15616,-3.35754991462458
4819,1.1564,-1.89723978378524
4820,1.15664,-2.99803968531247
4821,1.15688,-2.76878885702761
4822,1.15712,-2.00307177804879
4823,1.15736,-3.28892770337707
4824,1.1576,-2.65233412546893
4825,1.15784,-2.07979840074766
4826,1.15808,-3.07349931930685
4827,1.15832,-1.81606010043155
4828,1.15856,-2.52897476415762
4829,1.1588,-2.62191057325836
4830,1.15904,-1.56990460110737
4831,1.15928,-2.47037591900869
4832,1.15952,-2.63329056676438
4833,1.15976,-1.7680260328949
4834,1.16,-2.03253767377346
4835,1.16024,-2.27998739859462
4836,1.16048,-1.37307569803707
4837,1.16072,-2.64531630307122
4838,1.16096,-1.7615079357336
4839,1.1612,-0.938590626987968
4840,1.16144,-2.2822721522349
4841,1.16168,-1.60006130365825
4842,1.16192,-1.33693849018533
4843,1.16216,-1.31511783777693
4844,1.1624,-2.37517860865595
4845,1.16264,-0.596776890707819
4846,1.16288,-1.37149527073376
4847,1.16312,-2.023069414813
4848,1.16336,-0.428058303298204
4849,1.1636,-1.14405257398129
4850,1.16384,-1.73526463296616
4851,1.16408,-0.450920530375228
4852,1.16432,-0.6320064362058
4853,1.16456,-1.64981021688811
4854,1.1648,-0.415852933249342
4855,1.16504,-0.415045174817764
4856,1.16528,-1.24894284261054
4857,1.16552,-0.0729359352675193
4858,1.16576,-0.362129231653469
4859,1.166,-0.648487505815647
4860,1.16624,-0.133381242365426
4861,1.16648,-0.339767572553418
4862,1.16672,-0.0807872933885023
4863,1.16696,-0.0936419862020175
4864,1.1672,-0.0981877505560786
4865,1.16744,0.347262800046911
4866,1.16768,-0.0606675593223003
4867,1.16792,0.37463535512192
4868,1.16816,0.292111145693389
4869,1.1684,-0.0230691687969484
4870,1.16864,0.848456749062187
4871,1.16888,0.254348570138645
4872,1.16912,0.392408408979636
4873,1.16936,0.747210561874478
4874,1.1696,0.726738886713653
4875,1.16984,0.951147306986327
4876,1.17008,0.675536416967003
4877,1.17032,0.75823285015663
4878,1.17056,0.838576912480727
4879,1.1708,1.14414393796613
4880,1.17104,1.08715983375738
4881,1.17128,1.38653466939407
4882,1.17152,1.43528114310675
4883,1.17176,1.61203580214549
4884,1.172,1.53204706084315
4885,1.17224,1.57308148903714
4886,1.17248,1.61708876288461
4887,1.17272,1.65670184260686
4888,1.17296,1.81255602990148
4889,1.1732,1.73738797447538
4890,1.17344,1.77607646553426
4891,1.17368,1.9392814490279
4892,1.17392,2.10896466887604
4893,1.17416,2.02974249188455
4894,1.1744,1.60231953129163
4895,1.17464,2.26132421994123
4896,1.17488,2.31172354310276
4897,1.17512,2.2593382162345
4898,1.17536,2.21343703823039
4899,1.1756,2.28071253910341
4900,1.17584,2.36554385250414
4901,1.17608,2.45854318165185
4902,1.17632,2.1865399181684
4903,1.17656,2.54005914390039
4904,1.1768,2.7704244380595
4905,1.17704,2.04876618233627
4906,1.17728,2.91519324316973
4907,1.17752,2.68634792884811
4908,1.17776,2.24622318651089
4909,1.178,3.25946034556275
4910,1.17824,2.58415210023788
4911,1.17848,2.55208727527136
4912,1.17872,3.3535417552008
4913,1.17896,2.83970563346205
4914,1.1792,2.60760379152892
4915,1.17944,3.45493858588671
4916,1.17968,2.85867869227541
4917,1.17992,2.66099221820242
4918,1.18016,3.57734054801311
4919,1.1804,2.67293206083645
4920,1.18064,2.53659004055744
4921,1.18088,3.71985359210579
4922,1.18112,3.34114006588739
4923,1.18136,2.41347569845665
4924,1.1816,3.32219785208278
4925,1.18184,3.48112960925607
4926,1.18208,2.47963737221426
4927,1.18232,2.72805218828061
4928,1.18256,3.33719880112832
4929,1.1828,3.34417317592976
4930,1.18304,2.56153589701291
4931,1.18328,3.1233595989259
4932,1.18352,3.79698611687356
4933,1.18376,2.33483184911398
4934,1.184,2.85531061652953
4935,1.18424,3.49481010462913
4936,1.18448,2.69369742254833
4937,1.18472,2.44615036036356
4938,1.18496,3.28268134620616
4939,1.1852,2.91262083453387
4940,1.18544,2.24694403315662
4941,1.18568,3.16053259413778
4942,1.18592,2.745617609978
4943,1.18616,2.51601586543019
4944,1.1864,3.6056885811461
4945,1.18664,2.07582239150376
4946,1.18688,2.88295352900103
4947,1.18712,3.06884446221529
4948,1.18736,2.1106410920256
4949,1.1876,3.2183665046534
4950,1.18784,2.28672554635899
4951,1.18808,2.50020586875039
4952,1.18832,3.17852654597674
4953,1.18856,1.85837953463821
4954,1.1888,2.74381727287882
4955,1.18904,2.76940409694136
4956,1.18928,1.65675991661656
4957,1.18952,2.85108189881444
4958,1.18976,2.11787920317218
4959,1.19,1.45366763733382
4960,1.19024,2.59891092137436
4961,1.19048,2.4165136268515
4962,1.19072,1.44628738111046
4963,1.19096,2.31677353686347
4964,1.1912,2.33198192956238
4965,1.19144,1.43305431221387
4966,1.19168,1.90525105781743
4967,1.19192,2.23217669367451
4968,1.19216,1.39877276757848
4969,1.1924,1.22000151697389
4970,1.19264,1.64716732485697
4971,1.19288,2.07872314101204
4972,1.19312,0.620823044078319
4973,1.19336,1.60757178735377
4974,1.1936,1.62932851455033
4975,1.19384,0.827268073997337
4976,1.19408,1.04379920528955
4977,1.19432,1.61664500142426
4978,1.19456,0.756849187425172
4979,1.1948,0.555263481924336
4980,1.19504,1.434296050596
4981,1.19528,0.412919599436807
4982,1.19552,0.626040607706445
4983,1.19576,0.953235807348129
4984,1.196,0.101195282310227
4985,1.19624,0.611799859055077
4986,1.19648,0.631454429190489
4987,1.19672,0.081152288566075
4988,1.19696,0.513625920796311
4989,1.1972,0.101033810246525
4990,1.19744,-0.149973118504904
4991,1.19768,0.441108411875379
4992,1.19792,-0.398772635936827
4993,1.19816,0.235574997851347
4994,1.1984,0.138333060394559
4995,1.19864,-0.887235854128557
4996,1.19888,0.260709633374431
4997,1.19912,-0.151377825794099
4998,1.19936,-0.659585578291341
4999,1.1996,-0.691056178298484
5000,1.19984,-0.457146524769269
5001,1.20008,-0.574145502372078
5002,1.20032,-0.933272777121193
5003,1.20056,-0.6663396492591
5004,1.2008,-0.405750129918141
5005,1.20104,-1.21708810803496
5006,1.20128,-0.685870326288262
5007,1.20152,-1.00877456628761
5008,1.20176,-1.07129016081587
5009,1.202,-1.37044387243946
5010,1.20224,-1.55223373823167
5011,1.20248,-1.11828852291787
5012,1.20272,-1.64248784905982
5013,1.20296,-1.32644101400525
5014,1.2032,-1.73208175832656
5015,1.20344,-1.41387207219214
5016,1.20368,-1.93360963730746
5017,1.20392,-1.37834028521818
5018,1.20416,-2.02105641487846
5019,1.2044,-1.81977874918957
5020,1.20464,-2.22672955248431
5021,1.20488,-1.91351080382954
5022,1.20512,-1.83843618887432
5023,1.20536,-2.13379079352125
5024,1.2056,-2.54730919572549
5025,1.20584,-2.24144021749899
5026,1.20608,-1.95205823205789
5027,1.20632,-2.26013761852501
5028,1.20656,-2.21866933270724
5029,1.2068,-2.66819571346436
5030,1.20704,-2.1502637930203
5031,1.20728,-2.37821556073951
5032,1.20752,-3.08607301676291
5033,1.20776,-2.11209877119586
5034,1.208,-2.73240138832867
5035,1.20824,-2.97936154937895
5036,1.20848,-2.17087074999294
5037,1.20872,-3.17711821308482
5038,1.20896,-2.85399858653159
5039,1.2092,-2.33170390825315
5040,1.20944,-2.88381026324161
5041,1.20968,-2.49650851639093
5042,1.20992,-2.7376985771491
5043,1.21016,-2.72594264498362
5044,1.2104,-2.74988227551117
5045,1.21064,-3.74813621281328
5046,1.21088,-2.57862796510459
5047,1.21112,-2.65873741090627
5048,1.21136,-3.69599951880552
5049,1.2116,-2.9377787520166
5050,1.21184,-2.46973906725286
5051,1.21208,-3.19684149540183
5052,1.21232,-2.86516587954154
5053,1.21256,-3.41510717894925
5054,1.2128,-3.22977398222338
5055,1.21304,-2.25542775797333
5056,1.21328,-2.75257500541831
5057,1.21352,-3.25320478984954
5058,1.21376,-3.03102070606163
5059,1.214,-2.50949347502461
5060,1.21424,-3.19876173761543
5061,1.21448,-3.64878572206621
5062,1.21472,-2.45362267036323
5063,1.21496,-3.33139848263385
5064,1.2152,-3.35873032378786
5065,1.21544,-2.48209066439198
5066,1.21568,-3.30528434315681
5067,1.21592,-2.9223745281305
5068,1.21616,-2.24306649688395
5069,1.2164,-3.02841447388082
5070,1.21664,-3.07948054391229
5071,1.21688,-2.46914151172336
5072,1.21712,-3.43403811678058
5073,1.21736,-2.36262208666219
5074,1.2176,-2.67636731609213
5075,1.21784,-3.33764428782308
5076,1.21808,-1.87705364267424
5077,1.21832,-2.97883601240793
5078,1.21856,-2.86867079529514
5079,1.2188,-1.97889360173472
5080,1.21904,-3.26458560942489
5081,1.21928,-2.27660876624319
5082,1.21952,-2.43012633477879
5083,1.21976,-2.80957575834552
5084,1.22,-1.7950790786161
5085,1.22024,-2.61388125689404
5086,1.22048,-2.8205054766212
5087,1.22072,-1.76173318409219
5088,1.22096,-2.30965346506184
5089,1.2212,-2.59335945038443
5090,1.22144,-1.72690534695574
5091,1.22168,-2.10831849848545
5092,1.22192,-2.58612892504061
5093,1.22216,-1.78227064429676
5094,1.2224,-1.63169383935276
5095,1.22264,-2.43475631289593
5096,1.22288,-1.58923795150921
5097,1.22312,-1.63332614334803
5098,1.22336,-1.42186713579635
5099,1.2236,-1.27690776551166
5100,1.22384,-1.85213061070678
5101,1.22408,-1.35027360632805
5102,1.22432,-1.03039953593508
5103,1.22456,-1.67320382890345
5104,1.2248,-1.9532031125734
5105,1.22504,-0.965816510795047
5106,1.22528,-1.07656436613403
5107,1.22552,-1.30573219123169
5108,1.22576,-0.271138401702315
5109,1.226,-1.41102743227552
5110,1.22624,-1.09750194167204
5111,1.22648,-0.475034049355496
5112,1.22672,-0.815816440860762
5113,1.22696,-0.578368475024085
5114,1.2272,-0.48931136110947
5115,1.22744,-0.876728549489203
5116,1.22768,-0.0980287189702962
5117,1.22792,-0.182717350842684
5118,1.22816,-0.259983086159925
5119,1.2284,0.230246360826939
5120,1.22864,-0.25494221736102
5121,1.22888,0.223056790062716
5122,1.22912,0.0612378918761931
5123,1.22936,-0.215878518636385
5124,1.2296,0.453429244130638
5125,1.22984,0.615459233283339
5126,1.23008,0.304040048990711
5127,1.23032,0.565440522564357
5128,1.23056,0.346364735115484
5129,1.2308,0.837056211341343
5130,1.23104,0.581414486378705
5131,1.23128,0.218571094380632
5132,1.23152,0.921821617268149
5133,1.23176,1.24313348539744
5134,1.232,1.0954216955014
5135,1.23224,0.806577040552562
5136,1.23248,1.11601521794097
5137,1.23272,1.30496642429881
5138,1.23296,1.24013423489452
5139,1.2332,1.29531300073363
5140,1.23344,1.58451550995321
5141,1.23368,1.8643230262033
5142,1.23392,1.1912607041387
5143,1.23416,1.83828327188809
5144,1.2344,1.63476473029433
5145,1.23464,1.91685611893601
5146,1.23488,1.59600565949024
5147,1.23512,1.63702128606862
5148,1.23536,1.67910608897988
5149,1.2356,2.32784275227543
5150,1.23584,1.65009874300656
5151,1.23608,2.05978344555979
5152,1.23632,1.99742527627523
5153,1.23656,2.16969047997067
5154,1.2368,2.23438709424946
5155,1.23704,2.18314837061309
5156,1.23728,2.1306587370734
5157,1.23752,2.45679862671313
5158,1.23776,2.42190302364989
5159,1.238,2.38828424607632
5160,1.23824,2.62042205524523
5161,1.23848,2.73120417553008
5162,1.23872,2.36627491471314
5163,1.23896,2.98992364982276
5164,1.2392,2.40239525179115
5165,1.23944,2.4428253145861
5166,1.23968,3.32997525102339
5167,1.23992,2.17856173518416
5168,1.24016,2.86653023368208
5169,1.2404,3.29755879961596
5170,1.24064,2.19351399577611
5171,1.24088,3.16060368262022
5172,1.24112,3.03195953735086
5173,1.24136,2.10224672738017
5174,1.2416,2.99434679720528
5175,1.24184,2.91164873810045
5176,1.24208,2.62763777841606
5177,1.24232,3.4592386187518
5178,1.24256,3.42472699055802
5179,1.2428,2.11180096504984
5180,1.24304,3.57997879110858
5181,1.24328,3.35804091383313
5182,1.24352,2.69566256962172
5183,1.24376,2.44529402962636
5184,1.244,3.62435158927901
5185,1.24424,2.42796760942035
5186,1.24448,2.95364189335929
5187,1.24472,3.47613445149336
5188,1.24496,2.68514216885275
5189,1.2452,2.9138793341707
5190,1.24544,3.61935021251741
5191,1.24568,2.53332490253241
5192,1.24592,2.8324122145971
5193,1.24616,3.72829982859184
5194,1.2464,2.36920151632311
5195,1.24664,2.86194221187193
5196,1.24688,3.5884089050431
5197,1.24712,2.52592052732128
5198,1.24736,2.72730130650271
5199,1.2476,3.64175773676219
5200,1.24784,2.53394404145037
5201,1.24808,2.45341328568312
5202,1.24832,3.44747586822704
5203,1.24856,2.53012550022514
5204,1.2488,2.52294485275816
5205,1.24904,3.22348109224135
5206,1.24928,1.92253798091054
5207,1.24952,2.94279543406104
5208,1.24976,2.74509437952798
5209,1.25,1.7743476764845
5210,1.25024,3.10248048209707
5211,1.25048,2.26547102445358
5212,1.25072,2.10069179276587
5213,1.25096,3.12522084379741
5214,1.2512,2.01387698507864
5215,1.25144,1.92847002147457
5216,1.25168,2.90687809658412
5217,1.25192,1.87097147076141
5218,1.25216,1.86061607255386
5219,1.2524,2.43204637195881
5220,1.25264,1.48248743489316
5221,1.25288,2.48760749824049
5222,1.25312,2.16603825758805
5223,1.25336,1.29245040410594
5224,1.2536,2.37298796188978
5225,1.25384,1.88336378035505
5226,1.25408,1.20820730999076
5227,1.25432,1.04889130722141
5228,1.25456,1.97695480867374
5229,1.2548,1.93974690611557
5230,1.25504,0.969527654936954
5231,1.25528,0.783633098283615
5232,1.25552,1.91696042162767
5233,1.25576,1.4864790787192
5234,1.256,0.758246177558978
5235,1.25624,0.996950629341537
5236,1.25648,1.83732751194659
5237,1.25672,0.797691579760334
5238,1.25696,0.976954361634988
5239,1.2572,0.677317773621338
5240,1.25744,0.0622536089853585
5241,1.25768,1.02160263466372
5242,1.25792,0.65508252620209
5243,1.25816,-0.0214262122388613
5244,1.2584,0.989499027584203
5245,1.25864,0.440363336691398
5246,1.25888,0.0514679075134221
5247,1.25912,0.259408730252409
5248,1.25936,0.134460390508029
5249,1.2596,0.147028253018088
5250,1.25984,-0.20371601936876
5251,1.26008,-0.156572899190613
5252,1.26032,0.129575711451743
5253,1.26056,-0.771853586055951
5254,1.2608,-0.326497681005578
5255,1.26104,-0.00998736557762148
5256,1.26128,-0.750369328830192
5257,1.26152,-0.756789959340522
5258,1.26176,-0.526792305317763
5259,1.262,-0.871447037692195
5260,1.26224,-0.731945466528799
5261,1.26248,-1.19064379673691
5262,1.26272,-0.907606773541448
5263,1.26296,-0.871432331024736
5264,1.2632,-1.18525188590038
5265,1.26344,-1.00234383786029
5266,1.26368,-1.31359132821936
5267,1.26392,-1.24753878575446
5268,1.26416,-1.41647097312169
5269,1.2644,-1.22765679684287
5270,1.26464,-1.87132077212485
5271,1.26488,-1.31304794432292
5272,1.26512,-1.95555777600727
5273,1.26536,-1.27569625764167
5274,1.2656,-1.91856439633806
5275,1.26584,-1.60354685819474
5276,1.26608,-2.24472323166097
5277,1.26632,-1.80644786533522
5278,1.26656,-2.09519750774967
5279,1.2668,-2.26556291720978
5280,1.26704,-2.06883948368754
5281,1.26728,-2.00522275741316
5282,1.26752,-2.070222256637
5283,1.26776,-2.24883076071793
5284,1.268,-1.96034279158244
5285,1.26824,-2.52602414203564
5286,1.26848,-2.48184353375838
5287,1.26872,-2.460241364041
5288,1.26896,-2.44606295374194
5289,1.2692,-2.42459437080908
5290,1.26944,-2.54989578569941
5291,1.26968,-2.67720514763619
5292,1.26992,-2.32929453711367
5293,1.27016,-2.96856939869352
5294,1.2704,-2.51745328386763
5295,1.27064,-2.5766169394644
5296,1.27088,-3.36248707043871
5297,1.27112,-2.58145049015541
5298,1.27136,-2.80365499093528
5299,1.2716,-3.50586784879402
5300,1.27184,-2.29761522372731
5301,1.27208,-2.9314898788869
5302,1.27232,-3.30791195683443
5303,1.27256,-2.15646728988792
5304,1.2728,-3.30506042512255
5305,1.27304,-3.12768361360477
5306,1.27328,-2.28011640757114
5307,1.27352,-3.47213284448663
5308,1.27376,-2.75508405835456
5309,1.274,-2.92503059873257
5310,1.27424,-3.9326985426882
5311,1.27448,-2.6645330978179
5312,1.27472,-2.2922579942091
5313,1.27496,-2.79237522215188
5314,1.2752,-3.29004214182517
5315,1.27544,-3.78804023870217
5316,1.27568,-2.39825659796358
5317,1.27592,-2.86011222028962
5318,1.27616,-3.5532505273464
5319,1.2764,-2.57693025969829
5320,1.27664,-2.86325584236168
5321,1.27688,-3.50763981261234
5322,1.27712,-3.06933033861129
5323,1.27736,-2.58159337937659
5324,1.2776,-3.54387401229481
5325,1.27784,-2.35312366063924
5326,1.27808,-2.90138704733378
5327,1.27832,-3.67952239770323
5328,1.27856,-2.09101071565852
5329,1.2788,-3.07001667954945
5330,1.27904,-2.95081130364508
5331,1.27928,-2.2944569096273
5332,1.27952,-3.21428536793608
5333,1.27976,-2.45410344154584
5334,1.28,-2.48224922687501
5335,1.28024,-3.34350462740132
5336,1.28048,-1.95212327174644
5337,1.28072,-2.77373191229115
5338,1.28096,-2.74008047384496
5339,1.2812,-1.68399013113497
5340,1.28144,-3.04893354999848
5341,1.28168,-2.24782723153852
5342,1.28192,-1.88021605773639
5343,1.28216,-2.94755918797663
5344,1.2824,-2.10577191877023
5345,1.28264,-1.81175319044141
5346,1.28288,-2.94952764187048
5347,1.28312,-1.94587407300193
5348,1.28336,-1.6072079026141
5349,1.2836,-2.81804248510423
5350,1.28384,-1.88590346018447
5351,1.28408,-1.73439272689572
5352,1.28432,-2.05303720213928
5353,1.28456,-1.21398760256919
5354,1.2848,-2.32236943573104
5355,1.28504,-1.0366739927065
5356,1.28528,-1.49694878160329
5357,1.28552,-1.59053539886236
5358,1.28576,-1.6865395459307
5359,1.286,-0.512031711110207
5360,1.28624,-1.40859866248114
5361,1.28648,-1.69574985202333
5362,1.28672,-0.333440340875146
5363,1.28696,-1.41022941750045
5364,1.2872,-0.917829420039834
5365,1.28744,-0.357749758215917
5366,1.28768,-0.539662097375205
5367,1.28792,-1.55874501813981
5368,1.28816,-0.560936670246785
5369,1.2884,-0.319725281936816
5370,1.28864,-1.39430870355217
5371,1.28888,-0.215018142977911
5372,1.28912,-0.3765643947947
5373,1.28936,-0.781732939321596
5374,1.2896,-0.144611116543909
5375,1.28984,-0.345459202006685
5376,1.29008,-0.325190582521956
5377,1.29032,-0.0915792154369421
5378,1.29056,0.0271822170479039
5379,1.2908,0.112962672719535
5380,1.29104,0.305511453128279
5381,1.29128,-0.0987844205937387
5382,1.29152,0.309667222591574
5383,1.29176,0.229806229181532
5384,1.292,0.748288008429699
5385,1.29224,0.396935581910644
5386,1.29248,0.409102666577457
5387,1.29272,1.00927791056854
5388,1.29296,0.507549139104934
5389,1.2932,0.496792437819604
5390,1.29344,1.18803732997748
5391,1.29368,1.14831331851797
5392,1.29392,0.866276621294106
5393,1.29416,1.1728220029704
5394,1.2944,1.12017847252445
5395,1.29464,1.421008176071
5396,1.29488,1.10941623946542
5397,1.29512,1.1636531484051
5398,1.29536,1.33603639571815
5399,1.2956,1.37726970455736
5400,1.29584,1.78213668659828
5401,1.29608,1.46689692473846
5402,1.29632,1.50649996078727
5403,1.29656,1.54733127618863
5404,1.2968,1.83112736566611
5405,1.29704,1.75268885064755
5406,1.29728,1.67126356936437
5407,1.29752,2.32438015589167
5408,1.29776,2.01172790710207
5409,1.298,1.57826707716882
5410,1.29824,2.00727394947371
5411,1.29848,2.67155832572758
5412,1.29872,2.00961251859869
5413,1.29896,2.21427863606612
5414,1.2992,2.76968566062294
5415,1.29944,2.01201113753307
5416,1.29968,2.59779766885652
5417,1.29992,2.81021623041558
5418,1.30016,2.08617758721664
5419,1.3004,3.05076089062053
5420,1.30064,2.5706782890868
5421,1.30088,2.48503356668052
5422,1.30112,2.86939499150757
5423,1.30136,2.55519255046029
5424,1.3016,2.85983900782058
5425,1.30184,2.67550203226234
5426,1.30208,2.64816849316589
5427,1.30232,3.46571196524849
5428,1.30256,2.4901138750194
5429,1.3028,2.86778325339819
5430,1.30304,2.99188728437853
5431,1.30328,2.67222934934938
5432,1.30352,3.58345309370293
5433,1.30376,2.67665761419187
5434,1.304,2.53797346750825
5435,1.30424,3.7189394519568
5436,1.30448,3.3379735424447
5437,1.30472,2.4081012504089
5438,1.30496,3.43176659941113
5439,1.3052,3.46628541906322
5440,1.30544,2.46290452352848
5441,1.30568,2.46684254239568
5442,1.30592,2.96736227487186
5443,1.30616,3.58243986052644
5444,1.3064,2.41164431703786
5445,1.30664,2.74177061068646
5446,1.30688,3.43079914504322
5447,1.30712,2.6811584763387
5448,1.30736,2.71760523661162
5449,1.3076,3.35600407329907
5450,1.30784,3.51071691000624
5451,1.30808,2.51808998994764
5452,1.30832,3.34777006682108
5453,1.30856,3.09380723080862
5454,1.3088,2.42492624361089
5455,1.30904,3.33070667257717
5456,1.30928,2.78889730428263
5457,1.30952,2.43717042779717
5458,1.30976,3.29522405244628
5459,1.31,2.7067782817971
5460,1.31024,2.42864718556166
5461,1.31048,3.352561392766
5462,1.31072,2.48410090132019
5463,1.31096,2.5236958790666
5464,1.3112,3.26895765755742
5465,1.31144,2.01123197484351
5466,1.31168,2.84049350313868
5467,1.31192,2.45615153994434
5468,1.31216,2.01994343129428
5469,1.3124,3.02322616553904
5470,1.31264,2.3531745522555
5471,1.31288,1.63502167602096
5472,1.31312,3.08026913739365
5473,1.31336,2.24576759972481
5474,1.3136,1.47508561198389
5475,1.31384,2.75819845836166
5476,1.31408,1.89312512337665
5477,1.31432,2.0396627666799
5478,1.31456,2.53058620876399
5479,1.3148,1.85811008108824
5480,1.31504,1.23754162607531
5481,1.31528,2.54682348041304
5482,1.31552,1.81741108946346
5483,1.31576,1.14047073336013
5484,1.316,1.09921279592426
5485,1.31624,1.90231940326793
5486,1.31648,1.62526299534555
5487,1.31672,1.0530258113187
5488,1.31696,1.32602852176876
5489,1.3172,2.08215439909993
5490,1.31744,0.472380875333573
5491,1.31768,1.29470664627963
5492,1.31792,1.39186326668345
5493,1.31816,0.0834766186985932
5494,1.3184,1.09847806885582
5495,1.31864,1.26236548590766
5496,1.31888,0.481641267567944
5497,1.31912,0.352064740630322
5498,1.31936,1.29750841173972
5499,1.3196,0.106048757292371
5500,1.31984,0.382123930901086
5501,1.32008,0.773799646074906
5502,1.32032,-0.115181803458519
5503,1.32056,0.567829121279995
5504,1.3208,0.291927463722337
5505,1.32104,-0.184726172571441
5506,1.32128,0.534018614770032
5507,1.32152,-0.167439714719987
5508,1.32176,-0.244997054097999
5509,1.322,-0.326031775290817
5510,1.32224,-0.37487991103458
5511,1.32248,-0.298853512866402
5512,1.32272,-0.58458132896929
5513,1.32296,-0.599006930916427
5514,1.3232,-0.257963579018896
5515,1.32344,-0.864182075864342
5516,1.32368,-0.846819359274505
5517,1.32392,-0.596317108303328
5518,1.32416,-1.05675805872262
5519,1.3244,-1.01448073653427
5520,1.32464,-0.984029305783392
5521,1.32488,-1.17829316707656
5522,1.32512,-1.11788601086799
5523,1.32536,-1.18354052496501
5524,1.3256,-1.2398204595469
5525,1.32584,-1.28757207673883
5526,1.32608,-1.22165793149256
5527,1.32632,-1.27163840373698
5528,1.32656,-1.31223988695599
5529,1.3268,-1.95473055307926
5530,1.32704,-1.39552007088453
5531,1.32728,-1.6739805731069
5532,1.32752,-1.96028382319673
5533,1.32776,-1.99994313329249
5534,1.328,-2.03969038331253
5535,1.32824,-1.73121238951989
5536,1.32848,-2.38028023331727
5537,1.32872,-2.06441954968647
5538,1.32896,-2.12233194308454
5539,1.3292,-2.18154083312047
5540,1.32944,-1.76241422127256
5541,1.32968,-2.44320029970533
5542,1.32992,-2.15343890292152
5543,1.33016,-1.87621907588522
5544,1.3304,-2.81663282340965
5545,1.33064,-2.18431016381667
5546,1.33088,-2.17657199755081
5547,1.33112,-3.13875964809409
5548,1.33136,-2.17126695384343
5549,1.3316,-2.55918052072064
5550,1.33184,-3.1793471680917
5551,1.33208,-2.0127708815631
5552,1.33232,-2.91637766947222
5553,1.33256,-3.32891598938003
5554,1.3328,-2.2012675704308
5555,1.33304,-3.02668911030665
5556,1.33328,-3.11642392856814
5557,1.33352,-2.40780150298023
5558,1.33376,-3.01070513020803
5559,1.334,-2.5549993539266
5560,1.33424,-2.98080221252511
5561,1.33448,-3.7462471975866
5562,1.33472,-2.37151810765071
5563,1.33496,-2.61202246764973
5564,1.3352,-3.67783955747721
5565,1.33544,-3.30978371748815
5566,1.33568,-2.27077267192364
5567,1.33592,-3.52167332295009
5568,1.33616,-3.44708411197993
5569,1.3364,-2.33637464679187
5570,1.33664,-2.71175636394511
5571,1.33688,-3.20932221031393
5572,1.33712,-3.70804284146548
5573,1.33736,-2.65852753924895
5574,1.3376,-2.63985960617293
5575,1.33784,-3.34405191188361
5576,1.33808,-3.32185629903277
5577,1.33832,-2.51650814495351
5578,1.33856,-3.41107447214469
5579,1.3388,-2.73966299726605
5580,1.33904,-2.49559062563081
5581,1.33928,-3.45959490717386
5582,1.33952,-2.73494068622538
5583,1.33976,-2.44326976254531
5584,1.34,-3.35558578451432
5585,1.34024,-2.70383886500954
5586,1.34048,-2.12360738533152
5587,1.34072,-3.23773208688492
5588,1.34096,-2.66148334768636
5589,1.3412,-2.2781174333447
5590,1.34144,-3.45407954129756
5591,1.34168,-2.35879516341395
5592,1.34192,-2.65002229427368
5593,1.34216,-2.92285998164198
5594,1.3424,-1.68864370720272
5595,1.34264,-3.00764455897071
5596,1.34288,-2.51413684215804
5597,1.34312,-2.08514604536929
5598,1.34336,-2.976054838416
5599,1.3436,-1.85679242633118
5600,1.34384,-2.35190520835491
5601,1.34408,-2.82858785810933
5602,1.34432,-1.9055908357172
5603,1.34456,-1.87782512083909
5604,1.3448,-2.91133571308797
5605,1.34504,-1.92774484138105
5606,1.34528,-1.49075525547094
5607,1.34552,-2.72813370238096
5608,1.34576,-1.93708401259307
5609,1.346,-1.20523703447392
5610,1.34624,-2.28573080951957
5611,1.34648,-1.92090777746832
5612,1.34672,-1.36817124453647
5613,1.34696,-1.10558658660164
5614,1.3472,-1.20976940651042
5615,1.34744,-2.03651307609672
5616,1.34768,-1.31054128732682
5617,1.34792,-1.00821666780855
5618,1.34816,-1.19254091485253
5619,1.3484,-1.85804783421451
5620,1.34864,-0.647426642084489
5621,1.34888,-1.25663381680295
5622,1.34912,-1.02339972584685
5623,1.34936,-0.238558039850572
5624,1.3496,-0.560214958891327
5625,1.34984,-1.23637708588945
5626,1.35008,-0.491499262207163
5627,1.35032,-0.385063681431036
5628,1.35056,-1.2361496174208
5629,1.3508,-0.312893006750122
5630,1.35104,-0.496047305710142
5631,1.35128,-0.552092135889066
5632,1.35152,0.557542091371367
5633,1.35176,-0.514943362237054
5634,1.352,-0.136105313620219
5635,1.35224,0.561828814408226
5636,1.35248,-0.426398237918495
5637,1.35272,0.266073249013541
5638,1.35296,0.441055113335091
5639,1.3532,-0.102007337992068
5640,1.35344,0.546023958579557
5641,1.35368,0.806336510445379
5642,1.35392,0.592516170377121
5643,1.35416,0.596110941700067
5644,1.3544,0.590555279048139
5645,1.35464,0.827720688448039
5646,1.35488,0.563616319176044
5647,1.35512,0.890239968534222
5648,1.35536,0.981031822563349
5649,1.3556,0.93376679471913
5650,1.35584,1.12594658836658
5651,1.35608,1.07419922836674
5652,1.35632,1.13103160057557
5653,1.35656,1.18969230567329
5654,1.3568,1.36308889836939
5655,1.35704,1.52643451377488
5656,1.35728,1.56789586161315
5657,1.35752,1.61220675697629
5658,1.35776,1.65281705282878
5659,1.358,1.81646084838154
5660,1.35824,1.4994950468805
5661,1.35848,1.90222728040664
5662,1.35872,1.7030213634529
5663,1.35896,1.99017085564696
5664,1.3592,1.91851602637146
5665,1.35944,1.96173468828772
5666,1.35968,2.2559339244874
5667,1.35992,2.31113154260509
5668,1.36016,1.76531306341205
5669,1.3604,1.96044007338825
5670,1.36064,2.87384548337354
5671,1.36088,2.46349441975012
5672,1.36112,2.07792065931441
5673,1.36136,2.53165041301218
5674,1.3616,2.26555771821108
5675,1.36184,2.6269272741992
5676,1.36208,2.62251643108825
5677,1.36232,2.26900455352104
5678,1.36256,3.01887393009623
5679,1.3628,2.43894213652168
5680,1.36304,2.61243345907339
5681,1.36328,3.38755698204079
5682,1.36352,2.36468023124565
5683,1.36376,2.94336209108268
5684,1.364,3.26753822768992
5685,1.36424,2.29788631993987
5686,1.36448,3.39388580554079
5687,1.36472,2.9170888465001
5688,1.36496,2.60137582502328
5689,1.3652,3.73481648681032
5690,1.36544,3.0599599051559
5691,1.36568,2.66822957353839
5692,1.36592,3.38571788885976
5693,1.36616,3.12680977688161
5694,1.3664,2.54620753119074
5695,1.36664,3.43925514055554
5696,1.36688,3.23562684921118
5697,1.36712,2.2402052012802
5698,1.36736,3.07585626471837
5699,1.3676,3.66320352866637
5700,1.36784,2.2376211180236
5701,1.36808,3.02198738918062
5702,1.36832,3.55878949838075
5703,1.36856,2.66166589453662
5704,1.3688,2.67399790322798
5705,1.36904,3.40814555338243
5706,1.36928,2.94673229750784
5707,1.36952,2.54560407046628
5708,1.36976,3.35019885886642
5709,1.37,3.31160054312235
5710,1.37024,2.37007390222767
5711,1.37048,3.13378327448364
5712,1.37072,2.92781114135481
5713,1.37096,2.17953407250223
5714,1.3712,2.9050970094046
5715,1.37144,3.37680504767279
5716,1.37168,1.85324693220297
5717,1.37192,3.01033064247263
5718,1.37216,3.19040990393
5719,1.3724,1.98777440787807
5720,1.37264,3.21012899460009
5721,1.37288,2.39102931214464
5722,1.37312,2.48021740498396
5723,1.37336,3.03204047191966
5724,1.3736,1.82673405725857
5725,1.37384,2.71055027675532
5726,1.37408,2.49695144115831
5727,1.37432,2.10421795698006
5728,1.37456,2.78871971733807
5729,1.3748,1.71063606270605
5730,1.37504,2.47760228315109
5731,1.37528,2.3871572005776
5732,1.37552,1.39853700756205
5733,1.37576,2.58540957254598
5734,1.376,2.09081141911373
5735,1.37624,1.2972298117858
5736,1.37648,2.32469786947146
5737,1.37672,2.14330214827276
5738,1.37696,1.28980954044552
5739,1.3772,1.56365111184211
5740,1.37744,2.05897091985325
5741,1.37768,0.797802401503318
5742,1.37792,1.49672081425015
5743,1.37816,2.18932402967839
5744,1.3784,1.68511202154026
5745,1.37864,1.01129932598637
5746,1.37888,1.19014976899173
5747,1.37912,2.08649287744784
5748,1.37936,0.25406857939828
5749,1.3796,1.46356134125093
5750,1.37984,1.22078207240505
5751,1.38008,0.191257733667498
5752,1.38032,1.09840637968719
5753,1.38056,1.27198372762784
5754,1.3808,0.414217679667175
5755,1.38104,0.646565703850923
5756,1.38128,1.00256025269482
5757,1.38152,0.443837003925848
5758,1.38176,0.604476263058932
5759,1.382,0.055167345197529
5760,1.38224,0.386424642814014
5761,1.38248,0.587932823738822
5762,1.38272,-0.502246951721792
5763,1.38296,-0.127847803152272
5764,1.3832,0.361282930437147
5765,1.38344,-0.559842901644741
5766,1.38368,-0.151846719087587
5767,1.38392,-0.0981512438086143
5768,1.38416,-0.501283595828624
5769,1.3844,-0.546168401009685
5770,1.38464,-0.327449290349116
5771,1.38488,-0.458306648403464
5772,1.38512,-0.830022485857774
5773,1.38536,-0.933909629108323
5774,1.3856,-0.677992159077327
5775,1.38584,-0.899427566988184
5776,1.38608,-0.980580807230856
5777,1.38632,-0.820921903307547
5778,1.38656,-1.13785391220921
5779,1.3868,-1.19833965563357
5780,1.38704,-1.38912471143692
5781,1.38728,-1.08297851046556
5782,1.38752,-1.73162543479854
5783,1.38776,-1.31035508189086
5784,1.388,-1.4731690793819
5785,1.38824,-1.75594578231733
5786,1.38848,-1.44079542558867
5787,1.38872,-2.08434840412069
5788,1.38896,-1.64219657979373
5789,1.3892,-1.92545981299916
5790,1.38944,-1.85005586376299
5791,1.38968,-1.88784489063357
5792,1.38992,-2.29304592959771
5793,1.39016,-1.85980286170675
5794,1.3904,-1.78588705068176
5795,1.39064,-2.32688228712461
5796,1.39088,-2.02361135665376
5797,1.39112,-1.60285904435494
5798,1.39136,-2.52340575974824
5799,1.3916,-2.47342306192729
5800,1.39184,-2.07149789082781
5801,1.39208,-2.65156355684237
5802,1.39232,-2.50689025139955
5803,1.39256,-2.12683596825615
5804,1.3928,-2.97307369858103
5805,1.39304,-2.60937219119037
5806,1.39328,-2.15056991405047
5807,1.39352,-3.14509936169651
5808,1.39376,-2.45107790408761
5809,1.394,-2.63323967400771
5810,1.39424,-3.16573436819784
5811,1.39448,-2.39511063050714
5812,1.39472,-2.73643964902192
5813,1.39496,-3.30766941886892
5814,1.3952,-2.69922965479338
5815,1.39544,-2.9676758030192
5816,1.39568,-2.98020948122058
5817,1.39592,-2.66351562395889
5818,1.39616,-3.3434887467388
5819,1.3964,-3.04284341736493
5820,1.39664,-2.66626581345225
5821,1.39688,-3.72784440252266
5822,1.39712,-3.11603576736902
5823,1.39736,-2.68138107002536
5824,1.3976,-3.67848991850069
5825,1.39784,-3.007717207152
5826,1.39808,-2.38865673596842
5827,1.39832,-2.64464512133252
5828,1.39856,-3.1446466405756
5829,1.3988,-3.75929363451821
5830,1.39904,-2.24578653208015
5831,1.39928,-2.94343158851993
5832,1.39952,-3.63309686211112
5833,1.39976,-2.41558681728416
5834,1.4,-2.93906850074987
5835,1.40024,-3.57557337494211
5836,1.40048,-2.89475018463853
5837,1.40072,-2.88126224854507
5838,1.40096,-3.59042054046753
5839,1.4012,-2.51127629523758
5840,1.40144,-2.69663623547324
5841,1.40168,-3.59353876625647
5842,1.40192,-2.35033509821973
5843,1.40216,-2.6141148255223
5844,1.4024,-3.4627477855714
5845,1.40264,-1.94272018947213
5846,1.40288,-2.99318139079776
5847,1.40312,-2.94177686631043
5848,1.40336,-2.1129070780398
5849,1.4036,-3.34130939509124
5850,1.40384,-2.17610585931469
5851,1.40408,-2.6310293231266
5852,1.40432,-2.71541228248387
5853,1.40456,-1.77463999332224
5854,1.4048,-3.13252626172404
5855,1.40504,-2.21179267328644
5856,1.40528,-1.84054088499391
5857,1.40552,-3.023702828916
5858,1.40576,-1.94246431569893
5859,1.406,-2.12483064258384
5860,1.40624,-2.53056360598608
5861,1.40648,-1.54040117322724
5862,1.40672,-2.2752337853985
5863,1.40696,-2.38838371935815
5864,1.4072,-1.35169045350685
5865,1.40744,-2.3896207773485
5866,1.40768,-2.3335795290701
5867,1.40792,-1.24440302061207
5868,1.40816,-2.35324487298883
5869,1.4084,-1.77136113520027
5870,1.40864,-0.649142177777612
5871,1.40888,-1.47866864631462
5872,1.40912,-1.58415913313916
5873,1.40936,-2.17398635766817
5874,1.4096,-0.415376410359267
5875,1.40984,-1.33113673507887
5876,1.41008,-1.75923006148092
5877,1.41032,-0.292696204065422
5878,1.41056,-1.14741774167411
5879,1.4108,-1.63407851223309
5880,1.41104,-0.360070694519084
5881,1.41128,-0.56280494591621
5882,1.41152,-0.880371611948272
5883,1.41176,-0.374237159185827
5884,1.412,-0.389864554422351
5885,1.41224,-1.00175345913325
5886,1.41248,-0.550038168427134
5887,1.41272,-0.494412349371902
5888,1.41296,-0.548767636366222
5889,1.4132,0.325812216674855
5890,1.41344,-0.384476410784685
5891,1.41368,-0.00699403778360841
5892,1.41392,0.211111798364392
5893,1.41416,-0.410004393655266
5894,1.4144,0.516972553272652
5895,1.41464,0.0954954362248115
5896,1.41488,-0.200803856217211
5897,1.41512,0.55757207235757
5898,1.41536,0.348320919799053
5899,1.4156,0.491300566823714
5900,1.41584,0.612605157750095
5901,1.41608,0.503419655924007
5902,1.41632,0.849865451872763
5903,1.41656,0.699808499293616
5904,1.4168,0.679051326105529
5905,1.41704,1.12907827405407
5906,1.41728,1.0784585521562
5907,1.41752,1.39940450203516
5908,1.41776,1.2192652480239
5909,1.418,1.28139237549423
5910,1.41824,1.33681934462022
5911,1.41848,1.3844108699575
5912,1.41872,1.66856693138385
5913,1.41896,1.35565851530078
5914,1.4192,1.76092939900191
5915,1.41944,1.20277099770209
5916,1.41968,1.60738169927701
5917,1.41992,1.89202010914145
5918,1.42016,1.57190655211174
5919,1.4204,1.73048016724387
5920,1.42064,2.02061916598785
5921,1.42088,2.42259330826392
5922,1.42112,2.1041179150287
5923,1.42136,1.9241399737001
5924,1.4216,2.57883181222364
5925,1.42184,2.15249584275523
5926,1.42208,2.22317834234489
5927,1.42232,2.41526682722545
5928,1.42256,2.13062734027821
5929,1.4228,2.46175507586077
5930,1.42304,2.30747892129694
5931,1.42328,2.53646172127974
5932,1.42352,2.52591960285032
5933,1.42376,2.15757139335318
5934,1.424,2.89865535802546
5935,1.42424,2.78880810285553
5936,1.42448,2.34304438427823
5937,1.42472,3.35111201923652
5938,1.42496,2.19278263638213
5939,1.4252,2.75564461253294
5940,1.42544,3.43439243245357
5941,1.42568,2.44050658090844
5942,1.42592,3.04770213531854
5943,1.42616,3.40036452633532
5944,1.4264,2.3363086431235
5945,1.42664,3.22821827332521
5946,1.42688,3.14199871701652
5947,1.42712,2.37547368004158
5948,1.42736,3.67264307322947
5949,1.4276,3.1527340469997
5950,1.42784,2.08276423265971
5951,1.42808,3.5456395832649
5952,1.42832,2.73960646142209
5953,1.42856,3.41795229107606
5954,1.4288,3.47229069498435
5955,1.42904,2.49388575530599
5956,1.42928,2.988976127559
5957,1.42952,3.47940538172162
5958,1.42976,3.4945386394283
5959,1.43,2.36210770624315
5960,1.43024,2.94678929074517
5961,1.43048,3.64237476675481
5962,1.43072,2.32224577865041
5963,1.43096,2.97483173615943
5964,1.4312,3.73512480215766
5965,1.43144,2.58926009445327
5966,1.43168,2.94787779433818
5967,1.43192,3.66151407856534
5968,1.43216,2.0073130266867
5969,1.4324,2.92182536777009
5970,1.43264,3.58364993305695
5971,1.43288,2.11847337390003
5972,1.43312,2.98398989099366
5973,1.43336,3.23327955861075
5974,1.4336,1.97828722919767
5975,1.43384,3.15098741735735
5976,1.43408,2.75353435251633
5977,1.43432,2.30636753564602
5978,1.43456,3.2954417038881
5979,1.4348,2.02783579373301
5980,1.43504,2.73548558093348
5981,1.43528,2.70809650086688
5982,1.43552,1.77784551931171
5983,1.43576,3.14576164035084
5984,1.436,2.23458015014871
5985,1.43624,1.8724185693555
5986,1.43648,3.06422373028335
5987,1.43672,1.99256628011752
5988,1.43696,1.71121084484752
5989,1.4372,2.97650840295119
5990,1.43744,1.85570560738186
5991,1.43768,1.76727784250259
5992,1.43792,2.37964150702631
5993,1.43816,1.58817148364018
5994,1.4384,2.16077171779375
5995,1.43864,1.76287884835095
5996,1.43888,1.18278038837406
5997,1.43912,2.16107183587546
5998,1.43936,1.13607857636046
5999,1.4396,0.995212099979834
6000,1.43984,1.93946235776219
6001,1.44008,1.67912590513745
6002,1.44032,0.513888523213606
6003,1.44056,1.4206866161505
6004,1.4408,1.59795993884026
6005,1.44104,0.947235879001671
6006,1.44128,0.72135831481181
6007,1.44152,1.09305747631392
6008,1.44176,0.992797273659476
6009,1.442,0.577623532113494
6010,1.44224,0.885631948035706
6011,1.44248,0.841726982661338
6012,1.44272,0.36242464257605
6013,1.44296,0.967345390530945
6014,1.4432,0.387180277656598
6015,1.44344,0.318005312220745
6016,1.44368,0.966979586171292
6017,1.44392,-0.0305541599584949
6018,1.44416,0.183989052972209
6019,1.4444,0.521493611389408
6020,1.44464,0.055531838440422
6021,1.44488,0.303950139336445
6022,1.44512,-0.506147317965453
6023,1.44536,0.147713530089718
6024,1.4456,-0.287729894641932
6025,1.44584,-0.445945975485314
6026,1.44608,0.229818421053156
6027,1.44632,-0.761473103669331
6028,1.44656,-0.409103367536178
6029,1.4468,-0.302794427310516
6030,1.44704,-1.01439306255861
6031,1.44728,-0.87876958822815
6032,1.44752,-0.617808406187296
6033,1.44776,-1.30282204844736
6034,1.448,-0.910279028103321
6035,1.44824,-1.22496885872826
6036,1.44848,-1.28715977257681
6037,1.44872,-1.23494274606359
6038,1.44896,-0.928926063884614
6039,1.4492,-1.57936814238474
6040,1.44944,-1.2766247257202
6041,1.44968,-1.44185490874181
6042,1.44992,-1.84468102985456
6043,1.45016,-1.28866685313328
6044,1.4504,-1.93360691385705
6045,1.45064,-1.61116286777552
6046,1.45088,-2.01415770046247
6047,1.45112,-1.69758554227183
6048,1.45136,-1.85665405320217
6049,1.4516,-2.14126656721354
6050,1.45184,-1.82806900812528
6051,1.45208,-1.87452585113023
6052,1.45232,-2.29306191972272
6053,1.45256,-1.99236255109752
6054,1.4528,-2.28734953281417
6055,1.45304,-2.24199921681387
6056,1.45328,-2.44258615720662
6057,1.45352,-2.39546919900533
6058,1.45376,-2.48906888259846
6059,1.454,-2.47067494336782
6060,1.45424,-2.44805006225553
6061,1.45448,-2.57206985083992
6062,1.45472,-2.81523924773276
6063,1.45496,-2.45852681021433
6064,1.4552,-2.61448408281884
6065,1.45544,-3.1296064851257
6066,1.45568,-2.80376393762852
6067,1.45592,-2.63718292327508
6068,1.45616,-2.82205373596143
6069,1.4564,-2.54835396054355
6070,1.45664,-3.14161362523658
6071,1.45688,-2.76137653868987
6072,1.45712,-2.66016139494943
6073,1.45736,-3.64931362001448
6074,1.4576,-2.59204927093245
6075,1.45784,-2.42592300142832
6076,1.45808,-3.58353460335416
6077,1.45832,-3.17609038327357
6078,1.45856,-2.4611975344231
6079,1.4588,-3.66845273441428
6080,1.45904,-3.43246149389305
6081,1.45928,-2.29085775055369
6082,1.45952,-3.55405720665111
6083,1.45976,-2.9088986014091
6084,1.46,-2.55091343657325
6085,1.46024,-3.05309084300209
6086,1.46048,-3.55204057961437
6087,1.46072,-2.9777787216459
6088,1.46096,-2.47093984440279
6089,1.4612,-3.17347978288872
6090,1.46144,-3.7531353848839
6091,1.46168,-2.2092678174069
6092,1.46192,-2.8758328023711
6093,1.46216,-3.65539843217341
6094,1.4624,-2.41587032917284
6095,1.46264,-2.79339682169381
6096,1.46288,-3.52349357308334
6097,1.46312,-2.46871493823794
6098,1.46336,-2.67616288409069
6099,1.4636,-3.7132933190656
6100,1.46384,-2.25480210826284
6101,1.46408,-2.89403932575575
6102,1.46432,-3.03555683455606
6103,1.46456,-2.15370450149708
6104,1.4648,-3.21513922191794
6105,1.46504,-2.47060095869485
6106,1.46528,-2.39381925460406
6107,1.46552,-3.3909163695086
6108,1.46576,-2.01229135179144
6109,1.466,-2.72914070215296
6110,1.46624,-2.59358899606233
6111,1.46648,-2.03663591668222
6112,1.46672,-3.28483177287766
6113,1.46696,-2.03109674273925
6114,1.4672,-2.27781215531554
6115,1.46744,-2.86753013702256
6116,1.46768,-1.82056247889503
6117,1.46792,-2.02671883413027
6118,1.46816,-2.69455716075526
6119,1.4684,-1.60191275532054
6120,1.46864,-1.76460545349597
6121,1.46888,-2.26790013982843
6122,1.46912,-1.37334109730369
6123,1.46936,-2.19877591027681
6124,1.4696,-1.8129806078686
6125,1.46984,-1.36205685349859
6126,1.47008,-2.34570060560735
6127,1.47032,-0.975487489770627
6128,1.47056,-1.43661193036777
6129,1.4708,-1.89822396903617
6130,1.47104,-2.00301881564478
6131,1.47128,-0.727321860942321
6132,1.47152,-1.27540494177378
6133,1.47176,-1.46205074576515
6134,1.472,-0.350270137731492
6135,1.47224,-0.965716267561801
6136,1.47248,-1.45393266418139
6137,1.47272,-0.285646669419691
6138,1.47296,-0.963984098067127
6139,1.4732,-1.02753575079074
6140,1.47344,-0.174528291666095
6141,1.47368,-0.537215650586434
6142,1.47392,-1.13543515052835
6143,1.47416,-0.213542839419386
6144,1.4744,-0.503731431250291
6145,1.47464,-0.318787485343815
6146,1.47488,0.0678549113219147
6147,1.47512,-0.270696439315238
6148,1.47536,-0.259037263457811
6149,1.4756,-0.0397050389254585
6150,1.47584,-0.170909496652699
6151,1.47608,0.272628245093139
6152,1.47632,-0.0244138139750742
6153,1.47656,0.403855094116594
6154,1.4768,0.440393654475092
6155,1.47704,0.58941270773149
6156,1.47728,0.379908471022215
6157,1.47752,0.743189324676156
6158,1.47776,0.390910980120988
6159,1.478,0.984798923690648
6160,1.47824,0.59642414767521
6161,1.47848,0.579015891403979
6162,1.47872,1.02870819623837
6163,1.47896,0.738914418148293
6164,1.4792,0.941187845252791
6165,1.47944,1.48497237985851
6166,1.47968,0.940779246686419
6167,1.47992,1.0059183939069
6168,1.48016,1.41619374906471
6169,1.4804,1.45895061316131
6170,1.48064,1.62640675424882
6171,1.48088,1.31178283293378
6172,1.48112,1.35669868522605
6173,1.48136,1.39677330408651
6174,1.4816,1.80070293882374
6175,1.48184,1.8404577392687
6176,1.48208,2.00042717188389
6177,1.48232,1.80777842111517
6178,1.48256,2.20907826895347
6179,1.4828,1.77319707217086
6180,1.48304,2.43300368667233
6181,1.48328,1.88705076545462
6182,1.48352,1.70700375507567
6183,1.48376,2.3798041170182
6184,1.484,2.44174196364622
6185,1.48424,1.92149666384241
6186,1.48448,2.85271191253537
6187,1.48472,2.09272203932909
6188,1.48496,2.0799679535142
6189,1.4852,2.79300257689396
6190,1.48544,2.54133393176723
6191,1.48568,2.20347112679976
6192,1.48592,2.81815558502195
6193,1.48616,2.48452657854779
6194,1.4864,2.5382327995333
6195,1.48664,2.70178802743386
6196,1.48688,2.65505360618052
6197,1.48712,2.97990691870245
6198,1.48736,2.93666551863273
6199,1.4876,2.81391772520168
6200,1.48784,3.29163457187298
6201,1.48808,2.58002878601634
6202,1.48832,2.99167407268103
6203,1.48856,3.62385513627437
6204,1.4888,2.59896669024129
6205,1.48904,2.8203935597965
6206,1.48928,3.75271305609592
6207,1.48952,2.77813355333294
6208,1.48976,3.40891280406023
6209,1.49,3.18657443758765
6210,1.49024,2.99415666164821
6211,1.49048,3.68134778002094
6212,1.49072,2.91047534280657
6213,1.49096,2.44798992494787
6214,1.4912,2.96363623983769
6215,1.49144,3.71045505869171
6216,1.49168,2.43198188764706
6217,1.49192,2.89659169619272
6218,1.49216,3.59521629614796
6219,1.4924,2.38633847939897
6220,1.49264,2.91813353940818
6221,1.49288,3.56264187594636
6222,1.49312,2.8895210819337
6223,1.49336,2.88344241030983
6224,1.4936,3.59972353351429
6225,1.49384,2.29522911302556
6226,1.49408,2.72994259290362
6227,1.49432,3.63271206800353
6228,1.49456,2.39513621348192
6229,1.4948,2.78372172000589
6230,1.49504,3.39315264470377
6231,1.49528,2.00414889023359
6232,1.49552,2.94262171099662
6233,1.49576,3.02056169767482
6234,1.496,1.95686323478775
6235,1.49624,3.1993974984088
6236,1.49648,2.27949901648309
6237,1.49672,2.50284101171972
6238,1.49696,2.83583014455491
6239,1.4972,1.77814055188772
6240,1.49744,3.02454403455249
6241,1.49768,2.58403772303163
6242,1.49792,1.48503810560448
6243,1.49816,2.93117826939735
6244,1.4984,2.32909503372909
6245,1.49864,1.30848886806131
6246,1.49888,2.82973806130748
6247,1.49912,1.83476273454201
6248,1.49936,1.73937517868472
6249,1.4996,2.35011668609239
6250,1.49984,1.55763784498829
6251,1.50008,1.78009667352178
6252,1.50032,2.33755443069157
6253,1.50056,1.49121857690605
6254,1.5008,1.06019275878162
6255,1.50104,1.82643872140425
6256,1.50128,0.925211865714062
6257,1.50152,0.924323726833472
6258,1.50176,1.88840665280875
6259,1.502,1.41009611260624
6260,1.50224,0.991222448343211
6261,1.50248,1.77819493339809
6262,1.50272,1.60263368270688
6263,1.50296,0.885374679977362
6264,1.5032,1.01927391306667
6265,1.50344,0.914237814213908
6266,1.50368,0.377826569284604
6267,1.50392,0.577650579004614
6268,1.50416,1.61294281487014
6269,1.5044,0.399146855126419
6270,1.50464,0.41420717267929
6271,1.50488,1.14424358429056
6272,1.50512,0.342091748857061
6273,1.50536,0.409664841229173
6274,1.5056,0.590782139003563
6275,1.50584,-0.518257180979192
6276,1.50608,0.439587657169774
6277,1.50632,0.0660436776977107
6278,1.50656,-0.508398561354995
6279,1.5068,0.479358429828778
6280,1.50704,-0.444337938235558
6281,1.50728,-0.496662627968547
6282,1.50752,0.0465101659820852
6283,1.50776,-0.709906818448684
6284,1.508,-0.380311775952242
6285,1.50824,-0.517838313188635
6286,1.50848,-0.756460629864983
6287,1.50872,-0.642513143812667
6288,1.50896,-0.625538848554546
6289,1.5092,-0.717962514542666
6290,1.50944,-0.697083198008395
6291,1.50968,-1.37956995315591
6292,1.50992,-0.725334016835573
6293,1.51016,-1.04714001362708
6294,1.5104,-1.10723196310081
6295,1.51064,-1.16855547934408
6296,1.51088,-1.34404800971002
6297,1.51112,-1.39029291672886
6298,1.51136,-1.19491474491515
6299,1.5116,-1.84156882579058
6300,1.51184,-1.28563856891096
6301,1.51208,-1.44961727555029
6302,1.51232,-1.49084239634335
6303,1.51256,-2.01370871655626
6304,1.5128,-1.57250211447938
6305,1.51304,-1.73268405645858
6306,1.51328,-2.26243435163827
6307,1.51352,-1.82617191618887
6308,1.51376,-1.87467644933634
6309,1.514,-2.05394417714877
6310,1.51424,-1.98958147322529
6311,1.51448,-1.93395154719533
6312,1.51472,-2.6065322215554
6313,1.51496,-1.95242984155726
6314,1.5152,-1.79875571687286
6315,1.51544,-2.7352109396993
6316,1.51568,-2.58021792663926
6317,1.51592,-2.21396699463235
6318,1.51616,-2.80581863451202
6319,1.5164,-2.44165100374194
6320,1.51664,-2.34821952956277
6321,1.51688,-2.7230120246157
6322,1.51712,-2.64024580715927
6323,1.51736,-2.69393859598711
6324,1.5176,-2.62212685352173
6325,1.51784,-2.82696944285368
6326,1.51808,-2.90854380596973
6327,1.51832,-2.75441672711414
6328,1.51856,-2.99803685210079
6329,1.5188,-3.23558680779854
6330,1.51904,-2.53398305807746
6331,1.51928,-3.07561204841679
6332,1.51952,-3.59185725098241
6333,1.51976,-2.69810714883168
6334,1.52,-3.28883814380811
6335,1.52024,-3.37128695382232
6336,1.52048,-2.89076801621853
6337,1.52072,-3.8849353012484
6338,1.52096,-3.30007836037533
6339,1.5212,-2.7599398679289
6340,1.52144,-3.93154001330395
6341,1.52168,-2.33982563798362
6342,1.52192,-2.84549715153711
6343,1.52216,-3.35277208177061
6344,1.5224,-3.73609736467783
6345,1.52264,-2.36162621841006
6346,1.52288,-2.95517945478072
6347,1.52312,-3.54244917496325
6348,1.52336,-2.57751739824201
6349,1.5236,-3.11185521217081
6350,1.52384,-3.63484474914839
6351,1.52408,-2.15975150791585
6352,1.52432,-2.89083675668704
6353,1.52456,-3.49018201255687
6354,1.5248,-2.08973559218204
6355,1.52504,-3.00857969892095
6356,1.52528,-3.43405265478211
6357,1.52552,-2.22348208445371
6358,1.52576,-2.74081762639634
6359,1.526,-3.36410534069158
6360,1.52624,-2.22007480598854
6361,1.52648,-2.8101846232168
6362,1.52672,-3.02201251157495
6363,1.52696,-1.96831199082583
6364,1.5272,-3.22039692052912
6365,1.52744,-2.43031578335918
6366,1.52768,-2.30601876574859
6367,1.52792,-3.25368569296352
6368,1.52816,-1.95233916919687
6369,1.5284,-2.6234021486033
6370,1.52864,-2.55706268072514
6371,1.52888,-1.47535226091255
6372,1.52912,-2.93007906271912
6373,1.52936,-2.21531397046625
6374,1.5296,-1.32811788198845
6375,1.52984,-2.73779215123193
6376,1.53008,-2.22289803374322
6377,1.53032,-1.28437008066683
6378,1.53056,-2.41811866129345
6379,1.5308,-2.32946044325722
6380,1.53104,-1.45069508299716
6381,1.53128,-1.58718476023947
6382,1.53152,-2.29700015201288
6383,1.53176,-1.60102781499107
6384,1.532,-0.599961612034012
6385,1.53224,-1.65912420509107
6386,1.53248,-1.86934139541688
6387,1.53272,-0.784062628193524
6388,1.53296,-1.07039199274691
6389,1.5332,-1.95862515997483
6390,1.53344,-1.17514404115238
6391,1.53368,-0.452564011164164
6392,1.53392,-1.17465204578753
6393,1.53416,-1.53707352542405
6394,1.5344,-0.864163603615995
6395,1.53464,-1.16022963157267
6396,1.53488,-0.738304321571896
6397,1.53512,-0.128227322247151
6398,1.53536,-1.2043937537073
6399,1.5356,-0.481123549349728
6400,1.53584,-0.163694465253503
6401,1.53608,-1.0427173133013
6402,1.53632,0.095180578363796
6403,1.53656,-0.116013349799299
6404,1.5368,-0.56235184866898
6405,1.53704,0.27934473566609
6406,1.53728,-0.087083047390649
6407,1.53752,-0.102445517617801
6408,1.53776,0.332412360794919
6409,1.538,0.0515004823578349
6410,1.53824,0.34587316048574
6411,1.53848,0.386831021442002
6412,1.53872,0.431410265280976
6413,1.53896,0.688029498890821
6414,1.5392,0.693882630971685
6415,1.53944,0.340168571604887
6416,1.53968,1.05512227625774
6417,1.53992,0.667787790966011
6418,1.54016,0.651303085315613
6419,1.5404,1.33769459913246
6420,1.54064,0.686418986841733
6421,1.54088,1.25216720210022
6422,1.54112,0.955700461952532
6423,1.54136,1.49316028828939
6424,1.5416,1.31293953177289
6425,1.54184,1.12597305037837
6426,1.54208,1.53111780671875
6427,1.54232,1.45601738214389
6428,1.54256,1.5049048454273
6429,1.5428,1.42787199295215
6430,1.54304,1.5907597526859
6431,1.54328,1.75208234796272
6432,1.54352,1.55134038528847
6433,1.54376,1.71066287937869
6434,1.544,2.23838694796788
6435,1.54424,1.68007235570245
6436,1.54448,1.61004529573213
6437,1.54472,2.26531421406046
6438,1.54496,2.31180217400137
6439,1.5452,2.2553434756441
6440,1.54544,1.96555954226974
6441,1.54568,2.27113803716263
6442,1.54592,2.35136837801171
6443,1.54616,2.43965770566384
6444,1.5464,2.64024541339603
6445,1.54664,2.4987984371371
6446,1.54688,2.4932806035231
6447,1.54712,2.48060282478305
6448,1.54736,2.61782363392977
6449,1.5476,2.75400106943336
6450,1.54784,2.41504671447229
6451,1.54808,2.94667779255679
6452,1.54832,2.62825176760241
6453,1.54856,2.33728600133886
6454,1.5488,3.38394679659252
6455,1.54904,2.49856238793292
6456,1.54928,2.62117881501886
6457,1.54952,3.09030484733632
6458,1.54976,2.38422381640935
6459,1.55,3.26554007415057
6460,1.55024,2.93521942934132
6461,1.55048,2.64425981263752
6462,1.55072,3.57822281838967
6463,1.55096,3.05318668244327
6464,1.5512,2.80755279740082
6465,1.55144,3.55470408868689
6466,1.55168,3.20125124045409
6467,1.55192,3.00441682107961
6468,1.55216,2.49928144107051
6469,1.5524,3.4227601151684
6470,1.55264,2.58302187004605
6471,1.55288,3.08943528010442
6472,1.55312,3.5958181535055
6473,1.55336,3.14480542823155
6474,1.5536,2.51974902696085
6475,1.55384,3.23158184000865
6476,1.55408,3.81811347601102
6477,1.55432,2.27467912806387
6478,1.55456,2.82889054734916
6479,1.5548,3.49419652474039
6480,1.55504,2.37707562549283
6481,1.55528,2.7618206959549
6482,1.55552,3.61461067077234
6483,1.55576,2.44019696455248
6484,1.556,2.53790171806111
6485,1.55624,3.47010851259755
6486,1.55648,2.49172922847019
6487,1.55672,2.6624631878555
6488,1.55696,3.41821130185851
6489,1.5572,1.92790097171904
6490,1.55744,3.00468859592982
6491,1.55768,2.74528961822631
6492,1.55792,2.31006816931462
6493,1.55816,3.44134231474667
6494,1.5584,2.06941035367195
6495,1.55864,2.67606444537615
6496,1.55888,2.90554712632348
6497,1.55912,1.74422999953838
6498,1.55936,2.89820318153323
6499,1.5596,2.24550497635352
6500,1.55984,1.5438824818881
6501,1.56008,3.0048678087439
6502,1.56032,2.18533868248723
6503,1.56056,1.42889098187958
6504,1.5608,2.7255267073422
6505,1.56104,1.87328780091593
6506,1.56128,2.03199850417965
6507,1.56152,2.53445587502939
6508,1.56176,1.8728946411901
6509,1.562,1.02298730128416
6510,1.56224,2.12430167212372
6511,1.56248,1.76772766095516
6512,1.56272,1.10635195969403
6513,1.56296,0.960468619914034
6514,1.5632,1.90082284998978
6515,1.56344,1.87521751258752
6516,1.56368,0.915936442777665
6517,1.56392,0.740345809923314
6518,1.56416,1.88336654494723
6519,1.5644,1.46199083390158
6520,1.56464,0.74229917828533
6521,1.56488,0.989004922620745
6522,1.56512,1.83686136977104
6523,1.56536,0.685212426927701
6524,1.5656,0.756296581934674
6525,1.56584,1.18699710232907
6526,1.56608,0.0986031337699803
6527,1.56632,0.353524222910709
6528,1.56656,1.32135142351137
6529,1.5668,0.158538800868802
6530,1.56704,0.107673150702404
6531,1.56728,1.0105110377707
6532,1.56752,-0.100054938861153
6533,1.56776,0.126236352762028
6534,1.568,0.474644916021615
6535,1.56824,-0.105437484454739
6536,1.56848,0.0321583731960702
6537,1.56872,-0.0429012735987204
6538,1.56896,-0.103330578940693
6539,1.5692,-0.28547158059145
6540,1.56944,-0.560857934126882
6541,1.56968,-0.468414119995712
6542,1.56992,-0.615802297292169
6543,1.57016,-0.614640285077274
6544,1.5704,-0.847943691945022
6545,1.57064,-0.240196100877422
6546,1.57088,-1.17929763967916
6547,1.57112,-0.668316573999416
6548,1.57136,-0.760751994705793
6549,1.5716,-1.43279000657744
6550,1.57184,-1.14423596671839
6551,1.57208,-0.848575306356715
6552,1.57232,-1.50826285206147
6553,1.57256,-0.954598874284251
6554,1.5728,-1.61801604311669
6555,1.57304,-1.30112387412788
6556,1.57328,-1.58374171188489
6557,1.57352,-1.62468826281321
6558,1.57376,-1.66814500943258
6559,1.574,-1.7037599165112
6560,1.57424,-1.50591271109442
6561,1.57448,-2.03034408154648
6562,1.57472,-1.71232146098658
6563,1.57496,-2.12106390525963
6564,1.5752,-1.80718107421723
6565,1.57544,-1.85412291241674
6566,1.57568,-2.15133699390353
6567,1.57592,-2.56643654239663
6568,1.57616,-2.14056172770393
6569,1.5764,-2.21546878488487
6570,1.57664,-2.5267351007867
6571,1.57688,-1.75967123990231
6572,1.57712,-2.09844546938488
6573,1.57736,-2.91384044236399
6574,1.5776,-2.40767557331419
6575,1.57784,-2.5307763528336
6576,1.57808,-2.76052079875255
6577,1.57832,-2.29638357027307
6578,1.57856,-2.9225448652627
6579,1.5788,-2.58568877856979
6580,1.57904,-2.8842361094171
6581,1.57928,-2.57226273993307
6582,1.57952,-2.52776070859221
6583,1.57976,-3.57588678400289
6584,1.58,-2.45898649858427
6585,1.58024,-2.94650664380818
6586,1.58048,-3.42223259972702
6587,1.58072,-2.24055029012117
6588,1.58096,-3.13214048639374
6589,1.5812,-3.64967995826172
6590,1.58144,-2.50913462949734
6591,1.58168,-2.61868275131916
6592,1.58192,-3.07242551976695
6593,1.58216,-2.83212825242065
6594,1.5824,-3.22507491010742
6595,1.58264,-3.36619669864837
6596,1.58288,-2.70469291798498
6597,1.58312,-2.45168980073432
6598,1.58336,-3.62640254702588
6599,1.5836,-2.42760203568945
6600,1.58384,-2.83358639693041
6601,1.58408,-3.59112258014053
6602,1.58432,-2.79178010815357
6603,1.58456,-2.77980471307912
6604,1.5848,-3.48769251740683
6605,1.58504,-2.87312228977058
6606,1.58528,-2.68771524739246
6607,1.58552,-3.58509597226076
6608,1.58576,-2.34227213055325
6609,1.586,-2.83115957011976
6610,1.58624,-3.55105454986385
6611,1.58648,-2.48646242165616
6612,1.58672,-2.68906126226301
6613,1.58696,-3.71864547552792
6614,1.5872,-2.13226962030762
6615,1.58744,-2.88694902102601
6616,1.58768,-3.02174541422817
6617,1.58792,-2.13351505724976
6618,1.58816,-3.30553044048824
6619,1.5884,-2.31730835745865
6620,1.58864,-2.47661995133182
6621,1.58888,-3.22341768561766
6622,1.58912,-1.84494586053105
6623,1.58936,-2.79509976001492
6624,1.5896,-2.77032821442756
6625,1.58984,-1.84263866820421
6626,1.59008,-3.21083010136232
6627,1.59032,-2.06979654089083
6628,1.59056,-2.31123537899946
6629,1.5908,-2.5340857972966
6630,1.59104,-1.60686314304883
6631,1.59128,-2.39830261645094
6632,1.59152,-2.45490785896714
6633,1.59176,-1.59879010902906
6634,1.592,-2.57236358664615
6635,1.59224,-2.0998124433576
6636,1.59248,-1.32423102557609
6637,1.59272,-2.497034813801
6638,1.59296,-1.75067617377375
6639,1.5932,-1.65496976797542
6640,1.59344,-2.02976943417135
6641,1.59368,-0.765669541967923
6642,1.59392,-1.23126255776753
6643,1.59416,-1.9358946365653
6644,1.5944,-1.55819895965198
6645,1.59464,-1.12297162776126
6646,1.59488,-1.4113019493545
6647,1.59512,-1.70236913954816
6648,1.59536,-0.966409961221676
6649,1.5956,-1.08174836441309
6650,1.59584,-1.44073977080435
6651,1.59608,-0.886657357372652
6652,1.59632,-1.05856749888786
6653,1.59656,-0.517867406217315
6654,1.5968,-0.14894378556181
6655,1.59704,-1.10202217354958
6656,1.59728,-0.375733040096888
6657,1.59752,-0.0571260488218859
6658,1.59776,-0.936805746270853
6659,1.598,0.0874011607359848
6660,1.59824,-0.363651310654469
6661,1.59848,-0.446085501962144
6662,1.59872,0.395912333912345
6663,1.59896,-0.331102329214187
6664,1.5992,0.0170412227178638
6665,1.59944,0.455327445408934
6666,1.59968,-0.183197635952399
6667,1.59992,0.234434947114175
6668,1.60016,0.633725442101032
6669,1.6004,0.19746955042489
6670,1.60064,0.816787063397155
6671,1.60088,0.590789996000198
6672,1.60112,0.3586292467575
6673,1.60136,1.06963874058734
6674,1.6016,0.812398907208085
6675,1.60184,0.431210138721899
6676,1.60208,1.11772110361665
6677,1.60232,0.959063748598834
6678,1.60256,1.15690935502939
6679,1.6028,1.09799650172598
6680,1.60304,1.04661809508398
6681,1.60328,1.46265323502626
6682,1.60352,1.14936936806535
6683,1.60376,1.3264764801252
6684,1.604,1.72627759099767
6685,1.60424,1.41130452825176
6686,1.60448,1.81490932519406
6687,1.60472,1.2581082439714
6688,1.60496,1.90143342739346
6689,1.6052,1.58677073140781
6690,1.60544,2.22822552066301
6691,1.60568,1.90725606046822
6692,1.60592,2.19525425607217
6693,1.60616,2.12429463044905
6694,1.6064,1.92908361207633
6695,1.60664,2.22870809195052
6696,1.60688,2.04751938160495
6697,1.60712,1.75013640075504
6698,1.60736,2.66879418232789
6699,1.6076,2.13854178404066
6700,1.60784,1.85825725226773
6701,1.60808,2.55738170753466
6702,1.60832,2.64558223959523
6703,1.60856,2.03903416998645
6704,1.6088,2.99850539929221
6705,1.60904,2.51324675018456
6706,1.60928,2.42236896919297
6707,1.60952,2.92077493805246
6708,1.60976,2.47531712312362
6709,1.61,2.77483984159722
6710,1.61024,2.7024615279697
6711,1.61048,2.54454689335178
6712,1.61072,3.5981135666425
6713,1.61096,2.48441930367021
6714,1.6112,2.61749256460215
6715,1.61144,3.46669442018069
6716,1.61168,2.75804845445939
6717,1.61192,2.2199101442569
6718,1.61216,3.36728428030092
6719,1.6124,3.0661884657009
6720,1.61264,2.44675045773682
6721,1.61288,3.77393516856002
6722,1.61312,3.04506140957864
6723,1.61336,2.48631015901215
6724,1.6136,3.73331756334916
6725,1.61384,3.4166257828018
6726,1.61408,2.54927642175488
6727,1.61432,2.79870694604395
6728,1.61456,3.29242313312179
6729,1.6148,3.78163763162661
6730,1.61504,2.14336688748075
6731,1.61528,2.72396581832159
6732,1.61552,3.30449869825181
6733,1.61576,3.04110342269911
6734,1.616,2.60119696249068
6735,1.61624,3.24986215351468
6736,1.61648,3.17514941274516
6737,1.61672,2.32174985258601
6738,1.61696,3.29147326135371
6739,1.6172,3.04361028234467
6740,1.61744,2.38374729481195
6741,1.61768,3.29896624889072
6742,1.61792,3.00444985996061
6743,1.61816,2.05238446811962
6744,1.6184,3.05295291004095
6745,1.61864,2.95330527264782
6746,1.61888,2.07784680517848
6747,1.61912,3.2620882417084
6748,1.61936,2.51823228746717
6749,1.6196,2.44335955942325
6750,1.61984,3.20140622700042
6751,1.62008,1.83368146081685
6752,1.62032,2.79409643263282
6753,1.62056,2.77911517558845
6754,1.6208,1.62110091259054
6755,1.62104,3.0077472099094
6756,1.62128,2.11397713781201
6757,1.62152,2.00799498453913
6758,1.62176,2.72764483534069
6759,1.622,1.68349266632522
6760,1.62224,2.48104162639402
6761,1.62248,2.42882436702756
6762,1.62272,1.46374058635701
6763,1.62296,2.22407770574166
6764,1.6232,2.36486117940067
6765,1.62344,1.58835236872003
6766,1.62368,1.93782040877927
6767,1.62392,2.26486375232788
6768,1.62416,1.67443638304095
6769,1.6244,0.77193475695552
6770,1.62464,1.58227299301171
6771,1.62488,1.66868182717154
6772,1.62512,2.1195924867614
6773,1.62536,0.685251826860746
6774,1.6256,1.22020612540942
6775,1.62584,1.62933260814166
6776,1.62608,0.853200557319303
6777,1.62632,0.617366546370406
6778,1.62656,1.58059289989407
6779,1.6268,1.22189766124982
6780,1.62704,0.55799144222663
6781,1.62728,0.86006227331042
6782,1.62752,1.05157967797505
6783,1.62776,0.68744812001459
6784,1.628,0.801381311403503
6785,1.62824,0.0873221551679797
6786,1.62848,0.260945924472862
6787,1.62872,0.90663858374317
6788,1.62896,-0.110648391407332
6789,1.6292,0.346813740559963
6790,1.62944,0.43516775492478
6791,1.62968,-0.401380038278612
6792,1.62992,0.330638199122159
6793,1.63016,-0.012932719560474
6794,1.6304,-0.443552513550937
6795,1.63064,0.0831052715042195
6796,1.63088,-0.326298617420667
6797,1.63112,-0.247253411408994
6798,1.63136,-0.766422797712993
6799,1.6316,-0.415635133344191
6800,1.63184,-0.0722443295636135
6801,1.63208,-0.794616485705755
6802,1.63232,-1.01788079535526
6803,1.63256,-0.159906911912793
6804,1.6328,-0.980177667761383
6805,1.63304,-1.05614811546157
6806,1.63328,-0.90196088765152
6807,1.63352,-1.09266939978588
6808,1.63376,-1.02993003265995
6809,1.634,-1.57921743930294
6810,1.63424,-1.14801848109911
6811,1.63448,-1.08330149223539
6812,1.63472,-1.2584234998885
6813,1.63496,-1.29871763883521
6814,1.6352,-1.7056179313887
6815,1.63544,-1.74654907163676
6816,1.63568,-2.02241307512806
6817,1.63592,-1.46369924797399
6818,1.63616,-2.10756967341304
6819,1.6364,-1.90313875324831
6820,1.63664,-1.58738040531737
6821,1.63688,-1.99886729875925
6822,1.63712,-2.04354440346126
6823,1.63736,-2.21878093478085
6824,1.6376,-1.91825789745473
6825,1.63784,-1.97571877756706
6826,1.63808,-2.40788094908137
6827,1.63832,-2.47853945369386
6828,1.63856,-1.82950648478242
6829,1.6388,-2.52849763034876
6830,1.63904,-2.25686683369857
6831,1.63928,-1.99819513421855
6832,1.63952,-2.95751620306986
6833,1.63976,-2.82444853692795
6834,1.64,-2.12028644233988
6835,1.64024,-2.86683893645938
6836,1.64048,-2.64664524053201
6837,1.64072,-2.58016879971748
6838,1.64096,-2.87007186737659
6839,1.6412,-2.57330278244595
6840,1.64144,-2.90778062841455
6841,1.64168,-2.51064009234826
6842,1.64192,-2.51428571483878
6843,1.64216,-3.47944222939143
6844,1.6424,-2.76076514713726
6845,1.64264,-2.21277624246055
6846,1.64288,-3.34697327372409
6847,1.64312,-3.15467562342279
6848,1.64336,-2.1675067068815
6849,1.6436,-3.59168190178732
6850,1.64384,-3.0922201789015
6851,1.64408,-3.00349960305791
6852,1.64432,-3.2664421949102
6853,1.64456,-2.95474461919574
6854,1.6448,-2.0894108848655
6855,1.64504,-3.75025027816784
6856,1.64528,-2.29935555066989
6857,1.64552,-3.05671012411974
6858,1.64576,-3.56774114537662
6859,1.646,-2.4306903542667
6860,1.64624,-3.13478954126521
6861,1.64648,-3.82298457782448
6862,1.64672,-2.37409781907881
6863,1.64696,-2.9064311085712
6864,1.6472,-3.78928200226051
6865,1.64744,-2.2906738324237
6866,1.64768,-2.77977190261047
6867,1.64792,-3.73211207770586
6868,1.64816,-2.30818945455328
6869,1.6484,-2.86560118430293
6870,1.64864,-3.52769112673516
6871,1.64888,-2.06477517896489
6872,1.64912,-3.16629364747736
6873,1.64936,-2.81241044491682
6874,1.6496,-2.40471752835687
6875,1.64984,-3.5607373728939
6876,1.65008,-2.09440339750207
6877,1.65032,-2.72918847999346
6878,1.65056,-2.98333663068255
6879,1.6508,-1.85072029645436
6880,1.65104,-3.03118114100662
6881,1.65128,-2.40166363303931
6882,1.65152,-2.19903887047618
6883,1.65176,-3.06994558715451
6884,1.652,-2.04840595168504
6885,1.65224,-2.2858761802412
6886,1.65248,-2.86698138750907
6887,1.65272,-1.69054325013171
6888,1.65296,-2.47881817706035
6889,1.6532,-2.17379059707672
6890,1.65344,-1.45333037325934
6891,1.65368,-3.01324560118583
6892,1.65392,-2.05531279040829
6893,1.65416,-1.2784997591471
6894,1.6544,-2.43856992582533
6895,1.65464,-1.79780997784621
6896,1.65488,-0.976289718062042
6897,1.65512,-2.20035562657749
6898,1.65536,-1.17342173422033
6899,1.6556,-1.15698527040122
6900,1.65584,-1.85476130540085
6901,1.65608,-2.07367825590302
6902,1.65632,-1.02625255767599
6903,1.65656,-1.55676351188243
6904,1.6568,-1.48359795049267
6905,1.65704,-0.371692673713802
6906,1.65728,-1.33845927684202
6907,1.65752,-1.57555576888601
6908,1.65776,-0.513257219824758
6909,1.658,-0.579774703399366
6910,1.65824,-1.60086981964833
6911,1.65848,-0.607909626894682
6912,1.65872,-0.605788550795418
6913,1.65896,-0.83919281096303
6914,1.6592,-0.0281923524202837
6915,1.65944,-0.556203659420275
6916,1.65968,-0.12351304353383
6917,1.65992,0.146009053636147
6918,1.66016,-0.779326651281803
6919,1.6604,0.31724474619129
6920,1.66064,-0.174401586625775
6921,1.66088,-0.180494388672397
6922,1.66112,0.500186373367755
6923,1.66136,-0.261235231802365
6924,1.6616,0.286086875233726
6925,1.66184,0.568532843678259
6926,1.66208,0.493121900221547
6927,1.66232,0.513181865744223
6928,1.66256,0.410293176272227
6929,1.6628,0.421979888451109
6930,1.66304,1.01201007319704
6931,1.66328,0.876383246910315
6932,1.66352,0.496359870470999
6933,1.66376,0.945007298099903
6934,1.664,1.0233389339575
6935,1.66424,1.22773828379492
6936,1.66448,0.926983046499242
6937,1.66472,0.998463550519999
6938,1.66496,1.41560527417623
6939,1.6652,1.10367884880481
6940,1.66544,1.15689786617691
6941,1.66568,1.21020678448446
6942,1.66592,1.73083795345404
6943,1.66616,1.41636711518846
6944,1.6664,1.93982291416587
6945,1.66664,1.61668145758448
6946,1.66688,2.01901058546069
6947,1.66712,1.70179711721176
6948,1.66736,1.74388006207177
6949,1.6676,1.66784592814586
6950,1.66784,2.31834670767171
6951,1.66808,2.12263182545841
6952,1.66832,1.70063031725739
6953,1.66856,2.36280553572673
6954,1.6688,2.29790510104493
6955,1.66904,2.25173058498895
6956,1.66928,2.45152159775088
6957,1.66952,2.40363667882417
6958,1.66976,2.6158183519607
6959,1.67,2.35528383259549
6960,1.67024,2.21310342457371
6961,1.67048,2.81650367444149
6962,1.67072,2.45246769505994
6963,1.67096,2.22655135566321
6964,1.6712,3.21926889044149
6965,1.67144,2.28231683501181
6966,1.67168,2.58230188323035
6967,1.67192,3.35836208830275
6968,1.67216,2.8193498957227
6969,1.6724,2.44019969094614
6970,1.67264,2.77006078824584
6971,1.67288,2.52555163950226
6972,1.67312,3.62650545433665
6973,1.67336,2.67559919506585
6974,1.6736,2.85057880788216
6975,1.67384,3.73754911442472
6976,1.67408,2.59747871855841
6977,1.67432,2.46581544086756
6978,1.67456,3.65358136956052
6979,1.6748,3.27920332285525
6980,1.67504,2.35570890556315
6981,1.67528,3.61121174432158
6982,1.67552,3.53211205331319
6983,1.67576,2.30463798928838
6984,1.676,2.79215798738309
6985,1.67624,3.28261836970624
6986,1.67648,3.76867409967413
6987,1.67672,2.12733942951065
6988,1.67696,2.70496747144101
6989,1.6772,3.28262058752643
6990,1.67744,3.01643584572002
6991,1.67768,2.57382816378892
6992,1.67792,3.21987894511581
6993,1.67816,3.26156260290906
6994,1.6784,2.64015605444879
6995,1.67864,3.46892481514685
6996,1.67888,2.62250579909107
6997,1.67912,2.44577673464572
6998,1.67936,3.23618840796599
6999,1.6796,2.81895851172403
7000,1.67984,2.47047092863566
7001,1.68008,3.33163106015929
7002,1.68032,2.51263353843891
7003,1.68056,2.71890373721278
7004,1.6808,3.27560957177135
7005,1.68104,1.83258899655768
7006,1.68128,3.06761753314046
7007,1.68152,2.73271790979646
7008,1.68176,2.10119622044706
7009,1.682,3.39514637597277
7010,1.68224,2.18323537260242
7011,1.68248,2.35561069266167
7012,1.68272,2.7517542151379
7013,1.68296,1.63631517633201
7014,1.6832,2.47810930686768
7015,1.68344,2.71150294273771
7016,1.68368,1.66551361588626
7017,1.68392,2.34732873338562
7018,1.68416,2.64886923350029
7019,1.6844,1.67476781686883
7020,1.68464,2.30469618426612
7021,1.68488,2.43835691734354
7022,1.68512,1.53485308800087
7023,1.68536,1.40592265642861
7024,1.6856,2.58985100477636
7025,1.68584,1.85996643928807
7026,1.68608,1.42394221738627
7027,1.68632,1.14897467521424
7028,1.68656,1.60299850610345
7029,1.6868,2.0559800544812
7030,1.68704,1.32292012030347
7031,1.68728,0.899279173529631
7032,1.68752,1.6818216887734
7033,1.68776,1.620278746137
7034,1.688,0.414834163645766
7035,1.68824,0.670146205038475
7036,1.68848,1.52191923021266
7037,1.68872,0.468786692772677
7038,1.68896,0.42668215954448
7039,1.6892,1.46130231687079
7040,1.68944,0.469816523598017
7041,1.68968,0.479731482552079
7042,1.68992,0.843458368390611
7043,1.69016,0.271221103184284
7044,1.6904,0.096416688827107
7045,1.69064,0.756696132068061
7046,1.69088,0.353016503172965
7047,1.69112,0.102294586643701
7048,1.69136,0.204409268612329
7049,1.6916,-0.140557805453447
7050,1.69184,0.120510068480424
7051,1.69208,-0.331911070450442
7052,1.69232,-0.14818526524816
7053,1.69256,0.0232509690792571
7054,1.6928,-0.742895346069156
7055,1.69304,-0.646193566821779
7056,1.69328,-0.314744334006743
7057,1.69352,-0.557428839121564
7058,1.69376,-0.207358494330024
7059,1.694,-0.923358192810023
7060,1.69424,-0.532734386622483
7061,1.69448,-0.637313539479224
7062,1.69472,-0.962175400540085
7063,1.69496,-1.03859947680257
7064,1.6952,-1.23481515173253
7065,1.69544,-0.935511288430149
7066,1.69568,-1.11734882233073
7067,1.69592,-1.29499383057136
7068,1.69616,-1.5832269310467
7069,1.6964,-1.40510351161255
7070,1.69664,-1.32129117317667
7071,1.69688,-1.84645949424027
7072,1.69712,-1.40949144088804
7073,1.69736,-1.21078052752209
7074,1.6976,-1.73639521866064
7075,1.69784,-1.78212131728399
7076,1.69808,-2.18095080609748
7077,1.69832,-1.862610040198
7078,1.69856,-1.91127414364452
7079,1.6988,-1.95892270984495
7080,1.69904,-2.12893669800393
7081,1.69928,-2.1885616913002
7082,1.69952,-2.12630335054995
7083,1.69976,-2.06687680379256
7084,1.7,-2.50483294381869
7085,1.70024,-2.21646348705718
7086,1.70048,-2.18334603429602
7087,1.70072,-2.99990648550807
7088,1.70096,-2.24870698729145
7089,1.7012,-2.48754395354724
7090,1.70144,-2.95738497295688
7091,1.70168,-1.88573060135882
7092,1.70192,-2.87503268412905
7093,1.70216,-2.88934218610413
7094,1.7024,-2.21802994720868
7095,1.70264,-3.11150474859238
7096,1.70288,-2.80492191734145
7097,1.70312,-2.65822870399038
7098,1.70336,-2.86055685014243
7099,1.7036,-2.48466826603785
7100,1.70384,-3.3418857246057
7101,1.70408,-3.10278520876732
7102,1.70432,-2.41553977566187
7103,1.70456,-3.19935593941493
7104,1.7048,-2.89159104551446
7105,1.70504,-2.6140886546748
7106,1.70528,-3.57109738784292
7107,1.70552,-3.06218482186502
7108,1.70576,-2.71766922949644
7109,1.706,-3.25242026677079
7110,1.70624,-3.76178504730118
7111,1.70648,-2.74543670357647
7112,1.70672,-2.37656256602808
7113,1.70696,-2.75739830442561
7114,1.7072,-3.37293573554604
7115,1.70744,-3.51074415493199
7116,1.70768,-2.37481913425858
7117,1.70792,-2.95443188380578
7118,1.70816,-3.6460059493443
7119,1.7084,-2.31622015510495
7120,1.70864,-2.73360132709657
7121,1.70888,-3.50306236505514
7122,1.70912,-2.71419707511949
7123,1.70936,-2.7141604418019
7124,1.7096,-3.66886691952854
7125,1.70984,-2.12796241500142
7126,1.71008,-2.91989181759058
7127,1.71032,-3.69677460891003
7128,1.71056,-2.10833276145289
7129,1.7108,-2.97176926327118
7130,1.71104,-3.21612915583833
7131,1.71128,-2.19859244215242
7132,1.71152,-3.35829097181457
7133,1.71176,-2.47923301176912
7134,1.712,-2.51107583621031
7135,1.71224,-3.24686303387307
7136,1.71248,-1.97882719289911
7137,1.71272,-2.80274404024705
7138,1.71296,-2.64568339802829
7139,1.7132,-1.71419251092322
7140,1.71344,-3.08086158294587
7141,1.71368,-2.28021325154252
7142,1.71392,-1.91173250413055
7143,1.71416,-3.09701761748246
7144,1.7144,-1.90021544724872
7145,1.71464,-1.84867417046294
7146,1.71488,-2.75458175426334
7147,1.71512,-1.99074651864168
7148,1.71536,-1.53229993501472
7149,1.7156,-2.74930824584964
7150,1.71584,-1.5846621385805
7151,1.71608,-1.68210122092192
7152,1.71632,-2.47901299712181
7153,1.71656,-1.74228682761193
7154,1.7168,-1.06019021191075
7155,1.71704,-1.48938066000553
7156,1.71728,-1.91659147659967
7157,1.71752,-1.98761658636017
7158,1.71776,-1.03835607676656
7159,1.718,-1.66227535460628
7160,1.71824,-0.968447501967507
7161,1.71848,-0.810233696510535
7162,1.71872,-1.73332952876671
7163,1.71896,-1.21655960065816
7164,1.7192,-0.759895064714602
7165,1.71944,-0.907084967485221
7166,1.71968,-1.42046901446212
7167,1.71992,-0.659535998108343
7168,1.72016,-0.987964339793089
7169,1.7204,-0.477451546715062
7170,1.72064,-0.371087631153281
7171,1.72088,-0.867406829749433
7172,1.72112,0.0639645097391321
7173,1.72136,-0.60540031427547
7174,1.7216,-0.543468569692968
7175,1.72184,0.564489498443991
7176,1.72208,-0.509535472762738
7177,1.72232,-0.014844341062229
7178,1.72256,0.440135640175295
7179,1.7228,-0.543863418275496
7180,1.72304,0.49809459318422
7181,1.72328,0.434284091920012
7182,1.72352,0.0152659416706875
7183,1.72376,0.410176033212181
7184,1.724,0.673062083700449
7185,1.72424,0.340361482784225
7186,1.72448,0.941973251895745
7187,1.72472,0.701654436266406
7188,1.72496,0.452409640187792
7189,1.7252,0.906194473731125
7190,1.72544,0.767365334890364
7191,1.72568,0.966586108502416
7192,1.72592,0.798197816835713
7193,1.72616,0.875341285153429
7194,1.7264,1.53793425639238
7195,1.72664,0.87188135224946
7196,1.72688,1.54095694762211
7197,1.72712,1.22718969327479
7198,1.72736,1.39589496649754
7199,1.7276,1.79946344696361
7200,1.72784,1.48254827134659
7201,1.72808,1.88457474483781
7202,1.72832,1.68754880255401
7203,1.72856,1.73080746653945
7204,1.7288,2.01444906946857
7205,1.72904,1.81167628186422
7206,1.72928,2.09982572061127
7207,1.72952,2.02659233695441
7208,1.72976,1.95032261706418
7209,1.73,2.1255901508938
7210,1.73024,2.06750376704432
7211,1.73048,2.24436037745409
7212,1.73072,2.18972545673214
7213,1.73096,2.39132886379441
7214,1.7312,2.46353617119133
7215,1.73144,2.55567791728018
7216,1.73168,2.29659010661297
7217,1.73192,2.39037430533768
7218,1.73216,2.62969000633658
7219,1.7324,2.63306075468435
7220,1.73264,2.27824723614397
7221,1.73288,3.03325134144101
7222,1.73312,2.45672552118056
7223,1.73336,2.50810583194748
7224,1.7336,3.40613646714785
7225,1.73384,2.86300120193653
7226,1.73408,2.3618757646375
7227,1.73432,3.42586357362357
7228,1.73456,3.04018017363765
7229,1.7348,2.10013011224506
7230,1.73504,3.20687072601416
7231,1.73528,3.22580724882146
7232,1.73552,2.20823612032096
7233,1.73576,3.36832611687603
7234,1.736,3.19404435711855
7235,1.73624,2.22082202915535
7236,1.73648,3.42695383255758
7237,1.73672,3.30790103261189
7238,1.73696,2.27672261482113
7239,1.7372,3.31551631720529
7240,1.73744,3.49279268393661
7241,1.73768,2.39378649436646
7242,1.73792,3.13609259528742
7243,1.73816,3.6292265598431
7244,1.7384,2.69143413306271
7245,1.73864,2.66142162048819
7246,1.73888,3.35291730728576
7247,1.73912,3.44227727820111
7248,1.73936,2.38533468652513
7249,1.7396,3.15337283965175
7250,1.73984,3.55570440422356
7251,1.74008,2.32115803467748
7252,1.74032,3.04467938462005
7253,1.74056,3.39526071647217
7254,1.7408,2.23456762073022
7255,1.74104,3.02975155607464
7256,1.74128,3.21242312870833
7257,1.74152,2.13039156215071
7258,1.74176,3.11569769646469
7259,1.742,2.8934526662761
7260,1.74224,2.37276715199716
7261,1.74248,3.53443337803526
7262,1.74272,2.19610375619026
7263,1.74296,2.71527259124445
7264,1.7432,2.9758943353912
7265,1.74344,1.73077380122996
7266,1.74368,3.03530826895621
7267,1.74392,2.40882253251758
7268,1.74416,1.97626892713355
7269,1.7444,3.33940965105856
7270,1.74464,1.957364337585
7271,1.74488,2.55473954595813
7272,1.74512,2.65602903653443
7273,1.74536,1.61079918347648
7274,1.7456,2.40810157425678
7275,1.74584,2.70459765887768
7276,1.74608,1.84159237572196
7277,1.74632,1.87202636010749
7278,1.74656,2.60739719641748
7279,1.7468,1.81193258908449
7280,1.74704,1.19255401467138
7281,1.74728,2.50558123921692
7282,1.74752,2.12876209603202
7283,1.74776,1.31830381395249
7284,1.748,1.28028774919984
7285,1.74824,1.37272325262378
7286,1.74848,2.18933481812626
7287,1.74872,1.92835609971167
7288,1.74896,1.01175910564064
7289,1.7492,1.07254190851472
7290,1.74944,1.973930006379
7291,1.74968,0.389002141235561
7292,1.74992,0.766188930321757
7293,1.75016,1.38045771825464
7294,1.7504,1.03754862753428
7295,1.75064,0.508756167171185
7296,1.75088,0.823014635950799
7297,1.75112,1.02591827727066
7298,1.75136,0.672404462299006
7299,1.7516,0.915990668459803
7300,1.75184,0.0904479319500413
7301,1.75208,0.275617349232228
7302,1.75232,0.45406855772419
7303,1.75256,-0.19604184232019
7304,1.7528,0.393493024049732
7305,1.75304,0.370394963706188
7306,1.75328,-0.461932091449604
7307,1.75352,0.402216064512164
7308,1.75376,-0.174606030717519
7309,1.754,-0.596530576901222
7310,1.75424,0.0596751904731172
7311,1.75448,-0.711749935963268
7312,1.75472,-0.495106332481633
7313,1.75496,-0.287663126510803
7314,1.7552,-0.658679497049517
7315,1.75544,-0.535998601613121
7316,1.75568,-0.777700633574449
7317,1.75592,-0.75306243870039
7318,1.75616,-0.613024568345663
7319,1.7564,-0.946920984347494
7320,1.75664,-1.38199624374114
7321,1.75688,-1.09744028338571
7322,1.75712,-0.805287151439893
7323,1.75736,-1.46803215006223
7324,1.7576,-0.916999055660968
7325,1.75784,-1.58264135747211
7326,1.75808,-1.26672368536393
7327,1.75832,-1.55036496987792
7328,1.75856,-1.59248150950682
7329,1.7588,-1.63677876089073
7330,1.75904,-1.43921858076403
7331,1.75928,-1.72164334296528
7332,1.75952,-1.76438320708384
7333,1.75976,-1.68687614403646
7334,1.76,-1.6060574444793
7335,1.76024,-2.25946559936197
7336,1.76048,-1.94681022677659
7337,1.76072,-1.75384763145741
7338,1.76096,-1.93696277808631
7339,1.7612,-2.60053340619445
7340,1.76144,-1.69697481547859
7341,1.76168,-2.13888141209031
7342,1.76192,-2.8136254802065
7343,1.76216,-2.40843276655072
7344,1.7624,-2.02884883830867
7345,1.76264,-2.60588156444957
7346,1.76288,-2.22890884610519
7347,1.76312,-2.59301162359566
7348,1.76336,-2.4698839624105
7349,1.7636,-2.61418532904162
7350,1.76384,-3.00154795437051
7351,1.76408,-2.31218635616203
7352,1.76432,-2.97639538677272
7353,1.76456,-2.90844645959128
7354,1.7648,-2.14487141852608
7355,1.76504,-3.08956473415254
7356,1.76528,-3.40960569949228
7357,1.76552,-2.32401768910022
7358,1.76576,-3.19439211818508
7359,1.766,-3.31818747320606
7360,1.76624,-2.40353087859033
7361,1.76648,-3.20193575918331
7362,1.76672,-2.90415547180109
7363,1.76696,-2.64078975785031
7364,1.7672,-3.37592975137701
7365,1.76744,-3.36717248352176
7366,1.76768,-2.3181318928169
7367,1.76792,-2.99327972939279
7368,1.76816,-3.88155030431743
7369,1.7684,-2.98960460570791
7370,1.76864,-2.63710900027109
7371,1.76888,-3.13934602970569
7372,1.76912,-3.76023993321775
7373,1.76936,-2.37145177704492
7374,1.7696,-2.94734275682416
7375,1.76984,-3.52087978865277
7376,1.77008,-2.65956786575903
7377,1.77032,-2.59004978237644
7378,1.77056,-3.35823323380499
7379,1.7708,-2.80839552524135
7380,1.77104,-2.68024938914151
7381,1.77128,-3.51261102327819
7382,1.77152,-2.66959563140145
7383,1.77176,-2.61501482246428
7384,1.772,-3.6366752348949
7385,1.77224,-2.27278584152624
7386,1.77248,-2.77662351635868
7387,1.77272,-3.38077685902059
7388,1.77296,-1.98590600175276
7389,1.7732,-3.15216400683596
7390,1.77344,-2.62462399987158
7391,1.77368,-2.28700007429612
7392,1.77392,-3.50917931688276
7393,1.77416,-2.10698214222848
7394,1.7744,-2.56741209084163
7395,1.77464,-2.89109899257447
7396,1.77488,-1.58445056738941
7397,1.77512,-2.83448460541484
7398,1.77536,-2.63063397696762
7399,1.7756,-1.64512648477721
7400,1.77584,-3.07967326981217
7401,1.77608,-2.0013163337121
7402,1.77632,-1.94534878204081
7403,1.77656,-2.84009299067611
7404,1.7768,-1.95855487860364
7405,1.77704,-1.9730839613269
7406,1.77728,-2.33171106161424
7407,1.77752,-1.53507514091571
7408,1.77776,-1.75111473853503
7409,1.778,-2.53946167786925
7410,1.77824,-1.79724842047134
7411,1.77848,-1.35093405460354
7412,1.77872,-2.46047627605938
7413,1.77896,-0.609277042989638
7414,1.7792,-1.79375586595686
7415,1.77944,-2.0095246319172
7416,1.77968,-0.695874130900487
7417,1.77992,-0.992892701935594
7418,1.78016,-1.88551994034292
7419,1.7804,-0.537724130678582
7420,1.78064,-1.01965002285053
7421,1.78088,-1.37175879042609
7422,1.78112,-0.186903963052486
7423,1.78136,-0.733682411835452
7424,1.7816,-0.911873759473148
7425,1.78184,-0.384362769509856
7426,1.78208,-0.504147064475743
7427,1.78232,-0.738433535159845
7428,1.78256,-0.389650063157242
7429,1.7828,-0.561811634494155
7430,1.78304,-0.723789994906563
7431,1.78328,-0.548403028417765
7432,1.78352,-0.286803931285007
7433,1.78376,-0.497898495438011
7434,1.784,0.346694359074234
7435,1.78424,-0.275372550971836
7436,1.78448,0.0720190471688515
7437,1.78472,0.380523235399679
7438,1.78496,-0.268102373535301
7439,1.7852,0.515000170153664
7440,1.78544,0.545451038725558
7441,1.78568,0.101763885030622
7442,1.78592,0.726934002546803
7443,1.78616,0.604894742328208
7444,1.7864,0.374088905391653
7445,1.78664,1.08270997485033
7446,1.78688,0.693026870771278
7447,1.78712,0.43608194624995
7448,1.78736,1.36367240886261
7449,1.7876,0.711879414647587
7450,1.78784,1.27602264979558
7451,1.78808,1.21786025939843
7452,1.78832,1.27361816558874
7453,1.78856,1.46364789702991
7454,1.7888,1.14976128589811
7455,1.78904,1.43713745221367
7456,1.78928,1.72157089559335
7457,1.78952,1.40773113409798
7458,1.78976,1.45061710443213
7459,1.79,1.49170215417866
7460,1.79024,2.13288276095914
7461,1.79048,1.5715799058899
7462,1.79072,1.85070490932409
7463,1.79096,1.90017841104743
7464,1.7912,2.54348788231568
7465,1.79144,1.98576417865093
7466,1.79168,2.16614973117839
7467,1.79192,2.58027811988703
7468,1.79216,2.15339438238018
7469,1.7924,2.22725683928618
7470,1.79264,2.53744639976547
7471,1.79288,1.76927805491884
7472,1.79312,2.10692131772928
7473,1.79336,2.92116201753532
7474,1.7936,2.41382363037855
7475,1.79384,2.53573109404216
7476,1.79408,2.76426739063982
7477,1.79432,2.29890838655035
7478,1.79456,2.92383514081713
7479,1.7948,2.70196412495465
7480,1.79504,2.51452334535999
7481,1.79528,3.29102091001392
7482,1.79552,2.86422863569189
7483,1.79576,2.35960217300017
7484,1.796,2.92913551592648
7485,1.79624,2.68192903241492
7486,1.79648,3.65104292818545
7487,1.79672,2.33881522432058
7488,1.79696,2.87460212606514
7489,1.7972,3.51395952601052
7490,1.79744,2.49040947302434
7491,1.79768,2.83807246481093
7492,1.79792,3.64552061110748
7493,1.79816,2.55415270491648
7494,1.7984,2.4734076517978
7495,1.79864,3.70722693748971
7496,1.79888,3.50066214617148
7497,1.79912,2.37891696439748
7498,1.79936,2.38421189172941
7499,1.7996,2.88512501720406
7500,1.79984,3.50053132750786
7501,1.80008,2.33000091984208
7502,1.80032,3.12735127935139
7503,1.80056,3.68025446745899
7504,1.8008,2.56426699111037
7505,1.80104,2.83573637243244
7506,1.80128,3.46751384738725
7507,1.80152,3.37457536311902
7508,1.80176,2.38415686050109
7509,1.802,3.21592785653013
7510,1.80224,3.44010509386867
7511,1.80248,2.03701572740742
7512,1.80272,2.95509073724872
7513,1.80296,3.50091255623949
7514,1.8032,1.92396121318114
7515,1.80344,3.14788329639499
7516,1.80368,2.91655524037022
7517,1.80392,2.39207780796285
7518,1.80416,3.31401597947957
7519,1.8044,2.32309172209129
7520,1.80464,2.47901857807078
7521,1.80488,3.2233102874061
7522,1.80512,1.84250763912554
7523,1.80536,2.78829361715137
7524,1.8056,2.64117785846748
7525,1.80584,1.83347144759715
7526,1.80608,2.84251875558684
7527,1.80632,2.64581191784219
7528,1.80656,1.67088447999692
7529,1.8068,3.11262858448521
7530,1.80704,2.15840059495605
7531,1.80728,1.87309661202239
7532,1.80752,2.65311965510504
7533,1.80776,1.66629626301352
7534,1.808,2.17068677264363
7535,1.80824,2.41607088166944
7536,1.80848,1.50794245177944
7537,1.80872,2.08455331359085
7538,1.80896,1.92706947709424
7539,1.8092,1.2252466700663
7540,1.80944,2.20264784862502
7541,1.80968,1.05786378771463
7542,1.80992,1.04017634111034
7543,1.81016,1.74715707474647
7544,1.8104,2.20835075167456
7545,1.81064,0.437947590707352
7546,1.81088,1.34258039883693
7547,1.81112,1.4020115918084
7548,1.81136,0.519871757019834
7549,1.8116,0.649176797422609
7550,1.81184,1.49522906534943
7551,1.81208,0.55144012930468
7552,1.81232,0.867149893655342
7553,1.81256,1.17012512967213
7554,1.8128,0.0519090864126115
7555,1.81304,0.664954712255442
7556,1.81328,0.786136820821291
7557,1.81352,0.0788012271903609
7558,1.81376,0.258647052072128
7559,1.814,0.910081485042344
7560,1.81424,-0.101926814160305
7561,1.81448,-0.115938496778181
7562,1.81472,0.822357073770609
7563,1.81496,-0.255892425027824
7564,1.8152,-0.230018561451775
7565,1.81544,0.392381932984249
7566,1.81568,-0.516369113495595
7567,1.81592,-0.222461620823001
7568,1.81616,-0.153850080934435
7569,1.8164,-0.542364601051544
7570,1.81664,-0.578981033323846
7571,1.81688,-0.588214836680533
7572,1.81712,-0.475542966063507
7573,1.81736,-0.838334418193945
7574,1.8176,-0.577746602193163
7575,1.81784,-0.789721681701876
7576,1.81808,-0.886363924940272
7577,1.81832,-1.08317504697764
7578,1.81856,-0.915172189727873
7579,1.8188,-0.992369023906391
7580,1.81904,-1.17183439710923
7581,1.81928,-1.10834478649168
7582,1.81952,-1.04538919824459
7583,1.81976,-1.69471782816925
7584,1.82,-1.25873505669276
7585,1.82024,-1.66747256461417
7586,1.82048,-1.35209293989222
7587,1.82072,-1.39401427699811
7588,1.82096,-1.434149169504
7589,1.8212,-1.95998591190882
7590,1.82144,-1.99938180875859
7591,1.82168,-2.03874473006848
7592,1.82192,-1.96941924553142
7593,1.82216,-1.77463549287155
7594,1.8224,-1.821490112402
7595,1.82264,-2.48304804503593
7596,1.82288,-2.05847826684508
7597,1.82312,-1.7600739974693
7598,1.82336,-2.44067558742831
7599,1.8236,-2.14977502206992
7600,1.82384,-1.87134378276952
7601,1.82408,-2.81047200353256
7602,1.82432,-2.05836748736837
7603,1.82456,-2.29311679721572
7604,1.8248,-3.12810964184008
7605,1.82504,-1.92449438232564
7606,1.82528,-2.67390167292924
7607,1.82552,-3.0477926955939
7608,1.82576,-2.00499267468531
7609,1.826,-3.02313234085156
7610,1.82624,-2.94912491614678
7611,1.82648,-2.43417880396806
7612,1.82672,-3.12356751574054
7613,1.82696,-2.85002452684999
7614,1.8272,-2.85958554690752
7615,1.82744,-3.22493055205407
7616,1.82768,-2.52588662216325
7617,1.82792,-2.94977887720352
7618,1.82816,-3.71330635894351
7619,1.8284,-2.34322792711555
7620,1.82864,-2.70127449883336
7621,1.82888,-3.27955042749678
7622,1.82912,-2.44688618823374
7623,1.82936,-3.68103273405386
7624,1.8296,-3.10552607010845
7625,1.82984,-2.22169460029874
7626,1.83008,-3.87894202325407
7627,1.83032,-2.17573105756625
7628,1.83056,-2.68949279352792
7629,1.8308,-3.20616724507245
7630,1.83104,-3.836133667163
7631,1.83128,-2.33175621247417
7632,1.83152,-2.81142853659466
7633,1.83176,-3.5251314213785
7634,1.832,-3.03511034335288
7635,1.83224,-2.73323648060812
7636,1.83248,-3.51823656598709
7637,1.83272,-2.85985065881989
7638,1.83296,-2.51413143782885
7639,1.8332,-3.3728676568912
7640,1.83344,-3.0313533852532
7641,1.83368,-2.02665010574556
7642,1.83392,-2.97392086513719
7643,1.83416,-3.42797389385991
7644,1.8344,-2.12455787734376
7645,1.83464,-3.13650935303931
7646,1.83488,-2.94067493270351
7647,1.83512,-2.20827460848001
7648,1.83536,-3.40532843187794
7649,1.8356,-2.33265001086167
7650,1.83584,-2.64056892883247
7651,1.83608,-2.93260968240431
7652,1.83632,-1.71748666035167
7653,1.83656,-2.93551841251499
7654,1.8368,-2.34218305352119
7655,1.83704,-1.93948144400581
7656,1.83728,-3.33184601985496
7657,1.83752,-2.09448831574855
7658,1.83776,-1.76647598308192
7659,1.838,-3.00412578833333
7660,1.83824,-2.07947363645502
7661,1.83848,-1.70843588955147
7662,1.83872,-2.52559149588237
7663,1.83896,-1.45834565279484
7664,1.8392,-2.00287015570356
7665,1.83944,-2.51959283477619
7666,1.83968,-1.75559946148349
7667,1.83992,-0.92342539954844
7668,1.84016,-2.2758967165546
7669,1.8404,-1.69659460208774
7670,1.84064,-1.2971108063814
7671,1.84088,-1.39272850223482
7672,1.84112,-2.21234550613613
7673,1.84136,-1.36066492891813
7674,1.8416,-0.812238923302924
7675,1.84184,-1.70890723591673
7676,1.84208,-1.16348822482988
7677,1.84232,-0.678187767875902
7678,1.84256,-1.51351143269533
7679,1.8428,-0.556619354463573
7680,1.84304,-0.862189872528068
7681,1.84328,-1.15569225355971
7682,1.84352,-0.37860244018626
7683,1.84376,-0.613151026678983
7684,1.844,-1.1991506396917
7685,1.84424,-0.12574802948152
7686,1.84448,-0.1723171080026
7687,1.84472,-1.05213987815377
7688,1.84496,0.0815594195009059
7689,1.8452,-0.124533939465193
7690,1.84544,-0.332251632514306
7691,1.84568,-0.0997275061960938
7692,1.84592,-0.343348792732013
7693,1.84616,0.481334046904219
7694,1.8464,-0.0501934054156232
7695,1.84664,-0.0893668298395771
7696,1.84688,0.685112387010367
7697,1.84712,0.244557611975214
7698,1.84736,0.409963384411344
7699,1.8476,0.42569323377252
7700,1.84784,0.201173670480935
7701,1.84808,0.689585956591115
7702,1.84832,0.789346336619667
7703,1.84856,0.660995222377462
7704,1.8488,0.997951529426324
7705,1.84904,0.713930195523087
7706,1.84928,0.922889393539405
7707,1.84952,1.35594888067903
7708,1.84976,1.05651917985188
7709,1.85,1.12426674297618
7710,1.85024,1.05707538098031
7711,1.85048,1.22853515340907
7712,1.85072,1.16112251838645
7713,1.85096,1.32305688529283
7714,1.8512,1.72909200029372
7715,1.85144,1.41134753732183
7716,1.85168,1.33319932160691
7717,1.85192,1.49569263269196
7718,1.85216,1.90272070464485
7719,1.8524,1.94161046747149
7720,1.85264,2.10128336540075
7721,1.85288,1.79128478017625
7722,1.85312,1.95882723632109
7723,1.85336,2.12886675255568
7724,1.8536,2.18851448295444
7725,1.85384,2.12627831143699
7726,1.85408,1.70746789438229
7727,1.85432,2.62956973429671
7728,1.85456,2.22427990582864
7729,1.8548,2.18344834718684
7730,1.85504,2.52553924720291
7731,1.85528,2.50280458626906
7732,1.85552,2.12315046567497
7733,1.85576,2.85281960303006
7734,1.856,2.3732743792211
7735,1.85624,2.27713835742174
7736,1.85648,3.2734947320353
7737,1.85672,2.22309412804849
7738,1.85696,2.65037776814872
7739,1.8572,3.30967055318174
7740,1.85744,2.77942337328796
7741,1.85768,2.52684677751964
7742,1.85792,2.62297629197231
7743,1.85816,2.63514254786004
7744,1.8584,3.48810061112175
7745,1.85864,2.54348569565243
7746,1.85888,2.84925486140903
7747,1.85912,3.01863970864122
7748,1.85936,2.74160663812822
7749,1.8596,3.81481224656311
7750,1.85984,3.18630757273394
7751,1.86008,2.24325750304774
7752,1.86032,3.71668527542043
7753,1.86056,3.2661002839401
7754,1.8608,2.14923155287412
7755,1.86104,3.45346439839009
7756,1.86128,2.49758621698548
7757,1.86152,3.01008446356338
7758,1.86176,3.5223309671447
7759,1.862,3.07691372950506
7760,1.86224,2.5743946056515
7761,1.86248,3.28286417291755
7762,1.86272,3.62912258044804
7763,1.86296,2.33388361441301
7764,1.8632,3.00725069017378
7765,1.86344,3.90387465961001
7766,1.86368,2.31168415448084
7767,1.86392,3.04982201434923
7768,1.86416,3.17440326669735
7769,1.8644,2.15191452180841
7770,1.86464,3.08490609617025
7771,1.86488,3.03977026818682
7772,1.86512,2.21680128327129
7773,1.86536,3.09607855401837
7774,1.8656,2.76739124605102
7775,1.86584,2.50171049066087
7776,1.86608,3.55471511419072
7777,1.86632,2.11257428234748
7778,1.86656,2.88232003423952
7779,1.8668,2.79913153161934
7780,1.86704,1.81906217903963
7781,1.86728,3.13437518227103
7782,1.86752,2.40530735188011
7783,1.86776,2.10762214636871
7784,1.868,3.12314989700272
7785,1.86824,2.00225674558991
7786,1.86848,2.26087185456101
7787,1.86872,2.86208261292093
7788,1.86896,1.93663879143491
7789,1.8692,1.79050912720939
7790,1.86944,2.5922734721822
7791,1.86968,1.38994935626629
7792,1.86992,2.3925278160928
7793,1.87016,2.29827459234044
7794,1.8704,1.52709549297197
7795,1.87064,1.8836734436667
7796,1.87088,2.34372581681257
7797,1.87112,1.63909186769102
7798,1.87136,0.739322354840965
7799,1.8716,1.67154121090717
7800,1.87184,1.63838035767626
7801,1.87208,2.33251226744099
7802,1.87232,0.428920099515241
7803,1.87256,1.57147971672544
7804,1.8728,1.61926550647866
7805,1.87304,0.728285493774144
7806,1.87328,0.975139508531596
7807,1.87352,1.33290067421427
7808,1.87376,0.388217986081027
7809,1.874,0.8126997527901
7810,1.87424,1.47073560638459
7811,1.87448,0.239396107514853
7812,1.87472,0.476975680210411
7813,1.87496,1.18937189291559
7814,1.8752,0.369574077737232
7815,1.87544,0.181007235005459
7816,1.87568,0.947282140093177
7817,1.87592,-0.176262834128631
7818,1.87616,0.039336258234832
7819,1.8764,0.373201065876472
7820,1.87664,-0.0983736983717156
7821,1.87688,0.151729974432342
7822,1.87712,-0.18244826727401
7823,1.87736,-0.0111161666369408
7824,1.8776,-0.209461996581803
7825,1.87784,-0.613938456847625
7826,1.87808,-0.288531343660822
7827,1.87832,-0.448400669937933
7828,1.87856,-0.459042657656971
7829,1.8788,-0.701481359850601
7830,1.87904,-0.947251723988377
7831,1.87928,-0.686990226390928
7832,1.87952,-0.664254210760183
7833,1.87976,-1.00043599430887
7834,1.88,-0.714302238235669
7835,1.88024,-0.919741424049313
7836,1.88048,-1.46622435861494
7837,1.88072,-1.04527178347748
7838,1.88096,-1.22859548571296
7839,1.8812,-1.52015101763251
7840,1.88144,-1.69606987051236
7841,1.88168,-1.61568095704026
7842,1.88192,-1.53965561078504
7843,1.88216,-1.58288820882577
7844,1.8824,-1.62862978823059
7845,1.88264,-1.43022337277761
7846,1.88288,-1.83626956928646
7847,1.88312,-1.63796134694332
7848,1.88336,-1.79596050339785
7849,1.8836,-2.07956889874678
7850,1.88384,-1.77274761288849
7851,1.88408,-2.18317674243604
7852,1.88432,-1.99159783063416
7853,1.88456,-2.41624102778152
7854,1.8848,-2.11972545405194
7855,1.88504,-1.82376250778887
7856,1.88528,-2.62797958784932
7857,1.88552,-2.34191109177455
7858,1.88576,-2.06638081515673
7859,1.886,-2.76856026267598
7860,1.88624,-2.26122200701028
7861,1.88648,-2.38373356548247
7862,1.88672,-3.10777732189512
7863,1.88696,-2.15000936894892
7864,1.8872,-2.78650904413582
7865,1.88744,-3.04963959965821
7866,1.88768,-2.26034515555927
7867,1.88792,-3.28307244974604
7868,1.88816,-2.50016263872656
7869,1.8884,-2.71485359287825
7870,1.88864,-3.28905225215503
7871,1.88888,-3.02152946668129
7872,1.88912,-2.5525630852683
7873,1.88936,-3.06878721486883
7874,1.8896,-3.20945130268157
7875,1.88984,-2.78226850296788
7876,1.89008,-3.22903495670366
7877,1.89032,-3.06116574663726
7878,1.89056,-2.80628368839196
7879,1.8908,-3.54926270395858
7880,1.89104,-2.8367886297862
7881,1.89128,-2.65949926973354
7882,1.89152,-3.18922684717046
7883,1.89176,-3.02462943661477
7884,1.892,-2.54645286462204
7885,1.89224,-3.04448452279036
7886,1.89248,-3.66126091005642
7887,1.89272,-2.2597345834107
7888,1.89296,-2.95272799801992
7889,1.8932,-3.63343546140607
7890,1.89344,-2.64266939271014
7891,1.89368,-2.68068354152375
7892,1.89392,-3.43855233741728
7893,1.89416,-2.99191082074546
7894,1.8944,-2.49569052900366
7895,1.89464,-3.33217605188236
7896,1.89488,-2.84078906713821
7897,1.89512,-2.65517644561789
7898,1.89536,-3.4301726308595
7899,1.8956,-2.41849815273962
7900,1.89584,-2.67189444878939
7901,1.89608,-3.51055693368964
7902,1.89632,-1.98095791366702
7903,1.89656,-3.02223295348343
7904,1.8968,-2.72588012874395
7905,1.89704,-2.13671335366816
7906,1.89728,-3.35649324184731
7907,1.89752,-2.18303133680711
7908,1.89776,-2.6300480813945
7909,1.898,-2.9430024640511
7910,1.89824,-1.74507807729161
7911,1.89848,-2.86485126852512
7912,1.89872,-2.77239163191163
7913,1.89896,-1.53062247616272
7914,1.8992,-2.72218895210196
7915,1.89944,-2.58456353994916
7916,1.89968,-1.53830851585863
7917,1.89992,-2.45209023316284
7918,1.90016,-2.51312970232853
7919,1.9004,-1.53837150932787
7920,1.90064,-2.2877881736344
7921,1.90088,-2.2940620899652
7922,1.90112,-1.16050322844501
7923,1.90136,-2.44795141833379
7924,1.9016,-1.93274677978511
7925,1.90184,-1.23470379879405
7926,1.90208,-2.45532513318921
7927,1.90232,-1.06990952454482
7928,1.90256,-0.935372664300542
7929,1.9028,-1.88643995819155
7930,1.90304,-1.87093687710512
7931,1.90328,-0.801687700044822
7932,1.90352,-0.755238456746324
7933,1.90376,-1.66899874722832
7934,1.904,-0.903515758665539
7935,1.90424,-0.683193127823902
7936,1.90448,-1.30364048281094
7937,1.90472,-0.960154668329958
7938,1.90496,-0.191552630740713
7939,1.9052,-1.11339467449413
7940,1.90544,-0.828661970037951
7941,1.90568,0.00613788440997376
7942,1.90592,-0.848950951473675
7943,1.90616,-0.262450117035101
7944,1.9064,-0.199526601152758
7945,1.90664,-0.736300649235862
7946,1.90688,0.272630035785525
7947,1.90712,-0.436456296908503
7948,1.90736,-0.414443519020242
7949,1.9076,0.65609365745975
7950,1.90784,-0.450437399697137
7951,1.90808,0.126877937683182
7952,1.90832,0.54971033480433
7953,1.90856,0.13527425796498
7954,1.9088,0.42185730000016
7955,1.90904,0.571779251387597
7956,1.90928,0.487039166427944
7957,1.90952,0.495369922978571
7958,1.90976,0.616906382597876
7959,1.91,0.861354260621464
7960,1.91024,0.598764923107236
7961,1.91048,0.695076406654932
7962,1.91072,1.14846781070086
7963,1.91096,0.860024754601482
7964,1.9112,0.819938140081355
7965,1.91144,1.25031310174781
7966,1.91168,0.945336333128803
7967,1.91192,1.00587793161771
7968,1.91216,1.06395226331896
7969,1.9124,1.59214080694752
7970,1.91264,1.27615584371348
7971,1.91288,1.68430852366952
7972,1.91312,1.60725933457181
7973,1.91336,1.76834533013152
7974,1.9136,1.69187582295746
7975,1.91384,1.73474460377071
7976,1.91408,1.65601481652445
7977,1.91432,1.82202641997905
7978,1.91456,2.22815147685095
7979,1.9148,2.02979495875073
7980,1.91504,2.08911752830245
7981,1.91528,2.38023981038899
7982,1.91552,2.07362100727188
7983,1.91576,2.2660750135163
7984,1.916,2.69524954080879
7985,1.91624,2.40313544492595
7986,1.91648,2.13656657995539
7987,1.91672,2.94575590205021
7988,1.91696,2.07771967269222
7989,1.9172,2.55609563226322
7990,1.91744,2.78284376290249
7991,1.91768,2.3151122106965
7992,1.91792,2.69927383270967
7993,1.91816,2.59589215531371
7994,1.9184,2.88332835273718
7995,1.91864,2.68579775814749
7996,1.91888,2.50959364386584
7997,1.91912,3.31512359212855
7998,1.91936,2.66861517318844
7999,1.9196,2.78127332697515
8000,1.91984,3.61911511703564
8001,1.92008,2.42067976770571
8002,1.92032,2.71100202675872
8003,1.92056,3.58424148670757
8004,1.9208,2.79249949915786
8005,1.92104,2.28897770946705
8006,1.92128,3.46455537333663
8007,1.92152,3.31573819930395
8008,1.92176,2.24996823532307
8009,1.922,3.7192834952106
8010,1.92224,3.26469154320438
8011,1.92248,2.14391993811222
8012,1.92272,3.68401085499638
8013,1.92296,2.47301455001419
8014,1.9232,3.22018622849383
8015,1.92344,3.35811730653315
8016,1.92368,2.46235289525829
8017,1.92392,3.27295786644835
8018,1.92416,3.8289199120859
8019,1.9244,2.25436587484486
8020,1.92464,2.89981764311579
8021,1.92488,3.65444360368726
8022,1.92512,2.73750266478066
8023,1.92536,2.84711867693843
8024,1.9256,3.55639463948253
8025,1.92584,2.36114540149345
8026,1.92608,2.78826006486449
8027,1.92632,3.68455696268228
8028,1.92656,2.20816177394261
8029,1.9268,2.71164997664777
8030,1.92704,3.31848028162746
8031,1.92728,1.92617429714849
8032,1.92752,3.09488578623305
8033,1.92776,2.80495851155514
8034,1.928,2.22234625682334
8035,1.92824,3.44719673621123
8036,1.92848,2.04755539316496
8037,1.92872,2.74396134789609
8038,1.92896,2.5884406177122
8039,1.9292,1.89345081087603
8040,1.92944,3.24808271302796
8041,1.92968,1.97508079782858
8042,1.92992,2.44129242366264
8043,1.93016,2.41031247332787
8044,1.9304,1.59972970756625
8045,1.93064,2.96312512226184
8046,1.93088,2.04578393074508
8047,1.93112,1.31499209312909
8048,1.93136,2.63604487643407
8049,1.9316,2.15301012311156
8050,1.93184,1.36359138801874
8051,1.93208,2.52327146821955
8052,1.93232,1.7644770129997
8053,1.93256,1.65699929680498
8054,1.9328,1.78231133234529
8055,1.93304,1.11456231055908
8056,1.93328,1.20597675106849
8057,1.93352,1.54075612808661
8058,1.93376,2.1161772429896
8059,1.934,0.819881390145485
8060,1.93424,1.22830254779411
8061,1.93448,1.75524488500421
8062,1.93472,0.391901879481311
8063,1.93496,0.758602715092414
8064,1.9352,1.59967128598106
8065,1.93544,0.761528953860684
8066,1.93568,0.587559257978418
8067,1.93592,1.24710663252456
8068,1.93616,0.35350294593628
8069,1.9364,0.472095820138019
8070,1.93664,1.06689800496783
8071,1.93688,0.113455304627464
8072,1.93712,0.521764728068931
8073,1.93736,0.679497296557592
8074,1.9376,-0.20424737054719
8075,1.93784,0.843949336608243
8076,1.93808,0.0935949890514611
8077,1.93832,-0.260160640645055
8078,1.93856,0.703178187223325
8079,1.9388,-0.352786843813849
8080,1.93904,-0.306383466980046
8081,1.93928,0.217604615561377
8082,1.93952,-0.430131155309502
8083,1.93976,-0.120029634526047
8084,1.94,-0.755747956891404
8085,1.94024,-0.40349622589237
8086,1.94048,-0.420328094432785
8087,1.94072,-1.0218728335307
8088,1.94096,-0.640760345820421
8089,1.9412,-0.628659506757407
8090,1.94144,-0.844154605540067
8091,1.94168,-1.40057953336932
8092,1.94192,-1.00489457500447
8093,1.94216,-1.19773315096568
8094,1.9424,-1.13620262912009
8095,1.94264,-1.08271807472864
8096,1.94288,-1.49697068116083
8097,1.94312,-1.06334075470203
8098,1.94336,-1.48261899305003
8099,1.9436,-1.76146245314255
8100,1.94384,-1.32665359087373
8101,1.94408,-1.6127785551344
8102,1.94432,-1.29550044732557
8103,1.94456,-1.58119727030919
8104,1.9448,-2.22604082871107
8105,1.94504,-1.54507299062247
8106,1.94528,-2.06893355277535
8107,1.94552,-2.0013776154866
8108,1.94576,-2.16568046314196
8109,1.946,-1.97650959567823
8110,1.94624,-2.03869528554178
8111,1.94648,-2.21544194180392
8112,1.94672,-2.16060811609531
8113,1.94696,-2.36192725331915
8114,1.9472,-2.43377114677829
8115,1.94744,-2.52547426483608
8116,1.94768,-2.2658764100809
8117,1.94792,-2.35908416326477
8118,1.94816,-2.71663787866434
8119,1.9484,-2.59380512353634
8120,1.94864,-2.23762066214831
8121,1.94888,-3.10873488941591
8122,1.94912,-2.40798569402891
8123,1.94936,-2.45894269095667
8124,1.9496,-2.87859043613936
8125,1.94984,-2.6952539609567
8126,1.95008,-2.54481078970456
8127,1.95032,-3.60570133770948
8128,1.95056,-2.73043790845369
8129,1.9508,-2.49802094555132
8130,1.95104,-3.61078564685425
8131,1.95128,-2.78634592596964
8132,1.95152,-2.36406523768236
8133,1.95176,-3.4073974190223
8134,1.952,-3.11393580987249
8135,1.95224,-2.73052736913412
8136,1.95248,-3.466194671334
8137,1.95272,-3.10305845645806
8138,1.95296,-2.89805462726177
8139,1.9532,-3.57294755331115
8140,1.95344,-2.91382736289712
8141,1.95368,-2.30864740550646
8142,1.95392,-2.81106566918127
8143,1.95416,-3.43276539599799
8144,1.9544,-2.96995498463174
8145,1.95464,-2.45490366027005
8146,1.95488,-3.15120666114308
8147,1.95512,-3.48033496179357
8148,1.95536,-2.53598033859293
8149,1.9556,-3.41369867380035
8150,1.95584,-2.96899336950302
8151,1.95608,-2.58495977849779
8152,1.95632,-3.40682988024343
8153,1.95656,-2.78897548906842
8154,1.9568,-2.48047880197352
8155,1.95704,-3.37962953379249
8156,1.95728,-2.71217752310411
8157,1.95752,-2.47580826529026
8158,1.95776,-3.56015911963852
8159,1.958,-2.25616211304708
8160,1.95824,-2.81356319964402
8161,1.95848,-3.11674885502619
8162,1.95872,-2.15016820605621
8163,1.95896,-3.24602644861889
8164,1.9592,-2.42478388779234
8165,1.95944,-2.50898566573024
8166,1.95968,-3.05765793553784
8167,1.95992,-1.84971290619182
8168,1.96016,-2.9607410846638
8169,1.9604,-2.49945335235457
8170,1.96064,-1.86237841075113
8171,1.96088,-2.80933349190423
8172,1.96112,-2.30371299618636
8173,1.96136,-1.50572109723081
8174,1.9616,-2.76070434403613
8175,1.96184,-2.21101515217034
8176,1.96208,-1.24198312703636
8177,1.96232,-2.46569332720664
8178,1.96256,-2.34875174784319
8179,1.9628,-1.55864798208759
8180,1.96304,-2.2493527416964
8181,1.96328,-2.20741529304465
8182,1.96352,-1.36852928047197
8183,1.96376,-2.24874566685183
8184,1.964,-1.08617697999034
8185,1.96424,-0.946530200117638
8186,1.96448,-1.89276735148323
8187,1.96472,-1.87270234787161
8188,1.96496,-0.800472156059552
8189,1.9652,-0.749928418278414
8190,1.96544,-1.66119663049659
8191,1.96568,-1.48896401278842
8192,1.96592,-0.893361939345818
8193,1.96616,-1.02471065104414
8194,1.9664,-1.40037017348343
8195,1.96664,-0.624380401944683
8196,1.96688,-0.931868840895862
8197,1.96712,-0.53568873885975
8198,1.96736,-0.897273139147162
8199,1.9676,-0.767482175019367
8200,1.96784,0.0367644206994977
8201,1.96808,-0.970149580551699
8202,1.96832,-0.293979568822233
8203,1.96856,0.0999629494490224
8204,1.9688,-0.824849561111566
8205,1.96904,0.267027825400264
8206,1.96928,0.0166195712231223
8207,1.96952,-0.350458354047528
8208,1.96976,0.451297697887384
8209,1.97,0.169960562973705
8210,1.97024,0.114616513111186
8211,1.97048,0.395409317773648
8212,1.97072,0.20293262143071
8213,1.97096,0.951052966925087
8214,1.9712,0.361643756668533
8215,1.97144,0.376387554890816
8216,1.97168,1.32488594348011
8217,1.97192,0.711529461044937
8218,1.97216,0.932366461552913
8219,1.9724,1.01330032698885
8220,1.97264,0.863536007181575
8221,1.97288,1.17805231127369
8222,1.97312,1.242508786987
8223,1.97336,1.18812358241842
8224,1.9736,1.24439925572532
8225,1.97384,1.29960742696455
8226,1.97408,1.70837409114272
8227,1.97432,1.74927621866377
8228,1.97456,1.31458136306026
8229,1.9748,1.84143323461438
8230,1.97504,1.40516608784548
8231,1.97528,1.92852624447243
8232,1.97552,1.8520778698351
8233,1.97576,1.65303882732351
8234,1.976,1.93994346117219
8235,1.97624,1.98409844970421
8236,1.97648,1.78842456694959
8237,1.97672,1.96110408090734
8238,1.97696,2.61526433328899
8239,1.9772,2.18663903339992
8240,1.97744,1.89550576415193
8241,1.97768,2.80671252131481
8242,1.97792,2.3939073534405
8243,1.97816,2.00563497368494
8244,1.9784,2.69614269694709
8245,1.97864,2.42253831004484
8246,1.97888,2.41724590360716
8247,1.97912,2.6505419677229
8248,1.97936,2.28829903976731
8249,1.9796,2.91322320818808
8250,1.97984,2.56619210225099
8251,1.98008,2.48556635002118
8252,1.98032,3.26081708129508
8253,1.98056,2.46724565911947
8254,1.9808,2.79457382411677
8255,1.98104,3.35798759762143
8256,1.98128,2.37423106677837
8257,1.98152,3.22640210087984
8258,1.98176,3.33753978430889
8259,1.982,2.28383469947803
8260,1.98224,3.29918113155273
8261,1.98248,3.57923060997448
8262,1.98272,2.4469009208576
8263,1.98296,2.80231640061191
8264,1.9832,3.13800486643614
8265,1.98344,2.66548578231081
8266,1.98368,3.90239509202837
8267,1.98392,2.84498791854356
8268,1.98416,2.800073508153
8269,1.9844,3.23198102890543
8270,1.98464,2.15161825815725
8271,1.98488,2.78417874661355
8272,1.98512,3.41496162306241
8273,1.98536,2.84164228932521
8274,1.9856,2.57555836789355
8275,1.98584,3.27488112484729
8276,1.98608,3.49367065102224
8277,1.98632,2.55624895850029
8278,1.98656,3.56169445695405
8279,1.9868,2.87833331405639
8280,1.98704,2.38796521188288
8281,1.98728,3.34807261295736
8282,1.98752,2.74155945994595
8283,1.98776,2.44396509875309
8284,1.988,3.35359163596664
8285,1.98824,2.69620179169419
8286,1.98848,2.46949297042568
8287,1.98872,3.56311381447545
8288,1.98896,2.26800813178984
8289,1.9892,2.83393252565687
8290,1.98944,3.02461811272999
8291,1.98968,2.07021116305946
8292,1.98992,3.17855831162159
8293,1.99016,2.48476419496433
8294,1.9904,2.21959038919558
8295,1.99064,3.26917515754859
8296,1.99088,2.06229278265506
8297,1.99112,2.47260778712586
8298,1.99136,2.86403927228164
8299,1.9916,1.8639325848562
8300,1.99184,2.58630279702493
8301,1.99208,2.332319843044
8302,1.99232,1.41981780561434
8303,1.99256,2.68643581993447
8304,1.9928,2.14866431808386
8305,1.99304,1.19096510565498
8306,1.99328,2.42544467746721
8307,1.99352,2.31872850741001
8308,1.99376,1.53832575249012
8309,1.994,2.12139320760887
8310,1.99424,1.7333887033948
8311,1.99448,1.16262013103859
8312,1.99472,2.03071958098286
8313,1.99496,0.539405776753943
8314,1.9952,1.49132399918197
8315,1.99544,1.47682118535941
8316,1.99568,2.3083935191313
8317,1.99592,0.542183840073703
8318,1.99616,1.56935322465997
8319,1.9964,1.26516082706441
8320,1.99664,0.176171833748702
8321,1.99688,1.15331600486635
8322,1.99712,1.51752094045971
8323,1.99736,0.111475923490718
8324,1.9976,1.14420904664598
8325,1.99784,1.0861782527525
8326,1.99808,-0.130980095631207
8327,1.99832,0.958678073958379
8328,1.99856,0.715485672571129
8329,1.9988,0.15432869447617
8330,1.99904,0.570308489253773
8331,1.99928,0.142370996638237
8332,1.99952,-0.00476045848334161
8333,1.99976,0.690962606738585
8334,2,-0.164279149725106
8335,2.00024,-0.264445870308403
8336,2.00048,0.350610191369177
8337,2.00072,-0.449365541110743
8338,2.00096,-0.276095971363873
8339,2.0012,-0.222502297527989
8340,2.00144,-0.376800409114484
8341,2.00168,-0.410451984168841
8342,2.00192,-0.563454675977752
8343,2.00216,-0.687779744793322
8344,2.0024,-0.33869171332325
8345,2.00264,-1.05384121400753
8346,2.00288,-0.668485434111476
8347,2.00312,-0.652159826584041
8348,2.00336,-1.09906449278777
8349,2.0036,-0.811776534559416
8350,2.00384,-0.891352214310447
8351,2.00408,-1.19435089786677
8352,2.00432,-0.899575637214673
8353,2.00456,-1.08313008700252
8354,2.0048,-1.73207308587476
8355,2.00504,-1.1747292538034
8356,2.00528,-1.70392866705825
8357,2.00552,-1.386275675826
8358,2.00576,-1.31026265592085
8359,2.006,-1.35300072976996
8360,2.00624,-1.99874169468779
8361,2.00648,-1.55633066664753
8362,2.00672,-1.95899503207508
8363,2.00696,-1.6471502705901
8364,2.0072,-2.41192905728592
8365,2.00744,-2.21826849392125
8366,2.00768,-1.91424003014251
8367,2.00792,-2.08723856622029
8368,2.00816,-2.02391596049589
8369,2.0084,-2.45633061490817
8370,2.00864,-2.28625719983789
8371,2.00888,-2.00025388847369
8372,2.00912,-2.69167810197151
8373,2.00936,-2.17640288407784
8374,2.0096,-2.40687049186793
8375,2.00984,-2.75501485589697
8376,2.01008,-2.14596400606082
8377,2.01032,-2.76539001996283
8378,2.01056,-2.77561666085974
8379,2.0108,-2.08466459007356
8380,2.01104,-3.0978692596995
8381,2.01128,-2.65204536442012
8382,2.01152,-2.47876656819962
8383,2.01176,-3.52425035505215
8384,2.012,-2.40468404953203
8385,2.01224,-2.88951426255039
8386,2.01248,-3.4818549653953
8387,2.01272,-2.29218129407398
8388,2.01296,-3.06178790815857
8389,2.0132,-3.09366223704108
8390,2.01344,-2.68152207745739
8391,2.01368,-3.73888775980866
8392,2.01392,-2.6239027122635
8393,2.01416,-3.11664188739968
8394,2.0144,-3.71268754952257
8395,2.01464,-2.77827626404184
8396,2.01488,-2.96808470174693
8397,2.01512,-3.99850719865072
8398,2.01536,-3.11191877976945
8399,2.0156,-2.64469926302003
8400,2.01584,-3.26567105928304
8401,2.01608,-3.88068470319161
8402,2.01632,-2.37514207309705
8403,2.01656,-2.95362678336834
8404,2.0168,-3.6464432649909
8405,2.01704,-2.66737903429631
8406,2.01728,-2.71669308808522
8407,2.01752,-3.36824655028828
8408,2.01776,-3.17340495142642
8409,2.018,-2.68284077682493
8410,2.01824,-3.40111097909526
8411,2.01848,-2.80533350542251
8412,2.01872,-2.51467147282707
8413,2.01896,-3.5436138310185
8414,2.0192,-2.53820674026533
8415,2.01944,-2.56339720680054
8416,2.01968,-3.42570115929238
8417,2.01992,-1.91510217872961
8418,2.02016,-2.96772036986523
8419,2.0204,-3.04448782673736
8420,2.02064,-2.10411554818284
8421,2.02088,-3.33644580943004
8422,2.02112,-2.29587200842976
8423,2.02136,-2.40538562278589
8424,2.0216,-2.9761713998897
8425,2.02184,-1.79021245008365
8426,2.02208,-2.92174392951739
8427,2.02232,-2.36021708445109
8428,2.02256,-1.74992411898474
8429,2.0228,-2.82288920729876
8430,2.02304,-2.22009092949435
8431,2.02328,-1.32115398767546
8432,2.02352,-2.60067597340506
8433,2.02376,-2.07517072830539
8434,2.024,-1.12912398500184
8435,2.02424,-2.6064726235058
8436,2.02448,-1.79786211674849
8437,2.02472,-1.29290349597537
8438,2.02496,-2.69835182166144
8439,2.0252,-1.95075723809569
8440,2.02544,-1.2582913944338
8441,2.02568,-1.08680630486466
8442,2.02592,-2.12188608146174
8443,2.02616,-2.07202452130299
8444,2.0264,-1.11868143136222
8445,2.02664,-1.62236156797903
8446,2.02688,-1.76359449673111
8447,2.02712,-0.493814775643863
8448,2.02736,-1.31870552653535
8449,2.0276,-1.53553136018541
8450,2.02784,-0.566777702481802
8451,2.02808,-0.861250981341314
8452,2.02832,-1.14439046241112
8453,2.02856,-0.357644801720636
8454,2.0288,-0.69920066558907
8455,2.02904,-1.15208233165072
8456,2.02928,-0.0761032759442539
8457,2.02952,-0.704269372273406
8458,2.02976,-0.6071735084642
8459,2.03,0.0475849880165553
8460,2.03024,-0.983460790512141
8461,2.03048,-0.101573803930389
8462,2.03072,0.141778882725341
8463,2.03096,-0.688339020946679
8464,2.0312,0.37570449929676
8465,2.03144,0.106781820390372
8466,2.03168,-0.167566362294026
8467,2.03192,0.248316318607306
8468,2.03216,0.0693381394712711
8469,2.0324,0.468515640567002
8470,2.03264,0.608014951407777
8471,2.03288,0.517515792451988
8472,2.03312,0.643824162294895
8473,2.03336,0.630820336842039
8474,2.0336,0.388967866584514
8475,2.03384,1.08987797893269
8476,2.03408,0.810173747878502
8477,2.03432,0.780736186866183
8478,2.03456,1.10075595685541
8479,2.0348,1.16431702199378
8480,2.03504,0.993953751037716
8481,2.03528,1.53503377459657
8482,2.03552,1.10283757622776
8483,2.03576,1.6419650317045
8484,2.036,1.44077638181065
8485,2.03624,1.48794944221037
8486,2.03648,1.53350472337783
8487,2.03672,1.57705078221516
8488,2.03696,1.49759725953482
8489,2.0372,1.77911347012643
8490,2.03744,1.82124755033711
8491,2.03768,1.62320376418885
8492,2.03792,1.54714793604364
8493,2.03816,2.43844393454428
8494,2.0384,2.00168080543778
8495,2.03864,2.05574895554948
8496,2.03888,1.99770107076543
8497,2.03912,2.17662108970079
8498,2.03936,2.11968198593969
8499,2.0396,2.0807704658479
8500,2.03984,2.27620247962445
8501,2.04008,2.24709624193616
8502,2.04032,2.94881902344482
8503,2.04056,2.4414542623692
8504,2.0408,2.19948302512688
8505,2.04104,3.16366471915324
8506,2.04128,2.32320119775201
8507,2.04152,2.59802002505693
8508,2.04176,2.98110304974796
8509,2.042,2.30612559507861
8510,2.04224,2.73416933070141
8511,2.04248,2.79023860921199
8512,2.04272,2.7618795585774
8513,2.04296,2.85760704205322
8514,2.0432,2.36615134556473
8515,2.04344,3.34767337193942
8516,2.04368,2.87191275787477
8517,2.04392,2.44153796998351
8518,2.04416,3.57684455340183
8519,2.0444,2.78582759583771
8520,2.04464,2.41142320656113
8521,2.04488,3.59786170257828
8522,2.04512,3.22213492745656
8523,2.04536,2.53818576657137
8524,2.0456,3.05006656546993
8525,2.04584,2.86989748986335
8526,2.04608,3.68645222486905
8527,2.04632,2.33322963704246
8528,2.04656,2.72240488001518
8529,2.0468,3.1163632387237
8530,2.04704,3.74475275431531
8531,2.04728,2.23881273778771
8532,2.04752,2.947877933372
8533,2.04776,3.64999272887294
8534,2.048,2.68145816997377
8535,2.04824,2.38662246982505
8536,2.04848,3.06159217754037
8537,2.04872,2.88742854667793
8538,2.04896,2.41235779493045
8539,2.0492,3.15318797260407
8540,2.04944,3.28124195037394
8541,2.04968,2.14880464882353
8542,2.04992,3.08569852380312
8543,2.05016,3.28803396399004
8544,2.0504,2.22486598111266
8545,2.05064,3.22825547783714
8546,2.05088,2.90406322134949
8547,2.05112,2.16971754212752
8548,2.05136,3.36243202635392
8549,2.0516,2.51495811714506
8550,2.05184,2.34173082433751
8551,2.05208,3.35624520983569
8552,2.05232,2.11511493320049
8553,2.05256,2.73202630629285
8554,2.0528,2.96425349419935
8555,2.05304,1.92825649936032
8556,2.05328,2.62104334859562
8557,2.05352,2.45838541586297
8558,2.05376,1.39432659339189
8559,2.054,2.6327768920799
8560,2.05424,2.42258747220699
8561,2.05448,1.4259442399517
8562,2.05472,2.39075057584274
8563,2.05496,2.37394549628153
8564,2.0552,1.56775616487988
8565,2.05544,2.00547392381572
8566,2.05568,2.4237048398254
8567,2.05592,1.56049968783558
8568,2.05616,0.871937794858381
8569,2.0564,2.22415873661947
8570,2.05664,0.711629181061719
8571,2.05688,1.41500564237308
8572,2.05712,2.11183870860674
8573,2.05736,1.61162287826207
8574,2.0576,1.17688099704286
8575,2.05784,1.22848144702659
8576,2.05808,2.00603531426745
8577,2.05832,0.177602735344585
8578,2.05856,1.15073358834459
8579,2.0588,1.15034585080043
8580,2.05904,0.586717720912431
8581,2.05928,0.537508788962764
8582,2.05952,1.20640980757791
8583,2.05976,0.695681926858244
8584,2.06,0.700634885348131
8585,2.06024,0.698963287248432
8586,2.06048,0.128778108538613
8587,2.06072,0.542759097025611
8588,2.06096,0.230695291789486
8589,2.0612,-0.159773085518692
8590,2.06144,0.416970711352954
8591,2.06168,-0.204120884520534
8592,2.06192,0.174205509316173
8593,2.06216,0.304166480199787
8594,2.0624,-0.50126405964095
8595,2.06264,-0.0891417259189917
8596,2.06288,-0.280572277231128
8597,2.06312,-0.32002247406716
8598,2.06336,-0.356988543267511
8599,2.0636,-0.513852591350908
8600,2.06384,-0.761140364266512
8601,2.06408,-0.764065768654709
8602,2.06432,-0.645955370204423
8603,2.06456,-0.745107178883233
8604,2.0648,-0.71992151305144
8605,2.06504,-1.0564627576581
8606,2.06528,-0.772087308401723
8607,2.06552,-1.08546555540131
8608,2.06576,-1.39938970955137
8609,2.066,-1.09762661102069
8610,2.06624,-1.39306220641203
8611,2.06648,-1.5730711770389
8612,2.06672,-1.13956208409526
8613,2.06696,-1.42072342447313
8614,2.0672,-1.70748887436221
8615,2.06744,-1.27328970666964
8616,2.06768,-1.19661130154955
8617,2.06792,-1.4831186685111
8618,2.06816,-2.12800420055581
8619,2.0684,-1.68691403471322
8620,2.06864,-1.96672988850555
8621,2.06888,-1.89864046872832
8622,2.06912,-2.54487638458704
8623,2.06936,-2.10864346044402
8624,2.0696,-1.80994075216785
8625,2.06984,-2.46894948069223
8626,2.07008,-2.16569460094345
8627,2.07032,-2.0034410670366
8628,2.07056,-2.43644335969203
8629,2.0708,-2.15674207931437
8630,2.07104,-2.61672112693388
8631,2.07128,-2.34654400082443
8632,2.07152,-2.21814281685177
8633,2.07176,-2.94195314633256
8634,2.072,-2.33501404807829
8635,2.07224,-2.6007855892652
8636,2.07248,-3.22292556068637
8637,2.07272,-2.17325606652989
8638,2.07296,-2.95985715624024
8639,2.0732,-3.12810313789486
8640,2.07344,-2.36803577571076
8641,2.07368,-3.30242631086936
8642,2.07392,-2.55333070551184
8643,2.07416,-2.80865972535323
8644,2.0744,-3.16810970962944
8645,2.07464,-2.11767867591042
8646,2.07488,-3.0143445663547
8647,2.07512,-3.29633576667574
8648,2.07536,-2.18031368382367
8649,2.0756,-3.60435889839464
8650,2.07584,-3.09533943820834
8651,2.07608,-2.1513819412248
8652,2.07632,-3.75067912781082
8653,2.07656,-2.82945185968654
8654,2.0768,-2.55155090049232
8655,2.07704,-3.74299648768066
8656,2.07728,-2.29436963714202
8657,2.07752,-2.80869257696872
8658,2.07776,-3.32343333817581
8659,2.078,-3.83335238649599
8660,2.07824,-2.21428564487694
8661,2.07848,-2.81554259049612
8662,2.07872,-3.41435964579481
8663,2.07896,-2.93200120172928
8664,2.0792,-2.7542064931535
8665,2.07944,-3.41932056867221
8666,2.07968,-3.00802595943689
8667,2.07992,-2.42180405166941
8668,2.08016,-3.28574681198915
8669,2.0804,-2.94540473528238
8670,2.08064,-2.552454301095
8671,2.08088,-3.59831254513537
8672,2.08112,-2.37789147880523
8673,2.08136,-2.78327145552552
8674,2.0816,-3.16999739421345
8675,2.08184,-2.04560984023128
8676,2.08208,-3.1137307072067
8677,2.08232,-2.61126470438647
8678,2.08256,-2.41493433310894
8679,2.0828,-3.29803701998466
8680,2.08304,-2.04773831249643
8681,2.08328,-2.65089890240691
8682,2.08352,-2.87575633720292
8683,2.08376,-1.71383501178723
8684,2.084,-2.6219207821321
8685,2.08424,-3.03729601656992
8686,2.08448,-1.94043617860344
8687,2.08472,-2.21680738520807
8688,2.08496,-2.95813519017571
8689,2.0852,-1.9321785289929
8690,2.08544,-1.92211224855899
8691,2.08568,-2.62076880477206
8692,2.08592,-1.78787503406532
8693,2.08616,-1.73087030853977
8694,2.0864,-2.02415915561339
8695,2.08664,-1.16372525748023
8696,2.08688,-2.36357218284768
8697,2.08712,-1.64833564554047
8698,2.08736,-0.743587071003359
8699,2.0876,-1.55441031776527
8700,2.08784,-2.11192180661312
8701,2.08808,-1.24066382842399
8702,2.08832,-1.15145620899786
8703,2.08856,-2.02188576332754
8704,2.0888,-1.81161107725232
8705,2.08904,-0.942722992135407
8706,2.08928,-1.16811113126949
8707,2.08952,-1.63270575265429
8708,2.08976,-0.207603083277087
8709,2.09,-1.22459278461671
8710,2.09024,-1.15054740041029
8711,2.09048,-0.159746321203087
8712,2.09072,-0.50949326269135
8713,2.09096,-1.21511949664915
8714,2.0912,-0.15797150285532
8715,2.09144,-0.438108079255935
8716,2.09168,-0.598240707586162
8717,2.09192,-0.198687505118538
8718,2.09216,-0.397234182593727
8719,2.0924,-0.130901054676877
8720,2.09264,-0.136877179355002
8721,2.09288,-0.135001210602299
8722,2.09312,0.316441638155229
8723,2.09336,0.268768196181431
8724,2.0936,0.107298347748919
8725,2.09384,0.157894365874
8726,2.09408,0.198454907671536
8727,2.09432,0.600594953766959
8728,2.09456,0.732221926532689
8729,2.0948,0.0254587186731994
8730,2.09504,0.755099580851903
8731,2.09528,1.21602309584893
8732,2.09552,0.481137148115862
8733,2.09576,0.822213446938566
8734,2.096,1.26118835899453
8735,2.09624,0.986334728793966
8736,2.09648,0.936872699964406
8737,2.09672,1.6008339469512
8738,2.09696,1.30388231201854
8739,2.0972,1.11790865281053
8740,2.09744,1.52800082586438
8741,2.09768,1.33231812313273
8742,2.09792,1.73758516365288
8743,2.09816,1.42300784460315
8744,2.0984,1.82713623463444
8745,2.09864,1.63198915701808
8746,2.09888,1.91656737420167
8747,2.09912,1.83993044282702
8748,2.09936,1.75700013806958
8749,2.0996,2.16342743609956
8750,2.09984,2.09116126316078
8751,2.10008,2.01320002744785
8752,2.10032,1.70883920886651
8753,2.10056,2.36813223880847
8754,2.1008,2.30023912548905
8755,2.10104,1.76757714172581
8756,2.10128,2.68457869140945
8757,2.10152,2.51277001259684
8758,2.10176,2.24565653786253
8759,2.102,2.58459066117615
8760,2.10224,2.4351517605765
8761,2.10248,2.3141711072344
8762,2.10272,2.79344270998267
8763,2.10296,2.43445380418957
8764,2.1032,2.70406652447289
8765,2.10344,2.60453506640662
8766,2.10368,2.65273013328493
8767,2.10392,2.71452277151188
8768,2.10416,2.76808344729806
8769,2.1044,2.49250516959829
8770,2.10464,2.5984719430349
8771,2.10488,2.81631676136363
8772,2.10512,2.70655236542579
8773,2.10536,3.56649522450351
8774,2.1056,2.97765618807617
8775,2.10584,2.67167278648298
8776,2.10608,3.47956954056169
8777,2.10632,3.06263284336873
8778,2.10656,2.80163433376341
8779,2.1068,3.53472120667732
8780,2.10704,3.16754502176518
8781,2.10728,2.95732467930125
8782,2.10752,2.19817445290551
8783,2.10776,3.83439151153133
8784,2.108,2.83843696012579
8785,2.10824,2.50024394152401
8786,2.10848,3.01120590832328
8787,2.10872,3.52444853807859
8788,2.10896,2.7237857786193
8789,2.1092,2.70875049834113
8790,2.10944,3.29618986049641
8791,2.10968,3.40419288779361
8792,2.10992,2.3627018053089
8793,2.11016,3.15286796554421
8794,2.1104,3.08967709890202
8795,2.11064,2.122860946379
8796,2.11088,2.98531044233475
8797,2.11112,3.71860027512972
8798,2.11136,2.44152204050119
8799,2.1116,2.30992089641638
8800,2.11184,3.37636439714688
8801,2.11208,2.51998543564541
8802,2.11232,2.57435530854656
8803,2.11256,3.45789833814294
8804,2.1128,2.09070749579397
8805,2.11304,2.8198115710457
8806,2.11328,3.04530478102596
8807,2.11352,1.7658244576694
8808,2.11376,3.04157318332216
8809,2.114,2.38606504824615
8810,2.11424,2.15900519846543
8811,2.11448,3.12940961458202
8812,2.11472,1.84593461596283
8813,2.11496,2.5356644970039
8814,2.1152,2.60860860089929
8815,2.11544,1.53640756833689
8816,2.11568,3.00310924478781
8817,2.11592,2.18683099034835
8818,2.11616,1.31994829918665
8819,2.1164,2.50341792830889
8820,2.11664,2.24006423467497
8821,2.11688,1.19620780882939
8822,2.11712,2.56659592721801
8823,2.11736,2.0177137132176
8824,2.1176,1.05087714008367
8825,2.11784,2.25366877838106
8826,2.11808,1.67080229286983
8827,2.11832,0.773664054225292
8828,2.11856,1.59074656189963
8829,2.1188,1.68347775846789
8830,2.11904,1.18846017643611
8831,2.11928,0.873731363589248
8832,2.11952,1.88089008573282
8833,2.11976,1.68359377384815
8834,2.12,0.825614462931081
8835,2.12024,1.29936794478807
8836,2.12048,1.16935484841891
8837,2.12072,0.13489841833252
8838,2.12096,1.03559895530611
8839,2.1212,0.848425147312952
8840,2.12144,-0.0154171532813769
8841,2.12168,1.06079407962971
8842,2.12192,0.926918737896875
8843,2.12216,-0.00404609353979812
8844,2.1224,0.401467324506878
8845,2.12264,0.687452474776494
8846,2.12288,0.0508736111113539
8847,2.12312,0.374574017798214
8848,2.12336,0.119555737180431
8849,2.1236,0.0073936680234914
8850,2.12384,0.0120546997732329
8851,2.12408,-0.308797377233021
8852,2.12432,-0.0285044424034369
8853,2.12456,-0.460232321574546
8854,2.1248,-0.378696549924416
8855,2.12504,-0.187736447934143
8856,2.12528,-0.573006449688005
8857,2.12552,-0.345124241639148
8858,2.12576,-0.720845304657913
8859,2.126,-0.706516743730064
8860,2.12624,-0.575674235940467
8861,2.12648,-1.03961267918001
8862,2.12672,-1.00016189957743
8863,2.12696,-0.851583303129268
8864,2.1272,-1.17054911902606
8865,2.12744,-0.872450788900361
8866,2.12768,-0.943110720754222
8867,2.12792,-1.36491809429059
8868,2.12816,-1.05272566945642
8869,2.1284,-1.1099490894891
8870,2.12864,-1.52252234312168
8871,2.12888,-1.80378577459502
8872,2.12912,-1.48705016536947
8873,2.12936,-1.88929183463584
8874,2.1296,-1.57226847217853
8875,2.12984,-1.97501496121084
8876,2.13008,-1.90008505828303
8877,2.13032,-1.82105334017125
8878,2.13056,-2.10692100316981
8879,2.1308,-2.27551004580309
8880,2.13104,-2.07957917208174
8881,2.13128,-1.89781286327364
8882,2.13152,-2.67758552126958
8883,2.13176,-2.13417367577308
8884,2.132,-1.97101624731204
8885,2.13224,-2.65007003003
8886,2.13248,-2.36295241822916
8887,2.13272,-2.2192149457734
8888,2.13296,-2.91608064989813
8889,2.1332,-1.93213309051175
8890,2.13344,-2.5399947090908
8891,2.13368,-3.01784287195712
8892,2.13392,-2.18508477926507
8893,2.13416,-2.70200391017524
8894,2.1344,-2.84548741368884
8895,2.13464,-2.41882577259068
8896,2.13488,-3.08229258173281
8897,2.13512,-2.78255255641917
8898,2.13536,-2.88200117446869
8899,2.1356,-3.21350162659159
8900,2.13584,-2.48156446359386
8901,2.13608,-2.87276881965438
8902,2.13632,-3.4873418990349
8903,2.13656,-2.67777635839619
8904,2.1368,-2.63504811753049
8905,2.13704,-3.17831825974988
8906,2.13728,-2.78635125797808
8907,2.13752,-3.50363664148011
8908,2.13776,-3.24456005480662
8909,2.138,-2.66382064318736
8910,2.13824,-2.37584722953033
8911,2.13848,-3.51436755445014
8912,2.13872,-2.86926686682616
8913,2.13896,-2.39145634879282
8914,2.1392,-2.89829687147419
8915,2.13944,-3.40002531377951
8916,2.13968,-3.66396527777548
8917,2.13992,-2.2945892045356
8918,2.14016,-3.00869993802604
8919,2.1404,-3.59149794904293
8920,2.14064,-2.27456902162819
8921,2.14088,-3.17434365784369
8922,2.14112,-3.45429513712998
8923,2.14136,-2.2256160061114
8924,2.1416,-3.19413119788696
8925,2.14184,-3.30184576605102
8926,2.14208,-2.14900896367608
8927,2.14232,-3.06680107311584
8928,2.14256,-3.61449290868954
8929,2.1428,-2.39667469577032
8930,2.14304,-2.67437625589404
8931,2.14328,-3.30107486382643
8932,2.14352,-2.04699711652711
8933,2.14376,-3.10619954721156
8934,2.144,-2.72032588413709
8935,2.14424,-2.27882413380515
8936,2.14448,-3.51667695074899
8937,2.14472,-2.25116583895463
8938,2.14496,-2.60636195729077
8939,2.1452,-2.94352317134718
8940,2.14544,-1.77143190775892
8941,2.14568,-2.79866688865153
8942,2.14592,-2.60868444232969
8943,2.14616,-1.51858547740065
8944,2.1464,-2.74219762616339
8945,2.14664,-2.27011129189948
8946,2.14688,-1.2609009984759
8947,2.14712,-2.67399255608988
8948,2.14736,-2.27435384054444
8949,2.1476,-1.09620313109903
8950,2.14784,-2.58623256102158
8951,2.14808,-2.02449350920472
8952,2.14832,-1.16301580704611
8953,2.14856,-2.36473433926629
8954,2.1488,-1.98876958903268
8955,2.14904,-1.54482292639955
8956,2.14928,-1.1494383512204
8957,2.14952,-1.24425356066515
8958,2.14976,-2.06211732711125
8959,2.15,-1.56651170779847
8960,2.15024,-1.13612115948042
8961,2.15048,-1.19182482944354
8962,2.15072,-2.09265491655919
8963,2.15096,-0.383012780380477
8964,2.1512,-1.35124968481995
8965,2.15144,-1.11244284386237
8966,2.15168,-0.205141374714895
8967,2.15192,-1.23085246283797
8968,2.15216,-1.28811928895946
8969,2.1524,-0.30981528461169
8970,2.15264,-0.547437676999418
8971,2.15288,-1.0260536744251
8972,2.15312,-0.225095892457277
8973,2.15336,-0.510355495692658
8974,2.1536,-0.447392563971895
8975,2.15384,-0.176745117947273
8976,2.15408,-0.380567864534101
8977,2.15432,-0.0149475021234975
8978,2.15456,-0.142119343554397
8979,2.1548,0.206780465150464
8980,2.15504,0.15749356944923
8981,2.15528,-0.122940667645235
8982,2.15552,0.657703140039167
8983,2.15576,0.0959186109853702
8984,2.156,0.501947112231617
8985,2.15624,0.639775930840781
8986,2.15648,0.171721229547229
8987,2.15672,0.542441517431063
8988,2.15696,1.24947681460606
8989,2.1572,0.874759474287312
8990,2.15744,0.737711226071508
8991,2.15768,1.05916838569937
8992,2.15792,1.02147312583978
8993,2.15816,0.975287693194863
8994,2.1584,1.15791782510878
8995,2.15864,1.22707520084073
8996,2.15888,1.28003574535163
8997,2.15912,1.5699043864324
8998,2.15936,1.2679220510532
8999,2.1596,1.19736710804474
9000,2.15984,1.24193621117219
9001,2.16008,1.88827771937443
9002,2.16032,1.68661536925609
9003,2.16056,2.08572138270663
9004,2.1608,1.64941842114165
9005,2.16104,1.80955960849209
9006,2.16128,1.97245095850484
9007,2.16152,2.1437886131865
9008,2.16176,1.82592322603902
9009,2.162,2.11594819876676
9010,2.16224,1.81878064226474
9011,2.16248,2.4786179908569
9012,2.16272,2.05694661960531
9013,2.16296,2.49518608338542
9014,2.1632,2.20743110825113
9015,2.16344,1.93000800732972
9016,2.16368,2.632363663846
9017,2.16392,2.84172758522994
9018,2.16416,2.23011120259641
9019,2.1644,2.8343273009882
9020,2.16464,2.70773768138879
9021,2.16488,2.25515632544641
9022,2.16512,2.87853966079702
9023,2.16536,2.55362069867973
9024,2.1656,3.09933638169183
9025,2.16584,2.66998764104237
9026,2.16608,2.63365263493715
9027,2.16632,3.44969913699128
9028,2.16656,2.46050107804576
9029,2.1668,2.83515701234755
9030,2.16704,3.44099634735918
9031,2.16728,2.62283937250231
9032,2.16752,2.68711830028454
9033,2.16776,3.70421042848911
9034,2.168,2.92628008815778
9035,2.16824,2.67905412427734
9036,2.16848,3.74685416901431
9037,2.16872,3.01853935624119
9038,2.16896,2.46212738936399
9039,2.1692,3.61377361905469
9040,2.16944,3.53744536606256
9041,2.16968,2.66813233825774
9042,2.16992,2.56771625129966
9043,2.17016,3.07290029347288
9044,2.1704,3.45772639321802
9045,2.17064,2.68005188580539
9046,2.17088,3.24458997312102
9047,2.17112,3.80267077673525
9048,2.17136,2.35351198705221
9049,2.1716,2.99903566386777
9050,2.17184,3.63643432264497
9051,2.17208,2.60404118887111
9052,2.17232,2.60532385080781
9053,2.17256,3.44258874813768
9054,2.1728,2.83871582540736
9055,2.17304,2.42294999476281
9056,2.17328,3.45465417681889
9057,2.17352,2.68457467078806
9058,2.17376,2.46558811429533
9059,2.174,3.45033617817462
9060,2.17424,2.39879343788029
9061,2.17448,2.4979658444877
9062,2.17472,3.42642514851293
9063,2.17496,1.98208856663451
9064,2.1752,2.86929318166861
9065,2.17544,2.66367672202609
9066,2.17568,2.27820045723033
9067,2.17592,3.10798514796847
9068,2.17616,2.2575657664958
9069,2.1764,2.31362500981204
9070,2.17664,2.84102417516785
9071,2.17688,1.61029433593142
9072,2.17712,2.81562767244001
9073,2.17736,2.21265705342087
9074,2.1776,1.55451913417747
9075,2.17784,2.70212126863483
9076,2.17808,2.16980836553922
9077,2.17832,1.46138971226477
9078,2.17856,2.68069812827937
9079,2.1788,1.86690730731455
9080,2.17904,1.3570141501404
9081,2.17928,2.28147142465805
9082,2.17952,1.43278428952935
9083,2.17976,1.00045167328306
9084,2.18,2.00337538856284
9085,2.18024,0.859729534936992
9086,2.18048,0.974672053743905
9087,2.18072,2.05222815137995
9088,2.18096,1.68474053831408
9089,2.1812,1.02068118582994
9090,2.18144,1.32305491483864
9091,2.18168,1.7450230393283
9092,2.18192,0.899200846668335
9093,2.18216,1.02644720484553
9094,2.1824,0.323732557470018
9095,2.18264,0.872373804339706
9096,2.18288,1.05312604322818
9097,2.18312,0.520647969719915
9098,2.18336,0.159354119498879
9099,2.1836,1.11949525407848
9100,2.18384,0.283737177619982
9101,2.18408,0.212782944249063
9102,2.18432,0.735591197433928
9103,2.18456,-0.146266440917304
9104,2.1848,0.543344073584893
9105,2.18504,0.273533669111466
9106,2.18528,-0.201026095245205
9107,2.18552,0.403588929658605
9108,2.18576,-0.287940003344679
9109,2.186,-0.125548572133305
9110,2.18624,-0.0819986331230997
9111,2.18648,-0.488696301054433
9112,2.18672,-0.178551096199017
9113,2.18696,-0.690599666541243
9114,2.1872,-0.458882137494053
9115,2.18744,-0.474689978275322
9116,2.18768,-0.952908689370629
9117,2.18792,-0.570656416782411
9118,2.18816,-0.558732567983856
9119,2.1884,-0.897745426202191
9120,2.18864,-1.33741198090425
9121,2.18888,-1.05694599255391
9122,2.18912,-0.768407336650152
9123,2.18936,-1.4316655218955
9124,2.1896,-0.888674954142698
9125,2.18984,-1.31585432381674
9126,2.19008,-1.36504107385545
9127,2.19032,-1.76668821610795
9128,2.19056,-1.3347630977087
9129,2.1908,-1.98138004327182
9130,2.19104,-1.42671243137105
9131,2.19128,-1.70952779445553
9132,2.19152,-1.75456124170732
9133,2.19176,-1.79168658201163
9134,2.192,-1.95287445428916
9135,2.19224,-1.88347349620382
9136,2.19248,-2.52817132848468
9137,2.19272,-1.97352610936278
9138,2.19296,-2.03046224374582
9139,2.1932,-2.20659605590601
9140,2.19344,-1.9055733627263
9141,2.19368,-2.58169363990109
9142,2.19392,-2.16860869855934
9143,2.19416,-1.76394221320051
9144,2.1944,-2.46243297227032
9145,2.19464,-2.78843365461113
9146,2.19488,-2.4084136686598
9147,2.19512,-2.64767484459926
9148,2.19536,-2.63615893083862
9149,2.1956,-2.41553307721947
9150,2.19584,-2.91600165733142
9151,2.19608,-2.5783071082225
9152,2.19632,-2.87684378232777
9153,2.19656,-3.04679200323179
9154,2.1968,-2.74411624749778
9155,2.19704,-2.4804914389959
9156,2.19728,-2.80434734888999
9157,2.19752,-2.55392708855446
9158,2.19776,-3.29317037225463
9159,2.198,-2.93362269960115
9160,2.19824,-2.60800438273388
9161,2.19848,-3.16128907473292
9162,2.19872,-3.69116060507124
9163,2.19896,-2.68864171136093
9164,2.1992,-3.17226327607121
9165,2.19944,-3.27766758621793
9166,2.19968,-2.58740838359738
9167,2.19992,-3.83487674771369
9168,2.20016,-2.67527423810025
9169,2.2004,-2.6513028789304
9170,2.20064,-3.34167348775456
9171,2.20088,-2.51275973312316
9172,2.20112,-3.03056268721832
9173,2.20136,-3.77869690967498
9174,2.2016,-2.38553076565075
9175,2.20184,-2.85344714726665
9176,2.20208,-3.43964143625396
9177,2.20232,-3.3060563560096
9178,2.20256,-2.51094475337345
9179,2.2028,-3.29686643829737
9180,2.20304,-2.4043466154421
9181,2.20328,-2.53643842088632
9182,2.20352,-3.3843807152051
9183,2.20376,-2.79159882066599
9184,2.204,-2.50720255141188
9185,2.20424,-3.42950679641843
9186,2.20448,-2.55075792857724
9187,2.20472,-2.58161488590582
9188,2.20496,-3.4462510516983
9189,2.2052,-1.93998110500735
9190,2.20544,-2.998478801642
9191,2.20568,-2.72616798290292
9192,2.20592,-2.27693549709792
9193,2.20616,-3.39181416534554
9194,2.2064,-2.2397587804202
9195,2.20664,-2.58975801545526
9196,2.20688,-3.04303723301222
9197,2.20712,-1.86264647626569
9198,2.20736,-2.6476259560735
9199,2.2076,-2.57231155361056
9200,2.20784,-1.59625305525145
9201,2.20808,-2.69203749925165
9202,2.20832,-2.45265176306991
9203,2.20856,-1.54983707239374
9204,2.2088,-2.36855009226575
9205,2.20904,-2.68366913764756
9206,2.20928,-1.72242182401465
9207,2.20952,-2.36450638780912
9208,2.20976,-2.27473849236997
9209,2.21,-1.51039190146177
9210,2.21024,-2.10865636792035
9211,2.21048,-1.97162536712308
9212,2.21072,-1.2839769158022
9213,2.21096,-0.763209204051816
9214,2.2112,-1.57772057120981
9215,2.21144,-1.6689681649788
9216,2.21168,-2.24663470711424
9217,2.21192,-0.475199529441486
9218,2.21216,-1.25815443958758
9219,2.2124,-1.43513414805778
9220,2.21264,-0.317737015285015
9221,2.21288,-1.40333359999428
9222,2.21312,-1.15669520460195
9223,2.21336,-0.240559482743587
9224,2.2136,-1.38522326849966
9225,2.21384,-1.07614521466857
9226,2.21408,-0.457812509102158
9227,2.21432,-0.802435537823849
9228,2.21456,-0.568537445533821
9229,2.2148,-0.482763050546252
9230,2.21504,-0.87320247280004
9231,2.21528,-0.0984968728095714
9232,2.21552,-0.29828255933853
9233,2.21576,-0.0186136007885134
9234,2.216,0.102915144618624
9235,2.21624,-0.616503042155943
9236,2.21648,0.332019640929558
9237,2.21672,0.290779604124273
9238,2.21696,-0.224688730057124
9239,2.2172,0.791646063584105
9240,2.21744,0.359433244511932
9241,2.21768,0.164581264724941
9242,2.21792,0.785415792583565
9243,2.21816,0.688376414359854
9244,2.2184,0.450422949056111
9245,2.21864,0.677788348943346
9246,2.21888,0.554502958258442
9247,2.21912,1.2512992006778
9248,2.21936,0.847988138605899
9249,2.2196,0.816000144812395
9250,2.21984,1.01381702899731
9251,2.22008,1.19475905273525
9252,2.22032,1.50749463032445
9253,2.22056,0.959828292462522
9254,2.2208,1.6109537972336
9255,2.22104,1.31349047396231
9256,2.22128,1.35524034057233
9257,2.22152,1.87893355090534
9258,2.22176,1.32182113503618
9259,2.222,1.96572585056973
9260,2.22224,1.5264786092959
9261,2.22248,2.05036542981823
9262,2.22272,1.73270822120653
9263,2.22296,1.7743759838268
9264,2.2232,1.6979542193076
9265,2.22344,2.34809128767952
9266,2.22368,2.15203872767094
9267,2.22392,1.85094803827386
9268,2.22416,2.5128625070981
9269,2.2244,2.4468523585583
9270,2.22464,2.16114880038787
9271,2.22488,2.24135826840824
9272,2.22512,2.31445784709231
9273,2.22536,2.65059281638214
9274,2.2256,2.38970869263436
9275,2.22584,2.12747377682979
9276,2.22608,2.85297969388053
9277,2.22632,2.36925265735046
9278,2.22656,2.26892290546044
9279,2.2268,3.2610770586602
9280,2.22704,2.20647311530654
9281,2.22728,2.62955589663754
9282,2.22752,3.28465521519226
9283,2.22776,2.7502269040076
9284,2.228,2.84943261224911
9285,2.22824,3.53802971676498
9286,2.22848,2.43726439012151
9287,2.22872,2.58689384402884
9288,2.22896,3.69027238207549
9289,2.2292,2.63275006531208
9290,2.22944,2.46552717840303
9291,2.22968,3.62207432456551
9292,2.22992,3.21707888093156
9293,2.23016,2.26008426504654
9294,2.2304,3.22790305993899
9295,2.23064,2.77566178225735
9296,2.23088,3.56372640013612
9297,2.23112,3.36873226292055
9298,2.23136,2.38241042625252
9299,2.2316,2.75470977032343
9300,2.23184,3.13231416568188
9301,2.23208,3.74486111126786
9302,2.23232,2.45630433690001
9303,2.23256,3.0266411904495
9304,2.2328,3.59390330400013
9305,2.23304,2.84710351558208
9306,2.23328,2.64670298288927
9307,2.23352,3.41027408927133
9308,2.23376,3.33212583665611
9309,2.234,2.47104644233704
9310,2.23424,3.30920287022877
9311,2.23448,2.94066442513056
9312,2.23472,2.51912316124248
9313,2.23496,3.3079778157923
9314,2.2352,2.6539973521032
9315,2.23544,2.78570684255121
9316,2.23568,3.51188351837858
9317,2.23592,1.98865196706515
9318,2.23616,3.02878019793013
9319,2.2364,2.74183646444523
9320,2.23664,2.27780786446859
9321,2.23688,3.37641755166939
9322,2.23712,2.21176137422769
9323,2.23736,2.5480639024519
9324,2.2376,2.98827865492022
9325,2.23784,1.79933315129119
9326,2.23808,2.9213150272642
9327,2.23832,2.35142682487181
9328,2.23856,2.09130434094555
9329,2.2388,2.78328216315068
9330,2.23904,1.59265180699808
9331,2.23928,2.48955949245993
9332,2.23952,2.64186399170636
9333,2.23976,1.76649386794315
9334,2.24,2.02139336355344
9335,2.24024,2.25970607265252
9336,2.24048,1.34411621236811
9337,2.24072,2.48957019384992
9338,2.24096,1.95472000721641
9339,2.2412,1.23394246094725
9340,2.24144,2.33674613660653
9341,2.24168,1.99169675147779
9342,2.24192,0.631123998733415
9343,2.24216,1.58000021407776
9344,2.2424,1.56258986415702
9345,2.24264,2.39090371586118
9346,2.24288,0.382832872568334
9347,2.24312,1.41862504626927
9348,2.24336,1.60205374248135
9349,2.2436,0.373751073676255
9350,2.24384,1.22857484202332
9351,2.24408,0.875136287357116
9352,2.24432,0.215423051964169
9353,2.24456,1.2434761410733
9354,2.2448,1.06329335863243
9355,2.24504,-0.0293430706936415
9356,2.24528,0.698832210926474
9357,2.24552,0.938549122288257
9358,2.24576,0.0178644461236532
9359,2.246,0.311024380524241
9360,2.24624,0.726720477720129
9361,2.24648,0.100230371274089
9362,2.24672,0.310934285286685
9363,2.24696,0.184624570204175
9364,2.2472,0.0802728220381181
9365,2.24744,-0.266905701588158
9366,2.24768,-0.218249729236745
9367,2.24792,-0.28712716785508
9368,2.24816,-0.112789540935372
9369,2.2484,-0.511546240881553
9370,2.24864,-0.313588560446253
9371,2.24888,-0.333392964017257
9372,2.24912,-0.462500775426118
9373,2.24936,-0.832718863329448
9374,2.2496,-0.935350280492573
9375,2.24984,-0.678398045217734
9376,2.25008,-0.776645369138074
9377,2.25032,-1.45781641639751
9378,2.25056,-1.06005067354631
9379,2.2508,-0.893199967018476
9380,2.25104,-1.19604029320788
9381,2.25128,-1.14335194804703
9382,2.25152,-1.43797745961725
9383,2.25176,-1.3642628563002
9384,2.252,-1.30995723731782
9385,2.25224,-1.34857008147011
9386,2.25248,-1.75374415784168
9387,2.25272,-1.43515991067424
9388,2.25296,-1.83517477512916
9389,2.2532,-1.63986040679193
9390,2.25344,-2.28129417045273
9391,2.25368,-1.83839412506276
9392,2.25392,-1.64494494643879
9393,2.25416,-2.05353685487703
9394,2.2544,-1.97555573909604
9395,2.25464,-2.27131565182994
9396,2.25488,-1.96786817051798
9397,2.25512,-2.14043409082492
9398,2.25536,-2.33069044739729
9399,2.2556,-2.40411950203498
9400,2.25584,-1.63888078512097
9401,2.25608,-2.45743699604026
9402,2.25632,-2.78134856537625
9403,2.25656,-1.92245968583411
9404,2.2568,-2.87939933923905
9405,2.25704,-2.74528717650373
9406,2.25728,-2.28181144643205
9407,2.25752,-3.02109426175738
9408,2.25776,-2.2034856398042
9409,2.258,-2.73861499311363
9410,2.25824,-2.89718122634188
9411,2.25848,-2.36889180956169
9412,2.25872,-3.05565498316624
9413,2.25896,-2.89207992629871
9414,2.2592,-2.28983133971427
9415,2.25944,-3.00663418869536
9416,2.25968,-2.77820104107121
9417,2.25992,-3.18847652351839
9418,2.26016,-2.8642993543136
9419,2.2604,-2.57072713290727
9420,2.26064,-3.5120066340329
9421,2.26088,-3.10613937659548
9422,2.26112,-2.73786304711287
9423,2.26136,-3.48828186987667
9424,2.2616,-3.13952104764812
9425,2.26184,-2.94852209397296
9426,2.26208,-3.63705136269058
9427,2.26232,-2.86744288038569
9428,2.26256,-2.52464432148983
9429,2.2628,-3.0359362122352
9430,2.26304,-3.54700803651211
9431,2.26328,-3.10044797720635
9432,2.26352,-2.47970185782355
9433,2.26376,-3.07755241984625
9434,2.264,-3.67019160366922
9435,2.26424,-2.24788147440894
9436,2.26448,-2.68924688493863
9437,2.26472,-3.48152982428213
9438,2.26496,-2.72016006826509
9439,2.2652,-2.50983155697514
9440,2.26544,-3.49523945565022
9441,2.26568,-2.44670580391333
9442,2.26592,-2.66656915659824
9443,2.26616,-3.59838132601912
9444,2.2664,-2.26414821419291
9445,2.26664,-2.79514289310855
9446,2.26688,-3.30759230894454
9447,2.26712,-2.17808508094229
9448,2.26736,-2.7820728037784
9449,2.2676,-3.00715622202111
9450,2.26784,-1.72644985094506
9451,2.26808,-3.00101105618979
9452,2.26832,-2.57836647820054
9453,2.26856,-2.10221404969296
9454,2.2688,-3.06961715822628
9455,2.26904,-2.24619037656148
9456,2.26928,-2.09432380448412
9457,2.26952,-3.0090456980042
9458,2.26976,-1.91247861232483
9459,2.27,-2.31169784421505
9460,2.27024,-2.57443513422543
9461,2.27048,-1.68295958029554
9462,2.27072,-2.16074063725069
9463,2.27096,-2.61415231125351
9464,2.2712,-1.78713138070464
9465,2.27144,-1.85248357503253
9466,2.27168,-2.38392106229348
9467,2.27192,-1.63389478833669
9468,2.27216,-1.77224110021538
9469,2.2724,-1.66207619499801
9470,2.27264,-0.764625030532536
9471,2.27288,-1.57406834673314
9472,2.27312,-1.66055237362128
9473,2.27336,-2.23240652219927
9474,2.2736,-0.456821799954897
9475,2.27384,-1.35656759696825
9476,2.27408,-1.64671597176951
9477,2.27432,-0.287223343230924
9478,2.27456,-1.36666617081605
9479,2.2748,-1.23454159565174
9480,2.27504,-0.067731889433269
9481,2.27528,-1.3238735147741
9482,2.27552,-1.13030467942947
9483,2.27576,-0.266484980036559
9484,2.276,-0.61558869090431
9485,2.27624,-0.845477066460242
9486,2.27648,-0.277861823402016
9487,2.27672,-0.911684429654178
9488,2.27696,-0.243233897831237
9489,2.2772,-0.20385167184913
9490,2.27744,-0.403345625873335
9491,2.27768,-0.0368511789059929
9492,2.27792,-0.269480877059757
9493,2.27816,0.195592657925954
9494,2.2784,-0.081660518915154
9495,2.27864,0.248446624507757
9496,2.27888,0.181960324765301
9497,2.27912,0.236238893378276
9498,2.27936,0.525784021187905
9499,2.2796,0.544113745044886
9500,2.27984,0.211739923666768
9501,2.28008,0.942011096914228
9502,2.28032,0.565027145632115
9503,2.28056,0.558591668377854
9504,2.2808,1.14370181649546
9505,2.28104,0.865374667789392
9506,2.28128,0.354095244937622
9507,2.28152,0.799126141487135
9508,2.28176,1.46646917886414
9509,2.282,1.1739872656537
9510,2.28224,1.23474837676109
9511,2.28248,1.52611301586455
9512,2.28272,1.58286808376775
9513,2.28296,1.6219295307055
9514,2.2832,1.1860736757502
9515,2.28344,1.83378398230315
9516,2.28368,1.6357496304735
9517,2.28392,1.68025491138086
9518,2.28416,1.72357926016127
9519,2.2844,1.7667556199161
9520,2.28464,1.80711769669645
9521,2.28488,1.97323948850362
9522,2.28512,2.01990427593527
9523,2.28536,1.94480606091026
9524,2.2856,2.2380625723368
9525,2.28584,2.06006186304375
9526,2.28608,2.11715007210624
9527,2.28632,2.30777325239867
9528,2.28656,2.26772048860643
9529,2.2868,2.34104979449268
9530,2.28704,2.432117757831
9531,2.28728,2.53150832792483
9532,2.28752,2.14849811866318
9533,2.28776,2.63188572352358
9534,2.288,2.74860784839341
9535,2.28824,2.03893719892149
9536,2.28848,3.03347530058237
9537,2.28872,2.69281368668158
9538,2.28896,2.26461075331312
9539,2.2892,3.28963202697444
9540,2.28944,2.6229752299432
9541,2.28968,2.6025489266947
9542,2.28992,3.29526131869644
9543,2.29016,2.79804541835328
9544,2.2904,2.81720946895472
9545,2.29064,2.94333203705582
9546,2.29088,2.62259766900846
9547,2.29112,3.29856072055686
9548,2.29136,3.58901774425636
9549,2.2916,2.47137861421967
9550,2.29184,2.96386776523516
9551,2.29208,3.79088443486599
9552,2.29232,2.72076196666578
9553,2.29256,2.7775829476548
9554,2.2928,3.92157001096976
9555,2.29304,2.89857861156227
9556,2.29328,2.16769589061605
9557,2.29352,2.67679261674518
9558,2.29376,3.18895277939238
9559,2.294,3.81537102834732
9560,2.29424,2.31325276623159
9561,2.29448,3.02195511411023
9562,2.29472,3.7211932857536
9563,2.29496,2.28893549489297
9564,2.2952,2.71118145444595
9565,2.29544,3.60763264026223
9566,2.29568,2.70549526582369
9567,2.29592,2.82935199172842
9568,2.29616,3.55232012938519
9569,2.2964,2.37023160795484
9570,2.29664,2.80998883092956
9571,2.29688,3.7184242851205
9572,2.29712,2.25367797971505
9573,2.29736,2.76833803961083
9574,2.2976,3.14710195669849
9575,2.29784,2.01508390599112
9576,2.29808,3.19312181927646
9577,2.29832,2.44331498666163
9578,2.29856,2.36273625687514
9579,2.2988,3.35497475052832
9580,2.29904,1.97160933573089
9581,2.29928,2.68439763089612
9582,2.29952,2.90048938630884
9583,2.29976,1.72825821359486
9584,2.3,2.87037468351909
9585,2.30024,2.43990293188395
9586,2.30048,1.59711816842096
9587,2.30072,2.68833898361802
9588,2.30096,2.10153590661363
9589,2.3012,1.69794304823991
9590,2.30144,2.72768198361489
9591,2.30168,1.62156744931818
9592,2.30192,1.77333236396231
9593,2.30216,2.63182663514871
9594,2.3024,1.71678665384507
9595,2.30264,1.93460432980446
9596,2.30288,2.2534320880855
9597,2.30312,1.42289832930168
9598,2.30336,1.71696527696098
9599,2.3036,2.35060232275205
9600,2.30384,0.636561581838415
9601,2.30408,1.47839048371908
9602,2.30432,1.595434753314
9603,2.30456,0.537559244341544
9604,2.3048,1.32600718297139
9605,2.30504,1.74123237106297
9606,2.30528,0.504324269612282
9607,2.30552,0.634674633266748
9608,2.30576,1.83901826098386
9609,2.306,0.556589866391829
9610,2.30624,0.622236919975134
9611,2.30648,1.52287950667001
9612,2.30672,0.301680621280949
9613,2.30696,0.427534037530313
9614,2.3072,1.14670052875628
9615,2.30744,0.333213020561984
9616,2.30768,0.150518696209921
9617,2.30792,0.922245602306288
9618,2.30816,-0.196251303515032
9619,2.3084,0.144261479608189
9620,2.30864,0.481973670137773
9621,2.30888,-0.228317810266515
9622,2.30912,0.144874482126493
9623,2.30936,-0.0644140569984513
9624,2.3096,-0.250418994288889
9625,2.30984,-0.441781742176167
9626,2.31008,-0.603562259745099
9627,2.31032,-0.0336246184737001
9628,2.31056,-0.188403120877559
9629,2.3108,-1.15705260727127
9630,2.31104,-0.798767237211232
9631,2.31128,-0.679317017209541
9632,2.31152,-0.777204132386609
9633,2.31176,-0.754166821207405
9634,2.312,-1.32482884476411
9635,2.31224,-0.793892918639302
9636,2.31248,-0.877734652742854
9637,2.31272,-1.30486744962137
9638,2.31296,-1.36094884780316
9639,2.3132,-1.30410908182043
9640,2.31344,-1.23425620938892
9641,2.31368,-1.6410708501653
9642,2.31392,-1.2055104836952
9643,2.31416,-1.85223657844236
9644,2.3144,-1.29652345608657
9645,2.31464,-1.34198535916888
9646,2.31488,-1.50695663320825
9647,2.31512,-2.03029127285974
9648,2.31536,-1.46953587613677
9649,2.3156,-1.63610671900014
9650,2.31584,-2.16566053400102
9651,2.31608,-1.96888882202914
9652,2.31632,-2.38424666948341
9653,2.31656,-2.07793196018802
9654,2.3168,-1.65128789206902
9655,2.31704,-2.08754053236078
9656,2.31728,-2.75594555542698
9657,2.31752,-2.34413589646036
9658,2.31776,-1.95767840916183
9659,2.318,-2.64785407136493
9660,2.31824,-2.25910419353916
9661,2.31848,-2.49431649379261
9662,2.31872,-2.60101019357226
9663,2.31896,-2.48717163891511
9664,2.3192,-2.86719126586506
9665,2.31944,-2.40324057651307
9666,2.31968,-2.57650905211128
9667,2.31992,-3.34556863404271
9668,2.32016,-2.20074620850281
9669,2.3204,-3.01094186997213
9670,2.32064,-3.08421214316847
9671,2.32088,-2.35610629674435
9672,2.32112,-3.43869150891409
9673,2.32136,-3.07181432018154
9674,2.3216,-2.03391978652604
9675,2.32184,-3.1661615359601
9676,2.32208,-3.20597409462573
9677,2.32232,-2.80253680341986
9678,2.32256,-3.51214484644334
9679,2.3228,-3.0018552458276
9680,2.32304,-2.53845632689368
9681,2.32328,-3.78415058211544
9682,2.32352,-2.73520366832519
9683,2.32376,-2.69843330215459
9684,2.324,-3.37334502611257
9685,2.32424,-2.5212320288837
9686,2.32448,-3.0280191195082
9687,2.32472,-3.64831436805449
9688,2.32496,-2.24989375042596
9689,2.3252,-2.945360100435
9690,2.32544,-3.40128580339978
9691,2.32568,-2.77823152438986
9692,2.32592,-2.8185451281725
9693,2.32616,-3.69940347667873
9694,2.3264,-2.44692238498852
9695,2.32664,-3.26538746806649
9696,2.32688,-3.35788037530336
9697,2.32712,-2.06310461728132
9698,2.32736,-2.96626930797931
9699,2.3276,-3.73746276836624
9700,2.32784,-2.14226105864541
9701,2.32808,-3.11482258474779
9702,2.32832,-2.75327186577389
9703,2.32856,-2.33820932322631
9704,2.3288,-3.25179135550314
9705,2.32904,-2.48560087441895
9706,2.32928,-2.50796661325136
9707,2.32952,-3.36366065113989
9708,2.32976,-1.96693433274016
9709,2.33,-2.78340681416928
9710,2.33024,-2.74604807917578
9711,2.33048,-1.92496197784326
9712,2.33072,-3.27619256822991
9713,2.33096,-2.11935547930904
9714,2.3312,-1.98947308535279
9715,2.33144,-3.05101054928237
9716,2.33168,-2.44060262906511
9717,2.33192,-1.40956357590292
9718,2.33216,-2.44693136256885
9719,2.3324,-2.50790829117376
9720,2.33264,-1.5404296769445
9721,2.33288,-2.41312201254459
9722,2.33312,-2.31181197579874
9723,2.33336,-1.41415596513674
9724,2.3336,-2.23921718213383
9725,2.33384,-2.20890807262099
9726,2.33408,-1.37844789118419
9727,2.33432,-1.2041840817413
9728,2.33456,-1.40022048379812
9729,2.3348,-2.20230445318469
9730,2.33504,-1.8059621777112
9731,2.33528,-1.23462647353751
9732,2.33552,-1.27565296785268
9733,2.33576,-2.15919094857259
9734,2.336,-0.313018772522825
9735,2.33624,-1.37972528137028
9736,2.33648,-0.646742878105941
9737,2.33672,-0.809584649359799
9738,2.33696,-1.09531014076608
9739,2.3372,-0.899575887736298
9740,2.33744,-0.0277241838358029
9741,2.33768,-1.09645346839796
9742,2.33792,-0.837023390038017
9743,2.33816,0.214679055891841
9744,2.3384,-0.789200603372451
9745,2.33864,-0.343588799777498
9746,2.33888,-0.183441245836192
9747,2.33912,-0.390389801094873
9748,2.33936,0.000283302336922198
9749,2.3396,-0.128069148874278
9750,2.33984,-0.367872039229428
9751,2.34008,0.450242845583335
9752,2.34032,-0.196182657399893
9753,2.34056,0.24644602849103
9754,2.3408,0.777755084807166
9755,2.34104,0.334771072140433
9756,2.34128,0.257836339039709
9757,2.34152,0.635232912147052
9758,2.34176,0.281089655393162
9759,2.342,0.529457177014302
9760,2.34224,1.11173594201197
9761,2.34248,0.86118118708867
9762,2.34272,0.592033166811512
9763,2.34296,0.914291676801024
9764,2.3432,0.99956563078924
9765,2.34344,1.0656297393863
9766,2.34368,0.889325583897654
9767,2.34392,1.07757584315708
9768,2.34416,1.73194249432436
9769,2.3444,1.42820747976009
9770,2.34464,1.58932875407582
9771,2.34488,1.27096965327805
9772,2.34512,1.9149776809583
9773,2.34536,1.35685843666686
9774,2.3456,1.40021055124073
9775,2.34584,1.56335463676564
9776,2.34608,2.20852250727933
9777,2.34632,1.52781952882229
9778,2.34656,2.0518913722677
9779,2.3468,1.98449105790574
9780,2.34704,2.1489008571927
9781,2.34728,1.95979018031062
9782,2.34752,2.02199007065555
9783,2.34776,2.19871006300668
9784,2.348,2.38347063690954
9785,2.34824,2.2233780996281
9786,2.34848,2.41407143886136
9787,2.34872,2.62499590583732
9788,2.34896,2.4787987769058
9789,2.3492,2.09393176134642
9790,2.34944,2.81512538595556
9791,2.34968,2.44636420698026
9792,2.34992,2.21569717455895
9793,2.35016,3.20364254317736
9794,2.3504,2.37945070514513
9795,2.35064,2.55010860146248
9796,2.35088,3.32161358790484
9797,2.35112,2.18057340522352
9798,2.35136,2.75704587936101
9799,2.3516,3.07750807576399
9800,2.35184,2.58571940374228
9801,2.35208,2.84117060993837
9802,2.35232,2.84349047755657
9803,2.35256,2.64039445525453
9804,2.3528,3.54880624533544
9805,2.35304,2.63921491934379
9806,2.35328,2.49774887628852
9807,2.35352,3.6759465531257
9808,2.35376,3.17596414050242
9809,2.354,2.24969865859545
9810,2.35424,3.72663506535123
9811,2.35448,3.39486317579005
9812,2.35472,2.38955054879729
9813,2.35496,2.631903262985
9814,2.3552,3.11837477082576
9815,2.35544,3.60626870860137
9816,2.35568,2.54492473448053
9817,2.35592,2.98612944317172
9818,2.35616,3.54384616044833
9819,2.3564,3.02090503209871
9820,2.35664,2.56702868440396
9821,2.35688,3.32162100907739
9822,2.35712,3.7131859346432
9823,2.35736,2.10175703873585
9824,2.3576,2.94406753578086
9825,2.35784,3.0513656794853
9826,2.35808,2.13031677307065
9827,2.35832,3.04259421018828
9828,2.35856,3.21633034868205
9829,2.3588,2.36475522173228
9830,2.35904,3.33676577380124
9831,2.35928,2.50528305214021
9832,2.35952,2.58099267229742
9833,2.35976,3.36878620536404
9834,2.36,1.91109797182854
9835,2.36024,3.13120212649541
9836,2.36048,2.5467804462015
9837,2.36072,2.26846414274828
9838,2.36096,3.30349552421898
9839,2.3612,2.08105794304401
9840,2.36144,2.47803142377764
9841,2.36168,3.22712621042375
9842,2.36192,1.958602924956
9843,2.36216,2.31459597313608
9844,2.3624,2.65359571444127
9845,2.36264,1.47938363983333
9846,2.36288,2.62583490562816
9847,2.36312,2.43424131313703
9848,2.36336,1.57331896622958
9849,2.3636,2.08012515673257
9850,2.36384,2.56108722823237
9851,2.36408,1.76019317363089
9852,2.36432,1.61240732037116
9853,2.36456,2.41809436607955
9854,2.3648,1.57503391948396
9855,2.36504,1.62142853357883
9856,2.36528,1.05960351944738
9857,2.36552,1.16760089189404
9858,2.36576,1.15774131623521
9859,2.366,2.11237282176936
9860,2.36624,1.50774551302441
9861,2.36648,1.08874304186231
9862,2.36672,1.39233027993433
9863,2.36696,0.390003482889774
9864,2.3672,0.88883009607491
9865,2.36744,1.02040279731841
9866,2.36768,1.27210954911091
9867,2.36792,0.256429359430311
9868,2.36816,1.41396717396562
9869,2.3684,0.761715362264979
9870,2.36864,-0.0732973469093405
9871,2.36888,1.02003323055859
9872,2.36912,0.784421807016957
9873,2.36936,-0.245968564769113
9874,2.3696,0.777688621383431
9875,2.36984,0.233116970778229
9876,2.37008,-0.265104125563938
9877,2.37032,0.678940520227648
9878,2.37056,-0.285094281891327
9879,2.3708,0.10220675239085
9880,2.37104,0.24124438312758
9881,2.37128,-0.671015711686022
9882,2.37152,-0.133839590863682
9883,2.37176,-0.195306332190989
9884,2.372,-0.948298341963316
9885,2.37224,-0.252139707901029
9886,2.37248,-0.279315798160129
9887,2.37272,-1.00209463590117
9888,2.37296,-0.760130350134394
9889,2.3732,-0.633887793390812
9890,2.37344,-0.846871804700086
9891,2.37368,-0.822369048018392
9892,2.37392,-1.26387294606505
9893,2.37416,-0.973069116289102
9894,2.3744,-0.930623315730911
9895,2.37464,-1.35451789277587
9896,2.37488,-1.28821652400088
9897,2.37512,-1.34650408088019
9898,2.37536,-1.27551276572111
9899,2.3756,-1.43912250261438
9900,2.37584,-1.48532726195576
9901,2.37608,-1.41224327003418
9902,2.37632,-1.33657143032902
9903,2.37656,-1.50101819273647
9904,2.3768,-2.02369501041229
9905,2.37704,-1.70230002628993
9906,2.37728,-1.74179870135792
9907,2.37752,-2.15365317098242
9908,2.37776,-1.96227217369976
9909,2.378,-1.88766613464244
9910,2.37824,-2.42788544872068
9911,2.37848,-2.12466898904628
9912,2.37872,-1.94373360406203
9913,2.37896,-2.38137771371288
9914,2.3792,-2.21297211852015
9915,2.37944,-1.81067267819477
9916,2.37968,-2.75068235340519
9917,2.37992,-2.11863607589679
9918,2.38016,-2.23076513334929
9919,2.3804,-3.18758061104348
9920,2.38064,-1.98096293528718
9921,2.38088,-2.60945346036507
9922,2.38112,-3.1041191807865
9923,2.38136,-1.93714095189857
9924,2.3816,-2.95588269983494
9925,2.38184,-3.0003499613944
9926,2.38208,-2.24230662149145
9927,2.38232,-3.29181079538751
9928,2.38256,-2.89582805385244
9929,2.3828,-2.54632751656542
9930,2.38304,-3.26769524742785
9931,2.38328,-2.91951020816227
9932,2.38352,-2.61508207457127
9933,2.38376,-3.62407232585919
9934,2.384,-2.60076877805669
9935,2.38424,-2.82939938331476
9936,2.38448,-3.76616524642051
9937,2.38472,-2.32062912645875
9938,2.38496,-2.97296955501481
9939,2.3852,-3.47822598417914
9940,2.38544,-2.57553551726048
9941,2.38568,-2.56987052602732
9942,2.38592,-3.62871199564985
9943,2.38616,-2.7683729537029
9944,2.3864,-2.694749865752
9945,2.38664,-3.22556086595292
9946,2.38688,-3.51841267983108
9947,2.38712,-2.41441316701802
9948,2.38736,-3.02572347785643
9949,2.3876,-3.62804545177944
9950,2.38784,-2.33078937070225
9951,2.38808,-2.8971656079731
9952,2.38832,-3.69352833947808
9953,2.38856,-2.57893332197756
9954,2.3888,-2.61559111258362
9955,2.38904,-3.37309697083654
9956,2.38928,-2.68975755910939
9957,2.38952,-2.31701801425722
9958,2.38976,-3.39001015208481
9959,2.39,-2.65953220121631
9960,2.39024,-2.47851087996898
9961,2.39048,-3.49963538334142
9962,2.39072,-2.25111904338145
9963,2.39096,-2.62809415498932
9964,2.3912,-3.10944911707527
9965,2.39144,-1.9554948924349
9966,2.39168,-3.11255649273818
9967,2.39192,-2.5859926732206
9968,2.39216,-1.88592567099159
9969,2.3924,-2.87723248470744
9970,2.39264,-2.66351285691028
9971,2.39288,-1.66863862547119
9972,2.39312,-2.38624046105946
9973,2.39336,-2.85139909655487
9974,2.3936,-1.79688225207569
9975,2.39384,-1.88151433819144
9976,2.39408,-2.42918484300543
9977,2.39432,-1.45658670628025
9978,2.39456,-2.44417747595983
9979,2.3948,-2.21712740059507
9980,2.39504,-1.32127118891266
9981,2.39528,-2.14546881398893
9982,2.39552,-2.34202335414242
9983,2.39576,-1.62589904511243
9984,2.396,-0.717010323760715
9985,2.39624,-1.75658212201685
9986,2.39648,-1.70429014382639
9987,2.39672,-0.835720448897175
9988,2.39696,-1.10000110142857
9989,2.3972,-2.20015580312847
9990,2.39744,-0.335900505420967
9991,2.39768,-1.26755849381468
9992,2.39792,-1.71056913425076
9993,2.39816,-0.625771081284251
9994,2.3984,-1.12902755110197
9995,2.39864,-1.38854128409976
9996,2.39888,-0.371820975629534
9997,2.39912,-0.811832974754338
9998,2.39936,-0.769923994950297
9999,2.3996,-0.292422716078779
10000,2.39984,-0.90406045476238
10001,2.40008,-0.198796647632256
10002,2.40032,-0.259724854197288
10003,2.40056,-0.79429010651074
10004,2.4008,0.327997267881386
10005,2.40104,-0.615328375064279
10006,2.40128,-0.231618342246588
10007,2.40152,0.473790469929497
10008,2.40176,-0.625173054120086
10009,2.402,0.306040844746226
10010,2.40224,0.370466654230756
10011,2.40248,-0.285504841364537
10012,2.40272,0.72629395621831
10013,2.40296,0.032691035967241
10014,2.4032,0.0648694263258007
10015,2.40344,1.03395745397268
10016,2.40368,0.679875252917383
10017,2.40392,0.555224980041674
10018,2.40416,0.895111703289633
10019,2.4044,0.76253668104403
10020,2.40464,1.20966275370417
10021,2.40488,0.800066675008856
10022,2.40512,0.884057226777464
10023,2.40536,1.31225902986255
10024,2.4056,1.24885179802048
10025,2.40584,1.30958883510655
10026,2.40608,1.00169408884175
10027,2.40632,1.6476856983062
10028,2.40656,1.21079562372479
10029,2.4068,1.85717096081731
10030,2.40704,1.30114091400068
10031,2.40728,1.34429228004226
10032,2.40752,1.87000001859616
10033,2.40776,1.79199299706494
10034,2.408,1.59394034349727
10035,2.40824,1.51830583032535
10036,2.40848,2.28815794854966
10037,2.40872,2.08899799525359
10038,2.40896,1.78145177529045
10039,2.4092,2.32204576768499
10040,2.40944,2.13622424426779
10041,2.40968,2.32635188361269
10042,2.40992,2.27767461401505
10043,2.41016,2.10743627485598
10044,2.4104,2.44117150584141
10045,2.41064,2.41162758524015
10046,2.41088,2.02392197623138
10047,2.41112,2.86199469838365
10048,2.41136,2.84784751660058
10049,2.4116,2.01733120385559
10050,2.41184,2.76485971847253
10051,2.41208,2.77925691186858
10052,2.41232,2.46576139890309
10053,2.41256,2.99754691984186
10054,2.4128,2.69101520527491
10055,2.41304,2.89884190933984
10056,2.41328,2.7340412228227
10057,2.41352,2.48012396181758
10058,2.41376,3.57175553582734
10059,2.414,2.72655600806117
10060,2.41424,2.52269384800776
10061,2.41448,3.41652330380031
10062,2.41472,2.97876116103959
10063,2.41496,2.57668955373501
10064,2.4152,3.17550613897197
10065,2.41544,3.27116085023569
10066,2.41568,2.08870600916616
10067,2.41592,3.56575628850664
10068,2.41616,3.35241016237068
10069,2.4164,2.69834545273371
10070,2.41664,2.69434350028187
10071,2.41688,3.40919502033177
10072,2.41712,3.64091019622573
10073,2.41736,2.35818055267959
10074,2.4176,3.0347637070572
10075,2.41784,3.69963439336651
10076,2.41808,2.45873647365094
10077,2.41832,2.96233549258637
10078,2.41856,3.57982126706356
10079,2.4188,2.52616657992215
10080,2.41904,3.09298272220778
10081,2.41928,3.76985066366727
10082,2.41952,2.31846858145545
10083,2.41976,2.72571803895265
10084,2.42,3.60305200689441
10085,2.42024,2.34015377556909
10086,2.42048,2.58204719032682
10087,2.42072,3.65099671826809
10088,2.42096,2.2226199350764
10089,2.4212,2.89275320155498
10090,2.42144,3.0622112317402
10091,2.42168,1.96791280481714
10092,2.42192,3.18205315402993
10093,2.42216,2.46678026517005
10094,2.4224,2.18307748637602
10095,2.42264,3.45677344481171
10096,2.42288,2.2240177350037
10097,2.42312,2.25828611938626
10098,2.42336,3.13100747491425
10099,2.4236,2.09395720990342
10100,2.42384,2.20011728740225
10101,2.42408,2.65460047448168
10102,2.42432,1.71412896025908
10103,2.42456,2.49366462939739
10104,2.4248,2.06006438238101
10105,2.42504,1.33773620583229
10106,2.42528,2.65241031055496
10107,2.42552,2.05069175177505
10108,2.42576,1.2665804729438
10109,2.426,2.41972430016131
10110,2.42624,2.12576438621063
10111,2.42648,1.28457770859785
10112,2.42672,1.68911543111914
10113,2.42696,2.31182323541804
10114,2.4272,0.949160917556613
10115,2.42744,1.41524564296213
10116,2.42768,1.63797438743889
10117,2.42792,0.798556755900677
10118,2.42816,0.741190970808943
10119,2.4284,1.88483677747791
10120,2.42864,1.10408663034792
10121,2.42888,0.624991900712955
10122,2.42912,1.46616925632506
10123,2.42936,0.514791626954334
10124,2.4296,0.825552710361076
10125,2.42984,1.12393575901814
10126,2.43008,0.117034418213996
10127,2.43032,0.719010806974207
10128,2.43056,0.952172321606672
10129,2.4308,0.000529000396390034
10130,2.43104,0.651011915765533
10131,2.43128,0.690524087960276
10132,2.43152,-0.438797823296534
10133,2.43176,0.500227755814909
10134,2.432,0.22695633673916
10135,2.43224,-0.487139459067702
10136,2.43248,0.486147828473876
10137,2.43272,-0.335658822825592
10138,2.43296,-0.284289008621
10139,2.4332,0.122442841748782
10140,2.43344,-0.651678138215095
10141,2.43368,0.0317524736803774
10142,2.43392,-0.130074038617317
10143,2.43416,-1.10518709192261
10144,2.4344,-0.514294005956976
10145,2.43464,-0.397468552155055
10146,2.43488,-1.10447629914429
10147,2.43512,-0.845911701850733
10148,2.43536,-1.06542209287416
10149,2.4356,-0.782951958392786
10150,2.43584,-0.981480622296398
10151,2.43608,-1.29985682865055
10152,2.43632,-1.00122410088964
10153,2.43656,-1.29927658132828
10154,2.4368,-1.48098334352319
10155,2.43704,-1.16651300681056
10156,2.43728,-1.4542413536532
10157,2.43752,-1.50046052628653
10158,2.43776,-1.5484439035819
10159,2.438,-1.47072254886616
10160,2.43824,-1.63312298427959
10161,2.43848,-1.5558102436765
10162,2.43872,-1.59732721801678
10163,2.43896,-1.51911304585199
10164,2.4392,-2.16945453715793
10165,2.43944,-1.97201913502624
10166,2.43968,-2.2604966939904
10167,2.43992,-1.95888801132143
10168,2.44016,-2.37225156302054
10169,2.4404,-2.19337367837386
10170,2.44064,-2.26642907923579
10171,2.44088,-2.21394050887139
10172,2.44112,-2.05395809500249
10173,2.44136,-2.74889056099507
10174,2.4416,-2.23298605095925
10175,2.44184,-2.09711534160385
10176,2.44208,-3.0566832721537
10177,2.44232,-2.20394242720187
10178,2.44256,-2.46525226741416
10179,2.4428,-3.20273626986429
10180,2.44304,-2.02781125356444
10181,2.44328,-2.92605475413213
10182,2.44352,-2.96795823404714
10183,2.44376,-2.32716129390192
10184,2.444,-3.1406538287464
10185,2.44424,-2.98007174944308
10186,2.44448,-2.38393090044795
10187,2.44472,-3.35242796487313
10188,2.44496,-2.99607324363572
10189,2.4452,-2.44849494733621
10190,2.44544,-3.45383157726896
10191,2.44568,-3.02668712417872
10192,2.44592,-2.28936559367738
10193,2.44616,-3.47239496300931
10194,2.4464,-3.33083819403779
10195,2.44664,-2.2721380760695
10196,2.44688,-3.40071691575311
10197,2.44712,-3.31547643597214
10198,2.44736,-2.42897603253207
10199,2.4476,-2.43341042811052
10200,2.44784,-3.05030395241191
10201,2.44808,-3.54293956061421
10202,2.44832,-2.60492619606712
10203,2.44856,-2.80906299431684
10204,2.4488,-3.37369657829423
10205,2.44904,-3.22008991607917
10206,2.44928,-2.76197635047063
10207,2.44952,-3.74678141306245
10208,2.44976,-2.34494755821959
10209,2.45,-2.92482996540558
10210,2.45024,-3.7343409446671
10211,2.45048,-2.0558738140983
10212,2.45072,-3.06339664776431
10213,2.45096,-3.57830230420639
10214,2.4512,-1.97632976109844
10215,2.45144,-3.05690857006496
10216,2.45168,-3.04384137020807
10217,2.45192,-2.25287220350445
10218,2.45216,-3.3913461881466
10219,2.4524,-2.49052213863208
10220,2.45264,-2.38229749605353
10221,2.45288,-3.34562517260242
10222,2.45312,-2.05475738680915
10223,2.45336,-2.85683080724169
10224,2.4536,-2.67937044943722
10225,2.45384,-1.96544735836557
10226,2.45408,-2.94328712892243
10227,2.45432,-2.36249089640532
10228,2.45456,-1.73423677029797
10229,2.4548,-3.14874789507664
10230,2.45504,-2.05134028183477
10231,2.45528,-1.97958149394716
10232,2.45552,-2.73256129355137
10233,2.45576,-1.72132136768761
10234,2.456,-2.43736924694661
10235,2.45624,-2.53305987644135
10236,2.45648,-1.71633977554409
10237,2.45672,-2.02809484431953
10238,2.45696,-1.84834694301148
10239,2.4572,-1.12598094781407
10240,2.45744,-2.32308964953956
10241,2.45768,-1.62266268308917
10242,2.45792,-0.727716013587024
10243,2.45816,-1.66360706457242
10244,2.4584,-1.6338917206471
10245,2.45864,-1.01863403188178
10246,2.45888,-0.824610280288058
10247,2.45912,-1.95023181217379
10248,2.45936,-1.51245216662685
10249,2.4596,-0.777314159746693
10250,2.45984,-1.61127146562913
10251,2.46008,-1.47983946954785
10252,2.46032,-0.80396586136231
10253,2.46056,-0.976623324484708
10254,2.4608,-0.671609812891666
10255,2.46104,-0.0514957200281456
10256,2.46128,-1.0061143914223
10257,2.46152,-0.635168680523522
10258,2.46176,0.0454711046187342
10259,2.462,-0.719718483093162
10260,2.46224,-0.52484977169125
10261,2.46248,0.10725999698083
10262,2.46272,-0.581466920349896
10263,2.46296,-0.0821962962499767
10264,2.4632,0.146534547385121
10265,2.46344,-0.34056290846792
10266,2.46368,0.345007650282364
10267,2.46392,0.18014990672838
10268,2.46416,0.131346195532181
10269,2.4644,0.414618615021173
10270,2.46464,0.3355803234968
10271,2.46488,0.250346730144979
10272,2.46512,0.860609025524322
10273,2.46536,0.753956858850897
10274,2.4656,0.507310155294807
10275,2.46584,0.610934192430489
10276,2.46608,0.836904825532016
10277,2.46632,1.28187557020143
10278,2.46656,0.761726208676092
10279,2.4668,0.844271882185978
10280,2.46704,1.51019299816556
10281,2.46728,1.21829064150278
10282,2.46752,1.0331136282936
10283,2.46776,1.20613159079001
10284,2.468,1.13817743179681
10285,2.46824,1.29982852838088
10286,2.46848,1.70675098117428
10287,2.46872,1.27234184924103
10288,2.46896,1.31646788428162
10289,2.4692,1.47887876101934
10290,2.46944,1.88558766580976
10291,2.46968,1.92393521844454
10292,2.46992,2.08285599334451
10293,2.47016,1.77190483607571
10294,2.4704,2.42018990994883
10295,2.47064,1.98587808717972
10296,2.47088,2.16293096278568
10297,2.47112,2.09896665390697
10298,2.47136,2.03770179582082
10299,2.4716,2.2340558802263
10300,2.47184,2.42982433868477
10301,2.47208,2.38236447740246
10302,2.47232,2.0039951375093
10303,2.47256,2.8221136633141
10304,2.4728,2.43942163808956
10305,2.47304,2.44360756956672
10306,2.47328,2.67694617727896
10307,2.47352,2.57589206189303
10308,2.47376,2.8430019187027
10309,2.474,2.51014011138415
10310,2.47424,2.93387096747739
10311,2.47448,2.98960769568464
10312,2.47472,2.6915278429658
10313,2.47496,2.90880139223755
10314,2.4752,3.24082287806237
10315,2.47544,2.86275880748524
10316,2.47568,2.65015036983214
10317,2.47592,3.02325558480034
10318,2.47616,2.81998338192198
10319,2.4764,3.25492301969821
10320,2.47664,3.19159561134412
10321,2.47688,2.91576092442091
10322,2.47712,2.68165745856842
10323,2.47736,3.63690505084356
10324,2.4776,2.92622936849784
10325,2.47784,2.38507191507853
10326,2.47808,3.76588491728548
10327,2.47832,3.10774775128927
10328,2.47856,2.39036250292931
10329,2.4788,3.0130097705108
10330,2.47904,3.6368624944875
10331,2.47928,2.48507190681137
10332,2.47952,2.93570635611893
10333,2.47976,3.61884324734693
10334,2.48,2.39717634918569
10335,2.48024,2.79686601049365
10336,2.48048,3.43581961161046
10337,2.48072,2.99270847069654
10338,2.48096,2.61660531258589
10339,2.4812,3.68182573555539
10340,2.48144,2.35957244397285
10341,2.48168,3.01679035246444
10342,2.48192,3.18207232754617
10343,2.48216,2.31983364542994
10344,2.4824,3.27948678308565
10345,2.48264,2.67216070508346
10346,2.48288,2.37590244849426
10347,2.48312,3.40431554674805
10348,2.48336,2.39420279560704
10349,2.4836,2.53176022390179
10350,2.48384,3.25847846360054
10351,2.48408,1.86087507819716
10352,2.48432,2.79060707743729
10353,2.48456,2.62816001693585
10354,2.4848,1.80582278961073
10355,2.48504,2.80091891723385
10356,2.48528,2.59091753039185
10357,2.48552,1.84299066661589
10358,2.48576,3.02262512979298
10359,2.486,2.05655903091589
10360,2.48624,1.75823756601872
10361,2.48648,2.88805125983074
10362,2.48672,2.10871128421637
10363,2.48696,1.5178654380032
10364,2.4872,2.72245543503578
10365,2.48744,2.01625881939536
10366,2.48768,1.25472464361894
10367,2.48792,2.54542134159527
10368,2.48816,1.80136353566711
10369,2.4884,1.70780054191036
10370,2.48864,2.08458960588641
10371,2.48888,0.714675230516067
10372,2.48912,1.54307012229829
10373,2.48936,1.64651911874524
10374,2.4896,2.23496433071958
10375,2.48984,0.471489092599939
10376,2.49008,1.26026668907767
10377,2.49032,1.44270771200356
10378,2.49056,0.330421946955451
10379,2.4908,0.953535625311162
10380,2.49104,1.08841383717394
10381,2.49128,0.27846006888552
10382,2.49152,0.723349267914305
10383,2.49176,0.917061317088794
10384,2.492,0.280747829855479
10385,2.49224,0.534503222440116
10386,2.49248,0.662221172277776
10387,2.49272,0.200653958449774
10388,2.49296,0.503400028207492
10389,2.4932,0.921487347119502
10390,2.49344,-0.0834199414609147
10391,2.49368,0.0247102394948155
10392,2.49392,0.487018842093406
10393,2.49416,-0.339926920467652
10394,2.4944,0.0400923879381143
10395,2.49464,-0.0476368595989967
10396,2.49488,-0.22914329568937
10397,2.49512,-0.177012054005049
10398,2.49536,-0.219300871177601
10399,2.4956,-0.249760779087268
10400,2.49584,-0.760322636108541
10401,2.49608,-0.521150977796658
10402,2.49632,-0.173360745289665
10403,2.49656,-1.12854683334587
10404,2.4968,-0.738821820128512
10405,2.49704,-0.7188973897052
10406,2.49728,-1.04722202305867
10407,2.49752,-1.1180419459923
10408,2.49776,-1.08006661618382
10409,2.498,-1.26778132949944
10410,2.49824,-0.962087387997172
10411,2.49848,-1.02581662879763
10412,2.49872,-1.20300825528154
10413,2.49896,-1.4904416889088
10414,2.4992,-1.17257861794462
10415,2.49944,-1.82080162275837
10416,2.49968,-1.50272783020511
10417,2.49992,-1.90763244487048
10418,2.50016,-1.59105909858031
10419,2.5004,-1.87195209945822
10420,2.50064,-2.03070607562943
10421,2.50088,-1.71923728060577
10422,2.50112,-2.36492610554733
10423,2.50136,-2.04634921970507
10424,2.5016,-2.10227306238486
10425,2.50184,-2.15701385611802
10426,2.50208,-1.73312924269109
10427,2.50232,-2.40887962585071
10428,2.50256,-2.23449733614213
10429,2.5028,-1.70623483254905
10430,2.50304,-2.28252448145199
10431,2.50328,-2.84915982445922
10432,2.50352,-2.1069506607188
10433,2.50376,-2.70605193989462
10434,2.504,-2.69124358535124
10435,2.50424,-2.10951457399791
10436,2.50448,-2.96831174159625
10437,2.50472,-2.62714331876256
10438,2.50496,-2.43974258796968
10439,2.5052,-2.84296834076625
10440,2.50544,-2.55060260416651
10441,2.50568,-3.35621858027132
10442,2.50592,-2.47332328036806
10443,2.50616,-2.71319076117133
10444,2.5064,-3.42886738391142
10445,2.50664,-2.59557351367838
10446,2.50688,-2.88514741170962
10447,2.50712,-3.64617181656677
10448,2.50736,-2.85395921312518
10449,2.5076,-2.47243271528503
10450,2.50784,-3.16172582148811
10451,2.50808,-2.91127818205193
10452,2.50832,-2.70283685993213
10453,2.50856,-3.32366537731249
10454,2.5088,-3.0116697019358
10455,2.50904,-2.26743850952627
10456,2.50928,-3.43841063114411
10457,2.50952,-2.47638910040325
10458,2.50976,-2.98858659514453
10459,2.51,-3.49717088965582
10460,2.51024,-3.52734168662627
10461,2.51048,-2.41110468708951
10462,2.51072,-3.12914169719192
10463,2.51096,-3.71784121911236
10464,2.5112,-2.29174071492582
10465,2.51144,-3.07708324781171
10466,2.51168,-3.61011918842064
10467,2.51192,-2.38532866493531
10468,2.51216,-3.1174283666605
10469,2.5124,-3.23708193965596
10470,2.51264,-2.20984679458229
10471,2.51288,-3.0188535044643
10472,2.51312,-3.09171645988551
10473,2.51336,-2.26436602258137
10474,2.5136,-3.1394253365303
10475,2.51384,-2.80667897204073
10476,2.51408,-2.30007974382665
10477,2.51432,-3.35962341381147
10478,2.51456,-2.38647483995834
10479,2.5148,-2.44059714053421
10480,2.51504,-3.32413845765123
10481,2.51528,-1.95863476693243
10482,2.51552,-2.8028144344338
10483,2.51576,-2.79026425462655
10484,2.516,-1.75642967657628
10485,2.51624,-3.14205951213952
10486,2.51648,-2.01799074636779
10487,2.51672,-2.27356234334688
10488,2.51696,-2.87185718534528
10489,2.5172,-1.94361918924771
10490,2.51744,-1.79481515972688
10491,2.51768,-2.8327965121795
10492,2.51792,-1.85338415176722
10493,2.51816,-1.29799186564751
10494,2.5184,-2.77883197556516
10495,2.51864,-1.98139781792387
10496,2.51888,-1.24696261197649
10497,2.51912,-1.87159406640588
10498,2.51936,-1.99355216016079
10499,2.5196,-0.84020272259772
10500,2.51984,-1.29377570609393
10501,2.52008,-1.74649618394171
10502,2.52032,-2.20001942744899
10503,2.52056,-0.528961057416251
10504,2.5208,-1.07310199583075
10505,2.52104,-1.49091558082221
10506,2.52128,-0.719076015641865
10507,2.52152,-0.963987963441674
10508,2.52176,-1.56344498376284
10509,2.522,-1.08547956934819
10510,2.52224,-0.543145536132876
10511,2.52248,-1.20459883077758
10512,2.52272,-0.802472799523684
10513,2.52296,-0.680461859692309
10514,2.5232,-0.792425036083797
10515,2.52344,0.0391162037499673
10516,2.52368,-0.614270304754488
10517,2.52392,-1.01903570082487
10518,2.52416,-0.00170664604126913
10519,2.5244,0.0172857088504805
10520,2.52464,-0.675436181511321
10521,2.52488,0.405314090201889
10522,2.52512,0.029452030322483
10523,2.52536,-0.110675321426198
10524,2.5256,0.438658207380927
10525,2.52584,0.0308505565026769
10526,2.52608,0.323013181454429
10527,2.52632,0.478028976728824
10528,2.52656,0.398336605975467
10529,2.5268,0.653936919702112
10530,2.52704,0.659168658288309
10531,2.52728,0.541980648651221
10532,2.52752,0.648257471808561
10533,2.52776,0.746438644986557
10534,2.528,0.730588437038457
10535,2.52824,1.29145977761042
10536,2.52848,0.881546492639031
10537,2.52872,0.840870274023452
10538,2.52896,1.14440935490508
10539,2.5292,1.43958412239487
10540,2.52944,1.38029582150941
10541,2.52968,1.19013986214619
10542,2.52992,1.35593337598022
10543,2.53016,1.64134558397096
10544,2.5304,1.32671799449797
10545,2.53064,1.48902280034722
10546,2.53088,1.40617742642191
10547,2.53112,2.05044597554497
10548,2.53136,1.73134540440235
10549,2.5316,1.7684762386697
10550,2.53184,2.17891624157897
10551,2.53208,2.10678648033362
10552,2.53232,1.7935283839418
10553,2.53256,2.45257905536419
10554,2.5328,2.14660980545321
10555,2.53304,1.9629168729473
10556,2.53328,2.39780251317727
10557,2.53352,2.10597443487354
10558,2.53376,1.82342015232865
10559,2.534,2.64119790907596
10560,2.53424,2.60308640633757
10561,2.53448,1.99396567437289
10562,2.53472,2.95075582724518
10563,2.53496,2.57894784419977
10564,2.5352,2.36248822030163
10565,2.53544,2.97793455656167
10566,2.53568,2.52438166119342
10567,2.53592,2.70280121585715
10568,2.53616,3.11103428752613
10569,2.5364,2.33380538662078
10570,2.53664,2.90604845040834
10571,2.53688,3.34847541903349
10572,2.53712,2.25566756780816
10573,2.53736,3.23437255674683
10574,2.5376,3.47846822269911
10575,2.53784,2.310872436154
10576,2.53808,2.98497428795762
10577,2.53832,3.27844110200998
10578,2.53856,2.17005931025174
10579,2.5388,3.35858183527351
10580,2.53904,3.21925395366719
10581,2.53928,2.29436187007015
10582,2.53952,3.531696085217
10583,2.53976,2.86138062569417
10584,2.54,2.11634936770381
10585,2.54024,3.54847883409141
10586,2.54048,2.34155039373274
10587,2.54072,2.86477074258944
10588,2.54096,3.38816029579922
10589,2.5412,2.59675615508089
10590,2.54144,2.82500939046869
10591,2.54168,3.41505872013256
10592,2.54192,3.2818445948308
10593,2.54216,2.37017088059979
10594,2.5424,3.15845361361798
10595,2.54264,3.69886692571267
10596,2.54288,2.11573295755086
10597,2.54312,2.98317623710583
10598,2.54336,3.59478422994146
10599,2.5436,2.21101520844007
10600,2.54384,3.26223618668195
10601,2.54408,2.74407472427897
10602,2.54432,2.29470846607569
10603,2.54456,3.29602508110261
10604,2.5448,2.49351009442809
10605,2.54504,2.5969621416847
10606,2.54528,3.29106051967632
10607,2.54552,1.86227455514413
10608,2.54576,2.99316923016927
10609,2.546,2.55823380499251
10610,2.54624,2.06885399880951
10611,2.54648,3.38016076699853
10612,2.54672,2.18400983859891
10613,2.54696,2.25439636016918
10614,2.5472,3.02978965167337
10615,2.54744,1.917970801703
10616,2.54768,2.18607892231208
10617,2.54792,2.67334203581213
10618,2.54816,1.76142292116798
10619,2.5484,1.98572720056747
10620,2.54864,2.31056347878266
10621,2.54888,1.48106503974298
10622,2.54912,2.47988897072741
10623,2.54936,2.26962351693622
10624,2.5496,1.38874146326777
10625,2.54984,1.5215712548585
10626,2.55008,2.2308477468138
10627,2.55032,1.53017689320605
10628,2.55056,0.641304899625154
10629,2.5508,1.46143312670928
10630,2.55104,1.55802291682324
10631,2.55128,2.26109248449953
10632,2.55152,0.729856844558831
10633,2.55176,1.62629932413073
10634,2.552,1.55580871413573
10635,2.55224,0.446512823501477
10636,2.55248,0.81907269585063
10637,2.55272,1.90571301908922
10638,2.55296,0.618402048377638
10639,2.5532,0.447831438367829
10640,2.55344,1.47560395286475
10641,2.55368,0.602302379995964
10642,2.55392,0.604715624134404
10643,2.55416,0.842464951998707
10644,2.5544,0.019540779037043
10645,2.55464,0.677499525473641
10646,2.55488,0.601958747448869
10647,2.55512,-0.398446862844344
10648,2.55536,0.659452018906037
10649,2.5556,0.0332861552996153
10650,2.55584,-0.313089326933332
10651,2.55608,0.657516987393121
10652,2.55632,-0.396878939726489
10653,2.55656,-0.342771261142601
10654,2.5568,0.0690242167346613
10655,2.55704,-0.452264921164326
10656,2.55728,-0.134389388723035
10657,2.55752,-0.762498833459262
10658,2.55776,-0.407627117576979
10659,2.558,-0.423503310718507
10660,2.55824,-1.13692524433795
10661,2.55848,-0.875971737224636
10662,2.55872,-0.379981584677597
10663,2.55896,-1.19051825865205
10664,2.5592,-0.782836736806539
10665,2.55944,-1.22863193297686
10666,2.55968,-1.1741087813077
10667,2.55992,-1.23040860572374
10668,2.56016,-1.05335656518837
10669,2.5604,-1.58921285581705
10670,2.56064,-1.14978412334767
10671,2.56088,-1.32374676999906
10672,2.56112,-1.73034768276232
10673,2.56136,-1.53671485212483
10674,2.5616,-2.0606668765042
10675,2.56184,-1.49931271645959
10676,2.56208,-1.54042105424689
10677,2.56232,-1.58426814834245
10678,2.56256,-2.22990496148922
10679,2.5628,-1.79231490844625
10680,2.56304,-2.0765366441259
10681,2.56328,-1.7731261462814
10682,2.56352,-2.3060694111876
10683,2.56376,-2.00208998859177
10684,2.564,-2.4336655606311
10685,2.56424,-2.25828217260078
10686,2.56448,-1.85022978796293
10687,2.56472,-2.54339004033665
10688,2.56496,-2.26639664281985
10689,2.5652,-1.88206300688458
10690,2.56544,-2.84038094889366
10691,2.56568,-2.82486592034703
10692,2.56592,-1.99294654978568
10693,2.56616,-2.97697730389511
10694,2.5664,-2.749064279567
10695,2.56664,-2.31818230415086
10696,2.56688,-3.0864106621589
10697,2.56712,-2.65897243825631
10698,2.56736,-3.22660151926132
10699,2.5676,-2.70071119484907
10700,2.56784,-2.44431361030443
10701,2.56808,-3.53434682859524
10702,2.56832,-2.68754422057681
10703,2.56856,-2.60274282325638
10704,2.5688,-3.48782421306841
10705,2.56904,-3.05260542492091
10706,2.56928,-2.18707735277509
10707,2.56952,-3.48087194182347
10708,2.56976,-2.7400320752349
10709,2.57,-3.00570276202088
10710,2.57024,-3.85486008470783
10711,2.57048,-2.80409019234638
10712,2.57072,-2.52206672416976
10713,2.57096,-3.35684270451016
10714,2.5712,-2.49751313261418
10715,2.57144,-3.00400083587185
10716,2.57168,-3.7398551097846
10717,2.57192,-2.45031642718498
10718,2.57216,-2.67033932899901
10719,2.5724,-3.25146787638907
10720,2.57264,-3.22516702091948
10721,2.57288,-2.65823335819222
10722,2.57312,-3.53813038916485
10723,2.57336,-2.98371973355644
10724,2.5736,-2.72957478998715
10725,2.57384,-3.44034948297086
10726,2.57408,-2.83478519833579
10727,2.57432,-2.53518950603804
10728,2.57456,-3.43826424886474
10729,2.5748,-2.66542350101618
10730,2.57504,-2.56346885518724
10731,2.57528,-3.53744323719529
10732,2.57552,-2.24411449115402
10733,2.57576,-2.81385043359873
10734,2.576,-3.00529311680267
10735,2.57624,-2.05236239785579
10736,2.57648,-3.16508822794309
10737,2.57672,-2.47085861216872
10738,2.57696,-2.20644797222193
10739,2.5772,-3.3783097470381
10740,2.57744,-2.05178060064764
10741,2.57768,-2.34718356180386
10742,2.57792,-2.98253058820994
10743,2.57816,-1.97482692523414
10744,2.5784,-2.10375561221766
10745,2.57864,-2.94565895668208
10746,2.57888,-2.23671189251673
10747,2.57912,-1.23189472590491
10748,2.57936,-2.88490726154599
10749,2.5796,-2.24769302192358
10750,2.57984,-1.42870926140528
10751,2.58008,-2.43751406424463
10752,2.58032,-2.2367146343693
10753,2.58056,-1.36217324210783
10754,2.5808,-1.62207019928182
10755,2.58104,-2.21238665792375
10756,2.58128,-1.40761333582016
10757,2.58152,-1.01564305649743
10758,2.58176,-1.83231250568139
10759,2.582,-1.92456610637645
10760,2.58224,-0.957414826306187
10761,2.58248,-0.889496074000838
10762,2.58272,-1.78435174878482
10763,2.58296,-1.47893985755072
10764,2.5832,-0.876446001880028
10765,2.58344,-1.0004617797055
10766,2.58368,-1.48301655572967
10767,2.58392,-0.694058127333419
10768,2.58416,-0.874308439520284
10769,2.5844,-0.69924679308514
10770,2.58464,-0.330039842324025
10771,2.58488,-1.04865475711452
10772,2.58512,-0.445264482105605
10773,2.58536,-0.134302120975422
10774,2.5856,-0.663340577322142
10775,2.58584,0.121537427319672
10776,2.58608,-0.454887386609711
10777,2.58632,-0.419626078474713
10778,2.58656,0.663619027441896
10779,2.5868,-0.192281528138083
10780,2.58704,-0.085023997145542
10781,2.58728,0.469436968467397
10782,2.58752,-0.175012101415767
10783,2.58776,0.479813684441713
10784,2.588,0.401922910436341
10785,2.58824,0.445339911729429
10786,2.58848,0.456948002841812
10787,2.58872,0.114107866439176
10788,2.58896,0.721390096187929
10789,2.5892,0.82193798952978
10790,2.58944,0.571890115420071
10791,2.58968,0.910522452537128
10792,2.58992,1.35049295621088
10793,2.59016,1.07019793815922
10794,2.5904,0.901591601593831
10795,2.59064,1.4425090566252
10796,2.59088,1.2771603793949
10797,2.59112,0.969139046925028
10798,2.59136,1.26224519574224
10799,2.5916,1.43372124387222
10800,2.59184,1.83128727586142
10801,2.59208,1.27553067562594
10802,2.59232,1.92051094475287
10803,2.59256,1.24130509742747
10804,2.5928,1.88577439809244
10805,2.59304,1.6912060625488
10806,2.59328,2.08911190993227
10807,2.59352,1.76822735055995
10808,2.59376,1.82082300632179
10809,2.594,2.46844493502314
10810,2.59424,2.15360998592323
10811,2.59448,1.85456844410059
10812,2.59472,2.272575042736
10813,2.59496,2.09773972569045
10814,2.5952,2.53588256623741
10815,2.59544,2.24645162000531
10816,2.59568,2.21537708917465
10817,2.59592,2.5515524480905
10818,2.59616,2.16389145608189
10819,2.5964,2.64264214296539
10820,2.59664,2.75474575464132
10821,2.59688,2.04047655646103
10822,2.59712,3.03044295337267
10823,2.59736,2.68523745122393
10824,2.5976,2.37579923658151
10825,2.59784,3.15181301436075
10826,2.59808,2.60372652571687
10827,2.59832,2.69214007377296
10828,2.59856,3.50728087946241
10829,2.5988,2.75168527269011
10830,2.59904,2.75907767397521
10831,2.59928,3.62166979768611
10832,2.59952,2.90928253204402
10833,2.59976,2.60059897271371
10834,2.6,3.28833488648897
10835,2.60024,3.1114389409485
10836,2.60048,2.49347339591578
10837,2.60072,3.35368693789232
10838,2.60096,2.99223193728968
10839,2.6012,2.55940292266908
10840,2.60144,3.81885648930706
10841,2.60168,3.26743559783777
10842,2.60192,2.16954513700817
10843,2.60216,2.67089679198415
10844,2.6024,3.17554791025144
10845,2.60264,3.6752779131463
10846,2.60288,2.28677400013277
10847,2.60312,2.86959283859882
10848,2.60336,3.56656048156303
10849,2.6036,2.82586548713001
10850,2.60384,2.51676046930951
10851,2.60408,3.17799831063125
10852,2.60432,2.9906251673186
10853,2.60456,2.26495801346272
10854,2.6048,3.12029561420537
10855,2.60504,3.2423525922694
10856,2.60528,2.3411336802701
10857,2.60552,3.14531729203969
10858,2.60576,2.97938861830641
10859,2.606,2.39694150597657
10860,2.60624,3.38641720224609
10861,2.60648,2.34195849543276
10862,2.60672,2.681059483994
10863,2.60696,3.2468893614606
10864,2.6072,1.81715756522265
10865,2.60744,2.9433841476007
10866,2.60768,2.73456142342047
10867,2.60792,1.99280858448991
10868,2.60816,3.30031726363135
10869,2.6084,2.33108786600554
10870,2.60864,2.14937869583981
10871,2.60888,2.92297101047364
10872,2.60912,1.81082078407692
10873,2.60936,2.544539607459
10874,2.6096,2.42155725729356
10875,2.60984,1.64163125776804
10876,2.61008,2.78778240255607
10877,2.61032,2.02087699607995
10878,2.61056,1.19749244186964
10879,2.6108,2.42863793719358
10880,2.61104,1.85755448006046
10881,2.61128,1.3529290020244
10882,2.61152,2.39557945995785
10883,2.61176,1.55077579288098
10884,2.612,1.71285626728126
10885,2.61224,1.62415709737973
10886,2.61248,1.12078709409244
10887,2.61272,1.22639879529139
10888,2.61296,2.05445320980236
10889,2.6132,1.32834565723316
10890,2.61344,1.02715249476913
10891,2.61368,1.81076896833374
10892,2.61392,1.63200331042679
10893,2.61416,0.791438206955966
10894,2.6144,1.28153523842668
10895,2.61464,1.04914188242793
10896,2.61488,0.156076657029735
10897,2.61512,1.06967248865311
10898,2.61536,0.658684942848603
10899,2.6156,0.0588272312197409
10900,2.61584,1.14452784380312
10901,2.61608,0.546539535292796
10902,2.61632,-0.122882088572762
10903,2.61656,0.656165082190229
10904,2.6168,0.35778257602189
10905,2.61704,-0.0224533640589824
10906,2.61728,0.552609682326837
10907,2.61752,-0.166245329436442
10908,2.61776,-0.0290514839114506
10909,2.618,-0.00866078877557075
10910,2.61824,-0.193807784789293
10911,2.61848,0.0926266755402256
10912,2.61872,-0.564356228781805
10913,2.61896,-0.235892121072952
10914,2.6192,-0.157265165033212
10915,2.61944,-0.89403799721973
10916,2.61968,-0.651250746571599
10917,2.61992,-0.652841539613258
10918,2.62016,-0.521825636762788
10919,2.6204,-0.860256197622563
10920,2.62064,-0.958355454696534
10921,2.62088,-1.15946386365997
10922,2.62112,-0.998677453836527
10923,2.62136,-1.06909897804445
10924,2.6216,-1.36966166356173
10925,2.62184,-1.31324159040891
10926,2.62208,-1.12706233495708
10927,2.62232,-1.53707288483452
10928,2.62256,-1.46123830713917
10929,2.6228,-1.510479311634
10930,2.62304,-1.55539968666131
10931,2.62328,-1.2392847329195
10932,2.62352,-1.64358122711188
10933,2.62376,-1.68744295710171
10934,2.624,-1.96700648940105
10935,2.62424,-2.12398832480138
10936,2.62448,-1.81385711911407
10937,2.62472,-1.97668425705725
10938,2.62496,-2.03069081811926
10939,2.6252,-1.84903852349018
10940,2.62544,-2.02343520547882
10941,2.62568,-2.08880098780321
10942,2.62592,-2.39854009268204
10943,2.62616,-2.225389114773
10944,2.6264,-2.42616286953013
10945,2.62664,-2.15933176539776
10946,2.62688,-2.36672025357094
10947,2.62712,-2.59611618903099
10948,2.62736,-2.58947615873949
10949,2.6276,-2.22457965520812
10950,2.62784,-2.96944135493947
10951,2.62808,-2.50160820227477
10952,2.62832,-2.29663362946708
10953,2.62856,-3.313671095557
10954,2.6288,-2.51489689677312
10955,2.62904,-2.59415204941266
10956,2.62928,-3.52011926458021
10957,2.62952,-2.40581642850798
10958,2.62976,-2.89666534680447
10959,2.63,-3.49490532311413
10960,2.63024,-2.30975729975727
10961,2.63048,-2.96839787943796
10962,2.63072,-3.60346235349748
10963,2.63096,-2.46590175578416
10964,2.6312,-2.81748748930967
10965,2.63144,-3.74894955494795
10966,2.63168,-3.01416561653301
10967,2.63192,-2.4496082634926
10968,2.63216,-3.80943629963062
10969,2.6324,-2.65196004668376
10970,2.63264,-2.98984097244409
10971,2.63288,-2.60325012739582
10972,2.63312,-2.51396555940223
10973,2.63336,-3.02919543828214
10974,2.6336,-3.66548979978229
10975,2.63384,-2.29279235941302
10976,2.63408,-3.00368445040036
10977,2.63432,-3.58336865136809
10978,2.63456,-2.26342781019606
10979,2.6348,-3.16028923167144
10980,2.63504,-3.43742567163973
10981,2.63528,-2.44480164292932
10982,2.63552,-3.16157697762347
10983,2.63576,-3.39169102527585
10984,2.636,-2.23233125018085
10985,2.63624,-3.14208261166587
10986,2.63648,-3.08390125322835
10987,2.63672,-2.48379002581167
10988,2.63696,-3.56935517071796
10989,2.6372,-2.62871527701806
10990,2.63744,-2.47071943111181
10991,2.63768,-3.51048821302727
10992,2.63792,-2.40372182247584
10993,2.63816,-2.67903478569719
10994,2.6384,-2.93990466590468
10995,2.63864,-1.93465878407904
10996,2.63888,-3.22981888015497
10997,2.63912,-2.1290231624426
10998,2.63936,-2.29454549310172
10999,2.6396,-2.92592748572936
11000,2.63984,-1.55954747224738
11001,2.64008,-2.985832564256
11002,2.64032,-2.13189347559164
11003,2.64056,-1.82346417309109
11004,2.6408,-2.82655444659449
11005,2.64104,-1.8140603370785
11006,2.64128,-1.7057392896905
11007,2.64152,-2.89736731092653
11008,2.64176,-1.94695054176141
11009,2.642,-1.53928256501344
11010,2.64224,-2.56637757599785
11011,2.64248,-1.69574146276805
11012,2.64272,-1.48058668905307
11013,2.64296,-2.09798457019843
11014,2.6432,-0.722556176298444
11015,2.64344,-1.18972942835628
11016,2.64368,-1.65529989824427
11017,2.64392,-2.12096690472793
11018,2.64416,-0.580364566613059
11019,2.6444,-1.48660520555714
11020,2.64464,-1.66680910466224
11021,2.64488,-0.898874366710443
11022,2.64512,-0.673237849467606
11023,2.64536,-1.52703671024077
11024,2.6456,-1.0577656749059
11025,2.64584,-0.406317248234779
11026,2.64608,-1.56105486183859
11027,2.64632,-0.56517428575315
11028,2.64656,-0.446830857719941
11029,2.6468,-1.16465389923969
11030,2.64704,-0.351127649781687
11031,2.64728,-0.39996657233532
11032,2.64752,-0.569527674887637
11033,2.64776,-0.178712146493003
11034,2.648,-0.385338845316566
11035,2.64824,-0.0108874168588531
11036,2.64848,-0.145018651504171
11037,2.64872,-0.0305352844606193
11038,2.64896,0.41043238077158
11039,2.6492,-0.119863514665236
11040,2.64944,0.433509497250073
11041,2.64968,0.228325343345035
11042,2.64992,-0.0882098041794566
11043,2.65016,0.899949993016573
11044,2.6504,0.544267493664497
11045,2.65064,0.554280279786112
11046,2.65088,0.545649376662394
11047,2.65112,0.645640240267163
11048,2.65136,0.631573415700464
11049,2.6516,1.19909401928334
11050,2.65184,0.7899810370561
11051,2.65208,0.874026117212035
11052,2.65232,1.18620114991042
11053,2.65256,1.2429951843906
11054,2.6528,1.06199659038586
11055,2.65304,1.12048892619611
11056,2.65328,1.64677890680015
11057,2.65352,1.21087502170697
11058,2.65376,1.85725856147778
11059,2.654,1.30120382797676
11060,2.65424,1.34632543186321
11061,2.65448,1.51095733708409
11062,2.65472,2.03395330917951
11063,2.65496,1.47277318899883
11064,2.6552,1.75840383753365
11065,2.65544,2.28846067987307
11066,2.65568,1.85085460487178
11067,2.65592,1.89994632920818
11068,2.65616,2.19886796730269
11069,2.6564,2.13439219349136
11070,2.65664,2.07268509966178
11071,2.65688,2.26866083519614
11072,2.65712,2.33997858059904
11073,2.65736,2.0612208632203
11074,2.6576,2.76043663876766
11075,2.65784,2.24889502691896
11076,2.65808,2.11745462363651
11077,2.65832,3.08150806927625
11078,2.65856,2.23330241000141
11079,2.6588,2.37986373156922
11080,2.65904,3.36814257184856
11081,2.65928,2.19317228897128
11082,2.65952,2.73938093095272
11083,2.65976,3.27096662823268
11084,2.66,2.14295604299435
11085,2.66024,3.08634711537507
11086,2.66048,3.4050967296853
11087,2.66072,2.3182252732241
11088,2.66096,3.18732263354798
11089,2.6612,3.54951099396651
11090,2.66144,2.38599307873657
11091,2.66168,2.58938068274853
11092,2.66192,3.62158035402489
11093,2.66216,2.74263602124371
11094,2.6624,2.63819845563348
11095,2.66264,3.23946220792936
11096,2.66288,2.90752562019602
11097,2.66312,2.73498110235667
11098,2.66336,3.2665227752616
11099,2.6636,2.8649238108467
11100,2.66384,2.39423237596733
11101,2.66408,2.90543037340418
11102,2.66432,3.4130203516856
11103,2.66456,3.32321016332301
11104,2.6648,2.44685669306386
11105,2.66504,3.03953887394415
11106,2.66528,3.74292034892193
11107,2.66552,2.30942841533288
11108,2.66576,2.73810597606598
11109,2.666,3.75968563385996
11110,2.66624,2.39794159722247
11111,2.66648,2.66154483206993
11112,2.66672,3.51507135422293
11113,2.66696,2.69238771377642
11114,2.6672,1.94106016626061
11115,2.66744,2.89324477890296
11116,2.66768,3.22997660506639
11117,2.66792,2.17688118956673
11118,2.66816,3.18988030124262
11119,2.6684,2.63875959986272
11120,2.66864,2.39422317390539
11121,2.66888,3.46789511349038
11122,2.66912,2.27645047503935
11123,2.66936,2.58881991915027
11124,2.6696,3.00743068056768
11125,2.66984,1.79449395642152
11126,2.67008,2.89485553095015
11127,2.67032,2.42457229864032
11128,2.67056,1.90508949191108
11129,2.6708,3.06160597534398
11130,2.67104,1.95633797943804
11131,2.67128,1.75584500579446
11132,2.67152,2.87173268466439
11133,2.67176,2.0755783461414
11134,2.672,1.70044004546419
11135,2.67224,2.88174516628438
11136,2.67248,1.80260503029774
11137,2.67272,1.62783723039335
11138,2.67296,2.27877532186183
11139,2.6732,1.40626088420139
11140,2.67344,1.54740474525894
11141,2.67368,2.14857746644382
11142,2.67392,1.22153891765485
11143,2.67416,1.19608673991414
11144,2.6744,1.64861618633071
11145,2.67464,1.8584317535891
11146,2.67488,0.658041170955028
11147,2.67512,0.835455566519861
11148,2.67536,1.61060259395273
11149,2.6756,1.07050066993882
11150,2.67584,0.355365270371426
11151,2.67608,1.32803498812624
11152,2.67632,1.21070056946505
11153,2.67656,0.0512424984353217
11154,2.6768,1.20559193893046
11155,2.67704,0.905206172458111
11156,2.67728,0.175921226642027
11157,2.67752,1.13756198172375
11158,2.67776,0.655360911835066
11159,2.678,0.218932321404973
11160,2.67824,1.22106885439951
11161,2.67848,0.0858152060033089
11162,2.67872,0.0583875257428301
11163,2.67896,0.265929966332938
11164,2.6792,-0.0927498690685944
11165,2.67944,0.155645146267264
11166,2.67968,-0.192048001587
11167,2.67992,-0.141696631639486
11168,2.68016,0.139668910742724
11169,2.6804,-0.640207463659975
11170,2.68064,-0.673420123338039
11171,2.68088,0.126005072860961
11172,2.68112,-0.856316462204538
11173,2.68136,-0.741276323081338
11174,2.6816,-0.270588975758739
11175,2.68184,-0.978164470266925
11176,2.68208,-0.838199235538683
11177,2.68232,-0.936560916605747
11178,2.68256,-0.895980639566723
11179,2.6828,-0.976214941774106
11180,2.68304,-1.17395850400839
11181,2.68328,-1.35731580462929
11182,2.68352,-1.4177406723581
11183,2.68376,-1.23707235282354
11184,2.684,-1.40606395481873
11185,2.68424,-1.81404802527869
11186,2.68448,-1.25865018047177
11187,2.68472,-1.9033059071979
11188,2.68496,-1.46647963820771
11189,2.6852,-1.9892435155921
11190,2.68544,-1.43262389307581
11191,2.68568,-1.59484769392215
11192,2.68592,-1.76087250379031
11193,2.68616,-2.16583075527816
11194,2.6864,-1.72878616472529
11195,2.68664,-1.77930245041047
11196,2.68688,-2.43442713833144
11197,2.68712,-2.24391344528537
11198,2.68736,-1.70921366244102
11199,2.6876,-2.62075904628713
11200,2.68784,-2.44315402662941
11201,2.68808,-2.16994508606983
11202,2.68832,-2.5025097035754
11203,2.68856,-2.46355561440867
11204,2.6888,-1.96890926528263
11205,2.68904,-2.92480779565856
11206,2.68928,-2.55203835936599
11207,2.68952,-2.3345519703915
11208,2.68976,-2.94891157416673
11209,2.69,-2.49421628990896
11210,2.69024,-2.43303912330512
11211,2.69048,-2.71711829953206
11212,2.69072,-2.79054933645121
11213,2.69096,-3.23227872182514
11214,2.6912,-2.47441466147518
11215,2.69144,-2.95788847326874
11216,2.69168,-3.54893437106421
11217,2.69192,-2.35802881216792
11218,2.69216,-2.89092369756906
11219,2.6924,-3.76799547161891
11220,2.69264,-2.61822714982523
11221,2.69288,-2.47706437005174
11222,2.69312,-3.6555271121706
11223,2.69336,-3.27204495327089
11224,2.6936,-2.459889452611
11225,2.69384,-3.69521294857824
11226,2.69408,-3.36711239144548
11227,2.69432,-2.48862314102991
11228,2.69456,-3.09174134102473
11229,2.6948,-3.55520539827002
11230,2.69504,-2.36334217642987
11231,2.69528,-3.13810490672773
11232,2.69552,-3.66561202062614
11233,2.69576,-2.66783317314099
11234,2.696,-3.3750531374028
11235,2.69624,-3.23758957716373
11236,2.69648,-2.31514872083066
11237,2.69672,-2.98665094494672
11238,2.69696,-3.88535741767621
11239,2.6972,-2.29514785213396
11240,2.69744,-3.03516265783976
11241,2.69768,-3.1615235764703
11242,2.69792,-2.14072016726445
11243,2.69816,-3.07530339252277
11244,2.6984,-3.03167195434005
11245,2.69864,-2.21012236473196
11246,2.69888,-3.09073585579976
11247,2.69912,-2.7633054983334
11248,2.69936,-2.13806328116633
11249,2.6996,-3.09232042789538
11250,2.69984,-2.6001820680195
11251,2.70008,-2.41207605387522
11252,2.70032,-3.30004490334505
11253,2.70056,-1.93876732822653
11254,2.7008,-2.7869787596014
11255,2.70104,-2.77827229524325
11256,2.70128,-1.74809987264358
11257,2.70152,-3.1372166377233
11258,2.70176,-2.01646511561408
11259,2.702,-2.27519044218818
11260,2.70224,-2.87648088348672
11261,2.70248,-1.95108525306136
11262,2.70272,-1.80497602808596
11263,2.70296,-2.60673441349358
11264,2.7032,-1.52114429195907
11265,2.70344,-2.63232196090548
11266,2.70368,-2.29509789818777
11267,2.70392,-1.2911299450085
11268,2.70416,-2.4762361277207
11269,2.7044,-1.97548401524524
11270,2.70464,-1.28270135635674
11271,2.70488,-0.643470134307667
11272,2.70512,-1.4647050041228
11273,2.70536,-1.56141836743864
11274,2.7056,-2.38194244849304
11275,2.70584,-0.476378642584421
11276,2.70608,-1.61701495611669
11277,2.70632,-1.66293920412088
11278,2.70656,-0.770154341049477
11279,2.7068,-1.0152616029552
11280,2.70704,-1.37133111485527
11281,2.70728,-0.19015809361954
11282,2.70752,-0.740356409442155
11283,2.70776,-1.15661599623626
11284,2.708,-0.399523643898988
11285,2.70824,-0.63909119961974
11286,2.70848,-0.870672903848318
11287,2.70872,-0.168294271644525
11288,2.70896,-0.224860638743554
11289,2.7092,-0.874854013959948
11290,2.70944,-0.224916057569274
11291,2.70968,-0.083666630065879
11292,2.70992,-0.536473273814091
11293,2.71016,0.180868506058385
11294,2.7104,-0.0724341934404358
11295,2.71064,0.0271935508442795
11296,2.71088,0.213395579485878
11297,2.71112,0.047822246332798
11298,2.71136,0.820567594629247
11299,2.7116,0.252705541876195
11300,2.71184,0.171000433056684
11301,2.71208,1.14287708813574
11302,2.71232,0.549015941958722
11303,2.71256,0.429475220983734
11304,2.7128,1.13400849487418
11305,2.71304,0.873197898376548
11306,2.71328,0.973846586041382
11307,2.71352,1.05108370405178
11308,2.71376,1.00595324704349
11309,2.714,1.32273775070353
11310,2.71424,1.02270131183842
11311,2.71448,1.31952772649686
11312,2.71472,1.50017704220469
11313,2.71496,1.18481102311156
11314,2.7152,1.35112671148044
11315,2.71544,1.75598587956424
11316,2.71568,1.44117383288308
11317,2.71592,1.8452458775373
11318,2.71616,1.65021224558614
11319,2.7164,1.93505901375888
11320,2.71664,1.85883776940769
11321,2.71688,1.65936264571895
11322,2.71712,2.18834900217294
11323,2.71736,1.87485356733494
11324,2.7176,1.80112684364769
11325,2.71784,2.46098771120321
11326,2.71808,2.15585789356586
11327,2.71832,1.61183556261639
11328,2.71856,2.17088309765545
11329,2.7188,2.72053126081503
11330,2.71904,1.95685413775025
11331,2.71928,2.53640275198343
11332,2.71952,2.74184500308972
11333,2.71976,1.88920621212549
11334,2.72,2.85232768608331
11335,2.72024,2.72089385412173
11336,2.72048,2.26361068018721
11337,2.72072,3.12619587411168
11338,2.72096,2.66810787844504
11339,2.7212,2.6052932844992
11340,2.72144,2.89354792515535
11341,2.72168,2.36844250942384
11342,2.72192,3.0579014861442
11343,2.72216,2.78435155527748
11344,2.7224,2.7884737383303
11345,2.72264,2.90424547595998
11346,2.72288,2.44694039364648
11347,2.72312,3.22517758228903
11348,2.72336,3.37899418978571
11349,2.7236,2.72117688336471
11350,2.72384,3.42467138966278
11351,2.72408,3.50724322933066
11352,2.72432,2.90169904487773
11353,2.72456,2.7034468330236
11354,2.7248,3.70297630672062
11355,2.72504,3.37824482680138
11356,2.72528,2.37975781195533
11357,2.72552,2.62873051909901
11358,2.72576,3.12162208121197
11359,2.726,3.61573276854595
11360,2.72624,2.56040722035595
11361,2.72648,2.8888805937583
11362,2.72672,3.45231340869335
11363,2.72696,3.30157779096456
11364,2.7272,2.36953523075849
11365,2.72744,3.14367581389166
11366,2.72768,3.42235417030338
11367,2.72792,2.43377320551187
11368,2.72816,3.15218953083452
11369,2.7284,3.25868629115656
11370,2.72864,2.34429883504982
11371,2.72888,3.13281355574809
11372,2.72912,2.95521359770277
11373,2.72936,2.59823228756168
11374,2.7296,3.56289014641252
11375,2.72984,2.2674717945293
11376,2.73008,2.71348909498715
11377,2.73032,3.26474027523811
11378,2.73056,1.8202076681248
11379,2.7308,3.05126168715616
11380,2.73104,2.71130969421531
11381,2.73128,2.07866874579017
11382,2.73152,3.36902684592777
11383,2.73176,2.15329311593008
11384,2.732,2.43986338107246
11385,2.73224,2.58987690308461
11386,2.73248,1.4765055112587
11387,2.73272,2.90774431249919
11388,2.73296,2.16989940356736
11389,2.7332,1.49958854233492
11390,2.73344,2.87538194519848
11391,2.73368,2.32923455068998
11392,2.73392,1.35964415179821
11393,2.73416,2.35011987538448
11394,2.7344,2.24439270894539
11395,2.73464,1.34257678561355
11396,2.73488,2.39812477789668
11397,2.73512,1.76795731250812
11398,2.73536,1.07040583391177
11399,2.7356,1.96637297214538
11400,2.73584,0.818051426635036
11401,2.73608,1.04600702596659
11402,2.73632,1.87632191645053
11403,2.73656,1.98137722539551
11404,2.7368,0.564741963047491
11405,2.73704,1.11635372560496
11406,2.73728,1.78128190428218
11407,2.73752,0.658217765207161
11408,2.73776,1.02936769551177
11409,2.738,1.39079675814465
11410,2.73824,0.102941612885502
11411,2.73848,1.2557496842961
11412,2.73872,1.07206766270219
11413,2.73896,0.216649851604949
11414,2.7392,0.815485440550794
11415,2.73944,0.928490293264722
11416,2.73968,0.12684407856025
11417,2.73992,0.413657904376669
11418,2.74016,0.705756810291021
11419,2.7404,0.0770232842083547
11420,2.74064,0.285658042517098
11421,2.74088,0.272586665723971
11422,2.74112,0.045623536289839
11423,2.74136,-0.185138315077579
11424,2.7416,-0.140849685556184
11425,2.74184,0.142615254124312
11426,2.74208,-0.761347454070199
11427,2.74232,-0.318371437896818
11428,2.74256,-0.00409303630647839
11429,2.7428,-0.746570521161429
11430,2.74304,-0.754944847241832
11431,2.74328,-0.526771239464244
11432,2.74352,-0.876568537057331
11433,2.74376,-0.859105862459961
11434,2.744,-0.719821868544034
11435,2.74424,-0.806306244585147
11436,2.74448,-1.00414572080863
11437,2.74472,-1.20437767423376
11438,2.74496,-0.904978024549546
11439,2.7452,-1.09048043112366
11440,2.74544,-1.27067208529378
11441,2.74568,-1.32107147837593
11442,2.74592,-1.13191683411501
11443,2.74616,-1.18578459481839
11444,2.7464,-1.58849303057148
11445,2.74664,-1.63379667312187
11446,2.74688,-1.67572746048849
11447,2.74712,-1.59557409107179
11448,2.74736,-1.63459964259207
11449,2.7476,-2.03979438950458
11450,2.74784,-1.72220359794809
11451,2.74808,-1.64918720576996
11452,2.74832,-2.3026959166981
11453,2.74856,-1.86950721107803
11454,2.7488,-1.56081150014526
11455,2.74904,-2.46932498935479
11456,2.74928,-2.40645228928849
11457,2.74952,-1.75233364621038
11458,2.74976,-2.67948581637317
11459,2.75,-2.51694625831666
11460,2.75024,-1.88511420733329
11461,2.75048,-2.59408029337948
11462,2.75072,-2.69090123138906
11463,2.75096,-1.84388841368857
11464,2.7512,-2.82007123886515
11465,2.75144,-2.82412498749249
11466,2.75168,-2.14081279268028
11467,2.75192,-3.14640911444037
11468,2.75216,-2.70330155850878
11469,2.7524,-2.54005220650602
11470,2.75264,-2.965856755156
11471,2.75288,-2.21699353090899
11472,2.75312,-2.9327429356899
11473,2.75336,-2.79709252600081
11474,2.7536,-2.69880380910521
11475,2.75384,-3.68896196525753
11476,2.75408,-2.63975148465581
11477,2.75432,-2.95889790973519
11478,2.75456,-3.73892068102935
11479,2.7548,-2.62070190338146
11480,2.75504,-2.87193184724658
11481,2.75528,-3.83074517548617
11482,2.75552,-2.87944409466934
11483,2.75576,-2.7073871472658
11484,2.756,-3.24220975551511
11485,2.75624,-2.84291198118578
11486,2.75648,-2.61535931690202
11487,2.75672,-3.1178380206768
11488,2.75696,-3.61826758181903
11489,2.7572,-2.46590431104321
11490,2.75744,-2.92178214036189
11491,2.75768,-3.60996831446982
11492,2.75792,-2.62801221481105
11493,2.75816,-2.55902095198038
11494,2.7584,-3.3294056014222
11495,2.75864,-3.37515151632775
11496,2.75888,-2.26981445231038
11497,2.75912,-2.88598770820484
11498,2.75936,-3.61543629552853
11499,2.7596,-2.3346379490432
11500,2.75984,-2.7845278950314
11501,2.76008,-3.46677720611964
11502,2.76032,-2.14241024930886
11503,2.76056,-3.13338215108186
11504,2.7608,-2.7984797128287
11505,2.76104,-2.52601096276559
11506,2.76128,-3.57035585317417
11507,2.76152,-2.12283667114931
11508,2.76176,-2.88573696435063
11509,2.762,-2.79471575498652
11510,2.76224,-1.92991035932227
11511,2.76248,-3.23441367588337
11512,2.76272,-2.26272698686181
11513,2.76296,-2.43794878400229
11514,2.7632,-2.83347324479624
11515,2.76344,-1.71750136055701
11516,2.76368,-2.91568553643013
11517,2.76392,-2.06813734587777
11518,2.76416,-2.00527525265383
11519,2.7644,-2.77080671477381
11520,2.76464,-1.77280565850734
11521,2.76488,-2.0279618568247
11522,2.76512,-2.62104938646464
11523,2.76536,-1.80956044863981
11524,2.7656,-1.65458395509763
11525,2.76584,-2.44748669985086
11526,2.76608,-1.71083488670232
11527,2.76632,-1.62514427142687
11528,2.76656,-2.00721085498061
11529,2.7668,-1.252269068119
11530,2.76704,-1.23186979986338
11531,2.76728,-2.17653026878106
11532,2.76752,-1.56247928254575
11533,2.76776,-1.02086142681518
11534,2.768,-1.08643057578415
11535,2.76824,-1.87064708337307
11536,2.76848,-0.899470893446856
11537,2.76872,-1.02542138961711
11538,2.76896,-1.50893504498669
11539,2.7692,-0.720852250395112
11540,2.76944,-0.90189831066392
11541,2.76968,-0.370632699310966
11542,2.76992,-0.367441495348965
11543,2.77016,-1.08621696054603
11544,2.7704,-0.482935187772585
11545,2.77064,0.0689806935471682
11546,2.77088,-1.0613786405151
11547,2.77112,-0.160461806087212
11548,2.77136,-0.0154383533919822
11549,2.7716,-0.706169592876255
11550,2.77184,0.253150182042179
11551,2.77208,0.00282022527551029
11552,2.77232,-0.254338191658831
11553,2.77256,0.297594292981066
11554,2.7728,0.133992047467257
11555,2.77304,0.670062477354339
11556,2.77328,0.101472358688262
11557,2.77352,0.143897797453312
11558,2.77376,0.881805817630025
11559,2.774,0.644150758778948
11560,2.77424,0.410483742321782
11561,2.77448,0.761517318967444
11562,2.77472,0.615835319897861
11563,2.77496,0.47852352515477
11564,2.7752,1.28275107060989
11565,2.77544,1.11970166046286
11566,2.77568,1.07351017066247
11567,2.77592,1.13767188585407
11568,2.77616,1.31598558158144
11569,2.7764,1.61711246610036
11570,2.77664,1.06301205571416
11571,2.77688,1.5907979436982
11572,2.77712,1.27739953496646
11573,2.77736,1.68563466230479
11574,2.7776,1.72773261483
11575,2.77784,1.76772860362617
11576,2.77808,1.69190148531098
11577,2.77832,1.97612339233984
11578,2.77856,1.773748526817
11579,2.7788,2.05947378483996
11580,2.77904,2.22773666025387
11581,2.77928,2.03130872465101
11582,2.77952,1.84888110320238
11583,2.77976,2.62783938344269
11584,2.78,2.20356693736734
11585,2.78024,1.91758443710605
11586,2.78048,2.59001426811277
11587,2.78072,2.18159905747147
11588,2.78096,2.51745179072794
11589,2.7812,2.48845565885513
11590,2.78144,2.22659182885054
11591,2.78168,2.94310431327738
11592,2.78192,2.21203202789401
11593,2.78216,2.1095931804419
11594,2.7824,3.0951814819454
11595,2.78264,2.75142208613564
11596,2.78288,2.44513029768818
11597,2.78312,3.09402374870757
11598,2.78336,2.31512255600665
11599,2.7836,2.8851598230777
11600,2.78384,2.84733643229983
11601,2.78408,2.48709898227027
11602,2.78432,3.3349344761078
11603,2.78456,2.85217752000188
11604,2.7848,2.52710851452509
11605,2.78504,3.43503361651491
11606,2.78528,2.76340661654269
11607,2.78552,2.49380285088491
11608,2.78576,3.22015135185666
11609,2.786,3.20186273466247
11610,2.78624,2.27467507035311
11611,2.78648,3.50975681201575
11612,2.78672,2.83723221017065
11613,2.78696,3.28863086602912
11614,2.7872,3.00475842973946
11615,2.78744,2.66007225705516
11616,2.78768,3.16604046899407
11617,2.78792,3.67283921695484
11618,2.78816,2.63109122217029
11619,2.7884,2.61988471663017
11620,2.78864,3.33123992612054
11621,2.78888,3.19569573643865
11622,2.78912,2.64004288700837
11623,2.78936,3.41620777222263
11624,2.7896,2.98708161890964
11625,2.78984,2.86192057915971
11626,2.79008,3.69406689351376
11627,2.79032,2.38378659867732
11628,2.79056,2.8198499834844
11629,2.7908,3.48173550623637
11630,2.79104,2.14024106109034
11631,2.79128,3.12038329091911
11632,2.79152,2.76708222550778
11633,2.79176,2.47943598427499
11634,2.792,3.51484001939275
11635,2.79224,2.16794240065687
11636,2.79248,2.68105454274188
11637,2.79272,3.05860289571752
11638,2.79296,1.92543852685247
11639,2.7932,3.21545791215097
11640,2.79344,2.58112812551694
11641,2.79368,1.77350954254114
11642,2.79392,3.13856484594151
11643,2.79416,2.22505089833224
11644,2.7944,1.86150284608515
11645,2.79464,3.05149103271121
11646,2.79488,1.97894188352274
11647,2.79512,1.80886699593227
11648,2.79536,3.0779363238971
11649,2.7956,2.0719182791061
11650,2.79584,1.2494988068753
11651,2.79608,2.71586225422143
11652,2.79632,2.02465496517207
11653,2.79656,1.15162414601339
11654,2.7968,2.32891256833886
11655,2.79704,1.48960490568595
11656,2.79728,1.77535763290479
11657,2.79752,1.20680826503216
11658,2.79776,1.30887864995015
11659,2.798,1.41349797750272
11660,2.79824,1.88166671594324
11661,2.79848,0.461745570327591
11662,2.79872,1.48430033681242
11663,2.79896,1.53623916988831
11664,2.7992,0.650017138010055
11665,2.79944,0.901361383167367
11666,2.79968,1.26335650263507
11667,2.79992,0.32266004711135
11668,2.80016,0.750896218319823
11669,2.8004,1.41246336658353
11670,2.80064,0.29564405999725
11671,2.80088,0.416892691457549
11672,2.80112,1.13261275410023
11673,2.80136,0.317160093532865
11674,2.8016,0.48755938752894
11675,2.80184,0.292471038037978
11676,2.80208,-0.104059899552829
11677,2.80232,0.467024918551143
11678,2.80256,-0.275749321895033
11679,2.8028,0.219884042805656
11680,2.80304,0.344975866985679
11681,2.80328,-0.464973719830137
11682,2.80352,0.185588413806085
11683,2.80376,-0.132638472415322
11684,2.804,-0.896864535777033
11685,2.80424,-0.0957907795200086
11686,2.80448,-0.129854845251095
11687,2.80472,-0.741827035155044
11688,2.80496,-0.638087492260659
11689,2.8052,-0.752361231492826
11690,2.80544,-0.612117970473803
11691,2.80568,-0.720139461758873
11692,2.80592,-0.686654800702885
11693,2.80616,-0.886423519503365
11694,2.8064,-1.08909956031266
11695,2.80664,-1.0341092846058
11696,2.80688,-1.10069584428881
11697,2.80712,-1.40058320173349
11698,2.80736,-1.32915390161422
11699,2.8076,-1.75117250572278
11700,2.80784,-1.54946328797079
11701,2.80808,-1.35469974610581
11702,2.80832,-2.00075634058455
11703,2.80856,-1.5628188843347
11704,2.8088,-2.08684305103933
11705,2.80904,-1.52686792814059
11706,2.80928,-1.68745416878991
11707,2.80952,-1.85080544812466
11708,2.80976,-2.25776709853549
11709,2.81,-1.82206791480884
11710,2.81024,-1.87111474550501
11711,2.81048,-2.16987822114293
11712,2.81072,-2.10513571328648
11713,2.81096,-1.8069586006095
11714,2.8112,-2.48461748413214
11715,2.81144,-2.67327776752951
11716,2.81168,-1.7948260293622
11717,2.81192,-2.73174424173033
11718,2.81216,-2.57634531161122
11719,2.8124,-2.32699282160151
11720,2.81264,-2.80212293656812
11721,2.81288,-2.4383821302276
11722,2.81312,-2.3423499718358
11723,2.81336,-2.71763233040063
11724,2.8136,-2.63532246889256
11725,2.81384,-2.68942904728159
11726,2.81408,-2.61800217701463
11727,2.81432,-2.82319393331953
11728,2.81456,-3.4998562565471
11729,2.8148,-2.26995153289206
11730,2.81504,-2.88248346279078
11731,2.81528,-3.35676065940766
11732,2.81552,-2.53542331312515
11733,2.81576,-2.95070208750382
11734,2.816,-3.59483041374275
11735,2.81624,-2.81427343361556
11736,2.81648,-2.44410346157136
11737,2.81672,-3.14445725107872
11738,2.81696,-2.90478020700329
11739,2.8172,-3.30147974224744
11740,2.81744,-3.08442106030951
11741,2.81768,-2.90929564577721
11742,2.81792,-3.84734430142704
11743,2.81816,-2.60861151315662
11744,2.8184,-2.75529813637873
11745,2.81864,-3.38581819294314
11746,2.81888,-3.17178009327463
11747,2.81912,-2.53634389006943
11748,2.81936,-3.11916582940293
11749,2.8196,-3.81632069510696
11750,2.81984,-2.38874315748404
11751,2.82008,-3.39876572322676
11752,2.82032,-3.19198159592953
11753,2.82056,-2.33141874862968
11754,2.8208,-3.05548566874623
11755,2.82104,-3.53136456925738
11756,2.82128,-2.12867284889033
11757,2.82152,-3.16302138280085
11758,2.82176,-3.22784129872491
11759,2.822,-2.38689864025641
11760,2.82224,-3.47911705475246
11761,2.82248,-2.53788191581631
11762,2.82272,-2.50689865053449
11763,2.82296,-3.54585457933151
11764,2.8232,-2.20660181220527
11765,2.82344,-2.72891404418773
11766,2.82368,-2.98925006132589
11767,2.82392,-1.74306249527837
11768,2.82416,-3.05060305516242
11769,2.8244,-2.42543405319337
11770,2.82464,-1.98941298481519
11771,2.82488,-3.23738054250564
11772,2.82512,-2.1016198210465
11773,2.82536,-2.34175917273693
11774,2.8256,-2.56705147509282
11775,2.82584,-1.64160509745325
11776,2.82608,-2.19490307731366
11777,2.82632,-2.72987768604522
11778,2.82656,-1.74687859252056
11779,2.8268,-1.78047589216397
11780,2.82704,-2.52063267003727
11781,2.82728,-1.72971305016287
11782,2.82752,-1.47238956072649
11783,2.82776,-2.52398933440938
11784,2.828,-1.79514293509792
11785,2.82824,-1.12291619374558
11786,2.82848,-0.966370342618849
11787,2.82872,-1.89704581084664
11788,2.82896,-1.86230396458992
11789,2.8292,-0.776247133632603
11790,2.82944,-1.06182367144294
11791,2.82968,-1.94932336618281
11792,2.82992,-1.28095817946327
11793,2.83016,-0.914338377575074
11794,2.8304,-1.02835418866664
11795,2.83064,-1.62826928512319
11796,2.83088,-0.715413343873496
11797,2.83112,-0.89700879665045
11798,2.83136,-0.362031004135426
11799,2.8316,-0.474774873131995
11800,2.83184,-1.06411838556121
11801,2.83208,-0.221153315110349
11802,2.83232,-0.027114118190025
11803,2.83256,-1.02934543523586
11804,2.8328,-0.00553259212318791
11805,2.83304,-0.0961057015710076
11806,2.83328,-0.542150970430952
11807,2.83352,0.299817640416448
11808,2.83376,-0.066365163234158
11809,2.834,-0.0815013487211167
11810,2.83424,0.233785742728062
11811,2.83448,0.0759514391371681
11812,2.83472,0.132457595201265
11813,2.83496,0.175927166989718
11814,2.8352,0.698346066003702
11815,2.83544,0.469930375251434
11816,2.83568,0.131846235402199
11817,2.83592,0.858720418525524
11818,2.83616,0.362317239338627
11819,2.8364,0.4753711658409
11820,2.83664,0.929220528752282
11821,2.83688,0.895318689632462
11822,2.83712,1.10038351851782
11823,2.83736,1.29007554237953
11824,2.8376,1.23979081657445
11825,2.83784,0.943895970053005
11826,2.83808,1.47862043946328
11827,2.83832,1.29698323026326
11828,2.83856,1.58615889078647
11829,2.8388,1.86881259903285
11830,2.83904,1.31121788349679
11831,2.83928,1.95430839836243
11832,2.83952,1.2749326225395
11833,2.83976,2.03809399264366
11834,2.84,1.48122621506728
11835,2.84024,2.1245930399249
11836,2.84048,1.92496750608678
11837,2.84072,1.974661782958
11838,2.84096,1.90336963600038
11839,2.8412,1.95258554005689
11840,2.84144,2.37375260654515
11841,2.84168,2.07149388247819
11842,2.84192,1.65085425429907
11843,2.84216,2.33278447226093
11844,2.8424,2.40321880037159
11845,2.84264,1.76490641883142
11846,2.84288,2.70639324787732
11847,2.84312,2.55543278884881
11848,2.84336,2.18608127493147
11849,2.8436,2.9087747482841
11850,2.84384,2.30423534026186
11851,2.84408,2.2111751816429
11852,2.84432,3.20474242781263
11853,2.84456,2.50981266668015
11854,2.8448,2.5731190274688
11855,2.84504,3.22978489548481
11856,2.84528,2.45813998110331
11857,2.84552,2.68349412869077
11858,2.84576,2.6568150843396
11859,2.846,2.78789611909368
11860,2.84624,3.51445345735874
11861,2.84648,2.45009723610568
11862,2.84672,2.51599551432414
11863,2.84696,3.17105746920869
11864,2.8472,2.88624874688891
11865,2.84744,3.59785118679401
11866,2.84768,3.2065483043294
11867,2.84792,2.8525094001596
11868,2.84816,2.90019174400527
11869,2.8484,3.90373507877337
11870,2.84864,2.87778392401544
11871,2.84888,2.37933983045104
11872,2.84912,2.75661194345409
11873,2.84936,3.25512172565547
11874,2.8496,3.7513783150525
11875,2.84984,2.46499225136907
11876,2.85008,2.68806497926228
11877,2.85032,3.27177371118417
11878,2.85056,3.37362098989125
11879,2.8508,2.44758964163851
11880,2.85104,3.22204111488482
11881,2.85128,2.55715575098033
11882,2.85152,2.55710327052815
11883,2.85176,3.27928785383681
11884,2.852,2.91612267067392
11885,2.85224,2.37600981666715
11886,2.85248,3.41044040362403
11887,2.85272,2.75607230527628
11888,2.85296,2.65164249899585
11889,2.8532,3.5031528968312
11890,2.85344,1.98435571801812
11891,2.85368,3.0308726461967
11892,2.85392,2.86647390068126
11893,2.85416,2.16652536793048
11894,2.8544,3.39257018290878
11895,2.85464,2.3463753745677
11896,2.85488,2.44844936027152
11897,2.85512,3.25916221790641
11898,2.85536,2.1731179542828
11899,2.8556,2.34955921749892
11900,2.85584,2.87186367459153
11901,2.85608,1.64004769329579
11902,2.85632,2.84181508462522
11903,2.85656,2.23543045747239
11904,2.8568,1.69647115385146
11905,2.85704,2.83778932978541
11906,2.85728,2.06672849078817
11907,2.85752,1.71959325181406
11908,2.85776,2.44604992247699
11909,2.858,1.52592966480455
11910,2.85824,2.44346847929427
11911,2.85848,2.02909274964975
11912,2.85872,1.19047708786307
11913,2.85896,2.41999423880983
11914,2.8592,1.72514087234871
11915,2.85944,1.09051476948748
11916,2.85968,1.54977208692566
11917,2.85992,1.64919410925859
11918,2.86016,0.57816249871537
11919,2.8604,1.47445815711989
11920,2.86064,1.64180073010514
11921,2.86088,0.865285004896375
11922,2.86112,0.743675218754102
11923,2.86136,1.70068624662316
11924,2.8616,0.770666420266975
11925,2.86184,0.933966014253198
11926,2.86208,0.266676999398332
11927,2.86232,0.731612849505998
11928,2.86256,0.828489117493826
11929,2.8628,0.21447365443998
11930,2.86304,0.248000616989925
11931,2.86328,0.880311934714423
11932,2.86352,0.0778180866666001
11933,2.86376,0.286127686270451
11934,2.864,0.486037129366619
11935,2.86424,-0.140654462898995
11936,2.86448,0.228255974104944
11937,2.86472,0.225798884110537
11938,2.86496,-0.585760610538678
11939,2.8652,0.179342647306361
11940,2.86544,-0.261898149951905
11941,2.86568,-0.908289634105579
11942,2.86592,0.250548560187592
11943,2.86616,-0.391445792735729
11944,2.8664,-0.88192087856673
11945,2.86664,-0.298754626346998
11946,2.86688,-0.897376997691805
11947,2.86712,-0.88192120001429
11948,2.86736,-0.874040662457895
11949,2.8676,-0.840646027511813
11950,2.86784,-0.806656256928334
11951,2.86808,-1.00801696860125
11952,2.86832,-0.952489494282396
11953,2.86856,-0.905032391036664
11954,2.8688,-1.44865979894656
11955,2.86904,-1.13683315127559
11956,2.86928,-1.1922095879151
11957,2.86952,-1.36699668124586
11958,2.86976,-1.16590192508661
11959,2.87,-1.69345224309807
11960,2.87024,-1.49505938402267
11961,2.87048,-2.02062650001111
11962,2.87072,-1.46277125098772
11963,2.87096,-2.10746817646327
11964,2.8712,-1.90383380117778
11965,2.87144,-1.5888370097443
11966,2.87168,-2.00105089590049
11967,2.87192,-2.04642459491616
11968,2.87216,-2.22232485120136
11969,2.8724,-1.92243017181493
11970,2.87264,-1.9804910781436
11971,2.87288,-2.41322013813138
11972,2.87312,-2.48441162030698
11973,2.87336,-2.19662852646373
11974,2.8736,-2.65216708104261
11975,2.87384,-2.7445265587391
11976,2.87408,-1.99617300708137
11977,2.87432,-2.47985534507619
11978,2.87456,-3.07655148433403
11979,2.8748,-2.00129452385573
11980,2.87504,-2.87539224105323
11981,2.87528,-2.89441805286383
11982,2.87552,-2.22609284089044
11983,2.87576,-3.24666968036495
11984,2.876,-2.82067235702355
11985,2.87624,-2.91337032413617
11986,2.87648,-2.7607140384033
11987,2.87672,-2.5099603978263
11988,2.87696,-3.24969787868591
11989,2.8772,-2.8905873964139
11990,2.87744,-2.56535222391097
11991,2.87768,-3.11896713051775
11992,2.87792,-3.40945993268241
11993,2.87816,-2.41330735656123
11994,2.8784,-2.90341337687604
11995,2.87864,-3.12768767580046
11996,2.87888,-2.31209023213286
11997,2.87912,-3.91737351390463
11998,2.87936,-2.75705925353243
11999,2.8796,-2.96689529443101
12000,2.87984,-3.2865557951606
12001,2.88008,-2.6958940434402
12002,2.88032,-3.20334716409689
12003,2.88056,-3.22420403957665
12004,2.8808,-2.45813680084635
12005,2.88104,-2.9227822362694
12006,2.88128,-3.85515835929051
12007,2.88152,-2.28731954715053
12008,2.88176,-3.1740798663913
12009,2.882,-3.08805474483246
12010,2.88224,-2.3376407305241
12011,2.88248,-3.05456774063363
12012,2.88272,-3.39837880198595
12013,2.88296,-2.10525723802762
12014,2.8832,-2.90041923672946
12015,2.88344,-3.19871305592794
12016,2.88368,-2.10280662488007
12017,2.88392,-2.96978985873809
12018,2.88416,-3.09729563364979
12019,2.8844,-2.2019896486112
12020,2.88464,-3.25051168373234
12021,2.88488,-2.49310945941296
12022,2.88512,-2.40445158285861
12023,2.88536,-3.51299976187509
12024,2.8856,-2.12019489619137
12025,2.88584,-2.70687306837852
12026,2.88608,-2.91724658923119
12027,2.88632,-1.85838182638608
12028,2.88656,-2.75785723064081
12029,2.8868,-2.44039899126425
12030,2.88704,-1.46792666049375
12031,2.88728,-2.91626659715585
12032,2.88752,-2.19467630475068
12033,2.88776,-1.30014397670681
12034,2.888,-2.82383266480422
12035,2.88824,-1.95094301168844
12036,2.88848,-1.73449663880174
12037,2.88872,-2.70781362047769
12038,2.88896,-1.90172448195179
12039,2.8892,-1.39361822232482
12040,2.88944,-2.68000537035356
12041,2.88968,-1.81937643298292
12042,2.88992,-1.25565262228519
12043,2.89016,-0.976844086517813
12044,2.8904,-1.42800200782366
12045,2.89064,-1.88019013226806
12046,2.89088,-1.97473956411704
12047,2.89112,-1.16782824436279
12048,2.89136,-1.45563106621727
12049,2.8916,-1.74068878162372
12050,2.89184,-0.392806674660174
12051,2.89208,-1.47197402303519
12052,2.89232,-0.982103178139015
12053,2.89256,-0.667438558588024
12054,2.8928,-0.953944829744502
12055,2.89304,-1.13081011262191
12056,2.89328,-0.752907456748189
12057,2.89352,-0.853916965078363
12058,2.89376,-0.127742646825941
12059,2.894,-0.290032601019555
12060,2.89424,-0.925141768465678
12061,2.89448,-0.0131329778795624
12062,2.89472,-0.340556132411559
12063,2.89496,-0.538836685285843
12064,2.8952,0.429321360378816
12065,2.89544,-0.296048504785462
12066,2.89568,-0.062369764651879
12067,2.89592,0.378735830181051
12068,2.89616,-0.138219683586824
12069,2.8964,0.280140519777523
12070,2.89664,0.209331676993312
12071,2.89688,0.736053458796716
12072,2.89712,0.272361490100102
12073,2.89736,0.0598217925445843
12074,2.8976,0.907121339624524
12075,2.89784,0.780480007385486
12076,2.89808,0.28998989669596
12077,2.89832,1.22760666539437
12078,2.89856,0.958855913278676
12079,2.8988,0.689207196189844
12080,2.89904,1.123023911179
12081,2.89928,1.19380298806745
12082,2.89952,1.14111307873814
12083,2.89976,1.43859756831295
12084,2.9,1.24620154196052
12085,2.90024,1.55338235801083
12086,2.90048,1.59434479691634
12087,2.90072,1.51764922714095
12088,2.90096,1.56538155201177
12089,2.9012,1.48761231059226
12090,2.90144,1.88921603677603
12091,2.90168,1.80944588385412
12092,2.90192,1.96557555674969
12093,2.90216,1.77325880063367
12094,2.9024,1.81609500832193
12095,2.90264,1.98782899836295
12096,2.90288,2.3995615145467
12097,2.90312,1.84668580744393
12098,2.90336,1.66747300663828
12099,2.9036,2.338651119673
12100,2.90384,2.39874761439581
12101,2.90408,1.99323029627512
12102,2.90432,2.68369849216368
12103,2.90456,2.28553095923275
12104,2.9048,2.14428878780506
12105,2.90504,2.85476151134677
12106,2.90528,2.12033590709819
12107,2.90552,2.61457286285512
12108,2.90576,3.10090295842139
12109,2.906,2.04098797338601
12110,2.90624,2.93040588967048
12111,2.90648,2.96471450306991
12112,2.90672,2.3116192807699
12113,2.90696,3.2271067614056
12114,2.9072,2.82064458842572
12115,2.90744,2.45446085495357
12116,2.90768,2.79879905563804
12117,2.90792,2.56850229616133
12118,2.90816,3.33276548652723
12119,2.9084,2.99237786568868
12120,2.90864,2.68471198231541
12121,2.90888,3.13848344650098
12122,2.90912,3.8149130273857
12123,2.90936,2.58877904221806
12124,2.9096,2.97755093949866
12125,2.90984,3.46390300582614
12126,2.91008,2.78248462146646
12127,2.91032,2.51014257735301
12128,2.91056,3.54360792498393
12129,2.9108,2.43682486634715
12130,2.91104,2.94265377754539
12131,2.91128,3.56850530257292
12132,2.91152,3.10922716296648
12133,2.91176,2.47747691020607
12134,2.912,3.06467058057663
12135,2.91224,3.64618550871903
12136,2.91248,2.33336012486275
12137,2.91272,2.99429811236479
12138,2.91296,3.40383820070769
12139,2.9132,2.29188138972574
12140,2.91344,3.01868337588592
12141,2.91368,3.49719126988145
12142,2.91392,2.21291763779724
12143,2.91416,3.01144431994365
12144,2.9144,3.3152695739115
12145,2.91464,2.23060214786954
12146,2.91488,3.21332323873484
12147,2.91512,2.633179857011
12148,2.91536,2.59745636253284
12149,2.9156,3.39458935255277
12150,2.91584,1.94647020585178
12151,2.91608,2.94313146877722
12152,2.91632,2.84517392375621
12153,2.91656,1.9699595877222
12154,2.9168,3.26704449151502
12155,2.91704,2.28868031812673
12156,2.91728,2.22021597225258
12157,2.91752,3.09625777578117
12158,2.91776,1.96365078097197
12159,2.918,2.44634409723994
12160,2.91824,2.43101708141332
12161,2.91848,1.51200014194388
12162,2.91872,2.4228912013726
12163,2.91896,2.36103220060446
12164,2.9192,1.39187535329466
12165,2.91944,2.60806347777191
12166,2.91968,1.79180305726783
12167,2.91992,1.86732669244248
12168,2.92016,2.40665632534063
12169,2.9204,1.55117392414364
12170,2.92064,1.70394498462253
12171,2.92088,1.95865225207691
12172,2.92112,0.719349179552253
12173,2.92136,1.42219806278437
12174,2.9216,1.88049956318997
12175,2.92184,1.26933836303916
12176,2.92208,0.722233352266574
12177,2.92232,1.62018301761077
12178,2.92256,1.07600884175419
12179,2.9228,0.591920795260667
12180,2.92304,1.55044058011053
12181,2.92328,1.3061905190091
12182,2.92352,0.877431187125864
12183,2.92376,1.04719650304036
12184,2.924,0.38842202711639
12185,2.92424,0.500415767997127
12186,2.92448,1.08904081808148
12187,2.92472,0.129824360142429
12188,2.92496,0.53274975410439
12189,2.9252,0.685471159137007
12190,2.92544,-0.206430890056585
12191,2.92568,0.837591660902064
12192,2.92592,0.0833874622680972
12193,2.92616,-0.27390482963829
12194,2.9264,0.686197650867618
12195,2.92664,-0.372716866828512
12196,2.92688,-0.328984629321044
12197,2.92712,0.309857181318625
12198,2.92736,-0.464446390091571
12199,2.9276,-0.270609040307122
12200,2.92784,-0.67161018155686
12201,2.92808,-0.444272087744584
12202,2.92832,-0.107205063751799
12203,2.92856,-0.835057205313124
12204,2.9288,-0.575403213815793
12205,2.92904,-0.56554088122408
12206,2.92928,-1.02699545088778
12207,2.92952,-1.10729292990453
12208,2.92976,-0.95077976320833
12209,2.93,-1.02562571225511
12210,2.93024,-1.44719662295517
12211,2.93048,-1.27550550592434
12212,2.93072,-1.09157222524541
12213,2.93096,-1.50345358756722
12214,2.9312,-1.06918745909994
12215,2.93144,-1.36215299696266
12216,2.93168,-1.76767912622228
12217,2.93192,-1.6898567331027
12218,2.93216,-1.37345478960121
12219,2.9324,-2.01828997116025
12220,2.93264,-1.81406718978203
12221,2.93288,-1.49779987230147
12222,2.93312,-2.14777550258015
12223,2.93336,-1.71103282074487
12224,2.9336,-1.8763488695313
12225,2.93384,-1.93470241134343
12226,2.93408,-2.34707963396722
12227,2.93432,-2.1670755208572
12228,2.93456,-2.23887144953907
12229,2.9348,-2.30824045134043
12230,2.93504,-2.02371690211991
12231,2.93528,-2.71698027805919
12232,2.93552,-2.20149177447333
12233,2.93576,-2.1830374854685
12234,2.936,-2.90278966429409
12235,2.93624,-2.41066948485539
12236,2.93648,-2.30061250969318
12237,2.93672,-3.04256383912479
12238,2.93696,-2.33768450459983
12239,2.9372,-2.38954166527415
12240,2.93744,-3.28220365447243
12241,2.93768,-2.85312032448845
12242,2.93792,-2.58448518279161
12243,2.93816,-2.91009765746881
12244,2.9384,-2.53100928851486
12245,2.93864,-3.26702809329652
12246,2.93888,-3.14798094055451
12247,2.93912,-2.45700382779817
12248,2.93936,-3.00632861658494
12249,2.9396,-3.4133210555344
12250,2.93984,-2.29181178156152
12251,2.94008,-3.13075385409759
12252,2.94032,-3.83229496183087
12253,2.94056,-2.74911964909185
12254,2.9408,-2.55410658930789
12255,2.94104,-3.70494473513148
12256,2.94128,-3.50843816301266
12257,2.94152,-2.75945541963244
12258,2.94176,-2.65558751164277
12259,2.942,-3.15954359182437
12260,2.94224,-3.66101998416044
12261,2.94248,-2.61448982072916
12262,2.94272,-2.83125706424245
12263,2.94296,-3.52950503423009
12264,2.9432,-2.78741084383678
12265,2.94344,-2.82894568283039
12266,2.94368,-3.70877798600378
12267,2.94392,-2.43905809991062
12268,2.94416,-2.68167487097724
12269,2.9444,-3.75068441241387
12270,2.94464,-2.43206330682302
12271,2.94488,-2.86009457291471
12272,2.94512,-3.51424863607328
12273,2.94536,-2.39802125663871
12274,2.9456,-2.78181034796853
12275,2.94584,-3.38659478042271
12276,2.94608,-1.99230724725273
12277,2.94632,-3.15910176328289
12278,2.94656,-2.63205521883243
12279,2.9468,-2.29488185253821
12280,2.94704,-3.51747057319169
12281,2.94728,-2.11564438641385
12282,2.94752,-2.45874069093218
12283,2.94776,-3.02567223939536
12284,2.948,-1.71505570529569
12285,2.94824,-2.7260848827744
12286,2.94848,-2.6420255695103
12287,2.94872,-1.53664175058113
12288,2.94896,-2.97470328803523
12289,2.9492,-2.13159431476598
12290,2.94944,-1.71471157711734
12291,2.94968,-2.85255980092132
12292,2.94992,-2.0808384027597
12293,2.95016,-1.49720632886365
12294,2.9504,-2.82674371395928
12295,2.95064,-2.00722670406831
12296,2.95088,-1.49153168807106
12297,2.95112,-2.53458511982981
12298,2.95136,-1.560095875598
12299,2.9516,-1.48029581031566
12300,2.95184,-2.22273209977761
12301,2.95208,-0.731431270824814
12302,2.95232,-1.55859527584955
12303,2.95256,-1.54150428456737
12304,2.9528,-1.54213394693078
12305,2.95304,-1.11784041685472
12306,2.95328,-1.1805941722446
12307,2.95352,-2.08803703940456
12308,2.95376,-0.265595930925113
12309,2.954,-0.655501541663149
12310,2.95424,-1.51835784219093
12311,2.95448,-0.940729311212846
12312,2.95472,-0.0660506582735019
12313,2.95496,-1.12021574437544
12314,2.9552,-0.963606830071664
12315,2.95544,0.107009456924784
12316,2.95568,-0.87918345922417
12317,2.95592,-0.417061933471106
12318,2.95616,0.121905940316407
12319,2.9564,-0.78460571826301
12320,2.95664,0.0995250859990049
12321,2.95688,-0.133893353644842
12322,2.95712,-0.479791295477296
12323,2.95736,0.585893129894333
12324,2.9576,-0.164723791347087
12325,2.95784,0.0456366992957942
12326,2.95808,0.586479800386665
12327,2.95832,-0.070820031502606
12328,2.95856,0.329643306228584
12329,2.9588,0.477185644207288
12330,2.95904,0.74818841912737
12331,2.95928,0.510911117589233
12332,2.95952,0.275104336433238
12333,2.95976,0.75337200742293
12334,2.96,0.844075398918375
12335,2.96024,0.947353183005096
12336,2.96048,1.02666900093808
12337,2.96072,0.983378887735109
12338,2.96096,1.41989984200946
12339,2.9612,1.11633170296049
12340,2.96144,1.06396705294226
12341,2.96168,1.59993224998838
12342,2.96192,1.2866114598208
12343,2.96216,1.69777770280546
12344,2.9624,1.26488012567472
12345,2.96264,1.19066357012368
12346,2.96288,1.47436451168022
12347,2.96312,1.87782188806343
12348,2.96336,1.55881456873223
12349,2.9636,1.71527979684677
12350,2.96384,1.88430318176122
12351,2.96408,1.9248251113131
12352,2.96432,1.85104208258805
12353,2.96456,1.90657187880276
12354,2.9648,2.19564909975104
12355,2.96504,2.13483951924255
12356,2.96528,2.2030571837083
12357,2.96552,2.14540443161021
12358,2.96576,2.1001749555184
12359,2.966,2.78405952349185
12360,2.96624,2.01971827882638
12361,2.96648,2.24203364489172
12362,2.96672,2.94501053573763
12363,2.96696,1.96725898671374
12364,2.9672,2.58138425870365
12365,2.96744,3.06555299608158
12366,2.96768,2.23916546340109
12367,2.96792,2.6458237436804
12368,2.96816,2.91935046452639
12369,2.9684,2.37912540068418
12370,2.96864,3.05409755251598
12371,2.96888,2.76076094508767
12372,2.96912,2.86598916962023
12373,2.96936,3.57058567221581
12374,2.9696,2.36470159369857
12375,2.96984,2.64628866269375
12376,2.97008,3.39502834487715
12377,2.97032,2.83669035454647
12378,2.97056,3.51729647098154
12379,2.9708,2.9786999181577
12380,2.97104,2.72379854156174
12381,2.97128,3.81859696667081
12382,2.97152,2.73843647541575
12383,2.97176,2.54680070886769
12384,2.972,3.35209275300944
12385,2.97224,3.40851264810509
12386,2.97248,2.55536955064697
12387,2.97272,3.04918972434906
12388,2.97296,3.54001186605165
12389,2.9732,3.31507964603196
12390,2.97344,2.42959706422834
12391,2.97368,3.01265025435746
12392,2.97392,3.58850460413573
12393,2.97416,2.26486471157894
12394,2.9744,2.57004021362925
12395,2.97464,3.34869091176091
12396,2.97488,2.45258850861487
12397,2.97512,3.05219324579076
12398,2.97536,3.52195732370878
12399,2.9756,2.22609336275557
12400,2.97584,2.90366670114299
12401,2.97608,3.56689576124721
12402,2.97632,1.98400365648422
12403,2.97656,3.08538863578346
12404,2.9768,3.09483488785598
12405,2.97704,2.08381602704599
12406,2.97728,3.13500691068145
12407,2.97752,2.73813128153673
12408,2.97776,2.2918583292252
12409,2.978,3.5210041973133
12410,2.97824,2.24640266093889
12411,2.97848,2.59736874466884
12412,2.97872,2.92679407545645
12413,2.97896,1.7478160307982
12414,2.9792,2.88598388949619
12415,2.97944,2.33076228231348
12416,2.97968,1.72645333907419
12417,2.97992,2.80509532163421
12418,2.98016,2.20767618762756
12419,2.9804,1.31383128543542
12420,2.98064,2.71716098112995
12421,2.98088,2.30863129829642
12422,2.98112,1.35776225375439
12423,2.98136,2.36163341754324
12424,2.9816,2.27332621343142
12425,2.98184,1.38929427151402
12426,2.98208,2.22554746661447
12427,2.98232,2.20030579115496
12428,2.98256,1.50198498295394
12429,2.9828,0.731834347969616
12430,2.98304,1.5461492942372
12431,2.98328,1.63721334691745
12432,2.98352,2.45528039260432
12433,2.98376,0.436556001809132
12434,2.984,1.34602532055478
12435,2.98424,1.40604718536006
12436,2.98448,0.522763649815642
12437,2.98472,1.25274209971881
12438,2.98496,1.49297164183424
12439,2.9852,0.785332099628966
12440,2.98544,0.727867621481813
12441,2.98568,1.38550222223962
12442,2.98592,0.030006680785174
12443,2.98616,0.750388852151316
12444,2.9864,0.622134208338211
12445,2.98664,-0.0664100446431639
12446,2.98688,0.815844261831264
12447,2.98712,0.0213055438100893
12448,2.98736,0.229200070273672
12449,2.9876,0.791139239922747
12450,2.98784,-0.299717602012802
12451,2.98808,-0.0483267996983108
12452,2.98832,0.31789396912746
12453,2.98856,-0.366029807808983
12454,2.9888,-0.208173938013181
12455,2.98904,-0.266707365705055
12456,2.98928,-0.314589050335718
12457,2.98952,-0.605290259491866
12458,2.98976,-0.385952093973725
12459,2.99,-0.2815524484506
12460,2.99024,-0.654027183001718
12461,2.99048,-0.998225180999809
12462,2.99072,-0.507050041135438
12463,2.99096,-0.491254832848171
12464,2.9912,-1.17729015498419
12465,2.99144,-0.902600752885953
12466,2.99168,-1.33862222123682
12467,2.99192,-1.04143532117074
12468,2.99216,-1.11286906055446
12469,2.9924,-1.0472017465339
12470,2.99264,-1.21987109393652
12471,2.99288,-1.15158944913539
12472,2.99312,-1.55346932503018
12473,2.99336,-1.59572376602342
12474,2.9936,-1.64013150180989
12475,2.99384,-1.68100618726311
12476,2.99408,-1.84507629174479
12477,2.99432,-1.52867279317806
12478,2.99456,-1.93210103070534
12479,2.9948,-1.73371953142998
12480,2.99504,-2.02180479806614
12481,2.99528,-1.95118645959884
12482,2.99552,-1.8783982533117
12483,2.99576,-2.2970000435295
12484,2.996,-2.35328324294282
12485,2.99624,-1.68891325135002
12486,2.99648,-2.00727414714882
12487,2.99672,-2.68492681452847
12488,2.99696,-2.39576943119081
12489,2.9972,-2.13432839803368
12490,2.99744,-2.59154647370093
12491,2.99768,-2.33300479884999
12492,2.99792,-2.3364845509061
12493,2.99816,-2.45243043639126
12494,2.9984,-2.71703707368692
12495,2.99864,-2.74260409583561
12496,2.99888,-2.410039012029
12497,2.99912,-3.07019410710465
12498,2.99936,-2.99819544701196
12499,2.9996,-2.10856826033951
12500,2.99984,-2.93092847641554
12501,3.00008,-3.48933220789133
12502,3.00032,-2.27651211947578
12503,3.00056,-3.02339432410737
12504,3.0008,-3.50597362160605
12505,3.00104,-2.46068538088883
12506,3.00128,-2.78091345281381
12507,3.00152,-3.44420794854026
12508,3.00176,-3.04455033201938
12509,3.002,-2.45468415866764
12510,3.00224,-3.17671147105533
12511,3.00248,-2.96034043708771
12512,3.00272,-3.38100552625892
12513,3.00296,-3.30301799555079
12514,3.0032,-3.0171858451436
12515,3.00344,-2.30082376562721
12516,3.00368,-2.81220555499701
12517,3.00392,-3.31830331927506
12518,3.00416,-3.34849350579674
12519,3.0044,-2.4688104045037
12520,3.00464,-3.29494101274986
12521,3.00488,-3.62623259407201
12522,3.00512,-2.446585203627
12523,3.00536,-3.10462813501841
12524,3.0056,-3.62657745390295
12525,3.00584,-2.15527301275965
12526,3.00608,-3.24332535958401
12527,3.00632,-2.8755224452547
12528,3.00656,-2.45465915449824
12529,3.0068,-3.24413581264519
12530,3.00704,-2.82512447331162
12531,3.00728,-2.47577257325127
12532,3.00752,-3.56574381588256
12533,3.00776,-2.27306557459868
12534,3.008,-2.72170302359736
12535,3.00824,-3.27545829680029
12536,3.00848,-1.8333171835088
12537,3.00872,-3.06665323976171
12538,3.00896,-2.72887732970881
12539,3.0092,-1.97931701052743
12540,3.00944,-3.27635288790149
12541,3.00968,-2.29800461014027
12542,3.00992,-1.87214849613619
12543,3.01016,-3.24381515546998
12544,3.0104,-2.10642274428189
12545,3.01064,-2.11315406835528
12546,3.01088,-2.82451081370167
12547,3.01112,-1.77238912828501
12548,3.01136,-1.85929645765393
12549,3.0116,-2.40912705071606
12550,3.01184,-1.43857782356252
12551,3.01208,-2.42811086029791
12552,3.01232,-2.32145515169697
12553,3.01256,-1.53849506878322
12554,3.0128,-2.12003165338413
12555,3.01304,-2.31882114260247
12556,3.01328,-1.60481409340532
12557,3.01352,-0.937590925624422
12558,3.01376,-1.61994274909292
12559,3.014,-1.57887696396719
12560,3.01424,-2.38534939175436
12561,3.01448,-0.475200502599103
12562,3.01472,-1.59818324761151
12563,3.01496,-1.75501418276936
12564,3.0152,-0.73442747816458
12565,3.01544,-0.729473039868238
12566,3.01568,-1.68305490406937
12567,3.01592,-0.959182750401696
12568,3.01616,-0.651921292431099
12569,3.0164,-0.945372412898487
12570,3.01664,-0.652892026448916
12571,3.01688,-0.765300563215484
12572,3.01712,-0.871575415434761
12573,3.01736,-0.150292108049804
12574,3.0176,-0.317113366576905
12575,3.01784,-0.956408028391558
12576,3.01808,0.0668933020445768
12577,3.01832,-0.384928595759543
12578,3.01856,-0.467997938073401
12579,3.0188,0.373494395527355
12580,3.01904,-0.353911273615903
12581,3.01928,-0.00603927139929228
12582,3.01952,0.428577632720824
12583,3.01976,-0.21292831327095
12584,3.02,0.444638092414665
12585,3.02024,0.484854726685598
12586,3.02048,0.168801184872508
12587,3.02072,0.788569170644278
12588,3.02096,0.563089296290129
12589,3.0212,0.688422369186128
12590,3.02144,0.671390188806998
12591,3.02168,0.66044872284662
12592,3.02192,1.11827650552853
12593,3.02216,0.716323410248619
12594,3.0224,0.68427852491732
12595,3.02264,1.1169849653155
12596,3.02288,1.18689734471326
12597,3.02312,1.12839709830266
12598,3.02336,1.4232649574641
12599,3.0236,1.24142613573376
12600,3.02384,1.53000628573388
12601,3.02408,1.69188552873491
12602,3.02432,1.37912646778573
12603,3.02456,2.02458834559038
12604,3.0248,1.70097079261132
12605,3.02504,1.74147883479365
12606,3.02528,1.78687509942388
12607,3.02552,1.82468115651332
12608,3.02576,1.98684748553448
12609,3.026,1.91870070425175
12610,3.02624,2.20378086283749
12611,3.02648,1.89035581830215
12612,3.02672,2.31564137553508
12613,3.02696,2.37347349256587
12614,3.0272,2.07296477187421
12615,3.02744,2.39264787348174
12616,3.02768,2.347376121806
12617,3.02792,1.82583183435881
12618,3.02816,2.2901920663121
12619,3.0284,2.86653160416706
12620,3.02864,2.48537406159162
12621,3.02888,2.37450401972688
12622,3.02912,2.73358384819588
12623,3.02936,2.51425255186792
12624,3.0296,2.78820691265466
12625,3.02984,2.57829576423234
12626,3.03008,2.88547474953223
12627,3.03032,3.06543137642926
12628,3.03056,2.29638164752416
12629,3.0308,3.00551634304322
12630,3.03104,3.33415659540253
12631,3.03128,2.13354872529426
12632,3.03152,3.23584082355382
12633,3.03176,3.24660872754371
12634,3.032,2.58150966107113
12635,3.03224,3.48549314555395
12636,3.03248,2.59079251732449
12637,3.03272,2.83173137394257
12638,3.03296,3.17181647019334
12639,3.0332,2.93969994827701
12640,3.03344,2.99044758992089
12641,3.03368,3.26812739445116
12642,3.03392,3.08884089470766
12643,3.03416,2.24005183584356
12644,3.0344,2.97348411011522
12645,3.03464,3.3467250074666
12646,3.03488,3.11763013959126
12647,3.03512,2.47231607831961
12648,3.03536,3.04640086065187
12649,3.0356,3.61525081654697
12650,3.03584,2.29019359882432
12651,3.03608,2.93932428959578
12652,3.03632,3.58018442662845
12653,3.03656,2.66823130847503
12654,3.0368,2.78393652087556
12655,3.03704,3.49783197932694
12656,3.03728,2.66134716095428
12657,3.03752,2.60922447526298
12658,3.03776,3.63231857892372
12659,3.038,2.38816584830873
12660,3.03824,2.65372462419373
12661,3.03848,3.62936684561023
12662,3.03872,2.10667921278578
12663,3.03896,2.92063161534793
12664,3.0392,2.8759897366426
12665,3.03944,2.17300680500647
12666,3.03968,3.28602770344002
12667,3.03992,2.359394367998
12668,3.04016,2.45959506761239
12669,3.0404,3.15045141934483
12670,3.04064,1.83557238133358
12671,3.04088,2.73054627547186
12672,3.04112,2.53238856606974
12673,3.04136,1.79201684848073
12674,3.0416,2.51336101459789
12675,3.04184,2.38902899188571
12676,3.04208,1.47994255361728
12677,3.04232,2.63940255893811
12678,3.04256,2.34635487138742
12679,3.0428,1.50641122340947
12680,3.04304,2.49531413131675
12681,3.04328,2.27563361471611
12682,3.04352,1.3858252996264
12683,3.04376,1.62351556829168
12684,3.044,2.43929439442462
12685,3.04424,1.72303042310131
12686,3.04448,0.937742061364238
12687,3.04472,1.0293488577084
12688,3.04496,1.8443074802755
12689,3.0452,1.81557646364008
12690,3.04544,0.855735004213773
12691,3.04568,0.800002339858229
12692,3.04592,1.70635074012038
12693,3.04616,1.28813760869234
12694,3.0464,0.68827714967532
12695,3.04664,1.29277885355707
12696,3.04688,1.29849516811681
12697,3.04712,0.756119724540365
12698,3.04736,0.937332071254888
12699,3.0476,0.2893400219364
12700,3.04784,0.411477211862382
12701,3.04808,1.00917822208278
12702,3.04832,0.174460803709283
12703,3.04856,0.344983336819637
12704,3.0488,0.748469681007885
12705,3.04904,-0.379587193795808
12706,3.04928,0.67666428760246
12707,3.04952,0.166331018405078
12708,3.04976,-0.425049188436822
12709,3.05,0.665195037883648
12710,3.05024,-0.274061039107726
12711,3.05048,-0.343759087651267
12712,3.05072,-0.181267009385199
12713,3.05096,-0.471115004957015
12714,3.0512,-0.622486253242171
12715,3.05144,0.0580569175587577
12716,3.05168,-0.92001565367815
12717,3.05192,-0.685045569430835
12718,3.05216,-0.332475581239623
12719,3.0524,-1.03636601331892
12720,3.05264,-0.777008562317439
12721,3.05288,-0.753422868403767
12722,3.05312,-1.19285343132542
12723,3.05336,-0.91726932577614
12724,3.0536,-1.47017419688102
12725,3.05384,-0.927380226513344
12726,3.05408,-1.11231025911113
12727,3.05432,-1.41139529694792
12728,3.05456,-1.09687023093075
12729,3.0548,-1.51040482732844
12730,3.05504,-1.5544656039114
12731,3.05528,-1.35933600666623
12732,3.05552,-1.39861662453297
12733,3.05576,-1.80573080611409
12734,3.056,-2.08725385707067
12735,3.05624,-1.88359390713246
12736,3.05648,-1.80955042199621
12737,3.05672,-2.09442884438255
12738,3.05696,-2.13385416942452
12739,3.0572,-1.82966840486281
12740,3.05744,-2.00344657756512
12741,3.05768,-2.05944990528115
12742,3.05792,-2.00802494832229
12743,3.05816,-2.31443932707418
12744,3.0584,-2.02442077776411
12745,3.05864,-2.71207923048679
12746,3.05888,-2.19089231315444
12747,3.05912,-2.05122222898587
12748,3.05936,-3.00274574497164
12749,3.0596,-2.50294471578092
12750,3.05984,-2.14929651565549
12751,3.06008,-3.12646500738406
12752,3.06032,-2.41509582991593
12753,3.06056,-2.46194465006519
12754,3.0608,-3.22237683396833
12755,3.06104,-2.42899868297485
12756,3.06128,-2.7549995607102
12757,3.06152,-3.18529174217519
12758,3.06176,-2.07871469769883
12759,3.062,-3.15732860762884
12760,3.06224,-3.14200102738036
12761,3.06248,-2.44090355998176
12762,3.06272,-3.21644229065867
12763,3.06296,-3.37106872864695
12764,3.0632,-2.59187388950294
12765,3.06344,-2.81739644437952
12766,3.06368,-3.75017904279082
12767,3.06392,-2.5395193805191
12768,3.06416,-2.70314159279674
12769,3.0644,-3.20824492000433
12770,3.06464,-2.89909054098929
12771,3.06488,-3.71328169740982
12772,3.06512,-2.59434489561897
12773,3.06536,-2.85588970875134
12774,3.0656,-3.24144473721994
12775,3.06584,-3.02422323599999
12776,3.06608,-2.50746869153478
12777,3.06632,-3.43784965427926
12778,3.06656,-3.76126657466545
12779,3.0668,-2.32376351895815
12780,3.06704,-3.21167532543853
12781,3.06728,-3.48785276546116
12782,3.06752,-2.1325243827762
12783,3.06776,-3.09446532548709
12784,3.068,-3.44126620780605
12785,3.06824,-2.27723679124075
12786,3.06848,-3.29973047340807
12787,3.06872,-3.11492141963148
12788,3.06896,-2.27379267425696
12789,3.0692,-3.25075626180828
12790,3.06944,-2.65951840935089
12791,3.06968,-2.49787976022418
12792,3.06992,-3.53079253979753
12793,3.07016,-2.06727318819694
12794,3.0704,-2.70259159482195
12795,3.07064,-2.96009343943793
12796,3.07088,-1.82988746199378
12797,3.07112,-3.00963677512504
12798,3.07136,-2.38401365224826
12799,3.0716,-2.18388543525981
12800,3.07184,-3.06462944848052
12801,3.07208,-2.27292815813562
12802,3.07232,-2.26355071091184
12803,3.07256,-2.84485542476361
12804,3.0728,-1.78639070614446
12805,3.07304,-2.22122563916023
12806,3.07328,-2.63252324949341
12807,3.07352,-1.76552554321951
12808,3.07376,-1.67489086068442
12809,3.074,-2.64875308639387
12810,3.07424,-1.49201603044761
12811,3.07448,-2.18039492228489
12812,3.07472,-2.13902290515235
12813,3.07496,-1.42176775774924
12814,3.0752,-1.35979483531889
12815,3.07544,-2.47750740702549
12816,3.07568,-0.631231039934386
12817,3.07592,-1.7074948856647
12818,3.07616,-2.058349014621
12819,3.0764,-0.9837453534638
12820,3.07664,-0.929128257148043
12821,3.07688,-2.07140982682401
12822,3.07712,-0.485986284079167
12823,3.07736,-0.73563747148048
12824,3.0776,-1.45713160939479
12825,3.07784,-0.631577696014916
12826,3.07808,-0.462132023897586
12827,3.07832,-1.13155119410606
12828,3.07856,-0.963625202577107
12829,3.0788,-0.121609240501288
12830,3.07904,-1.0932648845032
12831,3.07928,-0.50065468086787
12832,3.07952,0.0460349458259213
12833,3.07976,-0.970191905287136
12834,3.08,0.0414687951825925
12835,3.08024,-0.0603729702828895
12836,3.08048,-0.516839733928007
12837,3.08072,0.315519900729749
12838,3.08096,-0.0594956718662878
12839,3.0812,0.0328456269656272
12840,3.08144,0.21858843439003
12841,3.08168,0.165542876332666
12842,3.08192,0.219688388452019
12843,3.08216,0.610958782705005
12844,3.0824,0.648039251637448
12845,3.08264,0.536621209645927
12846,3.08288,0.540719834375288
12847,3.08312,0.904225835430241
12848,3.08336,0.64129942683069
12849,3.0836,0.625619825225211
12850,3.08384,1.08106132113416
12851,3.08408,1.15600451067841
12852,3.08432,0.994762269703552
12853,3.08456,0.945141677020661
12854,3.0848,1.60795011706415
12855,3.08504,1.18222226407868
12856,3.08528,1.1197461413638
12857,3.08552,1.5298042588822
12858,3.08576,1.69471160862437
12859,3.086,1.38170994038905
12860,3.08624,1.78714075682066
12861,3.08648,1.22937879179554
12862,3.08672,1.63461370569706
12863,3.08696,1.67951590807293
12864,3.0872,2.32139753370605
12865,3.08744,1.88412774397849
12866,3.08768,1.93186960031993
12867,3.08792,1.85558626263213
12868,3.08816,1.90375938613476
12869,3.0884,2.08274101459705
12870,3.08864,2.01814264662092
12871,3.08888,1.96232715177596
12872,3.08912,2.63475964816719
12873,3.08936,2.34143739763848
12874,3.0896,2.18773126315134
12875,3.08984,2.5210502439955
12876,3.09008,2.13043780892151
12877,3.09032,2.60614988730965
12878,3.09056,2.8353580490861
12879,3.0908,2.11260025265451
12880,3.09104,2.97796879642656
12881,3.09128,2.62967901943772
12882,3.09152,2.07438619283582
12883,3.09176,3.09338480339113
12884,3.092,2.77972554212005
12885,3.09224,2.50635374339134
12886,3.09248,3.06455662927109
12887,3.09272,2.68108588875252
12888,3.09296,3.04781369693092
12889,3.0932,2.80097448951364
12890,3.09344,2.58774866372989
12891,3.09368,3.36349508016864
12892,3.09392,2.92132641784719
12893,3.09416,2.51891985228455
12894,3.0944,3.70599202410025
12895,3.09464,3.07484292430989
12896,3.09488,2.50013725134601
12897,3.09512,3.23734596374992
12898,3.09536,3.03365613574551
12899,3.0956,3.70988873598519
12900,3.09584,3.5270525140211
12901,3.09608,2.43992712989543
12902,3.09632,2.94615553844842
12903,3.09656,3.68382777852546
12904,3.0968,2.2800384117865
12905,3.09704,2.73855746189637
12906,3.09728,3.43795093031197
12907,3.09752,2.92954746137042
12908,3.09776,2.48966272207413
12909,3.098,3.25771558721224
12910,3.09824,3.30144222529191
12911,3.09848,2.2005324966803
12912,3.09872,3.05070110301671
12913,3.09896,3.1658855642611
12914,3.0992,2.25898928899299
12915,3.09944,3.05468231600792
12916,3.09968,3.12009731457435
12917,3.09992,2.28405769821047
12918,3.10016,3.26584087357489
12919,3.1004,2.68481159168161
12920,3.10064,2.41211262856932
12921,3.10088,3.45837195516915
12922,3.10112,2.24070544818791
12923,3.10136,2.76153815517159
12924,3.1016,2.90904442750857
12925,3.10184,1.91350350368642
12926,3.10208,3.21402189427878
12927,3.10232,2.23900383539965
12928,3.10256,2.05159733414591
12929,3.1028,3.17642812809554
12930,3.10304,2.04173320025657
12931,3.10328,2.28803197046948
12932,3.10352,2.877502062396
12933,3.10376,1.94087186517211
12934,3.104,1.78409385400348
12935,3.10424,2.93657254704923
12936,3.10448,1.94467818039473
12937,3.10472,1.26494593188648
12938,3.10496,2.62001693521041
12939,3.1052,2.0565702706113
12940,3.10544,1.30868207613124
12941,3.10568,2.38580718241155
12942,3.10592,2.13276206224177
12943,3.10616,1.20452371592896
12944,3.1064,1.04674962730872
12945,3.10664,1.50299724552895
12946,3.10688,1.71639627926312
12947,3.10712,0.638871106487314
12948,3.10736,0.927798264893999
12949,3.1076,1.93824659450797
12950,3.10784,1.14918044169281
12951,3.10808,0.902305387135503
12952,3.10832,1.60984242135069
12953,3.10856,0.185864563499104
12954,3.1088,0.728390928215703
12955,3.10904,0.902170116521409
12956,3.10928,0.486906824058018
12957,3.10952,0.719339789971098
12958,3.10976,0.948621098709107
12959,3.11,0.108927116409616
12960,3.11024,0.634318699425569
12961,3.11048,0.670641425202005
12962,3.11072,-0.461625416777139
12963,3.11096,0.589835780440857
12964,3.1112,0.191509709515679
12965,3.11144,-0.405887222652001
12966,3.11168,0.560666881692242
12967,3.11192,-0.38255804863347
12968,3.11216,-0.338212872698644
12969,3.1124,0.0598870085109013
12970,3.11264,-0.594454799585129
12971,3.11288,-0.269401660454475
12972,3.11312,-0.073752087596842
12973,3.11336,-1.05356123393296
12974,3.1136,-0.342478092506417
12975,3.11384,-0.472545330835859
12976,3.11408,-1.17819090289723
12977,3.11432,-0.805911881641108
12978,3.11456,-0.540706080077854
12979,3.1148,-1.22319951904227
12980,3.11504,-0.942887109580777
12981,3.11528,-1.02083233091299
12982,3.11552,-0.962604010401956
12983,3.11576,-0.904448264813553
12984,3.116,-1.21094076834647
12985,3.11624,-1.50144011980601
12986,3.11648,-1.18462825271416
12987,3.11672,-1.71383516739033
12988,3.11696,-1.51856404768196
12989,3.1172,-1.68242202141215
12990,3.11744,-1.8468833317435
12991,3.11768,-1.5295875351871
12992,3.11792,-1.68564351767065
12993,3.11816,-2.09075640069802
12994,3.1184,-1.77690401189039
12995,3.11864,-1.82039262970317
12996,3.11888,-1.87183834340965
12997,3.11912,-2.52645775950694
12998,3.11936,-1.97442149245071
12999,3.1196,-1.8021277612155
13000,3.11984,-2.47407103941149
13001,3.12008,-2.41579155288828
13002,3.12032,-2.37963747208019
13003,3.12056,-2.35049311611366
13004,3.1208,-2.43427703773236
13005,3.12104,-2.17562487294749
13006,3.12128,-2.77184659546782
13007,3.12152,-2.637139218803
13008,3.12176,-2.17633076630281
13009,3.122,-2.91161405382904
13010,3.12224,-2.57299762488696
13011,3.12248,-2.62939735391141
13012,3.12272,-2.67267613013907
13013,3.12296,-2.62263707268499
13014,3.1232,-3.42513454245036
13015,3.12344,-2.42255025332303
13016,3.12368,-2.78398840627109
13017,3.12392,-3.49655584311112
13018,3.12416,-2.66025305916634
13019,3.1244,-2.47116696399771
13020,3.12464,-3.59437085121947
13021,3.12488,-3.27628335736297
13022,3.12512,-2.05145251773465
13023,3.12536,-3.47659210221618
13024,3.1256,-3.2117524649576
13025,3.12584,-2.50748979456969
13026,3.12608,-3.74477013366058
13027,3.12632,-3.17233348636754
13028,3.12656,-2.17295083628137
13029,3.1268,-3.34556898914322
13030,3.12704,-2.50315247448568
13031,3.12728,-2.89748473076061
13032,3.12752,-3.5261316134537
13033,3.12776,-3.31993871890981
13034,3.128,-2.56869833919895
13035,3.12824,-3.16068228594762
13036,3.12848,-3.74803161625081
13037,3.12872,-2.44984922817955
13038,3.12896,-3.34698251214716
13039,3.1292,-3.15797565134192
13040,3.12944,-2.54635163168406
13041,3.12968,-3.38588036960861
13042,3.12992,-2.78500039609928
13043,3.13016,-2.37208850385086
13044,3.1304,-3.40651372361883
13045,3.13064,-2.63902691296902
13046,3.13088,-2.42250945403119
13047,3.13112,-3.40960752970044
13048,3.13136,-2.36030152182597
13049,3.1316,-2.69599741646704
13050,3.13184,-3.13786393809661
13051,3.13208,-1.94615528341504
13052,3.13232,-3.06714266588105
13053,3.13256,-2.61894248228563
13054,3.1328,-2.1172384898383
13055,3.13304,-3.17842706490767
13056,3.13328,-1.98260151513654
13057,3.13352,-2.28326139978525
13058,3.13376,-3.05018689888036
13059,3.134,-1.81067081586848
13060,3.13424,-2.54225130684701
13061,3.13448,-2.655005090287
13062,3.13472,-1.62064076321799
13063,3.13496,-2.42823437219498
13064,3.1352,-2.6107323462304
13065,3.13544,-1.64722007643782
13066,3.13568,-2.28507807348868
13067,3.13592,-2.42108304261128
13068,3.13616,-1.64763532776553
13069,3.1364,-1.76086223872216
13070,3.13664,-2.33412453010604
13071,3.13688,-1.62324933484151
13072,3.13712,-0.839357031073339
13073,3.13736,-1.29254087997065
13074,3.1376,-1.74486872189093
13075,3.13784,-1.83767002931759
13076,3.13808,-0.645160475453833
13077,3.13832,-1.05623971946276
13078,3.13856,-1.946379406055
13079,3.1388,-0.70566601092207
13080,3.13904,-0.592658771019419
13081,3.13928,-1.558270319387
13082,3.13952,-1.32065843329806
13083,3.13976,-0.898101035714792
13084,3.14,-1.07364965846567
13085,3.14024,-0.304266746048197
13086,3.14048,-0.668974535769782
13087,3.14072,-0.905205826708625
13088,3.14096,-0.307709504905679
13089,3.1412,0.000738264001129307
13090,3.14144,-1.0086254504402
13091,3.14168,0.00858903066724293
13092,3.14192,-0.0880748563951803
13093,3.14216,-0.539722828841447
13094,3.1424,0.297110537453065
13095,3.14264,-0.0737637932257149
13096,3.14288,-0.0931618988803864
13097,3.14312,0.33804258478518
13098,3.14336,0.293500380115077
13099,3.1436,0.465942280584052
13100,3.14384,0.138293855344519
13101,3.14408,0.301020066021811
13102,3.14432,1.0355904358403
13103,3.14456,0.557717769455017
13104,3.1448,0.564139604230807
13105,3.14504,0.907983421826485
13106,3.14528,0.287188741749595
13107,3.14552,0.508802911664131
13108,3.14576,1.19098242398364
13109,3.146,1.02894277077421
13110,3.14624,0.98285495285767
13111,3.14648,1.52480410078898
13112,3.14672,1.34395504026112
13113,3.14696,1.04072870948256
13114,3.1472,1.56970291672267
13115,3.14744,1.49217053210167
13116,3.14768,1.53975889237193
13117,3.14792,1.58306852256121
13118,3.14816,1.38778922555752
13119,3.1484,1.42749069438179
13120,3.14864,2.07345010883654
13121,3.14888,1.51460045493235
13122,3.14912,2.03497202035616
13123,3.14936,1.72474091909885
13124,3.1496,2.37180058126229
13125,3.14984,2.05369438157584
13126,3.15008,1.99158455692131
13127,3.15032,2.29077808297828
13128,3.15056,1.98895228787703
13129,3.1508,2.30211966928431
13130,3.15104,2.25140211329755
13131,3.15128,2.09317165149043
13132,3.15152,2.4276077285916
13133,3.15176,2.27347446030043
13134,3.152,2.50265658545547
13135,3.15224,2.85313631601072
13136,3.15248,2.12678247741107
13137,3.15272,2.87104729002857
13138,3.15296,2.76084326051311
13139,3.1532,2.31512950724552
13140,3.15344,3.08376280027649
13141,3.15368,2.64628155000988
13142,3.15392,2.36005204998862
13143,3.15416,3.41136901933183
13144,3.1544,2.77022828164732
13145,3.15464,2.41470948368979
13146,3.15488,3.38243281965511
13147,3.15512,3.02750758142686
13148,3.15536,2.35899030173995
13149,3.1556,3.49265724647864
13150,3.15584,3.30097404027344
13151,3.15608,2.19241310552603
13152,3.15632,3.38558171431727
13153,3.15656,3.12684958290161
13154,3.1568,2.07871516056991
13155,3.15704,3.80245487083303
13156,3.15728,2.76984312613152
13157,3.15752,3.10401422376168
13158,3.15776,3.06472368553122
13159,3.158,2.72234790487909
13160,3.15824,3.23002335170963
13161,3.15848,3.85056979815897
13162,3.15872,2.22004007163812
13163,3.15896,2.81021934398269
13164,3.1592,3.51513928000687
13165,3.15944,2.78210777467758
13166,3.15968,2.95305885156594
13167,3.15992,3.47785110022955
13168,3.16016,2.12246988946123
13169,3.1604,2.9663707417445
13170,3.16064,3.55795176380114
13171,3.16088,2.15008636854257
13172,3.16112,3.17896801535848
13173,3.16136,3.23480021885453
13174,3.1616,2.15058461291677
13175,3.16184,3.13418560140649
13176,3.16208,2.78336822241259
13177,3.16232,2.37905190633044
13178,3.16256,3.41841893574045
13179,3.1628,2.19171383730303
13180,3.16304,2.58781544215055
13181,3.16328,3.08911992280356
13182,3.16352,1.71465113239325
13183,3.16376,2.89743342157056
13184,3.164,2.51203330485394
13185,3.16424,2.06991523580545
13186,3.16448,2.95318954417423
13187,3.16472,2.4008277760886
13188,3.16496,1.91201605980512
13189,3.1652,2.86517522161595
13190,3.16544,1.92192600187006
13191,3.16568,2.11703367972581
13192,3.16592,2.77047278455773
13193,3.16616,1.78133400368791
13194,3.1664,2.04793079385164
13195,3.16664,2.53130270055093
13196,3.16688,1.61675776039958
13197,3.16712,1.59592915565048
13198,3.16736,2.16740132175143
13199,3.1676,1.33346362285811
13200,3.16784,2.0990604983971
13201,3.16808,1.53154100953912
13202,3.16832,1.27419362689488
13203,3.16856,1.37806058417872
13204,3.1688,2.20706629720798
13205,3.16904,0.79803550937208
13206,3.16928,1.33552293905596
13207,3.16952,1.50866932442717
13208,3.16976,0.272461539765468
13209,3.17,1.12459535259768
13210,3.17024,1.6045918633312
13211,3.17048,0.553627059473235
13212,3.17072,0.503643331883415
13213,3.17096,1.52612590180073
13214,3.1712,0.296504468564319
13215,3.17144,0.890253601736491
13216,3.17168,0.284780237332639
13217,3.17192,0.324929946996229
13218,3.17216,0.840180660625594
13219,3.1724,-0.188781619266037
13220,3.17264,0.501704176025417
13221,3.17288,0.701673799092684
13222,3.17312,-0.391694673480104
13223,3.17336,0.221568989542021
13224,3.1736,0.225425201489535
13225,3.17384,-0.575980956762149
13226,3.17408,0.188412269299815
13227,3.17432,-0.241007290466222
13228,3.17456,-0.520210757558327
13229,3.1748,-0.0779029284875121
13230,3.17504,-0.111801732246902
13231,3.17528,-0.842207630637318
13232,3.17552,-0.36560077520096
13233,3.17576,-0.486440597771156
13234,3.176,-1.06761772573462
13235,3.17624,-0.685237849700539
13236,3.17648,-1.13885989120345
13237,3.17672,-0.851765699380261
13238,3.17696,-0.812888596780522
13239,3.1772,-1.24434522263991
13240,3.17744,-0.940324841308386
13241,3.17768,-1.1237801908161
13242,3.17792,-1.42166058747466
13243,3.17816,-1.22346896752356
13244,3.1784,-1.51063228023157
13245,3.17864,-1.55479467000842
13246,3.17888,-1.600972375769
13247,3.17912,-1.52312064985387
13248,3.17936,-1.80624426231866
13249,3.1796,-1.84945251252554
13250,3.17984,-1.65166805020201
13251,3.18008,-1.45380334028721
13252,3.18032,-2.10446913805072
13253,3.18056,-1.66830637424266
13254,3.1808,-2.07905248763074
13255,3.18104,-2.01776273007298
13256,3.18128,-2.07224158859053
13257,3.18152,-2.37847072788874
13258,3.18176,-2.446396940748
13259,3.182,-2.03535431658734
13260,3.18224,-2.12758917288299
13261,3.18248,-2.81451260030232
13262,3.18272,-2.30578815858738
13263,3.18296,-2.54231309982335
13264,3.1832,-2.64543395768034
13265,3.18344,-2.29763995413668
13266,3.18368,-2.91534488242483
13267,3.18392,-2.570033130708
13268,3.18416,-2.73545169958391
13269,3.1844,-2.65411402944606
13270,3.18464,-2.72341458831936
13271,3.18488,-3.16099731446488
13272,3.18512,-2.63419814609332
13273,3.18536,-3.10626855117479
13274,3.1856,-3.09266517164307
13275,3.18584,-2.38275690199125
13276,3.18608,-3.26710060594276
13277,3.18632,-2.93158469086288
13278,3.18656,-2.52846998177181
13279,3.1868,-3.19667707201622
13280,3.18704,-2.92472195298336
13281,3.18728,-3.64888590162016
13282,3.18752,-3.03418476633169
13283,3.18776,-2.81795767002222
13284,3.188,-3.48194368869802
13285,3.18824,-3.28621814056027
13286,3.18848,-2.4216532566173
13287,3.18872,-2.67374388165272
13288,3.18896,-3.1699521082801
13289,3.1892,-3.66150144658367
13290,3.18944,-2.25721967263979
13291,3.18968,-2.83185498569782
13292,3.18992,-3.52434690349837
13293,3.19016,-2.54224384999685
13294,3.1904,-2.82293311687102
13295,3.19064,-3.57862816113068
13296,3.19088,-2.6601781654592
13297,3.19112,-2.76961969668961
13298,3.19136,-3.4774788902502
13299,3.1916,-2.63517949690074
13300,3.19184,-2.57745893748929
13301,3.19208,-3.5951664169238
13302,3.19232,-2.34583295486788
13303,3.19256,-2.6064117210621
13304,3.1928,-3.45653643750264
13305,3.19304,-1.93454266278525
13306,3.19328,-2.97799698449351
13307,3.19352,-3.04802736940122
13308,3.19376,-2.09452624018915
13309,3.194,-3.31844331149925
13310,3.19424,-2.27021643618099
13311,3.19448,-2.48621225247001
13312,3.19472,-3.04420464115738
13313,3.19496,-1.84473212798246
13314,3.1952,-2.73405620365154
13315,3.19544,-2.52565535991905
13316,3.19568,-1.65722450454893
13317,3.19592,-3.08569726885447
13318,3.19616,-2.0015301209002
13319,3.1964,-1.94001197334219
13320,3.19664,-2.8294561713108
13321,3.19688,-1.94285739261113
13322,3.19712,-1.71426054392176
13323,3.19736,-2.67778624295172
13324,3.1976,-1.74341660446975
13325,3.19784,-2.17784885303607
13326,3.19808,-2.3571301442316
13327,3.19832,-1.50109023566801
13328,3.19856,-2.12816572424151
13329,3.1988,-1.66408270390066
13330,3.19904,-0.653095791953826
13331,3.19928,-1.48410614496504
13332,3.19952,-1.59002242020925
13333,3.19976,-2.17956493197945
13334,3.2,-0.527299745987023
13335,3.20024,-1.67526338220826
13336,3.20048,-1.37107382334991
13337,3.20072,-0.287311420171573
13338,3.20096,-1.26381445487773
13339,3.2012,-1.26740916857911
13340,3.20144,-0.332746387594722
13341,3.20168,-1.00918836979883
13342,3.20192,-1.07272079737515
13343,3.20216,-0.0942295432508451
13344,3.2024,-1.05763456850977
13345,3.20264,-0.811678256551702
13346,3.20288,-0.0103486427980766
13347,3.20312,-1.01988279673637
13348,3.20336,-0.233583482140194
13349,3.2036,0.0331750541896048
13350,3.20384,-0.775220043018505
13351,3.20408,0.308933370469391
13352,3.20432,0.0585721336084157
13353,3.20456,-0.315102873289561
13354,3.2048,0.359741001216969
13355,3.20504,0.0761442942017716
13356,3.20528,0.135208005863214
13357,3.20552,0.413185784843032
13358,3.20576,0.457847766765179
13359,3.206,0.477453691163942
13360,3.20624,0.489890930185394
13361,3.20648,0.979507616729266
13362,3.20672,0.721357201138815
13363,3.20696,0.587585487296828
13364,3.2072,1.04894448652838
13365,3.20744,1.00724838284041
13366,3.20768,1.09639494816099
13367,3.20792,0.806592037850332
13368,3.20816,0.994289854448353
13369,3.2084,1.05922449790603
13370,3.20864,1.71484842618975
13371,3.20888,1.41219199923903
13372,3.20912,1.21593939006025
13373,3.20936,1.26257685363598
13374,3.2096,1.67159310973218
13375,3.20984,1.83423059520978
13376,3.21008,1.51824806148868
13377,3.21032,1.92169230483141
13378,3.21056,1.72548859094277
13379,3.2108,1.76509198624346
13380,3.21104,2.17015871211877
13381,3.21128,2.09687528196459
13382,3.21152,1.78231110238301
13383,3.21176,2.43991135333865
13384,3.212,2.13235817149667
13385,3.21224,1.58575959938282
13386,3.21248,2.14208992176593
13387,3.21272,2.80955888778134
13388,3.21296,1.67938636572143
13389,3.2132,2.49566069741354
13390,3.21344,2.69799629558024
13391,3.21368,1.96193239940722
13392,3.21392,2.9164865025567
13393,3.21416,2.659042054832
13394,3.2144,2.31704795143283
13395,3.21464,3.05051641809004
13396,3.21488,2.58940940734504
13397,3.21512,2.40533830255982
13398,3.21536,2.8069805202419
13399,3.2156,2.63341060993438
13400,3.21584,2.72289165949561
13401,3.21608,2.79962008788349
13402,3.21632,2.67414513739473
13403,3.21656,3.63937991426826
13404,3.2168,2.44088514885653
13405,3.21704,2.61178791790487
13406,3.21728,3.61221969791803
13407,3.21752,2.57966772018248
13408,3.21776,2.56006514185007
13409,3.218,3.61204744686661
13410,3.21824,2.63039749791181
13411,3.21848,2.90276899606559
13412,3.21872,3.40032838176673
13413,3.21896,2.72977511955634
13414,3.2192,2.46796229678624
13415,3.21944,3.39361047308874
13416,3.21968,2.5559268297618
13417,3.21992,3.06428026003585
13418,3.22016,3.57249274488231
13419,3.2204,3.36022010694794
13420,3.22064,2.49034993599318
13421,3.22088,3.20411634465933
13422,3.22112,3.79246929136108
13423,3.22136,2.37100231959706
13424,3.2216,3.39034340530789
13425,3.22184,2.72197331504264
13426,3.22208,2.48078385343273
13427,3.22232,3.4475147173555
13428,3.22256,2.72544276846311
13429,3.2228,2.43621062657028
13430,3.22304,3.35384593258171
13431,3.22328,2.70412637956609
13432,3.22352,2.12579461115071
13433,3.22376,3.2416987990001
13434,3.224,2.66711703043613
13435,3.22424,2.28530469400616
13436,3.22448,3.46271598237957
13437,3.22472,2.36877825856797
13438,3.22496,2.66125027732643
13439,3.2252,2.93524065474554
13440,3.22544,1.70208489847067
13441,3.22568,3.02205513471465
13442,3.22592,2.52943419775593
13443,3.22616,1.86247337544683
13444,3.2264,3.24380070263269
13445,3.22664,2.11475715557982
13446,3.22688,1.89105217242961
13447,3.22712,3.09791258081821
13448,3.22736,2.04046808242826
13449,3.2276,1.40973999011645
13450,3.22784,2.70342048068874
13451,3.22808,2.07931747741609
13452,3.22832,1.15329901840471
13453,3.22856,2.64139554103875
13454,3.2288,1.85364655001208
13455,3.22904,1.12325260055686
13456,3.22928,2.10292791964181
13457,3.22952,1.9793715611795
13458,3.22976,1.42470959870279
13459,3.23,1.16024247344241
13460,3.23024,1.26258633582993
13461,3.23048,2.0875279294544
13462,3.23072,1.59856520475206
13463,3.23096,1.17439981326252
13464,3.2312,1.23592720773912
13465,3.23144,2.02278068856458
13466,3.23168,0.203043262155419
13467,3.23192,1.18429160213159
13468,3.23216,0.837095153647787
13469,3.2324,0.183231801678464
13470,3.23264,1.21675969477278
13471,3.23288,1.04169114215996
13472,3.23312,-0.0461776308929478
13473,3.23336,1.16013174745141
13474,3.2336,0.560293829692697
13475,3.23384,0.0103179234120283
13476,3.23408,0.896374877797785
13477,3.23432,0.128833452317841
13478,3.23456,0.340260756866876
13479,3.2348,-0.0491454226469079
13480,3.23504,0.0812433306814263
13481,3.23528,0.329354280737606
13482,3.23552,-0.607162583527501
13483,3.23576,-0.194019307942939
13484,3.236,-0.148879791559947
13485,3.23624,-0.437165633661659
13486,3.23648,-0.117333907657594
13487,3.23672,-0.639218242375553
13488,3.23696,-0.413104898036057
13489,3.2372,-0.421254050938912
13490,3.23744,-0.908950668450047
13491,3.23768,-0.770843608491762
13492,3.23792,-0.871949575069902
13493,3.23816,-0.487922529019897
13494,3.2384,-1.17027072463897
13495,3.23864,-1.12982323013076
13496,3.23888,-0.842486056552667
13497,3.23912,-1.50695142582895
13498,3.23936,-1.20338969848762
13499,3.2396,-1.02576760525041
13500,3.23984,-1.67617839296458
13501,3.24008,-1.83813587862858
13502,3.24032,-1.16561761972326
13503,3.24056,-1.81440160609346
13504,3.2408,-1.49740192760776
13505,3.24104,-1.90234445612414
13506,3.24128,-1.58260524205565
13507,3.24152,-1.62584160377995
13508,3.24176,-1.66822444368752
13509,3.242,-1.95493398854552
13510,3.24224,-1.63883545871032
13511,3.24248,-1.93554099306178
13512,3.24272,-2.58929291305035
13513,3.24296,-2.27823647738521
13514,3.2432,-1.86835981590013
13515,3.24344,-2.53993087120339
13516,3.24368,-2.36274631366344
13517,3.24392,-1.97344818403097
13518,3.24416,-2.78044254476113
13519,3.2444,-1.9029591521186
13520,3.24464,-2.13795182815401
13521,3.24488,-2.85153125641978
13522,3.24512,-2.48424160633747
13523,3.24536,-2.26675040306712
13524,3.2456,-2.76227069520022
13525,3.24584,-2.55482998733809
13526,3.24608,-2.60986484796278
13527,3.24632,-2.65637232665987
13528,3.24656,-2.73470467255521
13529,3.2468,-3.05987756246734
13530,3.24704,-2.78221058928048
13531,3.24728,-2.54384112385425
13532,3.24752,-3.15659124453622
13533,3.24776,-3.16075724531476
13534,3.248,-2.24676818816895
13535,3.24824,-3.38874731358838
13536,3.24848,-3.19995516542888
13537,3.24872,-2.4639682537881
13538,3.24896,-3.15992822014524
13539,3.2492,-2.67678468839458
13540,3.24944,-3.32037488997625
13541,3.24968,-3.45751967142334
13542,3.24992,-2.31840891315313
13543,3.25016,-3.59860729093446
13544,3.2504,-2.83078014968314
13545,3.25064,-2.73113025453289
13546,3.25088,-3.35425574479106
13547,3.25112,-3.61545694246993
13548,3.25136,-2.48340889023469
13549,3.2516,-3.18067044045973
13550,3.25184,-3.51467252841608
13551,3.25208,-2.45164321894352
13552,3.25232,-3.21552519769344
13553,3.25256,-3.73290315170511
13554,3.2528,-2.36851065634198
13555,3.25304,-3.09070921895156
13556,3.25328,-3.43610406993297
13557,3.25352,-2.27040512418272
13558,3.25376,-3.06076033374519
13559,3.254,-3.23877591314001
13560,3.25424,-2.15225823057799
13561,3.25448,-3.13324090018193
13562,3.25472,-2.90682923265888
13563,3.25496,-2.38213215837671
13564,3.2552,-3.53993653437795
13565,3.25544,-2.1978881163327
13566,3.25568,-2.71348045455846
13567,3.25592,-2.97066298207226
13568,3.25616,-1.72223451603786
13569,3.2564,-3.02359188842583
13570,3.25664,-2.39405539638719
13571,3.25688,-1.95857144956227
13572,3.25712,-2.96297470795951
13573,3.25736,-2.2938696170529
13574,3.2576,-1.93274080540326
13575,3.25784,-3.00663845484386
13576,3.25808,-2.28866057082521
13577,3.25832,-1.52039445022122
13578,3.25856,-2.67764932453204
13579,3.2588,-2.15449085826803
13580,3.25904,-1.45474534816286
13581,3.25928,-2.68226616895317
13582,3.25952,-1.87922586059557
13583,3.25976,-1.37652082118568
13584,3.26,-2.30653179233262
13585,3.26024,-1.58446216560581
13586,3.26048,-1.03195175407033
13587,3.26072,-1.82415478103145
13588,3.26096,-1.76892594888094
13589,3.2612,-0.777870520684192
13590,3.26144,-1.03615087079133
13591,3.26168,-2.00903515342555
13592,3.26192,-1.10420311567741
13593,3.26216,-1.17596380832678
13594,3.2624,-1.96815749660827
13595,3.26264,-0.277137615467072
13596,3.26288,-1.26289690988838
13597,3.26312,-1.4001270584909
13598,3.26336,-0.243059286347164
13599,3.2636,-0.451195941679377
13600,3.26384,-1.37413400441185
13601,3.26408,-0.161615497701055
13602,3.26432,-0.418033269904301
13603,3.26456,-0.909508018395508
13604,3.2648,0.00155512051514961
13605,3.26504,-0.660889412550266
13606,3.26528,-0.365866302918973
13607,3.26552,0.132033077381548
13608,3.26576,-0.570446203076257
13609,3.266,0.146011883395895
13610,3.26624,0.12178603473744
13611,3.26648,-0.139562050801867
13612,3.26672,0.287128430910303
13613,3.26696,-0.00600681723223873
13614,3.2672,0.529568744520738
13615,3.26744,0.317419015592377
13616,3.26768,0.351062430938243
13617,3.26792,0.364858624997483
13618,3.26816,0.602431176995986
13619,3.2684,0.488373931776699
13620,3.26864,1.19346448169794
13621,3.26888,0.560446378274709
13622,3.26912,0.538588158608777
13623,3.26936,1.33682573178473
13624,3.2696,1.05405627588309
13625,3.26984,1.12503379942886
13626,3.27008,1.18610629650295
13627,3.27032,1.24407186074341
13628,3.27056,1.66255624763307
13629,3.2708,1.10643034841114
13630,3.27104,1.39070242782831
13631,3.27128,1.79461468510286
13632,3.27152,1.47803255070323
13633,3.27176,1.40139697472524
13634,3.272,1.56325324754623
13635,3.27224,1.96729198055971
13636,3.27248,1.64955088988269
13637,3.27272,1.68787736034979
13638,3.27296,2.10177904682671
13639,3.2732,2.02970561875741
13640,3.27344,1.83641929092725
13641,3.27368,2.13707424383126
13642,3.27392,2.30976571167066
13643,3.27416,1.89072986044232
13644,3.2744,2.21061316895385
13645,3.27464,2.63944782834031
13646,3.27488,2.36335380382974
13647,3.27512,2.34126215588388
13648,3.27536,2.55061665663906
13649,3.2756,2.42168594108861
13650,3.27584,2.42105439575018
13651,3.27608,2.4164670442949
13652,3.27632,2.80228549718609
13653,3.27656,2.58396329491826
13654,3.2768,2.25832222530933
13655,3.27704,3.2760357778429
13656,3.27728,2.48231169543971
13657,3.27752,2.3246902723762
13658,3.27776,3.37643011417455
13659,3.278,2.62221925984047
13660,3.27824,2.62528822471609
13661,3.27848,3.12213444054642
13662,3.27872,2.65296119699085
13663,3.27896,2.94761004009184
13664,3.2792,3.59993546125816
13665,3.27944,3.17410773461789
13666,3.27968,2.07402687010317
13667,3.27992,3.27190489064762
13668,3.28016,3.25963504497494
13669,3.2804,2.21064327600406
13670,3.28064,3.34381293512388
13671,3.28088,3.38604759625863
13672,3.28112,2.39234756319238
13673,3.28136,2.76096596612454
13674,3.2816,3.25491774022602
13675,3.28184,3.74676327521555
13676,3.28208,2.45610975644316
13677,3.28232,2.67505559843054
13678,3.28256,3.25477495869178
13679,3.2828,3.35276727189378
13680,3.28304,2.42301264245144
13681,3.28328,3.19386973800217
13682,3.28352,3.59805526810364
13683,3.28376,2.4850641125055
13684,3.284,3.32260522560189
13685,3.28424,2.95270797997296
13686,3.28448,2.4087741437172
13687,3.28472,3.20380097624764
13688,3.28496,3.14468858508481
13689,3.2852,2.30837160292312
13690,3.28544,3.17181996286216
13691,3.28568,2.59691619061057
13692,3.28592,2.56453511543183
13693,3.28616,3.36361425483856
13694,3.2864,1.92114441244523
13695,3.28664,2.92068916557888
13696,3.28688,2.82423063438057
13697,3.28712,1.95423387875723
13698,3.28736,3.25378440135733
13699,3.2876,2.27648365478225
13700,3.28784,1.96768766152717
13701,3.28808,3.09683576018033
13702,3.28832,1.96693934154343
13703,3.28856,2.45086474354873
13704,3.2888,2.55905355482346
13705,3.28904,1.64177336384911
13706,3.28928,2.67392928378147
13707,3.28952,2.01694384710971
13708,3.28976,1.42769209051683
13709,3.29,2.75487521092278
13710,3.29024,1.93317397497196
13711,3.29048,1.65421907549247
13712,3.29072,2.44363501475779
13713,3.29096,1.70368460785503
13714,3.2912,1.61487810022909
13715,3.29144,1.99619078349389
13716,3.29168,0.630577035232637
13717,3.29192,1.46306004432461
13718,3.29216,1.57039387902029
13719,3.2924,2.28152131196241
13720,3.29264,0.390482305156172
13721,3.29288,1.30953079621424
13722,3.29312,1.49834508656788
13723,3.29336,0.858478017213493
13724,3.2936,0.64280598086043
13725,3.29384,1.267615514465
13726,3.29408,1.04895697076361
13727,3.29432,0.159048361612312
13728,3.29456,0.847592318423397
13729,3.2948,1.16926783150609
13730,3.29504,0.0899541143995217
13731,3.29528,0.352918858489317
13732,3.29552,1.0914910871932
13733,3.29576,-0.0579006702901324
13734,3.296,0.133635956170695
13735,3.29624,0.562833179304965
13736,3.29648,-0.0534792852151715
13737,3.29672,0.177820108051273
13738,3.29696,0.0578691274167829
13739,3.2972,-0.147033667717527
13740,3.29744,0.00138927562598812
13741,3.29768,-0.426194645961683
13742,3.29792,-0.117499409662982
13743,3.29816,-0.415782973381369
13744,3.2984,-0.439600891953571
13745,3.29864,-0.107568597561229
13746,3.29888,-0.963778533059396
13747,3.29912,-0.473083139147436
13748,3.29936,-0.475232236406161
13749,3.2996,-1.17584822591314
13750,3.29984,-0.667560970636318
13751,3.30008,-0.762371104307259
13752,3.30032,-1.5555215017172
13753,3.30056,-1.03569864597966
13754,3.3008,-1.34190653643525
13755,3.30104,-1.27737485471851
13756,3.30128,-1.218735928146
13757,3.30152,-1.51258348319714
13758,3.30176,-1.07790394150169
13759,3.302,-1.36447566521793
13760,3.30224,-1.77032794078954
13761,3.30248,-1.45581551145796
13762,3.30272,-1.25889567365989
13763,3.30296,-1.42477633680453
13764,3.3032,-2.07080961954115
13765,3.30344,-1.62920936231008
13766,3.30368,-2.15261590509909
13767,3.30392,-1.84355474425165
13768,3.30416,-2.49031915230609
13769,3.3044,-2.17462665402852
13770,3.30464,-1.99772349519602
13771,3.30488,-2.41523773591024
13772,3.30512,-1.87415051234057
13773,3.30536,-2.4356666329089
13774,3.3056,-2.62257443905329
13775,3.30584,-1.87072068966981
13776,3.30608,-2.80916736047488
13777,3.30632,-2.53876997592829
13778,3.30656,-2.29797577707362
13779,3.3068,-2.89247822638149
13780,3.30704,-2.05865072053869
13781,3.30728,-2.69053838387111
13782,3.30752,-2.82742798108079
13783,3.30776,-2.39418815869482
13784,3.308,-3.05109768638513
13785,3.30824,-2.74483180842188
13786,3.30848,-2.95621893450561
13787,3.30872,-3.16158543742198
13788,3.30896,-2.89394568409363
13789,3.3092,-2.5469537650263
13790,3.30944,-2.91022176674863
13791,3.30968,-2.69858806191693
13792,3.30992,-3.36412920648717
13793,3.31016,-3.28977805189473
13794,3.3104,-2.29492444048738
13795,3.31064,-3.36846736186581
13796,3.31088,-3.22391475068258
13797,3.31112,-2.40370075364718
13798,3.31136,-3.63556105496109
13799,3.3116,-3.06622791606787
13800,3.31184,-2.54870453700762
13801,3.31208,-3.35294862059421
13802,3.31232,-2.51086492169872
13803,3.31256,-3.02163236562844
13804,3.3128,-3.7629564986831
13805,3.31304,-2.71356931412119
13806,3.31328,-2.69585405944212
13807,3.31352,-3.28192934158683
13808,3.31376,-3.38606377091042
13809,3.314,-2.46224222167219
13810,3.31424,-3.23882725329435
13811,3.31448,-2.57600092845915
13812,3.31472,-2.57793436958591
13813,3.31496,-3.30203321883286
13814,3.3152,-2.94071230758975
13815,3.31544,-2.52609696368907
13816,3.31568,-3.32375891840535
13817,3.31592,-2.67687342723869
13818,3.31616,-2.57927744300417
13819,3.3164,-3.5610372594316
13820,3.31664,-2.27442665923486
13821,3.31688,-2.61366112203509
13822,3.31712,-3.29888008581601
13823,3.31736,-1.86158592551341
13824,3.3176,-2.98433160335966
13825,3.31784,-2.54159512980627
13826,3.31808,-2.16287461663537
13827,3.31832,-3.34297451833226
13828,3.31856,-2.02515868645736
13829,3.3188,-2.44609709051827
13830,3.31904,-3.09471399045011
13831,3.31928,-2.31977209722234
13832,3.31952,-1.73107248970499
13833,3.31976,-3.18513812236283
13834,3.32,-2.00739970135717
13835,3.32024,-2.44851000013629
13836,3.32048,-2.51876935087985
13837,3.32072,-1.55487196206543
13838,3.32096,-2.43095156248397
13839,3.3212,-2.33284007445604
13840,3.32144,-1.55797281274259
13841,3.32168,-1.55460222238875
13842,3.32192,-2.38224771404588
13843,3.32216,-1.67372955208256
13844,3.3224,-0.772857561844156
13845,3.32264,-1.70141805498109
13846,3.32288,-1.66476969215638
13847,3.32312,-1.04296018232452
13848,3.32336,-0.842753236130732
13849,3.3236,-1.60176656214891
13850,3.32384,-1.76058984724018
13851,3.32408,-0.896987946164837
13852,3.32432,-1.24679736870037
13853,3.32456,-0.638414778301159
13854,3.3248,-0.802245024386496
13855,3.32504,-1.19880410196795
13856,3.32528,-0.408611757088081
13857,3.32552,-0.636577831548863
13858,3.32576,-0.86005452643335
13859,3.326,-0.366713588799927
13860,3.32624,-0.523501668821549
13861,3.32648,-0.675466198833406
13862,3.32672,-0.0012052402266185
13863,3.32696,-0.445412022199005
13864,3.3272,-0.278393240975357
13865,3.32744,0.452106926054656
13866,3.32768,-0.627882585203846
13867,3.32792,0.0891905325583737
13868,3.32816,0.41214351281841
13869,3.3284,-0.460635811822708
13870,3.32864,0.564076745060006
13871,3.32888,0.49193055547522
13872,3.32912,-0.0586371658066547
13873,3.32936,0.80706176079646
13874,3.3296,0.460506073403583
13875,3.32984,0.597251696591375
13876,3.33008,0.714422957474693
13877,3.33032,0.575526646371396
13878,3.33056,0.565831588496057
13879,3.3308,1.25583368047455
13880,3.33104,0.85418244688627
13881,3.33128,1.05807301864452
13882,3.33152,1.0050018394603
13883,3.33176,1.19221853225999
13884,3.332,1.13631274886647
13885,3.33224,1.43038007179789
13886,3.33248,1.36435267144442
13887,3.33272,1.41015316102536
13888,3.33296,1.69299106446163
13889,3.3332,1.37631538740709
13890,3.33344,1.78198104829052
13891,3.33368,1.46584543237986
13892,3.33392,1.99139058164622
13893,3.33416,1.55302758186433
13894,3.3344,1.71080056825446
13895,3.33464,1.9985955585803
13896,3.33488,1.92755434881488
13897,3.33512,1.8542205971381
13898,3.33536,2.27216136160833
13899,3.3356,2.32767559679353
13900,3.33584,1.66243576309359
13901,3.33608,1.97983253110692
13902,3.33632,2.65643338381669
13903,3.33656,2.48624880855175
13904,3.3368,2.10072020992173
13905,3.33704,2.67738501184096
13906,3.33728,2.29502106404186
13907,3.33752,2.29634407374496
13908,3.33776,2.52894149942133
13909,3.338,2.66761058522695
13910,3.33824,2.69196746421629
13911,3.33848,2.47436912013598
13912,3.33872,3.01006819924722
13913,3.33896,3.05629054056031
13914,3.3392,2.16024733199355
13915,3.33944,2.85923043818045
13916,3.33968,3.18141956399213
13917,3.33992,2.33265208145962
13918,3.34016,2.95110930851728
13919,3.3404,3.55577780646881
13920,3.34064,2.5038706171111
13921,3.34088,2.81765029233626
13922,3.34112,3.3553414293412
13923,3.34136,2.48035021794816
13924,3.3416,3.43753762732286
13925,3.34184,3.1769148633533
13926,3.34208,2.95543247986654
13927,3.34232,3.37111932772006
13928,3.34256,3.2882880571047
13929,3.3428,2.99774454430733
13930,3.34304,2.51159228975311
13931,3.34328,3.00873664676201
13932,3.34352,3.50275228614241
13933,3.34376,3.51882655964842
13934,3.344,2.38895674198805
13935,3.34424,3.21273852037496
13936,3.34448,3.78139936334466
13937,3.34472,2.21907796421796
13938,3.34496,2.9957175074032
13939,3.3452,3.75732183012552
13940,3.34544,2.15449951795891
13941,3.34568,2.88502796305735
13942,3.34592,3.59885081746116
13943,3.34616,2.06512115159907
13944,3.3464,3.09859964390051
13945,3.34664,3.27527337724446
13946,3.34688,2.06528005232713
13947,3.34712,3.05309946356102
13948,3.34736,3.06146761858535
13949,3.3476,2.05143362809094
13950,3.34784,3.10865717300021
13951,3.34808,2.59525780384224
13952,3.34832,2.38845099735154
13953,3.34856,3.50117731264877
13954,3.3488,2.11149370630559
13955,3.34904,2.70116553691054
13956,3.34928,2.91440889838455
13957,3.34952,1.85829390635373
13958,3.34976,2.76040279195028
13959,3.35,2.79888380833949
13960,3.35024,1.81388252005577
13961,3.35048,2.55407698218249
13962,3.35072,2.78984990104942
13963,3.35096,1.76046104811165
13964,3.3512,1.98330647252801
13965,3.35144,2.78280711593895
13966,3.35168,1.69767286542016
13967,3.35192,1.51811771711823
13968,3.35216,2.7593828064934
13969,3.3524,1.85776078587127
13970,3.35264,1.01703517674543
13971,3.35288,2.24180118887861
13972,3.35312,1.65323094093344
13973,3.35336,1.00266387718124
13974,3.3536,1.45516966088003
13975,3.35384,1.90862801250697
13976,3.35408,2.00571491395351
13977,3.35432,0.722742914083355
13978,3.35456,1.143749218729
13979,3.3548,1.68256974638019
13980,3.35504,0.57008870372656
13981,3.35528,0.824487250622959
13982,3.35552,1.07648169324861
13983,3.35576,1.09511898413784
13984,3.356,0.56407833289215
13985,3.35624,0.991279635715161
13986,3.35648,0.23243920795714
13987,3.35672,0.717682660754666
13988,3.35696,0.952387762655453
13989,3.3572,-0.226492922525638
13990,3.35744,0.671131581114384
13991,3.35768,0.597244343258872
13992,3.35792,-0.277341997725277
13993,3.35816,0.779386999541774
13994,3.3584,0.0369606664274558
13995,3.35864,-0.309440792515095
13996,3.35888,0.660703973220236
13997,3.35912,-0.38898427320464
13998,3.35936,-0.336801581036107
13999,3.3596,-0.166955423518582
14000,3.35984,-0.326625867085337
14001,3.36008,-0.125236729060184
14002,3.36032,-0.637606467972621
14003,3.36056,-0.884449883421431
14004,3.3608,-0.658490501787552
14005,3.36104,-0.647773482001951
14006,3.36128,-0.749555504810802
14007,3.36152,-0.973383195531927
14008,3.36176,-0.697305308594371
14009,3.362,-1.01883468071932
14010,3.36224,-1.33908233677762
14011,3.36248,-0.80307449627652
14012,3.36272,-1.22411358446707
14013,3.36296,-1.2891290188931
14014,3.3632,-1.33854956818132
14015,3.36344,-1.38667078176557
14016,3.36368,-1.19174393622879
14017,3.36392,-1.83896127673441
14018,3.36416,-1.28363600744184
14019,3.3644,-1.32677079204009
14020,3.36464,-1.49204798019519
14021,3.36488,-2.13464870997619
14022,3.36512,-1.5749735641719
14023,3.36536,-1.73693264378222
14024,3.3656,-2.14682305792325
14025,3.36584,-1.95017449689772
14026,3.36608,-2.24494859953871
14027,3.36632,-1.94042916651888
14028,3.36656,-1.9937710043248
14029,3.3668,-2.18259513154354
14030,3.36704,-2.13866999713613
14031,3.36728,-2.44794234222265
14032,3.36752,-2.53377616994508
14033,3.36776,-2.26825190268428
14034,3.368,-2.3585366981804
14035,3.36824,-2.59409521712033
14036,3.36848,-2.59046686939874
14037,3.36872,-2.34481672881357
14038,3.36896,-2.97043040162769
14039,3.3692,-2.50582842242089
14040,3.36944,-2.4277884021325
14041,3.36968,-3.44258526518646
14042,3.36992,-2.29259657553548
14043,3.37016,-2.86224968365639
14044,3.3704,-3.17873171502873
14045,3.37064,-2.43059647186066
14046,3.37088,-2.92446100959552
14047,3.37112,-3.52568613994933
14048,3.37136,-2.34475003403181
14049,3.3716,-2.88826136304204
14050,3.37184,-3.77483881171064
14051,3.37208,-2.63436967500187
14052,3.37232,-2.50229914207042
14053,3.37256,-3.68964690155233
14054,3.3728,-3.31484610422496
14055,3.37304,-2.26838045279654
14056,3.37328,-3.29228466255504
14057,3.37352,-3.4550655244288
14058,3.37376,-2.45724720928728
14059,3.374,-2.47165838062999
14060,3.37424,-2.97339158812687
14061,3.37448,-3.47765055772579
14062,3.37472,-2.6669736187034
14063,3.37496,-2.64350688033708
14064,3.3752,-3.45800230310785
14065,3.37544,-3.18885868905223
14066,3.37568,-2.50261907800201
14067,3.37592,-3.26937224142351
14068,3.37616,-3.19121618478771
14069,3.3764,-2.33400758380764
14070,3.37664,-3.17980343112847
14071,3.37688,-3.41364398054019
14072,3.37712,-2.13358472038086
14073,3.37736,-3.05549411573084
14074,3.3776,-3.24008419095908
14075,3.37784,-2.16061058390883
14076,3.37808,-3.03069570983566
14077,3.37832,-2.93179781311451
14078,3.37856,-2.41279718622336
14079,3.3788,-3.45833373834277
14080,3.37904,-2.24290617957729
14081,3.37928,-2.76419933085548
14082,3.37952,-2.91087825743527
14083,3.37976,-1.9179030533733
14084,3.38,-3.21874632232904
14085,3.38024,-2.12465916524421
14086,3.38048,-2.41592837577954
14087,3.38072,-2.80868710745873
14088,3.38096,-1.68926739416433
14089,3.3812,-2.88493320650046
14090,3.38144,-2.38622988824531
14091,3.38168,-1.3516840848381
14092,3.38192,-2.74155617431171
14093,3.38216,-2.31898186707014
14094,3.3824,-1.3547829243949
14095,3.38264,-2.58343035606631
14096,3.38288,-2.00234353362084
14097,3.38312,-1.48164065090796
14098,3.38336,-2.51996229416178
14099,3.3836,-1.77671612651106
14100,3.38384,-1.68475639126172
14101,3.38408,-2.06305423923906
14102,3.38432,-0.816969797124962
14103,3.38456,-1.28491869226181
14104,3.3848,-1.99169828485624
14105,3.38504,-1.61596345982103
14106,3.38528,-1.06880057211502
14107,3.38552,-1.12911777852943
14108,3.38576,-2.03431146150787
14109,3.386,-0.328793129524984
14110,3.38624,-1.30092708010043
14111,3.38648,-1.3025299459305
14112,3.38672,-0.256928333254233
14113,3.38696,-0.700859363406717
14114,3.3872,-0.895803624519781
14115,3.38744,-0.260647164938658
14116,3.38768,-0.515486755157889
14117,3.38792,-0.644220459855735
14118,3.38816,-0.183601812942992
14119,3.3884,-0.487233869104385
14120,3.38864,-0.782377962825219
14121,3.38888,0.223335831399696
14122,3.38912,-0.488737915072569
14123,3.38936,-0.347488976520559
14124,3.3896,0.599310896780402
14125,3.38984,-0.506120249074366
14126,3.39008,0.188334088684885
14127,3.39032,0.490486680795346
14128,3.39056,0.0762056913110474
14129,3.3908,0.237060726340543
14130,3.39104,0.624109730394128
14131,3.39128,0.657848143059024
14132,3.39152,0.426117909258743
14133,3.39176,0.541828763395894
14134,3.392,0.662953399800299
14135,3.39224,0.642842566798768
14136,3.39248,0.850640124948172
14137,3.39272,0.824117171840726
14138,3.39296,1.14536130325751
14139,3.3932,1.21346794395109
14140,3.39344,1.16477365379598
14141,3.39368,1.10319389808228
14142,3.39392,1.5173920213065
14143,3.39416,1.46124231389084
14144,3.3944,1.02775148845614
14145,3.39464,1.31331506651095
14146,3.39488,1.72038952307668
14147,3.39512,1.40363673643834
14148,3.39536,1.3264343700113
14149,3.3956,1.37122107135604
14150,3.39584,2.0151159584893
14151,3.39608,1.81461120800961
14152,3.39632,2.21914106743501
14153,3.39656,1.90771329454614
14154,3.3968,1.94994645622997
14155,3.39704,2.36538587090017
14156,3.39728,2.06139656884608
14157,3.39752,1.99589260105589
14158,3.39776,2.30531591355904
14159,3.398,2.02262291322584
14160,3.39824,2.33553004298361
14161,3.39848,2.29907534784118
14162,3.39872,2.51938791474133
14163,3.39896,2.60962045009969
14164,3.3992,2.36409072810836
14165,3.39944,2.84310412402152
14166,3.39968,2.48330204102381
14167,3.39992,2.87369395330713
14168,3.40016,2.53344895549451
14169,3.4004,2.57970395423655
14170,3.40064,3.3527435115422
14171,3.40088,2.32771049539818
14172,3.40112,2.90416027172728
14173,3.40136,3.46477156780915
14174,3.4016,2.24388355093215
14175,3.40184,2.98279933565634
14176,3.40208,3.57692847564965
14177,3.40232,2.2864784582437
14178,3.40256,3.30813382851403
14179,3.4028,2.9934929125698
14180,3.40304,2.71100525602633
14181,3.40328,3.5456393629918
14182,3.40352,3.15913700275534
14183,3.40376,2.92785855688512
14184,3.404,2.98034090426019
14185,3.40424,3.25969509555833
14186,3.40448,2.84284277950183
14187,3.40472,3.31132489218574
14188,3.40496,3.7678135831788
14189,3.4052,2.33780273826626
14190,3.40544,2.76067538366304
14191,3.40568,3.41606246261086
14192,3.40592,3.71189244881041
14193,3.40616,2.36796178437961
14194,3.4064,2.99171862200985
14195,3.40664,3.72418587730151
14196,3.40688,2.20119438561979
14197,3.40712,2.66675462367613
14198,3.40736,3.59638799898456
14199,3.4076,2.49822611302264
14200,3.40784,2.787930970762
14201,3.40808,3.6640437420245
14202,3.40832,2.27889220417857
14203,3.40856,2.76104346033214
14204,3.4088,3.47062868362544
14205,3.40904,1.93221560014483
14206,3.40928,2.96290439397114
14207,3.40952,2.89501491387388
14208,3.40976,2.16938314728245
14209,3.41,3.26075689900532
14210,3.41024,2.43186528568784
14211,3.41048,2.50756722443513
14212,3.41072,3.17167229312258
14213,3.41096,1.95511840147956
14214,3.4112,2.46650300603614
14215,3.41144,2.96378757206362
14216,3.41168,1.82533928399354
14217,3.41192,2.41713678042578
14218,3.41216,2.38994924144996
14219,3.4124,1.58294540617362
14220,3.41264,2.70880407664679
14221,3.41288,2.15369363334677
14222,3.41312,1.1819738652232
14223,3.41336,2.62559468311195
14224,3.4136,2.14551358068579
14225,3.41384,1.35886839669975
14226,3.41408,2.51730112826038
14227,3.41432,1.75295342459994
14228,3.41456,0.926315356829378
14229,3.4148,2.26884242499807
14230,3.41504,1.70420987794593
14231,3.41528,1.43674124438098
14232,3.41552,1.40728554321826
14233,3.41576,2.10315428998741
14234,3.416,0.450897453750573
14235,3.41624,1.34930347053215
14236,3.41648,1.39936400463564
14237,3.41672,0.511866716183135
14238,3.41696,1.00555904046503
14239,3.4172,1.13144032681389
14240,3.41744,1.50241542667537
14241,3.41768,0.720231995900039
14242,3.41792,0.908978101837093
14243,3.41816,0.618202557284733
14244,3.4184,0.0114036025208062
14245,3.41864,1.0987016225117
14246,3.41888,0.618202545089937
14247,3.41912,-0.0551602232831674
14248,3.41936,0.7201635552229
14249,3.4196,0.302278321105734
14250,3.41984,0.0400595869319051
14251,3.42008,0.493147295930509
14252,3.42032,-0.223866635336221
14253,3.42056,0.029808121720027
14254,3.4208,0.0470050402989797
14255,3.42104,-0.261817402643652
14256,3.42128,-0.095389097955582
14257,3.42152,-0.506433535656384
14258,3.42176,-0.0605682770972367
14259,3.422,-0.461080351490627
14260,3.42224,-0.709400140217368
14261,3.42248,-0.360970077690093
14262,3.42272,-0.724583500999612
14263,3.42296,-1.1861853588056
14264,3.4232,-0.809976931111135
14265,3.42344,-0.543318550149876
14266,3.42368,-1.34360859470993
14267,3.42392,-1.06182463953523
14268,3.42416,-1.01633987643739
14269,3.4244,-1.07862397039911
14270,3.42464,-1.14195790244057
14271,3.42488,-1.3192908991127
14272,3.42512,-1.36721575387395
14273,3.42536,-1.29486266086062
14274,3.4256,-1.70302546192263
14275,3.42584,-1.39033044789026
14276,3.42608,-1.43177121088407
14277,3.42632,-1.47376693772906
14278,3.42656,-1.99728690695076
14279,3.4268,-1.55662505378272
14280,3.42704,-1.71725319830207
14281,3.42728,-2.00944824351293
14282,3.42752,-2.41348177162524
14283,3.42776,-2.09707022185599
14284,3.428,-1.79614728184784
14285,3.42824,-2.33265460256674
14286,3.42848,-2.03242946342367
14287,3.42872,-2.46792875183233
14288,3.42896,-2.17640633009564
14289,3.4292,-1.8950757909013
14290,3.42944,-2.59339345283731
14291,3.42968,-2.5592417890391
14292,3.42992,-1.94071625526558
14293,3.43016,-2.90455262856192
14294,3.4304,-2.53219720165954
14295,3.43064,-2.31221493077988
14296,3.43088,-3.17460008320262
14297,3.43112,-2.35715440492835
14298,3.43136,-2.77636089486571
14299,3.4316,-2.94044024964983
14300,3.43184,-2.41752543346307
14301,3.43208,-2.99296915186401
14302,3.43232,-3.07351993079064
14303,3.43256,-2.23399670258467
14304,3.4328,-3.32700905911351
14305,3.43304,-3.09020379843472
14306,3.43328,-2.18041289071271
14307,3.43352,-3.31762296093427
14308,3.43376,-3.12910264681967
14309,3.434,-2.14556511082671
14310,3.43424,-3.57322802354781
14311,3.43448,-3.19426640470132
14312,3.43472,-2.50114075649812
14313,3.43496,-3.75363578404351
14314,3.4352,-3.06855522515607
14315,3.43544,-2.43574667230235
14316,3.43568,-3.3865702284111
14317,3.43592,-3.12734651139578
14318,3.43616,-2.56607379616982
14319,3.4364,-3.2177031241577
14320,3.43664,-3.38507085251664
14321,3.43688,-2.5195971695692
14322,3.43712,-3.12200069231025
14323,3.43736,-3.11398609510698
14324,3.4376,-2.31844181589936
14325,3.43784,-3.22950871074512
14326,3.43808,-3.40981145106458
14327,3.43832,-2.44052563283116
14328,3.43856,-3.29386364522635
14329,3.4388,-2.9415451137589
14330,3.43904,-2.41441151341921
14331,3.43928,-3.22170686220123
14332,3.43952,-2.82115504224626
14333,3.43976,-2.48904234024609
14334,3.44,-3.36245829238049
14335,3.44024,-2.32801522216366
14336,3.44048,-2.79142073976348
14337,3.44072,-3.12139985734378
14338,3.44096,-1.94321537373033
14339,3.4412,-3.18975948378488
14340,3.44144,-2.62932925970071
14341,3.44168,-2.02013124481375
14342,3.44192,-3.33284784735271
14343,3.44216,-2.1389028195355
14344,3.4424,-2.32990979233781
14345,3.44264,-2.98002683687211
14346,3.44288,-1.98642085900611
14347,3.44312,-2.1290339151108
14348,3.44336,-2.85590425499934
14349,3.4436,-1.93533527210505
14350,3.44384,-1.56085397079671
14351,3.44408,-2.85324941922649
14352,3.44432,-1.76191424513925
14353,3.44456,-1.21793629542355
14354,3.4448,-2.70960563135206
14355,3.44504,-1.80565463691973
14356,3.44528,-1.08647557666881
14357,3.44552,-2.28660721492803
14358,3.44576,-1.5890431617391
14359,3.446,-0.698968217421815
14360,3.44624,-1.63732682111572
14361,3.44648,-1.60994384321299
14362,3.44672,-2.30950396272895
14363,3.44696,-0.411003819302106
14364,3.4472,-1.31820032825872
14365,3.44744,-1.37566149255954
14366,3.44768,-0.495116397570961
14367,3.44792,-0.995333168625241
14368,3.44816,-1.12732793639924
14369,3.4484,-1.2631064135447
14370,3.44864,-0.243602562017071
14371,3.44888,-1.16818359984769
14372,3.44912,-1.12011995975694
14373,3.44936,-0.153522312107344
14374,3.4496,-0.525775979433271
14375,3.44984,-0.894492821363504
14376,3.45008,0.254667469765713
14377,3.45032,-0.775542378700258
14378,3.45056,-0.354784943722904
14379,3.4508,0.381935183950584
14380,3.45104,-0.688130889007743
14381,3.45128,-0.196777438429866
14382,3.45152,0.259430507733559
14383,3.45176,-0.362061065857156
14384,3.452,0.314012320480101
14385,3.45224,0.368216361683138
14386,3.45248,0.427863632204093
14387,3.45272,0.459009234270293
14388,3.45296,0.248035528988482
14389,3.4532,0.748305784562505
14390,3.45344,0.500017803383873
14391,3.45368,0.500353889896185
14392,3.45392,0.970890195785787
14393,3.45416,1.05920585528867
14394,3.4544,0.915644254980483
14395,3.45464,0.874418963308926
14396,3.45488,0.95051862534159
14397,3.45512,1.38348755293824
14398,3.45536,1.08061773833074
14399,3.4556,1.02783717312183
14400,3.45584,1.32576933776608
14401,3.45608,1.4935531839637
14402,3.45632,1.17663996125314
14403,3.45656,1.8247390129424
14404,3.4568,1.38876229495309
14405,3.45704,2.03015638064013
14406,3.45728,1.59310504625323
14407,3.45752,1.9952995449573
14408,3.45776,1.79353762999976
14409,3.458,2.07811857111515
14410,3.45824,1.76443130127161
14411,3.45848,1.92883876120444
14412,3.45872,2.10072814490485
14413,3.45896,2.16095326681342
14414,3.4592,2.09510246767916
14415,3.45944,2.4038781476789
14416,3.45968,2.11425736740116
14417,3.45992,2.06282876625175
14418,3.46016,2.27489190218987
14419,3.4604,2.60514672989183
14420,3.46064,1.97473078004802
14421,3.46088,2.69273938941479
14422,3.46112,3.03805508155443
14423,3.46136,1.8388087714646
14424,3.4616,2.82531059521154
14425,3.46184,2.83760451495904
14426,3.46208,2.28306810853563
14427,3.46232,3.04844056400069
14428,3.46256,2.73984794612234
14429,3.4628,2.82847086562901
14430,3.46304,3.14997178562183
14431,3.46328,2.76145784266399
14432,3.46352,2.77050208939223
14433,3.46376,2.88662994982695
14434,3.464,2.55602963290268
14435,3.46424,3.57376144228367
14436,3.46448,3.12857767381007
14437,3.46472,2.83872506541388
14438,3.46496,3.54760228889594
14439,3.4652,3.28024287595687
14440,3.46544,2.57988876654305
14441,3.46568,3.67756732457568
14442,3.46592,2.86570254485251
14443,3.46616,2.47070151145719
14444,3.4664,3.50798542636792
14445,3.46664,2.41159032892431
14446,3.46688,2.91964637712818
14447,3.46712,3.42257471586882
14448,3.46736,3.44974660781375
14449,3.4676,2.3289159351842
14450,3.46784,2.92475655894935
14451,3.46808,3.631973183537
14452,3.46832,2.43397479591272
14453,3.46856,2.50743199635285
14454,3.4688,3.29713861978897
14455,3.46904,2.64695812922231
14456,3.46928,2.424933816068
14457,3.46952,3.28657010870903
14458,3.46976,2.9422228909449
14459,3.47,2.42274281165579
14460,3.47024,3.35679403919001
14461,3.47048,2.72283085148899
14462,3.47072,2.51857751837484
14463,3.47096,3.63370853608627
14464,3.4712,2.12824597845559
14465,3.47144,2.7239044903525
14466,3.47168,2.94301710736568
14467,3.47192,2.01577480008926
14468,3.47216,3.15006235101577
14469,3.4724,2.48102380517215
14470,3.47264,2.35715092131992
14471,3.47288,3.06766832735866
14472,3.47312,1.8959359357574
14473,3.47336,2.21647695291187
14474,3.4736,3.00108821299528
14475,3.47384,1.89939925680288
14476,3.47408,2.05655621963679
14477,3.47432,2.79403714555932
14478,3.47456,1.88355711176735
14479,3.4748,1.87418973282715
14480,3.47504,2.44738246950594
14481,3.47528,1.26371030655679
14482,3.47552,2.51663343329312
14483,3.47576,2.19206432597581
14484,3.476,1.31760184067595
14485,3.47624,2.3990240332641
14486,3.47648,1.91017559431621
14487,3.47672,1.23568749008905
14488,3.47696,0.964916142055842
14489,3.4772,1.78283085074013
14490,3.47744,1.87625200759652
14491,3.47768,0.910193288583871
14492,3.47792,0.843299907658496
14493,3.47816,1.9753104825661
14494,3.4784,1.42623993484755
14495,3.47864,0.818497149855942
14496,3.47888,1.65738310654879
14497,3.47912,0.934391447225496
14498,3.47936,0.274588889055759
14499,3.4796,1.29562160314797
14500,3.47984,0.515658413175653
14501,3.48008,0.149953057714453
14502,3.48032,1.1059796486316
14503,3.48056,0.382376359313408
14504,3.4808,0.0732000922637206
14505,3.48104,0.603937175202713
14506,3.48128,0.176743402075601
14507,3.48152,0.272540871015761
14508,3.48176,0.482573344432897
14509,3.482,-0.249953502296694
14510,3.48224,0.248779406709149
14511,3.48248,0.135215720887561
14512,3.48272,-0.664525179482029
14513,3.48296,0.229707555806134
14514,3.4832,-0.438938409421864
14515,3.48344,-0.715385326299526
14516,3.48368,-0.156427408458023
14517,3.48392,-0.776586982154884
14518,3.48416,-0.666644730431631
14519,3.4844,-0.311525742326827
14520,3.48464,-0.782605418467965
14521,3.48488,-0.764176934314427
14522,3.48512,-0.870622780753757
14523,3.48536,-0.83230278137563
14524,3.4856,-1.02942738102212
14525,3.48584,-1.22822223400513
14526,3.48608,-0.930056861231639
14527,3.48632,-1.10904652278906
14528,3.48656,-1.17354313518344
14529,3.4868,-1.58350642391131
14530,3.48704,-1.38969146427155
14531,3.48728,-1.79586064522342
14532,3.48752,-1.24184861895834
14533,3.48776,-1.88835394800147
14534,3.488,-1.33267725295531
14535,3.48824,-1.73791375639603
14536,3.48848,-1.78104398277021
14537,3.48872,-1.70366180690003
14538,3.48896,-1.86733333624708
14539,3.4892,-2.27612393228713
14540,3.48944,-1.83973438987865
14541,3.48968,-1.52801111015897
14542,3.48992,-2.4323478915024
14543,3.49016,-2.24516567517824
14544,3.4904,-1.71054988727809
14545,3.49064,-2.62902650533171
14546,3.49088,-2.57700256628632
14547,3.49112,-2.1870026508466
14548,3.49136,-2.52724719636903
14549,3.4916,-2.49611112252763
14550,3.49184,-2.3740200019601
14551,3.49208,-2.60945736152275
14552,3.49232,-2.25071247672311
14553,3.49256,-2.87874007202226
14554,3.4928,-2.53610834803048
14555,3.49304,-2.21967392357202
14556,3.49328,-3.24115004981144
14557,3.49352,-2.5654919079866
14558,3.49376,-2.17043281876537
14559,3.494,-3.23056892229937
14560,3.49424,-2.96082617648853
14561,3.49448,-2.48528737011174
14562,3.49472,-3.34942676648805
14563,3.49496,-2.88252690633735
14564,3.4952,-2.45187124260992
14565,3.49544,-3.0200554009528
14566,3.49568,-3.68077100112775
14567,3.49592,-2.57050094954763
14568,3.49616,-3.18708120159243
14569,3.4964,-3.78308041123735
14570,3.49664,-2.84508125107827
14571,3.49688,-2.31471831118534
14572,3.49712,-3.72844787512385
14573,3.49736,-3.08111255424809
14574,3.4976,-2.61031436206008
14575,3.49784,-3.11675466282917
14576,3.49808,-3.62314313708336
14577,3.49832,-2.93647940804739
14578,3.49856,-2.91237735232663
14579,3.4988,-3.48926084754052
14580,3.49904,-3.34669224229982
14581,3.49928,-2.54291757900707
14582,3.49952,-3.32048570255028
14583,3.49976,-3.13253800332579
14584,3.5,-2.52281573075821
14585,3.50024,-3.36417066183658
14586,3.50048,-2.76504545029388
14587,3.50072,-2.4723747936682
14588,3.50096,-3.50445365783825
14589,3.5012,-2.38156127832404
14590,3.50144,-2.64930562100418
14591,3.50168,-3.50202509390164
14592,3.50192,-1.98504301922389
14593,3.50216,-3.03838211758826
14594,3.5024,-2.75356172145638
14595,3.50264,-2.17540931155456
14596,3.50288,-3.40569891711426
14597,3.50312,-2.24226166703845
14598,3.50336,-2.46443319786648
14599,3.5036,-3.03367266548126
14600,3.50384,-1.72406267949141
14601,3.50408,-2.73815461833926
14602,3.50432,-2.42174364125361
14603,3.50456,-1.92513319097447
14604,3.5048,-2.87086910840458
14605,3.50504,-1.92055975488539
14606,3.50528,-2.10895788514131
14607,3.50552,-2.75602661201411
14608,3.50576,-1.87722543942529
14609,3.506,-1.5399024393114
14610,3.50624,-2.75157551588122
14611,3.50648,-1.58447621569652
14612,3.50672,-2.14884198303231
14613,3.50696,-2.22240570953549
14614,3.5072,-1.37730281522104
14615,3.50744,-1.1892425538444
14616,3.50768,-1.70394433542489
14617,3.50792,-0.585588923470778
14618,3.50816,-1.54208253096568
14619,3.5084,-1.53185138928092
14620,3.50864,-2.36739918517626
14621,3.50888,-0.366509460792933
14622,3.50912,-1.40822326167182
14623,3.50936,-1.48170864823044
14624,3.5096,-0.728254304089221
14625,3.50984,-0.51451183065885
14626,3.51008,-1.37813138335496
14627,3.51032,-0.804271124711468
14628,3.51056,-0.168521861106858
14629,3.5108,-1.21896813498692
14630,3.51104,-0.704083791604127
14631,3.51128,0.00129750817629182
14632,3.51152,-0.7442744272297
14633,3.51176,-0.527672847222422
14634,3.512,0.00695517921349409
14635,3.51224,-1.02136948810168
14636,3.51248,-0.021756464339943
14637,3.51272,0.103170875037054
14638,3.51296,-0.724324077680173
14639,3.5132,0.342204075960777
14640,3.51344,0.190350860268605
14641,3.51368,-0.319887713140155
14642,3.51392,0.57931195979866
14643,3.51416,0.145555143490845
14644,3.5144,-0.0453574768582812
14645,3.51464,0.460634827439554
14646,3.51488,0.484887636194239
14647,3.51512,0.254121302228772
14648,3.51536,0.967553068767385
14649,3.5156,0.8338302957832
14650,3.51584,0.462967825342826
14651,3.51608,1.15047064963734
14652,3.51632,0.998446209514788
14653,3.51656,0.836613784032017
14654,3.5168,1.38228113548811
14655,3.51704,1.33576874552285
14656,3.51728,1.02984266901805
14657,3.51752,1.68283740494159
14658,3.51776,1.26461958721951
14659,3.518,1.42996698179552
14660,3.51824,1.71208824614594
14661,3.51848,1.3947365786121
14662,3.51872,1.7997642716382
14663,3.51896,1.48302615660072
14664,3.5192,2.00800318941078
14665,3.51944,1.69118523192875
14666,3.51968,1.73095130885794
14667,3.51992,2.01674110856835
14668,3.52016,1.94503517521319
14669,3.5204,1.99094160552582
14670,3.52064,1.92602296479083
14671,3.52088,2.46962418158315
14672,3.52112,2.40320300229576
14673,3.52136,2.11691882373367
14674,3.5216,2.43604522592715
14675,3.52184,2.38634589340582
14676,3.52208,2.24211874844774
14677,3.52232,2.81847214549186
14678,3.52256,2.43098686393487
14679,3.5228,2.19319322449672
14680,3.52304,2.78810497399822
14681,3.52328,2.55494645114614
14682,3.52352,2.58442506012629
14683,3.52376,2.60555475187012
14684,3.524,2.65870833389776
14685,3.52424,2.8353454337581
14686,3.52448,2.53534533433162
14687,3.52472,2.99207974909441
14688,3.52496,2.71891902727963
14689,3.5252,2.59213162456362
14690,3.52544,3.68691926357126
14691,3.52568,2.96399360427382
14692,3.52592,2.64451830264171
14693,3.52616,3.43916533553475
14694,3.5264,3.36740681603585
14695,3.52664,2.3751452217303
14696,3.52688,3.22443807177966
14697,3.52712,3.32628968743389
14698,3.52736,2.38773037010529
14699,3.5276,3.29286139893452
14700,3.52784,3.44909336454548
14701,3.52808,2.79968637588342
14702,3.52832,2.44390391622698
14703,3.52856,3.17793793063045
14704,3.5288,3.66340006525697
14705,3.52904,2.38908476006424
14706,3.52928,3.19049527613105
14707,3.52952,3.14001011633134
14708,3.52976,2.66305186245845
14709,3.53,3.39531136130194
14710,3.53024,3.52399908916969
14711,3.53048,2.5049887691565
14712,3.53072,3.19493623967208
14713,3.53096,3.27563670352484
14714,3.5312,2.3328801437143
14715,3.53144,3.10100415956837
14716,3.53168,3.2530413583669
14717,3.53192,2.14232188181637
14718,3.53216,2.98243177521226
14719,3.5324,3.0904590501388
14720,3.53264,2.29528242688553
14721,3.53288,3.31496997571123
14722,3.53312,2.65687168125085
14723,3.53336,2.42597625942079
14724,3.5336,3.38903815621075
14725,3.53384,2.09950742538982
14726,3.53408,2.66614851492295
14727,3.53432,2.97209539048791
14728,3.53456,1.77021900039204
14729,3.5348,2.52910610898239
14730,3.53504,2.79428788034394
14731,3.53528,1.67117779155589
14732,3.53552,2.85856188044458
14733,3.53576,2.23803989065308
14734,3.536,1.44512525675172
14735,3.53624,2.82532327532993
14736,3.53648,2.27690362010491
14737,3.53672,1.30724604271788
14738,3.53696,2.53072977272284
14739,3.5372,2.05632129147626
14740,3.53744,1.16191834863583
14741,3.53768,2.55786294361751
14742,3.53792,1.56474000357128
14743,3.53816,1.11591505367983
14744,3.5384,2.09861986078556
14745,3.53864,0.958849018397127
14746,3.53888,1.0580217779802
14747,3.53912,1.87925747570248
14748,3.53936,1.26364784356463
14749,3.5396,0.828296808598977
14750,3.53984,1.83755499673067
14751,3.54008,1.52332596958313
14752,3.54032,0.430915233984017
14753,3.54056,1.27639342076654
14754,3.5408,1.39095435717761
14755,3.54104,0.225610761175087
14756,3.54128,1.24682070831973
14757,3.54152,1.0602290832168
14758,3.54176,-0.0383988843668697
14759,3.542,1.04191899227848
14760,3.54224,0.671797044484587
14761,3.54248,-0.013335111570036
14762,3.54272,0.988521192043665
14763,3.54296,0.0786627236048578
14764,3.5432,0.0477041083280965
14765,3.54344,0.729296287475008
14766,3.54368,-0.36178193043144
14767,3.54392,0.00452092831851614
14768,3.54416,0.135824076661626
14769,3.5444,-0.184166279090472
14770,3.54464,-0.0307216288434777
14771,3.54488,-0.0913194195715525
14772,3.54512,-0.611053678363157
14773,3.54536,-0.297741428499288
14774,3.5456,-0.56308002019948
14775,3.54584,-0.693658490938857
14776,3.54608,-0.709081729070117
14777,3.54632,-0.696596293151545
14778,3.54656,-0.683248462444489
14779,3.5468,-1.02668389532668
14780,3.54704,-0.868608174298755
14781,3.54728,-0.953613382352986
14782,3.54752,-1.3918459258894
14783,3.54776,-0.97437416319008
14784,3.548,-0.926799715607129
14785,3.54824,-1.46293189770298
14786,3.54848,-1.15028446802878
14787,3.54872,-1.32891030026996
14788,3.54896,-1.36967954342917
14789,3.5492,-1.77425938518204
14790,3.54944,-1.45927173527168
14791,3.54968,-1.86326918395342
14792,3.54992,-1.54800973586174
14793,3.55016,-1.95251701445799
14794,3.5504,-1.7577099392227
14795,3.55064,-1.79902623764477
14796,3.55088,-2.08674867047892
14797,3.55112,-2.25717916467761
14798,3.55136,-1.94408718482805
14799,3.5516,-2.36273131593126
14800,3.55184,-2.06001676492844
14801,3.55208,-1.99959635570385
14802,3.55232,-2.43745091190822
14803,3.55256,-2.27065054093568
14804,3.5528,-1.99158062078645
14805,3.55304,-2.68995714314029
14806,3.55328,-2.17858105937192
14807,3.55352,-2.41311562184989
14808,3.55376,-3.12756255151395
14809,3.554,-2.04396205465516
14810,3.55424,-2.79312653411108
14811,3.55448,-3.04645553887249
14812,3.55472,-2.12365314621186
14813,3.55496,-3.14153393834569
14814,3.5552,-2.9465106480523
14815,3.55544,-2.19204049964238
14816,3.55568,-3.24209763242691
14817,3.55592,-3.08657573747339
14818,3.55616,-2.25358121876897
14819,3.5564,-3.35127447007844
14820,3.55664,-3.00138912986355
14821,3.55688,-2.21416792715344
14822,3.55712,-3.35975649090837
14823,3.55736,-2.70659368270681
14824,3.5576,-3.05701168325944
14825,3.55784,-3.86980701532504
14826,3.55808,-2.54789136985428
14827,3.55832,-2.83802637916616
14828,3.55856,-3.35195030953381
14829,3.5588,-2.45760509704658
14830,3.55904,-3.74884764429567
14831,3.55928,-2.41065055921052
14832,3.55952,-2.92031533850102
14833,3.55976,-3.42723293834102
14834,3.56,-3.81308373049912
14835,3.56024,-2.32174037681501
14836,3.56048,-2.91938666461264
14837,3.56072,-3.51054304144216
14838,3.56096,-2.7858709240292
14839,3.5612,-2.84593857751794
14840,3.56144,-3.50837606292559
14841,3.56168,-2.73230792542392
14842,3.56192,-2.74543858911638
14843,3.56216,-3.7127895965159
14844,3.5624,-2.18402600911086
14845,3.56264,-2.98760324060015
14846,3.56288,-3.53599523986601
14847,3.56312,-1.96866233696424
14848,3.56336,-2.9638611349374
14849,3.5636,-2.8646108756268
14850,3.56384,-2.22738427439767
14851,3.56408,-3.40157138185595
14852,3.56432,-2.41539521681268
14853,3.56456,-2.57662613019944
14854,3.5648,-3.08644445834351
14855,3.56504,-1.72002237180198
14856,3.56528,-2.91260486060591
14857,3.56552,-2.6543310221249
14858,3.56576,-1.9772863110647
14859,3.566,-3.10586074756447
14860,3.56624,-1.97436755182447
14861,3.56648,-2.46011618097702
14862,3.56672,-2.44606460853538
14863,3.56696,-1.41187632991982
14864,3.5672,-2.44101052340674
14865,3.56744,-2.26041317869264
14866,3.56768,-1.298632081964
14867,3.56792,-2.6309726477708
14868,3.56816,-1.82060494550697
14869,3.5684,-1.90094147091839
14870,3.56864,-2.20777590266354
14871,3.56888,-1.35443370387595
14872,3.56912,-2.45621153085886
14873,3.56936,-1.76161072064338
14874,3.5696,-1.24625213637585
14875,3.56984,-1.22278159246251
14876,3.57008,-2.16455172183773
14877,3.57032,-1.54778504682767
14878,3.57056,-1.11733790427024
14879,3.5708,-1.17130564614359
14880,3.57104,-2.07122667069382
14881,3.57128,-0.25087434804249
14882,3.57152,-1.10307833288573
14883,3.57176,-1.70721619940876
14884,3.572,-0.183451025248591
14885,3.57224,-1.09218625726675
14886,3.57248,-0.913362798531032
14887,3.57272,-0.0607468295122195
14888,3.57296,-0.784144529812754
14889,3.5732,-1.01931807105599
14890,3.57344,0.144395375233105
14891,3.57368,-0.7574961676544
14892,3.57392,-0.80660955310042
14893,3.57416,0.307819300090623
14894,3.5744,-0.397279436949545
14895,3.57464,-0.375133083922472
14896,3.57488,0.4503325348701
14897,3.57512,-0.291858542226351
14898,3.57536,0.0424207006109376
14899,3.5756,0.464582311379808
14900,3.57584,0.290167811590806
14901,3.57608,0.330981928493074
14902,3.57632,0.12252771145882
14903,3.57656,0.392810963158041
14904,3.5768,1.1151509479423
14905,3.57704,0.0374828807729179
14906,3.57728,0.516986190845542
14907,3.57752,1.21492600932047
14908,3.57776,0.835852472240556
14909,3.578,1.0377533257805
14910,3.57824,0.751398240465941
14911,3.57848,0.953362487952462
14912,3.57872,1.37534987802102
14913,3.57896,1.20317281754163
14914,3.5792,1.4982986323236
14915,3.57944,1.42684781876097
14916,3.57968,1.24341331104802
14917,3.57992,1.2914951266624
14918,3.58016,1.45397534785868
14919,3.5804,1.85708649072696
14920,3.58064,1.42021977949422
14921,3.58088,1.46063118146884
14922,3.58112,1.86536341162615
14923,3.58136,2.14602661427371
14924,3.5816,1.94923148655575
14925,3.58184,1.99981769815451
14926,3.58208,2.29072704881464
14927,3.58232,2.09426210531735
14928,3.58256,2.27317247928265
14929,3.5828,2.21447306524576
14930,3.58304,2.15322408887523
14931,3.58328,2.47184257697653
14932,3.58352,2.30623307569352
14933,3.58376,1.90821487841534
14934,3.584,2.61163356507514
14935,3.58424,2.58354079960591
14936,3.58448,1.97114805308893
14937,3.58472,2.94117734136552
14938,3.58496,2.5750656910216
14939,3.5852,2.24159571163739
14940,3.58544,3.23582891489544
14941,3.58568,2.54159396451044
14942,3.58592,2.60912187042669
14943,3.58616,3.26638070609521
14944,3.5864,2.13714293745016
14945,3.58664,2.96356773795123
14946,3.58688,2.93445600779051
14947,3.58712,2.34080385303199
14948,3.58736,3.08646504679615
14949,3.5876,2.86278109248066
14950,3.58784,2.67939006483295
14951,3.58808,3.71495126971206
14952,3.58832,2.46431227663532
14953,3.58856,2.58761644474639
14954,3.5888,3.05204556366246
14955,3.58904,2.70506657774996
14956,3.58928,3.83388236816108
14957,3.58952,3.14243273390585
14958,3.58976,2.62100811961204
14959,3.59,3.33759377206339
14960,3.59024,2.83202360757432
14961,3.59048,2.74559313331975
14962,3.59072,3.26525062907012
14963,3.59096,3.30599963553032
14964,3.5912,2.55704945191289
14965,3.59144,3.2641789824225
14966,3.59168,3.72849430351139
14967,3.59192,2.31292691862835
14968,3.59216,2.98453043599237
14969,3.5924,3.76517088671476
14970,3.59264,2.40277384541499
14971,3.59288,3.01880655990102
14972,3.59312,3.5072560613291
14973,3.59336,2.23253744269199
14974,3.5936,2.92433844062498
14975,3.59384,3.36187834251126
14976,3.59408,2.04562552766385
14977,3.59432,3.04700409607787
14978,3.59456,3.07626747178147
14979,3.5948,2.08334793270416
14980,3.59504,3.26994611840254
14981,3.59528,2.65344062051611
14982,3.59552,2.22483188471759
14983,3.59576,3.47500348457083
14984,3.596,2.22125499352367
14985,3.59624,2.58807084261408
14986,3.59648,2.93589899713474
14987,3.59672,1.77435091588888
14988,3.59696,2.92678469084692
14989,3.5972,2.27298327262691
14990,3.59744,1.68806082967542
14991,3.59768,3.14413766263582
14992,3.59792,2.08674674814247
14993,3.59816,1.45393457832365
14994,3.5984,2.62440754435073
14995,3.59864,1.66177901610245
14996,3.59888,1.94927204147305
14997,3.59912,2.21846600380118
14998,3.59936,1.21492241821009
14999,3.5996,2.51200720491763
15000,3.59984,1.77324762245336
15001,3.60008,1.56651682541894
15002,3.60032,1.95651026062906
15003,3.60056,1.20688005510774
15004,3.6008,1.19147950673348
15005,3.60104,2.14084031058313
15006,3.60128,1.65243261578413
15007,3.60152,1.10711947064734
15008,3.60176,1.17095967545641
15009,3.602,2.07716639811898
15010,3.60224,0.263060475290984
15011,3.60248,1.24362084175517
15012,3.60272,1.25314209365083
15013,3.60296,0.209717426583001
15014,3.6032,0.663003087146634
15015,3.60344,0.864579240850706
15016,3.60368,0.23561730127304
15017,3.60392,0.496234676504527
15018,3.60416,0.630346961014569
15019,3.6044,0.660545494863605
15020,3.60464,0.364684439936131
15021,3.60488,0.543394076565513
15022,3.60512,0.15320870366834
15023,3.60536,0.26060151052898
15024,3.6056,-0.113758767942591
15025,3.60584,-0.0884440749240071
15026,3.60608,-0.178877522549883
15027,3.60632,0.0912775871132772
15028,3.60656,-0.32733989907751
15029,3.6068,-0.141556635587202
15030,3.60704,-0.549999169623177
15031,3.60728,-0.450211422642114
15032,3.60752,-0.239669701650279
15033,3.60776,-0.970185034834838
15034,3.608,-0.360178702481276
15035,3.60824,-0.480153726545387
15036,3.60848,-1.17825534468168
15037,3.60872,-1.0277039127467
15038,3.60896,-0.634771198986172
15039,3.6092,-1.07205780228375
15040,3.60944,-1.02498784905397
15041,3.60968,-1.45088133402104
15042,3.60992,-1.02481254039356
15043,3.61016,-1.32899092854989
15044,3.6104,-1.37820985986956
15045,3.61064,-1.66398672890439
15046,3.61088,-1.35268532276631
15047,3.61112,-1.75955556996367
15048,3.61136,-1.32191423203995
15049,3.6116,-1.84281674886018
15050,3.61184,-1.64864216040084
15051,3.61208,-2.29134270893713
15052,3.61232,-1.84982844563555
15053,3.61256,-1.65786955818521
15054,3.6128,-2.06804907620607
15055,3.61304,-1.99174680540707
15056,3.61328,-2.40769980417811
15057,3.61352,-2.10434660887534
15058,3.61376,-1.80100384910838
15059,3.614,-2.11809111359822
15060,3.61424,-2.78995106675348
15061,3.61448,-2.38172518960939
15062,3.61472,-1.99896352642819
15063,3.61496,-2.81495233956058
15064,3.6152,-2.43005023760269
15065,3.61544,-2.43196347885732
15066,3.61568,-2.66297763712754
15067,3.61592,-2.55955122823203
15068,3.61616,-2.82424417111222
15069,3.6164,-2.48893038348392
15070,3.61664,-2.90578101470302
15071,3.61688,-2.71420923584672
15072,3.61712,-2.54390734267817
15073,3.61736,-3.35526981377544
15074,3.6176,-2.59742265241484
15075,3.61784,-2.96005924777898
15076,3.61808,-3.43856998371454
15077,3.61832,-2.49451696901681
15078,3.61856,-3.26947648546896
15079,3.6188,-3.42270536558865
15080,3.61904,-2.64218577710528
15081,3.61928,-2.86645342012636
15082,3.61952,-3.80153164002809
15083,3.61976,-2.8296345942949
15084,3.62,-2.5067200595891
15085,3.62024,-3.50894161147131
15086,3.62048,-3.42545154820538
15087,3.62072,-2.18976612501154
15088,3.62096,-3.61402239689039
15089,3.6212,-3.1078633427726
15090,3.62144,-2.54654559570841
15091,3.62168,-3.19811971172464
15092,3.62192,-3.48880346180278
15093,3.62216,-2.38180472713981
15094,3.6224,-2.99020678953473
15095,3.62264,-3.71072653740525
15096,3.62288,-2.29934443136608
15097,3.62312,-2.97580340443042
15098,3.62336,-3.04052086053114
15099,3.6236,-2.4401581652101
15100,3.62384,-3.18092938037078
15101,3.62408,-3.42991011677306
15102,3.62432,-2.04981122210661
15103,3.62456,-2.98730270524933
15104,3.6248,-3.43059151814227
15105,3.62504,-2.11995334901562
15106,3.62528,-3.12495008693565
15107,3.62552,-2.91816944800807
15108,3.62576,-2.05652489732425
15109,3.626,-3.25320427225964
15110,3.62624,-2.52115744613098
15111,3.62648,-2.22352377974414
15112,3.62672,-3.48101691804307
15113,3.62696,-2.11328230957526
15114,3.6272,-2.60870006080768
15115,3.62744,-3.08187698739392
15116,3.62768,-2.03813034746776
15117,3.62792,-2.49157132615373
15118,3.62816,-2.56755644831911
15119,3.6284,-1.37667149740167
15120,3.62864,-2.61666630771154
15121,3.62888,-2.52509387804202
15122,3.62912,-1.52260037286291
15123,3.62936,-2.48093425922968
15124,3.6296,-2.34293877460862
15125,3.62984,-1.41570542303433
15126,3.63008,-2.43845509061869
15127,3.63032,-2.25084088717384
15128,3.63056,-1.39138271566771
15129,3.6308,-1.42766052831932
15130,3.63104,-2.1598013649013
15131,3.63128,-0.657920630686148
15132,3.63152,-1.47688268447722
15133,3.63176,-1.4521027809889
15134,3.632,-0.725146022866744
15135,3.63224,-1.00477438713412
15136,3.63248,-2.00644423236443
15137,3.63272,-1.33059861497253
15138,3.63296,-0.837486690850469
15139,3.6332,-1.06802384126101
15140,3.63344,-1.78210534972704
15141,3.63368,-0.498445600138971
15142,3.63392,-1.03340672752328
15143,3.63416,-0.491892205804032
15144,3.6344,-0.243852692462855
15145,3.63464,-0.960385014091482
15146,3.63488,-0.472399180995216
15147,3.63512,-0.0305450950466404
15148,3.63536,-0.909574633705369
15149,3.6356,0.118742354566219
15150,3.63584,-0.338812501158114
15151,3.63608,-0.785183426162579
15152,3.63632,0.0783513738037056
15153,3.63656,0.186300088759313
15154,3.6368,-0.42145916952293
15155,3.63704,0.503831539599376
15156,3.63728,0.0997897530489558
15157,3.63752,0.0498638227241384
15158,3.63776,0.450979942602835
15159,3.638,0.255977682242463
15160,3.63824,0.762059884716903
15161,3.63848,0.407574509014912
15162,3.63872,0.423813586382075
15163,3.63896,1.13757795662566
15164,3.6392,0.277692482676185
15165,3.63944,0.502927902339557
15166,3.63968,1.18825327657253
15167,3.63992,1.03350746899742
15168,3.64016,0.750636918063426
15169,3.6404,1.17845025778862
15170,3.64064,1.36090938322307
15171,3.64088,1.17998026273033
15172,3.64112,1.47185419441507
15173,3.64136,1.16909683402676
15174,3.6416,1.45486964707592
15175,3.64184,1.37740568941634
15176,3.64208,1.78313661453288
15177,3.64232,1.46532531742412
15178,3.64256,1.74105352498277
15179,3.6428,1.7858365051152
15180,3.64304,2.18789380724467
15181,3.64328,1.86812968344547
15182,3.64352,1.79879449776479
15183,3.64376,2.32603569181336
15184,3.644,2.13477279085288
15185,3.64424,1.83511366367719
15186,3.64448,2.37216555593448
15187,3.64472,2.07263053618964
15188,3.64496,2.50895623593806
15189,3.6452,2.22142121100992
15190,3.64544,2.18020107094536
15191,3.64568,2.39730266859723
15192,3.64592,2.4891091421964
15193,3.64616,2.47670324650595
15194,3.6464,2.47466344067699
15195,3.64664,2.35064681645247
15196,3.64688,2.6178260407572
15197,3.64712,3.11757052524753
15198,3.64736,2.07103327575901
15199,3.6476,3.09000290563685
15200,3.64784,2.89687326567764
15201,3.64808,2.50412511615761
15202,3.64832,3.18640513453755
15203,3.64856,2.44052986471821
15204,3.6488,2.93005548641756
15205,3.64904,2.92500165335468
15206,3.64928,2.59605730396524
15207,3.64952,3.49193801473508
15208,3.64976,3.16743515003975
15209,3.65,2.87922461416547
15210,3.65024,3.70719132194803
15211,3.65048,2.96126085046751
15212,3.65072,2.7443939546185
15213,3.65096,3.71761585311885
15214,3.6512,2.54956269703295
15215,3.65144,2.63793331072557
15216,3.65168,3.31187331114279
15217,3.65192,2.34629235224481
15218,3.65216,2.85848166013854
15219,3.6524,3.36783136038264
15220,3.65264,3.63746932141329
15221,3.65288,2.50695741899724
15222,3.65312,3.09840453801315
15223,3.65336,3.7979139796586
15224,3.6536,2.35985929147514
15225,3.65384,2.90517358822203
15226,3.65408,3.7967434441638
15227,3.65432,2.19218997978291
15228,3.65456,3.0431838229062
15229,3.6548,3.52252397082975
15230,3.65504,2.23587492908067
15231,3.65528,2.92231108848553
15232,3.65552,3.35440206715409
15233,3.65576,2.26247264665898
15234,3.656,2.90223239199765
15235,3.65624,3.04258031190207
15236,3.65648,2.15917175448284
15237,3.65672,3.21901242596162
15238,3.65696,2.47508695416685
15239,3.6572,2.51744715193651
15240,3.65744,3.15306549370281
15241,3.65768,1.90568705942179
15242,3.65792,2.74430709873458
15243,3.65816,2.72558730632063
15244,3.6584,1.80684603145063
15245,3.65864,3.18162796065983
15246,3.65888,2.27735199714853
15247,3.65912,1.68467799991866
15248,3.65936,2.77439627793418
15249,3.6596,2.18751332446881
15250,3.65984,1.30368313837407
15251,3.66008,2.71652498534954
15252,3.66032,2.19808781572401
15253,3.66056,1.26263030147488
15254,3.6608,2.39927752216351
15255,3.66104,2.31333326170269
15256,3.66128,1.43710838670838
15257,3.66152,1.33895684673997
15258,3.66176,2.29830119170122
15259,3.662,1.60394193068936
15260,3.66224,1.09008845820069
15261,3.66248,1.54616417822605
15262,3.66272,2.00110018462796
15263,3.66296,1.14955073094731
15264,3.6632,0.960786486934957
15265,3.66344,1.49519284372053
15266,3.66368,1.6707389255905
15267,3.66392,0.822892409053132
15268,3.66416,0.948295838051536
15269,3.6644,1.67235258089506
15270,3.66464,0.758002281904087
15271,3.66488,0.93980527514139
15272,3.66512,0.642530026216358
15273,3.66536,0.0296570909471676
15274,3.6656,1.11128926966687
15275,3.66584,0.625516535370839
15276,3.66608,-0.169447745994058
15277,3.66632,0.722780417345959
15278,3.66656,0.0539905612414364
15279,3.6668,0.0315718458815677
15280,3.66704,0.60260171501204
15281,3.66728,-0.371124704365972
15282,3.66752,0.367115434140374
15283,3.66776,0.135260607475512
15284,3.668,-0.781138980177103
15285,3.66824,0.352353600629676
15286,3.66848,-0.0730842821526085
15287,3.66872,-0.470279073727844
15288,3.66896,-0.393746465528455
15289,3.6692,-0.410729876167865
15290,3.66944,-0.421153861308392
15291,3.66968,-0.671187839136316
15292,3.66992,-0.658031110905923
15293,3.67016,-0.757696869027061
15294,3.6704,-0.743107318412483
15295,3.67064,-1.06615214942436
15296,3.67088,-0.901341539834511
15297,3.67112,-1.10198015755596
15298,3.67136,-1.16422354963556
15299,3.6716,-0.982118050302472
15300,3.67184,-1.0462893355088
15301,3.67208,-1.69792548202595
15302,3.67232,-1.14228362060718
15303,3.67256,-1.67310512741263
15304,3.6728,-1.35699988282531
15305,3.67304,-1.28246471590487
15306,3.67328,-1.32661133197225
15307,3.67352,-2.09039472762262
15308,3.67376,-1.40793396122674
15309,3.674,-1.81197481815299
15310,3.67424,-2.10107182186132
15311,3.67448,-1.78290377641768
15312,3.67472,-1.70876669828081
15313,3.67496,-2.36619178621947
15314,3.6752,-1.93912632076096
15315,3.67544,-1.75901405251186
15316,3.67568,-2.6717627890427
15317,3.67592,-2.2545080470443
15318,3.67616,-1.97490983665555
15319,3.6764,-2.6647122666806
15320,3.67664,-2.50637208628518
15321,3.67688,-2.13646919891382
15322,3.67712,-2.84268595230124
15323,3.67736,-2.47434731036319
15324,3.6776,-2.61457017573625
15325,3.67784,-2.62296032783906
15326,3.67808,-2.53510072252202
15327,3.67832,-2.94102460193474
15328,3.67856,-2.61998907783739
15329,3.6788,-2.81558992581238
15330,3.67904,-3.13405304409661
15331,3.67928,-2.37769111955768
15332,3.67952,-2.98184600407094
15333,3.67976,-3.32760589636361
15334,3.68,-2.14089058770766
15335,3.68024,-3.2641578561297
15336,3.68048,-3.05289153842851
15337,3.68072,-2.64205207899947
15338,3.68096,-3.46098489545423
15339,3.6812,-3.05673253448784
15340,3.68144,-2.69142458752153
15341,3.68168,-3.80153023296819
15342,3.68192,-3.09187152474074
15343,3.68216,-2.55357540975312
15344,3.6824,-3.09585841339381
15345,3.68264,-2.46591287827662
15346,3.68288,-2.72232191576189
15347,3.68312,-3.45965277370291
15348,3.68336,-2.87090085651863
15349,3.6836,-2.70882249184703
15350,3.68384,-3.38762492394936
15351,3.68408,-3.70607111123418
15352,3.68432,-2.38711105681788
15353,3.68456,-3.03095251028785
15354,3.6848,-3.78368798787223
15355,3.68504,-2.28070300285297
15356,3.68528,-2.76509143578564
15357,3.68552,-3.59746599791019
15358,3.68576,-2.64030134544799
15359,3.686,-2.5906742237507
15360,3.68624,-3.49685238066307
15361,3.68648,-2.49556788760576
15362,3.68672,-2.52245908400993
15363,3.68696,-3.61932546647028
15364,3.6872,-2.09791214705238
15365,3.68744,-2.91435867899531
15366,3.68768,-2.87088654858746
15367,3.68792,-2.04956987771032
15368,3.68816,-3.28515724405016
15369,3.6884,-2.35859803371236
15370,3.68864,-2.34154567935472
15371,3.68888,-2.91513276758315
15372,3.68912,-1.73026600974834
15373,3.68936,-2.39233701628403
15374,3.6896,-2.79573815121774
15375,3.68984,-1.56458721393892
15376,3.69008,-2.65467580546146
15377,3.69032,-2.40899677148073
15378,3.69056,-1.38172324889859
15379,3.6908,-2.66564501995141
15380,3.69104,-2.37212939709324
15381,3.69128,-1.41452572442188
15382,3.69152,-2.53014142214113
15383,3.69176,-2.07210902161028
15384,3.692,-1.43487353065858
15385,3.69224,-2.48561265259915
15386,3.69248,-1.74811169291257
15387,3.69272,-0.941271091253622
15388,3.69296,-1.84008159113349
15389,3.6932,-1.29250834682193
15390,3.69344,-1.04634018521308
15391,3.69368,-1.88658928602293
15392,3.69392,-1.64402939790966
15393,3.69416,-0.978418208867414
15394,3.6944,-1.40080965495041
15395,3.69464,-1.23427634095498
15396,3.69488,-0.638440460222115
15397,3.69512,-1.24590200999065
15398,3.69536,-1.61219212354043
15399,3.6956,-0.704483947296406
15400,3.69584,-0.888669684762826
15401,3.69608,-0.717240289943206
15402,3.69632,-0.351375592284082
15403,3.69656,-0.952391629749162
15404,3.6968,-0.473351921201385
15405,3.69704,0.0760929498750968
15406,3.69728,-0.696663268462611
15407,3.69752,-0.516016184390882
15408,3.69776,-0.014436393190743
15409,3.698,-0.349240593700258
15410,3.69824,-0.104458781661078
15411,3.69848,0.114270676695285
15412,3.69872,-0.0220713081934882
15413,3.69896,0.291296495517956
15414,3.6992,0.471023957101242
15415,3.69944,0.172233053202512
15416,3.69968,0.326593053891543
15417,3.69992,0.360793536441178
15418,3.70016,0.746849287765283
15419,3.7004,0.50597407065575
15420,3.70064,0.511397110242293
15421,3.70088,1.10263247814665
15422,3.70112,0.712254676539423
15423,3.70136,0.691876665788155
15424,3.7016,0.900046678367634
15425,3.70184,1.3298012490891
15426,3.70208,1.17266905888119
15427,3.70232,1.23531689916341
15428,3.70256,1.17105255528596
15429,3.7028,1.11279925965716
15430,3.70304,1.76455336383816
15431,3.70328,1.3256152930371
15432,3.70352,1.85041625154373
15433,3.70376,1.29419590194768
15434,3.704,1.93878900970144
15435,3.70424,1.50261985574569
15436,3.70448,1.90761297428501
15437,3.70472,1.8320837829661
15438,3.70496,1.75106036459686
15439,3.7052,2.03706029478008
15440,3.70544,1.96426112120374
15441,3.70568,1.8898053673186
15442,3.70592,2.42725667045104
15443,3.70616,2.00430457568691
15444,3.7064,1.58259436592581
15445,3.70664,2.50112153315573
15446,3.70688,2.44896527210259
15447,3.70712,1.68353086178451
15448,3.70736,2.50184475724554
15449,3.7076,2.58583852623766
15450,3.70784,2.33401714913029
15451,3.70808,2.68812618642051
15452,3.70832,2.43806776548122
15453,3.70856,2.8187331253758
15454,3.7088,2.59114530371295
15455,3.70904,2.50569022993009
15456,3.70928,3.27615626225374
15457,3.70952,2.35843979133895
15458,3.70976,2.322019760134
15459,3.71,3.24807377448727
15460,3.71024,2.85205639087547
15461,3.71048,2.49618856383367
15462,3.71072,2.85070890139113
15463,3.71096,2.63045768030351
15464,3.7112,3.40721081662423
15465,3.71144,2.95759165171368
15466,3.71168,2.5464815703981
15467,3.71192,3.01583697452757
15468,3.71216,3.70054626657121
15469,3.7124,2.38108718009015
15470,3.71264,3.59837120947776
15471,3.71288,3.37402493627501
15472,3.71312,2.35869038991188
15473,3.71336,2.94980405722302
15474,3.7136,2.91732657835671
15475,3.71384,2.57960250367101
15476,3.71408,3.09225816613927
15477,3.71432,3.48431155018421
15478,3.71456,2.71362913326648
15479,3.7148,3.40172644781882
15480,3.71504,2.65108076567057
15481,3.71528,2.57012496213438
15482,3.71552,3.32724690988444
15483,3.71576,3.00150188872934
15484,3.716,2.61840348118749
15485,3.71624,3.44119037146965
15486,3.71648,2.58892704344212
15487,3.71672,2.52541683632183
15488,3.71696,3.53846297864715
15489,3.7172,2.51692481816102
15490,3.71744,2.5266041383951
15491,3.71768,3.60983686326012
15492,3.71792,2.0732795247277
15493,3.71816,2.87393601942968
15494,3.7184,3.0544410537454
15495,3.71864,2.09015045220528
15496,3.71888,3.19372967465549
15497,3.71912,2.48817940305572
15498,3.71936,2.21247523794662
15499,3.7196,3.25532480537646
15500,3.71984,1.92034356062533
15501,3.72008,2.44706152364119
15502,3.72032,2.95253469364883
15503,3.72056,1.82226882600672
15504,3.7208,2.53873110747883
15505,3.72104,2.51433885279079
15506,3.72128,1.58661026394208
15507,3.72152,2.84536887084109
15508,3.72176,2.06137372805158
15509,3.722,1.09985278507987
15510,3.72224,2.79397369571725
15511,3.72248,1.96483351270319
15512,3.72272,1.436242098033
15513,3.72296,2.70366283650376
15514,3.7232,1.82247573265143
15515,3.72344,1.24021380596761
15516,3.72368,1.65668905627348
15517,3.72392,0.979092231099536
15518,3.72416,1.19769757387656
15519,3.7244,2.25314251403674
15520,3.72464,1.74702784955483
15521,3.72488,1.07086815865037
15522,3.72512,1.12561030289239
15523,3.72536,2.02164635168079
15524,3.7256,0.917470547868796
15525,3.72584,1.15170887598829
15526,3.72608,1.14861290539666
15527,3.72632,0.713537374668707
15528,3.72656,0.88646910751724
15529,3.7268,1.18213610132804
15530,3.72704,0.32043272930425
15531,3.72728,1.03344135094264
15532,3.72752,0.542090469198517
15533,3.72776,-0.140916968850093
15534,3.728,0.985367032779142
15535,3.72824,0.312294353613954
15536,3.72848,-0.0787282793517412
15537,3.72872,0.84671792962418
15538,3.72896,-0.00622977865128393
15539,3.7292,0.0037749580222306
15540,3.72944,-0.110992400139492
15541,3.72968,-0.19102854918537
15542,3.72992,0.0929359651755151
15543,3.73016,-0.340422855970277
15544,3.7304,-0.382065657693189
15545,3.73064,-0.29957175857303
15546,3.73088,-0.579547749137134
15547,3.73112,-0.826428177348908
15548,3.73136,-0.109191327688946
15549,3.7316,-0.595821416617367
15550,3.73184,-1.29649948791419
15551,3.73208,-0.916086043673878
15552,3.73232,-0.890385502337478
15553,3.73256,-0.966204793993548
15554,3.7328,-1.04311059153289
15555,3.73304,-1.23800382462402
15556,3.73328,-1.17839952762399
15557,3.73352,-1.58989329761447
15558,3.73376,-1.41625177444643
15559,3.734,-1.7025624001326
15560,3.73424,-1.26406628185875
15561,3.73448,-1.67293997825227
15562,3.73472,-1.59648115754626
15563,3.73496,-1.75803711445188
15564,3.7352,-1.44313715290164
15565,3.73544,-2.087207287866
15566,3.73568,-1.76643139711714
15567,3.73592,-2.05340834776517
15568,3.73616,-1.85661979427833
15569,3.7364,-1.77948727425654
15570,3.73664,-2.19600020930215
15571,3.73688,-2.12999574623608
15572,3.73712,-1.70549732060438
15573,3.73736,-2.38048164114414
15574,3.7376,-2.20519264198168
15575,3.73784,-1.67589375374819
15576,3.73808,-2.25102203408658
15577,3.73832,-2.93660193838415
15578,3.73856,-2.06745770524003
15579,3.7388,-2.30502516840472
15580,3.73904,-2.65414440873538
15581,3.73928,-2.41605951349526
15582,3.73952,-2.4401142625797
15583,3.73976,-2.57672498315083
15584,3.74,-2.86205639523408
15585,3.74024,-3.02567339042305
15586,3.74048,-2.36247086923461
15587,3.74072,-2.68939434850999
15588,3.74096,-2.88741969463033
15589,3.7412,-2.6267093927861
15590,3.74144,-2.99669515049616
15591,3.74168,-2.75299185636461
15592,3.74192,-2.54278333078973
15593,3.74216,-3.67816383769566
15594,3.7424,-2.99498267818642
15595,3.74264,-2.71441816961996
15596,3.74288,-3.66638648149651
15597,3.74312,-2.91889708810484
15598,3.74336,-2.94190238902596
15599,3.7436,-3.78989362773291
15600,3.74384,-2.74370608830749
15601,3.74408,-3.06638765519872
15602,3.74432,-3.37284609159997
15603,3.74456,-2.27811043798223
15604,3.7448,-2.7931953110557
15605,3.74504,-3.30530065002667
15606,3.74528,-3.81429596215282
15607,3.74552,-2.4401636812875
15608,3.74576,-3.14727174574999
15609,3.746,-3.60316617959938
15610,3.74624,-2.17494504108213
15611,3.74648,-2.84108613718363
15612,3.74672,-3.62105137165341
15613,3.74696,-2.4885397286606
15614,3.7472,-2.85955642153131
15615,3.74744,-3.58628432779204
15616,3.74768,-2.17646747308602
15617,3.74792,-2.86154752195715
15618,3.74816,-3.53317565792006
15619,3.7484,-1.96565295289751
15620,3.74864,-3.07806140674266
15621,3.74888,-3.33596382451182
15622,3.74912,-1.95982622576613
15623,3.74936,-3.02392882531894
15624,3.7496,-2.75951017501484
15625,3.74984,-2.31701405549024
15626,3.75008,-3.43619273122091
15627,3.75032,-2.06021836625047
15628,3.75056,-2.65920090630238
15629,3.7508,-2.87965914218281
15630,3.75104,-1.83637696411149
15631,3.75128,-3.21045962731348
15632,3.75152,-2.07500057148215
15633,3.75176,-2.32170949099697
15634,3.752,-2.54953823321712
15635,3.75224,-1.39427062491683
15636,3.75248,-2.89922676131758
15637,3.75272,-2.00170108401576
15638,3.75296,-1.17070902358447
15639,3.7532,-2.62895621019338
15640,3.75344,-2.16274171583154
15641,3.75368,-1.38922773160327
15642,3.75392,-2.56392985635363
15643,3.75416,-1.58359304402806
15644,3.7544,-1.61596806145933
15645,3.75464,-2.3511651879135
15646,3.75488,-0.979464587846604
15647,3.75512,-1.43915671024985
15648,3.75536,-1.89940285787543
15649,3.7556,-2.00155049438282
15650,3.75584,-0.724652931595949
15651,3.75608,-1.27159597798053
15652,3.75632,-1.45364834194716
15653,3.75656,-0.340965222080709
15654,3.7568,-0.843010947567582
15655,3.75704,-1.69779431015617
15656,3.75728,-0.760338363912509
15657,3.75752,-0.475025151307751
15658,3.75776,-1.62346980619137
15659,3.758,-0.398612744310345
15660,3.75824,-0.525740254230589
15661,3.75848,-1.12838692157105
15662,3.75872,-0.319584383786075
15663,3.75896,-0.372840360940066
15664,3.7592,-0.54652361023469
15665,3.75944,-0.159547253007772
15666,3.75968,-0.369743159633875
15667,3.75992,0.00139986002645043
15668,3.76016,-0.135791317326029
15669,3.7604,0.0939927551833781
15670,3.76064,0.527319599245192
15671,3.76088,-0.24462133601418
15672,3.76112,0.305212380908479
15673,3.76136,0.699893054008685
15674,3.7616,0.13222046846616
15675,3.76184,0.522603922223541
15676,3.76208,0.763658853052657
15677,3.76232,0.0504336450446246
15678,3.76256,0.650705002119745
15679,3.7628,1.22794785084364
15680,3.76304,0.9708280645814
15681,3.76328,0.811456061145523
15682,3.76352,0.769442321033817
15683,3.76376,0.728979828790159
15684,3.764,1.51287287515587
15685,3.76424,1.22273920467681
15686,3.76448,1.27620086568686
15687,3.76472,1.2053162403666
15688,3.76496,1.01967173709469
15689,3.7652,1.54443921755984
15690,3.76544,1.5905699413856
15691,3.76568,1.63280903209988
15692,3.76592,1.914118362179
15693,3.76616,1.47896659609111
15694,3.7664,2.12233107880724
15695,3.76664,1.79971149085824
15696,3.76688,2.08476809715583
15697,3.76712,2.01049757861137
15698,3.76736,2.05372886018921
15699,3.7676,2.11047684266582
15700,3.76784,2.16517432349629
15701,3.76808,1.8605246386808
15702,3.76832,2.41470877409234
15703,3.76856,2.48396094065514
15704,3.7688,2.07622594595063
15705,3.76904,2.64946202060324
15706,3.76928,2.37716361905174
15707,3.76952,2.11560587809362
15708,3.76976,2.83191748264431
15709,3.77,2.33885301601824
15710,3.77024,2.47575485853114
15711,3.77048,3.21427248314058
15712,3.77072,2.15482345979132
15713,3.77096,2.92818131151146
15714,3.7712,3.08683969757006
15715,3.77144,1.953823917087
15716,3.77168,3.00699740934465
15717,3.77192,2.96449531393267
15718,3.77216,2.36385920987309
15719,3.7724,3.20114975671136
15720,3.77264,2.96325189408885
15721,3.77288,2.64953245968934
15722,3.77312,3.41615901715452
15723,3.77336,3.10174636415253
15724,3.7736,2.35106542498731
15725,3.77384,3.6636385185299
15726,3.77408,3.15420839924564
15727,3.77432,2.92381295256389
15728,3.77456,3.57396852823387
15729,3.7748,3.2429612636502
15730,3.77504,3.06571028723972
15731,3.77528,2.21888117201115
15732,3.77552,2.95420018610405
15733,3.77576,3.32925641565294
15734,3.776,3.10190826485598
15735,3.77624,2.57538864330029
15736,3.77648,3.49635601706015
15737,3.77672,3.33453697100925
15738,3.77696,2.5080327633576
15739,3.7772,3.26038724827106
15740,3.77744,3.52778900171747
15741,3.77768,2.16401546897931
15742,3.77792,2.99758190712534
15743,3.77816,3.70307545490676
15744,3.7784,2.39926021171123
15745,3.77864,2.82704407760303
15746,3.77888,3.48807142228883
15747,3.77912,2.14334084014784
15748,3.77936,3.11478272332095
15749,3.7796,2.76115933740256
15750,3.77984,2.47075536098569
15751,3.78008,3.4979283458575
15752,3.78032,2.38042942857854
15753,3.78056,2.64796813143951
15754,3.7808,3.13806801833001
15755,3.78104,1.87501127282222
15756,3.78128,2.93096218969063
15757,3.78152,2.53164041098339
15758,3.78176,1.84323033138287
15759,3.782,3.20162829712085
15760,3.78224,2.16159102360026
15761,3.78248,2.03422162452804
15762,3.78272,3.09433444712414
15763,3.78296,2.01680262555702
15764,3.7832,1.60661348498632
15765,3.78344,2.7508446301579
15766,3.78368,1.74903015065163
15767,3.78392,1.6529524714655
15768,3.78416,2.50063617018227
15769,3.7844,1.46230966350488
15770,3.78464,2.15098740895629
15771,3.78488,2.33859183674084
15772,3.78512,1.60895495149629
15773,3.78536,0.929052598875977
15774,3.7856,1.94489338290292
15775,3.78584,1.03953731277568
15776,3.78608,0.915647140686089
15777,3.78632,1.87672007121903
15778,3.78656,1.75244399050895
15779,3.7868,1.08840624802029
15780,3.78704,1.15360972233879
15781,3.78728,2.06336784940319
15782,3.78752,0.243112865562327
15783,3.78776,0.755301732123424
15784,3.788,0.900695235035539
15785,3.78824,1.41236992430456
15786,3.78848,0.649815832057356
15787,3.78872,0.976711860807301
15788,3.78896,0.464749411407288
15789,3.7892,0.357016094843868
15790,3.78944,0.852049167120417
15791,3.78968,-0.0805339612663125
15792,3.78992,0.587696849826011
15793,3.79016,0.524707397017648
15794,3.7904,-0.584239915673635
15795,3.79064,0.488870806901966
15796,3.79088,-0.00666612070601413
15797,3.79112,-0.462424738387769
15798,3.79136,0.520864768541953
15799,3.7916,-0.407016015519954
15800,3.79184,-0.465062642451612
15801,3.79208,-0.0492598432240532
15802,3.79232,-0.687383788321227
15803,3.79256,-0.478608849344021
15804,3.7928,-0.503083384884999
15805,3.79304,-0.625276099233893
15806,3.79328,-0.393692053849605
15807,3.79352,-1.10511800926736
15808,3.79376,-0.716370929916419
15809,3.794,-0.696981733898056
15810,3.79424,-1.14114090254331
15811,3.79448,-0.974266824910286
15812,3.79472,-1.0537083216707
15813,3.79496,-1.1173612901727
15814,3.7952,-1.41399051424454
15815,3.79544,-1.23221820357378
15816,3.79568,-1.52524699842135
15817,3.79592,-1.80869191081279
15818,3.79616,-1.25371938571607
15819,3.7964,-1.89900489580182
15820,3.79664,-1.22141725980991
15821,3.79688,-1.98598357903701
15822,3.79712,-1.4301544935429
15823,3.79736,-2.19356797873761
15824,3.7976,-1.75596517898447
15825,3.79784,-2.28464799900583
15826,3.79808,-1.85044506096664
15827,3.79832,-1.53564131737563
15828,3.79856,-2.31920599125354
15829,3.7988,-2.01417898667242
15830,3.79904,-1.9530853305141
15831,3.79928,-2.26778938530816
15832,3.79952,-2.45325781833421
15833,3.79976,-2.17845999073087
15834,3.8,-2.74788325817922
15835,3.80024,-2.22930468081267
15836,3.80048,-1.98312040226919
15837,3.80072,-2.69838300720971
15838,3.80096,-2.45114527586798
15839,3.8012,-2.47240859405247
15840,3.80144,-2.72981827639861
15841,3.80168,-2.40061900360767
15842,3.80192,-2.81599915055112
15843,3.80216,-2.62258352961322
15844,3.8024,-2.81976902672832
15845,3.80264,-2.90517433070064
15846,3.80288,-2.74754930450943
15847,3.80312,-2.62760850664782
15848,3.80336,-3.00062644096379
15849,3.8036,-3.48338769246862
15850,3.80384,-2.3166714170487
15851,3.80408,-3.34607717473801
15852,3.80432,-3.03893648285282
15853,3.80456,-2.6420988038933
15854,3.8048,-3.12804442613996
15855,3.80504,-3.82633551584619
15856,3.80528,-2.63337470349275
15857,3.80552,-2.81140942324411
15858,3.80576,-3.81375454519036
15859,3.806,-3.1480961798913
15860,3.80624,-2.29434468624412
15861,3.80648,-2.7957011170802
15862,3.80672,-3.30038761027868
15863,3.80696,-3.44027724077609
15864,3.8072,-2.42284523927013
15865,3.80744,-2.891094799216
15866,3.80768,-3.82694116625622
15867,3.80792,-2.26244194904328
15868,3.80816,-3.27096953967925
15869,3.8084,-3.30389610544743
15870,3.80864,-2.19601686802756
15871,3.80888,-2.91926773886145
15872,3.80912,-3.63563696241626
15873,3.80936,-1.98538274245309
15874,3.8096,-3.02000143459668
15875,3.80984,-3.56091779763246
15876,3.81008,-1.98390387542433
15877,3.81032,-3.08841890466512
15878,3.81056,-2.62210920814624
15879,3.8108,-2.46115689253002
15880,3.81104,-3.50062190569482
15881,3.81128,-2.27055852149866
15882,3.81152,-2.66344879922855
15883,3.81176,-2.92467341406871
15884,3.812,-2.03688999001613
15885,3.81224,-3.20713155983853
15886,3.81248,-2.34228953812574
15887,3.81272,-2.26241745968033
15888,3.81296,-3.01362351643925
15889,3.8132,-1.76292512057269
15890,3.81344,-2.71488587199258
15891,3.81368,-2.56809415905865
15892,3.81392,-1.52236584681476
15893,3.81416,-2.78377012901578
15894,3.8144,-2.23321067623812
15895,3.81464,-1.50713697114338
15896,3.81488,-2.82629300628249
15897,3.81512,-1.64022652151882
15898,3.81536,-2.42583440803397
15899,3.8156,-2.0004599742578
15900,3.81584,-1.15144983779679
15901,3.81608,-2.37115510103795
15902,3.81632,-1.66321077225562
15903,3.81656,-1.25710128818359
15904,3.8168,-1.34692753353775
15905,3.81704,-2.16109415745414
15906,3.81728,-1.77615876707956
15907,3.81752,-0.979859421887451
15908,3.81776,-1.15832231419113
15909,3.818,-1.69607890158116
15910,3.81824,-0.342906909666224
15911,3.81848,-0.839387330134297
15912,3.81872,-0.970018462530677
15913,3.81896,-0.395403867530425
15914,3.8192,-0.827606681842235
15915,3.81944,-1.01148880189979
15916,3.81968,-0.365907417115302
15917,3.81992,-0.4902074383161
15918,3.82016,-1.08983284426786
15919,3.8204,-0.141243656918868
15920,3.82064,-0.438029775520558
15921,3.82088,-0.72332932108354
15922,3.82112,0.276102472476786
15923,3.82136,-0.420289669560766
15924,3.8216,-0.396439774253616
15925,3.82184,0.193811467614872
15926,3.82208,-0.176197593582377
15927,3.82232,0.150778412324549
15928,3.82256,0.103121487555671
15929,3.8228,0.297566250934974
15930,3.82304,0.335972827555234
15931,3.82328,0.374448119209129
15932,3.82352,0.531862001349973
15933,3.82376,0.779616506726547
15934,3.824,0.782923403517173
15935,3.82424,0.544449656406144
15936,3.82448,0.885747287498954
15937,3.82472,0.867206359805305
15938,3.82496,0.839278140701616
15939,3.8252,1.27581866646646
15940,3.82544,0.993366151102409
15941,3.82568,0.943718786708789
15942,3.82592,1.24309787429536
15943,3.82616,1.06229831029734
15944,3.8264,1.12092411815719
15945,3.82664,1.64728552190771
15946,3.82688,1.21050411774272
15947,3.82712,1.85686945506586
15948,3.82736,1.3007415290271
15949,3.8276,1.46461275643917
15950,3.82784,1.50581190394205
15951,3.82808,2.15211492872703
15952,3.82832,1.5929102921253
15953,3.82856,1.75313846695743
15954,3.8288,1.8045325067657
15955,3.82904,2.45076466819799
15956,3.82928,2.01814331549493
15957,3.82952,2.07953247909882
15958,3.82976,2.13989238471988
15959,3.83,1.95770344862811
15960,3.83024,2.39594921478338
15961,3.83048,2.2277700524493
15962,3.83072,1.705807253299
15963,3.83096,2.28847191446814
15964,3.8312,2.741293599297
15965,3.83144,2.48281869885925
15966,3.83168,2.48638771238042
15967,3.83192,2.60030243087043
15968,3.83216,2.62241837245188
15969,3.8324,2.88797482736207
15970,3.83264,2.55361934887508
15971,3.83288,2.97590967584792
15972,3.83312,2.90524340456155
15973,3.83336,2.38127424755745
15974,3.8336,3.43676350548828
15975,3.83384,2.32531160105958
15976,3.83408,2.81941581393142
15977,3.83432,3.6584041044122
15978,3.83456,2.47125853816253
15979,3.8348,2.41320318195801
15980,3.83504,3.55044030987282
15981,3.83528,3.24604986080231
15982,3.83552,2.1548021609032
15983,3.83576,3.82521848771658
15984,3.836,2.85969113217697
15985,3.83624,2.54347542459304
15986,3.83648,3.91588952547515
15987,3.83672,2.87772850167775
15988,3.83696,2.48989445529062
15989,3.8372,2.62388391022108
15990,3.83744,3.11854187493708
15991,3.83768,3.61600517442903
15992,3.83792,2.91771223156269
15993,3.83816,2.53130990441171
15994,3.8384,3.11794447155241
15995,3.83864,3.70011801168826
15996,3.83888,2.39692962502808
15997,3.83912,3.1711031630185
15998,3.83936,3.814486413513
15999,3.8396,2.09641622914616
16000,3.83984,2.94976441846306
16001,3.84008,3.78796852182734
16002,3.84032,2.13545684578401
16003,3.84056,3.05841987702747
16004,3.8408,3.00447777364093
16005,3.84104,2.41091788260857
16006,3.84128,3.50476398844032
16007,3.84152,2.21579217765344
16008,3.84176,2.78252072206279
16009,3.842,2.97444306676825
16010,3.84224,1.90328014271965
16011,3.84248,3.13546072210159
16012,3.84272,2.43900901880786
16013,3.84296,2.05383149029269
16014,3.8432,3.35027830314354
16015,3.84344,2.13922134047124
16016,3.84368,2.66511056829091
16017,3.84392,2.69489141376996
16018,3.84416,1.70518154037824
16019,3.8444,3.1303091224065
16020,3.84464,1.92668997099883
16021,3.84488,1.8669270701375
16022,3.84512,2.99920355832195
16023,3.84536,2.21595024951386
16024,3.8456,1.25572357471827
16025,3.84584,2.6032919442693
16026,3.84608,2.25348041594665
16027,3.84632,1.35821517591566
16028,3.84656,2.17294955814545
16029,3.8468,1.78219324928255
16030,3.84704,0.96832549662043
16031,3.84728,2.20108369075672
16032,3.84752,0.70102594911181
16033,3.84776,1.64543901443441
16034,3.848,1.62376405841981
16035,3.84824,0.66437747568947
16036,3.84848,0.952516656718194
16037,3.84872,1.96221593605775
16038,3.84896,1.17461758502933
16039,3.8492,0.811032288397361
16040,3.84944,1.04819436693324
16041,3.84968,1.41114124205235
16042,3.84992,0.861606754106921
16043,3.85016,1.03775525476115
16044,3.8504,0.500990322913887
16045,3.85064,0.497024837431817
16046,3.85088,0.966805865142948
16047,3.85112,0.126623826103439
16048,3.85136,0.651536020613543
16049,3.8516,0.687388633457671
16050,3.85184,-0.445341971810134
16051,3.85208,0.605664739411825
16052,3.85232,0.206891677462634
16053,3.85256,-0.390945347270223
16054,3.8528,0.575177262896418
16055,3.85304,-0.368473024300479
16056,3.85328,-0.322728765738653
16057,3.85352,0.0796304350908816
16058,3.85376,-0.570585206917792
16059,3.854,-0.259720733545341
16060,3.85424,-0.175614766020448
16061,3.85448,-0.553052375615862
16062,3.85472,-0.576721107114459
16063,3.85496,-0.572070489358605
16064,3.8552,-0.56119146364647
16065,3.85544,-0.913492685111703
16066,3.85568,-0.881985377601683
16067,3.85592,-0.846960498322189
16068,3.85616,-1.17316109329055
16069,3.8564,-0.880025707480584
16070,3.85664,-0.951656868848937
16071,3.85688,-1.13921857625151
16072,3.85712,-1.55172180776027
16073,3.85736,-1.00037325816511
16074,3.8576,-1.54338873481283
16075,3.85784,-1.8239046134117
16076,3.85808,-1.26865904246827
16077,3.85832,-1.91406407431096
16078,3.85856,-1.47442187094324
16079,3.8588,-1.99370090012771
16080,3.85904,-1.67901769363967
16081,3.85928,-2.32227928140044
16082,3.85952,-1.99878973642723
16083,3.85976,-1.5681241485032
16084,3.86,-2.22057945206837
16085,3.86024,-2.02825838854324
16086,3.86048,-1.72875053055427
16087,3.86072,-2.39313508760045
16088,3.86096,-2.33055657461279
16089,3.8612,-2.40866689108595
16090,3.86144,-2.36936246519155
16091,3.86168,-2.20824115068188
16092,3.86192,-2.54903614847289
16093,3.86216,-2.52727046474509
16094,3.8624,-2.50923061771648
16095,3.86264,-2.27825892212222
16096,3.86288,-2.76073050529169
16097,3.86312,-2.4207036685284
16098,3.86336,-2.69948705048452
16099,3.8636,-2.61089719055439
16100,3.86384,-2.91298717430384
16101,3.86408,-2.72778688979481
16102,3.86432,-2.44492223919961
16103,3.86456,-3.26922782491258
16104,3.8648,-2.64200863001118
16105,3.86504,-2.89336302173653
16106,3.86528,-3.62425413824313
16107,3.86552,-2.44420943793621
16108,3.86576,-2.75254473728644
16109,3.866,-3.2835583744398
16110,3.86624,-2.8800183478853
16111,3.86648,-3.58956481063515
16112,3.86672,-3.08323313229011
16113,3.86696,-2.61969288254616
16114,3.8672,-3.86527990048175
16115,3.86744,-2.81626288424563
16116,3.86768,-2.7794547863207
16117,3.86792,-3.33675387000264
16118,3.86816,-2.62126697398757
16119,3.8684,-3.12664025488465
16120,3.86864,-3.63199382212699
16121,3.86888,-2.71529633529105
16122,3.86912,-2.6971543106331
16123,3.86936,-3.28198745864658
16124,3.8696,-3.62455277040991
16125,3.86984,-2.21207239989553
16126,3.87008,-2.99998404973239
16127,3.87032,-3.41627653600438
16128,3.87056,-2.43715116975867
16129,3.8708,-3.16690721252908
16130,3.87104,-3.40949822593108
16131,3.87128,-2.14015374224926
16132,3.87152,-2.83581644220429
16133,3.87176,-3.52009280067364
16134,3.872,-2.31137910704338
16135,3.87224,-2.83603786962156
16136,3.87248,-3.46901233718515
16137,3.87272,-1.97907352750234
16138,3.87296,-2.93734383405477
16139,3.8732,-3.15816920070809
16140,3.87344,-1.9948344399465
16141,3.87368,-3.25349326500066
16142,3.87392,-2.46984518799559
16143,3.87416,-2.35756201982892
16144,3.8744,-3.1905735807513
16145,3.87464,-2.01441434208721
16146,3.87488,-2.57479577716548
16147,3.87512,-2.63976158175244
16148,3.87536,-1.43882054273447
16149,3.8756,-2.90594560780285
16150,3.87584,-2.09123546372446
16151,3.87608,-2.05547110652291
16152,3.87632,-2.72968838848521
16153,3.87656,-1.75592955148406
16154,3.8768,-2.27325338187312
16155,3.87704,-2.05824639410936
16156,3.87728,-1.18254916377848
16157,3.87752,-2.37080195333413
16158,3.87776,-1.98209693138692
16159,3.878,-1.28645141735687
16160,3.87824,-1.35157162082042
16161,3.87848,-2.01523478279447
16162,3.87872,-2.08113482592514
16163,3.87896,-0.886011479428736
16164,3.8792,-1.39453704837688
16165,3.87944,-1.78009763952976
16166,3.87968,-0.508727751136025
16167,3.87992,-1.33126393361958
16168,3.88016,-1.54585323217321
16169,3.8804,-0.574974986503831
16170,3.88064,-0.498415346156474
16171,3.88088,-1.50165606618083
16172,3.88112,-0.829916159888436
16173,3.88136,-0.569867964493476
16174,3.8816,-0.787196477307617
16175,3.88184,-0.422589556742603
16176,3.88208,-0.57264893461182
16177,3.88232,-0.71568475737196
16178,3.88256,-0.0514207413867294
16179,3.8828,-0.254758786969148
16180,3.88304,-0.449071234772968
16181,3.88328,0.408047422819259
16182,3.88352,-0.318394925859163
16183,3.88376,0.0441914994537809
16184,3.884,0.367162567144911
16185,3.88424,-0.271570196951458
16186,3.88448,0.524027895969799
16187,3.88472,0.445192166786198
16188,3.88496,0.0136526350016493
16189,3.8852,0.764635433871188
16190,3.88544,0.652100679638508
16191,3.88568,0.308421358668178
16192,3.88592,1.02922480220191
16193,3.88616,0.647144406935535
16194,3.8864,0.635344347866715
16195,3.88664,0.96594636069576
16196,3.88688,0.685119596295025
16197,3.88712,0.770873174645117
16198,3.88736,1.44109216017534
16199,3.8876,1.02212975558547
16200,3.88784,1.08396267337187
16201,3.88808,1.73815749631514
16202,3.88832,1.31880898037621
16203,3.88856,1.6008694605162
16204,3.8888,1.40390287003666
16205,3.88904,1.80805367383177
16206,3.88928,1.49205600154556
16207,3.88952,1.41560810894049
16208,3.88976,1.8223126698208
16209,3.89,1.86262041833475
16210,3.89024,1.54431524418488
16211,3.89048,1.59137400040253
16212,3.89072,2.36022566232912
16213,3.89096,2.04274344087313
16214,3.8912,1.73813309662465
16215,3.89144,2.63862293244299
16216,3.89168,2.33231286396318
16217,3.89192,1.92749073094798
16218,3.89216,2.6043999005505
16219,3.8924,2.31615489081169
16220,3.89264,2.16954696603369
16221,3.89288,2.61668105239827
16222,3.89312,2.4806884104167
16223,3.89336,2.4805530246181
16224,3.8936,2.59074479119242
16225,3.89384,2.60912812056056
16226,3.89408,2.87094771246504
16227,3.89432,2.53285558330034
16228,3.89456,2.94702020182274
16229,3.8948,2.63397462147306
16230,3.89504,2.34829769433293
16231,3.89528,3.40014219531758
16232,3.89552,2.75950594022917
16233,3.89576,2.40446844753236
16234,3.896,3.37265035893539
16235,3.89624,3.01816260479834
16236,3.89648,2.46938612559984
16237,3.89672,3.4744133567127
16238,3.89696,2.93071946770484
16239,3.8972,2.55540565822234
16240,3.89744,3.73635384886572
16241,3.89768,2.75606126567966
16242,3.89792,2.54807075290114
16243,3.89816,3.45191730234736
16244,3.8984,3.48513381407257
16245,3.89864,2.36407389506437
16246,3.89888,2.37477693171933
16247,3.89912,2.87746027033687
16248,3.89936,3.37678063673243
16249,3.8996,3.39788623466134
16250,3.89984,2.5119824233267
16251,3.90008,3.32873287324112
16252,3.90032,3.8939738424788
16253,3.90056,2.33373631242614
16254,3.9008,3.10655265052726
16255,3.90104,3.6256636017823
16256,3.90128,2.14576226310727
16257,3.90152,2.99159656808223
16258,3.90176,3.58202677692795
16259,3.902,2.173048753785
16260,3.90224,3.20085408458232
16261,3.90248,3.25564508800529
16262,3.90272,2.17042223886635
16263,3.90296,3.15304859762384
16264,3.9032,2.80128854896722
16265,3.90344,2.39606001449612
16266,3.90368,3.43454423313784
16267,3.90392,2.20698517833163
16268,3.90416,2.60226040327853
16269,3.9044,3.10276487358412
16270,3.90464,1.7275222073549
16271,3.90488,2.90955553250951
16272,3.90512,2.52343026616672
16273,3.90536,2.08061066709083
16274,3.9056,2.96320614691793
16275,3.90584,2.41018704214608
16276,3.90608,1.92073952490422
16277,3.90632,2.87328340293103
16278,3.90656,1.92943841940548
16279,3.9068,2.1239698599338
16280,3.90704,2.77685164097104
16281,3.90728,1.78717325723776
16282,3.90752,2.05324837916289
16283,3.90776,2.53611585811761
16284,3.908,1.62108271062429
16285,3.90824,1.59978233694436
16286,3.90848,2.17079851988289
16287,3.90872,1.33641991477566
16288,3.90896,2.10159094853305
16289,3.9092,1.53366010218843
16290,3.90944,1.27591548492974
16291,3.90968,1.37939926172315
16292,3.90992,2.2080350933227
16293,3.91016,0.798647399007688
16294,3.9104,1.33579098756188
16295,3.91064,1.50860618568275
16296,3.91088,0.391489867382044
16297,3.91112,1.35756582488363
16298,3.91136,1.23192545184469
16299,3.9116,0.0638541521116402
16300,3.91184,1.21015182235796
16301,3.91208,0.90225280569151
16302,3.91232,0.165972279498654
16303,3.91256,1.12111537007799
16304,3.9128,0.749727832193745
16305,3.91304,0.0678147805011955
16306,3.91328,0.585667521845353
16307,3.91352,0.400173633141338
16308,3.91376,0.127939544601804
16309,3.914,0.330359100709629
16310,3.91424,-0.0364896804908852
16311,3.91448,0.0896266267812487
16312,3.91472,-0.14333034640161
16313,3.91496,-0.0980622642082567
16314,3.9152,0.180782708915328
16315,3.91544,-0.608050674661799
16316,3.91568,-0.0470524501793577
16317,3.91592,-0.21459134136146
16318,3.91616,-0.954706933501001
16319,3.9164,-0.0080157760498083
16320,3.91664,-0.381883862295733
16321,3.91688,-1.21114063406311
16322,3.91712,-0.723755604983795
16323,3.91736,-0.584066583452295
16324,3.9176,-1.27131051913251
16325,3.91784,-1.11111645218661
16326,3.91808,-1.19634367298972
16327,3.91832,-0.900464095828843
16328,3.91856,-1.0853660281188
16329,3.9188,-1.26573451489476
16330,3.91904,-1.55636790162616
16331,3.91928,-1.49743367715497
16332,3.91952,-1.42176761907776
16333,3.91976,-1.82389646284116
16334,3.92,-1.50652107130461
16335,3.92024,-1.90819074874906
16336,3.92048,-1.83091277434888
16337,3.92072,-1.51547833326245
16338,3.92096,-1.91987552783266
16339,3.9212,-1.84044645393334
16340,3.92144,-2.12861278469035
16341,3.92168,-2.05545972466596
16342,3.92192,-1.86197389049198
16343,3.92216,-2.16399727346272
16344,3.9224,-2.58131943760684
16345,3.92264,-2.27667776328373
16346,3.92288,-1.99695675054418
16347,3.92312,-2.67566004407406
16348,3.92336,-2.38823102562005
16349,3.9236,-2.12533686903648
16350,3.92384,-3.06687546134412
16351,3.92408,-2.67937704760199
16352,3.92432,-2.20291904428014
16353,3.92456,-3.04976302539889
16354,3.9248,-2.21663548146277
16355,3.92504,-2.61654318877035
16356,3.92528,-3.00219830699131
16357,3.92552,-2.20950916983407
16358,3.92576,-2.88244608770619
16359,3.926,-2.82155146590926
16360,3.92624,-2.67493435022446
16361,3.92648,-3.49995648705011
16362,3.92672,-2.52586868833352
16363,3.92696,-3.15253496531908
16364,3.9272,-3.52434110588389
16365,3.92744,-2.47910218462761
16366,3.92768,-2.7993855598462
16367,3.92792,-3.70328470790864
16368,3.92816,-2.46440973866108
16369,3.9284,-2.83837524110818
16370,3.92864,-3.31335233880538
16371,3.92888,-2.26172119127351
16372,3.92912,-3.17173641483212
16373,3.92936,-3.93167248300585
16374,3.9296,-2.79871599529605
16375,3.92984,-2.56414747889113
16376,3.93008,-3.17969246560492
16377,3.93032,-3.79671385157052
16378,3.93056,-2.39958080273615
16379,3.9308,-3.09264328040911
16380,3.93104,-3.65374772741489
16381,3.93128,-2.6657058368344
16382,3.93152,-2.7072104175985
16383,3.93176,-3.70422701592402
16384,3.932,-2.19974059825125
16385,3.93224,-3.14355511788951
16386,3.93248,-3.47397233536383
16387,3.93272,-2.29447546487556
16388,3.93296,-3.30127308504931
16389,3.9332,-3.10137814549611
16390,3.93344,-2.4827715486915
16391,3.93368,-3.43552493225751
16392,3.93392,-2.5866930613359
16393,3.93416,-2.41301668745847
16394,3.9344,-3.55334156262573
16395,3.93464,-2.07270560566364
16396,3.93488,-2.92817711029849
16397,3.93512,-2.68589170271511
16398,3.93536,-2.14840232952645
16399,3.9356,-3.41754189469742
16400,3.93584,-2.06024624297606
16401,3.93608,-2.56481559940819
16402,3.93632,-2.81340264694515
16403,3.93656,-1.55349567051039
16404,3.9368,-2.3712249671098
16405,3.93704,-3.05710124896959
16406,3.93728,-1.73516307283309
16407,3.93752,-2.50163791954125
16408,3.93776,-2.42154313894756
16409,3.938,-1.42997254946057
16410,3.93824,-2.39869567106008
16411,3.93848,-2.50548507707728
16412,3.93872,-1.57645545165952
16413,3.93896,-2.13272143270329
16414,3.9392,-2.19841005057708
16415,3.93944,-1.34725887542606
16416,3.93968,-1.3900604621045
16417,3.93992,-2.36934932334896
16418,3.94016,-0.635326388607608
16419,3.9404,-1.46093302151939
16420,3.94064,-1.56267257896113
16421,3.94088,-2.27057420424111
16422,3.94112,-0.864533296541077
16423,3.94136,-1.28453348244811
16424,3.9416,-1.10634656262661
16425,3.94184,-0.860801300079156
16426,3.94208,-0.983715351187067
16427,3.94232,-1.58696155174737
16428,3.94256,-0.1805053330876
16429,3.9428,-1.08860525972292
16430,3.94304,-1.02773004976935
16431,3.94328,-0.0474220241425043
16432,3.94352,-0.770684095890082
16433,3.94376,-1.00662004292968
16434,3.944,-0.0850074235927543
16435,3.94424,-0.375500404233488
16436,3.94448,-0.306795752119654
16437,3.94472,-0.278898290158386
16438,3.94496,-0.488298943890256
16439,3.9452,0.244798329408478
16440,3.94544,-0.25342195129885
16441,3.94568,-0.0212774912389684
16442,3.94592,0.773819835094176
16443,3.94616,0.00185804301200676
16444,3.9464,0.188790278651933
16445,3.94664,0.708099559678034
16446,3.94688,0.14962770401087
16447,3.94712,0.77022021047037
16448,3.94736,0.660660562546525
16449,3.9476,0.305876694743569
16450,3.94784,0.7772465707396
16451,3.94808,0.759065761089081
16452,3.94832,0.86571919273573
16453,3.94856,0.707348599840453
16454,3.9488,0.905911742502884
16455,3.94904,1.22670215672805
16456,3.94928,0.925953201344204
16457,3.94952,1.11025438265053
16458,3.94976,1.41175694335645
16459,3.95,1.33949069804258
16460,3.95024,1.14943741749662
16461,3.95048,1.67993157986255
16462,3.95072,1.36341296861079
16463,3.95096,1.88418992302446
16464,3.9512,1.32932412905347
16465,3.95144,2.09291593220646
16466,3.95168,1.77184599822703
16467,3.95192,2.05439400154935
16468,3.95216,1.85989517840046
16469,3.9524,1.54228511841549
16470,3.95264,2.19847614181394
16471,3.95288,2.00758075794407
16472,3.95312,1.93905223452521
16473,3.95336,2.48670477838838
16474,3.9536,2.19136765082693
16475,3.95384,1.65753231637284
16476,3.95408,2.22711763750628
16477,3.95432,2.78762380521512
16478,3.95456,2.03509870505001
16479,3.9548,2.62605480213163
16480,3.95504,2.72296408735314
16481,3.95528,2.48105821252147
16482,3.95552,2.73597767296655
16483,3.95576,2.62311337324971
16484,3.956,2.54193975112407
16485,3.95624,3.17531939171318
16486,3.95648,2.7327288497816
16487,3.95672,2.57002168988642
16488,3.95696,2.99639150335095
16489,3.9572,2.24811515817554
16490,3.95744,2.96446703268194
16491,3.95768,2.9479924890827
16492,3.95792,2.61121142530575
16493,3.95816,3.48835406779433
16494,3.9584,3.03339843763462
16495,3.95864,2.73858492993355
16496,3.95888,3.55741407591261
16497,3.95912,2.79052398230854
16498,3.95936,2.55235436473476
16499,3.9596,3.31324480384477
16500,3.95984,3.44185200871631
16501,3.96008,2.41082351634113
16502,3.96032,2.86917592141605
16503,3.96056,3.30368625480717
16504,3.9608,2.58922801306515
16505,3.96104,3.0955874567118
16506,3.96128,3.6018863366321
16507,3.96152,3.14942154429332
16508,3.96176,2.52427704683931
16509,3.962,3.11787171734029
16510,3.96224,3.70558658392063
16511,3.96248,2.39876383661399
16512,3.96272,3.06550984088732
16513,3.96296,3.60184110251579
16514,3.9632,2.37493037416187
16515,3.96344,3.10690779246233
16516,3.96368,3.59040977060245
16517,3.96392,2.31095529850922
16518,3.96416,2.76692236137209
16519,3.9644,3.57398977795867
16520,3.96464,2.00949602565017
16521,3.96488,3.24533356573044
16522,3.96512,2.79014438556125
16523,3.96536,2.28679127617391
16524,3.9656,3.46343165166373
16525,3.96584,2.36876387367874
16526,3.96608,2.66054561438474
16527,3.96632,2.9338835616306
16528,3.96656,1.70011229602834
16529,3.9668,2.90056718593147
16530,3.96704,2.52873679305378
16531,3.96728,1.98011087850284
16532,3.96752,2.99868393032734
16533,3.96776,1.76110940996394
16534,3.968,2.49455060273084
16535,3.96824,2.60908765683085
16536,3.96848,1.57643254241023
16537,3.96872,2.26840365282217
16538,3.96896,2.10118394466959
16539,3.9692,1.27190418244712
16540,3.96944,2.49743158329351
16541,3.96968,2.15847648483761
16542,3.96992,1.27469555811369
16543,3.97016,1.98324119443659
16544,3.9704,2.07811431989041
16545,3.97064,1.26038419836698
16546,3.97088,1.4465380030069
16547,3.97112,1.51618290617548
16548,3.97136,2.19079428056462
16549,3.9716,0.755678928305156
16550,3.97184,1.26946742500602
16551,3.97208,2.02213073573902
16552,3.97232,1.22413613089739
16553,3.97256,0.842537126019315
16554,3.9728,1.42658605934203
16555,3.97304,1.76739711842536
16556,3.97328,0.718954810070685
16557,3.97352,0.890835762438899
16558,3.97376,1.06065839200631
16559,3.974,0.0699751078103239
16560,3.97424,0.429621945186266
16561,3.97448,1.14122325455371
16562,3.97472,0.436644562083898
16563,3.97496,0.483441368233068
16564,3.9752,0.643503935008136
16565,3.97544,0.235972795817043
16566,3.97568,0.327266602897635
16567,3.97592,-0.0619985003495154
16568,3.97616,0.0685470463257898
16569,3.9764,0.316829034374507
16570,3.97664,-0.619502646079349
16571,3.97688,-0.0893746208315984
16572,3.97712,0.0751218414851789
16573,3.97736,-0.813690964900836
16574,3.9776,-0.258033094231132
16575,3.97784,-0.416531517621094
16576,3.97808,-0.786563199032131
16577,3.97832,-0.0769977049131179
16578,3.97856,-0.565271955180642
16579,3.9788,-1.26596726487286
16580,3.97904,-0.89219661136908
16581,3.97928,-0.621619210405554
16582,3.97952,-0.942612649318201
16583,3.97976,-1.02677537319245
16584,3.98,-0.853464073841526
16585,3.98024,-1.15976554768305
16586,3.98048,-1.46597544688023
16587,3.98072,-1.15762759036715
16588,3.98096,-1.56661480560865
16589,3.9812,-1.50346425363256
16590,3.98144,-1.54774775717505
16591,3.98168,-1.83004420600787
16592,3.98192,-1.39488757139992
16593,3.98216,-1.55802155722021
16594,3.9824,-1.59719862213142
16595,3.98264,-2.24189840676113
16596,3.98288,-1.79932834727917
16597,3.98312,-1.84560669365573
16598,3.98336,-2.25694966673266
16599,3.9836,-1.82317035586683
16600,3.98384,-1.6347776539461
16601,3.98408,-2.29861241903969
16602,3.98432,-2.35404220111437
16603,3.98456,-2.3068493584311
16604,3.9848,-2.26627382553053
16605,3.98504,-2.45669772156455
16606,3.98528,-2.30843713413108
16607,3.98552,-2.53130034102073
16608,3.98576,-2.50308329958311
16609,3.986,-2.26548608142221
16610,3.98624,-2.86899839099033
16611,3.98648,-2.5094417890192
16612,3.98672,-2.66058307164976
16613,3.98696,-2.68338915892873
16614,3.9872,-2.6099210586244
16615,3.98744,-3.03361816299753
16616,3.98768,-2.60962261661076
16617,3.98792,-3.06269544050035
16618,3.98816,-3.03033135747932
16619,3.9884,-2.42046175786296
16620,3.98864,-3.51780676097329
16621,3.98888,-2.56111218499336
16622,3.98912,-2.61188272395918
16623,3.98936,-3.74148565682349
16624,3.9896,-2.70964211245412
16625,3.98984,-2.68995500533728
16626,3.99008,-3.14286083887826
16627,3.99032,-2.89994576187489
16628,3.99056,-3.53706122558101
16629,3.9908,-3.19073725484278
16630,3.99104,-2.88045846739085
16631,3.99128,-2.25490440293972
16632,3.99152,-3.45134744896356
16633,3.99176,-2.24331804603678
16634,3.992,-2.76690973063899
16635,3.99224,-3.2931139730048
16636,3.99248,-3.0943247844627
16637,3.99272,-2.5967437866735
16638,3.99296,-3.30995925837615
16639,3.9932,-3.54259485379265
16640,3.99344,-2.49824625483905
16641,3.99368,-3.1654173159302
16642,3.99392,-3.46174489320417
16643,3.99416,-2.24883504083643
16644,3.9944,-2.99378310222213
16645,3.99464,-3.3690548378467
16646,3.99488,-2.2296369984068
16647,3.99512,-3.15981324167733
16648,3.99536,-2.99845189341116
16649,3.9956,-2.42037536332659
16650,3.99584,-3.41402902218825
16651,3.99608,-2.37356244627019
16652,3.99632,-2.83416430991692
16653,3.99656,-3.16269915163209
16654,3.9968,-1.9789384058775
16655,3.99704,-3.22310903233349
16656,3.99728,-2.42812214970198
16657,3.99752,-2.29879456633839
16658,3.99776,-3.11928146381327
16659,3.998,-1.93324085750513
16660,3.99824,-2.59783561381761
16661,3.99848,-2.76059945044023
16662,3.99872,-1.65883311360825
16663,3.99896,-2.86860198411492
16664,3.9992,-2.26896266951037
16665,3.99944,-1.37299621953211
16666,3.99968,-2.65530636968791
16667,3.99992,-2.37076722225012
