1,8.000000000008e-05,1.707802278388
2,0.000320000000000098,1.51530964997715
3,0.000560000000000116,2.04281387555582
4,0.000800000000000134,1.6053149231325
5,0.00103999999999993,2.01385908362579
6,0.00127999999999995,1.69570715421075
7,0.00151999999999997,1.50421878736252
8,0.00175999999999998,1.9102541698409
9,0.002,1.71387806751838
10,0.00224000000000002,1.88157058905482
11,0.00248000000000004,1.56486444876053
12,0.00272000000000006,1.73431503886827
13,0.00296000000000007,1.78047067485513
14,0.00320000000000009,1.70615010292005
15,0.00344000000000011,1.87424784141246
16,0.00368000000000013,1.55792852274111
17,0.00391999999999992,1.96389199194714
18,0.00415999999999994,1.53166222617312
19,0.00439999999999996,1.81639248659121
20,0.00463999999999998,1.86384324695217
21,0.00488,1.7868306203995
22,0.00512000000000001,1.7122541886471
23,0.00536000000000003,1.51938375136406
24,0.00560000000000005,2.04304321753125
25,0.00584000000000007,1.73033103394174
26,0.00608000000000009,2.13415404847438
27,0.0063200000000001,1.45801786180764
28,0.00656000000000012,1.98785955745051
29,0.00679999999999992,1.90774046612753
30,0.00703999999999994,1.59442488324734
31,0.00727999999999995,2.24040185636418
32,0.00751999999999997,1.80156244255918
33,0.00775999999999999,1.4898453245999
34,0.00800000000000001,2.13385381256127
35,0.00824000000000003,1.45825304186312
36,0.00848000000000004,2.22739675400492
37,0.00872000000000006,1.66630275278681
38,0.00896000000000008,1.71480148626082
39,0.0092000000000001,2.11902840636526
40,0.00944000000000011,1.56005208628162
41,0.00968000000000013,1.48945164659142
42,0.00991999999999993,2.01156062943235
43,0.0101599999999999,1.57797936154842
44,0.0104,2.10539429923595
45,0.01064,1.4246430010696
46,0.01088,1.83367143654818
47,0.01112,1.99576390140706
48,0.01136,1.31846628530283
49,0.0116000000000001,1.96790052923241
50,0.0118400000000001,1.52675265655987
51,0.0120800000000001,1.81592537548891
52,0.0123200000000001,1.85897447893311
53,0.0125600000000001,1.66182083361938
54,0.0127999999999999,2.06890238152565
55,0.0130399999999999,1.74934547649291
56,0.01328,1.55566354928376
57,0.01352,2.08202957048923
58,0.01376,1.64212937083612
59,0.014,1.93028388619255
60,0.01424,1.6124517050476
61,0.01448,1.89674934434666
62,0.0147200000000001,1.82090044810043
63,0.0149600000000001,1.74273001656
64,0.0152000000000001,2.03007943435332
65,0.0154400000000001,1.71144881760187
66,0.0156799999999999,1.99497375430845
67,0.0159199999999999,1.56107626892429
68,0.01616,2.08431743843469
69,0.0164,1.76642164467489
70,0.01664,1.57128359504202
71,0.01688,2.09278745793324
72,0.01712,1.77843640757716
73,0.01736,1.94187858847077
74,0.0176000000000001,1.74136358802923
75,0.0178400000000001,1.78920930326961
76,0.0180800000000001,1.94788275068823
77,0.0183200000000001,1.63334210838604
78,0.0185600000000001,2.15830152165088
79,0.0187999999999999,1.59805316734257
80,0.0190399999999999,1.52623671982122
81,0.01928,2.2868432767213
82,0.01952,1.60905792306554
83,0.01976,2.13555035085807
84,0.02,1.57332925998159
85,0.02024,2.10093185633741
86,0.0204800000000001,1.78117861445331
87,0.0207200000000001,1.70674679646193
88,0.0209600000000001,2.11186968787895
89,0.0212000000000001,1.54897664696901
90,0.0214400000000001,2.19753138788811
91,0.0216799999999999,1.75643756050666
92,0.0219199999999999,2.03999329456204
93,0.02216,1.60617942481048
94,0.0224,2.00744938260153
95,0.02264,1.93239068854977
96,0.02288,1.73425353478045
97,0.02312,2.01623814785755
98,0.02336,1.57957421721841
99,0.0236000000000001,2.10099441774943
100,0.0238400000000001,1.30377027455706
101,0.0240800000000001,2.3113208645858
102,0.0243200000000001,1.6287574784465
103,0.0245599999999999,1.79770293566772
104,0.0247999999999999,1.95631557039118
105,0.02504,1.64171843493156
106,0.02528,2.16662408901953
107,0.02552,1.72575056916258
108,0.02576,2.01302378635491
109,0.026,1.57186627374539
110,0.02624,1.97869355930549
111,0.0264800000000001,1.77956819558538
112,0.0267200000000001,1.94168436121154
113,0.0269600000000001,1.74505518181425
114,0.0272000000000001,1.90605859181349
115,0.0274400000000001,2.07139135438074
116,0.0276799999999999,1.75239646170394
117,0.0279199999999999,2.03121273740296
118,0.02816,1.83464319427274
119,0.0284,1.87630806811003
120,0.02864,1.79892763622032
121,0.02888,1.84652686086041
122,0.02912,2.12566155570122
123,0.0293600000000001,1.69059842401262
124,0.0296000000000001,2.45106869627244
125,0.0298400000000001,1.52997256090417
126,0.0300800000000001,2.29438842449877
127,0.0303200000000001,1.61196885689835
128,0.0305599999999999,2.14015359655077
129,0.0307999999999999,1.81916630299718
130,0.03104,1.74355569922942
131,0.03128,2.02723915489761
132,0.03152,1.82405746246199
133,0.03176,2.10904757858898
134,0.032,1.66705051317048
135,0.03224,1.83385148390583
136,0.0324800000000001,1.87489595839121
137,0.0327200000000001,1.91372571717863
138,0.0329600000000001,1.95824990682082
139,0.0332000000000001,1.87843698427057
140,0.0334400000000001,1.80118810525216
141,0.0336799999999999,1.8454214857676
142,0.03392,2.12439910363158
143,0.03416,1.80946186272054
144,0.0344,1.96973810328286
145,0.03464,2.12828471274852
146,0.03488,1.69250080033629
147,0.03512,2.09233005266326
148,0.0353600000000001,1.53221394834534
149,0.0356000000000001,2.05887009664466
150,0.0358400000000001,1.85276961606372
151,0.0360800000000001,1.77765102364049
152,0.0363200000000001,1.93894716051576
153,0.0365599999999999,1.97558724393702
154,0.0367999999999999,1.65985932091852
155,0.03704,2.42201245021699
156,0.03728,1.61932246759249
157,0.03752,2.26472693701249
158,0.03776,1.8188138454671
159,0.038,1.6232415469771
160,0.0382400000000001,2.02580038930685
161,0.0384800000000001,1.82127139544806
162,0.0387200000000001,2.10628911764211
163,0.0389600000000001,1.90699993555726
164,0.0392000000000001,1.94473454979227
165,0.0394399999999999,1.74943285697571
166,0.0396799999999999,2.26987953344349
167,0.03992,1.46695078193114
168,0.04016,2.11300057778006
169,0.0404,1.66685796521557
170,0.04064,1.95125128356386
171,0.04088,1.75226311120581
172,0.04112,1.91010018867351
173,0.0413600000000001,2.07590818166521
174,0.0416000000000001,1.87368581268079
175,0.0418400000000001,1.79620447098307
176,0.0420800000000001,2.19840838226908
177,0.0423200000000001,1.87238187205888
178,0.0425599999999999,1.91565064128531
179,0.0427999999999999,2.19807547777529
180,0.04304,1.63288458095908
181,0.04328,1.92065470227772
182,0.04352,1.96060075286231
183,0.04376,1.9962135045495
184,0.044,1.79842432112907
185,0.0442400000000001,2.44027114029636
186,0.0444800000000001,1.63539504451041
187,0.0447200000000001,2.2821708690775
188,0.0449600000000001,1.95740728680929
189,0.0452000000000001,1.87944702016851
190,0.0454399999999999,1.68507622377717
191,0.0456799999999999,2.3253822420552
192,0.04592,1.64321109096278
193,0.04616,1.92931800186804
194,0.0464,2.20565667239486
195,0.04664,1.76791724977898
196,0.04688,2.28789306766588
197,0.0471200000000001,1.48321799380673
198,0.0473600000000001,2.368991480183
199,0.0476000000000001,1.8018001931759
200,0.0478400000000001,1.96475785034244
201,0.0480800000000001,2.00562312144358
202,0.0483199999999999,2.16325056070719
203,0.0485599999999999,1.60720826954206
204,0.0488,2.3652531195299
205,0.04904,1.68628530981282
206,0.04928,2.08662096442951
207,0.04952,1.88127952549742
208,0.04976,1.9245128050003
209,0.05,2.20690088204398
210,0.0502400000000001,1.75887231911677
211,0.0504800000000001,2.0445117456484
212,0.0507200000000001,1.95957170055184
213,0.0509600000000001,1.88136768492248
214,0.0512000000000001,1.80265551831531
215,0.0514399999999999,2.31870927914199
216,0.0516799999999999,1.75996680529713
217,0.05192,2.28011376198467
218,0.05216,1.47601054043501
219,0.0524,2.12224326539597
220,0.05264,1.91417249658056
221,0.05288,1.83717126230563
222,0.0531200000000001,1.99666528492784
223,0.0533600000000001,2.15273472681105
224,0.0536000000000001,1.71419279480645
225,0.0538400000000001,2.47476764264985
226,0.0540800000000001,1.66970175919661
227,0.0543199999999999,2.3128132129869
228,0.0545599999999999,1.625497118866
229,0.0548,1.78993380267805
230,0.05504,1.94899639858587
231,0.05528,1.98435529455011
232,0.05552,1.54449614219191
233,0.05576,2.42758819199679
234,0.056,1.74058131340472
235,0.0562400000000001,2.14539211963077
236,0.0564800000000001,2.06290504189383
237,0.0567200000000001,2.21713424060763
238,0.0569600000000001,1.77938065586238
239,0.0571999999999999,2.29934365860667
240,0.0574399999999999,1.97399789939089
241,0.05768,1.77607607471446
242,0.05792,2.29053901872618
243,0.05816,1.60738464980969
244,0.0584,2.13183470001595
245,0.05864,1.92362458710323
246,0.05888,1.72446971058691
247,0.0591200000000001,2.1261931939308
248,0.0593600000000001,1.91827167498966
249,0.0596000000000001,2.20004559652102
250,0.0598400000000001,1.87780736367772
251,0.0600800000000001,2.15266899536451
252,0.0603199999999999,1.71442267549349
253,0.0605599999999999,2.35110493601314
254,0.0608,1.54473415224545
255,0.06104,2.30992995011641
256,0.06128,1.74244596516293
257,0.06152,2.14349219132428
258,0.06176,1.82074961988531
259,0.0620000000000001,2.21540803837946
260,0.0622400000000001,1.89695386553964
261,0.0624800000000001,2.41204153306171
262,0.0627200000000001,1.48894084787725
263,0.0629600000000001,2.37258752778128
264,0.0631999999999999,1.68481471285599
265,0.0634399999999999,2.08846871954049
266,0.06368,1.88587000238058
267,0.06392,2.16012626529736
268,0.06416,1.96269682448123
269,0.0644,2.11767194817632
270,0.06464,1.91474084524054
271,0.06488,2.07576654869561
272,0.0651200000000001,1.99012885975526
273,0.0653600000000001,1.67030027895012
274,0.0656000000000001,2.30913315895162
275,0.0658400000000001,1.74144897026333
276,0.0660799999999999,2.02638787214405
277,0.0663199999999999,2.30509380796721
278,0.06656,1.73720459314356
279,0.0668,1.9012127766531
280,0.06704,2.4159100938989
281,0.06728,1.97091092295179
282,0.06752,1.8899236302204
283,0.06776,2.04693484786626
284,0.0680000000000001,2.08820354748235
285,0.0682400000000001,1.88540467052103
286,0.0684800000000001,2.27972778330766
287,0.0687200000000001,1.72088314611427
288,0.0689600000000001,2.59733951349397
289,0.0691999999999999,1.78850787587154
290,0.0694399999999999,1.952170090473
291,0.06968,2.10437703059435
292,0.06992,1.90399604389474
293,0.07016,2.06137214220972
294,0.0704,2.09383965191033
295,0.07064,1.65471578247465
296,0.0708800000000001,2.41169694770362
297,0.0711200000000001,1.96705939028822
298,0.0713600000000001,1.77008345900673
299,0.0716000000000001,2.407896984616
300,0.0718400000000001,1.59914585241706
301,0.0720799999999999,2.24266193538469
302,0.0723199999999999,2.03463069623015
303,0.07256,1.59337072155976
304,0.0728,2.47641123682173
305,0.07304,1.90573186050107
306,0.07328,2.06405873517739
307,0.07352,1.86210890078151
308,0.07376,2.25331521977739
309,0.0740000000000001,1.93377252185287
310,0.0742400000000001,2.32666083629927
311,0.0744800000000001,1.64268820201406
312,0.0747200000000001,2.52322016383684
313,0.0749600000000001,1.83248932035698
314,0.0751999999999999,2.23723597499517
315,0.07544,1.91061647121195
316,0.07568,1.94507163925645
317,0.07592,2.34887374553274
318,0.07616,2.01828264658972
319,0.0764,1.9378289563753
320,0.07664,1.85612143598942
321,0.0768800000000001,2.24946190445312
322,0.0771200000000001,1.80779079247806
323,0.0773600000000001,2.32743864114139
324,0.0776000000000001,1.75908581606722
325,0.0778400000000001,2.16410527280526
326,0.0780799999999999,1.95888046964517
327,0.0783199999999999,2.23061904871851
328,0.07856,1.91271662913286
329,0.0788,2.42480735828388
330,0.07904,1.61825753847888
331,0.07928,2.26082362827346
332,0.07952,1.93160797722003
333,0.0797600000000001,2.08909961203099
334,0.0800000000000001,1.88764827347709
335,0.0802400000000001,2.27889659513325
336,0.0804800000000001,1.71756137941518
337,0.0807200000000001,2.47268978743954
338,0.0809599999999999,1.66547955938434
339,0.0811999999999999,2.5453118832004
340,0.08144,1.85391237054835
341,0.08168,2.25802024043101
342,0.08192,1.93078952914904
343,0.08216,1.96466162685832
344,0.0824,2.3679065450447
345,0.08264,2.03678272909542
346,0.0828800000000001,1.95582172591707
347,0.0831200000000001,1.87362913844013
348,0.0833600000000001,2.26650688439548
349,0.0836000000000001,1.82439519820399
350,0.0838400000000001,2.34186259456348
351,0.0840799999999999,2.13181388619026
352,0.08432,1.81277892708024
353,0.08456,2.32686597662399
354,0.0848,1.75883091363537
355,0.08504,2.4016499643132
356,0.08528,1.94892300880959
357,0.08552,2.22838054851214
358,0.0857600000000001,2.02331235442687
359,0.0860000000000001,2.29519252188729
360,0.0862400000000001,1.85452302258813
361,0.0864800000000001,2.48628697509492
362,0.0867200000000001,1.68134490994386
363,0.0869599999999999,2.44093397796359
364,0.0871999999999999,1.99139983278181
365,0.08744,1.79236571895872
366,0.08768,2.54934616890515
367,0.08792,1.85719900827726
368,0.08816,2.01873569025575
369,0.0884,2.17500693958399
370,0.0886400000000001,2.08439956298721
371,0.0888800000000001,1.76545789934852
372,0.0891200000000001,2.63870962285259
373,0.0893600000000001,1.58975970950788
374,0.0896000000000001,2.47284992380108
375,0.0898399999999999,1.90044755682857
376,0.0900799999999999,2.05892025170629
377,0.09032,2.09458563941759
378,0.09056,2.2442013228917
379,0.0908,1.92235623940559
380,0.09104,2.4376561326997
381,0.09128,1.86818394228819
382,0.09152,2.03070329890621
383,0.0917600000000001,2.05891387074539
384,0.0920000000000001,2.2175237331895
385,0.0922400000000001,2.0114831479689
386,0.0924800000000001,2.28201923429156
387,0.0927200000000001,1.96209917257759
388,0.0929599999999999,2.35461749734945
389,0.0931999999999999,1.78576393931645
390,0.09344,2.30797099765116
391,0.09368,1.85577482500857
392,0.09392,2.13355630161907
393,0.09416,2.05415366845476
394,0.0944,2.44360454353862
395,0.0946400000000001,1.76159852924691
396,0.0948800000000001,2.63528799378798
397,0.0951200000000001,1.82427558652406
398,0.0953600000000001,2.10654022797341
399,0.0956000000000001,2.38310957593322
400,0.0958399999999999,2.17136300739175
401,0.0960799999999999,2.21198647347557
402,0.09632,2.23951335159123
403,0.09656,2.03447484806774
404,0.0968,2.18914758038502
405,0.09704,2.21728005359976
406,0.09728,1.65461433320908
407,0.0975200000000001,2.52958042353288
408,0.0977600000000001,1.71848169457249
409,0.0980000000000001,2.48043288965514
410,0.0982400000000001,1.90807797426091
411,0.0984800000000001,2.06659788866114
412,0.0987199999999999,2.22169015599935
413,0.0989599999999999,2.24891166695138
414,0.0992,2.04575608859971
415,0.09944,2.20135913218899
416,0.09968,2.11011620029061
417,0.09992,2.39019407324114
418,0.10016,2.06153018003646
419,0.1004,2.0966773344959
420,0.10064,2.13158473360719
421,0.10088,2.4002889842114
422,0.10112,1.95705843496664
423,0.10136,2.46955954053956
424,0.1016,1.78020402590443
425,0.10184,2.54010208344191
426,0.10208,2.08559839477424
427,0.10232,2.24179328541012
428,0.10256,2.03647526994681
429,0.1028,2.42449436221928
430,0.10304,1.74240336949235
431,0.10328,2.61774256554469
432,0.10352,1.92333794215914
433,0.10376,2.32502007885516
434,0.104,2.11572023402292
435,0.10424,2.38488201736693
436,0.10448,1.82481087886803
437,0.10472,2.69660947190395
438,0.10496,1.64585501196516
439,0.1052,2.5272183962769
440,0.10544,2.073428722595
441,0.10568,2.35014003676263
442,0.10592,2.14242705987683
443,0.10616,2.29284314079832
444,0.1064,1.85061832781172
445,0.10664,2.60114038145315
446,0.10688,1.91112098967479
447,0.10712,2.30909878465699
448,0.10736,2.21524769741901
449,0.1076,2.01133879109572
450,0.10784,2.40848351020278
451,0.10808,1.95303224996892
452,0.10832,2.23333337547382
453,0.10856,2.25872722335372
454,0.1088,2.05167341653196
455,0.10904,2.20830128849831
456,0.10928,2.3550904048127
457,0.10952,1.54731313523554
458,0.10976,2.54645318864919
459,0.11,2.09075466495274
460,0.11024,2.24970028743902
461,0.11048,2.28145948953261
462,0.11072,2.07087855134622
463,0.11096,2.1117253416795
464,0.1112,2.37872146540751
465,0.11144,2.05067157007745
466,0.11168,1.96736465028142
467,0.11192,2.35747508421465
468,0.11216,1.91271648407365
469,0.1124,2.66818451821312
470,0.11264,1.73233709401038
471,0.11288,2.25471440642488
472,0.11312,2.40359263528464
473,0.11336,2.071067351203
474,0.1136,2.47111588321744
475,0.11384,2.13693389848627
476,0.11408,2.28793070243597
477,0.11432,2.08681558349403
478,0.11456,2.59470588542445
479,0.1148,2.14409558000929
480,0.11504,2.062546599323
481,0.11528,2.45255544817198
482,0.11552,1.88656439843322
483,0.11576,2.4027855505596
484,0.116,1.94794214093329
485,0.11624,2.3491408583426
486,0.11648,2.14022329196313
487,0.11672,2.40625794904746
488,0.11696,1.96220372234979
489,0.1172,2.47213533432362
490,0.11744,1.90191305967192
491,0.11768,2.4201694245661
492,0.11792,1.96418743889639
493,0.11816,2.23834736464634
494,0.1184,2.1572165544924
495,0.11864,2.54328138197892
496,0.11888,1.8580365197448
497,0.11912,2.72862567602044
498,0.11936,1.79436958300143
499,0.1196,2.55181453441817
500,0.11984,2.09325327506347
501,0.12008,2.25035007689141
502,0.12032,2.28295210673473
503,0.12056,2.30718610731956
504,0.1208,2.10509041809628
505,0.12104,2.49265356292433
506,0.12128,1.92432763637756
507,0.12152,2.20165988498149
508,0.12176,2.34757897698642
509,0.122,2.14117111020498
510,0.12224,2.29366114056012
511,0.12248,2.19769765087079
512,0.12272,2.23710498398713
513,0.12296,2.38631056212232
514,0.1232,2.05407520796531
515,0.12344,2.33153299223655
516,0.12368,2.23830376339323
517,0.12392,2.15221218289109
518,0.12416,2.3043045431739
519,0.1244,2.20969799789626
520,0.12464,2.24993883899743
521,0.12488,2.39517910547391
522,0.12512,2.06570052325229
523,0.12536,2.21896598982418
524,0.1256,2.36340651654403
525,0.12584,1.55600104273015
526,0.12608,2.67273482138699
527,0.12632,1.85755959979392
528,0.12656,2.49711471642676
529,0.1268,2.16236886332455
530,0.12704,2.07316146065958
531,0.12728,2.35301003083882
532,0.12752,2.1348156842789
533,0.12776,2.16933241984784
534,0.128,2.08378117124582
535,0.12824,2.58852659608354
536,0.12848,1.9030287912308
537,0.12872,2.77427396849623
538,0.12896,1.95786868469112
539,0.1292,2.35788047389682
540,0.12944,2.14480107418113
541,0.12968,2.294862425014
542,0.12992,2.08975834580075
543,0.13016,2.47535804686413
544,0.1304,1.90949216127174
545,0.13064,2.7805338183756
546,0.13088,1.7260027845
547,0.13112,2.48650747101051
548,0.13136,2.14982976865037
549,0.1316,2.30280458027174
550,0.13184,2.09440982580782
551,0.13208,2.47901195954726
552,0.13232,1.79325055917584
553,0.13256,2.66812117507412
554,0.1328,2.20815407860704
555,0.13304,1.88191634493163
556,0.13328,2.75600300268372
557,0.13352,1.93750896217403
558,0.13376,2.45669958555843
559,0.134,2.24386870847862
560,0.13424,2.39025672087094
561,0.13448,1.94677933791558
562,0.13472,2.69129362663603
563,0.13496,1.99817217959107
564,0.1352,2.39535067603023
565,0.13544,2.29986324136768
566,0.13568,2.21161429229212
567,0.13592,2.36164306822335
568,0.13616,2.02451306896149
569,0.1364,2.54349435602216
570,0.13664,2.08559355935359
571,0.13688,2.23811566927732
572,0.13712,2.03276200729131
573,0.13736,2.53662805234817
574,0.1376,1.97104891599852
575,0.13784,2.3625549111149
576,0.13808,2.50523871294632
577,0.13832,1.8212139772996
578,0.13856,2.69077744280972
579,0.1388,1.87451519517308
580,0.13904,2.51124787772722
581,0.13928,2.17252432019639
582,0.13952,2.08343200730426
583,0.13976,2.24006303999648
584,0.14,2.26090055296501
585,0.14024,2.05734395946995
586,0.14048,2.33104446613326
587,0.14072,2.47304184498021
588,0.14096,1.90515262035028
589,0.1412,2.77685182927419
590,0.14144,1.8375581015134
591,0.14168,2.35796276230071
592,0.14192,2.26568859343156
593,0.14216,2.28685313162639
594,0.1424,2.08486925254243
595,0.14264,2.59060491118001
596,0.14288,2.01636829674811
597,0.14312,2.29285231128931
598,0.14336,2.55644882558885
599,0.1436,1.86477096947042
600,0.14384,2.50085311217945
601,0.14408,2.03949706257599
602,0.14432,2.316819733142
603,0.14456,2.22775571976252
604,0.1448,2.61059902318477
605,0.14504,1.92317927861965
606,0.14528,2.79210302558128
607,0.14552,1.97348850900461
608,0.14576,2.25239980887809
609,0.146,2.51917438728229
610,0.14624,1.94341104329318
611,0.14648,2.58144824605184
612,0.14672,2.12235593107216
613,0.14696,2.3935697304206
614,0.1472,2.18233652060244
615,0.14744,2.56379024700764
616,0.14768,1.75518436200288
617,0.14792,2.5094837745846
618,0.14816,2.41092089909794
619,0.1484,1.96545362815569
620,0.14864,2.59909370663552
621,0.14888,2.1389069904833
622,0.14912,2.65478865673799
623,0.14936,2.19608311092891
624,0.1496,2.2271476854735
625,0.14984,2.14004488711704
626,0.15008,2.52435028091713
627,0.15032,1.95941285284647
628,0.15056,2.70452439535212
629,0.1508,2.01021563233125
630,0.15104,2.40409515907963
631,0.15128,2.42527042047863
632,0.15152,2.09436400195625
633,0.15176,2.49074594882154
634,0.152,2.14870251056558
635,0.15224,2.30089689259974
636,0.15248,2.21158011757437
637,0.15272,2.59288930821791
638,0.15296,2.14623731962359
639,0.1532,2.76958587761749
640,0.15344,2.07431789317375
641,0.15368,2.22978468124146
642,0.15392,2.73232529324122
643,0.15416,1.79727395707636
644,0.1544,2.67511940679924
645,0.15464,2.21534863744705
646,0.15488,2.36869140260737
647,0.15512,2.15803649410806
648,0.15536,2.65987245589207
649,0.1556,2.09451854930511
650,0.15584,2.60041719933546
651,0.15608,2.02895805922727
652,0.15632,2.42183743545288
653,0.15656,2.56232909560435
654,0.1568,1.99386904618184
655,0.15704,2.86242799196147
656,0.15728,1.9201279613882
657,0.15752,2.43765417689408
658,0.15776,2.34262341433541
659,0.158,2.2448150283452
660,0.15824,2.40052285846912
661,0.15848,2.42087567079137
662,0.15872,2.20899795783507
663,0.15896,2.12135024258069
664,0.1592,2.62233361473813
665,0.15944,2.05399569655341
666,0.15968,2.5653253707908
667,0.15992,2.46485466678725
668,0.16016,2.01756283122385
669,0.1604,2.64945644300611
670,0.16064,2.18759980208124
671,0.16088,2.58424649583625
672,0.16112,2.36706804717638
673,0.16136,2.39383094577949
674,0.1616,2.06817885108967
675,0.16184,2.80905298231032
676,0.16208,1.8784575765852
677,0.16232,2.51344508441576
678,0.16256,2.41317194278281
679,0.1628,2.20312394592967
680,0.16304,2.59439229748851
681,0.16328,2.25270522513088
682,0.16352,2.52943198750255
683,0.16376,2.31476939995431
684,0.164,2.33564956479352
685,0.16424,2.37349321997855
686,0.16448,2.63450685898453
687,0.16472,2.29813855101987
688,0.16496,2.33020166904907
689,0.1652,2.59183497473617
690,0.16544,2.02246010817594
691,0.16568,2.89187202029534
692,0.16592,1.94867081839046
693,0.16616,2.4653363457698
694,0.1664,2.36948238089979
695,0.16664,2.27088927072737
696,0.16688,2.3077724791532
697,0.16712,2.45238384443147
698,0.16736,2.23604993833883
699,0.1676,2.27006538370523
700,0.16784,2.77278469551978
701,0.16808,1.71937888839867
702,0.16832,2.71364834242935
703,0.16856,2.24889214021062
704,0.1688,2.27938359969149
705,0.16904,2.43010428623083
706,0.16928,2.56512066521652
707,0.16952,2.23766169332205
708,0.16976,2.38542575506548
709,0.17,2.52811325040189
710,0.17024,1.96216265803286
711,0.17048,2.70453086369047
712,0.17072,2.13139613331804
713,0.17096,2.16530671000291
714,0.1712,2.78515215931906
715,0.17144,1.73135523777309
716,0.17168,2.72873919806296
717,0.17192,2.38461101553501
718,0.17216,2.17142042856021
719,0.1724,2.68343028393708
720,0.17264,2.09904344248148
721,0.17288,2.61512856853063
722,0.17312,2.39713445567279
723,0.17336,2.53858448972799
724,0.1736,1.97492582127421
725,0.17384,2.95961356456418
726,0.17408,2.13496675277414
727,0.17432,2.53057453847532
728,0.17456,2.43355020060454
729,0.1748,2.45975532025275
730,0.17504,2.37061535701713
731,0.17528,2.5084766058048
732,0.17552,2.29746797618823
733,0.17576,2.32436584772551
734,0.176,2.58326462353743
735,0.17624,1.89579540721218
736,0.17648,2.88361571846486
737,0.17672,2.1787232329643
738,0.17696,2.33460305039281
739,0.1772,2.72075616062565
740,0.17744,2.02210603720502
741,0.17768,2.77829963450438
742,0.17792,2.31417631748019
743,0.17816,2.34222200715715
744,0.1784,2.37512847135899
745,0.17864,2.63145403826033
746,0.17888,2.18168272385578
747,0.17912,2.45167596147479
748,0.17936,2.70994888418439
749,0.1796,1.89944434415114
750,0.17984,2.89029102314479
751,0.18008,2.06802598181041
752,0.18032,2.22364005867672
753,0.18056,2.96859452669985
754,0.1808,2.02531187294397
755,0.18104,2.42072045957929
756,0.18128,2.56187638208431
757,0.18152,2.22633317205994
758,0.18176,2.37990038079196
759,0.182,2.51545579130718
760,0.18224,2.18459750021594
761,0.18248,2.33479689964075
762,0.18272,2.71292320215507
763,0.18296,2.02271271413844
764,0.1832,2.76648959629484
765,0.18344,2.18637598992725
766,0.18368,2.22106514058829
767,0.18392,2.84512378224762
768,0.18416,1.90431146458951
769,0.1844,2.6624709501758
770,0.18464,2.56011576393432
771,0.18488,2.46012474020574
772,0.18512,2.1326176855485
773,0.18536,2.87343118001519
774,0.1856,2.17461206325206
775,0.18584,2.32579166987724
776,0.18608,2.70529868219943
777,0.18632,1.77371311481195
778,0.18656,2.64480139282482
779,0.1868,2.42176762082266
780,0.18704,2.0947433413361
781,0.18728,2.72444859749817
782,0.18752,2.37596857929138
783,0.18776,2.52900377306997
784,0.188,2.4334896916017
785,0.18824,2.44936890462056
786,0.18848,2.48330721674924
787,0.18872,2.38283831936435
788,0.18896,2.4075112962055
789,0.1892,2.56180050328247
790,0.18944,2.45707070189229
791,0.18968,2.36743630214644
792,0.18992,2.27642159502023
793,0.19016,2.77244083205252
794,0.1904,1.84203449797582
795,0.19064,2.83323654721281
796,0.19088,2.48671288875709
797,0.19112,2.15486599846316
798,0.19136,3.02222590668715
799,0.1916,2.07795240667374
800,0.19184,2.59356658605007
801,0.19208,2.61134992157392
802,0.19232,2.27412648480672
803,0.19256,2.54856051121221
804,0.1928,2.56351391188848
805,0.19304,2.2292816794256
806,0.19328,2.3819149391159
807,0.19352,2.75973096312216
808,0.19376,1.8226259635602
809,0.194,2.81700151751773
810,0.19424,2.59069946699821
811,0.19448,2.13462929678753
812,0.19472,2.88406514048724
813,0.19496,2.17817504700987
814,0.1952,2.33183190531413
815,0.19544,2.83567658569372
816,0.19568,2.01125229460745
817,0.19592,2.64848894100668
818,0.19616,2.54724431062549
819,0.1964,2.56726047446883
820,0.19664,2.1209809558807
821,0.19688,2.98048254097372
822,0.19712,2.27794406578472
823,0.19736,2.30879912652765
824,0.1976,2.80677065038385
825,0.19784,1.87564568571862
826,0.19808,2.74280336949792
827,0.19832,2.64065568149956
828,0.19856,2.0727804889981
829,0.1988,3.05386520549619
830,0.19904,2.11029824982933
831,0.19928,2.62570788661167
832,0.19952,2.52430680115043
833,0.19976,2.42171099631717
834,0.2,2.33489409099799
835,0.20024,2.47187010948851
836,0.20048,2.4949045823168
837,0.20072,2.40533980956086
838,0.20096,2.54150527866814
839,0.2012,2.33582526591046
840,0.20144,2.47805239122123
841,0.20168,2.61720975037734
842,0.20192,2.05049830814401
843,0.20216,3.03573745272043
844,0.2024,2.08785588987287
845,0.20264,2.6018082266762
846,0.20288,2.50288930742479
847,0.20312,2.63842584885324
848,0.20336,1.94841262762342
849,0.2036,2.9355402645615
850,0.20384,2.22693143666989
851,0.20408,2.38104929170039
852,0.20432,2.88574683488627
853,0.20456,2.29874648476049
854,0.2048,2.45235999646568
855,0.20504,2.58619027093145
856,0.20528,2.37177079720947
857,0.20552,2.28080427879446
858,0.20576,2.8953779702038
859,0.206,1.84046102617269
860,0.20624,2.83240629433731
861,0.20648,2.36412305542704
862,0.20672,2.26963815288471
863,0.20696,2.42241162694607
864,0.2072,2.91626327945006
865,0.20744,2.21653373619341
866,0.20768,2.60739171494454
867,0.20792,2.86271819338096
868,0.20816,2.04289607677946
869,0.2084,2.91585190415168
870,0.20864,2.32854708458517
871,0.20888,2.47845012752511
872,0.20912,2.86146649335696
873,0.20936,2.03650903711076
874,0.2096,2.67146935298594
875,0.20984,2.56851241169104
876,0.21008,2.34896292556987
877,0.21032,2.38252802091122
878,0.21056,2.87826264004503
879,0.2108,2.18033548851678
880,0.21104,2.57291783030049
881,0.21128,2.82858109891549
882,0.21152,2.36509104699297
883,0.21176,2.63855103480348
884,0.212,2.53101798689145
885,0.21224,2.43434699583367
886,0.21248,2.586736995923
887,0.21272,2.47889286713854
888,0.21296,2.51001185389677
889,0.2132,2.65344833078082
890,0.21344,2.3074440271396
891,0.21368,2.46281932578511
892,0.21392,2.72207643398925
893,0.21416,2.49951151601301
894,0.2144,2.17156321653505
895,0.21464,3.15207104116465
896,0.21488,2.08332583500985
897,0.21512,2.71606326885941
898,0.21536,2.61140465267945
899,0.2156,2.62685231574623
900,0.21584,2.4189192462824
901,0.21608,2.55291958462912
902,0.21632,2.4541666913646
903,0.21656,2.24503007754338
904,0.2168,2.85946852558927
905,0.21704,2.16913652901914
906,0.21728,2.67180530624723
907,0.21752,2.56790271963207
908,0.21776,2.11948336840016
909,0.218,3.10240154511515
910,0.21824,2.03596541483561
911,0.21848,2.67093309487975
912,0.21872,2.56968666426026
913,0.21896,2.70211071162103
914,0.2192,2.13243034005683
915,0.21944,3.11223076338653
916,0.21968,2.28290742250143
917,0.21992,2.43391847568889
918,0.22016,3.17052803663058
919,0.2204,2.1077313649263
920,0.22064,2.62017417475081
921,0.22088,2.51383125833475
922,0.22112,2.30324241387335
923,0.22136,3.04821608583436
924,0.2216,2.21955653817606
925,0.22184,2.61309561463067
926,0.22208,2.51319025312037
927,0.22232,2.52793671615682
928,0.22256,2.32024977289158
929,0.2228,2.93903306873342
930,0.22304,2.35487082953697
931,0.22328,2.26671017408865
932,0.22352,3.12314558728478
933,0.22376,2.06212652140395
934,0.224,2.57321987038909
935,0.22424,2.94618928130545
936,0.22448,1.77045289844423
937,0.22472,3.12003847693036
938,0.22496,2.1729231581207
939,0.2252,2.44615345190188
940,0.22544,3.0652347891913
941,0.22568,2.00332669049967
942,0.22592,2.75761958930148
943,0.22616,2.65159130841746
944,0.2264,2.42910503409964
945,0.22664,2.45986010188095
946,0.22688,2.95290593690321
947,0.22712,2.2524090813991
948,0.22736,2.40199020066634
949,0.2276,3.01394443486579
950,0.22784,1.95569503577835
951,0.22808,2.70297767383951
952,0.22832,2.83476562365659
953,0.22856,2.14340453730884
954,0.2288,3.12439632404236
955,0.22904,2.06005240118494
956,0.22928,2.57321306736716
957,0.22952,2.94771467263921
958,0.22976,1.88760186062138
959,0.23,2.88066915262737
960,0.23024,2.41169553819811
961,0.23048,2.43688024176292
962,0.23072,2.34500590709617
963,0.23096,2.95783997343058
964,0.2312,2.14356587665288
965,0.23144,2.64924248046384
966,0.23168,2.66149367439312
967,0.23192,2.08934609058291
968,0.23216,2.95387755640203
969,0.2324,2.48231276533851
970,0.23264,2.39077120447878
971,0.23288,3.12890267428868
972,0.23312,2.06147910673276
973,0.23336,2.69635027565242
974,0.2336,2.58893268441966
975,0.23384,2.2527039027193
976,0.23408,2.76249311562386
977,0.23432,2.41083922078564
978,0.23456,2.56000696914189
979,0.2348,2.46295415748948
980,0.23504,2.71396668454445
981,0.23528,2.50399166394624
982,0.23552,2.76236249105811
983,0.23576,2.65528143486773
984,0.236,2.20470361602576
985,0.23624,3.18205356869071
986,0.23648,2.23448537266806
987,0.23672,2.50550672204772
988,0.23696,3.11986537065409
989,0.2372,1.93710858358439
990,0.23744,3.04859983522541
991,0.23768,2.57746591366254
992,0.23792,2.24540998072978
993,0.23816,2.99360163267149
994,0.2384,2.16455763057403
995,0.23864,2.67929247065566
996,0.23888,2.81643737302008
997,0.23912,2.23129255114349
998,0.23936,2.62502396844382
999,0.2396,2.75845870078847
1000,0.23984,2.53799721532915
1001,0.24008,2.32706293294673
1002,0.24032,3.06002231656829
1003,0.24056,2.12185963836191
1004,0.2408,2.62844028646362
1005,0.24104,2.87857287719455
1006,0.24128,2.058132191691
1007,0.24152,2.924407868548
1008,0.24176,2.57171442327535
1009,0.242,2.35771570004046
1010,0.24224,3.09767258414493
1011,0.24248,2.14747307899497
1012,0.24272,2.66135158601306
1013,0.24296,2.91489858437008
1014,0.2432,2.21016844692846
1015,0.24344,2.84376677937845
1016,0.24368,2.61312240075156
1017,0.24392,2.27583028132414
1018,0.24416,2.78502582872022
1019,0.2444,2.43280345353965
1020,0.24464,2.58142748741208
1021,0.24488,2.48385374951887
1022,0.24512,2.73436856912795
1023,0.24536,2.52391801182709
1024,0.2456,2.78183344933476
1025,0.24584,2.67431841806888
1026,0.24608,2.22332616367157
1027,0.24632,3.20027976125939
1028,0.24656,2.25233475129664
1029,0.2468,2.52299645075949
1030,0.24704,3.01675492238033
1031,0.24728,2.19186745351064
1032,0.24752,2.94363912807687
1033,0.24776,2.59204274783841
1034,0.248,2.49420234488531
1035,0.24824,2.523863425014
1036,0.24848,2.77318488520676
1037,0.24872,2.32107345174569
1038,0.24896,2.70383485564739
1039,0.2492,2.71794243603702
1040,0.24944,2.14883781345575
1041,0.24968,3.12609755312374
1042,0.24992,2.18458981779173
1043,0.25016,2.69451225064105
1044,0.2504,2.82710856232444
1045,0.25064,2.00756220049022
1046,0.25088,2.99670773866168
1047,0.25112,2.4050379525419
1048,0.25136,2.43139189227353
1049,0.2516,2.69489543499574
1050,0.25184,2.46327267974957
1051,0.25208,2.73373463727427
1052,0.25232,2.63069077899577
1053,0.25256,2.76273664437706
1054,0.2528,2.43278428510403
1055,0.25304,2.92676374654753
1056,0.25328,2.58143060627496
1057,0.25352,2.25151849398397
1058,0.25376,3.10246239300852
1059,0.254,2.04359809946822
1060,0.25424,2.79160660136792
1061,0.25448,2.68313265275955
1062,0.25472,2.23169302307046
1063,0.25496,3.33367844229049
1064,0.2552,2.38378088968414
1065,0.25544,2.53536993787897
1066,0.25568,3.0341657523934
1067,0.25592,2.08641917974402
1068,0.25616,2.83967595518855
1069,0.2564,2.73088550061778
1070,0.25664,2.14974653650049
1071,0.25688,2.77954992660752
1072,0.25712,2.42721193835182
1073,0.25736,2.45283676001968
1074,0.2576,2.7156426583312
1075,0.25784,2.48335309689252
1076,0.25808,2.63423666455874
1077,0.25832,2.7671488103909
1078,0.25856,2.66036345201184
1079,0.2588,2.56994527985656
1080,0.25904,2.81852454177378
1081,0.25928,2.47771274625244
1082,0.25952,2.50548580378879
1083,0.25976,2.87284064686131
1084,0.26,2.29701010441359
1085,0.26024,2.68127085284373
1086,0.26048,2.92992669548951
1087,0.26072,1.9982410750773
1088,0.26096,3.10276964427321
1089,0.2612,2.63160456784097
1090,0.26144,2.30118828924147
1091,0.26168,3.400417319191
1092,0.26192,2.33240801842461
1093,0.26216,2.60370489402836
1094,0.2624,3.09762055575497
1095,0.26264,2.0341007793928
1096,0.26288,2.90448293813393
1097,0.26312,2.79360362332195
1098,0.26336,2.09586302521171
1099,0.2636,3.08167735631701
1100,0.26384,2.24760493065576
1101,0.26408,2.63773721522194
1102,0.26432,2.8927662024702
1103,0.26456,2.30316782686011
1104,0.2648,2.93402663857137
1105,0.26504,2.70294444046517
1106,0.26528,2.36000010484566
1107,0.26552,2.86900305777818
1108,0.26576,2.51442592503566
1109,0.266,2.41851821284556
1110,0.26624,2.80341698846009
1111,0.26648,2.80865021007997
1112,0.26672,2.35573338041761
1113,0.26696,2.73772521489187
1114,0.2672,2.86570920165616
1115,0.26744,2.05432733948909
1116,0.26768,3.15278817517888
1117,0.26792,2.44135988917548
1118,0.26816,2.47333346906893
1119,0.2684,3.20933628220966
1120,0.26864,2.37737228825739
1121,0.26888,2.77076051288931
1122,0.26912,2.78267781866418
1123,0.26936,2.67741435501433
1124,0.2696,2.46861363266604
1125,0.26984,2.84012501703582
1126,0.27008,2.37943769518527
1127,0.27032,2.52874032345034
1128,0.27056,3.1373561931507
1129,0.2708,1.95825235014335
1130,0.27104,2.94774492638787
1131,0.27128,2.71504180935945
1132,0.27152,2.25983150752436
1133,0.27176,3.12465600470792
1134,0.272,2.52870926939617
1135,0.27224,2.31564707590197
1136,0.27248,3.17807469419409
1137,0.27272,2.46263581650495
1138,0.27296,2.60976899544554
1139,0.2732,3.10604020728312
1140,0.27344,2.27877473580405
1141,0.27368,3.02826502905562
1142,0.27392,2.55465788083666
1143,0.27416,2.69789785023602
1144,0.2744,2.59731238421822
1145,0.27464,2.72426307791377
1146,0.27488,2.63441461825269
1147,0.27512,2.76800796095433
1148,0.27536,2.77777802843337
1149,0.2756,2.56926022890756
1150,0.27584,2.93840496159633
1151,0.27608,2.5930736863948
1152,0.27632,2.5001863451012
1153,0.27656,3.22709477842388
1154,0.2768,2.16374048279868
1155,0.27704,2.79197862865467
1156,0.27728,2.91796831541462
1157,0.27752,2.09861711421379
1158,0.27776,3.20689747322154
1159,0.278,2.49042123280015
1160,0.27824,2.39649315199832
1161,0.27848,3.13625086262654
1162,0.27872,2.539690857535
1163,0.27896,2.45106140026038
1164,0.2792,2.82940058541286
1165,0.27944,2.83755528349378
1166,0.27968,2.14640687522667
1167,0.27992,3.36117918474748
1168,0.28016,2.2877699686498
1169,0.2804,2.68074881046611
1170,0.28064,3.0548159013935
1171,0.28088,2.58433726999329
1172,0.28112,2.61625887674333
1173,0.28136,2.74781853652203
1174,0.2816,2.64327094136279
1175,0.28184,2.31313581697516
1176,0.28208,3.28150230647048
1177,0.28232,2.0961674298961
1178,0.28256,2.84874458486314
1179,0.2828,2.85740630040021
1180,0.28304,2.39517620401961
1181,0.28328,2.78528865174555
1182,0.28352,2.78802922713703
1183,0.28376,2.33015453203175
1184,0.284,2.59762484120599
1185,0.28424,3.0857179165796
1186,0.28448,2.02620596300871
1187,0.28472,3.25379917807479
1188,0.28496,2.5355443183247
1189,0.2852,2.56150209966394
1190,0.28544,2.70609146880658
1191,0.28568,2.83178132510117
1192,0.28592,2.25835259087167
1193,0.28616,2.99873124504874
1194,0.2864,2.76402510609518
1195,0.28664,2.3103413195313
1196,0.28688,3.17356415079082
1197,0.28712,2.33776937740209
1198,0.28736,2.72885554004311
1199,0.2876,2.8631585354043
1200,0.28784,2.87059269460792
1201,0.28808,2.17960958939144
1202,0.28832,3.27733348501722
1203,0.28856,2.44581703249529
1204,0.2888,2.59603760058063
1205,0.28904,3.20766940855799
1206,0.28928,2.376150362449
1207,0.28952,2.64881889540801
1208,0.28976,2.77927158082195
1209,0.29,2.67366451109383
1210,0.29024,2.34251532146779
1211,0.29048,3.30991081995483
1212,0.29072,2.12364752279695
1213,0.29096,2.75417020243401
1214,0.2912,3.00170291484008
1215,0.29144,2.17923284108224
1216,0.29168,3.0479118152526
1217,0.29192,2.56850042902377
1218,0.29216,2.59197821866619
1219,0.2924,2.73635369504936
1220,0.29264,2.86098554392366
1221,0.29288,2.28654489982862
1222,0.29312,2.78717716909628
1223,0.29336,2.79373988064152
1224,0.2936,2.21964753127737
1225,0.29384,3.43916697891805
1226,0.29408,2.3637528102313
1227,0.29432,2.75395581557087
1228,0.29456,3.12536475813922
1229,0.2948,2.65234130268753
1230,0.29504,2.6831486188103
1231,0.29528,2.81232465910179
1232,0.29552,2.70549588743844
1233,0.29576,2.37317742627799
1234,0.296,3.33945364088803
1235,0.29624,2.152119779873
1236,0.29648,2.78161783295474
1237,0.29672,3.02817017200376
1238,0.29696,2.20476262360578
1239,0.2972,3.07254456028394
1240,0.29744,2.5922752750716
1241,0.29768,2.61493306122411
1242,0.29792,2.75852401331691
1243,0.29816,2.88240606081967
1244,0.2984,2.30724890070558
1245,0.29864,3.04597355767965
1246,0.29888,2.80968703748195
1247,0.29912,2.23511061832473
1248,0.29936,3.45416749268769
1249,0.2996,2.37831263678112
1250,0.29984,2.76809522360406
1251,0.30008,3.13910247378049
1252,0.30032,2.66569721530988
1253,0.30056,2.69614016368186
1254,0.3008,2.82496847250342
1255,0.30104,2.71780956731006
1256,0.30128,2.3851759751394
1257,0.30152,3.35115207892
1258,0.30176,2.16353348488417
1259,0.302,2.79276000960937
1260,0.30224,2.91702620046053
1261,0.30248,2.45295198533664
1262,0.30272,2.84130062828029
1263,0.30296,2.84235615938054
1264,0.3032,2.3828741018095
1265,0.30344,2.64880734601136
1266,0.30368,3.01385595129278
1267,0.30392,2.19136380923612
1268,0.30416,3.06002331607996
1269,0.3044,2.58059800458817
1270,0.30464,2.60406845204897
1271,0.30488,2.7444962535331
1272,0.30512,2.86625043008542
1273,0.30536,2.29209233443313
1274,0.3056,3.15159808138595
1275,0.30584,2.7942179632862
1276,0.30608,2.34000025968111
1277,0.30632,3.43582654146376
1278,0.30656,2.35891010628595
1279,0.3068,2.74983479385202
1280,0.30704,2.88095246727647
1281,0.30728,2.64741716328723
1282,0.30752,2.677640224385
1283,0.30776,2.92349309495174
1284,0.308,2.58140362153872
1285,0.30824,2.37133955589362
1286,0.30848,3.33823717639613
1287,0.30872,2.02993777713557
1288,0.30896,3.25790316967685
1289,0.3092,2.77613641489738
1290,0.30944,2.68018688605342
1291,0.30968,2.81749663029131
1292,0.30992,2.70273355549366
1293,0.31016,2.61301590237735
1294,0.3104,2.86483143923701
1295,0.31064,2.86830223502486
1296,0.31088,2.29511574285915
1297,0.31112,3.38480830626802
1298,0.31136,2.31729918747064
1299,0.3116,2.8243173152209
1300,0.31184,3.18815652384959
1301,0.31208,2.00590009441408
1302,0.31232,3.11214721463531
1303,0.31256,2.87395731422267
1304,0.3128,2.29758489503012
1305,0.31304,3.39552567103791
1306,0.31328,2.55679363215278
1307,0.31352,2.58553756069845
1308,0.31376,3.07747120630062
1309,0.314,2.60297491641273
1310,0.31424,2.75259043722834
1311,0.31448,2.87648606594465
1312,0.31472,2.53670191161821
1313,0.31496,2.56457550571335
1314,0.3152,3.52942504780946
1315,0.31544,2.22133423593203
1316,0.31568,2.9640587537187
1317,0.31592,2.96818542134587
1318,0.31616,2.1542720923352
1319,0.3164,3.37013443787252
1320,0.31664,2.65466994352339
1321,0.31688,2.44353169034782
1322,0.31712,3.29518048546408
1323,0.31736,2.34203678186707
1324,0.3176,2.97285695395748
1325,0.31784,2.73433830833232
1326,0.31808,2.391269702787
1327,0.31832,3.01778721338748
1328,0.31856,3.01788158510998
1329,0.3188,2.43941975981833
1330,0.31904,2.93920823232131
1331,0.31928,2.82121137602411
1332,0.31952,2.12669069573706
1333,0.31976,3.34387852670916
1334,0.32,2.50459319520816
1335,0.32024,2.65349855756543
1336,0.32048,3.26434161173932
1337,0.32072,2.31266804095902
1338,0.32096,3.06123018452121
1339,0.3212,2.70005020877688
1340,0.32144,2.7272616269413
1341,0.32168,2.86209076558234
1342,0.32192,2.86610987940841
1343,0.32216,2.29344699202909
1344,0.3224,3.50347618876607
1345,0.32264,2.55105732742284
1346,0.32288,2.57862680028444
1347,0.32312,3.54401547870372
1348,0.32336,2.11576286277504
1349,0.3236,3.22201164634123
1350,0.32384,2.50228493774186
1351,0.32408,2.7687083427708
1352,0.32432,2.89966962722885
1353,0.32456,2.78670758524464
1354,0.3248,2.57532153681939
1355,0.32504,3.54092998127279
1356,0.32528,2.11288108500863
1357,0.32552,3.09949700918466
1358,0.32576,2.97999407286277
1359,0.326,2.15941274098394
1360,0.32624,3.26167338102975
1361,0.32648,2.66018004639796
1362,0.32672,2.5664127271574
1363,0.32696,3.05967836741412
1364,0.3272,2.58645663208288
1365,0.32744,2.85405765897495
1366,0.32768,3.21546567330071
1367,0.32792,2.27492802789647
1368,0.32816,3.13604695620756
1369,0.3284,2.65598509563797
1370,0.32864,2.56246943387992
1371,0.32888,3.2969565635605
1372,0.32912,2.33893686307692
1373,0.32936,2.73074182971641
1374,0.3296,3.1032144390146
1375,0.32984,2.62819834561375
1376,0.33008,2.77731973097114
1377,0.33032,3.26112322933014
1378,0.33056,2.31870323370852
1379,0.3308,3.17802388490233
1380,0.33104,2.70021960845299
1381,0.33128,2.48764526272448
1382,0.33152,3.33791972286221
1383,0.33176,2.38346392648287
1384,0.332,3.01302897283554
1385,0.33224,2.77373516857461
1386,0.33248,2.79815951738159
1387,0.33272,2.9303220619429
1388,0.33296,2.69607423317105
1389,0.3332,2.48375153503113
1390,0.33344,3.33426559581021
1391,0.33368,2.38003772860585
1392,0.33392,3.00982002356638
1393,0.33416,2.77030830153458
1394,0.3344,2.42629198752345
1395,0.33464,2.81704227825454
1396,0.33488,3.05698692768686
1397,0.33512,2.47744104981602
1398,0.33536,2.97619246152652
1399,0.3356,2.8603029994614
1400,0.33584,2.40604955256625
1401,0.33608,3.4909832198903
1402,0.33632,2.06552807858021
1403,0.33656,3.28992500726202
1404,0.3368,2.68759011413242
1405,0.33704,2.5930169645344
1406,0.33728,3.32649254207488
1407,0.33752,2.37274686954794
1408,0.33776,3.11932443140646
1409,0.338,2.997216543008
1410,0.33824,2.29921851827028
1411,0.33848,3.15966836023324
1412,0.33872,2.67896712953532
1413,0.33896,2.58484050444361
1414,0.3392,3.31874278460926
1415,0.33944,2.36540494053907
1416,0.33968,3.11237230892991
1417,0.33992,2.99063701185283
1418,0.34016,2.29299526049116
1419,0.3404,3.15378561041837
1420,0.34064,2.67341001726549
1421,0.34088,2.57959482361764
1422,0.34112,3.31379482803202
1423,0.34136,2.47622073206463
1424,0.3416,2.62935800179805
1425,0.34184,3.11827028679047
1426,0.34208,2.76419761867903
1427,0.34232,2.5509609395011
1428,0.34256,3.27556469735386
1429,0.3428,2.33297283149546
1430,0.34304,3.19212983911877
1431,0.34328,2.71417257971835
1432,0.34352,2.50145399598
1433,0.34376,3.47053481656739
1434,0.344,2.15782045786183
1435,0.34424,3.26565741304262
1436,0.34448,2.54437677697622
1437,0.34472,2.69079862983289
1438,0.34496,3.06559093541642
1439,0.3452,2.70869632213978
1440,0.34544,2.737691520329
1441,0.34568,3.10175051537832
1442,0.34592,2.40082915888784
1443,0.34616,2.7835052587194
1444,0.3464,3.26373185558182
1445,0.34664,2.20715840261348
1446,0.34688,3.42577049383033
1447,0.34712,2.58350691455935
1448,0.34736,2.61236504865461
1449,0.3476,3.34406872763479
1450,0.34784,2.62392753940666
1451,0.34808,3.01182938173061
1452,0.34832,2.7718907049769
1453,0.34856,2.79699855247624
1454,0.3488,2.92981692547088
1455,0.34904,2.8160433664356
1456,0.34928,2.60430749624635
1457,0.34952,3.56737385678311
1458,0.34976,2.25501404274408
1459,0.35,3.11738929357238
1460,0.35024,2.75970887099373
1461,0.35048,2.54526639501635
1462,0.35072,3.39286381492334
1463,0.35096,2.08378825160514
1464,0.3512,3.31100957114373
1465,0.35144,2.82590850321602
1466,0.35168,2.72593673543381
1467,0.35192,2.86196301371344
1468,0.35216,2.86715912563928
1469,0.3524,2.65331164396781
1470,0.35264,3.25574717586045
1471,0.35288,2.31440242709268
1472,0.35312,3.17474976016556
1473,0.35336,2.93100744067013
1474,0.3536,2.59380922220677
1475,0.35384,3.32655449261901
1476,0.35408,2.60740674939649
1477,0.35432,2.87509910903034
1478,0.35456,2.99474022244838
1479,0.3548,2.5384761517188
1480,0.35504,3.03530834893467
1481,0.35528,3.03346542166994
1482,0.35552,2.33584742788455
1483,0.35576,3.54396457353175
1484,0.356,2.10952582931435
1485,0.35624,3.21464542294203
1486,0.35648,2.85114068051599
1487,0.35672,2.5109892365475
1488,0.35696,3.24744116720651
1489,0.3572,2.64731440234521
1490,0.35744,2.79660679729609
1491,0.35768,3.27793838799158
1492,0.35792,2.33231243628046
1493,0.35816,2.95107017095595
1494,0.3584,3.06975544922291
1495,0.35864,2.25258140966544
1496,0.35888,3.58425604211812
1497,0.35912,2.14816322904886
1498,0.35936,3.13755754943141
1499,0.3596,3.01805553319589
1500,0.35984,2.19794531883017
1501,0.36008,3.06533482102529
1502,0.36032,2.82174542458442
1503,0.36056,2.60154638426947
1504,0.3608,2.98079221494298
1505,0.36104,2.86300986292784
1506,0.36128,2.88979179055431
1507,0.36152,3.13188899745548
1508,0.36176,2.66202791850681
1509,0.362,2.80601430613687
1510,0.36224,3.04835853583082
1511,0.36248,2.22746316732576
1512,0.36272,3.32898090360932
1513,0.36296,2.7272410896981
1514,0.3632,2.75568079223171
1515,0.36344,3.24334609749252
1516,0.36368,2.8898433719539
1517,0.36392,2.55554617608154
1518,0.36416,3.39621766971296
1519,0.3644,2.20901167312984
1520,0.36464,3.19419405699341
1521,0.36488,2.59312279613215
1522,0.36512,2.73813297951536
1523,0.36536,3.34648795478852
1524,0.3656,2.39378684384981
1525,0.36584,3.14179141308982
1526,0.36608,2.89813361024462
1527,0.36632,2.55843876039459
1528,0.36656,2.93671856535995
1529,0.3668,2.81977305743726
1530,0.36704,2.60331144305615
1531,0.36728,3.44897217320346
1532,0.36752,2.37813321719862
1533,0.36776,3.12557340260653
1534,0.368,2.88139027189363
1535,0.36824,2.78304231489581
1536,0.36848,3.15684277039285
1537,0.36872,2.68092198008173
1538,0.36896,2.83049388227875
1539,0.3692,3.43102362083024
1540,0.36944,2.36280215643643
1541,0.36968,2.63251859384085
1542,0.36992,3.59728930240515
1543,0.37016,2.16103766374898
1544,0.3704,3.2696790497753
1545,0.37064,2.78706450979749
1546,0.37088,2.80886796004967
1547,0.37112,3.06226504283718
1548,0.37136,2.94131182198097
1549,0.3716,2.72847493766195
1550,0.37184,3.33224216349332
1551,0.37208,2.50459712022762
1552,0.37232,3.00351690018621
1553,0.37256,3.0036756986183
1554,0.3728,2.30797462712287
1555,0.37304,3.63776313700871
1556,0.37328,2.19987339287527
1557,0.37352,3.07121468390952
1558,0.37376,2.83265638691304
1559,0.374,2.49394113120814
1560,0.37424,3.23176726246286
1561,0.37448,2.63296075987408
1562,0.37472,3.14038438291481
1563,0.37496,2.90014289133146
1564,0.3752,2.79251201045845
1565,0.37544,2.69511408553858
1566,0.37568,3.17679869923961
1567,0.37592,2.35910330330645
1568,0.37616,3.57302579020047
1569,0.3764,2.61520896016631
1570,0.37664,2.88205658152838
1571,0.37688,3.24401206458702
1572,0.37712,2.17545786872434
1573,0.37736,3.27933722965994
1574,0.3776,2.79310000905429
1575,0.37784,2.70068744639037
1576,0.37808,3.19127115049227
1577,0.37832,2.83185343041958
1578,0.37856,2.61527132877097
1579,0.3788,3.46081633596889
1580,0.37904,2.38986789273763
1581,0.37928,3.37641298610741
1582,0.37952,2.65156210343825
1583,0.37976,2.55534900272165
1584,0.38,3.05451047062044
1585,0.38024,2.81216469619295
1586,0.38048,2.60351305297329
1587,0.38072,3.09841469275724
1588,0.38096,3.21501616349126
1589,0.3812,2.51911206641704
1590,0.38144,3.60640967778472
1591,0.38168,2.17365543935661
1592,0.38192,3.27951116316753
1593,0.38216,2.79646092585377
1594,0.3824,2.81954596869503
1595,0.38264,3.31126061550237
1596,0.38288,2.94894718490055
1597,0.38312,2.61854776656301
1598,0.38336,3.46673539228717
1599,0.3836,2.75171712138482
1600,0.38384,2.77624323450449
1601,0.38408,3.37662893581896
1602,0.38432,2.07031192448291
1603,0.38456,3.53067387605206
1604,0.3848,2.56446576686742
1605,0.38504,2.95285714653441
1606,0.38528,3.08019263806416
1607,0.38552,2.96117153794738
1608,0.38576,2.9853980351365
1609,0.386,3.10134941437544
1610,0.38624,2.40055315498496
1611,0.38648,3.13628723124767
1612,0.38672,2.89237635175058
1613,0.38696,2.31748541321396
1614,0.3872,3.53273643927852
1615,0.38744,2.45592340442288
1616,0.38768,3.32355533151782
1617,0.38792,2.83919365472992
1618,0.38816,2.86277861075515
1619,0.3884,2.99413659484776
1620,0.38864,2.87635207557743
1621,0.38888,2.42330893212751
1622,0.38912,3.62879362955219
1623,0.38936,2.19184363643987
1624,0.3896,3.29981671992911
1625,0.38984,2.81656382911246
1626,0.39008,2.83775925062481
1627,0.39032,3.09057432053989
1628,0.39056,2.96906830848377
1629,0.3908,2.63806641938732
1630,0.39104,3.36584050872948
1631,0.39128,2.41757712961913
1632,0.39152,2.92052994498289
1633,0.39176,3.04174272519804
1634,0.392,2.46488946572625
1635,0.39224,3.67392275492953
1636,0.39248,2.59680999629418
1637,0.39272,2.86855302722566
1638,0.39296,3.47089978642071
1639,0.3932,2.51245183901867
1640,0.39344,3.02228189244124
1641,0.39368,3.26498561140341
1642,0.39392,2.31683906947157
1643,0.39416,3.06263305759346
1644,0.3944,2.81692413704819
1645,0.39464,2.84172227988893
1646,0.39488,2.97423727244915
1647,0.39512,3.2113524494302
1648,0.39536,2.3953890678346
1649,0.3956,3.60232161887262
1650,0.39584,2.16675314829521
1651,0.39608,3.39195029379196
1652,0.39632,2.90494100271379
1653,0.39656,2.44447119556374
1654,0.3968,3.18871293127367
1655,0.39704,2.70846853823466
1656,0.39728,2.9776784162745
1657,0.39752,3.09826836150403
1658,0.39776,2.75493259796669
1659,0.398,3.01115687922686
1660,0.39824,3.00753076034257
1661,0.39848,2.55488144377948
1662,0.39872,3.28433692681236
1663,0.39896,2.92159676330261
1664,0.3992,2.70535125715441
1665,0.39944,3.54770483522834
1666,0.39968,2.47370326176002
1667,0.39992,3.09738938705088
1668,0.40016,2.85035947481085
1669,0.4004,2.51439933488971
1670,0.40064,3.3677192589381
1671,0.40088,3.12122037152718
1672,0.40112,2.18566501440739
1673,0.40136,3.16573575208375
1674,0.4016,2.92408405460305
1675,0.40184,2.70739947857769
1676,0.40208,3.31354583537808
1677,0.40232,2.59623816631992
1678,0.40256,2.98550724519039
1679,0.4028,3.2253215295061
1680,0.40304,2.283582389675
1681,0.40328,2.90605798040009
1682,0.40352,3.26488724819132
1683,0.40376,2.08394869429753
1684,0.404,3.30863738815825
1685,0.40424,2.82205902053451
1686,0.40448,2.72932302841624
1687,0.40472,3.21959642475407
1688,0.40496,3.09514636676828
1689,0.4052,2.16086771018574
1690,0.40544,3.38358200396218
1691,0.40568,3.01756531031281
1692,0.40592,2.31852582652617
1693,0.40616,3.64900942181043
1694,0.4064,2.21178190555216
1695,0.40664,3.07804593920759
1696,0.40688,2.95759858493959
1697,0.40712,2.62113221299014
1698,0.40736,3.47395973715075
1699,0.4076,2.51106591212899
1700,0.40784,3.02240001566064
1701,0.40808,3.3858576435772
1702,0.40832,2.78588767014622
1703,0.40856,3.0512068337032
1704,0.4088,3.16509140191551
1705,0.40904,2.3424934806494
1706,0.40928,3.55829175803135
1707,0.40952,2.8345235764835
1708,0.40976,2.85989152186142
1709,0.41,3.58258123249525
1710,0.41024,2.50045159962283
1711,0.41048,3.36694191281423
1712,0.41072,2.88148935541147
1713,0.41096,2.90057704589122
1714,0.4112,3.15091139076667
1715,0.41144,3.02664013674423
1716,0.41168,2.4554938647645
1717,0.41192,3.42458822180133
1718,0.41216,2.35466263542777
1719,0.4124,2.97739350130882
1720,0.41264,2.85587070966054
1721,0.41288,2.64253092226358
1722,0.41312,3.49461388107014
1723,0.41336,2.53101130925539
1724,0.4136,3.04166954073613
1725,0.41384,3.28464955234336
1726,0.41408,2.69017128320861
1727,0.41432,2.59814855778928
1728,0.41456,3.67751636675591
1729,0.4148,2.24283404796303
1730,0.41504,3.46537308487655
1731,0.41528,2.97581571972933
1732,0.41552,2.51422812149331
1733,0.41576,3.1393273110896
1734,0.416,3.01341259471016
1735,0.41624,2.55501059906549
1736,0.41648,3.05325820475175
1737,0.41672,2.93297278334337
1738,0.41696,2.59871382071462
1739,0.4172,3.68509961661706
1740,0.41744,2.60834370164777
1741,0.41768,2.75881664531754
1742,0.41792,3.59947119467098
1743,0.41816,2.52038324861092
1744,0.4184,3.03071702598609
1745,0.41864,3.63385854239644
1746,0.41888,2.55021234401231
1747,0.41912,2.9429613363508
1748,0.41936,2.94377351069238
1749,0.4196,2.72120648331901
1750,0.41984,3.09815552869069
1751,0.42008,2.97731973431008
1752,0.42032,2.76633862654999
1753,0.42056,3.48995825408778
1754,0.4208,2.18259893850356
1755,0.42104,3.16345945799483
1756,0.42128,3.2798846462397
1757,0.42152,2.10021212432288
1758,0.42176,3.55963283198251
1759,0.422,2.7088955648945
1760,0.42224,2.97247005457673
1761,0.42248,3.33857088111499
1762,0.42272,2.97862761980875
1763,0.42296,2.64209288768572
1764,0.4232,3.36210476550236
1765,0.42344,2.06604466149943
1766,0.42368,3.40676335472947
1767,0.42392,3.04033683067927
1768,0.42416,2.46204796255485
1769,0.4244,3.31886022632504
1770,0.42464,2.71797043184121
1771,0.42488,2.86653228157634
1772,0.42512,3.22469998532097
1773,0.42536,2.63582301286796
1774,0.4256,2.66549335950974
1775,0.42584,3.74229156907418
1776,0.42608,2.30515016575036
1777,0.42632,3.52878979821795
1778,0.42656,2.91917616813594
1779,0.4268,2.82165553160915
1780,0.42704,3.30775570499314
1781,0.42728,2.59723833871563
1782,0.42752,2.74630094467839
1783,0.42776,3.70676886544359
1784,0.428,2.27122423549384
1785,0.42824,3.25980931372921
1786,0.42848,2.89682411985259
1787,0.42872,2.79815928446319
1788,0.42896,3.2910239285706
1789,0.4292,2.8060791559188
1790,0.42944,2.59806268274805
1791,0.42968,3.32666829377691
1792,0.42992,2.95960397413429
1793,0.43016,2.74273555165021
1794,0.4304,3.58449422895772
1795,0.43064,2.5064638696875
1796,0.43088,3.24914193164456
1797,0.43112,3.00000355866984
1798,0.43136,2.65554124159771
1799,0.4316,2.92160246591056
1800,0.43184,3.27801752228212
1801,0.43208,2.3349467498304
1802,0.43232,3.43678180926611
1803,0.43256,2.83145925388224
1804,0.4328,2.73746436627807
1805,0.43304,3.58300337635977
1806,0.43328,2.2698036144558
1807,0.43352,3.37494483234859
1808,0.43376,2.88645329354177
1809,0.434,2.55310988100197
1810,0.43424,3.28382218718883
1811,0.43448,3.03994363724426
1812,0.43472,2.58483048841795
1813,0.43496,3.66411144208602
1814,0.4352,2.47209033078894
1815,0.43544,2.86392750736339
1816,0.43568,3.7040510526566
1817,0.43592,2.38567078969163
1818,0.43616,3.13511745029897
1819,0.4364,3.0065830662967
1820,0.43664,2.54914371044134
1821,0.43688,3.40691323519906
1822,0.43712,2.80303646338145
1823,0.43736,2.95009091022471
1824,0.4376,3.66975979742046
1825,0.43784,2.46579870089616
1826,0.43808,3.09598127574496
1827,0.43832,2.9783350694023
1828,0.43856,2.39621554926265
1829,0.4388,3.25985247060077
1830,0.43904,2.65674979806515
1831,0.43928,2.80893799890348
1832,0.43952,3.28901904203366
1833,0.43976,2.57972534089059
1834,0.44,2.9687397611026
1835,0.44024,3.32605375589353
1836,0.44048,2.03211960119458
1837,0.44072,3.49121660739743
1838,0.44096,2.52865968233412
1839,0.4412,3.16097095585182
1840,0.44144,2.92207196414391
1841,0.44168,2.57916767077187
1842,0.44192,3.43495035139804
1843,0.44216,2.58771047916391
1844,0.4424,2.8571931030231
1845,0.44264,3.34224764987687
1846,0.44288,2.87081560467834
1847,0.44312,2.77926259844675
1848,0.44336,3.26079230657328
1849,0.4436,2.08267093221905
1850,0.44384,3.30871317604749
1851,0.44408,2.82479235870282
1852,0.44432,2.8569567166949
1853,0.44456,3.21614446263876
1854,0.4448,2.63000299015921
1855,0.44504,2.89013377702366
1856,0.44528,3.36477404468247
1857,0.44552,2.42881794942283
1858,0.44576,3.04635475545874
1859,0.446,3.04056290201838
1860,0.44624,2.58536202762911
1861,0.44648,3.78914823272468
1862,0.44672,2.11272730069843
1863,0.44696,3.46044618637132
1864,0.4472,2.73288392028529
1865,0.44744,2.87683439753384
1866,0.44768,3.60084786353145
1867,0.44792,2.52439804683754
1868,0.44816,2.79274878713727
1869,0.4484,3.8716798389912
1870,0.44864,2.31633925408269
1871,0.44888,2.82779251844231
1872,0.44912,3.54964156478195
1873,0.44936,2.59092443288947
1874,0.4496,3.2146041820815
1875,0.44984,2.96408950250632
1876,0.45008,2.62786949186864
1877,0.45032,3.35583002481586
1878,0.45056,3.22738779996962
1879,0.4508,2.41127703774331
1880,0.45104,3.74348787818703
1881,0.45128,2.42256849666859
1882,0.45152,3.29380412020179
1883,0.45176,3.16884076682521
1884,0.452,2.46428729922967
1885,0.45224,2.84820838286505
1886,0.45248,3.08570210129122
1887,0.45272,2.62874558873399
1888,0.45296,3.83479620512896
1889,0.4532,2.39580383071136
1890,0.45344,3.26429180252496
1891,0.45368,3.01951356336409
1892,0.45392,2.80303226925556
1893,0.45416,3.29646535565576
1894,0.4544,3.05483065497756
1895,0.45464,2.8388652477927
1896,0.45488,3.19569242532401
1897,0.45512,2.25300855861705
1898,0.45536,3.23927961463259
1899,0.4556,3.11027394808989
1900,0.45584,2.64891631852554
1901,0.45608,3.14257396507188
1902,0.45632,3.14038426026667
1903,0.45656,2.44713002543315
1904,0.4568,3.76879188638033
1905,0.45704,2.21685712655703
1906,0.45728,3.5607890077729
1907,0.45752,3.0683904223985
1908,0.45776,2.60148124089837
1909,0.458,2.63059937862301
1910,0.45824,3.23019376126754
1911,0.45848,2.17325032371194
1912,0.45872,3.75006121342698
1913,0.45896,2.42778065605108
1914,0.4592,3.29901378352418
1915,0.45944,3.17404905858285
1916,0.45968,2.46949676411766
1917,0.45992,2.85341937856071
1918,0.46016,2.96757679240271
1919,0.4604,2.75088355014271
1920,0.46064,3.71653348123987
1921,0.46088,2.39492033070093
1922,0.46112,3.26367941496496
1923,0.46136,3.01527159350854
1924,0.4616,2.55693091812017
1925,0.46184,3.17372433118795
1926,0.46208,3.16943212591272
1927,0.46232,2.11391937730988
1928,0.46256,3.69343720638793
1929,0.4628,3.07779342253617
1930,0.46304,2.61807028052663
1931,0.46328,3.4736544452095
1932,0.46352,2.86416499255148
1933,0.46376,3.12919729799878
1934,0.464,3.12633102944191
1935,0.46424,2.89856217386214
1936,0.46448,3.14061866978958
1937,0.46472,2.67078061268557
1938,0.46496,2.69709704838038
1939,0.4652,3.29401130824812
1940,0.46544,2.95170722970281
1941,0.46568,3.06991647822857
1942,0.46592,2.36480906974004
1943,0.46616,2.87332266942317
1944,0.4664,3.35150316998744
1945,0.46664,2.05857404509689
1946,0.46688,3.40138873852615
1947,0.46712,2.7951156156021
1948,0.46736,3.06025653752321
1949,0.4676,3.65749398512723
1950,0.46784,2.46635581290546
1951,0.46808,3.32171824128685
1952,0.46832,3.07239314111981
1953,0.46856,2.73549205626603
1954,0.4688,3.58179251286078
1955,0.46904,2.73598956685086
1956,0.46928,2.88564352610656
1957,0.46952,3.4883604795739
1958,0.46976,2.88982044400379
1959,0.47,2.79567276096393
1960,0.47024,3.75182729945092
1961,0.47048,2.66906912774361
1962,0.47072,3.05734234424035
1963,0.47096,3.2901089511334
1964,0.4712,2.5896000537279
1965,0.47144,3.20526554291306
1966,0.47168,3.19989299450733
1967,0.47192,2.384333591454
1968,0.47216,3.59853285346591
1969,0.4724,2.98740774138188
1970,0.47264,2.77022644559625
1971,0.47288,3.49440050379199
1972,0.47312,3.13013508556378
1973,0.47336,2.55767191727166
1974,0.4736,3.88334139594302
1975,0.47384,2.20188175097424
1976,0.47408,3.30689090951499
1977,0.47432,2.69752859045072
1978,0.47456,3.08479061357119
1979,0.4748,3.32689284004315
1980,0.47504,2.61702676795044
1981,0.47528,2.76844122334547
1982,0.47552,3.84575671733371
1983,0.47576,2.1712143075257
1984,0.476,3.39743459976851
1985,0.47624,3.26568872799917
1986,0.47648,2.4439210958366
1987,0.47672,3.42035275348039
1988,0.47696,2.68893408946758
1989,0.4772,3.07665593316866
1990,0.47744,3.31919587903015
1991,0.47768,2.61063947586446
1992,0.47792,3.82171769243393
1993,0.47816,2.14307191885
1994,0.4784,3.84119564628947
1995,0.47864,2.51947282590071
1996,0.47888,3.03310464756077
1997,0.47912,3.27758297161933
1998,0.47936,2.56998869254351
1999,0.4796,2.72357529463105
2000,0.47984,3.80296741563126
2001,0.48008,2.25024448009661
2002,0.48032,3.34980288010496
2003,0.48056,2.98288902708275
2004,0.4808,2.88722255185827
2005,0.48104,3.84233753910504
2006,0.48128,2.64397517668173
2007,0.48152,2.91471273227306
2008,0.48176,3.03502465812502
2009,0.482,3.05359083719785
2010,0.48224,3.05541711364219
2011,0.48248,2.58982115050342
2012,0.48272,2.62019444709224
2013,0.48296,3.22098953330013
2014,0.4832,2.16519656729158
2015,0.48344,3.61978682269813
2016,0.48368,2.54010315709935
2017,0.48392,3.29126573973708
2018,0.48416,3.40569887611392
2019,0.4844,2.70054612328197
2020,0.48464,3.3117694231901
2021,0.48488,3.30214947593149
2022,0.48512,2.12347386854355
2023,0.48536,3.82350624105743
2024,0.4856,2.38158938128226
2025,0.48584,3.36798642225307
2026,0.48608,2.76337440120751
2027,0.48632,2.79602050464959
2028,0.48656,3.52472026857378
2029,0.4868,2.33292529365588
2030,0.48704,3.79121825235488
2031,0.48728,2.3507538145497
2032,0.48752,3.33507557314264
2033,0.48776,2.85132283077048
2034,0.488,2.87527529560475
2035,0.48824,3.35401917336677
2036,0.48848,2.65592291810452
2037,0.48872,3.25532425240076
2038,0.48896,2.91892431543139
2039,0.4892,3.03926096503395
2040,0.48944,2.81995503753845
2041,0.48968,3.3049500969824
2042,0.48992,2.35769634910468
2043,0.49016,3.81278280456817
2044,0.4904,2.13487050178685
2045,0.49064,3.59882326932841
2046,0.49088,2.63438678790048
2047,0.49112,3.02475730536828
2048,0.49136,3.3784897400406
2049,0.4916,2.31958549728157
2050,0.49184,3.77859716481449
2051,0.49208,2.33881867948875
2052,0.49232,3.3321121961703
2053,0.49256,3.08771584705627
2054,0.4928,2.98791634865011
2055,0.49304,3.47445247734703
2056,0.49328,2.87457392818352
2057,0.49352,3.01747310217211
2058,0.49376,3.25003934314938
2059,0.494,2.18585507510504
2060,0.49424,3.40799695306243
2061,0.49448,2.80188245022306
2062,0.49472,2.83309097943478
2063,0.49496,3.56041476089772
2064,0.4952,2.36730367568504
2065,0.49544,3.82433738910642
2066,0.49568,2.38266868842303
2067,0.49592,3.36583851906308
2068,0.49616,2.88098425970388
2069,0.4964,2.90388339953437
2070,0.49664,3.38162017278076
2071,0.49688,2.80194374485682
2072,0.49712,3.16161912457372
2073,0.49736,2.94108887929349
2074,0.4976,3.06069828722591
2075,0.49784,2.84069830170285
2076,0.49808,3.56777775311768
2077,0.49832,2.37443345184515
2078,0.49856,3.83124421005155
2079,0.4988,2.38936277085887
2080,0.49904,3.3723293238926
2081,0.49928,2.88728115017969
2082,0.49952,2.90999510752459
2083,0.49976,3.38755527208318
2084,0.5,2.80771033783318
2085,0.50024,3.16722493943636
2086,0.50048,3.06636766438514
2087,0.50072,3.06730221840914
2088,0.50096,2.84317248483708
2089,0.5012,3.57023372642802
2090,0.50144,2.37687303328505
2091,0.50168,3.8336684417015
2092,0.50192,2.39177333922522
2093,0.50216,3.37472720866264
2094,0.5024,2.88966788890412
2095,0.50264,2.91237162778177
2096,0.50288,3.38992295713105
2097,0.50312,2.81007016901832
2098,0.50336,3.16957791602251
2099,0.5036,3.06871507617773
2100,0.50384,3.06964465093723
2101,0.50408,2.60451100302792
2102,0.50432,2.75554446528922
2103,0.50456,3.83122875049319
2104,0.5048,2.39391080505115
2105,0.50504,3.25478272718622
2106,0.50528,3.24605571931456
2107,0.50552,2.66819519347348
2108,0.50576,3.98561228947258
2109,0.506,2.19129587587403
2110,0.50624,3.41446419656207
2111,0.50648,2.92779567762141
2112,0.50672,2.9489603232977
2113,0.50696,3.4250396711308
2114,0.5072,2.84377917110563
2115,0.50744,3.2019405987492
2116,0.50768,2.26053487993925
2117,0.50792,3.24802464394721
2118,0.50816,3.59604833468638
2119,0.5084,2.04706529190197
2120,0.50864,3.39552364522019
2121,0.50888,3.02427620531135
2122,0.50912,3.16129415718176
2123,0.50936,3.40106533500855
2124,0.5096,2.68986336926485
2125,0.50984,3.89841057125446
2126,0.51008,2.21734741754862
2127,0.51032,3.67483453464311
2128,0.51056,2.70766761686878
2129,0.5108,3.20870312200478
2130,0.51104,3.20216046045975
2131,0.51128,2.38984414012521
2132,0.51152,3.72477388953028
2133,0.51176,2.86956854592869
2134,0.512,2.53454957785625
2135,0.51224,3.50806915552887
2136,0.51248,3.25891451248676
2137,0.51272,2.56355182245808
2138,0.51296,3.76809389623282
2139,0.5132,2.45407201242738
2140,0.51344,3.07991546181095
2141,0.51368,3.90862984401118
2142,0.51392,2.23203286820608
2143,0.51416,3.2205205658245
2144,0.5144,3.32851602112971
2145,0.51464,2.62192273618496
2146,0.51488,2.89362862816212
2147,0.51512,3.25251306851812
2148,0.51536,1.95703988200178
2149,0.5156,3.54055899822072
2150,0.51584,3.16320095679193
2151,0.51608,2.94229679937368
2152,0.51632,3.43146830496465
2153,0.51656,2.82282036903985
2154,0.5168,3.21279795235453
2155,0.51704,3.09063334330511
2156,0.51728,2.50467704398571
2157,0.51752,2.89309924002399
2158,0.51776,3.37106313913121
2159,0.518,2.55719611922743
2160,0.51824,3.76389687441311
2161,0.51848,2.56262024764933
2162,0.51872,3.07853204971577
2163,0.51896,3.43461440189475
2164,0.5192,2.84158044507996
2165,0.51944,2.98750992281273
2166,0.51968,3.34242552145194
2167,0.51992,2.76345860698361
2168,0.52016,3.72940877333836
2169,0.5204,2.6460047877918
2170,0.52064,3.1499907792404
2171,0.52088,2.90528596571
2172,0.52112,2.92783705733771
2173,0.52136,3.1646949963153
2174,0.5216,2.35428973511755
2175,0.52184,3.69104658355782
2176,0.52208,2.83849712511739
2177,0.52232,2.74737620609824
2178,0.52256,3.35763893817826
2179,0.5228,2.75236814576587
2180,0.52304,3.14117849515739
2181,0.52328,3.61841641937676
2182,0.52352,3.25019044291531
2183,0.52376,2.91753574986287
2184,0.524,3.75705173366373
2185,0.52424,2.55183165404712
2186,0.52448,2.71108469856339
2187,0.52472,3.55741759179158
2188,0.52496,2.72607690345921
2189,0.5252,2.99923265391685
2190,0.52544,3.11932498717525
2191,0.52568,2.78424556281609
2192,0.52592,3.39691013035609
2193,0.52616,3.14641783453428
2194,0.5264,2.33516579444059
2195,0.52664,3.90817566195697
2196,0.52688,2.58489377424422
2197,0.52712,3.2177235688773
2198,0.52736,3.0956129337259
2199,0.5276,2.63221938183045
2200,0.52784,3.24762956679085
2201,0.52808,2.99888142564562
2202,0.52832,2.06642720862877
2203,0.52856,3.41458517354213
2204,0.5288,3.04304622621492
2205,0.52904,2.82727836982295
2206,0.52928,3.66867730477636
2207,0.52952,2.23215872083783
2208,0.52976,3.6903830501201
2209,0.53,2.48385699180777
2210,0.53024,3.22695598549333
2211,0.53048,3.21754809732849
2212,0.53072,2.16322650960265
2213,0.53096,3.74298036754798
2214,0.5312,2.88749978428365
2215,0.53144,2.79363328798139
2216,0.53168,3.40212447340357
2217,0.53192,2.79516123241124
2218,0.53216,3.18674967432043
2219,0.5324,3.06612452964262
2220,0.53264,2.48164116447358
2221,0.53288,2.87147132497471
2222,0.53312,3.35078178764867
2223,0.53336,2.77785336799439
2224,0.5336,2.68170073324143
2225,0.53384,2.58972989736004
2226,0.53408,2.50176399603844
2227,0.53432,3.1357305826888
2228,0.53456,3.73631634155998
2229,0.5348,2.54317888852044
2230,0.53504,2.93653425998681
2231,0.53528,3.77549501457518
2232,0.53552,2.45342189948405
2233,0.53576,2.96438619426143
2234,0.536,3.67710257595966
2235,0.53624,2.1301307184104
2236,0.53648,3.3558476212919
2237,0.53672,3.45851681022835
2238,0.53696,2.15115076988814
2239,0.5372,3.73157826797442
2240,0.53744,2.9952436580071
2241,0.53768,2.54078705595767
2242,0.53792,3.86983824160605
2243,0.53816,2.67183876362279
2244,0.5384,3.18478082829364
2245,0.53864,3.06266815672846
2246,0.53888,2.84369946733598
2247,0.53912,3.45450128550772
2248,0.53936,2.9652300571672
2249,0.5396,2.39225611925515
2250,0.53984,3.96226059259198
2251,0.54008,2.51579830560366
2252,0.54032,3.38152556989597
2253,0.54056,3.4875105571447
2254,0.5408,2.42084614687169
2255,0.54104,3.87679403752163
2256,0.54128,2.67161676683736
2257,0.54152,2.82783737782295
2258,0.54176,3.4350806300249
2259,0.542,3.30315967391265
2260,0.54224,2.12904686330303
2261,0.54248,3.35496390132492
2262,0.54272,2.75245754109981
2263,0.54296,2.90475360605558
2264,0.5432,3.5086815792
2265,0.54344,3.37359201470764
2266,0.54368,2.18991054825737
2267,0.54392,3.5335195103318
2268,0.54416,3.04215820070464
2269,0.5444,2.34133963757013
2270,0.54464,3.08834538733601
2271,0.54488,3.44039971103118
2272,0.54512,2.49701153282955
2273,0.54536,3.94839474545539
2274,0.5456,3.33497226288541
2275,0.54584,2.15606636155299
2276,0.54608,3.49465421986133
2277,0.54632,3.12448788568533
2278,0.54656,2.42361751434773
2279,0.5468,3.05075866629938
2280,0.54704,3.16397456836978
2281,0.54728,2.46533961787196
2282,0.54752,3.55779990054621
2283,0.54776,3.18494420008405
2284,0.548,2.36557763817302
2285,0.54824,3.58919171677061
2286,0.54848,3.33831687402968
2287,0.54872,2.39463052391136
2288,0.54896,3.03099729298242
2289,0.5492,3.38732212786476
2290,0.54944,2.55788819832348
2291,0.54968,3.18451727536612
2292,0.54992,3.65401219710774
2293,0.55016,2.92669349887585
2294,0.5504,2.35482290767217
2295,0.55064,3.22207188014655
2296,0.55088,2.97807233047481
2297,0.55112,2.40571378813532
2298,0.55136,3.50393732727816
2299,0.5516,2.54748608981035
2300,0.55184,3.17809712774599
2301,0.55208,2.8170710919143
2302,0.55232,2.84736164478277
2303,0.55256,3.8078382290152
2304,0.5528,2.60900432518571
2305,0.55304,3.00253862141889
2306,0.55328,3.83862692828757
2307,0.55352,2.75350199296196
2308,0.55376,3.14033993907371
2309,0.554,3.61184850325703
2310,0.55424,2.41852263675714
2311,0.55448,3.28616139737517
2312,0.55472,2.92136018669146
2313,0.55496,2.95110446242993
2314,0.5552,3.4278178029926
2315,0.55544,2.36495514837396
2316,0.55568,3.46415706561285
2317,0.55592,2.74177639944339
2318,0.55616,3.01066733510286
2319,0.5564,3.48439527524094
2320,0.55664,2.1812059747261
2321,0.55688,3.17035394622918
2322,0.55712,3.40101121472051
2323,0.55736,2.33936398700702
2324,0.5576,3.32514136162614
2325,0.55784,3.43053760886124
2326,0.55808,2.48571089287993
2327,0.55832,3.5810683213171
2328,0.55856,3.0867134199726
2329,0.5588,2.63313908107353
2330,0.55904,3.60223174361794
2331,0.55928,2.40945264851881
2332,0.55952,3.39307378135816
2333,0.55976,2.90610168369187
2334,0.56,2.93663678771315
2335,0.56024,3.41671796706144
2336,0.56048,2.47256207043531
2337,0.56072,3.45087616489433
2338,0.56096,2.8415850440123
2339,0.5612,2.63575531671147
2340,0.56144,3.60698845859183
2341,0.56168,2.87894825821821
2342,0.56192,2.79221076084487
2343,0.56216,3.39669756844893
2344,0.5624,2.33536431615029
2345,0.56264,3.43602573380474
2346,0.56288,2.71503810551932
2347,0.56312,2.9852586044226
2348,0.56336,3.34218864218441
2349,0.5636,2.28412920250698
2350,0.56384,3.50642857239702
2351,0.56408,2.78416879597558
2352,0.56432,2.93595589111098
2353,0.56456,3.89460962736505
2354,0.5648,2.57595474945462
2355,0.56504,3.32107867078451
2356,0.56528,2.95193896507658
2357,0.56552,2.74140315203382
2358,0.56576,3.70551221410895
2359,0.566,2.50751965570821
2360,0.56624,3.25175009821094
2361,0.56648,3.59716134684787
2362,0.56672,2.28885217451099
2363,0.56696,3.39426507665218
2364,0.5672,2.90918803598638
2365,0.56744,2.93666282977932
2366,0.56768,3.53329937747624
2367,0.56792,2.22825578879173
2368,0.56816,3.45178774780841
2369,0.5684,2.84572454052571
2370,0.56864,2.87516257307195
2371,0.56888,3.83482413401174
2372,0.56912,2.63521282220969
2373,0.56936,3.02800400427143
2374,0.5696,3.02549722557753
2375,0.56984,2.57485154708205
2376,0.57008,3.66657291230026
2377,0.57032,2.35357651661419
2378,0.57056,3.33906783931713
2379,0.5708,3.08906821120376
2380,0.57104,2.51889306828776
2381,0.57128,3.7320469868985
2382,0.57152,2.53520238870346
2383,0.57176,3.04567478522395
2384,0.572,3.51871045306403
2385,0.57224,2.45360004759353
2386,0.57248,3.66872595714984
2387,0.57272,2.59104189753554
2388,0.57296,2.9858365681994
2389,0.5732,3.10463763150923
2390,0.57344,2.65150765550661
2391,0.57368,3.74083416475589
2392,0.57392,2.54108519829752
2393,0.57416,3.05269886130514
2394,0.5744,3.40517931604116
2395,0.57464,2.82223160174425
2396,0.57488,3.66841787550018
2397,0.57512,2.70321689542597
2398,0.57536,3.09191751552515
2399,0.5756,3.32290721369732
2400,0.57584,2.62156284413205
2401,0.57608,3.71181312628733
2402,0.57632,2.97955572066913
2403,0.57656,2.88878449979127
2404,0.5768,3.48895805549775
2405,0.57704,2.30109181975418
2406,0.57728,3.17307767735736
2407,0.57752,3.16790942196752
2408,0.57776,2.83499178068751
2409,0.578,3.55827485869039
2410,0.57824,2.36957450197885
2411,0.57848,3.58939211760829
2412,0.57872,3.09514867300916
2413,0.57896,2.64082000853382
2414,0.5792,3.6122448483209
2415,0.57944,2.88265806829386
2416,0.57968,2.79617143211549
2417,0.57992,3.40044570138406
2418,0.58016,2.45659337149357
2419,0.5804,3.43606340715643
2420,0.58064,2.82787452674966
2421,0.58088,2.74249220556973
2422,0.58112,3.58750943047845
2423,0.58136,2.27907949433649
2424,0.5816,3.2658701277039
2425,0.58184,3.37443102029799
2426,0.58208,2.55418158069164
2427,0.58232,3.76561232015877
2428,0.58256,2.45255163650636
2429,0.5828,3.20303394055247
2430,0.58304,3.55266243832939
2431,0.58328,2.36171690379197
2432,0.58352,3.46433442417251
2433,0.58376,2.9765836903398
2434,0.584,2.64949552438111
2435,0.58424,3.73876149215386
2436,0.58448,2.5406033647287
2437,0.58472,3.28602287685171
2438,0.58496,3.27307478757035
2439,0.5852,2.57366138077881
2440,0.58544,3.54729465925308
2441,0.58568,2.93394677474554
2442,0.58592,2.72426224176143
2443,0.58616,3.5706119535838
2444,0.5864,2.38069422252324
2445,0.58664,3.36232076128653
2446,0.58688,3.10994997266429
2447,0.58712,2.65561508714135
2448,0.58736,3.74549444016225
2449,0.5876,2.77937063087059
2450,0.58784,2.81606759608941
2451,0.58808,3.78265127063736
2452,0.58832,2.58097948458854
2453,0.58856,2.85722437588307
2454,0.5888,3.57538697381494
2455,0.58904,2.38667011002039
2456,0.58928,3.25606607273068
2457,0.58952,3.12735672062553
2458,0.58976,2.43439380622917
2459,0.59,3.53138134636847
2460,0.59024,2.80776092005807
2461,0.59048,3.07458376899022
2462,0.59072,3.54502471094973
2463,0.59096,2.47702506989271
2464,0.5912,3.45760016693822
2465,0.59144,3.20248915567526
2466,0.59168,2.50716196308654
2467,0.59192,3.7217336047628
2468,0.59216,2.52361874065004
2469,0.5924,3.26995583526519
2470,0.59264,3.37856643855379
2471,0.59288,2.43682333082598
2472,0.59312,3.53507912457573
2473,0.59336,2.92417270882577
2474,0.5936,2.59787888969164
2475,0.59384,3.69133157424727
2476,0.59408,2.72599243226767
2477,0.59432,2.76167203096026
2478,0.59456,3.24448266880629
2479,0.5948,2.54916560339609
2480,0.59504,3.76154867238709
2481,0.59528,2.56396407610189
2482,0.59552,3.19487385637558
2483,0.59576,3.42536187469333
2484,0.596,2.24505491942479
2485,0.59624,3.23451502483057
2486,0.59648,3.10816956336039
2487,0.59672,2.41705805992706
2488,0.59696,3.63259466144019
2489,0.5972,2.20406464204956
2490,0.59744,3.42931267967728
2491,0.59768,2.82488958198681
2492,0.59792,2.85676289499301
2493,0.59816,3.81526585553135
2494,0.5984,2.61631419988665
2495,0.59864,3.01058752434858
2496,0.59888,3.72931556311393
2497,0.59912,2.41253492932549
2498,0.59936,3.16076672708536
2499,0.5996,3.62809175808983
2500,0.59984,2.31876158909138
2501,0.60008,3.42362150296551
2502,0.60032,2.81862595132635
2503,0.60056,3.08695476689867
2504,0.6008,3.31872688862255
2505,0.60104,2.61812979653534
2506,0.60128,3.70909235539569
2507,0.60152,2.97402376256567
2508,0.60176,2.64573549795687
2509,0.602,3.61788631697358
2510,0.60224,2.77311487534255
2511,0.60248,2.9267477492534
2512,0.60272,3.16552092407128
2513,0.60296,2.70912208623773
2514,0.6032,3.68069806150891
2515,0.60344,2.83279898630641
2516,0.60368,2.86446088544611
2517,0.60392,3.82276305615721
2518,0.60416,2.50684853148073
2519,0.6044,3.13912511333236
2520,0.60464,3.01627019644232
2521,0.60488,2.80777410282772
2522,0.60512,3.28923564801055
2523,0.60536,2.59001851985439
2524,0.6056,3.68491921576833
2525,0.60584,2.83688580211081
2526,0.60608,2.86841906996875
2527,0.60632,3.82659808481731
2528,0.60656,2.51056585928846
2529,0.6068,3.14272973823624
2530,0.60704,3.01976704113414
2531,0.60728,2.81116788092902
2532,0.60752,3.29253081044663
2533,0.60776,2.59321950139446
2534,0.608,3.68803012653305
2535,0.60824,2.83991073346392
2536,0.60848,2.87136190134825
2537,0.60872,3.82946241963661
2538,0.60896,2.51335546417182
2539,0.6092,3.14544795257802
2540,0.60944,3.02241713182543
2541,0.60968,2.81375301165251
2542,0.60992,3.17610030572462
2543,0.61016,2.71939006361655
2544,0.6104,3.80961450753258
2545,0.61064,2.84341224119924
2546,0.61088,2.99497504660791
2547,0.61112,3.70853555625113
2548,0.61136,2.39684456307063
2549,0.6116,3.26673077173473
2550,0.61184,2.90321003388923
2551,0.61208,2.93547466858914
2552,0.61232,3.17538827093865
2553,0.61256,2.72091307709591
2554,0.6128,3.92660093598352
2555,0.61304,2.7235357530662
2556,0.61328,3.11434015673161
2557,0.61352,3.58442051477002
2558,0.61376,2.27729189266257
2559,0.614,3.38425550653093
2560,0.61424,2.78127052333818
2561,0.61448,2.93431429250686
2562,0.61472,3.77477157470834
2563,0.61496,2.57617889020109
2564,0.6152,3.20697909600706
2565,0.61544,3.43560013904699
2566,0.61568,2.37376344983908
2567,0.61592,3.47829979920776
2568,0.61616,2.75666385063356
2569,0.6164,2.55662528434848
2570,0.61664,3.53382606692831
2571,0.61688,2.92611781149968
2572,0.61712,2.71829751171022
2573,0.61736,3.92244040540662
2574,0.6176,2.60376708378091
2575,0.61784,2.99899520821606
2576,0.61808,3.11819712532151
2577,0.61832,2.66938490104181
2578,0.61856,3.39897732294791
2579,0.6188,2.45688787170739
2580,0.61904,3.55699964080247
2581,0.61928,2.82848748246355
2582,0.61952,2.86239851453014
2583,0.61976,3.94355189061901
2584,0.62,2.62400278930835
2585,0.62024,3.01839486273354
2586,0.62048,3.13679847929198
2587,0.62072,2.68722401406203
2588,0.62096,3.6601134372121
2589,0.6212,2.81346987245705
2590,0.62144,2.84633119522707
2591,0.62168,3.80577933529951
2592,0.62192,2.49096116520349
2593,0.62216,3.12428512797844
2594,0.6224,3.00243179738017
2595,0.62264,2.79489350388107
2596,0.62288,3.87597704810739
2597,0.62312,2.67531122711386
2598,0.62336,3.0684087147115
2599,0.6236,3.54068102989299
2600,0.62384,2.11670734801329
2601,0.62408,3.22996819558046
2602,0.62432,2.74890684876742
2603,0.62456,2.90311996505443
2604,0.6248,3.14468124113139
2605,0.62504,2.69484457048186
2606,0.62528,3.78643066995942
2607,0.62552,2.58275091740158
2608,0.62576,3.21520459271271
2609,0.626,3.08902034468464
2610,0.62624,2.27954309751511
2611,0.62648,3.38750139236965
2612,0.62672,2.78461014332433
2613,0.62696,3.05713846681738
2614,0.6272,3.64934852557819
2615,0.62744,2.45512880599488
2616,0.62768,3.32411260261268
2617,0.62792,3.31128002320874
2618,0.62816,2.37405104406299
2619,0.6284,3.59430383408975
2620,0.62864,2.51623452844127
2621,0.62888,3.14858201335876
2622,0.62912,3.61878948496519
2623,0.62936,2.31001059036833
2624,0.6296,3.41716439366299
2625,0.62984,3.16460218104452
2626,0.63008,2.47171070695456
2627,0.63032,3.68860972574002
2628,0.63056,2.37465482893966
2629,0.6308,3.24587464976639
2630,0.63104,3.47485953047195
2631,0.63128,2.29091032064834
2632,0.63152,3.51526982733317
2633,0.63176,3.02362810093642
2634,0.632,2.45674627307219
2635,0.63224,3.67433375948968
2636,0.63248,2.36103745957983
2637,0.63272,3.23288710547889
2638,0.63296,3.46247435112297
2639,0.6332,2.27910150606632
2640,0.63344,3.50401214947999
2641,0.63368,3.01289776364567
2642,0.63392,2.68355848988869
2643,0.63416,3.53266907063371
2644,0.6344,2.34802614666042
2645,0.63464,3.45403516650771
2646,0.63488,3.20171047232437
2647,0.63512,2.50688684714005
2648,0.63536,3.60336939368761
2649,0.6356,2.87534072550234
2650,0.63584,2.7925226410697
2651,0.63608,3.39812633797567
2652,0.63632,2.33877465877861
2653,0.63656,3.56071445742217
2654,0.6368,3.06893296918144
2655,0.63704,2.6174104259283
2656,0.63728,3.70997775279807
2657,0.63752,2.74470083145247
2658,0.63776,2.78260959355776
2659,0.638,3.2653803772211
2660,0.63824,2.45020052451532
2661,0.63848,3.54835598068167
2662,0.63872,3.05761994851056
2663,0.63896,2.60878178830916
2664,0.6392,3.81723631325975
2665,0.63944,2.61510475429782
2666,0.63968,3.00897195637886
2667,0.63992,3.12815577427676
2668,0.64016,2.6793261372972
2669,0.6404,3.76882629442047
2670,0.64064,2.80234294162367
2671,0.64088,2.8360564253245
2672,0.64112,3.79631854788521
2673,0.64136,2.48227929743884
2674,0.6416,3.2335498823044
2675,0.64184,2.87204857405527
2676,0.64208,2.78641597417451
2677,0.64232,3.86780654146969
2678,0.64256,2.667865752909
2679,0.6428,3.06165660253317
2680,0.64304,3.53459190662739
2681,0.64328,2.23019336357666
2682,0.64352,3.45611072027722
2683,0.64376,2.61702129948942
2684,0.644,3.01173737579772
2685,0.64424,3.60624773682382
2686,0.64448,2.4142287573624
2687,0.64472,3.28531641291255
2688,0.64496,3.27449594719604
2689,0.6452,2.33919206327579
2690,0.64544,3.5612855845629
2691,0.64568,2.36863482411253
2692,0.64592,3.24040348655512
2693,0.64616,3.46815094559705
2694,0.6464,2.28477701137187
2695,0.64664,3.5096878590814
2696,0.64688,2.89964700166918
2697,0.64712,2.81164724356366
2698,0.64736,3.41662996857129
2699,0.6476,2.35668614811618
2700,0.64784,3.57542668568575
2701,0.64808,3.08194911722416
2702,0.64832,2.63222481493466
2703,0.64856,3.83983272456188
2704,0.6488,2.63689289391662
2705,0.64904,3.02998815408477
2706,0.64928,3.03037094966161
2707,0.64952,2.82212498754299
2708,0.64976,3.90644497620796
2709,0.65,2.46968859208563
2710,0.65024,3.22299936487865
2711,0.65048,3.09693695002856
2712,0.65072,2.28757647735464
2713,0.65096,3.51198944889638
2714,0.6512,2.55383051681735
2715,0.65144,3.30391061448387
2716,0.65168,3.17566925560843
2717,0.65192,2.60339460019139
2718,0.65216,3.81453686981365
2719,0.6524,2.61357272618961
2720,0.65264,2.89276107315093
2721,0.65288,3.37491575514869
2722,0.65312,2.3164638477939
2723,0.65336,3.54096984098388
2724,0.6536,2.81598935249783
2725,0.65384,2.7325840732939
2726,0.65408,3.4565947852615
2727,0.65432,2.15450352591203
2728,0.65456,3.38300561636685
2729,0.6548,2.78390511247344
2730,0.65504,2.93888754668296
2731,0.65528,3.53457605423105
2732,0.65552,2.23039337243194
2733,0.65576,3.45651692634668
2734,0.656,2.50085131240858
2735,0.65624,3.13436896441119
2736,0.65648,3.60436921813484
2737,0.65672,2.30025088957402
2738,0.65696,3.64184520153392
2739,0.6572,2.68073274962788
2740,0.65744,2.72223156477771
2741,0.65768,3.45024639146011
2742,0.65792,2.38901385528152
2743,0.65816,3.60652185454976
2744,0.6584,2.7637451643309
2745,0.65864,3.03778678544424
2746,0.65888,3.39261837557887
2747,0.65912,2.09339163840993
2748,0.65936,3.32463309828856
2749,0.6596,2.84184729152414
2750,0.65984,2.75869800255633
2751,0.66008,3.72133722811291
2752,0.66032,2.28844548555346
2753,0.66056,3.62974353710437
2754,0.6608,2.55159584588764
2755,0.66104,3.06883533425217
2756,0.66128,3.54176742117159
2757,0.66152,2.11843084027427
2758,0.66176,3.34731113053507
2759,0.662,2.86619803892774
2760,0.66224,2.66440498904106
2761,0.66248,3.63559010988019
2762,0.66272,2.90838240300705
2763,0.66296,2.70216968284288
2764,0.6632,3.79283367734455
2765,0.66344,2.36035858585665
2766,0.66368,3.11687268658073
2767,0.66392,2.87802790508691
2768,0.66416,2.79251691067913
2769,0.6644,3.99384572598001
2770,0.66464,2.43414238623905
2771,0.66488,3.07114031827624
2772,0.66512,3.66255596535147
2773,0.66536,2.23664248944223
2774,0.6656,3.46089202887226
2775,0.66584,3.09119536100335
2776,0.66608,2.87970786145309
2777,0.66632,3.96137972542706
2778,0.66656,2.52207349796788
2779,0.6668,3.03851208718309
2780,0.66704,3.63616333649692
2781,0.66728,2.32429247040963
2782,0.66752,3.19836221526627
2783,0.66776,3.42831029227042
2784,0.668,2.25187392052392
2785,0.66824,3.35875734240711
2786,0.66848,3.11118450320686
2787,0.66872,2.78254664103579
2788,0.66896,3.74908570226625
2789,0.6692,2.66896266201959
2790,0.66944,3.06099340385194
2791,0.66968,3.29780215762693
2792,0.66992,2.36367137463307
2793,0.67016,3.34721145577841
2794,0.6704,3.09711688838631
2795,0.67064,2.52775074120926
2796,0.67088,3.74028771059669
2797,0.67112,2.77428416783911
2798,0.67136,2.93132873667654
2799,0.6716,3.2918782735232
2800,0.67184,2.59903278718672
2801,0.67208,3.80935136891189
2802,0.67232,2.84429790630086
2803,0.67256,3.11326868081342
2804,0.6728,3.46598035993253
2805,0.67304,2.28579493444316
2806,0.67328,3.39172437303114
2807,0.67352,3.26041868368849
2808,0.67376,2.44608229897854
2809,0.674,3.54504372963878
2810,0.67424,2.81805234981308
2811,0.67448,2.7353431566425
2812,0.67472,3.82084118323496
2813,0.67496,2.50280594695446
2814,0.6752,3.253769290107
2815,0.67544,3.24442934969919
2816,0.67568,2.31316091379624
2817,0.67592,3.18352546233092
2818,0.67616,3.17591748754695
2819,0.6764,2.6058316142744
2820,0.67664,3.8155049092568
2821,0.67688,2.38272880498872
2822,0.67712,3.14026068536558
2823,0.67736,3.25655756087757
2824,0.6776,2.44329430128898
2825,0.67784,3.66008402127555
2826,0.67808,2.58003240432596
2827,0.67832,2.9787155446784
2828,0.67856,3.459768280937
2829,0.6788,2.277819172498
2830,0.67904,3.38502689837287
2831,0.67928,2.7840510111359
2832,0.67952,2.70289456996192
2833,0.67976,3.90838767060268
2834,0.68,2.35266755210524
2835,0.68024,2.99347470264923
2836,0.68048,3.47220734061936
2837,0.68072,2.2910052037924
2838,0.68096,3.51621603546437
2839,0.6812,3.02539716103666
2840,0.68144,2.57565592151397
2841,0.68168,3.67083258535041
2842,0.68192,2.71019582496984
2843,0.68216,2.63186014675032
2844,0.6824,3.72414626973615
2845,0.68264,2.75859993494458
2846,0.68288,3.03194980186615
2847,0.68312,3.74998187174802
2848,0.68336,2.55280720291184
2849,0.6836,2.9510202095826
2850,0.68384,3.31093034674215
2851,0.68408,2.13374515087817
2852,0.68432,3.24774110514548
2853,0.68456,3.00573989048412
2854,0.6848,2.44183465181689
2855,0.68504,3.42308069143581
2856,0.68528,3.05534941778596
2857,0.68552,2.61046206916919
2858,0.68576,3.70243505576044
2859,0.686,2.73831657867066
2860,0.68624,2.77733107627136
2861,0.68648,3.86380400820899
2862,0.68672,2.54496039393709
2863,0.68696,2.94353631386496
2864,0.6872,3.66067862057898
2865,0.68744,2.23304605399475
2866,0.68768,3.11185761136196
2867,0.68792,3.46615432553653
2868,0.68816,2.28533391851394
2869,0.6884,3.39499716925241
2870,0.68864,3.14441737621119
2871,0.68888,2.33579750996344
2872,0.68912,3.44021711667543
2873,0.68936,3.07180590266723
2874,0.6896,2.74521976152351
2875,0.68984,3.83354821948881
2876,0.69008,2.39800266476609
2877,0.69032,3.03699229244697
2878,0.69056,3.51398655564288
2879,0.6908,2.21129565875112
2880,0.69104,3.31899969048134
2881,0.69128,3.07178803426319
2882,0.69152,2.74172368933083
2883,0.69176,3.8311337718022
2884,0.692,2.39483862522521
2885,0.69224,3.26755736514626
2886,0.69248,3.02258181599098
2887,0.69272,2.57834629409815
2888,0.69296,3.78903136811577
2889,0.6932,2.47747504455973
2890,0.69344,3.11348319101552
2891,0.69368,3.34754085607933
2892,0.69392,2.29003423953677
2893,0.69416,3.51461597696738
2894,0.6944,2.90688081689636
2895,0.69464,2.58535093284867
2896,0.69488,3.79706532131024
2897,0.69512,2.48386142319109
2898,0.69536,2.8870030958805
2899,0.6956,3.25114623402933
2900,0.69584,2.19396970244372
2901,0.69608,3.07066274271275
2902,0.69632,3.30703375291424
2903,0.69656,2.25265546969601
2904,0.6968,3.47803888508689
2905,0.69704,3.22745052130588
2906,0.69728,2.2968322836234
2907,0.69752,3.40568456441023
2908,0.69776,3.03756442835757
2909,0.698,2.22937249071887
2910,0.69824,3.45662278652732
2911,0.69848,2.73734973477664
2912,0.69872,2.65809580908009
2913,0.69896,3.74948288680758
2914,0.6992,2.78699811065972
2915,0.69944,2.70774376605679
2916,0.69968,3.55646069538081
2917,0.69992,2.36881964217462
2918,0.70016,3.00791782962665
2919,0.7004,3.60350189578999
2920,0.70064,2.41598779455526
2921,0.70088,2.82214918047272
2922,0.70112,3.66587807974569
2923,0.70136,2.35499863327483
2924,0.7016,3.11233520628693
2925,0.70184,3.4659416001272
2926,0.70208,2.28399496320003
2927,0.70232,2.80961744168792
2928,0.70256,3.65743154177865
2929,0.7028,2.3451791971746
2930,0.70304,3.10080561898646
2931,0.70328,3.45578863295357
2932,0.70352,2.27869436435587
2933,0.70376,3.26687618395788
2934,0.704,3.14059815060416
2935,0.70424,2.57288237802131
2936,0.70448,3.78439100197216
2937,0.70472,2.58820276628776
2938,0.70496,2.63271838674491
2939,0.7052,3.60982990152827
2940,0.70544,2.76591951039482
2941,0.70568,2.92205196131529
2942,0.70592,3.52361297139778
2943,0.70616,2.33529356229735
2944,0.7064,3.20774820089873
2945,0.70664,2.96558600637586
2946,0.70688,2.87999432226187
2947,0.70712,3.48337198995822
2948,0.70736,2.06418677888895
2949,0.7076,3.1793537684986
2950,0.70784,3.05698369699408
2951,0.70808,2.37050983129557
2952,0.70832,3.59262270570548
2953,0.70856,2.63096930991323
2954,0.7088,2.79214994106712
2955,0.70904,3.64081246097972
2956,0.70928,2.32937215632636
2957,0.70952,3.20385397438169
2958,0.70976,3.19671779933188
2959,0.71,2.38740807247145
2960,0.71024,3.3726715092057
2961,0.71048,3.00706210004352
2962,0.71072,2.6813865523
2963,0.71096,3.77103539579822
2964,0.7112,2.57551159676832
2965,0.71144,3.09206011026611
2966,0.71168,3.09111213171829
2967,0.71192,2.64242243375897
2968,0.71216,3.73380981836758
2969,0.7124,2.42227381768053
2970,0.71264,3.06141010473329
2971,0.71288,3.18120233103523
2972,0.71312,2.12770603503059
2973,0.71336,3.35917185085989
2974,0.7136,2.87477500284714
2975,0.71384,2.55445858636552
2976,0.71408,3.76689061368339
2977,0.71432,2.68445985624883
2978,0.71456,2.8433621399715
2979,0.7148,3.56395142866003
2980,0.71504,2.26247478485955
2981,0.71528,3.13559489035789
2982,0.71552,3.13062709509317
2983,0.71576,2.56091156195964
2984,0.716,3.65543314248375
2985,0.71624,2.57833756388133
2986,0.71648,2.85689469399739
2987,0.71672,3.33988387734796
2988,0.71696,2.16319046132912
2989,0.7172,3.15874022781569
2990,0.71744,3.03649762303817
2991,0.71768,2.3523208504711
2992,0.71792,3.45555462523487
2993,0.71816,2.96836368810405
2994,0.7184,2.286750722449
2995,0.71864,3.51221993967659
2996,0.71888,2.67139089017897
2997,0.71912,2.71463355986842
2998,0.71936,3.80468238575095
2999,0.7196,2.60911835497054
3000,0.71984,2.77271936316529
3001,0.72008,3.38182883098336
3002,0.72032,2.44740838763088
3003,0.72056,3.54824314775371
3004,0.7208,2.82745977090886
3005,0.72104,2.38987207081038
3006,0.72128,3.49061961988401
3007,0.72152,2.76884896108397
3008,0.72176,2.80700535790524
3009,0.722,3.52922182755897
3010,0.72224,2.22455417148144
3011,0.72248,3.10198521469906
3012,0.72272,3.33648234434818
3013,0.72296,2.40141874157683
3014,0.7232,3.62240006417555
3015,0.72344,2.54414936048044
3016,0.72368,2.82566445524679
3017,0.72392,3.91007432998898
3018,0.72416,2.47339004222575
3019,0.7244,2.99320332729881
3020,0.72464,3.58886483208488
3021,0.72488,2.16569836422431
3022,0.72512,3.28062872435909
3023,0.72536,3.03592168974528
3024,0.7256,2.58938668452897
3025,0.72584,3.68586657351153
3026,0.72608,2.72473408676465
3027,0.72632,2.64680042773576
3028,0.72656,3.61658573973227
3029,0.7268,2.4257996569961
3030,0.72704,2.71251017732699
3031,0.72728,3.68206538465589
3032,0.72752,2.60260771443148
3033,0.72776,3.00051860702811
3034,0.728,3.47914411304327
3035,0.72824,2.30045591466058
3036,0.72848,3.40866776746119
3037,0.72872,2.92316972438356
3038,0.72896,2.59965504959465
3039,0.7292,3.69394240737964
3040,0.72944,2.61533217943265
3041,0.72968,2.77874275664607
3042,0.72992,3.50406657791257
3043,0.73016,2.32125503391047
3044,0.7304,2.96193538202886
3045,0.73064,2.9646988657344
3046,0.73088,2.52087177243081
3047,0.73112,3.73497596036772
3048,0.73136,2.65676741902204
3049,0.7316,2.70079951075942
3050,0.73184,3.55022473952373
3051,0.73208,2.2477923513277
3052,0.73232,3.12612573881538
3053,0.73256,3.36140428459787
3054,0.7328,2.06809591842772
3055,0.73304,3.18384639836734
3056,0.73328,3.17874375612181
3057,0.73352,2.36919960116557
3058,0.73376,3.5925589929162
3059,0.734,2.74841343713356
3060,0.73424,2.55016835421079
3061,0.73448,3.76390828493433
3062,0.73472,2.45264191367442
3063,0.73496,2.85588405206929
3064,0.7352,3.46065212921168
3065,0.73544,2.03975588242682
3066,0.73568,3.0413094707475
3067,0.73592,3.39842803223478
3068,0.73616,2.22334017132631
3069,0.7364,3.3310786083023
3070,0.73664,2.84952020429697
3071,0.73688,2.53100607711734
3072,0.73712,3.74341019222893
3073,0.73736,2.43177888965033
3074,0.7376,3.18533910994021
3075,0.73784,3.1802233031003
3076,0.73808,2.37066642746006
3077,0.73832,3.59401349274588
3078,0.73856,2.74985612457194
3079,0.7388,2.55159968631016
3080,0.73904,3.76532860242999
3081,0.73928,2.45405179639333
3082,0.73952,2.85728389950718
3083,0.73976,3.10431226200108
3084,0.74,2.53731469637519
3085,0.74024,3.63532148513884
3086,0.74048,2.55848393276382
3087,0.74072,2.95713768460199
3088,0.74096,3.19900040110271
3089,0.7412,2.38865871716731
3090,0.74144,3.49143091265475
3091,0.74168,2.88705521049717
3092,0.74192,2.32646231007156
3093,0.74216,3.42977780076385
3094,0.7424,2.94398675684798
3095,0.74264,2.50511658026002
3096,0.74288,3.6045742748193
3097,0.74312,2.52998708660747
3098,0.74336,3.04843928756885
3099,0.7436,3.28635533109755
3100,0.74384,2.23346471260603
3101,0.74408,3.34214783387621
3102,0.74432,2.85844019256201
3103,0.74456,2.65551874186706
3104,0.7448,3.74494899066805
3105,0.74504,2.55095491661333
3106,0.74528,2.83458164158761
3107,0.74552,3.32013653507308
3108,0.74576,2.38826263446568
3109,0.746,3.49456977123908
3110,0.74624,2.89360619842696
3111,0.74648,2.4551907529758
3112,0.74672,3.55338785124961
3113,0.74696,2.71371331285427
3114,0.7472,2.75673304819608
3115,0.74744,3.60738728947493
3116,0.74768,2.29916498841761
3117,0.74792,3.17672412197039
3118,0.74816,3.17426910412064
3119,0.7484,2.00254372140004
3120,0.74864,3.23851998643684
3121,0.74888,2.88005335234962
3122,0.74912,2.56033447197642
3123,0.74936,3.53939431082854
3124,0.7496,2.69770628338924
3125,0.74984,2.62036191078413
3126,0.75008,3.71312975926372
3127,0.75032,2.63651539245022
3128,0.75056,2.79791449086173
3129,0.7508,3.40453650775524
3130,0.75104,2.10733923426658
3131,0.75128,3.34143004096512
3132,0.75152,3.0961406930334
3133,0.75176,2.29258007539627
3134,0.752,3.3987723156343
3135,0.75224,2.79808892508273
3136,0.75248,2.47764057485798
3137,0.75272,3.57708487791616
3138,0.75296,2.50335056714153
3139,0.7532,2.90497692012305
3140,0.75344,3.50610153889119
3141,0.75368,2.20493654730468
3142,0.75392,2.96726400514277
3143,0.75416,3.56828161113377
3144,0.7544,2.14504299193122
3145,0.75464,3.26031299236027
3146,0.75488,3.1340356500854
3147,0.75512,2.44737951480999
3148,0.75536,3.54945508445922
3149,0.7556,2.59198599460628
3150,0.75584,2.75537491483247
3151,0.75608,3.60182603949745
3152,0.75632,2.17843626091504
3153,0.75656,3.29315215408609
3154,0.7568,3.04999094430686
3155,0.75704,2.12212423786348
3156,0.75728,3.23444314132908
3157,0.75752,2.87497268875351
3158,0.75776,2.31853375466509
3159,0.758,3.42628688147141
3160,0.75824,2.94296937716845
3161,0.75848,2.38447593019686
3162,0.75872,3.60347717580703
3163,0.75896,2.52733303666598
3164,0.7592,2.69491735766137
3165,0.75944,3.66776268999536
3166,0.75968,2.5905720755782
3167,0.75992,2.75494566812327
3168,0.76016,3.60579876671363
3169,0.7604,2.29776624209471
3170,0.76064,3.29184736449498
3171,0.76088,3.04877791504902
3172,0.76112,2.48311556876767
3173,0.76136,3.58283514139076
3174,0.7616,2.3917322301201
3175,0.76184,2.79917432617539
3176,0.76208,3.40411145490697
3177,0.76232,2.22381382483501
3178,0.76256,3.10650904468461
3179,0.7628,3.34558421404154
3180,0.76304,2.16956722504047
3181,0.76328,3.04942288566363
3182,0.76352,2.69540552460151
3183,0.76376,2.61826480879447
3184,0.764,3.70909363272306
3185,0.76424,2.39919797323042
3186,0.76448,2.92224409131856
3187,0.76472,3.28435568264944
3188,0.76496,1.99212151015513
3189,0.7652,2.99342777072809
3190,0.76544,3.23394786311618
3191,0.76568,2.1835445082332
3192,0.76592,3.41530194576108
3193,0.76616,2.93210475413548
3194,0.7664,2.49265053646899
3195,0.76664,3.47568255637659
3196,0.76688,2.75807175223455
3197,0.76712,2.56059809031312
3198,0.76736,3.6578722809026
3199,0.7676,2.58119925227533
3200,0.76784,2.86413304112326
3201,0.76808,3.46627579719717
3202,0.76832,2.16526705040358
3203,0.76856,3.16297723748508
3204,0.7688,3.04192917654989
3205,0.76904,2.23782930245615
3206,0.76928,3.35092644627625
3207,0.76952,2.8670507311087
3208,0.76976,2.54636021399049
3209,0.77,3.64077641255028
3210,0.77024,2.56310920645046
3211,0.77048,2.72747834379593
3212,0.77072,3.69900834702327
3213,0.77096,2.50944682212553
3214,0.7712,2.79244375000894
3215,0.77144,3.27880810521015
3216,0.77168,2.34676071404757
3217,0.77192,3.44990817949942
3218,0.77216,2.96569401094901
3219,0.7724,2.52528545947578
3220,0.77264,3.62502753286326
3221,0.77288,2.20034543111953
3222,0.77312,3.08243598264278
3223,0.77336,3.20020127143845
3224,0.7736,2.03151394168171
3225,0.77384,3.26600722480558
3226,0.77408,2.90571383706615
3227,0.77432,2.46748084063322
3228,0.77456,3.44906263187196
3229,0.7748,2.72964710178384
3230,0.77504,2.65198359043853
3231,0.77528,3.62070608540929
3232,0.77552,2.3130429649548
3233,0.77576,3.07434733164338
3234,0.776,3.31361383260635
3235,0.77624,2.0193188664136
3236,0.77648,3.13762823963018
3237,0.77672,3.13845709129156
3238,0.77696,2.09316146242624
3239,0.7772,3.32810397707972
3240,0.77744,2.73116254529432
3241,0.77768,2.89135100180154
3242,0.77792,3.61614936395188
3243,0.77816,2.30694784717899
3244,0.7784,2.95046895788543
3245,0.77864,2.9567940687589
3246,0.77888,2.39528812096777
3247,0.77912,3.49895102433067
3248,0.77936,2.6611051635825
3249,0.7796,2.58819530337752
3250,0.77984,3.68176667430007
3251,0.78008,2.2542508447639
3252,0.78032,2.78154687217225
3253,0.78056,3.26845954364544
3254,0.7808,1.97744477285401
3255,0.78104,3.09761311207668
3256,0.78128,2.85969090674128
3257,0.78152,2.65925192536318
3258,0.78176,3.63251640672141
3259,0.782,2.55530413458725
3260,0.78224,2.72010739308559
3261,0.78248,3.69205191271188
3262,0.78272,2.38305938851666
3263,0.78296,2.79018040527412
3264,0.7832,3.27541541418378
3265,0.78344,1.98279623941505
3266,0.78368,3.22215653959781
3267,0.78392,2.98233717115872
3268,0.78416,2.30340212845633
3269,0.7844,3.29349515015417
3270,0.78464,2.93206149220287
3271,0.78488,2.37167427439227
3272,0.78512,3.3600931304477
3273,0.78536,2.64377316753461
3274,0.7856,2.56905494950271
3275,0.78584,3.6621999635034
3276,0.78608,2.35452011649373
3277,0.78632,2.87968478049447
3278,0.78656,3.36364884216047
3279,0.7868,1.95223953101137
3280,0.78704,2.95545411468968
3281,0.78728,3.1977993826513
3282,0.78752,2.1491430097068
3283,0.78776,3.38257116140817
3284,0.788,2.78157766333022
3285,0.78824,2.34579868824334
3286,0.78848,3.44867767850139
3287,0.78872,2.49321676982404
3288,0.78896,2.66210013318564
3289,0.7892,3.51634815646576
3290,0.78944,2.09566183341997
3291,0.78968,2.86303320224019
3292,0.78992,3.10983408266788
3293,0.79016,2.42451332051054
3294,0.7904,3.52614087279173
3295,0.79064,2.8043530340089
3296,0.79088,2.48738606624557
3297,0.79112,3.4669294580419
3298,0.79136,2.6318359649349
3299,0.7916,2.43918264226995
3300,0.79184,3.54281024674256
3301,0.79208,2.47217797318611
3302,0.79232,2.76048908400526
3303,0.79256,3.36991106805807
3304,0.7928,1.9569408740596
3305,0.79304,3.19438318008302
3306,0.79328,3.19111724135996
3307,0.79352,2.02032770679044
3308,0.79376,3.13871002739947
3309,0.794,3.13960856226898
3310,0.79424,2.09437984517658
3311,0.79448,3.20955027300797
3312,0.79472,2.73421798074545
3313,0.79496,2.53973257553319
3314,0.7952,3.51393098199795
3315,0.79544,2.44674508220537
3316,0.79568,2.734429407615
3317,0.79592,3.58338087245517
3318,0.79616,2.27660440518368
3319,0.7964,2.80302233664778
3320,0.79664,3.28995212557286
3321,0.79688,2.11752053887524
3322,0.79712,3.35279800822544
3323,0.79736,2.75316546625928
3324,0.7976,2.43675667893894
3325,0.79784,3.53573610647454
3326,0.79808,2.46457375372695
3327,0.79832,2.5153656354665
3328,0.79856,3.49369454029461
3329,0.7988,2.65488364619681
3330,0.79904,2.58060784194122
3331,0.79928,3.31601025792952
3332,0.79952,2.02085961309053
3333,0.79976,3.2590892402275
3334,0.8,3.01732839371175
3335,0.80024,2.33652024400168
3336,0.80048,3.32440090566397
3337,0.80072,2.72558770357633
3338,0.80096,2.2932104665741
3339,0.8012,3.28122402974486
3340,0.80144,2.68433375919017
3341,0.80168,2.37352959217332
3342,0.80192,3.59727761936579
3343,0.80216,2.52260305649922
3344,0.8024,2.80744906323181
3345,0.80264,3.41188596271712
3346,0.80288,2.11694456174495
3347,0.80312,2.99893495231166
3348,0.80336,3.24122257705576
3349,0.8036,2.07402600956495
3350,0.80384,3.07421877593124
3351,0.80408,2.95770801956666
3352,0.80432,2.39544204184035
3353,0.80456,3.61430394106635
3354,0.8048,2.31058718872099
3355,0.80504,2.83731759387513
3356,0.80528,3.20299338085468
3357,0.80552,2.03046123559047
3358,0.80576,2.91707836766522
3359,0.806,3.40086079251667
3360,0.80624,2.10382128610558
3361,0.80648,2.86964260242655
3362,0.80672,3.23564344250739
3363,0.80696,1.94317865366
3364,0.8072,3.06762329549354
3365,0.80744,2.832891958224
3366,0.80768,2.27520375415053
3367,0.80792,3.38426860002813
3368,0.80816,2.55158863027897
3369,0.8084,2.48185482320135
3370,0.80864,3.58022612994191
3371,0.80888,2.62396467474773
3372,0.80912,2.43042500142541
3373,0.80936,3.41254813334792
3374,0.8096,2.57992160853612
3375,0.80984,2.50899221018908
3376,0.81008,3.48591281381923
3377,0.81032,2.06666819303397
3378,0.81056,3.07115327375638
3379,0.8108,2.95349081371652
3380,0.81104,2.1544018012379
3381,0.81128,3.26832752814578
3382,0.81152,3.02622298080564
3383,0.81176,2.22570480926541
3384,0.812,3.2193375548856
3385,0.81224,2.97937002764029
3386,0.81248,2.30159035461952
3387,0.81272,3.29236348924138
3388,0.81296,2.69764152444383
3389,0.8132,2.50484604764522
3390,0.81344,3.48066054495605
3391,0.81368,2.18235604455294
3392,0.81392,2.94957761981565
3393,0.81416,3.19450453337159
3394,0.8144,2.02893429903976
3395,0.81464,3.03026719207952
3396,0.81488,3.26994196021588
3397,0.81512,2.10242793734242
3398,0.81536,3.1001170514665
3399,0.8156,2.98255776189014
3400,0.81584,2.30162114146626
3401,0.81608,3.52940185110321
3402,0.81632,2.34143033936292
3403,0.81656,2.86864653613787
3404,0.8168,3.35631964168235
3405,0.81704,2.05952387240484
3406,0.81728,2.82688685090867
3407,0.81752,3.31331822786842
3408,0.81776,1.90426871611219
3409,0.818,2.90973919544628
3410,0.81824,3.27362364985217
3411,0.81848,2.10159511860485
3412,0.81872,3.2195844818953
3413,0.81896,2.51044640414184
3414,0.8192,2.79678985422085
3415,0.81944,3.16429507549283
3416,0.81968,2.11814295714708
3417,0.81992,3.23325758367584
3418,0.82016,2.75789361428437
3419,0.8204,2.44353427453184
3420,0.82064,3.54364213465933
3421,0.82088,2.47312120109783
3422,0.82112,2.76020916862811
3423,0.82136,3.24695724726805
3424,0.8216,1.95842277768134
3425,0.82184,3.19816308574366
3426,0.82208,2.95959668944569
3427,0.82232,2.16113648786273
3428,0.82256,3.15675552152667
3429,0.8228,2.91956717250022
3430,0.82304,2.12462286472056
3431,0.82328,3.12007786648195
3432,0.82352,3.11978888138271
3433,0.82376,2.07557265759111
3434,0.824,3.07320798007715
3435,0.82424,2.95598758778058
3436,0.82448,2.15685486570174
3437,0.82472,3.38882708095801
3438,0.82496,2.4387799016071
3439,0.8252,2.7274335644567
3440,0.82544,3.45743276807755
3441,0.82568,2.04214472799265
3442,0.82592,2.92922657791231
3443,0.82616,3.17509150695635
3444,0.8264,1.88710675804202
3445,0.82664,2.89468147752186
3446,0.82688,3.37994483069376
3447,0.82712,2.08128889925474
3448,0.82736,2.84947751149646
3449,0.8276,3.21599928415401
3450,0.82784,2.16241006401779
3451,0.82808,2.93054049748502
3452,0.82832,2.9375855871871
3453,0.82856,2.01724043886719
3454,0.8288,3.13761932946198
3455,0.82904,2.66517977369745
3456,0.82928,2.35405068403493
3457,0.82952,3.45893722203936
3458,0.82976,2.39129178619894
3459,0.83,2.44537443844506
3460,0.83024,3.42693178058072
3461,0.83048,2.47262126697636
3462,0.83072,2.52278114306328
3463,0.83096,3.50223531065498
3464,0.8312,2.43094420221402
3465,0.83144,2.72123430393398
3466,0.83168,3.21271587170872
3467,0.83192,1.92310859154793
3468,0.83216,3.16220719367453
3469,0.8324,2.68692328327979
3470,0.83264,2.25505161537778
3471,0.83288,3.36337009049028
3472,0.83312,2.53170233139676
3473,0.83336,2.34442496480647
3474,0.8336,3.33038691572411
3475,0.83384,2.73145388853806
3476,0.83408,2.29896234579835
3477,0.83432,3.28686570767396
3478,0.83456,2.68987029422884
3479,0.8348,2.49880373010223
3480,0.83504,3.59870560994145
3481,0.83528,2.29317007850969
3482,0.83552,2.8225435576777
3483,0.83576,2.95021649670232
3484,0.836,2.03063999813443
3485,0.83624,3.26813991188669
3486,0.83648,2.67367911985663
3487,0.83672,2.24366939113609
3488,0.83696,3.23402739040159
3489,0.8372,2.52079278848209
3490,0.83744,2.33361692003919
3491,0.83768,3.32132463184859
3492,0.83792,2.48972443655133
3493,0.83816,2.42369170803397
3494,0.8384,3.40880428704498
3495,0.83864,2.69277471532387
3496,0.83888,2.50071031608069
3497,0.83912,3.59881457737876
3498,0.83936,2.29501408901862
3499,0.8396,2.94239007398393
3500,0.83984,2.82872325639821
3501,0.84008,2.15148850912549
3502,0.84032,3.26740878381461
3503,0.84056,2.55359917835632
3504,0.8408,2.3645636609707
3505,0.84104,3.35225740075931
3506,0.84128,2.51930063150948
3507,0.84152,2.45200934880832
3508,0.84176,3.4371912293269
3509,0.842,2.48684135793809
3510,0.84224,2.53944308363146
3511,0.84248,3.63673676336505
3512,0.84272,2.33043111500902
3513,0.84296,2.85775510348885
3514,0.8432,3.10375237833652
3515,0.84344,1.93785493791388
3516,0.84368,3.17855808793616
3517,0.84392,2.82372686013682
3518,0.84416,2.14974410451768
3519,0.8444,3.38123051005516
3520,0.84464,2.4293994635108
3521,0.84488,2.48147894819647
3522,0.84512,3.46541536359441
3523,0.84536,2.39486676044152
3524,0.8456,2.4484494424248
3525,0.84584,3.42987717633125
3526,0.84608,2.36223185182723
3527,0.84632,2.65510431513076
3528,0.84656,3.26891284024806
3529,0.8468,2.09324459719547
3530,0.84704,2.86355881715486
3531,0.84728,2.87317729688415
3532,0.84752,1.95698254320719
3533,0.84776,3.19771484066793
3534,0.848,2.36978015786831
3535,0.84824,2.42357069436105
3536,0.84848,3.40348494072507
3537,0.84872,1.98623762343112
3538,0.84896,2.75904946845794
3539,0.8492,3.49125032013144
3540,0.84944,2.18693080490645
3541,0.84968,2.71661648493396
3542,0.84992,3.446719991269
3543,0.85016,2.14740564295051
3544,0.8504,2.91581526680293
3545,0.85064,3.16232781994632
3546,0.85088,1.87453238902376
3547,0.85112,3.11710943722295
3548,0.85136,2.76366316082706
3549,0.8516,2.21131550751241
3550,0.85184,3.55859973544337
3551,0.85208,2.13852682510203
3552,0.85232,2.67117380017849
3553,0.85256,3.16188503707892
3554,0.8528,1.87627191377658
3555,0.85304,2.8843826345356
3556,0.85328,3.13226578118633
3557,0.85352,1.96952186704739
3558,0.85376,2.97574985705904
3559,0.854,2.98305391767007
3560,0.85424,1.94318184434204
3561,0.85448,3.06381561130657
3562,0.85472,3.06646578487158
3563,0.85496,2.14363442007059
3564,0.8552,3.25903622657257
3565,0.85544,2.78355360126361
3566,0.85568,2.35055295116547
3567,0.85592,3.4521646146097
3568,0.85616,2.15479406197674
3569,0.8564,2.92334285130609
3570,0.85664,3.04971579660952
3571,0.85688,2.00951859266967
3572,0.85712,3.13122315181777
3573,0.85736,2.65820743960179
3574,0.8576,2.22762725792348
3575,0.85784,3.21872631901199
3576,0.85808,2.50619966738723
3577,0.85832,2.43820403431447
3578,0.85856,3.42272729273702
3579,0.8588,2.35407922918238
3580,0.85904,2.52839177171713
3581,0.85928,3.38390693205347
3582,0.85952,2.08603556619097
3583,0.85976,2.97520401023667
3584,0.86,2.86318094904377
3585,0.86024,1.94485224563079
3586,0.86048,3.18698086830308
3587,0.86072,2.47937169323083
3588,0.86096,2.29401656983358
3589,0.8612,3.52010140838107
3590,0.86144,2.21806458917179
3591,0.86168,2.51414413033971
3592,0.86192,3.37294295488307
3593,0.86216,1.95920136794029
3594,0.8624,2.73277472608006
3595,0.86264,3.22515866623118
3596,0.86288,1.81872160720788
3597,0.86312,2.82718438660641
3598,0.86336,3.31371602402457
3599,0.8636,1.90476262766879
3600,0.86384,3.14693459292243
3601,0.86408,2.91066638399225
3602,0.86432,2.23256723618171
3603,0.86456,3.46043614466692
3604,0.8648,2.51087034565095
3605,0.86504,2.44266546219117
3606,0.86528,3.30059126660542
3607,0.86552,2.00809364571483
3608,0.86576,2.77909220052818
3609,0.866,2.90829191551111
3610,0.86624,2.11303372637984
3611,0.86648,3.23024105355597
3612,0.86672,2.5185339125882
3613,0.86696,2.33017513750692
3614,0.8672,3.31681917136941
3615,0.86744,2.3673734864571
3616,0.86768,2.5406883662486
3617,0.86792,3.52075965318407
3618,0.86816,2.21691398272689
3619,0.8684,2.63072652612541
3620,0.86864,3.36459236702429
3621,0.86888,2.06887617688135
3622,0.86912,2.84072595298542
3623,0.86936,3.09052868627695
3624,0.8696,1.80587998563978
3625,0.86984,3.16997173464635
3626,0.87008,2.69838106997734
3627,0.87032,2.14927925226902
3628,0.87056,3.38167165825815
3629,0.8708,2.31744585387909
3630,0.87104,2.37354261426689
3631,0.87128,3.35566200444498
3632,0.87152,2.06163736009286
3633,0.87176,2.59810156794943
3634,0.872,3.21443146871719
3635,0.87224,1.92784798246449
3636,0.87248,2.70105928394098
3637,0.87272,2.95386525771624
3638,0.87296,2.03858880899695
3639,0.8732,3.03918369067387
3640,0.87344,2.68782166716461
3641,0.87368,2.25946211387845
3642,0.87392,3.25306085792601
3643,0.87416,2.54341912181556
3644,0.8744,2.35833328289343
3645,0.87464,3.34504103308825
3646,0.87488,2.4004676656991
3647,0.87512,2.57539814139872
3648,0.87536,3.19052718737439
3649,0.8756,1.90019112643249
3650,0.87584,2.9129385652123
3651,0.87608,2.80363783642891
3652,0.87632,2.01164896368838
3653,0.87656,3.25131375805256
3654,0.8768,2.30779014196559
3655,0.87704,2.36562277206452
3656,0.87728,3.34935240977932
3657,0.87752,2.05518680487826
3658,0.87776,2.5914628217095
3659,0.878,3.20852048817318
3660,0.87824,1.80150440629595
3661,0.87848,2.81416945509671
3662,0.87872,3.06555067614853
3663,0.87896,1.90527071908147
3664,0.8792,2.91168554022543
3665,0.87944,3.0385676120656
3666,0.87968,1.87990780747124
3667,0.87992,2.88655845801799
3668,0.88016,3.13261023451723
3669,0.8804,1.97119445832563
3670,0.88064,3.09193060689757
3671,0.88088,2.73824728082518
3672,0.88112,2.18570570391835
3673,0.88136,3.29579234137419
3674,0.8816,2.46534478308363
3675,0.88184,2.51807703328064
3676,0.88208,3.49821761589272
3677,0.88232,2.19668034259186
3678,0.88256,2.731174133063
3679,0.8828,3.10291641149177
3680,0.88304,1.93449295763827
3681,0.88328,2.94527672786422
3682,0.88352,2.71609743555829
3683,0.88376,2.04553359916457
3684,0.884,3.28243071979899
3685,0.88424,2.45519698881805
3686,0.88448,2.27130322699212
3687,0.88472,3.49752177438506
3688,0.88496,2.07878569201461
3689,0.8852,2.6149279911976
3690,0.88544,3.23139143997318
3691,0.88568,1.82380320999086
3692,0.88592,2.83420445239129
3693,0.88616,2.84550813489626
3694,0.8864,2.17368537568107
3695,0.88664,3.16755240816473
3696,0.88688,2.57708726880895
3697,0.88712,2.38966746346171
3698,0.88736,3.49308147783048
3699,0.8876,2.30938405930619
3700,0.88784,2.60326056266592
3701,0.88808,3.21716805932132
3702,0.88832,1.92566537582745
3703,0.88856,2.81746393436399
3704,0.8888,3.06652208737209
3705,0.88904,1.78376589551031
3706,0.88928,3.0324848940649
3707,0.88952,2.80078235025125
3708,0.88976,1.88645620229644
3709,0.89,3.1306919862744
3710,0.89024,2.66079573285512
3711,0.89048,2.11331437479189
3712,0.89072,3.34549926613994
3713,0.89096,2.28283219340649
3714,0.8912,2.3413074878963
3715,0.89144,3.44766743272997
3716,0.89168,2.2681141421179
3717,0.89192,2.44748407197959
3718,0.89216,3.18884962058072
3719,0.8924,2.0179682024505
3720,0.89264,2.55631478111149
3721,0.89288,2.93260763479985
3722,0.89312,1.8957663510464
3723,0.89336,2.90517265933304
3724,0.8936,2.7975111358789
3725,0.89384,2.12732041859326
3726,0.89408,3.24473912492778
3727,0.89432,2.41912457121646
3728,0.89456,2.47556511340189
3729,0.8948,3.33816682576635
3730,0.89504,1.80787242268794
3731,0.89528,3.05291025907332
3732,0.89552,2.820741209415
3733,0.89576,2.02797022069641
3734,0.896,3.26385734848629
3735,0.89624,2.43609316493318
3736,0.89648,2.49092306322926
3737,0.89672,3.47183926413782
3738,0.89696,2.17228514447104
3739,0.8972,2.70781906209012
3740,0.89744,2.96209891606701
3741,0.89768,1.80366425421069
3742,0.89792,3.05021462170925
3743,0.89816,2.46570373752907
3744,0.8984,2.0434950090757
3745,0.89864,3.28219187452194
3746,0.89888,2.57122833797836
3747,0.89912,2.14401699142011
3748,0.89936,3.37745565486285
3749,0.8996,2.43147257737463
3750,0.89984,2.24817665978479
3751,0.90008,3.47447354093694
3752,0.90032,2.29200546159925
3753,0.90056,2.35049934191266
3754,0.9008,3.33617237666032
3755,0.90104,2.1575464488065
3756,0.90128,2.45674225348793
3757,0.90152,3.31707309859728
3758,0.90176,2.14322226790033
3759,0.902,2.44252966625788
3760,0.90224,3.18106980754396
3761,0.90248,2.01180475763289
3762,0.90272,2.54996643076646
3763,0.90296,3.16789461561865
3764,0.9032,1.99922825809368
3765,0.90344,2.53790791602608
3766,0.90368,3.03437338105364
3767,0.90392,1.87019100025836
3768,0.90416,2.64760222680679
3769,0.9044,3.02338761046479
3770,0.90464,1.85968017595165
3771,0.90488,2.63754628821278
3772,0.90512,2.89220342216732
3773,0.90536,1.73291058430222
3774,0.9056,2.74852269879429
3775,0.90584,2.88289880400228
3776,0.90608,1.72397950880695
3777,0.90632,2.74000431342214
3778,0.90656,2.87344167857383
3779,0.9068,1.71887972696096
3780,0.90704,2.73203048833711
3781,0.90728,2.86542219390832
3782,0.90752,1.7111638762442
3783,0.90776,2.84451493953394
3784,0.908,2.73770263304264
3785,0.90824,1.82739796776617
3786,0.90848,2.83712565755325
3787,0.90872,2.73065659433928
3788,0.90896,1.82062728062914
3789,0.9092,2.95049688675738
3790,0.90944,2.60380982386096
3791,0.90968,1.93766028298186
3792,0.90992,3.06198483622418
3793,0.91016,2.47602983678892
3794,0.9104,2.05292220238442
3795,0.91064,3.17438067366006
3796,0.91088,2.46986487084761
3797,0.91112,2.04913335563919
3798,0.91136,3.16776071068947
3799,0.9116,2.4634890578407
3800,0.91184,2.04307264629032
3801,0.91208,3.28042631815509
3802,0.91232,2.33861715942689
3803,0.91256,2.15931275034266
3804,0.9128,3.39118447986786
3805,0.91304,2.21228955001689
3806,0.91328,2.27420059854762
3807,0.91352,3.2631412982776
3808,0.91376,2.08764029823665
3809,0.914,2.38982456565387
3810,0.91424,3.25301344609437
3811,0.91448,2.08189522299248
3812,0.91472,2.3838160600707
3813,0.91496,3.12485514745716
3814,0.9152,1.95797995161759
3815,0.91544,2.6182510376523
3816,0.91568,2.99353028461926
3817,0.91592,1.83107049028953
3818,0.91616,2.61012971069097
3819,0.9164,2.86592782493119
3820,0.91664,1.70772560498316
3821,0.91688,2.84331966180931
3822,0.91712,2.85549140335381
3823,0.91736,1.70161940626794
3824,0.9176,2.83533952672287
3825,0.91784,2.72888032211455
3826,0.91808,1.81891273711388
3827,0.91832,3.06686093581622
3828,0.91856,2.59917511323772
3829,0.9188,1.93318496630603
3830,0.91904,3.05896481648518
3831,0.91928,2.59161921457721
3832,0.91952,1.92595413871094
3833,0.91976,3.16968234105069
3834,0.92,2.46353048482598
3835,0.92024,2.0409203142029
3836,0.92048,3.16285508231009
3837,0.92072,2.45702366239782
3838,0.92096,2.0346653341691
3839,0.9212,3.15426336907473
3840,0.92144,2.4501085444405
3841,0.92168,2.15005446939029
3842,0.92192,3.26200053155614
3843,0.92216,2.20373120525648
3844,0.9224,2.26597219874026
3845,0.92264,3.25216748492252
3846,0.92288,2.07932666307911
3847,0.92312,2.6196530505775
3848,0.92336,2.99658836010244
3849,0.9236,1.83396058323325
3850,0.92384,2.73223983646185
3851,0.92408,2.86551437828596
3852,0.92432,1.71074945107953
3853,0.92456,2.84183941494254
3854,0.9248,2.85444348584492
3855,0.92504,1.820872234611
3856,0.92528,2.94975535629721
3857,0.92552,2.60303064499521
3858,0.92576,2.05884442782665
3859,0.926,3.17736753111793
3860,0.92624,2.35192095462411
3861,0.92648,2.1711527364249
3862,0.92672,3.28171910006225
3863,0.92696,2.10319943755471
3864,0.9272,2.40418717114504
3865,0.92744,3.26628405960773
3866,0.92768,1.97384032819414
3867,0.92792,2.75097376905722
3868,0.92816,2.76710808533241
3869,0.9284,1.61574582710475
3870,0.92864,2.75358997714494
3871,0.92888,3.00659004197339
3872,0.92912,1.84787771935315
3873,0.92936,2.97556913176654
3874,0.9296,2.39331426055831
3875,0.92984,1.97456795922546
3876,0.93008,2.97867145377874
3877,0.93032,2.6297665034538
3878,0.93056,2.08224141259908
3879,0.9308,3.19710257932098
3880,0.93104,2.25402323645528
3881,0.93128,2.43213682009687
3882,0.93152,3.05333310039743
3883,0.93176,1.77231214250335
3884,0.932,2.79087870093607
3885,0.93224,3.04397105596153
3886,0.93248,1.6448335262151
3887,0.93272,2.8998850532709
3888,0.93296,2.67508376251164
3889,0.9332,1.89027002975167
3890,0.93344,3.01521108926963
3891,0.93368,2.3122712983889
3892,0.93392,2.1340183973027
3893,0.93416,3.24663602349563
3894,0.9344,2.07177546242158
3895,0.93464,2.4934878250022
3896,0.93488,3.11200525901561
3897,0.93512,1.82840101053517
3898,0.93536,2.60575064694193
3899,0.9356,2.98320878764764
3900,0.93584,1.82593566205734
3901,0.93608,3.07394377152687
3902,0.93632,2.60629094483392
3903,0.93656,2.06234794421329
3904,0.9368,3.17804745149428
3905,0.93704,2.23577156017568
3906,0.93728,2.41465369286579
3907,0.93752,3.03658489943076
3908,0.93776,1.75626676604667
3909,0.938,2.77550554427481
3910,0.93824,2.79222811147368
3911,0.93848,1.76351622748774
3912,0.93872,3.01378726789946
3913,0.93896,2.42892666598737
3914,0.9392,2.00773946754086
3915,0.93944,3.12536123722749
3916,0.93968,2.18538703641576
3917,0.93992,2.2483510283116
3918,0.94016,3.35683291435819
3919,0.9404,1.94578279545969
3920,0.94064,2.60646423358258
3921,0.94088,2.98215101904881
3922,0.94112,1.70373520273472
3923,0.94136,2.71829799693352
3924,0.9416,2.73444747178147
3925,0.94184,1.94568454570801
3926,0.94208,3.06994556999409
3927,0.94232,2.13189495242021
3928,0.94256,2.43202576832456
3929,0.9428,3.05404618890058
3930,0.94304,1.88973646560969
3931,0.94328,2.67088341165358
3932,0.94352,2.80760710824825
3933,0.94376,1.77470834898118
3934,0.944,2.9081207856844
3935,0.94424,2.44504194824994
3936,0.94448,2.02481459853861
3937,0.94472,3.14127643705705
3938,0.94496,2.20231527960637
3939,0.9452,2.38433541827499
3940,0.94544,3.00754459963159
3941,0.94568,1.72844845824857
3942,0.94592,2.63121819502428
3943,0.94616,3.00839830216172
3944,0.9464,1.61119412993147
3945,0.94664,2.75085267839858
3946,0.94688,2.64879651673867
3947,0.94712,1.86373046367203
3948,0.94736,2.99152690293113
3949,0.9476,2.29038030924675
3950,0.94784,2.23156669243553
3951,0.94808,3.10018315440195
3952,0.94832,1.81703746785322
3953,0.94856,2.36389434617197
3954,0.9488,3.23197600882208
3955,0.94904,1.82459180665734
3956,0.94928,2.60855088004025
3957,0.94952,2.98669423596618
3958,0.94976,1.83007055590449
3959,0.95,2.95928416352478
3960,0.95024,2.49394018308223
3961,0.95048,2.19005739843289
3962,0.95072,3.18031197617152
3963,0.95096,1.77602806028131
3964,0.9512,2.67669389543319
3965,0.95144,2.69459487228254
3966,0.95168,1.90750678974498
3967,0.95192,3.03336946140076
3968,0.95216,2.09685050333376
3969,0.9524,2.39844582002067
3970,0.95264,2.90202897980844
3971,0.95288,1.62881264699142
3972,0.95312,2.76415662839873
3973,0.95336,2.54083224515923
3974,0.9536,1.8784861893698
3975,0.95384,3.11976269829604
3976,0.95408,2.18211231204568
3977,0.95432,2.00943927577282
3978,0.95456,3.12733820475452
3979,0.9548,2.06954226084659
3980,0.95504,2.37184752453218
3981,0.95528,2.99988337876615
3982,0.95552,1.72238994603524
3983,0.95576,2.85364436156297
3984,0.956,2.27351790458799
3985,0.95624,2.09682575709817
3986,0.95648,3.33076018258489
3987,0.95672,1.92074588043521
3988,0.95696,2.58241792969628
3989,0.9572,2.72375903041096
3990,0.95744,1.93625618995649
3991,0.95768,3.05994629766267
3992,0.95792,2.00505135076312
3993,0.95816,2.31060541872356
3994,0.9584,3.17747244588135
3995,0.95864,1.77283439820169
3996,0.95888,2.67358260040641
3997,0.95912,2.45458586217068
3998,0.95936,2.03384827130607
3999,0.9596,3.14982244580856
4000,0.95984,1.97771716270002
4001,0.96008,2.28444803704136
4002,0.96032,3.03040743418893
4003,0.96056,1.75155319692766
4004,0.9608,2.77039966205482
4005,0.96104,2.43217989010133
4006,0.96128,2.01282784835122
4007,0.96152,3.1297024468072
4008,0.96176,2.1911359430766
4009,0.962,2.13694824042983
4010,0.96224,3.24924716353824
4011,0.96248,1.83924917359951
4012,0.96272,2.38550972774129
4013,0.96296,2.88958685473788
4014,0.9632,1.61684162054974
4015,0.96344,2.75263649935422
4016,0.96368,2.41124292453686
4017,0.96392,1.99149154251242
4018,0.96416,3.22995700894684
4019,0.9644,1.8242757728908
4020,0.96464,2.72275092458244
4021,0.96488,2.50242162003839
4022,0.96512,1.96238216224075
4023,0.96536,3.08576498030385
4024,0.9656,2.14951213690551
4025,0.96584,2.33369237408716
4026,0.96608,2.83912940925986
4027,0.96632,1.80777610588126
4028,0.96656,2.93610746450285
4029,0.9668,2.23904706453323
4030,0.96704,2.06378142407212
4031,0.96728,3.17925472875355
4032,0.96752,2.00712477973876
4033,0.96776,2.43144851064378
4034,0.968,2.69517537226898
4035,0.96824,1.90883959158685
4036,0.96848,3.03364591316271
4037,0.96872,2.09921406924436
4038,0.96896,2.16574046035664
4039,0.9692,3.15735080814149
4040,0.96944,1.75351003005879
4041,0.96968,2.65502079201444
4042,0.96992,2.43675299492918
4043,0.97016,2.01671246979666
4044,0.9704,3.25318064934914
4045,0.97064,1.96537392546756
4046,0.97088,2.39192066248799
4047,0.97112,2.89609269739429
4048,0.97136,1.62256310624318
4049,0.9716,2.87790020120734
4050,0.97184,2.18111644399875
4051,0.97208,2.24405501097235
4052,0.97232,2.99257385465211
4053,0.97256,1.71394358479345
4054,0.9728,2.61716027317477
4055,0.97304,2.63750094519623
4056,0.97328,1.85274584543268
4057,0.97352,2.97995882410457
4058,0.97376,2.04781906634538
4059,0.974,2.47075383636442
4060,0.97424,2.73357870064495
4061,0.97448,1.58430105889364
4062,0.97472,2.72142809343392
4063,0.97496,2.3813091759489
4064,0.9752,1.96277665208449
4065,0.97544,3.20108717298109
4066,0.97568,1.79657756638273
4067,0.97592,2.46351422237078
4068,0.97616,2.72623093768157
4069,0.9764,1.45826717684945
4070,0.97664,2.3656218024821
4071,0.97688,2.9902911691878
4072,0.97712,1.71174200926824
4073,0.97736,2.6123598051274
4074,0.9776,2.27696164187442
4075,0.97784,2.09995618957735
4076,0.97808,3.09392952658241
4077,0.97832,1.69320086115085
4078,0.97856,2.59726656870451
4079,0.9788,2.73779945729816
4080,0.97904,1.82839043958503
4081,0.97928,2.95749106191517
4082,0.97952,2.14301483941352
4083,0.97976,2.20710119260024
4084,0.98,3.07741886248348
4085,0.98024,1.67521734496434
4086,0.98048,2.57740979989968
4087,0.98072,2.48182029797426
4088,0.98096,2.06193582755701
4089,0.9812,3.05796625048236
4090,0.98144,1.77292927123788
4091,0.98168,2.55455093863198
4092,0.98192,2.69692419381795
4093,0.98216,1.66900395886606
4094,0.9824,2.92050722898748
4095,0.98264,2.10674570784763
4096,0.98288,2.41029022765332
4097,0.98312,2.79594119381282
4098,0.98336,1.76459606412732
4099,0.9836,2.77749014368857
4100,0.98384,2.43788957581062
4101,0.98408,1.78333525561939
4102,0.98432,3.03023651137264
4103,0.98456,1.86141891097565
4104,0.9848,2.29191489017803
4105,0.98504,2.92061644328753
4106,0.98528,1.64237484618687
4107,0.98552,2.54598006778902
4108,0.98576,2.68694695881133
4109,0.986,1.78014105828186
4110,0.98624,3.02804948800791
4111,0.98648,2.32810234171328
4112,0.98672,1.7928758598966
4113,0.98696,2.92518385909605
4114,0.9872,2.22665526799289
4115,0.98744,1.93415623404169
4116,0.98768,3.05684194680159
4117,0.98792,2.00837077726297
4118,0.98816,2.19718543074499
4119,0.9884,2.94715231997187
4120,0.98864,1.6712514630511
4121,0.98888,2.34090019908025
4122,0.98912,2.97001528047867
4123,0.98936,1.6878810256744
4124,0.9896,2.59207900482436
4125,0.98984,2.49661254151959
4126,0.99008,1.95489570725359
4127,0.99032,3.0783976741051
4128,0.99056,1.90783001677116
4129,0.9908,2.21735114949461
4130,0.99104,2.96729109610321
4131,0.99128,1.68525696884661
4132,0.99152,2.58647899164815
4133,0.99176,2.49041614634459
4134,0.992,1.95152307602439
4135,0.99224,3.07474277612032
4136,0.99248,2.02152369603318
4137,0.99272,2.32910772447918
4138,0.99296,2.71820243320297
4139,0.9932,1.56986363490949
4140,0.99344,2.71008923138687
4141,0.99368,2.37243688925209
4142,0.99392,1.59558839592559
4143,0.99416,2.85056758424002
4144,0.9944,2.39226447658991
4145,0.99464,2.09594966503989
4146,0.99488,3.21152524930578
4147,0.99512,1.80548885121071
4148,0.99536,2.58776826839749
4149,0.9956,2.49200011862675
4150,0.99584,1.83236478661067
4151,0.99608,2.95937440667023
4152,0.99632,2.02839027760136
4153,0.99656,2.09903837784818
4154,0.9968,3.09288805153581
4155,0.99704,1.8105436478454
4156,0.99728,2.47669233645671
4157,0.99752,2.50248653283992
4158,0.99776,1.60183825614625
4159,0.998,2.73886349711192
4160,0.99824,2.16380413122366
4161,0.99848,2.11052407501681
4162,0.99872,2.86504414415752
4163,0.99896,1.59306557571098
4164,0.9992,2.61718088966318
4165,0.99944,2.04740513573724
4166,0.99968,2.11591789355918
4167,0.99992,2.86976799857765
4168,1.00016,1.47817025124141
4169,1.0004,2.62319121221029
4170,1.00064,2.52627031247117
4171,1.00088,1.74610863185418
4172,1.00112,2.87859574674269
4173,1.00136,1.94841909864579
4174,1.0016,2.25607267352235
4175,1.00184,2.76544972920425
4176,1.00208,1.49384902078771
4177,1.00232,2.63816752233649
4178,1.00256,2.54057252649251
4179,1.0028,1.75804242163756
4180,1.00304,2.88998757546394
4181,1.00328,2.07823114468773
4182,1.00352,2.14491734131366
4183,1.00376,3.01772166644315
4184,1.004,1.61789535925383
4185,1.00424,2.2905619301069
4186,1.00448,2.44249196281653
4187,1.00472,1.78708042043387
4188,1.00496,3.0345051715468
4189,1.0052,1.75111369862456
4190,1.00544,2.53693764404175
4191,1.00568,2.68247529881807
4192,1.00592,1.41568003119968
4193,1.00616,2.67754953225013
4194,1.0064,2.2266116327269
4195,1.00664,1.81717370296474
4196,1.00688,2.94428886475332
4197,1.00712,1.89969248846651
4198,1.00736,2.21021549974994
4199,1.0076,2.72067256676261
4200,1.00784,1.56943246849196
4201,1.00808,2.59407230287865
4202,1.00832,2.37850205632433
4203,1.00856,1.84174096139859
4204,1.0088,2.84970031922231
4205,1.00904,2.15424639678717
4206,1.00928,1.98227916889689
4207,1.00952,2.98107232900105
4208,1.00976,1.70171712927735
4209,1.01,2.37246201647765
4210,1.01024,2.75948602036781
4211,1.01048,1.48979343036906
4212,1.01072,2.63069955624908
4213,1.01096,2.2981023159717
4214,1.0112,2.00353276632531
4215,1.01144,3.12557136713092
4216,1.01168,1.9575261478157
4217,1.01192,2.03330370600024
4218,1.01216,2.67296198105799
4219,1.0124,1.52638831861209
4220,1.01264,2.66830173096327
4221,1.01288,2.09874006562036
4222,1.01312,2.04766305995283
4223,1.01336,2.9254522507964
4224,1.0136,1.64934303218217
4225,1.01384,2.08658349876749
4226,1.01408,3.08078299292551
4227,1.01432,1.68027152954291
4228,1.01456,2.11398183364605
4229,1.0148,2.99022968932568
4230,1.01504,1.71041462442612
4231,1.01528,2.38072021301673
4232,1.01552,2.76732420881138
4233,1.01576,1.49723009715808
4234,1.016,2.52359019020364
4235,1.01624,2.19470333873682
4236,1.01648,1.9045903155793
4237,1.01672,2.90710796440691
4238,1.01696,1.62827373307196
4239,1.0172,2.41582774482763
4240,1.01744,2.56387344325589
4241,1.01768,1.5413767962859
4242,1.01792,2.79806687528517
4243,1.01816,1.98926481106395
4244,1.0184,2.06316039059531
4245,1.01864,2.94021494671165
4246,1.01888,1.6634011163779
4247,1.01912,2.09996787257497
4248,1.01936,2.85386240039453
4249,1.0196,1.46183997955252
4250,1.01984,2.49102579821595
4251,1.02008,2.63576127921539
4252,1.02032,1.61273648269247
4253,1.02056,2.74903209445436
4254,1.0208,2.05782505073141
4255,1.02104,1.88991926771577
4256,1.02128,3.13225745490792
4257,1.02152,1.845280970372
4258,1.02176,2.04040789503597
4259,1.022,2.91841598731059
4260,1.02224,1.52183270987435
4261,1.02248,2.08087051785883
4262,1.02272,2.96192084930479
4263,1.02296,1.68543372940484
4264,1.0232,2.12320046570397
4265,1.02344,2.87645999894595
4266,1.02368,1.60236299833996
4267,1.02392,2.62538491875097
4268,1.02416,2.29064417306456
4269,1.0244,1.7566416216316
4270,1.02464,2.88662468158065
4271,1.02488,2.19241735094795
4272,1.02512,2.02169554869239
4273,1.02536,2.7797763135977
4274,1.0256,1.74386729417911
4275,1.02584,1.94331270641404
4276,1.02608,3.06779816814969
4277,1.02632,1.66724399490762
4278,1.02656,2.21989714966538
4279,1.0268,2.49397253639238
4280,1.02704,1.47529692943725
4281,1.02728,2.50030842029315
4282,1.02752,2.05511468976553
4283,1.02776,2.12600343548607
4284,1.028,2.63988430678461
4285,1.02824,1.37253682982788
4286,1.02848,2.63859657959655
4287,1.02872,2.1860284958891
4288,1.02896,1.65739417180928
4289,1.0292,2.90841396592201
4290,1.02944,1.97705250434462
4291,1.02968,2.16766875613189
4292,1.02992,2.68055931311426
4293,1.03016,1.4123205555537
4294,1.0304,2.55721586193724
4295,1.03064,2.46199092904446
4296,1.03088,1.56706342623809
4297,1.03112,2.82506979406781
4298,1.03136,1.78227775702278
4299,1.0316,2.33379509644795
4300,1.03184,2.48523411988219
4301,1.03208,1.70565053749195
4302,1.03232,2.83864503845138
4303,1.03256,2.02922563345799
4304,1.0328,1.98225071895439
4305,1.03304,2.97943113169922
4306,1.03328,1.58178203176361
4307,1.03352,2.13806795419072
4308,1.03376,2.41561727177
4309,1.034,1.63903988101879
4310,1.03424,2.89034217223723
4311,1.03448,1.84730103045457
4312,1.03472,2.16198645830448
4313,1.03496,2.67463730045335
4314,1.0352,1.28979862405812
4315,1.03544,2.44131085795288
4316,1.03568,2.58801474691358
4317,1.03592,1.56687159952646
4318,1.03616,2.70496712803064
4319,1.0364,2.01548046565208
4320,1.03664,1.84921979188617
4321,1.03688,2.97373635703904
4322,1.03712,1.69260695195711
4323,1.03736,2.1285670154952
4324,1.0376,2.52587340428804
4325,1.03784,1.50478338887533
4326,1.03808,2.64643894445116
4327,1.03832,2.19645259845149
4328,1.03856,1.43196349637594
4329,1.0388,2.69178293631188
4330,1.03904,2.11786756525416
4331,1.03928,1.94887804130231
4332,1.03952,2.9487592351054
4333,1.03976,1.55367917005134
4334,1.04,2.57861767019145
4335,1.04024,2.01131886345084
4336,1.04048,1.84653681000265
4337,1.04072,2.97328899977629
4338,1.04096,2.04198540861101
4339,1.0412,1.75734984938909
4340,1.04144,2.7633181540419
4341,1.04168,1.49393974482509
4342,1.04192,2.520093728072
4343,1.04216,2.19192534667011
4344,1.0424,1.90159143351499
4345,1.04264,2.54311259074846
4346,1.04288,1.28154847945834
4347,1.04312,2.66728833629356
4348,1.04336,1.8630021028222
4349,1.0436,1.82181454245931
4350,1.04384,2.58617052783823
4351,1.04408,1.32271116938198
4352,1.04432,2.35850798056499
4353,1.04456,2.0355488924858
4354,1.0448,1.87096111669777
4355,1.04504,2.63576158518815
4356,1.04528,1.49171286541626
4357,1.04552,2.51792548339732
4358,1.04576,2.07173659597698
4359,1.046,1.78655539239012
4360,1.04624,3.03436821188385
4361,1.04648,1.75308142223123
4362,1.04672,2.42286466985331
4363,1.04696,2.57021809813277
4364,1.0472,1.42987324822188
4365,1.04744,2.69009842688946
4366,1.04768,2.00110503110682
4367,1.04792,1.95338032854105
4368,1.04816,2.47409273481412
4369,1.0484,1.09908014362325
4370,1.04864,2.25435921668949
4371,1.04888,2.52796580910026
4372,1.04912,1.26696913609292
4373,1.04936,2.41666686313692
4374,1.0496,2.09199851058042
4375,1.04984,1.80591836005983
4376,1.05008,2.93299927728076
4377,1.05032,1.65391310353971
4378,1.05056,1.85826770340251
4379,1.0508,3.10115467111257
4380,1.05104,1.8173184875841
4381,1.05128,2.25115293004088
4382,1.05152,2.52441926942542
4383,1.05176,1.62566044298993
4384,1.052,2.88036298091307
4385,1.05224,1.60616210832172
4386,1.05248,1.92930302741336
4387,1.05272,2.93335867842705
4388,1.05296,1.65376196548502
4389,1.0532,2.09118785787533
4390,1.05344,2.37050089842291
4391,1.05368,1.35683643467358
4392,1.05392,2.50382314928509
4393,1.05416,2.17660908212708
4394,1.0544,1.8867632772579
4395,1.05464,2.89128174379898
4396,1.05488,1.49500949683698
4397,1.05512,2.28785922256635
4398,1.05536,2.32029704356268
4399,1.0556,1.66824033016798
4400,1.05584,2.80559512731213
4401,1.05608,1.76548986697923
4402,1.05632,2.20150875345472
4403,1.05656,2.59492700977667
4404,1.0568,1.45423436821519
4405,1.05704,2.71589441485704
4406,1.05728,1.67663735660493
4407,1.05752,1.76230909727054
4408,1.05776,2.65589788939759
4409,1.058,1.85583865396191
4410,1.05824,1.81517457403564
4411,1.05848,2.5822079277299
4412,1.05872,1.44029617735371
4413,1.05896,2.46855273198276
4414,1.0592,2.02431828294861
4415,1.05944,1.74100620252699
4416,1.05968,2.99060658392596
4417,1.05992,1.7110285030359
4418,1.06016,2.14498980360813
4419,1.0604,2.42013264664359
4420,1.06064,1.52532739217399
4421,1.06088,2.78165632148289
4422,1.06112,1.73945906188957
4423,1.06136,2.17217976598412
4424,1.0616,2.32850469099594
4425,1.06184,1.19843633514855
4426,1.06208,2.35091225346918
4427,1.06232,2.26459105055172
4428,1.06256,1.4941786838378
4429,1.0628,2.63594481350942
4430,1.06304,1.83491336212585
4431,1.06328,1.79596050251794
4432,1.06352,2.68053425064822
4433,1.06376,1.29503034009696
4434,1.064,2.32739029685459
4435,1.06424,2.00377278535112
4436,1.06448,1.71958195386569
4437,1.06472,2.84801669608224
4438,1.06496,1.92401626177066
4439,1.0652,1.76311498576424
4440,1.06544,2.65478542000172
4441,1.06568,1.3880209070689
4442,1.06592,2.18666590003965
4443,1.06616,2.34486283701638
4444,1.0664,1.45456183636175
4445,1.06664,2.59754413609572
4446,1.06688,2.14666220843698
4447,1.06712,1.61919622774792
4448,1.06736,2.52016939367389
4449,1.0676,1.60601788414341
4450,1.06784,1.92678808705624
4451,1.06808,2.57162638999037
4452,1.06832,1.42517529643487
4453,1.06856,2.10496866769871
4454,1.0688,2.26409559001885
4455,1.06904,1.25610275346925
4456,1.06928,2.40680938781401
4457,1.06952,2.08267402484659
4458,1.06976,1.43548880420322
4459,1.07,2.5801480265976
4460,1.07024,1.66377476341735
4461,1.07048,1.98111522888366
4462,1.07072,2.38039890868229
4463,1.07096,1.36647201149395
4464,1.0712,2.513658683917
4465,1.07144,2.06549661028449
4466,1.07168,1.77847409002095
4467,1.07192,2.90903189714948
4468,1.07216,1.75044031482979
4469,1.0724,1.83266046885146
4470,1.07264,2.72206081373544
4471,1.07288,1.33370812133249
4472,1.07312,2.2474528608463
4473,1.07336,2.28178792754379
4474,1.0736,1.51044076939452
4475,1.07384,2.65085709158494
4476,1.07408,1.96492145248799
4477,1.07432,1.6839726074848
4478,1.07456,2.70008371086033
4479,1.0748,1.78324265527541
4480,1.07504,1.86525710873797
4481,1.07528,2.51177195343118
4482,1.07552,1.25106349544942
4483,1.07576,2.05377737086497
4484,1.076,2.57573911636819
4485,1.07624,1.4325027272271
4486,1.07648,2.11092185079835
4487,1.07672,2.03135221578192
4488,1.07696,1.74575033864121
4489,1.0772,2.87938449054941
4490,1.07744,1.48669933890475
4491,1.07768,2.04515662663927
4492,1.07792,2.68292076971068
4493,1.07816,1.53453647580069
4494,1.0784,1.74188927918697
4495,1.07864,2.27043482145414
4496,1.07888,1.13912076319635
4497,1.07912,2.29259483480673
4498,1.07936,1.85345225296572
4499,1.0796,1.69537347159226
4500,1.07984,2.70386825407672
4501,1.08008,1.43690553136023
4502,1.08032,2.00005128396058
4503,1.08056,2.28031165642561
4504,1.0808,1.50890101812986
4505,1.08104,2.41313036372774
4506,1.08128,1.73432003778753
4507,1.08152,1.81487708157137
4508,1.08176,2.57892436930485
4509,1.082,1.19884804165656
4510,1.08224,2.236368733307
4511,1.08248,2.15513570074036
4512,1.08272,1.02525257964195
4513,1.08296,2.18318656647977
4514,1.0832,2.45712749250026
4515,1.08344,1.19998500225282
4516,1.08368,2.47226649307719
4517,1.08392,2.1454823050266
4518,1.08416,1.61777460123741
4519,1.0844,2.75289186425932
4520,1.08464,1.60134826625905
4521,1.08488,1.8056767308316
4522,1.08512,2.33132921244955
4523,1.08536,1.19724771733764
4524,1.0856,1.99993596353478
4525,1.08584,2.40120144396263
4526,1.08608,1.26628021677945
4527,1.08632,2.4171132358764
4528,1.08656,1.97465560753489
4529,1.0868,1.6930430011442
4530,1.08704,2.82576866944804
4531,1.08728,1.90277543988149
4532,1.08752,1.38557770254999
4533,1.08776,2.65013694719428
4534,1.088,1.38143607036947
4535,1.08824,2.06539968549848
4536,1.08848,1.98802943830175
4537,1.08872,1.58864315574019
4538,1.08896,2.48572815838694
4539,1.0892,1.2267964327434
4540,1.08944,2.38107170957326
4541,1.08968,1.70613344459041
4542,1.08992,1.66841425310592
4543,1.09016,2.68095783556392
4544,1.0904,1.41045179477453
4545,1.09064,2.20638585732208
4546,1.09088,2.24567654202603
4547,1.09112,1.59802012272704
4548,1.09136,2.73783182725163
4549,1.0916,1.81858734880429
4550,1.09184,1.42304028089851
4551,1.09208,2.56300472619109
4552,1.09232,1.29976781567285
4553,1.09256,2.09787040722425
4554,1.0928,2.37448945764372
4555,1.09304,1.24278505229071
4556,1.09328,2.39365476105453
4557,1.09352,2.30537914336068
4558,1.09376,1.29387373265749
4559,1.094,2.44512402286408
4560,1.09424,1.7655711295271
4561,1.09448,1.72908986612255
4562,1.09472,2.62258787903852
4563,1.09496,1.47390668836912
4564,1.0952,1.79950039674423
4565,1.09544,2.92744012703445
4566,1.09568,1.64954024670634
4567,1.09592,1.85336753475772
4568,1.09616,2.61723878342545
4569,1.0964,1.35024792812283
4570,1.09664,2.26635635126379
4571,1.09688,1.94654409248904
4572,1.09712,2.01978348143346
4573,1.09736,2.18212589938698
4574,1.0976,1.89308005591749
4575,1.09784,2.29751489280501
4576,1.09808,1.16466078865331
4577,1.09832,2.32061828626318
4578,1.09856,1.76402864077887
4579,1.0988,2.08002349329882
4580,1.09904,2.00356483306466
4581,1.09928,1.83857228461187
4582,1.09952,2.24534961655782
4583,1.09976,1.71692869780067
4584,1.1,2.24661380772956
4585,1.10024,1.11245106810393
4586,1.10048,2.0379869920448
4587,1.10072,1.96332884455452
4588,1.10096,1.20666940695254
4589,1.1012,2.24350314937943
4590,1.10144,1.92592060027209
4591,1.10168,1.76342682219012
4592,1.10192,2.29363392388338
4593,1.10216,1.40276999291788
4594,1.1024,2.66546200041007
4595,1.10264,1.74787140672117
4596,1.10288,1.5917791268257
4597,1.10312,2.61270723091627
4598,1.10336,1.57540689850222
4599,1.1036,1.78097597439665
4600,1.10384,2.19017206696859
4601,1.10408,1.66406392798445
4602,1.10432,2.31881948933368
4603,1.10456,1.42593126263231
4604,1.1048,2.44570870324612
4605,1.10504,1.30807574295839
4606,1.10528,2.57262173448814
4607,1.10552,1.42855202090987
4608,1.10576,1.75636556953175
4609,1.106,2.16659205668203
4610,1.10624,1.6414687925902
4611,1.10648,2.29716570898658
4612,1.10672,1.40517700553736
4613,1.10696,2.54914224084435
4614,1.1072,1.16816849841814
4615,1.10744,2.44055197171449
4616,1.10768,1.4124052331742
4617,1.10792,2.32862908996467
4618,1.10816,1.53799444512403
4619,1.1084,2.21609975912716
4620,1.10864,1.66386874950938
4621,1.10888,1.98578340237851
4622,1.10912,1.9132334745963
4623,1.10936,1.15335575931262
4624,1.1096,2.42676714251813
4625,1.10984,1.39917457212836
4626,1.11008,2.19786709288432
4627,1.11032,1.64639151975783
4628,1.11056,1.96727653715529
4629,1.1108,1.8954940135895
4630,1.11104,1.73497250257762
4631,1.11128,2.14602499895333
4632,1.11152,1.62169163680535
4633,1.11176,2.27814413888105
4634,1.112,1.38687784526306
4635,1.11224,2.53153410448338
4636,1.11248,1.15122081722486
4637,1.11272,2.42423601040984
4638,1.11296,1.39669300963412
4639,1.1132,2.19543345909238
4640,1.11344,1.64400401050943
4641,1.11368,1.96493375598892
4642,1.11392,1.89319417618359
4643,1.11416,1.73271410455268
4644,1.1144,2.14380655775541
4645,1.11464,1.61951153966645
4646,1.11488,2.15314186280587
4647,1.11512,1.38621015118615
4648,1.11536,2.5308354843524
4649,1.1156,1.15049280242571
4650,1.11584,2.5406669375032
4651,1.11608,1.27620738265859
4652,1.11632,2.19602176022475
4653,1.11656,1.64450504007065
4654,1.1168,2.08429759822805
4655,1.11704,1.77202517511732
4656,1.11728,1.7343941542365
4657,1.11752,2.14534993253516
4658,1.11776,1.6209242447027
4659,1.118,2.27728890370666
4660,1.11824,1.38593863210458
4661,1.11848,2.53051490919272
4662,1.11872,1.15012495386792
4663,1.11896,2.42306704356039
4664,1.1192,1.39545388713404
4665,1.11944,2.19412733742474
4666,1.11968,1.64263361842535
4667,1.11992,1.9635016597394
4668,1.12016,1.89170296945326
4669,1.1204,1.73116596740947
4670,1.12064,2.14220373292512
4671,1.12088,1.6178560112711
4672,1.12112,2.27429485105964
4673,1.12136,1.38301484031753
4674,1.1216,2.52765821615468
4675,1.12184,1.14733144124663
4676,1.12208,2.42033392459191
4677,1.12232,1.39277771553678
4678,1.12256,2.19150526720727
4679,1.1228,1.64006286432463
4680,1.12304,1.96097921551985
4681,1.12328,1.88922650326684
4682,1.12352,1.72873277549321
4683,1.12376,2.13981142088772
4684,1.124,0.897856420109577
4685,1.12424,1.94422666360679
4686,1.12448,2.34761957310289
4687,1.12472,1.21516094736857
4688,1.12496,2.36575048158909
4689,1.1252,1.69255564504404
4690,1.12544,1.53842480774114
4691,1.12568,2.43699995479343
4692,1.12592,1.29932956473223
4693,1.12616,2.56691405263025
4694,1.1264,1.30110618718276
4695,1.12664,2.33596230032074
4696,1.12688,1.54463657978043
4697,1.12712,2.10357991093317
4698,1.12736,1.7902650002584
4699,1.1276,1.86971595575158
4700,1.12784,2.03799764861332
4701,1.12808,1.63479533972997
4702,1.12832,2.16707044930181
4703,1.12856,1.03932076111174
4704,1.1288,1.84806661321435
4705,1.12904,2.37276039002069
4706,1.12928,1.11492438268981
4707,1.12952,1.92080191505273
4708,1.12976,2.20704467043093
4709,1.13,1.19692386294502
4710,1.13024,2.23318045133029
4711,1.13048,1.91595045042075
4712,1.13072,1.03872286825013
4713,1.13096,2.08098005379605
4714,1.1312,2.12365567542079
4715,1.13144,1.24221878282908
4716,1.13168,2.39322856504787
4717,1.13192,1.71869663275228
4718,1.13216,1.2056088589556
4719,1.1324,2.35778005304427
4720,1.13264,2.0350566445256
4721,1.13288,1.27291199719015
4722,1.13312,2.30360616016891
4723,1.13336,1.86650049525861
4724,1.1336,0.992723268803286
4725,1.13384,2.15281856117216
4726,1.13408,1.48871202173035
4727,1.13432,1.579408795695
4728,1.13456,2.59893189599564
4729,1.1348,1.56332809319506
4730,1.13504,1.77014738903425
4731,1.13528,2.41792655033538
4732,1.13552,1.39590135783204
4733,1.13576,1.72846456473809
4734,1.136,2.02469667419045
4735,1.13624,1.26293211757672
4736,1.13648,2.29619307807623
4737,1.13672,1.50858010477484
4738,1.13696,1.59748104256562
4739,1.1372,2.01399890875315
4740,1.13744,1.49489105831087
4741,1.13768,2.15634069063145
4742,1.13792,1.3927228038635
4743,1.13816,2.2973823862761
4744,1.1384,0.928913970975588
4745,1.13864,1.74444926373462
4746,1.13888,2.51745916506549
4747,1.13912,1.13808209724629
4748,1.13936,2.05863977006532
4749,1.1396,1.74659879924294
4750,1.13984,1.71007078950818
4751,1.14008,2.48455379344696
4752,1.14032,1.22509846723422
4753,1.14056,1.56195887122402
4754,1.1408,2.46359347538123
4755,1.14104,1.43550217628659
4756,1.14128,1.64641806022334
4757,1.14152,2.42234220041864
4758,1.14176,1.04746960578035
4759,1.142,1.85516177748579
4760,1.14224,2.37927209904194
4761,1.14248,1.12087904347281
4762,1.14272,1.92622546050284
4763,1.14296,2.21196099008619
4764,1.1432,1.08723238094447
4765,1.14344,2.24429872392823
4766,1.14368,1.57166796500243
4767,1.14392,1.42374450711297
4768,1.14416,2.20886159908206
4769,1.1444,1.07808322876823
4770,1.14464,1.88700324819825
4771,1.14488,2.41402469024945
4772,1.14512,1.27213721480092
4773,1.14536,1.608597081397
4774,1.1456,2.14729808845888
4775,1.14584,1.13767678021626
4776,1.14608,1.9461294521634
4777,1.14632,1.75907689305502
4778,1.14656,1.48570625289623
4779,1.1468,2.50817119967347
4780,1.14704,1.36646288169142
4781,1.14728,1.2265050293404
4782,1.14752,2.25978445866734
4783,1.14776,1.58723569342566
4784,1.148,1.79444965687074
4785,1.14824,2.08753863496285
4786,1.14848,1.3227655187012
4787,1.14872,2.46945647626325
4788,1.14896,1.21398591755033
4789,1.1492,2.48479420997219
4790,1.14944,1.45953513813579
4791,1.14968,1.55418609590528
4792,1.14992,2.45595873564978
4793,1.15016,1.42799890690665
4794,1.1504,1.63904050256183
4795,1.15064,2.41508482392682
4796,1.15088,1.04032620652955
4797,1.15112,1.85247691776213
4798,1.15136,1.66938640721045
4799,1.1516,1.15802069143011
4800,1.15184,2.31183891163122
4801,1.15208,1.99331983449501
4802,1.15232,0.753638166696857
4803,1.15256,1.92157807044278
4804,1.1528,1.73504810441744
4805,1.15304,1.22471829443681
4806,1.15328,2.37602739501904
4807,1.15352,1.11794553962153
4808,1.15376,1.9253435496006
4809,1.154,1.97515967725005
4810,1.15424,0.854323932537145
4811,1.15448,1.67275534450591
4812,1.15472,2.4485341411626
4813,1.15496,1.19032018915707
4814,1.1552,1.99453471135208
4815,1.15544,2.04130611270746
4816,1.15568,0.917558152083079
4817,1.15592,1.73320447816103
4818,1.15616,2.26665900321133
4819,1.1564,1.13092355015776
4820,1.15664,1.47326742045742
4821,1.15688,2.49691603268426
4822,1.15712,1.58465509613498
4823,1.15736,1.55388191572462
4824,1.1576,2.57140841254853
4825,1.15784,1.31081164590567
4826,1.15808,1.64309363373173
4827,1.15832,2.05885976847012
4828,1.15856,0.937821082800148
4829,1.1588,2.09975573998178
4830,1.15904,1.31801316781437
4831,1.15928,1.64953108383056
4832,1.15952,2.1848127525441
4833,1.15976,1.05736182906904
4834,1.16,1.75218739767693
4835,1.16024,2.0447058577685
4836,1.16048,1.40481278893326
4837,1.16072,2.31284493926497
4838,1.16096,1.52354667079485
4839,1.1612,1.61126035739802
4840,1.16144,1.90724583187009
4841,1.16168,1.38704229710668
4842,1.16192,2.41434215261012
4843,1.16216,1.5055730186432
4844,1.1624,0.999357025907921
4845,1.16264,2.04393681311714
4846,1.16288,1.38393629387932
4847,1.16312,1.2437434513132
4848,1.16336,2.27504092742152
4849,1.1636,1.26164604315825
4850,1.16384,1.35979608328441
4851,1.16408,2.38735028592026
4852,1.16432,1.83829390299293
4853,1.16456,1.20423226755498
4854,1.1648,2.23941200083586
4855,1.16504,1.80739198783575
4856,1.16528,1.28096424501233
4857,1.16552,1.73327664110978
4858,1.16576,2.02478924118889
4859,1.166,1.14290821271719
4860,1.16624,2.18595421011797
4861,1.16648,1.75320991739476
4862,1.16672,0.993344743255818
4863,1.16696,2.04202412521714
4864,1.1672,1.612000714784
4865,1.16744,0.851320771994019
4866,1.16768,1.7881413690114
4867,1.16792,1.96000539624717
4868,1.16816,1.43514951108684
4869,1.1684,1.64451447359317
4870,1.16864,2.05611907727776
4871,1.16888,1.16187196879124
4872,1.16912,1.38412134251364
4873,1.16936,2.40958889016795
4874,1.1696,1.39495751693647
4875,1.16984,0.891588359125991
4876,1.17008,0.87846258922777
4877,1.17032,0.865899165213608
4878,1.17056,0.85386855842961
4879,1.1708,1.56262186436161
4880,1.17104,1.99243237050683
4881,1.17128,1.8033637873949
4882,1.17152,1.28994072363291
4883,1.17176,2.43408956197337
4884,1.172,1.64846357410493
4885,1.17224,0.905644068458987
4886,1.17248,2.30658671908557
4887,1.17272,1.63394646617268
4888,1.17296,0.880499808631272
4889,1.1732,0.867767679221842
4890,1.17344,0.85558081663888
4891,1.17368,0.843910390066028
4892,1.17392,1.3142388595724
4893,1.17416,1.98790963370246
4894,1.1744,1.20019078286131
4895,1.17464,1.8942442473063
4896,1.17488,2.19100786213059
4897,1.17512,0.710771007868749
4898,1.17536,1.99500672148646
4899,1.1756,1.81005976166618
4900,1.17584,1.54065154572398
4901,1.17608,2.44105497328503
4902,1.17632,1.30294528477301
4903,1.17656,1.27552972819217
4904,1.1768,1.93700938944328
4905,1.17704,1.30483760281616
4906,1.17728,2.33530367046337
4907,1.17752,1.321631687965
4908,1.17776,1.5347547572645
4909,1.178,1.59537350581427
4910,1.17824,1.3253132721977
4911,1.17848,1.75214707886508
4912,1.17872,0.876597903560133
4913,1.17896,2.27863216423225
4914,1.1792,1.24887763626472
4915,1.17944,1.3451293589865
4916,1.17968,2.01733001014665
4917,1.17992,1.70748435040473
4918,1.18016,1.67656969674934
4919,1.1804,2.10119278685397
4920,1.18064,1.5573098601307
4921,1.18088,1.53016222929727
4922,1.18112,1.82952747099319
4923,1.18136,0.835045799989209
4924,1.1816,2.35079678484137
4925,1.18184,1.33281812765671
4926,1.18208,1.54449496263931
4927,1.18232,1.6045888530606
4928,1.18256,1.33402820583576
4929,1.1828,2.24369575202701
4930,1.18304,1.46300894616164
4931,1.18328,1.31828035770596
4932,1.18352,2.46003442041764
4933,1.18376,0.969244728622852
4934,1.184,1.42545507304294
4935,1.18424,1.72291166267645
4936,1.18448,1.69122197957331
4937,1.18472,2.35044688263516
4938,1.18496,0.738862319451236
4939,1.1852,2.14543742724625
4940,1.18544,2.07032577474738
4941,1.18568,0.590735305286753
4942,1.18592,2.11089436403137
4943,1.18616,1.57124561638944
4944,1.1864,1.66400121102741
4945,1.18664,1.48342337736772
4946,1.18688,1.45251343533238
4947,1.18712,2.00394622088748
4948,1.18736,1.70244301886824
4949,1.1876,1.43744786321472
4950,1.18784,2.34207303513484
4951,1.18808,1.2080007887455
4952,1.18832,1.18444692613065
4953,1.18856,1.84962058804384
4954,1.1888,0.620532318193861
4955,1.18904,1.91229484806356
4956,1.18928,1.49707407031494
4957,1.18952,1.592125269518
4958,1.18976,1.41459500078955
4959,1.19,1.38659682187818
4960,1.19024,1.94078471865133
4961,1.19048,1.64109259148951
4962,1.19072,1.37868239511114
4963,1.19096,2.28620760278011
4964,1.1912,1.50347321319931
4965,1.19144,1.35418285914855
4966,1.19168,2.49156305211654
4967,1.19192,0.763438246758926
4968,1.19216,1.81668186340953
4969,1.1924,1.98839648759106
4970,1.19264,0.512199012963455
4971,1.19288,2.15939300003174
4972,1.19312,1.26401869811716
4973,1.19336,1.47841505772278
4974,1.1936,1.54111170288186
4975,1.19384,1.2730387053079
4976,1.19408,2.18417040529331
4977,1.19432,1.40579820654202
4978,1.19456,1.26328554793553
4979,1.1948,2.28820462772415
4980,1.19504,1.15629904217175
4981,1.19528,1.4842338862901
4982,1.19552,1.3083627827739
4983,1.19576,1.64906803450788
4984,1.196,1.95467018615829
4985,1.19624,1.53311851520281
4986,1.19648,1.50664136761326
4987,1.19672,1.68990357969583
4988,1.19696,1.41451264398782
4989,1.1972,1.73029656921317
4990,1.19744,1.06785923916986
4991,1.19768,1.7671233483064
4992,1.19792,1.94947619163285
4993,1.19816,0.590327429856679
4994,1.1984,2.23879861515983
4995,1.19864,1.68869891569671
4996,1.19888,0.819764444131366
4997,1.19912,2.34537727893685
4998,1.19936,0.850855825332657
4999,1.1996,1.43751626358302
5000,1.19984,1.86555938039469
5001,1.20008,0.869511313301474
5002,1.20032,1.91618888609274
5003,1.20056,1.37357017764617
5004,1.2008,1.23034274451322
5005,1.20104,1.9070172127126
5006,1.20128,1.24986589670833
5007,1.20152,1.47139254763115
5008,1.20176,2.0216083982268
5009,1.202,1.48066157049742
5010,1.20224,1.4563233034854
5011,1.20248,2.24036360848827
5012,1.20272,1.22625402145449
5013,1.20296,1.44205632962034
5014,1.2032,1.50609746676178
5015,1.20344,1.2393124211335
5016,1.20368,2.15259231614941
5017,1.20392,1.37535901627591
5018,1.20416,1.23132896094228
5019,1.2044,2.37506038028089
5020,1.20464,0.887454140842633
5021,1.20488,1.34670961764933
5022,1.20512,1.77349463692525
5023,1.20536,0.430933034731846
5024,1.2056,2.08134213110673
5025,1.20584,1.06964659144225
5026,1.20608,1.52929237996216
5027,1.20632,2.0713184016838
5028,1.20656,0.47133798691054
5029,1.2068,1.88901220669842
5030,1.20704,1.58573909851564
5031,1.20728,1.07965887970427
5032,1.20752,2.35409054751422
5033,1.20776,0.631973209108184
5034,1.208,1.57021755941393
5035,1.20824,1.62940926883665
5036,1.20848,0.88608185319359
5037,1.20872,2.4085507614383
5038,1.20896,0.911021940265151
5039,1.2092,1.61106212709469
5040,1.20944,2.14945046085589
5041,1.20968,0.665829582474065
5042,1.20992,2.19699947395048
5043,1.21016,1.40878160306132
5044,1.2104,0.783537733135907
5045,1.21064,2.18884000707726
5046,1.21088,1.16394487047944
5047,1.21112,1.26310309431555
5048,1.21136,1.81691844169573
5049,1.2116,0.460989399053146
5050,1.21184,1.99097070385639
5051,1.21208,1.33601839541354
5052,1.21232,1.19348604089436
5053,1.21256,2.33733117355599
5054,1.2128,0.734339859844623
5055,1.21304,1.43534254224859
5056,1.21328,1.85577339798862
5057,1.21352,0.50464555922705
5058,1.21376,2.27624844018272
5059,1.214,0.907674106807561
5060,1.21424,1.24593170231165
5061,1.21448,1.43195996595959
5062,1.21472,1.16810065871131
5063,1.21496,2.08326243426032
5064,1.2152,1.43210716030837
5065,1.21544,1.29534461474978
5066,1.21568,2.20982855612909
5067,1.21592,0.844585228881
5068,1.21616,1.54638415408727
5069,1.2164,1.61609571649594
5070,1.21664,1.59638879389776
5071,1.21688,1.54339920227267
5072,1.21712,1.03502571615045
5073,1.21736,1.96117757683756
5074,1.2176,1.05973896441082
5075,1.21784,1.16325269140989
5076,1.21808,1.60494523609679
5077,1.21832,1.31435930781188
5078,1.21856,1.17698485642771
5079,1.2188,1.24856567267091
5080,1.21904,1.22704467437543
5081,1.21928,1.78745843999321
5082,1.21952,1.49454181726661
5083,1.21976,0.874317563608898
5084,1.22,2.1464377305996
5085,1.22024,0.783831720093783
5086,1.22048,1.59529472768666
5087,1.22072,1.30591180507712
5088,1.22096,1.16883388789802
5089,1.2212,1.24069914199563
5090,1.22144,1.10008028754201
5091,1.22168,2.25818454209505
5092,1.22192,0.535049267868488
5093,1.22216,1.83497363950659
5094,1.2224,1.77241304541124
5095,1.22264,0.424661325835058
5096,1.22288,1.96117239061359
5097,1.22312,0.949848592039525
5098,1.22336,1.29798610034727
5099,1.2236,1.85128926514155
5100,1.22384,1.0896858964546
5101,1.22408,1.30869957684207
5102,1.22432,1.25677033201354
5103,1.22456,1.23473289244443
5104,1.2248,1.6747865994099
5105,1.22504,1.26464121515676
5106,1.22528,1.60108897842477
5107,1.22552,1.06710708831091
5108,1.22576,1.17006483509624
5109,1.226,1.49570416285232
5110,1.22624,1.44359893484983
5111,1.22648,0.944404996361784
5112,1.22672,1.9818507798919
5113,1.22696,0.978329674811008
5114,1.2272,1.31315661811327
5115,1.22744,1.49589780672286
5116,1.22768,1.22889243277379
5117,1.22792,1.90138058268489
5118,1.22816,1.13398883892266
5119,1.2284,1.11259869505436
5120,1.22864,1.77984204292548
5121,1.22888,0.552731200945637
5122,1.22912,1.97063388060305
5123,1.22936,1.54899231179468
5124,1.2296,1.04002798337365
5125,1.22984,1.96561440247088
5126,1.23008,1.06715785761581
5127,1.23032,1.41093784714897
5128,1.23056,1.72685264702827
5129,1.2308,0.970469274662977
5130,1.23104,0.957017951300643
5131,1.23128,2.2304742435166
5132,1.23152,0.744024510591937
5133,1.23176,1.56702870681981
5134,1.232,1.74854790468132
5135,1.23224,0.401563081760395
5136,1.23248,1.93880728721469
5137,1.23272,1.05197325024838
5138,1.23296,1.27455762684353
5139,1.2332,1.46625337912359
5140,1.23344,0.96588777810864
5141,1.23368,2.24191243664324
5142,1.23392,0.754899346584349
5143,1.23416,1.57736398502586
5144,1.2344,1.75836578277062
5145,1.23464,0.410884768728787
5146,1.23488,1.94765374824847
5147,1.23512,1.06036365251246
5148,1.23536,1.16533636734658
5149,1.2356,2.19604517264686
5150,1.23584,0.475222546734456
5151,1.23608,1.77735838157707
5152,1.23632,1.4781348123397
5153,1.23656,0.617329039007371
5154,1.2368,2.15071925467999
5155,1.23704,0.786967933043078
5156,1.23728,1.24970232563645
5157,1.23752,1.44542087747472
5158,1.23776,0.946666611980026
5159,1.238,2.21949526028301
5160,1.23824,0.497587398141986
5161,1.23848,1.79868406961513
5162,1.23872,1.49846451737374
5163,1.23896,0.636704241655036
5164,1.2392,2.16918047230267
5165,1.23944,0.804552704707963
5166,1.23968,1.39069344651842
5167,1.23992,1.93782079784377
5168,1.24016,0.462553108947511
5169,1.2404,2.00171116163734
5170,1.24064,1.22287614511164
5171,1.24088,0.846718657219397
5172,1.24112,2.13512619071779
5173,1.24136,0.53531348831806
5174,1.2416,1.71784756963165
5175,1.24184,0.95277006474077
5176,1.24208,1.41650469581893
5177,1.24232,1.72145149265582
5178,1.24256,0.615025302674931
5179,1.2428,2.02675566355889
5180,1.24304,1.00801057968363
5181,1.24328,1.11305153624905
5182,1.24352,1.91524393726128
5183,1.24376,0.439096257996762
5184,1.244,1.8615147401257
5185,1.24424,1.44419277825725
5186,1.24448,0.939357834811878
5187,1.24472,1.86889359889965
5188,1.24496,0.974211983857534
5189,1.2452,1.32160093291873
5190,1.24544,1.64096716915604
5191,1.24568,0.411565608287451
5192,1.24592,1.94664586918904
5193,1.24616,1.169213849306
5194,1.2464,1.15036177412245
5195,1.24664,1.59346463760924
5196,1.24688,1.18623605014079
5197,1.24712,1.17345899048633
5198,1.24736,1.1301661277752
5199,1.2476,0.870303471522111
5200,1.24784,1.67594420253837
5201,1.24808,1.38444013221339
5202,1.24832,0.887204754509648
5203,1.24856,1.9265245949211
5204,1.2488,0.92479270554009
5205,1.24904,0.911915586615604
5206,1.24928,1.22868867885292
5207,1.24952,1.33266508765122
5208,1.24976,1.65363033145731
5209,1.25,1.36482246427839
5210,1.25024,0.749383771767329
5211,1.25048,2.02608397509538
5212,1.25072,0.787250708970004
5213,1.25096,0.896192266031841
5214,1.2512,1.21359325482583
5215,1.25144,1.31816975062149
5216,1.25168,1.6397087561381
5217,1.25192,1.35144889828287
5218,1.25216,0.736534051554836
5219,1.2524,2.01373493279364
5220,1.25264,0.655986519963891
5221,1.25288,1.36148042700386
5222,1.25312,1.19766370650195
5223,1.25336,1.06259703064362
5224,1.2536,1.26152752240726
5225,1.25384,1.12428271776256
5226,1.25408,1.92915999983876
5227,1.25432,0.806426689219177
5228,1.25456,1.3884862667101
5229,1.2548,1.34060858679782
5230,1.25504,0.367116227346288
5231,1.25528,1.90519803609867
5232,1.25552,0.782529139591712
5233,1.25576,1.48589869589365
5234,1.256,1.66849732843282
5235,1.25624,0.679450512957005
5236,1.25648,1.97467936927103
5237,1.25672,0.957794587777303
5238,1.25696,1.06461539472127
5239,1.2572,1.8685117146478
5240,1.25744,0.393993727750879
5241,1.25768,1.9338487067229
5242,1.25792,1.1557156315124
5243,1.25816,1.02076049940847
5244,1.2584,1.57989081843957
5245,1.25864,0.829090728683412
5246,1.25888,1.18006320803628
5247,1.25912,1.13613538708736
5248,1.25936,0.875663713842052
5249,1.2596,1.68072224932451
5250,1.25984,1.38865844698011
5251,1.26008,0.890886726792727
5252,1.26032,1.92969317497806
5253,1.26056,0.927466711735772
5254,1.2608,0.914116486112806
5255,1.26104,1.35378880812524
5256,1.26128,1.21747796118517
5257,1.26152,2.01373678890202
5258,1.26176,0.887507427671546
5259,1.262,1.23409321270672
5260,1.26224,1.90243343965514
5261,1.26248,0.312578127867405
5262,1.26272,1.61661952307742
5263,1.26296,0.974720198176729
5264,1.2632,1.19978217751761
5265,1.26344,1.75108059004126
5266,1.26368,0.287603633424394
5267,1.26392,2.06285261629448
5268,1.26416,0.578801043410427
5269,1.2644,1.05435517229837
5270,1.26464,1.61882409056089
5271,1.26488,0.389830061169813
5272,1.26512,1.92663652883828
5273,1.26536,0.797894767140983
5274,1.2656,1.26737912765889
5275,1.26584,1.58376695212036
5276,1.26608,0.832584653432695
5277,1.26632,1.18319165102025
5278,1.26656,1.14156239501401
5279,1.2668,1.12291092055541
5280,1.26704,1.32394896408515
5281,1.26728,0.938790235453494
5282,1.26752,1.15782424216493
5283,1.26776,1.2355494865292
5284,1.268,1.2240205479009
5285,1.26824,1.66681164582469
5286,1.26848,1.02521295705691
5287,1.26872,0.89458216923618
5288,1.26896,1.81101909861447
5289,1.2692,0.224944413569869
5290,1.26944,1.76835769629734
5291,1.26968,0.643785130086539
5292,1.26992,1.35423404350442
5293,1.27016,1.31373455710695
5294,1.2704,0.813811917661996
5295,1.27064,1.74804739893497
5296,1.27088,0.857858861515449
5297,1.27112,1.20689604094289
5298,1.27136,1.04988390243574
5299,1.2716,0.792798352154355
5300,1.27184,1.72314514745865
5301,1.27208,0.953839440457572
5302,1.27232,1.42371948680127
5303,1.27256,1.26074198417173
5304,1.2728,0.639323537797089
5305,1.27304,1.10655272156929
5306,1.27328,1.42727349819774
5307,1.27352,1.05244204680326
5308,1.27376,1.8494477727016
5309,1.274,0.498197161957252
5310,1.27424,1.56150555175548
5311,1.27448,1.03491871227181
5312,1.27472,0.547344305636262
5313,1.27496,1.84298579907203
5314,1.2752,1.06920249046338
5315,1.27544,1.05384157102305
5316,1.27568,1.74439347320514
5317,1.27592,0.740955205265519
5318,1.27616,1.21604243373842
5319,1.2764,1.30030521484668
5320,1.27664,0.55892277140827
5321,1.27688,1.85400487614882
5322,1.27712,0.725007707271222
5323,1.27736,1.07615490797615
5324,1.2776,1.64228171121625
5325,1.27784,0.884701155599842
5326,1.27808,1.47102645498319
5327,1.27832,1.18388774099416
5328,1.27856,0.812207014814292
5329,1.2788,1.61944691121087
5330,1.27904,0.982636780400207
5331,1.27928,1.20993357925968
5332,1.27952,1.40600109225833
5333,1.27976,0.544891675127267
5334,1.28,1.13277000081539
5335,1.28024,1.44504597667159
5336,1.28048,0.347290006115145
5337,1.28072,1.40917881752534
5338,1.28096,0.881912711794599
5339,1.2812,0.988211792557809
5340,1.28144,1.67443766119336
5341,1.28168,0.56152894501842
5342,1.28192,1.38918129396785
5343,1.28216,1.22187037326382
5344,1.2824,0.729441144496658
5345,1.28264,1.6556625045502
5346,1.28288,0.189630962105543
5347,1.28312,1.73760281882652
5348,1.28336,0.968977645718663
5349,1.2836,0.838286885509401
5350,1.28384,1.64775814049783
5351,1.28408,0.538943980207133
5352,1.28432,1.13182876668773
5353,1.28456,1.93158133294565
5354,1.2848,0.456548808708377
5355,1.28504,1.40942996097135
5356,1.28528,1.24755586141424
5357,1.28552,0.393110379700351
5358,1.28576,1.93478056524568
5359,1.286,0.343191208449505
5360,1.28624,1.29263871659916
5361,1.28648,1.48447136380972
5362,1.28672,0.506862303709279
5363,1.28696,1.68883893742448
5364,1.2872,1.04079290077083
5365,1.28744,0.78788214550254
5366,1.28768,1.83516938920849
5367,1.28792,0.715906824490467
5368,1.28816,1.30313855145228
5369,1.2884,1.49445640614618
5370,1.28864,0.155080306617597
5371,1.28888,1.57978195642062
5372,1.28912,0.933294001135426
5373,1.28936,0.680729519684622
5374,1.2896,1.49335167645135
5375,1.28984,0.85163365899498
5376,1.29008,1.32541156524989
5377,1.29032,1.16788152107503
5378,1.29056,1.03186571479875
5379,1.2908,1.48317171151301
5380,1.29104,1.20137722451347
5381,1.29128,0.475108929373038
5382,1.29152,1.1776858184532
5383,1.29176,1.37659294785604
5384,1.292,0.403471030324325
5385,1.29224,1.58365234552779
5386,1.29248,0.944050053368185
5387,1.29272,0.701283697051624
5388,1.29296,1.04101265611958
5389,1.2932,1.36047333340415
5390,1.29344,0.270754384059241
5391,1.29368,1.80791367364324
5392,1.29392,0.690069135252063
5393,1.29416,0.929766154020585
5394,1.2944,1.26734522552626
5395,1.29464,0.990025079083798
5396,1.29488,0.982156528731325
5397,1.29512,0.948368237784786
5398,1.29536,0.937216465292955
5399,1.2956,1.5066782639718
5400,1.29584,1.10909655645068
5401,1.29608,0.620548736846039
5402,1.29632,1.90493070859987
5403,1.29656,0.31344926871405
5404,1.2968,1.50049051467575
5405,1.29704,0.857713915884966
5406,1.29728,0.731432135979389
5407,1.29752,1.06970766575566
5408,1.29776,1.38777795570799
5409,1.298,0.177788866273945
5410,1.29824,1.72234921715027
5411,1.29848,0.836723878565915
5412,1.29872,0.711307866308879
5413,1.29896,1.05041100063963
5414,1.2992,1.36927184986481
5415,1.29944,0.160038211030239
5416,1.29968,1.70532065155538
5417,1.29992,0.820385074993566
5418,1.30016,0.69562807640551
5419,1.3004,1.03536115274414
5420,1.30064,1.23676575482428
5421,1.30088,0.625753245867749
5422,1.30112,1.91106774357885
5423,1.30136,0.440735408658983
5424,1.3016,0.800346868700991
5425,1.30184,1.73465619478576
5426,1.30208,0.499027338011575
5427,1.30232,1.33054501744177
5428,1.30256,1.40557246636687
5429,1.3028,0.66529885732989
5430,1.30304,0.662927396265497
5431,1.30328,1.83194710272366
5432,1.30352,0.244743618168898
5433,1.30376,1.55176842263708
5434,1.304,0.906005474099113
5435,1.30424,0.412701892666014
5436,1.30448,1.12935914005056
5437,1.30472,1.33156517301406
5438,1.30496,0.715163239297031
5439,1.3052,1.2939681444659
5440,1.30544,1.13534218609087
5441,1.30568,0.168762425163878
5442,1.30592,1.23760374901937
5443,1.30616,0.958410126453358
5444,1.3064,0.828295735491764
5445,1.30664,1.64048687370401
5446,1.30688,0.882467389150529
5447,1.30712,0.641901064150674
5448,1.30736,0.983735745697019
5449,1.3076,1.18715159373921
5450,1.30784,0.578063405556059
5451,1.30808,1.86521949530497
5452,1.30832,0.39664879526627
5453,1.30856,0.757946030261905
5454,1.3088,1.69386861267944
5455,1.30904,0.459782721773889
5456,1.30928,1.29277645477027
5457,1.30952,1.13043935239243
5458,1.30976,0.635034379049613
5459,1.31,0.872963727685255
5460,1.31024,1.5593758573463
5461,1.31048,0.458351479238838
5462,1.31072,1.40199953505026
5463,1.31096,1.00183118292388
5464,1.3112,0.153319782134077
5465,1.31144,1.34641393454279
5466,1.31168,0.826960811273504
5467,1.31192,0.936443198123583
5468,1.31216,1.39033815475836
5469,1.3124,0.882720160091631
5470,1.31264,0.757692305521429
5471,1.31288,1.56234556680147
5472,1.31312,0.573521393145525
5473,1.31336,1.04668297788489
5474,1.3136,1.24832811595803
5475,1.31384,0.399043223846097
5476,1.31408,1.70252139000059
5477,1.31432,0.583270121055129
5478,1.31456,0.939373502222589
5479,1.3148,1.39305191609788
5480,1.31504,0.644689213091401
5481,1.31528,0.99485646778221
5482,1.31552,1.19920782953354
5483,1.31576,0.59247855304164
5484,1.316,1.76630919688453
5485,1.31624,0.180201434809662
5486,1.31648,0.896086694037172
5487,1.31672,1.69898028477572
5488,1.31696,0.352402083123576
5489,1.3172,1.18585871470503
5490,1.31744,0.789103126073251
5491,1.31768,0.541873644423033
5492,1.31792,1.60500733843862
5493,1.31816,0.962598830866659
5494,1.3184,0.470725064416889
5495,1.31864,1.41530932339634
5496,1.31888,0.901995555040077
5497,1.31912,0.654803252112012
5498,1.31936,1.69903236931369
5499,1.3196,0.592022481217682
5500,1.31984,0.83244649802625
5501,1.32008,1.64492875477235
5502,1.32032,0.296683153472854
5503,1.32056,1.13688171830964
5504,1.3208,0.983963006179125
5505,1.32104,0.248775391550931
5506,1.32128,1.08527025390776
5507,1.32152,1.04444309487864
5508,1.32176,0.552384773595394
5509,1.322,0.671030477688894
5510,1.32224,1.71620529735234
5511,1.32248,0.133412991986864
5512,1.32272,1.44465650461256
5513,1.32296,0.805574478476287
5514,1.3232,0.197904405101682
5515,1.32344,1.27666031911874
5516,1.32368,1.00034413262836
5517,1.32392,0.629522587948467
5518,1.32416,1.21142217703578
5519,1.3244,0.934995615536609
5520,1.32464,0.805682005043678
5521,1.32488,1.49582362000158
5522,1.32512,0.272850771476492
5523,1.32536,1.1081568328957
5524,1.3256,0.951648362939241
5525,1.32584,0.34753014357735
5526,1.32608,1.53167371903571
5527,1.32632,0.660048091037572
5528,1.32656,0.656310640898787
5529,1.3268,1.58820040750687
5530,1.32704,0.365978051434203
5531,1.32728,0.960985991421979
5532,1.32752,0.808209187544545
5533,1.32776,0.805086440111692
5534,1.328,1.02884807301717
5535,1.32824,0.879328306794217
5536,1.32848,0.519532483409594
5537,1.32872,1.69394411602839
5538,1.32896,0.110557209912887
5539,1.3292,1.18774074729477
5540,1.32944,1.03060157691428
5541,1.32968,0.302672226472212
5542,1.32992,1.01147006937005
5543,1.33016,0.857710197397826
5544,1.3304,0.731170952402336
5545,1.33064,1.31059589474267
5546,1.33088,0.680744637380809
5547,1.33112,0.799225859654055
5548,1.33136,1.48813394759201
5549,1.3316,0.147615228447459
5550,1.33184,1.45792271336065
5551,1.33208,0.581776094157499
5552,1.33232,0.81800902002029
5553,1.33256,1.15917382666533
5554,1.3328,0.772856925565105
5555,1.33304,0.647127023874834
5556,1.33328,1.33659985767638
5557,1.33352,0.129387399476376
5558,1.33376,1.67660084320797
5559,1.334,0.686397383913038
5560,1.33424,0.4446640927904
5561,1.33448,1.62211608167081
5562,1.33472,0.394174833997298
5563,1.33496,0.637500460799616
5564,1.3352,1.45702985099743
5565,1.33544,0.588357116900776
5566,1.33568,0.824378970802121
5567,1.33592,1.27111669095754
5568,1.33616,0.0597028085087561
5569,1.3364,1.3736771052051
5570,1.33664,0.380358766641484
5571,1.33688,0.9811149646988
5572,1.33712,1.0727288976512
5573,1.33736,0.453854369024027
5574,1.3376,0.9327393958677
5575,1.33784,1.13851235816049
5576,1.33808,0.290530987992871
5577,1.33832,1.5952451545423
5578,1.33856,0.126473755044704
5579,1.3388,1.08671424603819
5580,1.33904,0.937595057781834
5581,1.33928,0.211216401429064
5582,1.33952,1.40167921100536
5583,1.33976,0.533498209808283
5584,1.34,0.892938467333508
5585,1.34024,1.1003574190513
5586,1.34048,0.496251132329409
5587,1.34072,1.44074770229107
5588,1.34096,0.572562017466107
5589,1.3412,0.572117520688705
5590,1.34144,1.50715987288695
5591,1.34168,0.28663258133584
5592,1.34192,0.881100356537168
5593,1.34216,0.731283147671087
5594,1.3424,0.730992766426331
5595,1.34264,0.956169641955262
5596,1.34288,0.809294485889451
5597,1.34312,0.689981035548224
5598,1.34336,1.50784811476421
5599,1.3436,0.520344297538263
5600,1.34384,0.640562322585597
5601,1.34408,1.33245016653598
5602,1.34432,0.593948058086828
5603,1.34456,0.832512856534269
5604,1.3448,1.40492970769604
5605,1.34504,0.188737858112441
5606,1.34528,1.02701207957967
5607,1.34552,0.992261232420719
5608,1.34576,0.266738154531371
5609,1.346,1.21751245008444
5610,1.34624,0.467744122163688
5611,1.34648,0.949306787257819
5612,1.34672,1.0454565200665
5613,1.34696,0.427431924799923
5614,1.3472,0.907129723796162
5615,1.34744,0.994285472593284
5616,1.34768,0.384120074342323
5617,1.34792,0.972407691172421
5618,1.34816,0.702962471497445
5619,1.3484,0.582526260451987
5620,1.34864,1.16778826296483
5621,1.34888,0.539953344937138
5622,1.34912,0.543782517032775
5623,1.34936,1.12507233328375
5624,1.3496,0.501296057211129
5625,1.34984,0.620404899062238
5626,1.35008,1.43497321683473
5627,1.35032,0.0982885468733069
5628,1.35056,1.06104981886666
5629,1.3508,0.670359891828986
5630,1.35104,0.665913005264821
5631,1.35128,1.24879626180794
5632,1.35152,0.626970694765267
5633,1.35176,0.388440395762078
5634,1.352,1.44312300055611
5635,1.35224,-0.134971200762576
5636,1.35248,1.18256103841624
5637,1.35272,0.553840350151887
5638,1.35296,0.674640678725105
5639,1.3532,0.902336654410965
5640,1.35344,0.755194925117055
5641,1.35368,0.516808134213921
5642,1.35392,1.09910810964639
5643,1.35416,0.476298186665648
5644,1.3544,0.596331689329464
5645,1.35464,1.41178479966281
5646,1.35488,0.075946259989375
5647,1.35512,1.0395171266455
5648,1.35536,0.649601641871517
5649,1.3556,0.764849721012018
5650,1.35584,0.992021220273998
5651,1.35608,0.612153614126547
5652,1.35632,0.612890070500371
5653,1.35656,1.18529427608756
5654,1.3568,0.211773951404203
5655,1.35704,0.81027005560881
5656,1.35728,0.787660014720945
5657,1.35752,0.428291290196337
5658,1.35776,1.49014894007935
5659,1.358,0.145972206224905
5660,1.35824,1.22403690338531
5661,1.35848,0.475207810982439
5662,1.35872,0.716411856676095
5663,1.35896,1.1795746675068
5664,1.3592,0.558310189462881
5665,1.35944,0.558625806153791
5666,1.35968,1.25225548451141
5667,1.35992,0.162415256955483
5668,1.36016,0.759482870434221
5669,1.3604,0.735454030149922
5670,1.36064,0.378243596898518
5671,1.36088,1.32190218272629
5672,1.36112,0.338798478293932
5673,1.36136,0.946985072083893
5674,1.3616,0.805679908147706
5675,1.36184,0.44199255868784
5676,1.36208,1.03071917569152
5677,1.36232,0.646269256217943
5678,1.36256,0.645810400363716
5679,1.3628,1.34508923956845
5680,1.36304,0.127342324694974
5681,1.36328,1.08838708072548
5682,1.36352,0.69734954284373
5683,1.36376,0.575787806083974
5684,1.364,0.806078803778041
5685,1.36424,0.782600679734062
5686,1.36448,0.426671466260028
5687,1.36472,1.01032308507694
5688,1.36496,0.1626394833541
5689,1.3652,1.11725118285848
5690,1.36544,0.731048304672639
5691,1.36568,0.130753196124494
5692,1.36592,1.32377497840926
5693,1.36616,0.221410995302787
5694,1.3664,0.707683120334539
5695,1.36664,0.922625398020918
5696,1.36688,0.554097346233554
5697,1.36712,0.554722649750393
5698,1.36736,1.00990331713384
5699,1.3676,0.284594232602909
5700,1.36784,0.523533988679948
5701,1.36808,0.858939945581477
5702,1.36832,0.138399231146672
5703,1.36856,0.97409732478778
5704,1.3688,0.947395389623532
5705,1.36904,-0.0132030004321488
5706,1.36928,1.29883787647964
5707,1.36952,0.555599400996577
5708,1.36976,0.437676709774203
5709,1.37,1.26556254383959
5710,1.37024,0.287642298276238
5711,1.37048,0.772580870931849
5712,1.37072,0.864754080516946
5713,1.37096,0.378340559509613
5714,1.3712,0.497592547052574
5715,1.37144,1.19345107367709
5716,1.37168,-0.135676863326107
5717,1.37192,0.948509831700292
5718,1.37216,0.444243048849722
5719,1.3724,0.564760212966939
5720,1.37264,1.03270026169138
5721,1.37288,0.650447358376645
5722,1.37312,0.533900930164117
5723,1.37336,1.23284313594652
5724,1.3736,0.0239747333663284
5725,1.37384,0.864039477797668
5726,1.37408,0.95912417573986
5727,1.37432,0.116779170174736
5728,1.37456,1.07130514070422
5729,1.3748,0.327727247209986
5730,1.37504,0.696278736745416
5731,1.37528,0.924404094813801
5732,1.37552,0.661347999220181
5733,1.37576,0.306799800572366
5734,1.376,1.37327125914958
5735,1.37624,0.033508371572552
5736,1.37648,0.883159397309538
5737,1.37672,0.983735995672287
5738,1.37696,0.366391059344669
5739,1.3772,0.492097476736776
5740,1.37744,1.19270902514492
5741,1.37768,-0.018086530352228
5742,1.37792,0.823653143417572
5743,1.37816,0.92034537762832
5744,1.3784,0.0795397747122706
5745,1.37864,1.27431605688029
5746,1.37888,0.174947529453521
5747,1.37912,0.786112407832429
5748,1.37936,0.767036315505851
5749,1.3796,0.517265499442179
5750,1.37984,0.519024948592487
5751,1.38008,0.975289223955557
5752,1.38032,0.251014449066049
5753,1.38056,0.490943551866118
5754,1.3808,0.714026452652923
5755,1.38104,0.238934179251421
5756,1.38128,1.19136331406554
5757,1.38152,0.327300150970217
5758,1.38176,0.817602723188647
5759,1.382,1.04151329463555
5760,1.38224,0.421873269701683
5761,1.38248,0.66918945760966
5762,1.38272,0.649885250084668
5763,1.38296,0.292185497819516
5764,1.3832,0.767244115070236
5765,1.38344,0.864511111522884
5766,1.38368,0.147899209008006
5767,1.38392,1.09897721791482
5768,1.38416,0.601401624538814
5769,1.3844,0.24602994165655
5770,1.38464,1.3139802047876
5771,1.38488,-0.134637844410213
5772,1.38512,1.1895136130995
5773,1.38536,0.562326030843197
5774,1.3856,0.200945751514979
5775,1.38584,0.684692871059241
5776,1.38608,0.899506135666636
5777,1.38632,0.0571518958660832
5778,1.38656,0.658244575973918
5779,1.3868,0.641157385286
5780,1.38704,0.165045648898988
5781,1.38728,1.34929819987049
5782,1.38752,0.0101615691643491
5783,1.38776,0.856923172777145
5784,1.388,0.838398078667093
5785,1.38824,0.107556299890005
5786,1.38848,0.714280217206759
5787,1.38872,0.574297654760944
5788,1.38896,0.21967223925575
5789,1.3892,0.697671183996496
5790,1.38944,0.917582432142524
5791,1.38968,0.200571605870495
5792,1.38992,1.38928467689578
5793,1.39016,-0.182638144393341
5794,1.3904,0.905080198721394
5795,1.39064,0.642515251515144
5796,1.39088,0.402946228570939
5797,1.39112,0.640625378233204
5798,1.39136,0.739629277357823
5799,1.3916,0.265643193617725
5800,1.39184,0.978642222852328
5801,1.39208,0.477239911065293
5802,1.39232,0.482624966898392
5803,1.39256,1.18828908676913
5804,1.3928,-0.0250705994377769
5805,1.39304,1.06263924720674
5806,1.39328,0.558722818206178
5807,1.39352,0.437311241423322
5808,1.39376,0.437663636481221
5809,1.394,0.778878818689932
5810,1.39424,0.30227010534799
5811,1.39448,0.660597075659041
5812,1.39472,0.526350978069121
5813,1.39496,0.410015090145583
5814,1.3952,1.23253921120486
5815,1.39544,0.0193264376803881
5816,1.39568,0.631851221783911
5817,1.39592,0.977102266019344
5818,1.39616,0.00592595571644094
5819,1.3964,0.61677303152301
5820,1.39664,0.59923138159431
5821,1.39688,0.239702706332256
5822,1.39712,0.835920460060948
5823,1.39736,0.458634005208748
5824,1.3976,0.224491823925066
5825,1.39784,1.17480893559103
5826,1.39808,-0.157138034458648
5827,1.39832,0.81328220954154
5828,1.39856,0.316518525547925
5829,1.3988,0.441156330543563
5830,1.39904,0.675993214074814
5831,1.39928,0.896469357569383
5832,1.39952,0.0619390637201304
5833,1.39976,1.1364722747855
5834,1.4,0.159488568824633
5835,1.40024,0.411054325301515
5836,1.40048,1.00537308468435
5837,1.40072,0.153949312833959
5838,1.40096,0.643549900537844
5839,1.4012,0.741483611938208
5840,1.40144,0.262744345246149
5841,1.40168,0.505238391309501
5842,1.40192,0.849798817606957
5843,1.40216,0.0172020865491427
5844,1.4024,1.09094171179835
5845,1.40264,-0.116367540497556
5846,1.40288,0.728704172607572
5847,1.40312,0.828580685596323
5848,1.40336,-0.00918274796045881
5849,1.4036,0.949727131011697
5850,1.40384,0.450433456235802
5851,1.40408,0.341514816915613
5852,1.40432,0.697756560383787
5853,1.40456,0.561512604668278
5854,1.4048,0.210211013698252
5855,1.40504,1.27978681190312
5856,1.40528,-0.0535076579325532
5857,1.40552,0.678994913462489
5858,1.40576,0.782591467314078
5859,1.406,-0.0610841947381069
5860,1.40624,0.907851061283025
5861,1.40648,0.288597598780621
5862,1.40672,0.417633950439396
5863,1.40696,0.418785533616751
5864,1.4072,0.645810729637
5865,1.40744,0.291522604646202
5866,1.40768,1.11655109007495
5867,1.40792,-0.206272306604451
5868,1.40816,0.758428235489099
5869,1.4084,0.623705536018761
5870,1.40864,0.151486424197851
5871,1.40888,1.11017897117779
5872,1.40912,-0.0999803974893415
5873,1.40936,0.986865246752889
5874,1.4096,0.485617267412563
5875,1.40984,0.366756798141944
5876,1.41008,0.36955012035444
5877,1.41032,0.713099083736008
5878,1.41056,0.11889893932503
5879,1.4108,0.484570852168441
5880,1.41104,0.591291139428073
5881,1.41128,-0.00158619473344634
5882,1.41152,1.20027323842549
5883,1.41176,-0.0135126078997395
5884,1.412,0.59979949989503
5885,1.41224,0.825965122252585
5886,1.41248,0.217650707706123
5887,1.41272,0.589454216849187
5888,1.41296,0.572462887703954
5889,1.4132,0.336368671402027
5890,1.41344,0.578720731197684
5891,1.41368,0.445557345279693
5892,1.41392,0.336432634091607
5893,1.41416,0.804483817336502
5894,1.4144,0.199203262791985
5895,1.41464,0.209601918665983
5896,1.41488,0.796493710254114
5897,1.41512,-0.0424885288602378
5898,1.41536,0.560526928669011
5899,1.4156,0.429824238131134
5900,1.41584,-0.0382046716429045
5901,1.41608,1.15332661794918
5902,1.41632,0.0665116986580518
5903,1.41656,0.558914064251995
5904,1.4168,0.786683743040735
5905,1.41704,0.0569846432351323
5906,1.41728,0.671816382604155
5907,1.41752,0.541677586548968
5908,1.41776,0.295430680353156
5909,1.418,0.307616673849753
5910,1.41824,0.656088833300352
5911,1.41848,0.0627467996127843
5912,1.41872,0.546429596665386
5913,1.41896,0.651942462086512
5914,1.4192,0.0630543402608775
5915,1.41944,0.662620994654416
5916,1.41968,0.647533682748179
5917,1.41992,-0.0640588698867843
5918,1.42016,1.01777162191322
5919,1.4204,0.162777093365821
5920,1.42064,0.416091554340396
5921,1.42088,0.893494563122558
5922,1.42112,0.046145683677281
5923,1.42136,0.661247404537323
5924,1.4216,0.404643479517222
5925,1.42184,0.292293521010428
5926,1.42208,0.297860916253725
5927,1.42232,1.00310318450546
5928,1.42256,-0.077425626402459
5929,1.4228,0.412231875707993
5930,1.42304,0.881051851810911
5931,1.42328,-0.319278797155473
5932,1.42352,0.773517428353263
5933,1.42376,0.159430088463746
5934,1.424,0.291644194794354
5935,1.42424,0.770805922765122
5936,1.42448,0.280304028717696
5937,1.42472,0.414962179619623
5938,1.42496,0.646460447970719
5939,1.4252,0.397086958526904
5940,1.42544,0.0498866021008906
5941,1.42568,1.12392376976543
5942,1.42592,-0.0835821480083634
5943,1.42616,0.411488165178174
5944,1.4264,0.883238853874598
5945,1.42664,-0.437142766540584
5946,1.42688,0.774372040854153
5947,1.42712,0.401616773347316
5948,1.42736,-0.067771308242682
5949,1.4276,1.01346421338463
5950,1.42784,0.0420423845943564
5951,1.42808,0.297621164719929
5952,1.42832,0.656116188163691
5953,1.42856,0.282805081284782
5954,1.4288,0.298261141739792
5955,1.42904,0.533378467133062
5956,1.42928,0.287448728462885
5957,1.42952,0.421568126141942
5958,1.42976,0.407752545420099
5959,1.43,0.294930516023125
5960,1.43024,0.42029158096828
5961,1.43048,0.527340377284323
5962,1.43072,0.0610482814688394
5963,1.43096,0.781409105035419
5964,1.4312,0.407280880518887
5965,1.43144,0.178051834273568
5966,1.43168,0.781277987860276
5967,1.43192,0.0481049848638218
5968,1.43216,0.423154193411168
5969,1.4324,0.4186682700226
5970,1.43264,0.177172150188822
5971,1.43288,0.428754973226062
5972,1.43312,0.29598935448278
5973,1.43336,0.307723795114135
5974,1.4336,0.31215547119371
5975,1.43384,0.54096767340474
5976,1.43408,-0.0458540088268207
5977,1.43432,0.679027680105508
5978,1.43456,0.546723964934023
5979,1.4348,-0.162833187050747
5980,1.43504,0.917011891183904
5981,1.43528,-0.0443642173174268
5982,1.43552,0.448585426824321
5983,1.43576,0.799001709938285
5984,1.436,-0.270177264606223
5985,1.43624,0.696187748637243
5986,1.43648,0.442741201141724
5987,1.43672,0.0928133728898831
5988,1.43696,0.459870995865885
5989,1.4372,0.568354044760994
5990,1.43744,-0.0206223738769851
5991,1.43768,0.350047482756124
5992,1.43792,0.82097021762299
5993,1.43816,-0.377347179854559
5994,1.4384,0.7156100067838
5995,1.43864,0.103914247743634
5996,1.43888,0.477168669710855
5997,1.43912,0.714987041566798
5998,1.43936,-0.0111928750063457
5999,1.4396,0.60570183832588
6000,1.43984,0.477089422017179
6001,1.44008,-0.00124581578219241
6002,1.44032,0.253887222922061
6003,1.44056,0.726261847685877
6004,1.4408,-0.110683189946364
6005,1.44104,0.263348399377282
6006,1.44128,0.854689714343774
6007,1.44152,-0.221904214565372
6008,1.44176,0.626636154965378
6009,1.442,0.138578831105871
6010,1.44224,0.151934314177099
6011,1.44248,1.11057875849086
6012,1.44272,-0.219930665048039
6013,1.44296,0.517905514827482
6014,1.4432,0.511938521230962
6015,1.44344,0.269440398224814
6016,1.44368,-0.0734140783174779
6017,1.44392,1.00524769705397
6018,1.44416,-0.197837210058133
6019,1.4444,0.301462218409303
6020,1.44464,0.778968544248007
6021,1.44488,-0.185522203905273
6022,1.44512,0.79122431652311
6023,1.44536,0.0600194040942945
6024,1.4456,0.312467399250905
6025,1.44584,0.557179821404812
6026,1.44608,0.0662929528952227
6027,1.44632,0.204196051156179
6028,1.44656,0.443991545527337
6029,1.4468,0.31844425363925
6030,1.44704,-0.144709905409744
6031,1.44728,0.939526396500196
6032,1.44752,-0.267841261290864
6033,1.44776,0.353406419464534
6034,1.448,0.594067959647132
6035,1.44824,0.106769645892093
6036,1.44848,0.485060662453754
6037,1.44872,0.119081975739536
6038,1.44896,0.00978833935096357
6039,1.4492,0.499771145400359
6040,1.44944,0.0112469985852521
6041,1.44968,0.151408404168517
6042,1.44992,0.393362864803998
6043,1.45016,0.624092280071192
6044,1.4504,-0.201509625573595
6045,1.45064,0.88505236706144
6046,1.45088,-0.203768894593591
6047,1.45112,0.296921424916335
6048,1.45136,0.300234758319378
6049,1.4516,0.295323874503941
6050,1.45184,0.194247370079457
6051,1.45208,0.313126750574191
6052,1.45232,0.0754194635131056
6053,1.45256,0.210785925891506
6054,1.4528,0.325999359994927
6055,1.45304,-0.138522678669044
6056,1.45328,0.349044405706791
6057,1.45352,0.346300666870659
6058,1.45376,-0.235115960479137
6059,1.454,0.850172804914332
6060,1.45424,0.00110160994099617
6061,1.45448,0.13976707021171
6062,1.45472,0.504062426463997
6063,1.45496,0.136297500593858
6064,1.4552,0.157058325377776
6065,1.45544,0.397251450013618
6066,1.45568,0.156172589267254
6067,1.45592,0.294931740233683
6068,1.45616,0.40758838633265
6069,1.4564,-0.180006813631319
6070,1.45664,0.309225656617596
6071,1.45688,0.424827565984451
6072,1.45712,-0.0372265358682352
6073,1.45736,0.565158167164088
6074,1.4576,0.203821523960175
6075,1.45784,-0.137166330266628
6076,1.45808,0.946297510927725
6077,1.45832,-0.377705039155385
6078,1.45856,0.365063372453408
6079,1.4588,0.365108280110512
6080,1.45904,0.241177489486912
6081,1.45928,0.259339327235257
6082,1.45952,0.255257858835024
6083,1.45976,0.258973499654329
6084,1.46,0.0330718475527496
6085,1.46024,0.508687327852048
6086,1.46048,-0.0756515571299492
6087,1.46072,0.40887242649855
6088,1.46096,0.286892601081213
6089,1.4612,-0.174626567789306
6090,1.46144,0.907718185691076
6091,1.46168,-0.176386776588771
6092,1.46192,0.204493302248216
6093,1.46216,0.565651763211647
6094,1.4624,-0.036474611664317
6095,1.46264,-0.0133890062154969
6096,1.46288,0.708895500999752
6097,1.46312,0.103960819122939
6098,1.46336,0.000252358602968128
6099,1.4636,0.724519523781995
6100,1.46384,-0.237971888463817
6101,1.46408,0.384281786105517
6102,1.46432,0.502265818048982
6103,1.46456,-0.451000295317149
6104,1.4648,0.766109046677915
6105,1.46504,-0.199632973390018
6106,1.46528,0.301172579770561
6107,1.46552,0.545558461991224
6108,1.46576,-0.174337694293891
6109,1.466,0.208476333993476
6110,1.46624,0.56800458667516
6111,1.46648,0.0907115087726054
6112,1.46672,-0.128970647155627
6113,1.46696,0.833941384583731
6114,1.4672,-0.485965589642223
6115,1.46744,0.377467882070249
6116,1.46768,0.376604940807912
6117,1.46792,0.136341728115959
6118,1.46816,0.275448397491098
6119,1.4684,0.150913699610289
6120,1.46864,0.158797479292927
6121,1.46888,0.0527745659794938
6122,1.46912,0.40996835554479
6123,1.46936,-0.0519506016343922
6124,1.4696,0.43116578486765
6125,1.46984,0.191945220806008
6126,1.47008,-0.148635056020908
6127,1.47032,0.451538325987004
6128,1.47056,-0.0212938766112075
6129,1.4708,-0.00407062460863705
6130,1.47104,0.71401757243068
6131,1.47128,-0.593442482839444
6132,1.47152,0.506701066365611
6133,1.47176,0.141894015729093
6134,1.472,-0.203353234564266
6135,1.47224,0.652291971402105
6136,1.47248,-0.0726432257829366
6137,1.47272,0.0676655938292422
6138,1.47296,0.558094450911735
6139,1.4732,-0.0432931224724802
6140,1.47344,0.338787918134119
6141,1.47368,0.100974696190492
6142,1.47392,0.111260105262035
6143,1.47416,0.131336344235679
6144,1.4744,0.128303782913168
6145,1.47464,0.0258009794878794
6146,1.47488,0.0412383867104307
6147,1.47512,0.517959782080631
6148,1.47536,-0.307896265367223
6149,1.4756,0.426674457799614
6150,1.47584,0.300946053837607
6151,1.47608,-0.28498794851373
6152,1.47632,0.451157512432288
6153,1.47656,-0.0342464797323114
6154,1.4768,0.104207475000234
6155,1.47704,0.114829531506298
6156,1.47728,0.23323254070608
6157,1.47752,0.0161576245293116
6158,1.47776,0.26153928014813
6159,1.478,0.264637543419952
6160,1.47824,-0.07505234212192
6161,1.47848,0.287138429278663
6162,1.47872,-0.0629999199716791
6163,1.47896,-0.16365948915211
6164,1.4792,0.437344613025798
6165,1.47944,-0.505491184284038
6166,1.47968,0.349480068915849
6167,1.47992,0.229670480151358
6168,1.48016,-0.349061217937599
6169,1.4804,0.7426863792223
6170,1.48064,-0.21828452359981
6171,1.48088,0.0464367637204204
6172,1.48112,0.413679701653633
6173,1.48136,-0.18876550209173
6174,1.4816,0.315616075526833
6175,1.48184,0.31814714636721
6176,1.48208,0.0806813900485096
6177,1.48232,0.221604477573441
6178,1.48256,0.340215249118487
6179,1.4828,0.109609621848538
6180,1.48304,0.127600544536935
6181,1.48328,0.366247301219892
6182,1.48352,-0.0982124863003112
6183,1.48376,0.0359811171169064
6184,1.484,0.396766599342297
6185,1.48424,-0.18370359004071
6186,1.48448,0.545054689219792
6187,1.48472,-0.0479382905499038
6188,1.48496,-0.146405511260322
6189,1.4852,0.57638039239725
6190,1.48544,-0.372267500983447
6191,1.48568,0.248793843473596
6192,1.48592,0.250645973584774
6193,1.48616,-0.333518949900968
6194,1.4864,0.404316311624537
6195,1.48664,-0.0794743643035754
6196,1.48688,0.0639790228466438
6197,1.48712,0.0759310360988135
6198,1.48736,0.195601666637808
6199,1.4876,-0.0202634426398147
6200,1.48784,0.348302982336169
6201,1.48808,0.110986612800142
6202,1.48832,-0.346162887377302
6203,1.48856,0.742073802633948
6204,1.4888,-0.334243546500184
6205,1.48904,0.050197594914356
6206,1.48928,0.415665004628039
6207,1.48952,-0.534887251000468
6208,1.48976,0.568927248366004
6209,1.49,-0.150953705528065
6210,1.49024,-0.129552459827416
6211,1.49048,0.366546424793366
6212,1.49072,-0.230717869699071
6213,1.49096,0.0363035248591455
6214,1.4912,0.282870258298609
6215,1.49144,0.0526463095325356
6216,1.49168,-0.282779087899022
6217,1.49192,0.683152948126166
6218,1.49216,-0.150164070344493
6219,1.4924,-0.125107170875369
6220,1.49264,0.603394616856679
6221,1.49288,-0.472703565676159
6222,1.49312,0.272739111270159
6223,1.49336,0.275340370931739
6224,1.4936,-0.196462237849242
6225,1.49384,0.187407141562503
6226,1.49408,0.0682389140390529
6227,1.49432,-0.156649926272606
6228,1.49456,0.102953220080181
6229,1.4948,0.102523092800403
6230,1.49504,0.00287716199678023
6231,1.49528,0.0167027941277336
6232,1.49552,0.138606011224869
6233,1.49576,-0.0786038375049392
6234,1.496,0.286486042121773
6235,1.49624,-0.0643759667454843
6236,1.49648,-0.28205130781444
6237,1.49672,0.322414193720739
6238,1.49696,-0.383014442578715
6239,1.4972,-0.00254851199855022
6240,1.49744,0.241197876410581
6241,1.49768,-0.457287221673216
6242,1.49792,0.518130630854616
6243,1.49816,-0.0769093476049667
6244,1.4984,-0.17248724858111
6245,1.49864,0.797910690677406
6246,1.49888,-0.394108583661492
6247,1.49912,0.111430154009314
6248,1.49936,0.476399733117081
6249,1.4996,-0.710350266925873
6250,1.49984,0.392823246654374
6251,1.50008,0.15424895662623
6252,1.50032,-0.426328343973073
6253,1.50056,0.552440713578283
6254,1.5008,-0.167591070071435
6255,1.50104,-0.143790366489993
6256,1.50128,0.469249078613312
6257,1.50152,-0.36826637824554
6258,1.50176,0.137846710240146
6259,1.502,0.264493323720672
6260,1.50224,-0.326632606024093
6261,1.50248,0.299144444075565
6262,1.50272,-0.058385961326803
6263,1.50296,-0.281216976782988
6264,1.5032,0.220503751993608
6265,1.50344,-0.257321106015578
6266,1.50368,0.0064790775221012
6267,1.50392,0.142213452286282
6268,1.50416,0.0277634631946164
6269,1.5044,-0.307019628944512
6270,1.50464,0.185703301612484
6271,1.50488,0.0754678410936852
6272,1.50512,-0.379564318817074
6273,1.50536,0.713301818607143
6274,1.5056,-0.595586059799832
6275,1.50584,0.271834189853013
6276,1.50608,0.0360418233176989
6277,1.50632,-0.54664630033185
6278,1.50656,0.436669329108728
6279,1.5068,-0.160976157683912
6280,1.50704,-0.376531132926411
6281,1.50728,0.362278725677784
6282,1.50752,-0.352786591592633
6283,1.50776,0.155848686838839
6284,1.508,0.162909034488231
6285,1.50824,-0.308154138125338
6286,1.50848,0.318719649821002
6287,1.50872,-0.0390675194099912
6288,1.50896,-0.262567190718022
6289,1.5092,0.239815688051838
6290,1.50944,0.000980087967565657
6291,1.50968,0.0236287435224958
6292,1.50992,-0.0795660870074451
6293,1.51016,0.285546491205176
6294,1.5104,-0.291221082902531
6295,1.51064,0.202299695891053
6296,1.51088,-0.0296573217701288
6297,1.51112,-0.364029071861575
6298,1.51136,0.365342039308584
6299,1.5116,-0.342605020578247
6300,1.51184,-0.196763263988649
6301,1.51208,0.412475070558066
6302,1.51232,-0.653134962830636
6303,1.51256,0.33413747365411
6304,1.5128,-0.140843151889188
6305,1.51304,-0.120873615631279
6306,1.51328,0.0235033984093611
6307,1.51352,-0.0919506913487689
6308,1.51376,-0.307293139084697
6309,1.514,-0.046777417734988
6310,1.51424,0.201652666218656
6311,1.51448,-0.615231748787525
6312,1.51472,0.366322528142281
6313,1.51496,-0.226366551917573
6314,1.5152,-0.198894360973171
6315,1.51544,0.299125376091421
6316,1.51568,-0.532924549854794
6317,1.51592,0.0982725045863617
6318,1.51616,-0.0101728711795197
6319,1.5164,-0.237445708671778
6320,1.51664,0.0308959539178588
6321,1.51688,0.0369273102839207
6322,1.51712,-0.184143012936728
6323,1.51736,-0.0398043016021841
6324,1.5176,-0.0332838816669834
6325,1.51784,-0.00561454513791593
6326,1.51808,0.00932669251751528
6327,1.51832,0.138425871057565
6328,1.51856,-0.312531233839036
6329,1.5188,0.300538172684698
6330,1.51904,-0.404446084336393
6331,1.51928,-0.0222571406727621
6332,1.51952,0.223510678370515
6333,1.51976,-0.597140790811497
6334,1.52,0.26182211966577
6335,1.52024,-0.087743991197281
6336,1.52048,-0.539838155430204
6337,1.52072,0.555417131026309
6338,1.52096,-0.276241149713324
6339,1.5212,-0.250451316506111
6340,1.52144,0.360711476644119
6341,1.52168,-0.703062477516281
6342,1.52192,0.165677350792232
6343,1.52216,0.0514631947044557
6344,1.5224,-0.531293169168635
6345,1.52264,0.334275443590566
6346,1.52288,-0.379010069569463
6347,1.52312,-0.110779657798343
6348,1.52336,-0.210459530127093
6349,1.5236,0.276499084524781
6350,1.52384,-0.66128570625875
6351,1.52408,0.2002776788395
6352,1.52432,-0.269274042515298
6353,1.52456,-0.240358997100331
6354,1.5248,0.259038366140634
6355,1.52504,-0.215283654089368
6356,1.52528,-0.18701865465397
6357,1.52552,-0.0507934094023277
6358,1.52576,-0.0361953075788195
6359,1.526,-0.487305989391455
6360,1.52624,0.489476142910515
6361,1.52648,-0.462054684784415
6362,1.52672,-0.0723580128928614
6363,1.52696,0.0618835811885885
6364,1.5272,-0.281882142840354
6365,1.52744,-0.250913063933547
6366,1.52768,0.120259921557875
6367,1.52792,-0.22478174971667
6368,1.52816,-0.317462803414023
6369,1.5284,0.296291861850618
6370,1.52864,-0.765000098521124
6371,1.52888,0.226403393610774
6372,1.52912,-0.12568562293886
6373,1.52936,-0.107116854362728
6374,1.5296,-0.19981001179782
6375,1.52984,0.0510342923743707
6376,1.53008,-0.64406360176985
6377,1.53032,-0.0175184905590968
6378,1.53056,0.111620792189248
6379,1.5308,-0.588763181968925
6380,1.53104,0.2789173896355
6381,1.53128,-0.432347852312802
6382,1.53152,-0.162185077232692
6383,1.53176,-0.260015705647877
6384,1.532,0.229991543430754
6385,1.53224,-0.463855138702949
6386,1.53248,0.0361959599955983
6387,1.53272,-0.189512730652804
6388,1.53296,-0.399790280926596
6389,1.5332,0.221225029408046
6390,1.53344,-0.490605163334012
6391,1.53368,0.0198776699092398
6392,1.53392,-0.0842333986418724
6393,1.53416,-0.0676771451643279
6394,1.5344,-0.516951483024576
6395,1.53464,0.460335119782363
6396,1.53488,-0.367823884035115
6397,1.53512,-0.338684824822187
6398,1.53536,0.275683646488082
6399,1.5356,-0.785023662330972
6400,1.53584,0.206938397598991
6401,1.53608,-0.143319073095753
6402,1.53632,-0.363518713033974
6403,1.53656,0.0248228164566762
6404,1.5368,-0.205890592610084
6405,1.53704,-0.417320487599215
6406,1.53728,-0.153063508829735
6407,1.53752,0.0975686826835613
6408,1.53776,-0.718425358313412
6409,1.538,0.144997584280663
6410,1.53824,-0.322778714179122
6411,1.53848,-0.292167493950559
6412,1.53872,-0.0308078875784361
6413,1.53896,-0.262204085294043
6414,1.5392,-0.11005867690693
6415,1.53944,-0.208769160132217
6416,1.53968,-0.317400360279985
6417,1.53992,0.0736802005862176
6418,1.54016,-0.152876013675137
6419,1.5404,-0.371990358889486
6420,1.54064,-0.0993580687175923
6421,1.54088,-0.327067522480046
6422,1.54112,-0.301559505225711
6423,1.54136,-0.394174411031052
6424,1.5416,-0.0220681670098846
6425,1.54184,-0.594685280113186
6426,1.54208,-0.0893701551341242
6427,1.54232,0.0450602822938697
6428,1.54256,-0.646889152839453
6429,1.5428,0.336096801703396
6430,1.54304,-0.371127284522444
6431,1.54328,-0.339963405956377
6432,1.54352,0.279719110009631
6433,1.54376,-0.665625452184257
6434,1.544,0.0876986733152509
6435,1.54424,-0.139648796845642
6436,1.54448,-0.359521840023026
6437,1.54472,-0.0876153531523949
6438,1.54496,-0.316019989404578
6439,1.5452,-0.289435390911053
6440,1.54544,-0.143540874913911
6441,1.54568,-0.253137886201045
6442,1.54592,-0.462911366751351
6443,1.54616,-0.434965458776191
6444,1.5464,0.298571957205213
6445,1.54664,-0.638113208380623
6446,1.54688,-0.131551927308341
6447,1.54712,-0.116209271361023
6448,1.54736,-0.567381310795821
6449,1.5476,0.296917114918416
6450,1.54784,-0.292495296851182
6451,1.54808,-0.502464642008567
6452,1.54832,0.477478355848949
6453,1.54856,-0.704134649330115
6454,1.5488,-0.193411716214712
6455,1.54904,-0.297594050327856
6456,1.54928,-0.390541263502394
6457,1.54952,-0.125373932265485
6458,1.54976,-0.353127944939539
6459,1.55,-0.319970433816553
6460,1.55024,-0.179065502676089
6461,1.55048,-0.282025033999533
6462,1.55072,-0.369280423401318
6463,1.55096,0.24830506531271
6464,1.5512,-0.570484675522895
6465,1.55144,-0.179442830714901
6466,1.55168,-0.284357556053946
6467,1.55192,-0.497830363882417
6468,1.55216,0.0111204314558504
6469,1.5524,-0.458474984167369
6470,1.55264,-0.186823375723754
6471,1.55288,-0.162029575428605
6472,1.55312,-0.147789939257378
6473,1.55336,-0.235711163888717
6474,1.5536,-0.218448759192285
6475,1.55384,-0.196500811069627
6476,1.55408,-0.402720070528126
6477,1.55432,-0.146362288520004
6478,1.55456,-0.358965195988402
6479,1.5548,-0.449682814927463
6480,1.55504,-0.0722753726248004
6481,1.55528,-0.76359267351771
6482,1.55552,0.223905362750748
6483,1.55576,-0.362682020690655
6484,1.556,-0.450550986816795
6485,1.55624,0.29498159579365
6486,1.55648,-0.650295068195009
6487,1.55672,-0.0158326615771334
6488,1.55696,-0.119421793735075
6489,1.5572,-0.58040780116732
6490,1.55744,0.0539453623196666
6491,1.55768,-0.532418849709358
6492,1.55792,-0.261684409688074
6493,1.55816,-0.357226040348262
6494,1.5584,-0.220112933851972
6495,1.55864,-0.428040297307886
6496,1.55888,0.191750668961338
6497,1.55912,-0.38787149139393
6498,1.55936,-0.474852640863638
6499,1.5596,0.263732136733228
6500,1.55984,-0.67202584413979
6501,1.56008,-0.161062348717244
6502,1.56032,-0.263183637814648
6503,1.56056,-0.593029318100382
6504,1.5608,0.0351568848101493
6505,1.56104,-0.430148550320789
6506,1.56128,-0.275648504721257
6507,1.56152,-0.257008083786001
6508,1.56176,-0.349215387568432
6509,1.562,-0.440683780146132
6510,1.56224,0.0558346780063674
6511,1.56248,-0.873653256118292
6512,1.56272,-0.00458145785586161
6513,1.56296,-0.344476080251183
6514,1.5632,-0.549366634753115
6515,1.56344,0.0768026731073508
6516,1.56368,-0.744687210665676
6517,1.56392,0.0111848532232395
6518,1.56416,-0.211984954656916
6519,1.5644,-0.306266544178478
6520,1.56464,-0.515613368506305
6521,1.56488,-0.016782002919165
6522,1.56512,-0.823842589010165
6523,1.56536,0.0429468616850806
6524,1.5656,-0.299134594405096
6525,1.56584,-0.506119354876012
6526,1.56608,0.241385360228007
6527,1.56632,-0.702006398115009
6528,1.56656,-0.0657416665421464
6529,1.5668,-0.16586231763881
6530,1.56704,-0.261854323206325
6531,1.56728,-0.349072456763633
6532,1.56752,-0.333088270299187
6533,1.56776,-0.298520017883287
6534,1.568,-0.509227368305133
6535,1.56824,-0.248761174087778
6536,1.56848,-0.455894003116055
6537,1.56872,-0.0750074225407407
6538,1.56896,-0.527557365735392
6539,1.5692,-0.375827890857702
6540,1.56944,-0.115175908640075
6541,1.56968,-0.805283111366263
6542,1.56992,0.18337268092453
6543,1.57016,-0.755918496785278
6544,1.5704,-0.120581676254935
6545,1.57064,-0.583613561552065
6546,1.57088,-0.432806635234502
6547,1.57112,-0.521051668270673
6548,1.57136,-0.141279511318883
6549,1.5716,-0.83033663752921
6550,1.57184,0.159324232315269
6551,1.57208,-0.425197106054875
6552,1.57232,-0.629590943796103
6553,1.57256,-0.000351591762905334
6554,1.5728,-0.702584944798145
6555,1.57304,-0.0665976356725257
6556,1.57328,-0.525587033575935
6557,1.57352,-0.375693031075887
6558,1.57376,-0.58245744256686
6559,1.574,0.0373497589923657
6560,1.57424,-0.650010281497075
6561,1.57448,-0.143755015052254
6562,1.57472,-0.24151281877657
6563,1.57496,-0.684631320437461
6564,1.5752,-0.0587868132542366
6565,1.57544,-0.511920939040752
6566,1.57568,-0.361175617215801
6567,1.57592,-0.21952926894512
6568,1.57616,-0.786020658347863
6569,1.5764,0.203256467300218
6570,1.57664,-0.736351060323497
6571,1.57688,-0.219363890791201
6572,1.57712,-0.437422567305433
6573,1.57736,-0.52557000958102
6574,1.5776,-0.255809979490021
6575,1.57784,-0.594183716913824
6576,1.57808,-0.315251377729115
6577,1.57832,-0.29302093371417
6578,1.57856,-0.384425867528182
6579,1.5788,-0.591020316029224
6580,1.57904,-0.0895564718465527
6581,1.57928,-0.775159444390556
6582,1.57952,0.0915096447007149
6583,1.57976,-0.844225056217207
6584,1.58,-0.20547955384606
6585,1.58024,-0.426882761729864
6586,1.58048,-0.635447922172453
6587,1.58072,-0.121801103775968
6588,1.58096,-0.341518703993744
6589,1.5812,-0.545193059684449
6590,1.58144,-0.160993397092552
6591,1.58168,-0.732852641801058
6592,1.58192,-0.336121148880563
6593,1.58216,-0.315713484193843
6594,1.5824,-0.764087651478831
6595,1.58264,0.109329131585751
6596,1.58288,-0.590291301541927
6597,1.58312,-0.311752192035554
6598,1.58336,-0.409721469229559
6599,1.5836,-0.618300136172601
6600,1.58384,-0.46328184792721
6601,1.58408,-0.202080309116696
6602,1.58432,-0.889071735590165
6603,1.58456,0.10256603432326
6604,1.5848,-0.83387337835328
6605,1.58504,-0.19580836534968
6606,1.58528,-0.656230604016207
6607,1.58552,-0.502929601504532
6608,1.58576,-0.588788482917985
6609,1.586,-0.20673527195157
6610,1.58624,-0.893613030085629
6611,1.58648,0.0981325728525293
6612,1.58672,-0.838205532591993
6613,1.58696,-0.200044787947077
6614,1.5872,-0.538333380653496
6615,1.58744,-0.503996470069861
6616,1.58768,-0.590341423273824
6617,1.58792,-0.327239773180408
6618,1.58816,-0.650352573442133
6619,1.5884,-0.144710690380574
6620,1.58864,-0.594701390756688
6621,1.58888,-0.44094710527347
6622,1.58912,-0.296420444160945
6623,1.58936,-0.742039607361079
6624,1.5896,-0.108681505844078
6625,1.58984,-0.806973691862234
6626,1.59008,-0.167215134544062
6627,1.59032,-0.383819256139365
6628,1.59056,-0.471823800286565
6629,1.5908,-0.559272728472679
6630,1.59104,-0.174782873276949
6631,1.59128,-0.857228846829752
6632,1.59152,0.0124596433155408
6633,1.59176,-0.682445410954462
6634,1.592,-0.405133768002744
6635,1.59224,-0.379587774393293
6636,1.59248,-0.705824724203459
6637,1.59272,-0.0741859568040797
6638,1.59296,-0.89044774935393
6639,1.5932,-0.129575482505403
6640,1.59344,-0.586738407674557
6641,1.59368,-0.435101628178134
6642,1.59392,-0.640198547001211
6643,1.59416,-0.375217048227523
6644,1.5944,-0.696531988943029
6645,1.59464,-0.189169993181176
6646,1.59488,-0.522055923160399
6647,1.59512,-0.602628946724453
6648,1.59536,0.0261189372407258
6649,1.5956,-0.91014126602979
6650,1.59584,-0.270538580636656
6651,1.59608,-0.607070358268446
6652,1.59632,-0.452073572348063
6653,1.59656,-0.417732087229018
6654,1.5968,-0.39439992624078
6655,1.59704,-0.47574968900397
6656,1.59728,-0.327579574195451
6657,1.59752,-0.536467566763704
6658,1.59776,-0.621840494219149
6659,1.598,-0.236281553786729
6660,1.59824,-0.801321990407198
6661,1.59848,-0.0489971254811896
6662,1.59872,-0.74507880702561
6663,1.59896,-0.466221452195872
6664,1.5992,-0.439244379377743
6665,1.59944,-0.766244558015551
6666,1.59968,-0.132305703866676
6667,1.59992,-0.70890812061754
6668,1.60016,-0.309663599842118
6669,1.6004,-0.524882927678674
6670,1.60064,-0.613329501336905
6671,1.60088,-0.456708164475389
6672,1.60112,-0.431886674623581
6673,1.60136,-0.511812295797548
6674,1.6016,-0.362279750366022
6675,1.60184,-0.45440592958909
6676,1.60208,-0.894263747629599
6677,1.60232,0.0941767182716995
6678,1.60256,-0.839252408836993
6679,1.6028,-0.320784127892833
6680,1.60304,-0.417528985419481
6681,1.60328,-0.743911840880875
6682,1.60352,-0.341178964612863
6683,1.60376,-0.558211223228253
6684,1.604,-0.761289382689331
6685,1.60424,-0.603639788101737
6686,1.60448,-0.337292201754308
6687,1.60472,-1.01936030058144
6688,1.60496,-0.0255986623235711
6689,1.6052,-0.841104777110142
6690,1.60544,-0.559214473437377
6691,1.60568,-0.165504912514433
6692,1.60592,-0.740951563789526
6693,1.60616,-0.459093773778729
6694,1.6064,-0.431912129115145
6695,1.60664,-0.637119755629701
6696,1.60688,-0.482365874082166
6697,1.60712,-0.456286974459424
6698,1.60736,-0.778159805404064
6699,1.6076,-0.144080814411228
6700,1.60784,-0.720552535054104
6701,1.60808,-0.19914890231813
6702,1.60832,-0.653999790097265
6703,1.60856,-0.498417090043662
6704,1.6088,-0.462216665251153
6705,1.60904,-0.437538826993221
6706,1.60928,-0.636542636845734
6707,1.60952,-0.481965982617965
6708,1.60976,-0.572338757467128
6709,1.61,-0.771240961027175
6710,1.61024,-0.137584084293484
6711,1.61048,-1.0678321697022
6712,1.61072,-0.306633520909031
6713,1.61096,-0.522851262216127
6714,1.6112,-0.726948353202368
6715,1.61144,-0.21294469834508
6716,1.61168,-0.546898108958517
6717,1.61192,-0.627193892483732
6718,1.61216,-0.48008037011837
6719,1.6124,-0.683471564991652
6720,1.61264,-0.527423020042143
6721,1.61288,-0.497883932932516
6722,1.61312,-0.818674362563529
6723,1.61336,-0.183104508617596
6724,1.6136,-0.995603814152095
6725,1.61384,-0.231129373180076
6726,1.61408,-0.804225427927346
6727,1.61432,-0.645833350492182
6728,1.61456,-0.726819815963432
6729,1.6148,-0.218521602661899
6730,1.61504,-0.898835316205496
6731,1.61528,-0.26290050094601
6732,1.61552,-0.712962247731021
6733,1.61576,-0.790944233380439
6734,1.616,-0.156694330468435
6735,1.61624,-0.969643050572251
6736,1.61648,-0.444269783048028
6737,1.61672,-0.652663335776345
6738,1.61696,-0.500158830637014
6739,1.6172,-0.940494056794598
6740,1.61744,-0.0688104297989287
6741,1.61768,-0.995420462339427
6742,1.61792,-0.23379972906445
6743,1.61816,-0.687117338791532
6744,1.6184,-0.528363501567331
6745,1.61864,-0.732766086827819
6746,1.61888,-0.342040048975266
6747,1.61912,-1.02067124771345
6748,1.61936,-0.0257583320494355
6749,1.6196,-1.07505152431292
6750,1.61984,-0.430737681968187
6751,1.62008,-0.644634633057163
6752,1.62032,-0.844718103475264
6753,1.62056,-0.568690762751458
6754,1.6208,-0.420100414955481
6755,1.62104,-0.979953382574484
6756,1.62128,0.0156764065032509
6757,1.62152,-1.03375313342707
6758,1.62176,-0.388723882297793
6759,1.622,-0.721337229871245
6760,1.62224,-0.562593173198679
6761,1.62248,-0.763489637219694
6762,1.62272,-0.373347237699675
6763,1.62296,-0.932303603432111
6764,1.6232,-0.300502905330992
6765,1.62344,-0.74886805186862
6766,1.62368,-0.705009859909495
6767,1.62392,-0.430438749602623
6768,1.62416,-1.1128299943675
6769,1.6244,-0.111563933647306
6770,1.62464,-1.04235321001706
6771,1.62488,-0.398367528624626
6772,1.62512,-0.487968474663923
6773,1.62536,-0.69248182051419
6774,1.6256,-0.649474101299214
6775,1.62584,-0.499807546572593
6776,1.62608,-0.937448456023267
6777,1.62632,-0.418460999608667
6778,1.62656,-0.626558519501462
6779,1.6268,-0.823892328671614
6780,1.62704,-0.188737320793549
6781,1.62728,-1.11756074678078
6782,1.62752,-0.233401927239578
6783,1.62776,-0.925998742911684
6784,1.628,-0.524186577692591
6785,1.62824,-0.726182471063069
6786,1.62848,-0.45515745385399
6787,1.62872,-1.01385107876763
6788,1.62896,-0.0171115871854302
6789,1.6292,-1.06549442971914
6790,1.62944,-0.298721156748686
6791,1.62968,-0.750239500325621
6792,1.62992,-0.591468853914169
6793,1.63016,-0.910410149952604
6794,1.6304,-0.277273350935882
6795,1.63064,-1.19933790835953
6796,1.63088,-0.314003099882352
6797,1.63112,-0.644589878978677
6798,1.63136,-0.844349810748853
6799,1.6316,-0.324852139770822
6800,1.63184,-1.01359079572847
6801,1.63208,-0.727652732792368
6802,1.63232,-0.451667147176599
6803,1.63256,-0.77664431574369
6804,1.6328,-0.730738798771497
6805,1.63304,-0.460723410933435
6806,1.63328,-1.02198290171422
6807,1.63352,-0.37804006595835
6808,1.63376,-0.707266054130886
6809,1.634,-1.02820708696901
6810,1.63424,-0.261151804931632
6811,1.63448,-0.711896474105341
6812,1.63472,-0.793830990304249
6813,1.63496,-0.988293139482067
6814,1.6352,-0.474011307023195
6815,1.63544,-1.03128569616443
6816,1.63568,-0.388339581095877
6817,1.63592,-0.717640984847335
6818,1.63616,-0.675228641402979
6819,1.6364,-0.756863805977859
6820,1.63664,-0.483111735024413
6821,1.63688,-1.03841737433617
6822,1.63712,-0.163008648747173
6823,1.63736,-1.0886459337029
6824,1.6376,-0.441981971858847
6825,1.63784,-0.89197192088325
6826,1.63808,-0.72830418865992
6827,1.63832,-0.807280646409414
6828,1.63856,-0.415989994290314
6829,1.6388,-0.972512741770578
6830,1.63904,-0.331866437303604
6831,1.63928,-1.02108209332758
6832,1.63952,-0.612660870104047
6833,1.63976,-0.81483152565419
6834,1.64,-0.538731449799791
6835,1.64024,-0.974104639080106
6836,1.64048,-0.0951223235697007
6837,1.64072,-1.14240817649101
6838,1.64096,-0.496174623036693
6839,1.6412,-0.946128548127541
6840,1.64144,-0.782860929540078
6841,1.64168,-0.623861136500689
6842,1.64192,-0.470380250919164
6843,1.64216,-1.26652605310205
6844,1.6424,-0.383614416743475
6845,1.64264,-1.06721589724153
6846,1.64288,-0.660966977448407
6847,1.64312,-0.746529801259311
6848,1.64336,-0.82257034057966
6849,1.6436,-0.542969929837182
6850,1.64384,-0.871118616671085
6851,1.64408,-0.584047324867829
6852,1.64432,-0.785921238592489
6853,1.64456,-0.625868183372776
6854,1.6448,-0.942689701662579
6855,1.64504,-0.428192732945691
6856,1.64528,-1.10477699218532
6857,1.64552,-0.466544456169502
6858,1.64576,-0.790228462742612
6859,1.646,-0.984870363053784
6860,1.64624,-0.105705264181337
6861,1.64648,-1.15105042062089
6862,1.64672,-0.503857441332678
6863,1.64696,-0.831762595784816
6864,1.6472,-0.666378684450094
6865,1.64744,-0.748922558939767
6866,1.64768,-0.953655504847607
6867,1.64792,-0.786168026078037
6868,1.64816,-0.633421566184331
6869,1.6484,-0.83185330562713
6870,1.64864,-0.906326490470872
6871,1.64888,-0.508228852875936
6872,1.64912,-1.18323904015076
6873,1.64936,-0.302539150360169
6874,1.6496,-1.10589944524441
6875,1.64984,-0.458633843320522
6876,1.65008,-0.905845870572443
6877,1.65032,-0.739978337004748
6878,1.65056,-0.938862693226671
6879,1.6508,-0.543272113577761
6880,1.65104,-1.09746382016585
6881,1.65128,-0.334759537818179
6882,1.65152,-1.13943957441011
6883,1.65176,-0.731319992028266
6884,1.652,-0.332312657251493
6885,1.65224,-1.01727577963514
6886,1.65248,-0.849402331303726
6887,1.65272,-0.694120405253162
6888,1.65296,-0.652234098237339
6889,1.6532,-0.966563252657424
6890,1.65344,-0.5687167164907
6891,1.65368,-1.12756235562137
6892,1.65392,-0.596791974732772
6893,1.65416,-0.678725449478938
6894,1.6544,-0.876335500787912
6895,1.65464,-0.710831968987416
6896,1.65488,-1.15470509454835
6897,1.65512,-0.624407768985213
6898,1.65536,-0.703470472667717
6899,1.6556,-0.547175520671969
6900,1.65584,-1.22384934951172
6901,1.65608,-0.580502999383324
6902,1.65632,-0.901950239005515
6903,1.65656,-0.734889312834214
6904,1.6568,-0.695923972097907
6905,1.65704,-0.894669240700248
6906,1.65728,-0.604254076284962
6907,1.65752,-0.80851339854064
6908,1.65776,-0.883864498269397
6909,1.658,-0.958707765301706
6910,1.65824,-0.680356521103175
6911,1.65848,-0.992311293264102
6912,1.65872,-0.711266458019026
6913,1.65896,-0.670219950270834
6914,1.6592,-0.982715015297976
6915,1.65944,-0.342198340401805
6916,1.65968,-1.02581482597241
6917,1.65992,-0.617310242513661
6918,1.66016,-0.939188690356525
6919,1.6604,-0.772787598181602
6920,1.66064,-0.606815996524031
6921,1.66088,-0.931726655834808
6922,1.66112,-0.762223424396607
6923,1.66136,-0.722279723546104
6924,1.6616,-0.801592086651797
6925,1.66184,-1.11283204883033
6926,1.66208,-0.589651492052978
6927,1.66232,-0.908773487901824
6928,1.66256,-0.862034881022213
6929,1.6628,-0.463092159069806
6930,1.66304,-1.25838479484519
6931,1.66328,-0.369837055749809
6932,1.66352,-0.936628637881437
6933,1.66376,-0.770512989698515
6934,1.664,-0.843201451337519
6935,1.66424,-0.804574183136776
6936,1.66448,-0.754549937239002
6937,1.66472,-0.717288390332881
6938,1.66496,-0.912862672755622
6939,1.6652,-0.748892748274515
6940,1.66544,-0.707429029799347
6941,1.66568,-0.900516988772914
6942,1.66592,-0.619453313637853
6943,1.66616,-1.17668764537942
6944,1.6664,-0.647452218429501
6945,1.66664,-0.970888053252761
6946,1.66688,-0.680597312291585
6947,1.66712,-0.757803046544488
6948,1.66736,-0.833228522780931
6949,1.6676,-1.02666279429909
6950,1.66784,-0.987690592588232
6951,1.66808,-0.935918745158092
6952,1.66832,-0.650813094299953
6953,1.66856,-0.73320497726315
6954,1.6688,-1.40895571157063
6955,1.66904,-0.521554762513188
6956,1.66928,-1.08328020886857
6957,1.66952,-0.672319559617918
6958,1.66976,-0.872456804601111
6959,1.67,-0.709441699202863
6960,1.67024,-1.14153219742838
6961,1.67048,-0.741660184803113
6962,1.67072,-1.05283684806062
6963,1.67096,-1.00508236995858
6964,1.6712,-0.725357599214446
6965,1.67144,-1.03600119777087
6966,1.67168,-0.753702100512029
6967,1.67192,-1.06835797279015
6968,1.67216,-0.900117230410168
6969,1.6724,-0.61849616342182
6970,1.67264,-1.2929052836536
6971,1.67288,-0.523189604711316
6972,1.67312,-1.20265896914555
6973,1.67336,-0.910055191621439
6974,1.6736,-0.987623970393401
6975,1.67384,-0.819781136953932
6976,1.67408,-0.892556904480677
6977,1.67432,-0.852281578950561
6978,1.67456,-0.919620307339177
6979,1.6748,-0.757579612043038
6980,1.67504,-0.951472704396941
6981,1.67528,-1.02422870132801
6982,1.67552,-0.743867103924011
6983,1.67576,-1.29575285717712
6984,1.676,-0.886436961627739
6985,1.67624,-0.84391679513849
6986,1.67648,-0.917337865111414
6987,1.67672,-0.630841256705907
6988,1.67696,-1.07004718058121
6989,1.6772,-0.898460362980461
6990,1.67744,-0.737477112200124
6991,1.67768,-0.932378481739163
6992,1.67792,-1.00081226082556
6993,1.67816,-0.47675139594883
6994,1.6784,-1.39422157899367
6995,1.67864,-0.500037241815556
6996,1.67888,-1.18175447413928
6997,1.67912,-0.771272499261441
6998,1.67936,-1.08651236465028
6999,1.6796,-0.68416345309019
7000,1.67984,-1.2341114245059
7001,1.68008,-0.592352933451671
7002,1.68032,-0.907445017676374
7003,1.68056,-0.977084847409975
7004,1.6808,-0.573121793546848
7005,1.68104,-1.48650472104904
7006,1.68128,-0.596320472812349
7007,1.68152,-1.03511146456953
7008,1.68176,-0.743159183884923
7009,1.682,-1.06016825283661
7010,1.68224,-0.658660420220605
7011,1.68248,-1.20807320081873
7012,1.68272,-0.803327313699513
7013,1.68296,-1.11634322277987
7014,1.6832,-0.946533619984558
7015,1.68344,-0.663412018969739
7016,1.68368,-1.33638793670264
7017,1.68392,-0.445448956247538
7018,1.68416,-1.12494158113104
7019,1.6844,-0.710273652467103
7020,1.68464,-1.02406741365882
7021,1.68488,-0.739728833236239
7022,1.68512,-0.927952442224201
7023,1.68536,-0.644021076036438
7024,1.6856,-1.31750456371165
7025,1.68584,-0.786113869299353
7026,1.68608,-0.983315733029447
7027,1.68632,-0.93175679903144
7028,1.68656,-0.64509865675023
7029,1.6868,-1.08415347686711
7030,1.68704,-0.912424352581716
7031,1.68728,-0.629268165284601
7032,1.68752,-0.943107124512422
7033,1.68776,-1.01154804791865
7034,1.688,-0.486616152215288
7035,1.68824,-1.39976881991841
7036,1.68848,-0.628750292952867
7037,1.68872,-1.18900211371454
7038,1.68896,-0.898516673538319
7039,1.6892,-1.08929404188438
7040,1.68944,-0.683399495725485
7041,1.68968,-1.23337574254097
7042,1.68992,-0.706301477774219
7043,1.69016,-1.26185703089738
7044,1.6904,-0.847660250071353
7045,1.69064,-0.801052835519795
7046,1.69088,-0.99646926185441
7047,1.69112,-0.822138300707006
7048,1.69136,-1.13574886159736
7049,1.6916,-0.73099275709447
7050,1.69184,-1.16050280707823
7051,1.69208,-0.515571774698378
7052,1.69232,-1.42986221260014
7053,1.69256,-0.775783324466289
7054,1.6928,-1.21254014585946
7055,1.69304,-0.797052646347766
7056,1.69328,-0.870449465542509
7057,1.69352,-1.18150660277106
7058,1.69376,-1.00893339481741
7059,1.694,-0.723181524853113
7060,1.69424,-1.51520231779998
7061,1.69448,-0.503711343190136
7062,1.69472,-1.17808783348775
7063,1.69496,-1.00575924136667
7064,1.6952,-1.08360594937946
7065,1.69544,-1.14929917975606
7066,1.69568,-0.620036669188005
7067,1.69592,-1.17570274269239
7068,1.69616,-0.76119046611815
7069,1.6964,-1.19752722479426
7070,1.69664,-1.02690144311191
7071,1.69688,-1.09741388730288
7072,1.69712,-0.811406395903668
7073,1.69736,-1.11956617022787
7074,1.6976,-0.70935505051081
7075,1.69784,-1.02500498901358
7076,1.69808,-0.969152923028515
7077,1.69832,-1.04226176717109
7078,1.69856,-0.876821232863207
7079,1.6988,-1.18479713306838
7080,1.69904,-0.896479204060422
7081,1.69928,-0.731693299509492
7082,1.69952,-1.28054112296203
7083,1.69976,-0.873011001648578
7084,1.7,-1.06181907305569
7085,1.70024,-1.0142418255097
7086,1.70048,-1.3250490137059
7087,1.70072,-1.02937250342797
7088,1.70096,-0.743901588935917
7089,1.7012,-1.28916804054198
7090,1.70144,-0.877847531545101
7091,1.70168,-1.07225045288466
7092,1.70192,-1.26076982040306
7093,1.70216,-0.611970091269356
7094,1.7024,-1.52472831318139
7095,1.70264,-0.991677837652675
7096,1.70288,-0.706172243055229
7097,1.70312,-1.25410323394213
7098,1.70336,-0.727669602075479
7099,1.7036,-1.27856200105079
7100,1.70384,-0.866079496588244
7101,1.70408,-1.18190168677021
7102,1.70432,-1.13046156870366
7103,1.70456,-0.95588830558878
7104,1.7048,-1.03074383488245
7105,1.70504,-0.976750662686315
7106,1.70528,-1.04773067959293
7107,1.70552,-1.00179621249824
7108,1.70576,-1.06978424103873
7109,1.706,-0.778087421371868
7110,1.70624,-1.21231980289928
7111,1.70648,-0.796729946181239
7112,1.70672,-0.990639490384584
7113,1.70696,-0.938487910929266
7114,1.7072,-1.24516769149884
7115,1.70744,-0.839153886306717
7116,1.70768,-1.26771977012325
7117,1.70792,-0.853760758265145
7118,1.70816,-1.28925918667969
7119,1.7084,-0.994510904939253
7120,1.70864,-1.18206484022713
7121,1.70888,-0.774864170685458
7122,1.70912,-1.3191754772656
7123,1.70936,-0.906940022439923
7124,1.7096,-1.10046750014218
7125,1.70984,-1.40797695758441
7126,1.71008,-0.751410044017231
7127,1.71032,-1.06728673030477
7128,1.71056,-1.25426521298772
7129,1.7108,-0.72073203501462
7130,1.71104,-1.51373893124342
7131,1.71128,-0.617701309404195
7132,1.71152,-1.29146596290321
7133,1.71176,-0.996402292744554
7134,1.712,-1.18756350577985
7135,1.71224,-1.01333273365344
7136,1.71248,-0.963208504785307
7137,1.71272,-1.27116911725546
7138,1.71296,-0.859033765118212
7139,1.7132,-1.16940415245287
7140,1.71344,-0.992135957389667
7141,1.71368,-1.18355325805548
7142,1.71392,-1.0095717464986
7143,1.71416,-1.31480136494349
7144,1.7144,-0.785375368922105
7145,1.71464,-1.45412616210401
7146,1.71488,-0.79967083050127
7147,1.71512,-1.11223410654045
7148,1.71536,-1.29803604984334
7149,1.7156,-1.0085554603021
7150,1.71584,-0.95391446454983
7151,1.71608,-1.2669543941066
7152,1.71632,-0.972696124874581
7153,1.71656,-1.28142474832546
7154,1.7168,-0.872902454906818
7155,1.71704,-1.29874317128461
7156,1.71728,-0.763597289461155
7157,1.71752,-1.55506107145608
7158,1.71776,-0.657548823354128
7159,1.718,-1.32947042365712
7160,1.71824,-0.910134964177027
7161,1.71848,-0.97985000923186
7162,1.71872,-1.2873900673766
7163,1.71896,-1.11145523584866
7164,1.7192,-1.30185387540797
7165,1.71944,-1.2454958174088
7166,1.71968,-0.83131034047972
7167,1.71992,-1.02379200381127
7168,1.72016,-1.08812037200131
7169,1.7204,-0.798951083377867
7170,1.72064,-1.10704003523356
7171,1.72088,-1.29154663883964
7172,1.72112,-1.0000661380737
7173,1.72136,-1.06456064454023
7174,1.7216,-1.25408927745577
7175,1.72184,-0.957166338207704
7176,1.72208,-1.14702998269421
7177,1.72232,-0.972941046581564
7178,1.72256,-1.39782255213153
7179,1.7228,-0.986322764486996
7180,1.72304,-1.5303850176366
7181,1.72328,-0.873912401421464
7182,1.72352,-1.18366736371931
7183,1.72376,-0.88606669454802
7184,1.724,-1.0778237208692
7185,1.72424,-1.14256072105723
7186,1.72448,-1.2094047430546
7187,1.72472,-1.03931958179846
7188,1.72496,-1.4648509515943
7189,1.7252,-0.808280863339462
7190,1.72544,-1.59819501468955
7191,1.72568,-0.939735671322131
7192,1.72592,-1.13001374172475
7193,1.72616,-1.43275999777207
7194,1.7264,-0.900919657394193
7195,1.72664,-1.20490209814505
7196,1.72688,-1.15281801888658
7197,1.72712,-0.975613242614506
7198,1.72736,-1.28477543503018
7199,1.7276,-1.10707471268696
7200,1.72784,-1.17562285520459
7201,1.72808,-1.1221682461934
7202,1.72832,-1.18607785320548
7203,1.72856,-1.25432649797871
7204,1.7288,-1.0775763078322
7205,1.72904,-1.38149016124923
7206,1.72928,-0.969195425572119
7207,1.72952,-1.15225591677339
7208,1.72976,-0.860761340698657
7209,1.73,-1.28822870118216
7210,1.73024,-0.99121401539598
7211,1.73048,-1.29983410816614
7212,1.73072,-1.00136694132121
7213,1.73096,-1.30956475146582
7214,1.7312,-1.01510720982963
7215,1.73144,-1.31873696960544
7216,1.73168,-1.14603584799048
7217,1.73192,-1.32887165815744
7218,1.73216,-1.15049295665435
7219,1.7324,-0.979034432333698
7220,1.73264,-1.52349153924928
7221,1.73288,-0.866920421409138
7222,1.73312,-1.41500717100419
7223,1.73336,-0.995348019257522
7224,1.7336,-1.30349490691747
7225,1.73384,-1.00941554130728
7226,1.73408,-1.18874361466232
7227,1.73432,-1.13465570619624
7228,1.73456,-1.32258718208031
7229,1.7348,-0.783237752446565
7230,1.73504,-1.21266967977226
7231,1.73528,-1.03636328589968
7232,1.73552,-1.45912163750271
7233,1.73576,-0.926594277208445
7234,1.736,-1.2299223089837
7235,1.73624,-1.17721255843492
7236,1.73648,-0.999413016058688
7237,1.73672,-1.30800645895325
7238,1.73696,-1.12976567472442
7239,1.7372,-0.95550380850492
7240,1.73744,-1.50255290112078
7241,1.73768,-0.722483257277643
7242,1.73792,-1.39257043367984
7243,1.73816,-1.21211919271537
7244,1.7384,-0.920549844749896
7245,1.73864,-1.46265897568706
7246,1.73888,-1.04913188286052
7247,1.73912,-1.23221198464204
7248,1.73936,-1.29898998441249
7249,1.7396,-1.00100035360018
7250,1.73984,-1.18811507596838
7251,1.74008,-1.25101801055068
7252,1.74032,-1.31216322034732
7253,1.74056,-0.895697669125857
7254,1.7408,-1.20318416434024
7255,1.74104,-1.38542360602417
7256,1.74128,-0.851191871252036
7257,1.74152,-1.51582259189133
7258,1.74176,-0.73581247373719
7259,1.742,-1.40552553103154
7260,1.74224,-1.22471721398611
7261,1.74248,-0.932806671152759
7262,1.74272,-1.47459048842704
7263,1.74296,-1.06075246892524
7264,1.7432,-1.60258184408099
7265,1.74344,-0.94266102731557
7266,1.74368,-1.25187417458175
7267,1.74392,-1.43247849275824
7268,1.74416,-0.895885778421385
7269,1.7444,-1.44462823242367
7270,1.74464,-1.26391894076036
7271,1.74488,-1.20578557995547
7272,1.74512,-1.03067982908782
7273,1.74536,-1.45105949191517
7274,1.7456,-1.03488788638435
7275,1.74584,-1.34101506132957
7276,1.74608,-1.16091933699535
7277,1.74632,-1.34619382472161
7278,1.74656,-1.05135371688284
7279,1.7468,-1.22949898165978
7280,1.74704,-1.17427841780478
7281,1.74728,-1.36112790277618
7282,1.74752,-0.940570651147808
7283,1.74776,-1.36730411076851
7284,1.748,-1.07162196522972
7285,1.74824,-1.36966251836223
7286,1.74848,-1.07309322361247
7287,1.74872,-1.37592859928028
7288,1.74896,-1.19630879797472
7289,1.7492,-1.1409126943511
7290,1.74944,-1.44560113000315
7291,1.74968,-1.02200053978696
7292,1.74992,-1.21168435640449
7293,1.75016,-1.15205936628606
7294,1.7504,-1.33351560246131
7295,1.75064,-1.1562765763758
7296,1.75088,-1.21544261802077
7297,1.75112,-1.15930123680233
7298,1.75136,-1.34212484182005
7299,1.7516,-1.28044211059015
7300,1.75184,-0.986569238770627
7301,1.75208,-1.52647736268136
7302,1.75232,-1.11084537449877
7303,1.75256,-1.65096068598667
7304,1.7528,-0.98940027564584
7305,1.75304,-1.41511556843787
7306,1.75328,-1.47316612077512
7307,1.75352,-0.93613740872086
7308,1.75376,-1.72146453895279
7309,1.754,-0.939652827475905
7310,1.75424,-1.36759446366915
7311,1.75448,-1.18549131469575
7312,1.75472,-1.48509815247422
7313,1.75496,-0.947204428307135
7314,1.7552,-1.73036214221554
7315,1.75544,-1.1901004182233
7316,1.75568,-1.13703276257416
7317,1.75592,-1.43569527913826
7318,1.75616,-1.2538292076735
7319,1.7564,-1.19628204538422
7320,1.75664,-1.25925074496602
7321,1.75688,-1.43983812938701
7322,1.75712,-0.904026504521188
7323,1.75736,-1.56496983345026
7324,1.7576,-1.502667154445
7325,1.75784,-1.08394533219659
7326,1.75808,-1.26122741313073
7327,1.75832,-1.20518212561912
7328,1.75856,-1.26789165715654
7329,1.7588,-1.08730346163194
7330,1.75904,-1.27248215922442
7331,1.75928,-1.2102368783021
7332,1.75952,-1.27060919058372
7333,1.75976,-1.33232699043559
7334,1.76,-1.63224381374405
7335,1.76024,-1.21285189965968
7336,1.76048,-1.2770681186348
7337,1.76072,-1.57514348605814
7338,1.76096,-1.1578293024638
7339,1.7612,-1.33728948126714
7340,1.76144,-1.40060381552293
7341,1.76168,-1.21828285263608
7342,1.76192,-1.40227977977958
7343,1.76216,-1.10053787487312
7344,1.7624,-1.51883321704761
7345,1.76264,-0.979861330346472
7346,1.76288,-1.76198973202614
7347,1.76312,-1.22074393149526
7348,1.76336,-1.16673507220187
7349,1.7636,-1.4645001690966
7350,1.76384,-1.28177655227081
7351,1.76408,-1.22340905075892
7352,1.76432,-1.64465044687162
7353,1.76456,-1.21829831413962
7354,1.7648,-1.28035645481528
7355,1.76504,-1.33835096674085
7356,1.76528,-1.2771015721848
7357,1.76552,-1.21899705440304
7358,1.76576,-1.6404912186541
7359,1.766,-1.21438174326943
7360,1.76624,-1.27667225511696
7361,1.76648,-1.33489009352631
7362,1.76672,-1.27385502641485
7363,1.76696,-1.33578209741051
7364,1.7672,-1.15260875079706
7365,1.76744,-1.45559602432649
7366,1.76768,-1.15526236264568
7367,1.76792,-1.57134094927095
7368,1.76816,-1.15105208515791
7369,1.7684,-1.57396012983475
7370,1.76864,-0.908592199732408
7371,1.76888,-1.33425493678789
7372,1.76912,-1.39224433619061
7373,1.76936,-0.971514893250644
7374,1.7696,-1.39176365172865
7375,1.76984,-1.32883055965535
7376,1.77008,-1.15148275395783
7377,1.77032,-1.6903127833881
7378,1.77056,-1.0274788967298
7379,1.7708,-1.57224570153836
7380,1.77104,-1.38557072367277
7381,1.77128,-1.44416271297416
7382,1.77152,-1.38117483388023
7383,1.77176,-1.07686782639652
7384,1.772,-1.50014235022926
7385,1.77224,-1.31528447474147
7386,1.77248,-1.37698529275818
7387,1.77272,-1.31788052770004
7388,1.77296,-1.61559924694324
7389,1.7732,-1.31218592265612
7390,1.77344,-1.37270794694164
7391,1.77368,-1.18739905601516
7392,1.77392,-1.25124284445102
7393,1.77416,-1.54973148799538
7394,1.7744,-1.12894802044632
7395,1.77464,-1.67212893240849
7396,1.77488,-1.48474008721755
7397,1.77512,-1.18403334747937
7398,1.77536,-1.48513757787661
7399,1.7756,-1.42012323537074
7400,1.77584,-1.36019316425583
7401,1.77608,-1.17991083985102
7402,1.77632,-1.59534094799685
7403,1.77656,-1.17443141802136
7404,1.7768,-1.59586112170789
7405,1.77704,-1.16965770597584
7406,1.77728,-1.58743153109847
7407,1.77752,-1.16557220381912
7408,1.77776,-1.70111147471412
7409,1.778,-1.15888238816521
7410,1.77824,-1.8220509147469
7411,1.77848,-1.15687233402551
7412,1.77872,-1.57261235252808
7413,1.77896,-1.15323781341544
7414,1.7792,-1.57043800226446
7415,1.77944,-1.38646065286266
7416,1.77968,-1.68687945688546
7417,1.77992,-1.14269716411033
7418,1.78016,-1.43971323841256
7419,1.7804,-1.13987783846727
7420,1.78064,-1.31542028524212
7421,1.78088,-1.49162348776491
7422,1.78112,-1.42576353765724
7423,1.78136,-1.36277707668875
7424,1.7816,-1.30254898929152
7425,1.78184,-1.1181363083197
7426,1.78208,-1.66072974966704
7427,1.78232,-1.59889194036268
7428,1.78256,-1.29444728385461
7429,1.7828,-1.47604484973928
7430,1.78304,-1.05275004078455
7431,1.78328,-1.59000544911477
7432,1.78352,-1.28253821806626
7433,1.78376,-1.58190254343326
7434,1.784,-1.27779139319091
7435,1.78424,-1.81278316366987
7436,1.78448,-1.50736695442168
7437,1.78472,-1.44099703612969
7438,1.78496,-1.37752116423151
7439,1.7852,-1.31682339803401
7440,1.78544,-1.49578496713713
7441,1.78568,-1.4308910907006
7442,1.78592,-1.6097603076503
7443,1.78616,-1.42919998373425
7444,1.7864,-1.60123816997348
7445,1.78664,-1.29692425270861
7446,1.78688,-1.59534933413716
7447,1.78712,-1.17061063085823
7448,1.78736,-1.46900058831474
7449,1.7876,-1.64623816390912
7450,1.78784,-1.21889560028491
7451,1.78808,-1.63804878641124
7452,1.78832,-1.33300523331573
7453,1.78856,-1.02693841220616
7454,1.7888,-1.44919062304535
7455,1.78904,-1.86238997410032
7456,1.78928,-1.31891481313634
7457,1.78952,-1.25440231753602
7458,1.78976,-1.55098689031686
7459,1.79,-1.7300449903402
7460,1.79024,-1.18284460269806
7461,1.79048,-1.48251167034475
7462,1.79072,-1.5351757590873
7463,1.79096,-1.11274708639502
7464,1.7912,-1.52749293820737
7465,1.79144,-1.33991425278297
7466,1.79168,-1.27849307642853
7467,1.79192,-1.69395352342819
7468,1.79216,-1.0267796630669
7469,1.7924,-1.32938594558699
7470,1.79264,-1.741829735969
7471,1.79288,-1.07698414607254
7472,1.79312,-1.73521746206379
7473,1.79336,-1.54608600923187
7474,1.7936,-1.12500702163478
7475,1.79384,-1.17900954621845
7476,1.79408,-1.47605610864816
7477,1.79432,-1.65245647937235
7478,1.79456,-1.22517675682584
7479,1.7948,-1.64260127427925
7480,1.79504,-1.21575139149451
7481,1.79528,-1.27333913796372
7482,1.79552,-1.81203823817794
7483,1.79576,-1.26197341440377
7484,1.796,-1.56026935010433
7485,1.79624,-1.49432151811847
7486,1.79648,-1.06614716975503
7487,1.79672,-1.36726085988132
7488,1.79696,-1.77827291397388
7489,1.7972,-1.11205502461533
7490,1.79744,-1.76897320411701
7491,1.79768,-1.22085295956298
7492,1.79792,-1.28082722142758
7493,1.79816,-1.93531978892688
7494,1.7984,-1.38827442785465
7495,1.79864,-1.32205855002213
7496,1.79888,-1.73555783345135
7497,1.79912,-1.19105353387503
7498,1.79936,-1.48647116167155
7499,1.7996,-1.42141967641409
7500,1.79984,-1.83753448588508
7501,1.80008,-1.2861412065475
7502,1.80032,-1.58529388573186
7503,1.80056,-1.39606828212998
7504,1.8008,-1.33407924567408
7505,1.80104,-1.75057951872966
7506,1.80128,-1.44005061636697
7507,1.80152,-1.37872257149478
7508,1.80176,-1.79031745427968
7509,1.802,-1.00182033211191
7510,1.80224,-1.42146683568646
7511,1.80248,-1.83344995529969
7512,1.80272,-1.16596993292816
7513,1.80296,-1.21946705262488
7514,1.8032,-1.39448832281939
7515,1.80344,-1.81238206419342
7516,1.80368,-1.26269026386296
7517,1.80392,-1.43891813487066
7518,1.80416,-1.85448921242642
7519,1.8044,-1.30257540683979
7520,1.80464,-1.60123143050111
7521,1.80488,-1.41153072080163
7522,1.80512,-1.22531750654069
7523,1.80536,-1.88336471041257
7524,1.8056,-1.57293383057056
7525,1.80584,-1.26986709402246
7526,1.80608,-1.80273579445062
7527,1.80632,-1.37163140054649
7528,1.80656,-1.30957061921791
7529,1.8068,-1.96408410336162
7530,1.80704,-1.17437098175859
7531,1.80728,-1.58938952039851
7532,1.80752,-1.51974905510762
7533,1.80776,-1.2168449975653
7534,1.808,-1.75083500383451
7535,1.80824,-1.68206790513875
7536,1.80848,-1.25803465905529
7537,1.80872,-1.7894262511933
7538,1.80896,-1.24307071838163
7539,1.8092,-1.53671628679634
7540,1.80944,-1.70824593560702
7541,1.80968,-1.28400527050437
7542,1.80992,-1.81644988810343
7543,1.81016,-1.3849402141278
7544,1.8104,-1.32249359457941
7545,1.81064,-1.976638216436
7546,1.81088,-1.18657298401116
7547,1.81112,-1.60125590459751
7548,1.81136,-1.53129465545068
7549,1.8116,-1.228085693441
7550,1.81184,-1.76178428071295
7551,1.81208,-1.69273958554136
7552,1.81232,-1.50456969103373
7553,1.81256,-1.79620319500907
7554,1.8128,-1.72870125585536
7555,1.81304,-1.30111526570291
7556,1.81328,-1.59203942274098
7557,1.81352,-1.16693022672385
7558,1.81376,-1.57959922761172
7559,1.814,-1.7520948726339
7560,1.81424,-1.32530010958675
7561,1.81448,-1.85795506517828
7562,1.81472,-1.19042439743677
7563,1.81496,-1.60297110962791
7564,1.8152,-1.65206875030655
7565,1.81544,-1.22703345044157
7566,1.81568,-1.76096345894242
7567,1.81592,-1.6921435530135
7568,1.81616,-1.50419200386114
7569,1.8164,-1.79603620234062
7570,1.81664,-1.4868792562988
7571,1.81688,-1.30010571224693
7572,1.81712,-1.71067775233275
7573,1.81736,-1.52372852900798
7574,1.8176,-1.81478160096434
7575,1.81784,-1.74762970318056
7576,1.81808,-1.43844059800716
7577,1.81832,-1.36936191794835
7578,1.81856,-1.90544976499057
7579,1.8188,-1.47228174957115
7580,1.81904,-1.52420109384195
7581,1.81928,-1.69714425462841
7582,1.81952,-1.38547116014608
7583,1.81976,-1.68127040855814
7584,1.82,-1.49270501508989
7585,1.82024,-1.54556838631779
7586,1.82048,-1.59825175083395
7587,1.82072,-1.40642661869083
7588,1.82096,-1.81905862994922
7589,1.8212,-1.63153355948758
7590,1.82144,-1.56250952556526
7591,1.82168,-1.73439075530319
7592,1.82192,-1.30700935380702
7593,1.82216,-1.8378020728607
7594,1.8224,-1.53012886776692
7595,1.82264,-1.58189993061888
7596,1.82288,-1.74998669468493
7597,1.82312,-1.32503615635507
7598,1.82336,-1.85467980980528
7599,1.8236,-1.30451807702896
7600,1.82384,-1.83806451208366
7601,1.82408,-1.28474823551187
7602,1.82432,-1.58124203436881
7603,1.82456,-1.74856693921854
7604,1.8248,-1.3163909459079
7605,1.82504,-1.85161901191181
7606,1.82528,-1.65901731455291
7607,1.82552,-1.47262116029023
7608,1.82576,-1.76190043833066
7609,1.826,-1.32832900022191
7610,1.82624,-1.74283089700899
7611,1.82648,-1.55020402170851
7612,1.82672,-1.60261771393911
7613,1.82696,-1.89676445622083
7614,1.8272,-1.3445767653955
7615,1.82744,-1.7563309011449
7616,1.82768,-1.44811304958183
7617,1.82792,-1.61792012965743
7618,1.82816,-2.03173140785961
7619,1.8284,-1.71598871668875
7620,1.82864,-1.4078342955236
7621,1.82888,-1.9397453154384
7622,1.82912,-1.26594482360834
7623,1.82936,-1.44193058791556
7624,1.8296,-1.73104583110066
7625,1.82984,-1.41975826489459
7626,1.83008,-1.83441550588133
7627,1.83032,-1.40099673370595
7628,1.83056,-1.45528312358157
7629,1.8308,-2.10381978893546
7630,1.83104,-1.55107244353663
7631,1.83128,-1.60407495120825
7632,1.83152,-2.0099914442046
7633,1.83176,-1.33927554807351
7634,1.832,-1.62987264592388
7635,1.83224,-1.55619146552398
7636,1.83248,-1.2481648890304
7637,1.83272,-1.89964040235381
7638,1.83296,-1.46564930199463
7639,1.8332,-1.5202542919227
7640,1.83344,-1.93033477140405
7641,1.83368,-1.37696115485541
7642,1.83392,-1.42803457474404
7643,1.83416,-1.5955340773123
7644,1.8344,-1.6467384242233
7645,1.83464,-1.45349861661031
7646,1.83488,-1.74280358076632
7647,1.83512,-1.79506089249018
7648,1.83536,-1.47992659707825
7649,1.8356,-1.77241177306463
7650,1.83584,-1.46348472932544
7651,1.83608,-1.99120940751293
7652,1.83632,-1.31895905959118
7653,1.83656,-2.09173180222464
7654,1.8368,-1.53411402641882
7655,1.83704,-1.46650607757673
7656,1.83728,-2.11570868280976
7657,1.83752,-1.3209122829959
7658,1.83776,-1.85616194231057
7659,1.838,-1.54241957353191
7660,1.83824,-1.59394323786245
7661,1.83848,-1.64196610447616
7662,1.83872,-1.57028674379192
7663,1.83896,-1.62281800897659
7664,1.8392,-1.43085033003216
7665,1.83944,-1.83987779977871
7666,1.83968,-1.52862359194209
7667,1.83992,-1.57610122618677
7668,1.84016,-1.8681372877628
7669,1.8404,-1.43417442345681
7670,1.84064,-1.72241416514787
7671,1.84088,-1.53268169025481
7672,1.84112,-1.69987704470115
7673,1.84136,-1.86676103290977
7674,1.8416,-1.43459411913276
7675,1.84184,-1.84096839687002
7676,1.84208,-1.53110029034639
7677,1.84232,-1.70013245652682
7678,1.84256,-1.26614695392802
7679,1.8428,-1.91949487948908
7680,1.84304,-1.72481646154293
7681,1.84328,-1.29324656026051
7682,1.84352,-2.0679098667675
7683,1.84376,-1.51168123485314
7684,1.844,-1.56482886026986
7685,1.84424,-1.85019693838843
7686,1.84448,-1.41930999815293
7687,1.84472,-1.70923851901759
7688,1.84496,-1.39307990207528
7689,1.8452,-1.68590510559664
7690,1.84544,-1.85232979741119
7691,1.84568,-1.41883933752067
7692,1.84592,-1.94850999567457
7693,1.84616,-1.39195512298924
7694,1.8464,-2.04480755492063
7695,1.84664,-1.48800366924592
7696,1.84688,-1.29914576256155
7697,1.84712,-1.82929441031161
7698,1.84736,-1.3938725076622
7699,1.8476,-1.8066123662717
7700,1.84784,-1.61230046920202
7701,1.84808,-1.65960286640405
7702,1.84832,-1.82726233382499
7703,1.84856,-1.27172480716779
7704,1.8488,-1.68548767656274
7705,1.84904,-1.73009869500244
7706,1.84928,-1.65813495594486
7707,1.84952,-1.70393322764017
7708,1.84976,-1.63012375980129
7709,1.85,-1.68061664883681
7710,1.85024,-1.48669728578965
7711,1.85048,-1.89385750791745
7712,1.85072,-1.5808168185572
7713,1.85096,-1.6265838863249
7714,1.8512,-1.91698430023817
7715,1.85144,-1.48145586198937
7716,1.85168,-1.76819854249884
7717,1.85192,-1.57703557705788
7718,1.85216,-1.74286182236224
7719,1.8524,-1.90843867140854
7720,1.85264,-1.47502235809381
7721,1.85288,-1.88020135023769
7722,1.85312,-1.56919329529722
7723,1.85336,-1.7371349921285
7724,1.8536,-1.9017529060295
7725,1.85384,-1.46999282006026
7726,1.85408,-1.99528402399646
7727,1.85432,-1.67933659312392
7728,1.85456,-1.48778668914941
7729,1.8548,-1.65458196765132
7730,1.85504,-1.8236468700253
7731,1.85528,-1.5082627509164
7732,1.85552,-1.67896782744633
7733,1.85576,-1.6039106807814
7734,1.856,-1.77006932665246
7735,1.85624,-1.57903696024148
7736,1.85648,-1.7449895320804
7737,1.85672,-1.91069141621986
7738,1.85696,-1.47739699962869
7739,1.8572,-1.76285860083162
7740,1.85744,-1.93216637233622
7741,1.85768,-1.4963047936248
7742,1.85792,-1.90211280479313
7743,1.85816,-1.47056402035235
7744,1.8584,-1.99605893435064
7745,1.85864,-1.68031072226901
7746,1.85888,-1.48723041615282
7747,1.85912,-1.89176557052394
7748,1.85936,-1.81980069864707
7749,1.8596,-1.86343988630531
7750,1.85984,-1.66811330996295
7751,1.86008,-1.71746331841997
7752,1.86032,-2.11988482388899
7753,1.86056,-1.44452929742705
7754,1.8608,-1.97210059117943
7755,1.86104,-1.77300582328488
7756,1.86128,-1.58425555823174
7757,1.86152,-2.10885417632954
7758,1.86176,-1.43233838604907
7759,1.862,-1.96222195586669
7760,1.86224,-1.88214724127736
7761,1.86248,-1.56886479497167
7762,1.86272,-2.2148781462073
7763,1.86296,-1.53510397593538
7764,1.8632,-1.82784452376066
7765,1.86344,-1.6312182504038
7766,1.86368,-1.91681619598776
7767,1.86392,-1.48490241085941
7768,1.86416,-2.01004834846089
7769,1.8644,-1.69396813836817
7770,1.86464,-1.49971290983705
7771,1.86488,-2.02334950864568
7772,1.86512,-1.71061392149359
7773,1.86536,-2.11442085546994
7774,1.8656,-1.43826296140829
7775,1.86584,-1.96808553508685
7776,1.86608,-1.88795287968086
7777,1.86632,-1.57461693907695
7778,1.86656,-2.21973094579537
7779,1.8668,-1.539920303622
7780,1.86704,-1.46923081840071
7781,1.86728,-1.99125708735861
7782,1.86752,-1.55758946056082
7783,1.86776,-2.08492413692783
7784,1.868,-1.40409899823311
7785,1.86824,-1.93288083272771
7786,1.86848,-1.97422835792685
7787,1.86872,-1.4210849198743
7788,1.86896,-1.95008434061078
7789,1.8692,-1.50875902905804
7790,1.86944,-1.79775246904981
7791,1.86968,-1.84063644537036
7792,1.86992,-1.64332230004361
7793,1.87016,-2.0498139162136
7794,1.8704,-1.60987216781946
7795,1.87064,-1.65662419148959
7796,1.87088,-2.06262847772
7797,1.87112,-1.62261663741953
7798,1.87136,-1.91065524905102
7799,1.8716,-1.59272163508822
7800,1.87184,-1.87691468574294
7801,1.87208,-1.80009785735992
7802,1.87232,-1.72230310595023
7803,1.87256,-2.00958126068198
7804,1.8728,-1.81246364808162
7805,1.87304,-1.85577199928977
7806,1.87328,-1.66184574048919
7807,1.87352,-1.82502708027363
7808,1.87376,-1.98807723313085
7809,1.874,-1.55138437714037
7810,1.87424,-1.95426442982841
7811,1.87448,-1.88031717826396
7812,1.87472,-1.68325122315313
7813,1.87496,-1.96670127128526
7814,1.8752,-1.53361296519303
7815,1.87544,-2.29599797248272
7816,1.87568,-1.49825973693913
7817,1.87592,-2.0255470132694
7818,1.87616,-1.8248795457075
7819,1.8764,-1.63116620557374
7820,1.87664,-2.03374185737889
7821,1.87688,-1.47756078501303
7822,1.87712,-2.24545281890906
7823,1.87736,-1.68316620213216
7824,1.8776,-1.73051915380288
7825,1.87784,-2.01292782719906
7826,1.87808,-1.33438746056399
7827,1.87832,-1.98263390517458
7828,1.87856,-1.54035307004168
7829,1.8788,-1.82843680122124
7830,1.87904,-1.87045121577577
7831,1.87928,-1.67230768980017
7832,1.87952,-2.07843941603467
7833,1.87976,-1.75798297824549
7834,1.88,-1.68372526652176
7835,1.88024,-1.96655011309774
7836,1.88048,-1.76427722925243
7837,1.88072,-1.81044273446301
7838,1.88096,-1.85204202850975
7839,1.8812,-2.01428580648805
7840,1.88144,-1.57901325742818
7841,1.88168,-2.09960381640319
7842,1.88192,-1.78437780922973
7843,1.88216,-1.94698942099966
7844,1.8824,-1.74567597016672
7845,1.88264,-1.79276069979456
7846,1.88288,-1.95071137005095
7847,1.88312,-1.63547491353639
7848,1.88336,-2.15977458121019
7849,1.8836,-1.35836626052661
7850,1.88384,-2.00583916853173
7851,1.88408,-1.68131559223059
7852,1.88432,-1.72907725542951
7853,1.88456,-2.00929046399163
7854,1.8848,-1.81059476201565
7855,1.88504,-1.85673580746619
7856,1.88528,-1.77669374745398
7857,1.88552,-2.06224750118548
7858,1.88576,-1.74190890944269
7859,1.886,-2.023345580881
7860,1.88624,-1.70554706426478
7861,1.88648,-1.98683155693136
7862,1.88672,-1.54818826135637
7863,1.88696,-2.0760088023445
7864,1.8872,-1.87323685572824
7865,1.88744,-1.56028525620894
7866,1.88768,-2.32034521097291
7867,1.88792,-1.51868703478143
7868,1.88816,-2.28272515024978
7869,1.8884,-1.60123485923893
7870,1.88864,-1.76860301745136
7871,1.88888,-2.04595531411235
7872,1.88912,-1.6096713048321
7873,1.88936,-2.13278920464494
7874,1.8896,-1.69235395527599
7875,1.88984,-2.09900438691506
7876,1.89008,-1.65658800904491
7877,1.89032,-1.82298054906604
7878,1.89056,-1.86364333313258
7879,1.8908,-1.90210559405169
7880,1.89104,-2.06657647112169
7881,1.89128,-1.74414367807604
7882,1.89152,-2.02790658049387
7883,1.89176,-1.71323929980036
7884,1.892,-2.23413833904575
7885,1.89224,-1.55063190630128
7886,1.89248,-2.07687201681966
7887,1.89272,-1.99331160681101
7888,1.89296,-1.67670372364384
7889,1.8932,-1.84060122943024
7890,1.89344,-1.87889413944757
7891,1.89368,-1.80089000034772
7892,1.89392,-2.20217969518008
7893,1.89416,-1.8792078147432
7894,1.8944,-1.68356021438152
7895,1.89464,-1.96142428570725
7896,1.89488,-1.64327493268767
7897,1.89512,-2.28766044621475
7898,1.89536,-1.60064115950335
7899,1.8956,-2.00588373091267
7900,1.89584,-1.8052521551
7901,1.89608,-1.96592426125319
7902,1.89632,-1.53001944296835
7903,1.89656,-2.29008499167994
7904,1.8968,-1.60783112407903
7905,1.89704,-2.01457141664742
7906,1.89728,-1.81278165086221
7907,1.89752,-1.85374641685647
7908,1.89776,-2.13874021755061
7909,1.898,-1.6931937224059
7910,1.89824,-1.73768351257263
7911,1.89848,-2.0190561911808
7912,1.89872,-1.8153968809808
7913,1.89896,-2.21977293411389
7914,1.8992,-1.89671937967431
7915,1.89944,-1.81910484436916
7916,1.89968,-1.74095823551777
7917,1.89992,-2.01878532453427
7918,1.90016,-1.46136517492531
7919,1.9004,-1.9866567054223
7920,1.90064,-1.66249243440133
7921,1.90088,-1.94941814209789
7922,1.90112,-1.98727354850722
7923,1.90136,-1.66790813514937
7924,1.9016,-2.31154762118154
7925,1.90184,-1.74452171345416
7926,1.90208,-2.02880427273477
7927,1.90232,-1.70724874240754
7928,1.90256,-2.10520108915683
7929,1.9028,-1.66658567348443
7930,1.90304,-2.30379700767422
7931,1.90328,-1.62169026839461
7932,1.90352,-2.02466814844087
7933,1.90376,-1.69900081494139
7934,1.904,-1.98448595221977
7935,1.90424,-1.78306675400368
7936,1.90448,-2.0592884471989
7937,1.90472,-1.98227326076629
7938,1.90496,-2.02108024920702
7939,1.9052,-1.93659548030309
7940,1.90544,-1.61916682945191
7941,1.90568,-2.13658110147808
7942,1.90592,-1.57911557257602
7943,1.90616,-2.33752067274801
7944,1.9064,-1.415299458859
7945,1.90664,-2.30067041797555
7946,1.90688,-1.61455012322876
7947,1.90712,-2.25944125377439
7948,1.90736,-1.81613416747782
7949,1.9076,-2.09194307019038
7950,1.90784,-1.65501630384326
7951,1.90808,-2.17356779903626
7952,1.90832,-1.73010802043823
7953,1.90856,-2.13474437972738
7954,1.9088,-1.6890637950503
7955,1.90904,-1.97215978199611
7956,1.90928,-2.01289788623389
7957,1.90952,-1.80652204667024
7958,1.90976,-2.21135501684483
7959,1.91,-2.00729774367201
7960,1.91024,-1.68791421624621
7961,1.91048,-2.33111944989682
7962,1.91072,-1.64297220152757
7963,1.91096,-2.04714942096677
7964,1.9112,-1.84591993116014
7965,1.91144,-2.24217548746651
7966,1.91168,-1.8028324119416
7967,1.91192,-2.32081385249921
7968,1.91216,-1.63451701290665
7969,1.9124,-2.1585201913614
7970,1.91264,-1.83180681363128
7971,1.91288,-2.11235488483644
7972,1.91312,-1.91666397973856
7973,1.91336,-1.9500034819017
7974,1.9136,-1.9910260483409
7975,1.91384,-1.90914086010393
7976,1.91408,-1.94677104109815
7977,1.91432,-2.11045466597426
7978,1.91456,-1.78552570648181
7979,1.9148,-1.9470939296344
7980,1.91504,-1.98529732302821
7981,1.91528,-2.13992874394742
7982,1.91552,-1.70130732662802
7983,1.91576,-2.45835519554977
7984,1.916,-1.65380972264757
7985,1.91624,-2.29787196026617
7986,1.91648,-1.61059873785358
7987,1.91672,-1.89490047459728
7988,1.91696,-1.8139023087181
7989,1.9172,-2.20748558078093
7990,1.91744,-1.40649736678569
7991,1.91768,-2.41045070580283
7992,1.91792,-1.72139485242971
7993,1.91816,-2.12601486749705
7994,1.9184,-1.80451742774013
7995,1.91864,-2.31753983553924
7996,1.91888,-1.63909859042395
7997,1.91912,-2.39595510239545
7998,1.91936,-1.47182806313847
7999,1.9196,-2.35537439112887
8000,1.91984,-1.667507855457
8001,1.92008,-2.31072931279967
8002,1.92032,-1.86582406768353
8003,1.92056,-2.14010568638401
8004,1.9208,-1.94270344597443
8005,1.92104,-2.09771018412878
8006,1.92128,-1.89695412243605
8007,1.92152,-1.93807178382777
8008,1.92176,-2.09290144216735
8009,1.922,-1.53333497059677
8010,1.92224,-2.29495221627508
8011,1.92248,-1.84909376312687
8012,1.92272,-1.89104195445438
8013,1.92296,-2.40573276850528
8014,1.9232,-1.71973957212998
8015,1.92344,-2.12425089739409
8016,1.92368,-1.91899451596372
8017,1.92392,-1.83682107102268
8018,1.92416,-1.99877332562646
8019,1.9244,-2.02908724889752
8020,1.92464,-2.06721160210616
8021,1.92488,-1.74856005815125
8022,1.92512,-2.26258143171797
8023,1.92536,-1.82391263571837
8024,1.9256,-1.98130306999348
8025,1.92584,-2.01506234364874
8026,1.92608,-1.57367212732278
8027,1.92632,-2.4553058301072
8028,1.92656,-1.76690474625924
8029,1.9268,-2.17038214145748
8030,1.92704,-1.96327972559582
8031,1.92728,-1.9956967940149
8032,1.92752,-1.67763850091724
8033,1.92776,-2.55265615484922
8034,1.928,-1.50665001626307
8035,1.92824,-2.39170675265093
8036,1.92848,-1.82119122767365
8037,1.92872,-1.86161690895149
8038,1.92896,-2.2589225481911
8039,1.9292,-1.93085358583385
8040,1.92944,-2.09204873739776
8041,1.92968,-1.88891614756575
8042,1.92992,-2.28248471961938
8043,1.93016,-1.72334426149541
8044,1.9304,-2.23741776559762
8045,1.93064,-1.91557968664901
8046,1.93088,-2.07182727353867
8047,1.93112,-2.10321469693756
8048,1.93136,-1.66348958514533
8049,1.9316,-2.41989418752269
8050,1.93184,-1.85270762731831
8051,1.93208,-2.01258052101086
8052,1.93232,-1.92588512404528
8053,1.93256,-2.20726075440046
8054,1.9328,-1.88465201368686
8055,1.93304,-2.27634253073506
8056,1.93328,-1.95730084905404
8057,1.93352,-1.87439569049598
8058,1.93376,-2.26702488959897
8059,1.934,-1.8268469544889
8060,1.93424,-2.22374259008138
8061,1.93448,-2.01816508252259
8062,1.93472,-1.93829271193747
8063,1.93496,-2.45150903750773
8064,1.9352,-1.76323794021472
8065,1.93544,-2.04527391201029
8066,1.93568,-2.07932560337393
8067,1.93592,-1.63561517010244
8068,1.93616,-2.27665648733587
8069,1.9364,-1.94291344305473
8070,1.93664,-1.74307669118439
8071,1.93688,-2.26138781456314
8072,1.93712,-1.93096919224778
8073,1.93736,-2.09253042610998
8074,1.9376,-1.88974975637919
8075,1.93784,-2.28103489725508
8076,1.93808,-1.96201736924821
8077,1.93832,-2.11878460356307
8078,1.93856,-2.15021766321283
8079,1.9388,-2.0700451007325
8080,1.93904,-2.22301819316746
8081,1.93928,-2.01550156488303
8082,1.93952,-1.93685391443553
8083,1.93976,-2.20806767863374
8084,1.94,-1.64740984768993
8085,1.94024,-2.40536335676848
8086,1.94048,-1.95557757907452
8087,1.94072,-2.11796493606732
8088,1.94096,-2.15085839797325
8089,1.9412,-1.70471587815882
8090,1.94144,-2.34779083517613
8091,1.94168,-1.77634588742476
8092,1.94192,-2.17622962671036
8093,1.94216,-1.97089035196853
8094,1.9424,-2.24078563544355
8095,1.94264,-1.7991158498472
8096,1.94288,-2.55495137669585
8097,1.94312,-1.86475495577097
8098,1.94336,-2.26608205489439
8099,1.9436,-1.93706016502548
8100,1.94384,-1.97317122348642
8101,1.94408,-2.13145002494915
8102,1.94432,-2.04104427616866
8103,1.94456,-2.07875759894668
8104,1.9448,-2.35541279989673
8105,1.94504,-2.14374441643267
8106,1.94528,-1.94478251209765
8107,1.94552,-2.45517384127224
8108,1.94576,-1.76814992483677
8109,1.946,-2.16684188593868
8110,1.94624,-2.07759691070572
8111,1.94648,-2.23715497045192
8112,1.94672,-2.02810664060355
8113,1.94696,-2.18112582638905
8114,1.9472,-1.98018075736882
8115,1.94744,-2.12874429320324
8116,1.94768,-1.92576473646395
8117,1.94792,-2.20311346021
8118,1.94816,-2.11061962001742
8119,1.9484,-1.66616006190769
8120,1.94864,-2.54614467353762
8121,1.94888,-1.85050313849644
8122,1.94912,-2.12767148008834
8123,1.94936,-2.04768830962345
8124,1.9496,-2.19866185767692
8125,1.94984,-1.9975341286732
8126,1.95008,-2.38776583952111
8127,1.95032,-2.06076142005441
8128,1.95056,-1.8599803235532
8129,1.9508,-2.61355340833993
8130,1.95104,-1.56343534366716
8131,1.95128,-2.44714251313363
8132,1.95152,-1.99427742467919
8133,1.95176,-2.14985766500048
8134,1.952,-2.0703369538372
8135,1.95224,-2.22131065420515
8136,1.95248,-1.89468204433813
8137,1.95272,-2.17139859165231
8138,1.95296,-2.1999448863525
8139,1.9532,-1.99542549325284
8140,1.95344,-2.63038057243025
8141,1.95368,-1.81976868567673
8142,1.95392,-2.21964471159866
8143,1.95416,-2.1276176299535
8144,1.9544,-1.68270495770864
8145,1.95464,-2.56225595748981
8146,1.95488,-1.86619992235256
8147,1.95512,-2.14297346468751
8148,1.95536,-2.06261259442575
8149,1.9556,-1.97049395997699
8150,1.95584,-2.25148828904482
8151,1.95608,-2.04355267069355
8152,1.95632,-2.31225190373896
8153,1.95656,-2.11261200750237
8154,1.9568,-2.26546046975489
8155,1.95704,-1.93670713215664
8156,1.95728,-2.21444697464108
8157,1.95752,-2.12191238314132
8158,1.95776,-1.67741372590898
8159,1.958,-2.3176993266704
8160,1.95824,-2.10611610583378
8161,1.95848,-2.14125141344868
8162,1.95872,-1.93605804856169
8163,1.95896,-2.44401755815794
8164,1.9592,-1.88011940467852
8165,1.95944,-2.39138137058296
8166,1.95968,-2.06467849976964
8167,1.95992,-1.86246190471923
8168,1.96016,-2.4921916423541
8169,1.9604,-1.68790958643447
8170,1.96064,-2.56275446292947
8171,1.96088,-1.86787299666257
8172,1.96112,-2.14703336281936
8173,1.96136,-2.17790752859225
8174,1.9616,-2.21268404933284
8175,1.96184,-2.005858912611
8176,1.96208,-2.15272219770271
8177,1.96232,-2.19258610487159
8178,1.96256,-2.22285313343745
8179,1.9628,-2.01477047688657
8180,1.96304,-2.29245273215188
8181,1.96328,-2.19943975416336
8182,1.96352,-1.75184667390392
8183,1.96376,-2.27281150064187
8184,1.964,-2.17587367342403
8185,1.96424,-1.9716468905564
8186,1.96448,-2.36762577812448
8187,1.96472,-2.15245207497712
8188,1.96496,-2.18849751702345
8189,1.9652,-1.98288644145562
8190,1.96544,-2.37017002873328
8191,1.96568,-1.92703992912074
8192,1.96592,-2.3211104544199
8193,1.96616,-2.11240136403461
8194,1.9664,-2.14632319068617
8195,1.96664,-2.29250679807128
8196,1.96688,-1.72642752559908
8197,1.96712,-2.36368838277728
8198,1.96736,-2.14837915999248
8199,1.9676,-2.06620977119746
8200,1.96784,-2.46040795487045
8201,1.96808,-2.00474756118047
8202,1.96832,-2.04474341466345
8203,1.96856,-2.43381062777826
8204,1.9688,-2.10569346315124
8205,1.96904,-2.02106146709587
8206,1.96928,-2.40815526030265
8207,1.96952,-1.96309991397445
8208,1.96976,-2.47691976813052
8209,1.97,-1.90298541976353
8210,1.97024,-2.30311418317165
8211,1.97048,-2.21259501610787
8212,1.97072,-2.24630014027432
8213,1.97096,-1.9216478052894
8214,1.9712,-2.54670602612413
8215,1.97144,-1.8617271553682
8216,1.97168,-2.37656714467757
8217,1.97192,-2.16091990853911
8218,1.97216,-1.8352476513354
8219,1.9724,-2.70988014040293
8220,1.97264,-1.77513860521184
8221,1.97288,-2.29553028542148
8222,1.97312,-2.44119334916233
8223,1.97336,-2.11296868882141
8224,1.9736,-1.91146799157356
8225,1.97384,-2.5397078752633
8226,1.97408,-1.73010312389507
8227,1.97432,-2.37148019861733
8228,1.97456,-2.27557350635107
8229,1.9748,-1.82520940565048
8230,1.97504,-2.58405788220566
8231,1.97528,-2.00569830562823
8232,1.97552,-2.40335187409334
8233,1.97576,-2.07429218706748
8234,1.976,-2.3421859924538
8235,1.97624,-1.90075428399518
8236,1.97648,-2.64900712018709
8237,1.97672,-1.9568134436371
8238,1.97696,-2.11346637796571
8239,1.9772,-2.50081590244243
8240,1.97744,-1.81244190111231
8241,1.97768,-2.68789529576273
8242,1.97792,-1.86983120733179
8243,1.97816,-2.38944125689722
8244,1.9784,-2.17831573673548
8245,1.97864,-2.20169399561488
8246,1.97888,-2.24149114400518
8247,1.97912,-2.38631184483347
8248,1.97936,-2.05642715451687
8249,1.9796,-2.33002895321383
8250,1.97984,-2.23353109329708
8251,1.98008,-1.78523853217914
8252,1.98032,-2.42319501799322
8253,1.98056,-1.84729369054955
8254,1.9808,-2.48565293496562
8255,1.98104,-2.15063333929932
8256,1.98128,-2.30082232886005
8257,1.98152,-2.09979827416209
8258,1.98176,-2.36375151560434
8259,1.982,-2.27419414998522
8260,1.98224,-1.95105202590517
8261,1.98248,-2.3365665102572
8262,1.98272,-2.01034147427096
8263,1.98296,-2.16497742927988
8264,1.9832,-2.54820177343987
8265,1.98344,-1.74172300665688
8266,1.98368,-2.49459468033959
8267,1.98392,-2.27744834693689
8268,1.98416,-1.83226053560743
8269,1.9844,-2.82306525177377
8270,1.98464,-2.00641573250789
8271,1.98488,-2.40357873242811
8272,1.98512,-2.18605665989663
8273,1.98536,-2.21770901733758
8274,1.9856,-2.01177566796636
8275,1.98584,-2.51769780879146
8276,1.98608,-1.8333693972057
8277,1.98632,-2.58236647712034
8278,1.98656,-2.24778283189859
8279,1.9868,-2.04410209326057
8280,1.98704,-2.79050952268307
8281,1.98728,-1.73834794817234
8282,1.98752,-2.61617985736571
8283,1.98776,-2.03919026944656
8284,1.988,-2.31788715122284
8285,1.98824,-2.10774657345589
8286,1.98848,-2.49024268547823
8287,1.98872,-1.92578696074411
8288,1.98896,-2.31837426396552
8289,1.9892,-2.34183801831964
8290,1.98944,-1.77470855299006
8291,1.98968,-2.64540694524907
8292,1.98992,-1.82846027327385
8293,1.99016,-2.58572582733477
8294,1.9904,-2.24852433523215
8295,1.99064,-2.27771499642697
8296,1.99088,-1.9548335541847
8297,1.99112,-2.57851303401019
8298,1.99136,-2.12842834854445
8299,1.9916,-2.28223835437955
8300,1.99184,-2.42460169186201
8301,1.99208,-1.9751257594655
8302,1.99232,-2.72827679070244
8303,1.99256,-1.90697653896683
8304,1.9928,-2.30495459024794
8305,1.99304,-2.21409888625415
8306,1.99328,-2.47673557087414
8307,1.99352,-1.91262823894595
8308,1.99376,-2.65853810430679
8309,1.994,-1.96498718442344
8310,1.99424,-2.35959554676237
8311,1.99448,-2.38147007468719
8312,1.99472,-2.05122515950795
8313,1.99496,-2.44824659585102
8314,1.9952,-2.10681357838601
8315,1.99544,-2.26223779317589
8316,1.99568,-2.17467225465486
8317,1.99592,-2.55808142577275
8318,1.99616,-1.86900139742478
8319,1.9964,-2.73982569993057
8320,1.99664,-2.03894081281548
8321,1.99688,-2.19604419709723
8322,1.99712,-2.46438916283685
8323,1.99736,-2.24614698289484
8324,1.9976,-2.16287899955383
8325,1.99784,-2.42572764579826
8326,1.99808,-2.09459287251741
8327,1.99832,-2.24670823155947
8328,1.99856,-2.50856058590327
8329,1.9988,-1.81826909626843
8330,1.99904,-2.69448323456417
8331,1.99928,-1.99436525258477
8332,1.99952,-2.39235707231808
8333,1.99976,-2.18038015400599
8334,2,-2.44479668020681
8335,2.00024,-2.12119585870292
8336,2.00048,-2.50494734049419
8337,2.00072,-2.17224963974502
8338,2.00096,-2.08624938965261
8339,2.0012,-2.59097686574989
8340,2.00144,-1.9028995533511
8341,2.00168,-2.77249674518868
8342,2.00192,-2.19376973117517
8343,2.00216,-2.22892408504558
8344,2.0024,-2.73446604146536
8345,2.00264,-1.79877354133742
8346,2.00288,-2.55747764870512
8347,2.00312,-2.21820839775439
8348,2.00336,-2.37044391644663
8349,2.0036,-2.15873873511917
8350,2.00384,-2.65956666018004
8351,2.00408,-2.09412084808622
8352,2.00432,-2.60256540325974
8353,2.00456,-2.14508605993451
8354,2.0048,-2.17940668399104
8355,2.00504,-2.56519823426806
8356,2.00528,-1.87622860957673
8357,2.00552,-2.74716011703362
8358,2.00576,-2.04638248933586
8359,2.006,-2.44325309759508
8360,2.00624,-2.34657550561792
8361,2.00648,-2.25152804465442
8362,2.00672,-2.16933107180591
8363,2.00696,-2.67112269589239
8364,2.0072,-2.09571788694882
8365,2.00744,-2.24819755831881
8366,2.00768,-2.62894513189823
8367,2.00792,-1.70027200234934
8368,2.00816,-2.69490051105666
8369,2.0084,-2.23401095410672
8370,2.00864,-2.14832896652629
8371,2.00888,-2.41930612519392
8372,2.00912,-2.32034955636569
8373,2.00936,-2.23440314246999
8374,2.0096,-2.73698459606122
8375,2.00984,-2.04075873452454
8376,2.01008,-2.19531718589125
8377,2.01032,-2.57890875317951
8378,2.01056,-1.88610473258832
8379,2.0108,-2.75991264764009
8380,2.01104,-1.94159998967851
8381,2.01128,-2.45830740271061
8382,2.01152,-2.47975957608367
8383,2.01176,-2.14603778448457
8384,2.012,-2.30004958273662
8385,2.01224,-2.55804156942331
8386,2.01248,-1.86929984318937
8387,2.01272,-2.50381931588869
8388,2.01296,-2.40309794287563
8389,2.0132,-2.19261523703527
8390,2.01344,-2.58347467189371
8391,2.01368,-2.24139070186898
8392,2.01392,-2.51773672939357
8393,2.01416,-2.30271555467304
8394,2.0144,-2.56423391696791
8395,2.01464,-2.12064007659583
8396,2.01488,-2.62492600607775
8397,2.01512,-2.05191773433214
8398,2.01536,-2.44723513489185
8399,2.0156,-2.46805362592624
8400,2.01584,-2.13764550744121
8401,2.01608,-2.64779875772247
8402,2.01632,-2.18366309486648
8403,2.01656,-2.45960205280027
8404,2.0168,-2.36444135402201
8405,2.01704,-2.50530258099446
8406,2.01728,-2.06006329582391
8407,2.01752,-2.56711354910074
8408,2.01776,-2.2307629450173
8409,2.018,-2.14476802618476
8410,2.01824,-2.76843510721943
8411,2.01848,-1.71436908237305
8412,2.01872,-2.70801001180252
8413,2.01896,-2.36512631085953
8414,2.0192,-2.15658525094075
8415,2.01944,-2.42770830239731
8416,2.01968,-2.44609324825426
8417,2.01992,-2.36044505009459
8418,2.02016,-2.38350911613149
8419,2.0204,-2.52585714119395
8420,2.02064,-2.19969639925956
8421,2.02088,-2.82065377162594
8422,2.02112,-2.36186977959474
8423,2.02136,-2.15486562259585
8424,2.0216,-2.78042569857946
8425,2.02184,-1.84017504730796
8426,2.02208,-2.59844464175826
8427,2.02232,-2.25872823940024
8428,2.02256,-2.4044498428796
8429,2.0228,-2.31677485844769
8430,2.02304,-2.45603519538917
8431,2.02328,-2.2463623278983
8432,2.02352,-2.27454478289412
8433,2.02376,-2.65230556574586
8434,2.024,-1.84322126119065
8435,2.02424,-2.83239320021277
8436,2.02448,-2.24863980268204
8437,2.02472,-2.28203034467993
8438,2.02496,-2.66953915306932
8439,2.0252,-2.08939328800742
8440,2.02544,-2.72495753323601
8441,2.02568,-2.26222523451716
8442,2.02592,-2.29159325347351
8443,2.02616,-2.44124737464647
8444,2.0264,-2.45760717598325
8445,2.02664,-2.13034126874737
8446,2.02688,-2.6347625634393
8447,2.02712,-2.17735184961233
8448,2.02736,-2.32721218826015
8449,2.0276,-2.58737958949548
8450,2.02784,-1.89895207256415
8451,2.02808,-2.88586149642265
8452,2.02832,-2.06376436655802
8453,2.02856,-2.57945033792005
8454,2.0288,-2.35980913638178
8455,2.02904,-2.26740722876783
8456,2.02928,-2.65574312100758
8457,2.02952,-2.1918613473238
8458,2.02976,-2.58441301887132
8459,2.03,-2.36895504312357
8460,2.03024,-2.50848672244012
8461,2.03048,-1.94213127909407
8462,2.03072,-2.93032604068232
8463,2.03096,-2.10727404544216
8464,2.0312,-2.38325499624955
8465,2.03144,-2.6468168548138
8466,2.03168,-1.95030786701426
8467,2.03192,-2.70637985791972
8468,2.03216,-2.36108908075978
8469,2.0324,-2.15158399019161
8470,2.03264,-2.66190400846463
8471,2.03288,-2.31512425184999
8472,2.03312,-2.46978660799977
8473,2.03336,-2.37495000540158
8474,2.0336,-2.63288880793796
8475,2.03384,-1.94579650415094
8476,2.03408,-2.69038678924622
8477,2.03432,-2.23353142402256
8478,2.03456,-2.02790792693721
8479,2.0348,-2.88968374073473
8480,2.03504,-1.83328721934409
8481,2.03528,-2.70746672692996
8482,2.03552,-2.36185076149116
8483,2.03576,-2.38908572659706
8484,2.036,-2.18110699301294
8485,2.03624,-2.91731481370523
8486,2.03648,-1.86152068691345
8487,2.03672,-2.61558660124001
8488,2.03696,-2.39260180215416
8489,2.0372,-2.18326255144068
8490,2.03744,-2.92946224843634
8491,2.03768,-1.98736699091701
8492,2.03792,-2.38391335215965
8493,2.03816,-2.64599370508478
8494,2.0384,-2.06704283446928
8495,2.03864,-2.46496692286381
8496,2.03888,-2.72224776618295
8497,2.03912,-2.382305757454
8498,2.03936,-2.17433409378918
8499,2.0396,-2.91446860981858
8500,2.03984,-1.86070299940668
8501,2.04008,-2.61145863092008
8502,2.04032,-2.50908837087569
8503,2.04056,-2.1784841603639
8504,2.0408,-3.04139515993819
8505,2.04104,-1.97866695307998
8506,2.04128,-2.61632090893151
8507,2.04152,-2.51547761891433
8508,2.04176,-2.53586777936569
8509,2.042,-2.08994968146477
8510,2.04224,-2.70880044519916
8511,2.04248,-2.36915833382813
8512,2.04272,-2.15929738197324
8513,2.04296,-2.65620560348611
8514,2.0432,-2.20603737480822
8515,2.04344,-2.35276838819872
8516,2.04368,-2.72933109051743
8517,2.04392,-1.92216094042399
8518,2.04416,-2.9092248902255
8519,2.0444,-2.20318599375538
8520,2.04464,-2.35797119691724
8521,2.04488,-2.62148376682974
8522,2.04512,-2.2748363586866
8523,2.04536,-2.66838580320582
8524,2.0456,-2.32576741435808
8525,2.04584,-2.35242015582826
8526,2.04608,-2.62451710860998
8527,2.04632,-2.3980500509059
8528,2.04656,-2.18847449629293
8529,2.0468,-2.33613673976276
8530,2.04704,-2.71228712432373
8531,2.04728,-1.90166267274009
8532,2.04752,-2.89240135067674
8533,2.04776,-2.18417571310398
8534,2.048,-2.4567649379599
8535,2.04824,-2.36317461772618
8536,2.04848,-2.73996089876804
8537,2.04872,-2.04847268113094
8538,2.04896,-2.79103252966229
8539,2.0492,-2.33048080740298
8540,2.04944,-2.12306690035903
8541,2.04968,-2.98138387278825
8542,2.04992,-2.04415235405761
8543,2.05016,-2.55731914130541
8544,2.0504,-2.57319545458759
8545,2.05064,-2.23721293168229
8546,2.05088,-2.39036430809385
8547,2.05112,-2.64491708710683
8548,2.05136,-2.30847714598229
8549,2.0516,-2.33786398323304
8550,2.05184,-2.83398539328353
8551,2.05208,-2.02003090653476
8552,2.05232,-2.88687496009402
8553,2.05256,-2.30159084946331
8554,2.0528,-2.21368877565031
8555,2.05304,-3.0756278438699
8556,2.05328,-2.01198792744806
8557,2.05352,-2.64785947383864
8558,2.05376,-2.54490480331077
8559,2.054,-2.32534650862781
8560,2.05424,-2.35890777962537
8561,2.05448,-2.73481544163277
8562,2.05472,-2.39460979900984
8563,2.05496,-2.3040383873848
8564,2.0552,-2.80047477006927
8565,2.05544,-2.11102188534016
8566,2.05568,-2.85202395741089
8567,2.05592,-2.26839867326455
8568,2.05616,-2.29972976451488
8569,2.0564,-2.92057735592574
8570,2.05664,-1.97669155896255
8571,2.05688,-2.73191404605445
8572,2.05712,-2.50691812873715
8573,2.05736,-2.52796615125084
8574,2.0576,-2.19944322430929
8575,2.05784,-2.57500915794243
8576,2.05808,-2.24191033055391
8577,2.05832,-2.26969598910365
8578,2.05856,-2.76429209355491
8579,2.0588,-2.07656505100245
8580,2.05904,-2.81921765687593
8581,2.05928,-2.35789534873843
8582,2.05952,-2.14974084855073
8583,2.05976,-3.13022594742661
8584,2.06,-2.06450822075841
8585,2.06024,-2.6983905623413
8586,2.06048,-2.59353156242421
8587,2.06072,-2.37215075278259
8588,2.06096,-2.40396778210176
8589,2.0612,-2.41825287976286
8590,2.06144,-2.44333199973173
8591,2.06168,-2.47120833405458
8592,2.06192,-2.72668271747306
8593,2.06216,-2.15969466907069
8594,2.0624,-2.66181615739432
8595,2.06264,-2.55957166635632
8596,2.06288,-2.1109847448342
8597,2.06312,-3.09069393233898
8598,2.06336,-2.14930797349709
8599,2.0636,-2.54258951899119
8600,2.06384,-2.6790971752499
8601,2.06408,-2.09943976999584
8602,2.06432,-2.61345053583894
8603,2.06456,-2.74559193558963
8604,2.0648,-2.40536211435679
8605,2.06504,-2.3147679268659
8606,2.06528,-2.92925631721467
8607,2.06552,-1.99541464723712
8608,2.06576,-2.74189405581508
8609,2.066,-2.51647542632404
8610,2.06624,-2.06688183738727
8611,2.06648,-2.92575814623756
8612,2.06672,-2.34465291140175
8613,2.06696,-2.37618715151288
8614,2.0672,-2.87435077518214
8615,2.06744,-1.93252317157041
8616,2.06768,-2.80648076451025
8617,2.06792,-2.57871451769999
8618,2.06816,-2.59711314494136
8619,2.0684,-2.50703999885132
8620,2.06864,-2.39821917616268
8621,2.06888,-2.5443393840337
8622,2.06912,-2.44785811182251
8623,2.06936,-2.70207449872641
8624,2.0696,-2.25456660137153
8625,2.06984,-2.75289180113101
8626,2.07008,-2.53154232298002
8627,2.07032,-2.2030143461641
8628,2.07056,-3.06183632732647
8629,2.0708,-1.99915641761519
8630,2.07104,-2.75271403186235
8631,2.07128,-2.52614866369167
8632,2.07152,-2.30819760610218
8633,2.07176,-2.45920208808232
8634,2.072,-2.95135840023861
8635,2.07224,-2.25000439461009
8636,2.07248,-2.39876917591033
8637,2.07272,-3.01036524401474
8638,2.07296,-1.95350836094913
8639,2.0732,-2.69996850584456
8640,2.07344,-2.59348252939097
8641,2.07368,-2.02280658990419
8642,2.07392,-2.88394610150429
8643,2.07416,-2.42048542084971
8644,2.0744,-2.21028541298324
8645,2.07464,-3.06720827382921
8646,2.07488,-2.12736883198948
8647,2.07512,-2.63803785260265
8648,2.07536,-2.65152322368745
8649,2.0756,-2.07359572183615
8650,2.07584,-2.70473682154398
8651,2.07608,-2.59464332456445
8652,2.07632,-2.26151735112494
8653,2.07656,-2.40910506770694
8654,2.0768,-3.01827833092188
8655,2.07704,-1.96126265208576
8656,2.07728,-2.70757147444804
8657,2.07752,-2.83842491921672
8658,2.07776,-2.1461693425748
8659,2.078,-3.12630878423643
8660,2.07824,-2.1836206524599
8661,2.07848,-2.45361827535672
8662,2.07872,-2.94631899055234
8663,2.07896,-2.13175537562059
8664,2.0792,-2.75832332961551
8665,2.07944,-2.64911438692835
8666,2.07968,-2.19436249517866
8667,2.07992,-2.82085105384599
8668,2.08016,-2.46929137968677
8669,2.0804,-2.61937988566484
8670,2.08064,-2.76070498496245
8671,2.08088,-2.53165723454565
8672,2.08112,-2.56313096612931
8673,2.08136,-2.69821591690928
8674,2.0816,-2.3559967529301
8675,2.08184,-2.75026523360396
8676,2.08208,-2.40052056303514
8677,2.08232,-2.42819685437904
8678,2.08256,-2.57530154519845
8679,2.0828,-2.46677308790488
8680,2.08304,-2.37873078442228
8681,2.08328,-2.64175461977079
8682,2.08352,-2.65589291345483
8683,2.08376,-2.08553458141714
8684,2.084,-3.06989538475694
8685,2.08424,-2.23793902863442
8686,2.08448,-2.62834687763731
8687,2.08472,-2.52762181849705
8688,2.08496,-2.77907367600948
8689,2.0852,-2.32892183034742
8690,2.08544,-2.82601479695364
8691,2.08568,-2.59912996669428
8692,2.08592,-2.2696676643997
8693,2.08616,-2.76283818791554
8694,2.0864,-2.42282557078362
8695,2.08664,-2.33154141288397
8696,2.08688,-2.70225105953972
8697,2.08712,-2.37145548298814
8698,2.08736,-2.5129660982367
8699,2.0876,-2.52550136847296
8700,2.08784,-2.31787364255978
8701,2.08808,-2.93671942655956
8702,2.08832,-2.4715791213761
8703,2.08856,-2.26193196848978
8704,2.0888,-3.11899434907121
8705,2.08904,-2.05462937364466
8706,2.08928,-2.68540628919802
8707,2.08952,-2.69744431525288
8708,2.08976,-2.11813014211276
8709,2.09,-2.98803652616543
8710,2.09024,-2.39649060111171
8711,2.09048,-2.42468441653498
8712,2.09072,-2.80716893134596
8713,2.09096,-2.33816466234009
8714,2.0912,-2.61337511300787
8715,2.09144,-2.51051602056829
8716,2.09168,-2.53119658856183
8717,2.09192,-2.68166907692162
8718,2.09216,-2.45125495557893
8719,2.0924,-2.47891557267668
8720,2.09264,-2.62470492238578
8721,2.09288,-2.51447788129451
8722,2.09312,-2.66577767654326
8723,2.09336,-2.56510052918893
8724,2.0936,-2.81789571731279
8725,2.09384,-2.36817158269908
8726,2.09408,-2.9850902230668
8727,2.09432,-2.51504623046608
8728,2.09456,-2.30293285522219
8729,2.0948,-3.27784958746939
8730,2.09504,-2.21031810243301
8731,2.09528,-2.84026712481606
8732,2.09552,-2.84890754846591
8733,2.09576,-2.0305955204326
8734,2.096,-3.01743416705918
8735,2.09624,-2.30422871732626
8736,2.09648,-2.45390196840914
8737,2.09672,-3.19271465830356
8738,2.09696,-2.12419175927458
8739,2.0972,-2.75711888476178
8740,2.09744,-2.88970954578373
8741,2.09768,-1.94682056795106
8742,2.09792,-2.93740085103309
8743,2.09816,-2.4660475788031
8744,2.0984,-2.36912687505776
8745,2.09864,-2.63456457977395
8746,2.09888,-2.76340916043884
8747,2.09912,-2.4300533129414
8748,2.09936,-2.57084403750549
8749,2.0996,-2.82148440354693
8750,2.09984,-2.12873308979589
8751,2.10008,-2.98814659202223
8752,2.10032,-2.5182383078559
8753,2.10056,-2.30799030103265
8754,2.1008,-3.28295628805819
8755,2.10104,-2.21546746542578
8756,2.10128,-2.60707889515683
8757,2.10152,-2.85878379061771
8758,2.10176,-2.04030427835699
8759,2.102,-3.14942265558414
8760,2.10224,-2.31828850967168
8761,2.10248,-2.59008539432596
8762,2.10272,-2.96984436744142
8763,2.10296,-2.26250506105282
8764,2.1032,-2.65480440082539
8765,2.10344,-2.78687034355491
8766,2.10368,-2.56509702055738
8767,2.10392,-2.35291346848343
8768,2.10416,-3.08467754620306
8769,2.1044,-2.14537179204866
8770,2.10464,-2.65086370188481
8771,2.10488,-2.90082421774153
8772,2.10512,-2.08589174072404
8773,2.10536,-2.94739607192779
8774,2.1056,-2.5962548261877
8775,2.10584,-2.2647639559149
8776,2.10608,-3.24183758464311
8777,2.10632,-2.29184272516521
8778,2.10656,-2.56315578688726
8779,2.1068,-2.93551298263742
8780,2.10704,-2.11392257051967
8781,2.10728,-3.10459030444737
8782,2.10752,-2.3928369966671
8783,2.10776,-2.54266730675986
8784,2.108,-2.92472046545087
8785,2.10824,-2.21258345829626
8786,2.10848,-2.72540838956605
8787,2.10872,-2.86072837086895
8788,2.10896,-2.27383461714046
8789,2.1092,-2.6658968244709
8790,2.10944,-2.55588425025082
8791,2.10968,-2.33570294016179
8792,2.10992,-2.60264733275508
8793,2.11016,-2.6104551085093
8794,2.1104,-2.6363114639656
8795,2.11064,-2.53722015486353
8796,2.11088,-2.66559781773317
8797,2.11112,-2.45509130251347
8798,2.11136,-2.94781926476405
8799,2.1116,-2.60128430420305
8800,2.11184,-2.3900548477162
8801,2.11208,-2.99937553637155
8802,2.11232,-2.29768072387427
8803,2.11256,-2.56548619491549
8804,2.1128,-3.05350043845091
8805,2.11304,-2.11634663461202
8806,2.11328,-2.86137025044617
8807,2.11352,-2.74787650503335
8808,2.11376,-2.17440963402395
8809,2.114,-3.27863739536052
8810,2.11424,-2.32431408190211
8811,2.11448,-2.59636093123612
8812,2.11472,-2.97635984538482
8813,2.11496,-2.38513167191064
8814,2.1152,-2.53863464505503
8815,2.11544,-2.7921497524799
8816,2.11568,-2.68613793613262
8817,2.11592,-2.236527642009
8818,2.11616,-3.09061093893474
8819,2.1164,-2.38775662580006
8820,2.11664,-2.53592740586104
8821,2.11688,-3.14825408288494
8822,2.11712,-2.08210030562518
8823,2.11736,-2.71289547201659
8824,2.1176,-3.08227106991336
8825,2.11784,-2.01902172069378
8826,2.11808,-3.00514120599237
8827,2.11832,-2.41190953726892
8828,2.11856,-2.44105661682418
8829,2.1188,-3.05848692178511
8830,2.11904,-2.10787105581236
8831,2.11928,-2.73853280678046
8832,2.11952,-2.98878575354171
8833,2.11976,-2.27914046223846
8834,2.12,-2.91065530031581
8835,2.12024,-2.80003883737169
8836,2.12048,-2.4524795867574
8837,2.12072,-2.8407376353803
8838,2.12096,-2.84562875933513
8839,2.1212,-2.50397454268177
8840,2.12144,-2.76929056663997
8841,2.12168,-2.89325720015701
8842,2.12192,-2.55699173748703
8843,2.12216,-2.69757993454809
8844,2.1224,-2.9432679546782
8845,2.12264,-2.49068240329632
8846,2.12288,-2.86644875203566
8847,2.12312,-2.75623732368115
8848,2.12336,-2.42421482882792
8849,2.1236,-3.15280726720941
8850,2.12384,-2.32511315460492
8851,2.12408,-2.59663086882904
8852,2.12432,-3.08725000359462
8853,2.12456,-2.25981836460978
8854,2.1248,-2.89194786646133
8855,2.12504,-2.65644674869081
8856,2.12528,-2.55632636580165
8857,2.12552,-2.58469037810475
8858,2.12576,-2.94952444863339
8859,2.126,-2.13076532594471
8860,2.12624,-2.63651393383295
8861,2.12648,-3.00437889168246
8862,2.12672,-2.06734521331844
8863,2.12696,-3.29225450790897
8864,2.1272,-2.57670476383666
8865,2.12744,-2.48405336364112
8866,2.12768,-2.98538820400416
8867,2.12792,-2.27144941732562
8868,2.12816,-2.78255048945363
8869,2.1284,-2.91621987092946
8870,2.12864,-2.3277503061785
8871,2.12888,-2.95839862215548
8872,2.12912,-2.48395598231074
8873,2.12936,-2.50741856626429
8874,2.1296,-2.76816175714216
8875,2.12984,-2.65328061295213
8876,2.13008,-2.56350286156779
8877,2.13032,-2.69980633253351
8878,2.13056,-2.82853817604445
8879,2.1308,-2.49404871656934
8880,2.13104,-3.22081470487764
8881,2.13128,-2.27849249512516
8882,2.13152,-2.66342256086299
8883,2.13176,-2.91053041410653
8884,2.132,-2.45976540879606
8885,2.13224,-2.95318964503772
8886,2.13248,-2.83912788052413
8887,2.13272,-2.26817462696443
8888,2.13296,-3.12378254458124
8889,2.1332,-2.64938101769791
8890,2.13344,-2.19693946458524
8891,2.13368,-3.28925353765962
8892,2.13392,-2.1030793105964
8893,2.13416,-2.85570923520562
8894,2.1344,-2.98167760301831
8895,2.13464,-2.51353512906281
8896,2.13488,-2.90325505707582
8897,2.13512,-2.66592386010769
8898,2.13536,-2.56363939307902
8899,2.1356,-2.83048836499607
8900,2.13584,-2.71272717339407
8901,2.13608,-2.377505738014
8902,2.13632,-2.75877529152327
8903,2.13656,-3.00283343834531
8904,2.1368,-2.06630993998514
8905,2.13704,-3.16796182490936
8906,2.13728,-2.5720060959166
8907,2.13752,-2.48001073427751
8908,2.13776,-3.2159538903564
8909,2.138,-2.49940778113274
8910,2.13824,-2.53086464621469
8911,2.13848,-2.90555451557286
8912,2.13872,-2.79431330411958
8913,2.13896,-2.22294637789181
8914,2.1392,-3.43421556127156
8915,2.13944,-2.24197929971417
8916,2.13968,-2.75441822510705
8917,2.13992,-3.0052808271739
8918,2.14016,-2.53636140173797
8919,2.1404,-2.68741006407917
8920,2.14064,-2.93162870240197
8921,2.14088,-2.46725571426337
8922,2.14112,-2.49670192042755
8923,2.14136,-3.10483097497936
8924,2.1416,-2.27737024750799
8925,2.14184,-2.90947199488594
8926,2.14208,-2.67217801210644
8927,2.14232,-2.57081520994406
8928,2.14256,-2.59799047356533
8929,2.1428,-3.20266212195555
8930,2.14304,-2.02065826271622
8931,2.14328,-3.00951737494449
8932,2.14352,-2.7723327143512
8933,2.14376,-2.31370348345183
8934,2.144,-3.06023570815546
8935,2.14424,-2.70104386773472
8936,2.14448,-2.60591435297333
8937,2.14472,-2.74534633923549
8938,2.14496,-2.98992634541409
8939,2.1452,-2.29616327367065
8940,2.14544,-3.15457492905653
8941,2.14568,-2.55955735806465
8942,2.14592,-2.34643728307185
8943,2.14616,-3.44106900631603
8944,2.1464,-2.24664551965771
8945,2.14664,-2.75786762607689
8946,2.14688,-2.88772143672365
8947,2.14712,-2.53749500457346
8948,2.14736,-2.68878413653172
8949,2.1476,-2.93323357514927
8950,2.14784,-2.4690838721467
8951,2.14808,-2.37672880249131
8952,2.14832,-3.22308049513407
8953,2.14856,-2.03825887386279
8954,2.1488,-3.02658085486621
8955,2.14904,-2.90870647978102
8956,2.14928,-2.209933577162
8957,2.14952,-3.07752934181115
8958,2.14976,-2.71781510668481
8959,2.15,-2.62351993329931
8960,2.15024,-2.76241639499214
8961,2.15048,-2.76550109799334
8962,2.15072,-2.55365458501336
8963,2.15096,-3.04726008352177
8964,2.1512,-2.81357818361954
8965,2.15144,-2.24189663989356
8966,2.15168,-3.45286544023328
8967,2.15192,-2.38151274531629
8968,2.15216,-2.52930966036644
8969,2.1524,-3.13647981079942
8970,2.15264,-2.06801101022848
8971,2.15288,-3.17767012036831
8972,2.15312,-2.81848900791531
8973,2.15336,-2.35824588234494
8974,2.1536,-2.98512730525853
8975,2.15384,-2.86618728567104
8976,2.15408,-2.52504385828956
8977,2.15432,-2.91374954327775
8978,2.15456,-2.91689434482261
8979,2.1548,-2.573571122921
8980,2.15504,-2.83728759372699
8981,2.15528,-2.71874234308171
8982,2.15552,-2.62330349876472
8983,2.15576,-3.00036120587882
8984,2.156,-2.4072380425309
8985,2.15624,-2.80031167621818
8986,2.15648,-2.92742692604907
8987,2.15672,-2.57543775507798
8988,2.15696,-2.8466238879563
8989,2.1572,-2.73207896183239
8990,2.15744,-2.38818634311202
8991,2.15768,-2.7790616080632
8992,2.15792,-3.0226530532944
8993,2.15816,-2.56245372848819
8994,2.1584,-2.70433333844101
8995,2.15864,-2.82747549002108
8996,2.15888,-2.49520339327572
8997,2.15912,-2.99168124881001
8998,2.15936,-2.87708267127035
8999,2.1596,-2.42368970380965
9000,2.15984,-3.15383002264096
9001,2.16008,-2.44878374856051
9002,2.16032,-2.47982367778033
9003,2.16056,-3.32825232678895
9004,2.1608,-2.25917991001281
9005,2.16104,-2.88410829009009
9006,2.16128,-3.00823829858892
9007,2.16152,-2.07250663852976
9008,2.16176,-3.17750210776796
9009,2.162,-2.45876167577437
9010,2.16224,-2.72612649006783
9011,2.16248,-2.85799316789705
9012,2.16272,-2.62516853018345
9013,2.16296,-2.65607345394489
9014,2.1632,-3.02241642050566
9015,2.16344,-2.67484708052002
9016,2.16368,-2.58374661326968
9017,2.16392,-3.30885227795056
9018,2.16416,-2.36408348072367
9019,2.1644,-2.74666757761353
9020,2.16464,-2.99152709338229
9021,2.16488,-2.05883254513659
9022,2.16512,-3.28222076411912
9023,2.16536,-2.5617189001794
9024,2.1656,-2.58983323278344
9025,2.16584,-3.08116875728972
9026,2.16608,-2.60609731646585
9027,2.16632,-2.75516674235597
9028,2.16656,-2.8785411600638
9029,2.1668,-2.5382567882317
9030,2.16704,-2.68110699526158
9031,2.16728,-2.92324247775545
9032,2.16752,-2.46819523462021
9033,2.16776,-2.96619196303562
9034,2.168,-2.72927465192259
9035,2.16824,-2.39637540369777
9036,2.16848,-3.4897310590287
9037,2.16872,-2.41437475138663
9038,2.16896,-2.68387243437056
9039,2.1692,-3.29285998282026
9040,2.16944,-2.33940791294836
9041,2.16968,-2.96993774217495
9042,2.16992,-2.97125292345322
9043,2.17016,-2.62618123487699
9044,2.1704,-2.88822466113825
9045,2.17064,-2.8874597024837
9046,2.17088,-2.43410182214527
9047,2.17112,-2.93371837351314
9048,2.17136,-2.69835265998346
9049,2.1716,-2.48501243511184
9050,2.17184,-3.33366582892912
9051,2.17208,-2.02559198088387
9052,2.17232,-3.25377557310685
9053,2.17256,-2.77221677579735
9054,2.1728,-2.67646519779043
9055,2.17304,-2.81396818478521
9056,2.17328,-2.69938745352845
9057,2.17352,-2.37018663179939
9058,2.17376,-3.22304754383558
9059,2.174,-2.62620263604108
9060,2.17424,-2.41610614982852
9061,2.17448,-3.26875419976955
9062,2.17472,-2.3165650486698
9063,2.17496,-3.06463779585054
9064,2.1752,-2.70298893943886
9065,2.17544,-2.72975145258983
9066,2.17568,-2.86415519701132
9067,2.17592,-2.86776446343936
9068,2.17616,-2.29471251239194
9069,2.1764,-3.50435960347555
9070,2.17664,-2.07748356224996
9071,2.17688,-3.3005253086253
9072,2.17712,-2.70038666366576
9073,2.17736,-2.48547181558119
9074,2.1776,-3.22279911617927
9075,2.17784,-2.38382434784889
9076,2.17808,-2.77315741707376
9077,2.17832,-3.14326986087427
9078,2.17856,-2.55051375658844
9079,2.1788,-2.81926351020748
9080,2.17904,-3.30072144614457
9081,2.17928,-2.23622397023632
9082,2.17952,-2.978362674985
9083,2.17976,-2.74138668221692
9084,2.18,-2.52650373329208
9085,2.18024,-3.25473967535861
9086,2.18048,-2.18223524736971
9087,2.18072,-3.1716958894205
9088,2.18096,-2.81388165603559
9089,2.1812,-2.354946289141
9090,2.18144,-2.86369331119734
9091,2.18168,-2.98251013199677
9092,2.18192,-2.52545308815554
9093,2.18216,-3.02153097243511
9094,2.1824,-2.90308139372785
9095,2.18264,-2.21067221844199
9096,2.18288,-3.42424028007612
9097,2.18312,-2.58719718384646
9098,2.18336,-2.49635559810285
9099,2.1836,-3.344975991346
9100,2.18384,-2.03687482921972
9101,2.18408,-3.26503320132088
9102,2.18432,-2.54293483566528
9103,2.18456,-2.68857496510672
9104,2.1848,-3.06262627953255
9105,2.18504,-2.58911263137729
9106,2.18528,-2.85644023273546
9107,2.18552,-2.97572451907166
9108,2.18576,-2.51911309318161
9109,2.186,-3.01561586258908
9110,2.18624,-2.89757124487898
9111,2.18648,-2.32362279609517
9112,2.18672,-3.53241178121386
9113,2.18696,-2.10471599524035
9114,2.1872,-3.32697331570709
9115,2.18744,-2.48509476454911
9116,2.18768,-2.75275680332074
9117,2.18792,-2.88663521461619
9118,2.18816,-2.88974211359597
9119,2.1884,-2.31620930905864
9120,2.18864,-3.52539551440227
9121,2.18888,-2.09807960375083
9122,2.18912,-3.32070004454881
9123,2.18936,-2.47916878528006
9124,2.1896,-2.74716298881644
9125,2.18984,-2.88135892232756
9126,2.19008,-2.88476969890665
9127,2.19032,-2.31152757382306
9128,2.19056,-3.64082949386422
9129,2.1908,-2.20856865027148
9130,2.19104,-3.0813894055094
9131,2.19128,-3.08609212435215
9132,2.19152,-2.49590468340298
9133,2.19176,-3.00283048632711
9134,2.192,-2.76260380464798
9135,2.19224,-2.78743436165736
9136,2.19248,-2.91999190084892
9137,2.19272,-2.80596336413494
9138,2.19296,-2.59398772677123
9139,2.1932,-3.317163840157
9140,2.19344,-2.25251852430733
9141,2.19368,-3.11433891917774
9142,2.19392,-2.75612166125849
9143,2.19416,-2.54116549307775
9144,2.1944,-3.3882724694006
9145,2.19464,-2.07872285413273
9146,2.19488,-3.30549401332
9147,2.19512,-2.58206779134942
9148,2.19536,-2.72643744508572
9149,2.1956,-3.09927225662948
9150,2.19584,-2.62459548053347
9151,2.19608,-2.77404235788051
9152,2.19632,-3.13480570925405
9153,2.19656,-2.43203001744221
9154,2.1968,-2.81293810907387
9155,2.19704,-2.93637851935902
9156,2.19728,-2.24309917151362
9157,2.19752,-3.69549358938078
9158,2.19776,-2.26156408983669
9159,2.198,-3.13235792902932
9160,2.19824,-3.25494697775111
9161,2.19848,-2.30386333815926
9162,2.19872,-3.05342647987348
9163,2.19896,-3.05005544710371
9164,2.1992,-2.70665931198731
9165,2.19944,-2.84300329131341
9166,2.19968,-2.84584943820541
9167,2.19992,-2.63154813089104
9168,2.20016,-3.23440452766023
9169,2.2004,-2.29346240848937
9170,2.20064,-3.15419901600786
9171,2.20088,-2.91082871846846
9172,2.20112,-2.45195981808119
9173,2.20136,-3.42304823881493
9174,2.2016,-2.11225131600007
9175,2.20184,-3.33783027896332
9176,2.20208,-2.49563083246447
9177,2.20232,-2.76298621673804
9178,2.20256,-3.134502096709
9179,2.2028,-2.89341221663469
9180,2.20304,-2.79877344477846
9181,2.20328,-3.03977994649545
9182,2.20352,-2.58108507633877
9183,2.20376,-3.07559696743095
9184,2.204,-2.8393191152428
9185,2.20424,-2.38625529172136
9186,2.20448,-3.5917214607849
9187,2.20472,-2.15474624770095
9188,2.20496,-3.25920458504603
9189,2.2052,-2.77566737887157
9190,2.20544,-2.79827894825459
9191,2.20568,-3.28954317185857
9192,2.20592,-2.68712601115782
9193,2.20616,-2.9553881155906
9194,2.2064,-3.07507184582937
9195,2.20664,-2.49164229112625
9196,2.20688,-2.99014714067562
9197,2.20712,-2.98990272677318
9198,2.20736,-2.53346639431822
9199,2.2076,-3.62151879421653
9200,2.20784,-2.18334445724854
9201,2.20808,-3.17075155262955
9202,2.20832,-2.80879984173606
9203,2.20856,-2.47013134909892
9204,2.2088,-3.20800617732692
9205,2.20904,-2.48765213545999
9206,2.20928,-2.76167777814781
9207,2.20952,-3.01237459514929
9208,2.20976,-2.89189562164186
9209,2.21,-2.6803724462442
9210,2.21024,-3.28540097258287
9211,2.21048,-2.45896311946328
9212,2.21072,-2.71895700409487
9213,2.21096,-3.19866476844223
9214,2.2112,-2.13809248466161
9215,2.21144,-3.59427538851244
9216,2.21168,-2.3957644445978
9217,2.21192,-3.02597526668367
9218,2.21216,-2.90922951763613
9219,2.2124,-2.80032342173547
9220,2.21264,-2.58580795732115
9221,2.21288,-3.30620091527517
9222,2.21312,-2.24494393237188
9223,2.21336,-3.46296822842171
9224,2.2136,-2.74131390507935
9225,2.21384,-2.52516341279352
9226,2.21408,-3.37806608703605
9227,2.21432,-2.66363561845156
9228,2.21456,-2.92884649953912
9229,2.2148,-3.04740543467323
9230,2.21504,-2.3478016028461
9231,2.21528,-2.96529831023981
9232,2.21552,-2.96603808628093
9233,2.21576,-2.3911258394318
9234,2.216,-3.59853375943164
9235,2.21624,-2.16909272695348
9236,2.21648,-3.38967814047164
9237,2.21672,-2.5466680248935
9238,2.21696,-2.81319488949194
9239,2.2172,-3.18306030047348
9240,2.21744,-2.7055461939741
9241,2.21768,-2.73639876255089
9242,2.21792,-3.22031248807812
9243,2.21816,-2.51116348454141
9244,2.2184,-2.54174362523062
9245,2.21864,-3.38973215764161
9246,2.21888,-2.31414100236594
9247,2.21912,-3.0640182495411
9248,2.21936,-3.06095073196116
9249,2.2196,-2.71785066476755
9250,2.21984,-2.85447868973519
9251,2.22008,-3.09552823769768
9252,2.22032,-2.75871728922381
9253,2.22056,-3.36072710169193
9254,2.2208,-2.4115721898346
9255,2.22104,-2.91367735057984
9256,2.22128,-3.0340768213293
9257,2.22152,-2.45644527171789
9258,2.22176,-3.66473649701379
9259,2.222,-2.46574157583652
9260,2.22224,-2.85536956157004
9261,2.22248,-3.34082297112409
9262,2.22272,-2.26751655542922
9263,2.22296,-3.25269679689939
9264,2.2232,-2.88602079717195
9265,2.22344,-2.78903540850423
9266,2.22368,-3.27524959553288
9267,2.22392,-2.9203552723512
9268,2.22416,-2.58472993424577
9269,2.2244,-3.4241297613936
9270,2.22464,-2.23570709100884
9271,2.22488,-3.21972778482002
9272,2.22512,-2.61754536038648
9273,2.22536,-2.88131856450738
9274,2.2256,-3.24854886905206
9275,2.22584,-2.89401989341081
9276,2.22608,-2.9204548644349
9277,2.22632,-3.15702908382032
9278,2.22656,-2.45442257837417
9279,2.2268,-2.7187206276707
9280,2.22704,-3.55760480685171
9281,2.22728,-2.12644932601185
9282,2.22752,-3.34930948176466
9283,2.22776,-2.74549436134421
9284,2.228,-2.53014379384776
9285,2.22824,-3.26615779847415
9286,2.22848,-2.66561126153174
9287,2.22872,-2.81450551117925
9288,2.22896,-3.29545699291597
9289,2.2292,-2.34947015217325
9290,2.22944,-2.96788577559372
9291,2.22968,-3.08624631903563
9292,2.22992,-2.15025196881813
9293,2.23016,-3.60662412823046
9294,2.2304,-2.52465404871496
9295,2.23064,-3.03186247010557
9296,2.23088,-3.15306821426123
9297,2.23112,-2.44162787983956
9298,2.23136,-3.30579630635751
9299,2.2316,-2.69924633780744
9300,2.23184,-2.48039054100795
9301,2.23208,-2.86530713328635
9302,2.23232,-2.98163808349903
9303,2.23256,-2.52743576762934
9304,2.2328,-3.37920927888551
9305,2.23304,-2.89901525309269
9306,2.23328,-2.4444412663129
9307,2.23352,-3.64845818756885
9308,2.23376,-2.21009698793771
9309,2.234,-3.31672027976404
9310,2.23424,-2.83217233825881
9311,2.23448,-2.61243182624462
9312,2.23472,-2.7625214939521
9313,2.23496,-3.36490111444642
9314,2.2352,-2.41610219777488
9315,2.23544,-2.91854758926717
9316,2.23568,-3.03927419006302
9317,2.23592,-2.46195715663123
9318,2.23616,-3.67054954451052
9319,2.2364,-2.59301293708963
9320,2.23664,-2.74100464864696
9321,2.23688,-3.46162345220418
9322,2.23712,-2.15179600534601
9323,2.23736,-3.2601692624692
9324,2.2376,-2.89240310188657
9325,2.23784,-2.67320489117474
9326,2.23808,-3.0434004027356
9327,2.23832,-2.92661193570549
9328,2.23856,-2.7115695413504
9329,2.2388,-3.67100586259072
9330,2.23904,-2.23883881586742
9331,2.23928,-3.10734066007353
9332,2.23952,-2.62556203164299
9333,2.23976,-2.64987534091413
9334,2.24,-3.38110873228614
9335,2.24024,-2.6640352011373
9336,2.24048,-2.93019394522757
9337,2.24072,-3.28802183364637
9338,2.24096,-2.34626012608773
9339,2.2412,-3.20621161538485
9340,2.24144,-2.96209370595261
9341,2.24168,-2.62454023300917
9342,2.24192,-3.35694895879977
9343,2.24216,-2.63748421592908
9344,2.2424,-3.02426185560547
9345,2.24264,-3.26169551362483
9346,2.24288,-2.31767969627607
9347,2.24312,-2.93798277280681
9348,2.24336,-2.81717001472907
9349,2.2436,-2.60451342691545
9350,2.24384,-3.57754141688839
9351,2.24408,-2.61367790873454
9352,2.24432,-2.99988694846639
9353,2.24456,-3.24283301044527
9354,2.2448,-2.64917442064825
9355,2.24504,-2.79499744303122
9356,2.24528,-3.63210395487462
9357,2.24552,-2.20188497791977
9358,2.24576,-3.42214891372275
9359,2.246,-2.57618717324201
9360,2.24624,-2.84168237509742
9361,2.24648,-3.21141521426463
9362,2.24672,-2.96862536297236
9363,2.24696,-2.75690442949361
9364,2.2472,-3.35999471336827
9365,2.24744,-2.29204113619757
9366,2.24768,-3.15417274851834
9367,2.24792,-2.91256945066277
9368,2.24816,-2.69593232154071
9369,2.2484,-3.54621125028205
9370,2.24864,-2.58609399967898
9371,2.24888,-2.97535047231146
9372,2.24912,-2.97464277523878
9373,2.24936,-2.62506203824982
9374,2.2496,-2.88799944913743
9375,2.24984,-3.12514963314099
9376,2.25008,-2.54639918996527
9377,2.25032,-3.39799059671781
9378,2.25056,-2.67663233863393
9379,2.2508,-2.82412957574144
9380,2.25104,-3.42836116027767
9381,2.25128,-2.70922376642042
9382,2.25152,-2.97383749204731
9383,2.25176,-3.33018597808722
9384,2.252,-2.50467369293777
9385,2.25224,-2.65225672084143
9386,2.25248,-3.37251286824635
9387,2.25272,-2.4240337496996
9388,2.25296,-2.8051953273838
9389,2.2532,-3.16596114735338
9390,2.25344,-2.59029481045575
9391,2.25368,-3.43354293589911
9392,2.25392,-2.71992679584109
9393,2.25416,-2.62857349614743
9394,2.2544,-3.7059507336119
9395,2.25464,-2.27281223892063
9396,2.25488,-3.49683433927705
9397,2.25512,-2.64969010915295
9398,2.25536,-2.79380981531368
9399,2.2556,-3.2809908120509
9400,2.25584,-2.9226851943046
9401,2.25608,-2.58770905275773
9402,2.25632,-3.66560827461223
9403,2.25656,-2.23083689858934
9404,2.2568,-3.21271628137115
9405,2.25704,-2.96889083875286
9406,2.25728,-2.75012459322075
9407,2.25752,-3.59702059982675
9408,2.25776,-2.51429040625929
9409,2.258,-2.66782563240661
9410,2.25824,-3.15270903957222
9411,2.25848,-2.68721987409266
9412,2.25872,-3.06496864016014
9413,2.25896,-2.94489570743004
9414,2.2592,-2.97300038776945
9415,2.25944,-3.09389624824886
9416,2.25968,-2.51163283672069
9417,2.25992,-3.01125067655551
9418,2.26016,-3.24824467061547
9419,2.2604,-2.31243324933778
9420,2.26064,-3.40724049585554
9421,2.26088,-2.79866632296635
9422,2.26112,-2.34299616685091
9423,2.26136,-3.44001525742206
9424,2.2616,-3.07143312326297
9425,2.26184,-2.37168464825829
9426,2.26208,-3.35549834601365
9427,2.26232,-2.74915209227124
9428,2.26256,-2.77374203755122
9429,2.2628,-3.02934267330649
9430,2.26304,-3.02512105952798
9431,2.26328,-2.57190588364904
9432,2.26352,-3.30082306210379
9433,2.26376,-2.82166355154391
9434,2.264,-2.85045810169294
9435,2.26424,-3.45401539663316
9436,2.26448,-2.61132605533312
9437,2.26472,-2.76439113754179
9438,2.26496,-3.13292736722385
9439,2.2652,-3.12955313746862
9440,2.26544,-2.43516925611054
9441,2.26568,-3.63725633305378
9442,2.26592,-2.32083255554371
9443,2.26616,-3.19109550646983
9444,2.2664,-3.30748697201166
9445,2.26664,-2.6006883277858
9446,2.26688,-3.328464534833
9447,2.26712,-2.8482130081229
9448,2.26736,-2.7561398958318
9449,2.2676,-3.5966016573776
9450,2.26784,-2.51732711430421
9451,2.26808,-3.02748519279057
9452,2.26832,-3.63046038235971
9453,2.26856,-2.54665284315942
9454,2.2688,-2.93924983094482
9455,2.26904,-2.93991842849673
9456,2.26928,-2.59737788739997
9457,2.26952,-2.9824726175599
9458,2.26976,-2.98269908689845
9459,2.27,-2.77117715804102
9460,2.27024,-3.49428057903171
9461,2.27048,-2.18642769133259
9462,2.27072,-3.16681887331076
9463,2.27096,-2.92243487020806
9464,2.2712,-2.58371434285458
9465,2.27144,-3.79043256725839
9466,2.27168,-2.11632203775123
9467,2.27192,-3.09895658242635
9468,2.27216,-2.85757376227612
9469,2.2724,-2.5217231241716
9470,2.27264,-3.60918382037219
9471,2.27288,-2.53300589046257
9472,2.27312,-3.27880387586084
9473,2.27336,-3.15028939620584
9474,2.2736,-2.56997035531121
9475,2.27384,-3.5411903586176
9476,2.27408,-2.70727178031532
9477,2.27432,-2.73482594817445
9478,2.27456,-3.21740058087497
9479,2.2748,-2.03894121931748
9480,2.27504,-3.50176169248445
9481,2.27528,-2.30264486947087
9482,2.27552,-3.29170057809515
9483,2.27576,-2.92780754088519
9484,2.276,-2.46792454045276
9485,2.27624,-3.56435103083753
9486,2.27648,-2.59915791991289
9487,2.27672,-2.75315161283739
9488,2.27696,-3.23496363858079
9489,2.2772,-2.52732436714782
9490,2.27744,-2.55888888627972
9491,2.27768,-3.40347406552873
9492,2.27792,-2.45321731788937
9493,2.27816,-2.95556532030699
9494,2.2784,-3.31058850478316
9495,2.27864,-2.13040216877894
9496,2.27888,-3.58979445151391
9497,2.27912,-2.50813593556393
9498,2.27936,-3.01779938669107
9499,2.2796,-3.02019067346343
9500,2.27984,-2.31584599060342
9501,2.28008,-3.06260113880729
9502,2.28032,-2.82132898186276
9503,2.28056,-2.85292527379527
9504,2.2808,-3.21156994916519
9505,2.28104,-2.62490442671236
9506,2.28128,-3.12508419950912
9507,2.28152,-3.11949658577528
9508,2.28176,-2.42616579521914
9509,2.282,-3.04310373535498
9510,2.28224,-3.27945124994575
9511,2.28248,-2.2240430285823
9512,2.28272,-3.67948257494909
9513,2.28296,-2.36222228106043
9514,2.2832,-3.2312549463695
9515,2.28344,-3.10728001768589
9516,2.28368,-2.39927227864774
9517,2.28392,-3.1425237973098
9518,2.28416,-3.13627142457153
9519,2.2844,-2.56389266450933
9520,2.28464,-3.17492525390515
9521,2.28488,-3.04964977762958
9522,2.28512,-2.35551056451868
9523,2.28536,-3.6854773649137
9524,2.2856,-2.24866603443028
9525,2.28584,-3.35543018395164
9526,2.28608,-2.8679566238967
9527,2.28632,-2.88817765445124
9528,2.28656,-3.37707745384248
9529,2.2868,-2.89144151551231
9530,2.28704,-2.79813317170325
9531,2.28728,-3.51451023487643
9532,2.28752,-2.32486041438074
9533,2.28776,-3.18516937097884
9534,2.288,-2.940576463242
9535,2.28824,-2.96197381733351
9536,2.28848,-3.07862550537156
9537,2.28872,-2.37337275053644
9538,2.28896,-3.23729745607879
9539,2.2892,-3.1075868495855
9540,2.28944,-2.64597087895244
9541,2.28968,-2.91242267437597
9542,2.28992,-3.2657322323911
9543,2.29016,-2.44256385931245
9544,2.2904,-3.29783622316473
9545,2.29064,-2.93560277484341
9546,2.29088,-2.84050673496024
9547,2.29112,-3.79701612691564
9548,2.29136,-2.35770612897945
9549,2.2916,-3.57927567683393
9550,2.29184,-2.96770528123288
9551,2.29208,-2.38587967465851
9552,2.29232,-3.24980124518274
9553,2.29256,-2.879624155777
9554,2.2928,-2.89955595985494
9555,2.29304,-3.26876729061495
9556,2.29328,-3.14408870616603
9557,2.29352,-2.56983894692983
9558,2.29376,-3.41448035741076
9559,2.294,-2.46427752820968
9560,2.29424,-2.96491676495727
9561,2.29448,-3.07823417473829
9562,2.29472,-2.38234262875305
9563,2.29496,-3.83696046740398
9564,2.2952,-2.63832468268392
9565,2.29544,-3.02956423250187
9566,2.29568,-3.03021152484891
9567,2.29592,-2.56480269327195
9568,2.29616,-2.95263279598243
9569,2.2964,-3.30789308831998
9570,2.29664,-2.60469473208022
9571,2.29688,-3.0997372551195
9572,2.29712,-3.09232333170271
9573,2.29736,-2.634651196706
9574,2.2976,-3.83607472479917
9575,2.29784,-2.15739261427218
9576,2.29808,-3.5029513405454
9577,2.29832,-2.77332315719881
9578,2.29856,-2.79678526620452
9579,2.2988,-3.04952866970306
9580,2.29904,-3.16505483983027
9581,2.29928,-2.3513562915053
9582,2.29952,-3.56604809980455
9583,2.29976,-2.95539321685259
9584,2.3,-2.73866232022714
9585,2.30024,-3.46327225306883
9586,2.30048,-2.86236089213894
9587,2.30072,-2.77078040270504
9588,2.30096,-3.37246139126316
9589,2.3012,-2.89972244300955
9590,2.30144,-2.80692290970498
9591,2.30168,-3.16479528923383
9592,2.30192,-2.22310919127338
9593,2.30216,-3.21033769060729
9594,2.3024,-3.08224645843673
9595,2.30264,-2.74201464025593
9596,2.30288,-2.8818080932657
9597,2.30312,-3.00084157881426
9598,2.30336,-2.66454929234632
9599,2.3036,-3.74547372224053
9600,2.30384,-2.19421572494758
9601,2.30408,-3.53879709730095
9602,2.30432,-3.0470190414925
9603,2.30456,-2.58070104173662
9604,2.3048,-3.08274701325831
9605,2.30504,-2.72203127187518
9606,2.30528,-2.87162630651726
9607,2.30552,-3.47429030949516
9608,2.30576,-2.99376175847193
9609,2.306,-2.77765824900362
9610,2.30624,-3.85157455165634
9611,2.30648,-2.41171111593539
9612,2.30672,-3.27936990550248
9613,2.30696,-3.03379851167579
9614,2.3072,-2.81655802880173
9615,2.30744,-3.30926814366281
9616,2.30768,-3.06693945881162
9617,2.30792,-2.85031379834483
9618,2.30816,-3.20650972890951
9619,2.3084,-2.26322180699209
9620,2.30864,-3.48510839537532
9621,2.30888,-2.87467803298917
9622,2.30912,-2.8953625208072
9623,2.30936,-3.50276091117297
9624,2.3096,-2.90042272632072
9625,2.30984,-2.68765069439837
9626,2.31008,-3.76560526217871
9627,2.31032,-2.21367951437366
9628,2.31056,-3.67351365575345
9629,2.3108,-2.70160743527402
9630,2.31104,-2.84840025456679
9631,2.31128,-3.33418045955449
9632,2.31152,-2.86344057994922
9633,2.31176,-2.77255203538755
9634,2.312,-3.13225091527147
9635,2.31224,-2.31214950677613
9636,2.31248,-3.64834712797767
9637,2.31272,-2.68946866565023
9638,2.31296,-2.59877388933894
9639,2.3132,-3.19967869274514
9640,2.31344,-2.38233206048151
9641,2.31368,-3.71206554761846
9642,2.31392,-2.27503037371388
9643,2.31416,-3.37632408704197
9644,2.3144,-2.88582520601617
9645,2.31464,-2.90619715217805
9646,2.31488,-3.39523902563969
9647,2.31512,-2.90974219510385
9648,2.31536,-2.81656689334519
9649,2.3156,-3.77406495664001
9650,2.31584,-2.5779796688782
9651,2.31608,-2.84432627339559
9652,2.31632,-3.56054656789999
9653,2.31656,-2.37771753498008
9654,2.3168,-3.71164672212458
9655,2.31704,-2.85548611935285
9656,2.31728,-2.87727026421307
9657,2.31752,-3.36763478900272
9658,2.31776,-2.99974904284975
9659,2.318,-2.54678252685939
9660,2.31824,-3.75270483255479
9661,2.31848,-2.31621965492963
9662,2.31872,-3.18012260852335
9663,2.31896,-3.17338164303353
9664,2.3192,-2.36087711078399
9665,2.31944,-3.57580629875701
9666,2.31968,-2.96537555372136
9667,2.31992,-2.74885752485127
9668,2.32016,-3.47366846565954
9669,2.3204,-3.11000727140996
9670,2.32064,-2.77295963129121
9671,2.32088,-3.36872316701016
9672,2.32112,-2.42967802964545
9673,2.32136,-3.88309496120646
9674,2.3216,-2.43795989025502
9675,2.32184,-3.65702643092767
9676,2.32208,-2.57384634143269
9677,2.32232,-3.08379486680622
9678,2.32256,-3.08295236294803
9679,2.3228,-2.85711863757099
9680,2.32304,-3.5825530223019
9681,2.32328,-2.38763121575787
9682,2.32352,-3.8407186601402
9683,2.32376,-2.64198454174426
9684,2.324,-3.03398282848027
9685,2.32424,-3.0353534240161
9686,2.32448,-2.57063768211445
9687,2.32472,-2.72207604529487
9688,2.32496,-3.56152187439704
9689,2.3252,-2.13270451764035
9690,2.32544,-3.58826393760458
9691,2.32568,-2.62888777541246
9692,2.32592,-2.89066755760863
9693,2.32616,-3.12330441174095
9694,2.3264,-2.66521955139577
9695,2.32664,-3.74687548898489
9696,2.32688,-2.54054414966164
9697,2.32712,-3.05256960628968
9698,2.32736,-3.05409180724042
9699,2.3276,-2.82966352380701
9700,2.32784,-3.31369284476287
9701,2.32808,-2.72454019433415
9702,2.32832,-2.63366766454546
9703,2.32856,-3.23354244504588
9704,2.3288,-2.89407095171473
9705,2.32904,-3.01499070525335
9706,2.32928,-3.034137680943
9707,2.32952,-3.27837550569754
9708,2.32976,-2.5714408606244
9709,2.33,-3.54131613646621
9710,2.33024,-2.70920555881853
9711,2.33048,-2.85482702639884
9712,2.33072,-3.2141993165466
9713,2.33096,-2.8756318703153
9714,2.3312,-2.99741686856657
9715,2.33144,-3.0173924720816
9716,2.33168,-3.26242326327721
9717,2.33192,-2.5562481561285
9718,2.33216,-3.76960652873974
9719,2.3324,-2.09314076795555
9720,2.33264,-3.55502763881576
9721,2.33288,-2.592064455178
9722,2.33312,-3.33722040737112
9723,2.33336,-2.85304287114951
9724,2.3336,-2.88008214447396
9725,2.33384,-3.35828899616076
9726,2.33408,-2.78257889155659
9727,2.33432,-3.14253505467691
9728,2.33456,-3.04474463627187
9729,2.3348,-3.04682446077104
9730,2.33504,-2.58415368565597
9731,2.33528,-3.55363434860191
9732,2.33552,-2.72114607848706
9733,2.33576,-2.75179965236422
9734,2.336,-3.11314744878063
9735,2.33624,-2.41357830064939
9736,2.33648,-3.74568640769157
9737,2.33672,-2.30789775190033
9738,2.33696,-3.29692586685189
9739,2.3372,-3.16873405319103
9740,2.33744,-2.94656292829834
9741,2.33768,-3.19400871521964
9742,2.33792,-3.30446887522746
9743,2.33816,-2.36873580308935
9744,2.3384,-3.34858094109973
9745,2.33864,-2.74160904132774
9746,2.33888,-3.01252322554505
9747,2.33912,-3.01528429072799
9748,2.33936,-2.67173736858423
9749,2.3396,-3.1682647966373
9750,2.33984,-3.0467913300379
9751,2.34008,-2.94926982115505
9752,2.34032,-3.66467820636789
9753,2.34056,-2.82751194039504
9754,2.3408,-3.095099013616
9755,2.34104,-3.2098654368738
9756,2.34128,-2.14716351406815
9757,2.34152,-3.6108512845846
9758,2.34176,-2.64573019926081
9759,2.342,-3.15220186037105
9760,2.34224,-3.14737902681118
9761,2.34248,-2.69131975388141
9762,2.34272,-3.28911231748423
9763,2.34296,-2.95117438850636
9764,2.3432,-3.07004145522209
9765,2.34344,-2.84932914220596
9766,2.34368,-3.5757294872202
9767,2.34392,-2.38173317582363
9768,2.34416,-3.83570521539925
9769,2.3444,-2.15672985185527
9770,2.34464,-3.38045900754019
9771,2.34488,-2.89475359619727
9772,2.34512,-2.91684118538404
9773,2.34536,-3.39380009490969
9774,2.3456,-2.81338143215521
9775,2.34584,-3.17234728205474
9776,2.34608,-3.07096391596019
9777,2.34632,-3.07139740961857
9778,2.34656,-2.84678629791825
9779,2.3468,-3.5733895218872
9780,2.34704,-2.37958864313806
9781,2.34728,-3.83596549376176
9782,2.34752,-2.39366799922675
9783,2.34776,-3.37623948872084
9784,2.348,-2.89081244384573
9785,2.34824,-2.91316697992009
9786,2.34848,-3.39038256390922
9787,2.34872,-2.81021026506499
9788,2.34896,-3.16941271499218
9789,2.3492,-3.06825697844679
9790,2.34944,-3.06890873947125
9791,2.34968,-2.60350689288912
9792,2.34992,-2.75428756792791
9793,2.35016,-3.82972925435313
9794,2.3504,-2.39217817061346
9795,2.35064,-3.25283024997968
9796,2.35088,-3.12406963469359
9797,2.35112,-2.66937736557908
9798,2.35136,-3.87839970449329
9799,2.3516,-2.19778815209087
9800,2.35184,-3.6557095207303
9801,2.35208,-2.68895516488353
9802,2.35232,-3.19038749961233
9803,2.35256,-3.18422167223294
9804,2.3528,-2.72337589209073
9805,2.35304,-3.32009234815214
9806,2.35328,-2.97760213836885
9807,2.35352,-3.09563518437585
9808,2.35376,-2.39170645254081
9809,2.354,-3.01982886328249
9810,2.35424,-3.85071859155559
9811,2.35448,-2.17620081701784
9812,2.35472,-3.16667983479959
9813,2.35496,-3.2765789609558
9814,2.3552,-2.93087113191367
9815,2.35544,-3.6540883849358
9816,2.35568,-2.45704979812509
9817,2.35592,-3.91032973317999
9818,2.35616,-2.46507112448132
9819,2.3564,-3.44481052868566
9820,2.35664,-2.95667571317934
9821,2.35688,-2.62796076017668
9822,2.35712,-3.59710616091327
9823,2.35736,-2.86354477738284
9824,2.3576,-2.770772222155
9825,2.35784,-3.37945836925538
9826,2.35808,-3.25153734071167
9827,2.35832,-2.79847421078495
9828,2.35856,-3.87791983109585
9829,2.3588,-2.32743056355839
9830,2.35904,-3.31189299965954
9831,2.35928,-3.65702072335341
9832,2.35952,-2.10526819167779
9833,2.35976,-3.45107989116381
9834,2.36,-3.07730113286652
9835,2.36024,-2.37439072791241
9836,2.36048,-2.8836199198675
9837,2.36072,-3.24182145840616
9838,2.36096,-2.42846918940218
9839,2.3612,-3.76155685686446
9840,2.36144,-3.02532714058727
9841,2.36168,-2.80747221991781
9842,2.36192,-3.6508324455545
9843,2.36216,-3.04721420243675
9844,2.3624,-3.07496381535298
9845,2.36264,-3.19126716157578
9846,2.36288,-2.13003418737482
9847,2.36312,-3.35500021306964
9848,2.36336,-2.87096651131831
9849,2.3636,-2.78095377150945
9850,2.36384,-3.85954444945223
9851,2.36408,-2.30609250564765
9852,2.36432,-3.17311683695421
9853,2.36456,-3.28520008883946
9854,2.3648,-2.21993010236601
9855,2.36504,-3.44103458914152
9856,2.36528,-2.95330672494998
9857,2.36552,-2.8597604991749
9858,2.36576,-3.69531078278215
9859,2.366,-2.38350071108674
9860,2.36624,-3.84027929425259
9861,2.36648,-2.16004345554986
9862,2.36672,-3.62005204733466
9863,2.36696,-2.41608648887838
9864,2.3672,-3.39827022076637
9865,2.36744,-2.67237641613693
9866,2.36768,-2.82780630637436
9867,2.36792,-3.43429530268926
9868,2.36816,-3.06682322239744
9869,2.3684,-2.97678668342297
9870,2.36864,-3.58073966265132
9871,2.36888,-2.98036172257499
9872,2.36912,-3.01120961699746
9873,2.36936,-3.72699561064391
9874,2.3696,-2.99998677710319
9875,2.36984,-2.7873142081669
9876,2.37008,-3.86406927153181
9877,2.37032,-2.30230548028261
9878,2.37056,-2.94189641483064
9879,2.3708,-3.30383488919961
9880,2.37104,-2.71640115868821
9881,2.37128,-2.86768975111539
9882,2.37152,-3.22773035379835
9883,2.37176,-3.01315275998807
9884,2.372,-3.01687035308879
9885,2.37224,-2.79540121141559
9886,2.37248,-3.5250079976711
9887,2.37272,-2.57683796074528
9888,2.37296,-3.79052531221112
9889,2.3732,-2.59111734607606
9890,2.37344,-2.98681528447594
9891,2.37368,-3.59046878348044
9892,2.37392,-2.86473141370754
9893,2.37416,-3.00878683122176
9894,2.3744,-3.36276454452876
9895,2.37464,-3.14238884747256
9896,2.37488,-3.14056135493709
9897,2.37512,-2.67501299621808
9898,2.37536,-4.00432295229845
9899,2.3756,-2.44097786992967
9900,2.37584,-3.07642057128211
9901,2.37608,-3.43918162479638
9902,2.37632,-2.95276402042095
9903,2.37656,-2.74233109779988
9904,2.3768,-3.82122968311765
9905,2.37704,-2.50512890402138
9906,2.37728,-2.89365483247312
9907,2.37752,-3.37171423624405
9908,2.37776,-2.55793801361068
9909,2.378,-3.7647227539653
9910,2.37824,-2.32733204304199
9911,2.37848,-3.20082811928946
9912,2.37872,-3.55213873750464
9913,2.37896,-2.48657585308595
9914,2.3792,-3.46249277827295
9915,2.37944,-2.73193282803171
9916,2.37968,-3.00147053580928
9917,2.37992,-3.3610610024102
9918,2.38016,-2.41235857466374
9919,2.3804,-3.39153914524258
9920,2.38064,-2.90024193816816
9921,2.38088,-2.20469634641836
9922,2.38112,-3.19511618198052
9923,2.38136,-3.30452478571777
9924,2.3816,-2.71957124419912
9925,2.38184,-3.33115513785541
9926,2.38208,-3.07874675552658
9927,2.38232,-2.14279289552013
9928,2.38256,-3.48760547843657
9929,2.3828,-3.11286716776644
9930,2.38304,-2.64958671310764
9931,2.38328,-2.92044040290522
9932,2.38352,-3.27850669270409
9933,2.38376,-1.98225178178275
9934,2.384,-3.56502287013495
9935,2.38424,-2.60313074348815
9936,2.38448,-2.99593635634802
9937,2.38472,-3.83043237968144
9938,2.38496,-2.27796687638554
9939,2.3852,-3.6174069020653
9940,2.38544,-2.76388152298686
9941,2.38568,-2.79124369534576
9942,2.38592,-3.63425149578481
9943,2.38616,-2.19926945522825
9944,2.3864,-3.5421678008966
9945,2.38664,-2.92896872761688
9946,2.38688,-2.35043626685818
9947,2.38712,-2.98129128991007
9948,2.38736,-3.8130294077139
9949,2.3876,-2.257461552793
9950,2.38784,-3.60398782238083
9951,2.38808,-2.5215661578477
9952,2.38832,-2.91894654108971
9953,2.38856,-3.52202883902722
9954,2.3888,-3.15130105288898
9955,2.38904,-2.21497270114621
9956,2.38928,-3.20075514351041
9957,2.38952,-3.07535295288415
9958,2.38976,-2.62299327018856
9959,2.39,-3.23898982827512
9960,2.39024,-3.46747451832487
9961,2.39048,-2.39802509104312
9962,2.39072,-3.6247651089008
9963,2.39096,-3.12964136472286
9964,2.3912,-2.66275424271434
9965,2.39144,-2.92758881073501
9966,2.39168,-3.51779735406138
9967,2.39192,-2.56690607810328
9968,2.39216,-3.08262599511413
9969,2.3924,-3.19890863103587
9970,2.39264,-2.24926648120533
9971,2.39288,-3.34654605664315
9972,2.39312,-2.98046149361276
9973,2.39336,-2.52533141236659
9974,2.3936,-3.49992192268666
9975,2.39384,-3.13114200982785
9976,2.39408,-2.31394554387952
9977,2.39432,-3.53612934799447
9978,2.39456,-3.16622098131714
9979,2.3948,-2.22938288366019
9980,2.39504,-3.10276220801733
9981,2.39528,-3.21267588241367
9982,2.39552,-2.51177462843264
9983,2.39576,-3.49484209183728
9984,2.396,-3.48011121571551
9985,2.39624,-3.35359399304741
9986,2.39648,-3.23258791823579
9987,2.39672,-3.11685771766157
9988,2.39696,-2.52948946894432
9989,2.3972,-2.80603478914511
9990,2.39744,-3.04868602342078
9991,2.39768,-2.47132524094244
9992,2.39792,-3.33332484418526
9993,2.39816,-3.08430737323198
9994,2.3984,-2.50714909660659
9995,2.39864,-3.71972695548707
9996,2.39888,-2.87267105751407
9997,2.39912,-3.02014764139997
9998,2.39936,-3.25353140733585
9999,2.3996,-2.55402182606721
10000,2.39984,-3.52756783832914
10001,2.40008,-2.91587229512143
10002,2.40032,-2.70603488457262
10003,2.40056,-3.55224091367191
10004,2.4008,-2.36218007808602
10005,2.40104,-3.34367405268327
10006,2.40128,-2.85633971447348
10007,2.40152,-2.76892149370495
10008,2.40176,-3.49435879720875
10009,2.402,-2.30771534500335
10010,2.40224,-3.52950481058158
10011,2.40248,-2.57185724921468
10012,2.40272,-3.08017828465831
10013,2.40296,-3.55115839305128
10014,2.4032,-2.24441555965037
10015,2.40344,-3.23194649313869
10016,2.40368,-3.34121913765883
10017,2.40392,-2.52165075865688
10018,2.40416,-3.49931935232177
10019,2.4044,-3.24317469011151
10020,2.40464,-2.54510922576076
10021,2.40488,-3.75706634500002
10022,2.40512,-2.55952635517116
10023,2.40536,-3.30461239561927
10024,2.4056,-3.05742198309892
10025,2.40584,-2.84196716769688
10026,2.40608,-3.80441840291042
10027,2.40632,-2.48939534152426
10028,2.40656,-3.23799438957054
10029,2.4068,-3.11007019515727
10030,2.40704,-2.77647212383651
10031,2.40728,-3.74267652309551
10032,2.40752,-2.77587994692217
10033,2.40776,-2.80844247799291
10034,2.408,-3.28872528414073
10035,2.40824,-2.47067620184544
10036,2.40848,-3.68465208404494
10037,2.40872,-2.60585089727239
10038,2.40896,-3.11634146053347
10039,2.4092,-3.11312068724099
10040,2.40944,-2.6600639697541
10041,2.40968,-3.74859623859425
10042,2.40992,-2.78381022897963
10043,2.41016,-2.93542210337682
10044,2.4104,-3.65424987725015
10045,2.41064,-2.4604649931501
10046,2.41088,-3.09366625633553
10047,2.41112,-3.20739886641619
10048,2.41136,-2.75028502385656
10049,2.4116,-3.23273367612456
10050,2.41184,-2.53402831164912
10051,2.41208,-3.51090272643519
10052,2.41232,-3.02093025869812
10053,2.41256,-2.92793589164364
10054,2.4128,-3.52598563067854
10055,2.41304,-2.33608882850763
10056,2.41328,-3.20613597724275
10057,2.41352,-3.19911447163739
10058,2.41376,-2.74242301307453
10059,2.414,-3.82747908611285
10060,2.41424,-2.85936892997939
10061,2.41448,-3.00780188900043
10062,2.41472,-3.72358953661794
10063,2.41496,-2.52689788556921
10064,2.4152,-3.15731926230513
10065,2.41544,-3.03226331819686
10066,2.41568,-2.34279094630857
10067,2.41592,-3.44312007044596
10068,2.41616,-2.60286845078717
10069,2.4164,-3.11323974004298
10070,2.41664,-3.11033743569413
10071,2.41688,-2.65758734810038
10072,2.41712,-3.74247642826365
10073,2.41736,-2.6583120977032
10074,2.4176,-2.81471985826662
10075,2.41784,-3.89672370896402
10076,2.41808,-2.57798776700622
10077,2.41832,-2.97316016424978
10078,2.41856,-3.09232376151027
10079,2.4188,-2.63954064122083
10080,2.41904,-3.72919946724923
10081,2.41928,-2.52976869605001
10082,2.41952,-3.04168824836809
10083,2.41976,-3.39446107980391
10084,2.42,-2.45318262709844
10085,2.42024,-3.43115985766375
10086,2.42048,-2.94490361174436
10087,2.42072,-3.09106917416183
10088,2.42096,-3.68052948258491
10089,2.4212,-2.48366153209814
10090,2.42144,-3.22897155374682
10091,2.42168,-3.57541665977003
10092,2.42192,-2.26809384212026
10093,2.42216,-3.37445186873058
10094,2.4224,-2.8902794349976
10095,2.42264,-2.91861812823981
10096,2.42288,-3.63458509090645
10097,2.42312,-2.32606357582724
10098,2.42336,-3.31399535396769
10099,2.4236,-2.94836497532496
10100,2.42384,-2.85794399404224
10101,2.42408,-3.82230998451498
10102,2.42432,-2.73614594467488
10103,2.42456,-2.77085546319845
10104,2.4248,-3.25273622969408
10105,2.42504,-2.55348774605647
10106,2.42528,-3.52984202372907
10107,2.42552,-2.68385478976779
10108,2.42576,-2.83983107085937
10109,2.426,-3.44206184362839
10110,2.42624,-2.37812167902699
10111,2.42648,-3.3625828103664
10112,2.42672,-3.2305802350386
10113,2.42696,-2.65430130855556
10114,2.4272,-3.86162118453132
10115,2.42744,-2.65919671471148
10116,2.42768,-3.16433367499979
10117,2.42792,-3.63094328876029
10118,2.42816,-2.43727970200099
10119,2.4284,-3.30459678070217
10120,2.42864,-3.05801851126605
10121,2.42888,-2.96419266035657
10122,2.42912,-3.80249401415297
10123,2.42936,-2.48726344521184
10124,2.4296,-3.236517634679
10125,2.42984,-3.10922087816693
10126,2.43008,-2.77622406785256
10127,2.43032,-3.74300369847448
10128,2.43056,-2.89265906189575
10129,2.4308,-2.80569305970451
10130,2.43104,-3.40950812092563
10131,2.43128,-2.46521489733886
10132,2.43152,-3.67823641350466
10133,2.43176,-2.24729855020598
10134,2.432,-3.35042470186512
10135,2.43224,-2.86796749637669
10136,2.43248,-3.01776701908031
10137,2.43272,-3.61070275705244
10138,2.43296,-2.29865656203382
10139,2.4332,-3.05142149703
10140,2.43344,-3.52308442501887
10141,2.43368,-2.21789984962561
10142,2.43392,-3.44480236192837
10143,2.43416,-2.60492302770527
10144,2.4344,-3.11564787071006
10145,2.43464,-2.99501866405093
10146,2.43488,-2.78343612410589
10147,2.43512,-3.86415786116448
10148,2.43536,-2.54374947120566
10149,2.4356,-2.93952976132477
10150,2.43584,-3.77818324042279
10151,2.43608,-2.46373634274197
10152,2.43632,-3.09741914583027
10153,2.43656,-2.97591169620931
10154,2.4368,-2.88720738370635
10155,2.43704,-3.25060192110246
10156,2.43728,-2.55259787431129
10157,2.43752,-3.40988158703124
10158,2.43776,-2.80601364601215
10159,2.438,-2.84148906703407
10160,2.43824,-3.80690312327849
10161,2.43848,-2.60411225226479
10162,2.43872,-2.87928628238129
10163,2.43896,-3.11974861723134
10164,2.4392,-2.66714045059443
10165,2.43944,-3.51689353587942
10166,2.43968,-2.33018498519482
10167,2.43992,-3.31400285343894
10168,2.44016,-3.06766178276226
10169,2.4404,-2.73671006297145
10170,2.44064,-3.70544547231715
10171,2.44088,-2.73934527635975
10172,2.44112,-2.77429738509566
10173,2.44136,-3.25641025635763
10174,2.4416,-2.56042346701688
10175,2.44184,-3.65366774507915
10176,2.44208,-2.45931051903301
10177,2.44232,-3.2083664812715
10178,2.44256,-3.20279810448842
10179,2.4428,-2.3897670941494
10180,2.44304,-3.49003356744713
10181,2.44328,-2.99862887535411
10182,2.44352,-2.54961907674108
10183,2.44376,-3.64290565109274
10184,2.444,-2.21377810442298
10185,2.44424,-3.31863421080724
10186,2.44448,-3.30703327103276
10187,2.44472,-2.36836701785169
10188,2.44496,-3.46956867054396
10189,2.4452,-2.85973982565086
10190,2.44544,-3.0085098714309
10191,2.44568,-3.60384822368766
10192,2.44592,-2.41349208609588
10193,2.44616,-3.63172973412075
10194,2.4464,-3.01834052601544
10195,2.44664,-2.80515165269165
10196,2.44688,-3.64814977849972
10197,2.44712,-2.45503637527368
10198,2.44736,-3.08849115521124
10199,2.4476,-3.80067469088481
10200,2.44784,-2.60052070993895
10201,2.44808,-3.22982973052913
10202,2.44832,-3.45702716822531
10203,2.44856,-2.39382635731336
10204,2.4488,-3.49706197792124
10205,2.44904,-2.77418165903413
10206,2.44928,-2.57295348720939
10207,2.44952,-3.54901896326197
10208,2.44976,-2.94022404674195
10209,2.45,-2.73136515359535
10210,2.45024,-3.93451545652393
10211,2.45048,-2.61489253281406
10212,2.45072,-3.00921230078101
10213,2.45096,-3.12755790675416
10214,2.4512,-2.43609125008438
10215,2.45144,-3.41728304042201
10216,2.45168,-2.58159466285829
10217,2.45192,-3.09242345259524
10218,2.45216,-3.32872010717572
10219,2.4524,-2.39190698381762
10220,2.45264,-3.49271992598922
10221,2.45288,-3.00141494386687
10222,2.45312,-2.55250032418992
10223,2.45336,-3.64587724140272
10224,2.4536,-2.21683652952251
10225,2.45384,-3.20764432984663
10226,2.45408,-3.31914728921871
10227,2.45432,-2.38017178589445
10228,2.45456,-3.48107711020823
10229,2.4548,-2.87096590351209
10230,2.45504,-2.66437705464252
10231,2.45528,-3.75334643460834
10232,2.45552,-2.67129703273842
10233,2.45576,-2.94785164347108
10234,2.456,-3.54603540094814
10235,2.45624,-2.35626845136256
10236,2.45648,-2.99027593608998
10237,2.45672,-3.70388972825836
10238,2.45696,-2.50682187426682
10239,2.4572,-3.37308450256521
10240,2.45744,-3.35764996774217
10241,2.45768,-2.41792977132598
10242,2.45792,-3.63580386661803
10243,2.45816,-2.43738400450076
10244,2.4584,-3.30536947300723
10245,2.45864,-2.94003399203419
10246,2.45888,-2.9670651841522
10247,2.45912,-3.80591316342317
10248,2.45936,-2.60578233141824
10249,2.4596,-3.23511368101437
10250,2.45984,-3.46233286549492
10251,2.46008,-2.39915525156766
10252,2.46032,-3.50241284574813
10253,2.46056,-2.66060993281543
10254,2.4608,-2.93333269283559
10255,2.46104,-3.6495246573133
10256,2.46128,-2.45492273004284
10257,2.46152,-3.32354342505449
10258,2.46176,-3.31036407935266
10259,2.462,-2.37280096094042
10260,2.46224,-3.59273783902364
10261,2.46248,-2.51436438311372
10262,2.46272,-3.14642115259121
10263,2.46296,-2.90529534989016
10264,2.4632,-2.93393420968021
10265,2.46344,-3.65229571174358
10266,2.46368,-2.22104424642687
10267,2.46392,-3.32690355310225
10268,2.46416,-3.31362528609045
10269,2.4644,-2.37597009816745
10270,2.46464,-3.59581928398573
10271,2.46488,-2.51736417907888
10272,2.46512,-3.02995523281997
10273,2.46536,-3.62394526927208
10274,2.4656,-2.31462240883564
10275,2.46584,-3.42125961775029
10276,2.46608,-3.16820364511374
10277,2.46632,-2.4748399300629
10278,2.46656,-3.69129080975148
10279,2.4668,-2.37690589167883
10280,2.46704,-3.36623057383716
10281,2.46728,-3.35306735904137
10282,2.46752,-2.41290515264701
10283,2.46776,-3.51267452738693
10284,2.468,-2.90147647092706
10285,2.46824,-2.69384782228506
10286,2.46848,-3.54216161488744
10287,2.46872,-2.35675433594192
10288,2.46896,-3.46203548245942
10289,2.4692,-2.62477750017985
10290,2.46944,-3.13410406155773
10291,2.46968,-3.36504603302273
10292,2.46992,-2.5490461492245
10293,2.47016,-3.52444319034582
10294,2.4704,-2.91277935183588
10295,2.47064,-2.70470685304531
10296,2.47088,-3.55259772907605
10297,2.47112,-2.36678937757982
10298,2.47136,-3.35362173025386
10299,2.4716,-3.1027509473439
10300,2.47184,-2.6494239845187
10301,2.47208,-3.74026798407131
10302,2.47232,-2.77334344395277
10303,2.47256,-2.80750612766656
10304,2.4728,-3.28886234543772
10305,2.47304,-2.47233051229859
10306,2.47328,-3.68595367703442
10307,2.47352,-2.95580459132767
10308,2.47376,-2.74678095185914
10309,2.474,-3.94977280628703
10310,2.47424,-2.62999972018843
10311,2.47448,-3.02417571201907
10312,2.47472,-3.1423721960376
10313,2.47496,-2.69259946024135
10314,2.4752,-3.77770422377669
10315,2.47544,-2.81271655505501
10316,2.47568,-2.9658684487541
10317,2.47592,-3.68095008690146
10318,2.47616,-2.37071142468714
10319,2.4764,-3.24198584827115
10320,2.47664,-2.87979350629926
10321,2.47688,-2.79350024513843
10322,2.47712,-3.87425936567467
10323,2.47736,-2.67371464331664
10324,2.4776,-3.06692761936589
10325,2.47784,-3.53931308683508
10326,2.47808,-2.23438516634487
10327,2.47832,-3.34345421416258
10328,2.47856,-2.74248279222659
10329,2.4788,-2.89702183921007
10330,2.47904,-3.73497007563445
10331,2.47928,-2.53834826839671
10332,2.47952,-3.17103316055281
10333,2.47976,-3.40145834481082
10334,2.48,-2.34134597538388
10335,2.48024,-3.44753404032389
10336,2.48048,-2.60853319425787
10337,2.48072,-3.12271434586208
10338,2.48096,-3.5940501921438
10339,2.4812,-2.28634843911816
10340,2.48144,-3.39453504201913
10341,2.48168,-3.14296036722471
10342,2.48192,-2.45101305984823
10343,2.48216,-3.66881796045058
10344,2.4824,-2.35572837328242
10345,2.48264,-3.34629115119471
10346,2.48288,-3.33431233802984
10347,2.48312,-2.39528390142676
10348,2.48336,-3.49613700547701
10349,2.4836,-2.8859770322441
10350,2.48384,-2.67934163725618
10351,2.48408,-3.52860526983012
10352,2.48432,-2.34410840582156
10353,2.48456,-3.56789664861307
10354,2.4848,-3.07573616506575
10355,2.48504,-2.62385276913525
10356,2.48528,-3.71607615538068
10357,2.48552,-2.75047085420009
10358,2.48576,-2.78589485983008
10359,2.486,-3.26845676946274
10360,2.48624,-2.45307807256555
10361,2.48648,-3.66780368769379
10362,2.48672,-2.93697615647774
10363,2.48696,-2.72903294175739
10364,2.4872,-3.93305824402071
10365,2.48744,-2.61427471423144
10366,2.48768,-3.0093976099009
10367,2.48792,-3.01043672335584
10368,2.48816,-2.80281935803375
10369,2.4884,-4.00364967725946
10370,2.48864,-2.68137699993323
10371,2.48888,-3.07447902699452
10372,2.48912,-3.42606017003558
10373,2.48936,-2.36506199069079
10374,2.4896,-3.47040283427499
10375,2.48984,-2.51381826505379
10376,2.49008,-3.26540405170264
10377,2.49032,-3.25491591971625
10378,2.49056,-2.44104625819303
10379,2.4908,-3.77621789526707
10380,2.49104,-2.5766858448784
10381,2.49128,-2.73829299540246
10382,2.49152,-3.46529535977202
10383,2.49176,-2.4030927884793
10384,2.492,-3.61967655587622
10385,2.49224,-2.77601296417275
10386,2.49248,-3.04920892280861
10387,2.49272,-3.40538818758288
10388,2.49296,-2.22120617912403
10389,2.4932,-3.09756502878735
10390,2.49344,-3.09486511271407
10391,2.49368,-2.52770303722794
10392,2.49392,-3.85868904400037
10393,2.49416,-2.54326187312456
10394,2.4944,-3.41083686313254
10395,2.49464,-2.80811508053763
10396,2.49488,-2.84511783749985
10397,2.49512,-3.80501794404223
10398,2.49536,-2.2523076214312
10399,2.4956,-3.36394034707033
10400,2.49584,-2.88180113825496
10401,2.49608,-2.67902214562341
10402,2.49632,-3.64444580309085
10403,2.49656,-2.21634123929926
10404,2.4968,-3.44462267079328
10405,2.49704,-3.19115783533196
10406,2.49728,-2.62117262477898
10407,2.49752,-3.58912642968733
10408,2.49776,-2.39962303438848
10409,2.498,-2.80256007734072
10410,2.49824,-3.88332670282862
10411,2.49848,-2.68278883571646
10412,2.49872,-2.95618454300848
10413,2.49896,-3.43638995985043
10414,2.4992,-2.25226370919574
10415,2.49944,-3.12782239422476
10416,2.49968,-2.88823146165032
10417,2.49992,-2.80200715379384
10418,2.50016,-4.00265385309764
10419,2.5004,-2.68063605579215
10420,2.50064,-3.07398129325827
10421,2.50088,-3.42579484300202
10422,2.50112,-2.36501939750099
10423,2.50136,-3.58648627334518
10424,2.5016,-2.39281570510646
10425,2.50184,-3.26360966529603
10426,2.50208,-3.37323794272394
10427,2.50232,-2.5575130444354
10428,2.50256,-3.76800076912537
10429,2.5028,-2.57209444883588
10430,2.50304,-2.85259236557342
10431,2.50328,-3.93127507206111
10432,2.50352,-2.72874420680968
10433,2.50376,-3.00023350091802
10434,2.504,-3.47861551760152
10435,2.50424,-2.17336338288348
10436,2.50448,-3.16964074661738
10437,2.50472,-2.92832359700579
10438,2.50496,-2.84044833696297
10439,2.5052,-3.56019562809391
10440,2.50544,-2.3729916085413
10441,2.50568,-3.24515892674013
10442,2.50592,-3.23583414238467
10443,2.50616,-2.54074973032586
10444,2.5064,-3.75288009866525
10445,2.50664,-2.43445246889674
10446,2.50688,-3.1893648800024
10447,2.50712,-3.30188514328207
10448,2.50736,-2.48670822455828
10449,2.5076,-3.70124634889393
10450,2.50784,-2.73754245666358
10451,2.50808,-2.65716903639793
10452,2.50832,-3.74707828545962
10453,2.50856,-2.66636910185519
10454,2.5088,-2.8243639375617
10455,2.50904,-3.54487970617274
10456,2.50928,-2.24340347696084
10457,2.50952,-3.46941102276552
10458,2.50976,-2.74634135599926
10459,2.51,-2.90259354033755
10460,2.51024,-3.49992889370599
10461,2.51048,-2.19731847101846
10462,2.51072,-3.30728772125381
10463,2.51096,-3.05875283746884
10464,2.5112,-2.24904003290514
10465,2.51144,-3.3580604124627
10466,2.51168,-2.87646375507088
10467,2.51192,-2.6742031617949
10468,2.51216,-3.64753100419996
10469,2.5124,-2.80216920536248
10470,2.51264,-2.83974928883567
10471,2.51288,-3.80020139175327
10472,2.51312,-2.36653231736403
10473,2.51336,-3.24170938041628
10474,2.5136,-2.88017697788283
10475,2.51384,-2.91480313428974
10476,2.51408,-3.63325032708736
10477,2.51432,-2.44038049435453
10478,2.51456,-3.42524442754133
10479,2.5148,-3.17294428706437
10480,2.51504,-2.48250211410036
10481,2.51528,-3.4616460383115
10482,2.51552,-3.0919015935322
10483,2.51576,-2.64508971442387
10484,2.516,-3.85285209886222
10485,2.51624,-2.64962959103211
10486,2.51648,-3.04638532921406
10487,2.51672,-3.16480374502211
10488,2.51696,-2.714852868752
10489,2.5172,-3.92048205887366
10490,2.51744,-2.71867448035816
10491,2.51768,-3.22612061208618
10492,2.51792,-3.33766694173399
10493,2.51816,-2.40176499427863
10494,2.5184,-3.38361235779165
10495,2.51864,-3.13189610194167
10496,2.51888,-2.56097922166657
10497,2.51912,-3.6552702421635
10498,2.51936,-2.81055102783711
10499,2.5196,-2.96598061811035
10500,2.51984,-3.32498455242887
10501,2.52008,-2.63066131912052
10502,2.52032,-3.83956622137286
10503,2.52056,-2.40562650838813
10504,2.5208,-3.16204564462836
10505,2.52104,-3.27728032990221
10506,2.52128,-2.46300008438297
10507,2.52152,-3.44223740534798
10508,2.52176,-2.95495499761727
10509,2.522,-2.51115622407786
10510,2.52224,-3.6089799725294
10511,2.52248,-2.41341905447905
10512,2.52272,-3.0523338756693
10513,2.52296,-3.40897482593285
10514,2.5232,-2.22864121577795
10515,2.52344,-2.98846703439116
10516,2.52368,-3.34613204498387
10517,2.52392,-2.53199999556901
10518,2.52416,-3.74788990148709
10519,2.5244,-2.43300546382447
10520,2.52464,-3.0697806375593
10521,2.52488,-3.54289749689803
10522,2.52512,-2.119736262808
10523,2.52536,-3.23509469833805
10524,2.5256,-3.34678665038683
10525,2.52584,-2.41018650228314
10526,2.52608,-3.51073325673838
10527,2.52632,-2.90070875756479
10528,2.52656,-2.57872585545417
10529,2.5268,-3.66974187905423
10530,2.52704,-2.59012009738782
10531,2.52728,-2.98655089498695
10532,2.52752,-3.46376330036665
10533,2.52776,-2.40093777953793
10534,2.528,-3.62043598080582
10535,2.52824,-2.89414067945269
10536,2.52848,-2.81124041078374
10537,2.52872,-3.29736887167545
10538,2.52896,-2.60133042095252
10539,2.5292,-3.69402972005279
10540,2.52944,-2.61599058480415
10541,2.52968,-2.77653845366363
10542,2.52992,-3.62065478020991
10543,2.53016,-2.3131446955901
10544,2.5304,-3.06984709526586
10545,2.53064,-3.42539275542073
10546,2.53088,-2.12379180964046
10547,2.53112,-3.23818559775546
10548,2.53136,-3.11238732007451
10549,2.5316,-2.3019863209831
10550,2.53184,-3.40512627854489
10551,2.53208,-2.80198099876868
10552,2.53232,-2.60113255488453
10553,2.53256,-3.57798718309362
10554,2.5328,-2.73599847266057
10555,2.53304,-2.65392320813804
10556,2.53328,-3.74439379507932
10557,2.53352,-2.43198235718189
10558,2.53376,-2.95088889320662
10559,2.534,-3.55262100352988
10560,2.53424,-2.24465316176963
10561,2.53448,-3.24096987697363
10562,2.53472,-3.23273689975075
10563,2.53496,-2.42062032548906
10564,2.5352,-3.63851507853677
10565,2.53544,-2.21177292538319
10566,2.53568,-3.3228517920556
10567,2.53592,-3.07577243533012
10568,2.53616,-2.62390318229463
10569,2.5364,-3.71704399224957
10570,2.53664,-2.51700444689495
10571,2.53688,-3.15163524094523
10572,2.53712,-3.14733005702761
10573,2.53736,-2.33896775301446
10574,2.5376,-3.56045269711605
10575,2.53784,-2.71707657131595
10576,2.53808,-2.63549440026567
10577,2.53832,-3.8440424176592
10578,2.53856,-2.291244284468
10579,2.5388,-3.2834102948679
10580,2.53904,-2.92008405979428
10581,2.53928,-2.71592507368075
10582,2.53952,-3.44257381803938
10583,2.53976,-2.2627887403861
10584,2.54,-3.4910827373251
10585,2.54024,-3.2398198756273
10586,2.54048,-2.06669302568437
10587,2.54072,-3.300052522223
10588,2.54096,-3.17170608490117
10589,2.5412,-2.11920810195031
10590,2.54144,-3.35026722845003
10591,2.54168,-2.86950134559555
10592,2.54192,-2.54823001761051
10593,2.54216,-3.64343459108261
10594,2.5424,-2.79828799018985
10595,2.54264,-2.59733166094086
10596,2.54288,-3.68998736759612
10597,2.54312,-2.49815780140802
10598,2.54336,-2.89800060448079
10599,2.5436,-3.73702975588719
10600,2.54384,-2.42465528658856
10601,2.54408,-2.71097681150835
10602,2.54432,-3.79866160923924
10603,2.54456,-2.5951969827639
10604,2.5448,-2.99299356425941
10605,2.54504,-3.47019181780769
10606,2.54528,-2.2875286891167
10607,2.54552,-2.8128971489644
10608,2.54576,-3.66046916819008
10609,2.546,-2.34798343748543
10610,2.54624,-3.10338759286027
10611,2.54648,-3.45815894896234
10612,2.54672,-2.28085978354703
10613,2.54696,-3.26884842872386
10614,2.5472,-3.14238395730193
10615,2.54744,-2.57449136329138
10616,2.54768,-3.66599548838501
10617,2.54792,-2.70669522897661
10618,2.54816,-2.51023172847565
10619,2.5484,-3.60803920558413
10620,2.54864,-2.64777212533335
10621,2.54888,-2.9244181837201
10622,2.54912,-3.52577441795424
10623,2.54936,-2.33725777410944
10624,2.5496,-3.20952630157501
10625,2.54984,-2.96718487083827
10626,2.55008,-2.88142347737328
10627,2.55032,-3.48463869016765
10628,2.55056,-2.18512333461091
10629,2.5508,-3.29536968326207
10630,2.55104,-2.93299553530938
10631,2.55128,-2.48929747523637
10632,2.55152,-3.58673474278831
10633,2.55176,-2.50763363762836
10634,2.552,-2.78864296308772
10635,2.55224,-3.63301379809785
10636,2.55248,-2.20632456476007
10637,2.55272,-3.31788677081123
10638,2.55296,-3.06997757560991
10639,2.5532,-2.62426673391565
10640,2.55344,-3.60171580168299
10641,2.55368,-2.75812934650025
10642,2.55392,-2.91457034604154
10643,2.55416,-3.51642831430248
10644,2.5544,-2.32839146600435
10645,2.55464,-3.20111868409751
10646,2.55488,-2.95921582217792
10647,2.55512,-2.87387376580713
10648,2.55536,-3.47748999928608
10649,2.5556,-2.29427085356744
10650,2.55584,-3.16888587765234
10651,2.55608,-3.04694414133243
10652,2.55632,-2.36087963773899
10653,2.55656,-3.58338504636806
10654,2.5568,-2.74193047667337
10655,2.55704,-2.66300285535806
10656,2.55728,-3.87149627823364
10657,2.55752,-2.55260434338106
10658,2.55776,-2.95111689205193
10659,2.558,-3.54883748277879
10660,2.55824,-2.36163838122439
10661,2.55848,-2.8843966523215
10662,2.55872,-3.60485808455626
10663,2.55896,-2.1790626295476
10664,2.5592,-3.28884847232413
10665,2.55944,-3.16083461600322
10666,2.55968,-2.35178223456339
10667,2.55992,-3.45578988898886
10668,2.56016,-2.61556183506191
10669,2.5604,-2.89464679072244
10670,2.56064,-3.49657422276076
10671,2.56088,-2.19580175889772
10672,2.56112,-3.30837550145687
10673,2.56136,-3.06187573764051
10674,2.5616,-2.73557704894008
10675,2.56184,-3.58410767222167
10676,2.56208,-2.15798173040567
10677,2.56232,-3.38854547004692
10678,2.56256,-2.788749450203
10679,2.5628,-2.58849723200285
10680,2.56304,-3.68182551588898
10681,2.56328,-2.25447870673305
10682,2.56352,-3.36541042797995
10683,2.56376,-2.88161720111645
10684,2.564,-2.79934527872794
10685,2.56424,-3.64774192945199
10686,2.56448,-2.45724213122364
10687,2.56472,-3.09441474538844
10688,2.56496,-3.32958803947602
10689,2.5652,-2.51675553428841
10690,2.56544,-3.73306710299988
10691,2.56568,-2.30177745925768
10692,2.56592,-2.94357948875471
10693,2.56616,-3.42234363586492
10694,2.5664,-2.12182142240393
10695,2.56664,-3.23593127298771
10696,2.56688,-2.99265798842354
10697,2.56712,-2.54832305822749
10698,2.56736,-3.64387659220975
10699,2.5676,-2.56856554492116
10700,2.56784,-2.85155660234849
10701,2.56808,-3.69599722419358
10702,2.56832,-2.38664306445864
10703,2.56856,-3.02609268571332
10704,2.5688,-3.38448801951707
10705,2.56904,-2.20549692543637
10706,2.56928,-3.08547757259647
10707,2.56952,-3.32109373979012
10708,2.56976,-2.14525408710985
10709,2.57,-3.25838322972119
10710,2.57024,-2.77804960485996
10711,2.57048,-2.69858936569039
10712,2.57072,-3.78676927071907
10713,2.57096,-2.47435079731021
10714,2.5712,-2.87824444880838
10715,2.57144,-3.24485792035673
10716,2.57168,-2.55476786761373
10717,2.57192,-3.65180901197326
10718,2.57216,-2.81107794542662
10719,2.5724,-2.37422427576866
10720,2.57264,-3.47567583314581
10721,2.57288,-2.75457820543839
10722,2.57312,-2.67532275735135
10723,2.57336,-3.76891335647025
10724,2.5736,-2.45249614584676
10725,2.57384,-3.20766003054401
10726,2.57408,-2.96611707859664
10727,2.57432,-2.51998771550369
10728,2.57456,-3.61859572441526
10729,2.5748,-2.54319681374763
10730,2.57504,-2.94366402976003
10731,2.57528,-3.4234136990988
10732,2.57552,-2.24318988008946
10733,2.57576,-3.11945475683309
10734,2.576,-2.87962873004466
10735,2.57624,-2.67558581729635
10736,2.57648,-3.64412164342272
10737,2.57672,-2.45214024170366
10738,2.57696,-2.97384494436381
10739,2.5772,-3.21566429714558
10740,2.57744,-2.4049095398179
10741,2.57768,-3.51029644437431
10742,2.57792,-2.90845348981442
10743,2.57816,-2.34936104731352
10744,2.5784,-3.4511103326412
10745,2.57864,-2.96424362789206
10746,2.57888,-2.40233619302339
10747,2.57912,-3.50700164836161
10748,2.57936,-2.66653153290614
10749,2.5796,-2.59203805391223
10750,2.57984,-3.68669723240747
10751,2.58008,-2.48942905552691
10752,2.58032,-3.00952122475229
10753,2.58056,-3.37055913019275
10754,2.5808,-2.19489446228262
10755,2.58104,-3.3094853799468
10756,2.58128,-2.94554449158598
10757,2.58152,-2.6223821067946
10758,2.58176,-3.71487283357428
10759,2.582,-2.6379936827506
10760,2.58224,-2.7991374313566
10761,2.58248,-3.40551696484379
10762,2.58272,-2.10939052499931
10763,2.58296,-3.22337615297917
10764,2.5832,-2.97953532273662
10765,2.58344,-2.29415277616171
10766,2.58368,-3.28285909430397
10767,2.58392,-2.92145347394644
10768,2.58416,-2.36103758082129
10769,2.5844,-3.58518243481943
10770,2.58464,-2.98015736725026
10771,2.58488,-2.53785578104545
10772,2.58512,-3.63233840773311
10773,2.58536,-2.43791660463893
10774,2.5856,-2.84093002750882
10775,2.58584,-3.32350269399142
10776,2.58608,-2.15039431528718
10777,2.58632,-3.26610343590366
10778,2.58656,-3.14068596279316
10779,2.5868,-2.21217479562005
10780,2.58704,-3.4397835047243
10781,2.58728,-2.48646374911643
10782,2.58752,-2.88954281296989
10783,2.58776,-3.49030943697059
10784,2.588,-2.30602103464093
10785,2.58824,-3.18490042766356
10786,2.58848,-3.42032745708873
10787,2.58872,-2.12274750239327
10788,2.58896,-3.23490320534835
10789,2.5892,-2.99062350054357
10790,2.58944,-2.42725708043338
10791,2.58968,-3.64508882710352
10792,2.58992,-2.56606814458305
10793,2.59016,-2.84898759157728
10794,2.5904,-3.33386578375039
10795,2.59064,-2.27931526644788
10796,2.59088,-3.50708468773533
10797,2.59112,-2.9055291936301
10798,2.59136,-2.46654585842188
10799,2.5916,-3.56420178261598
10800,2.59184,-2.72400841893116
10801,2.59208,-2.76653156447181
10802,2.59232,-3.61671235988905
10803,2.59256,-2.3080355879044
10804,2.5928,-3.18516131290499
10805,2.59304,-3.18229159688421
10806,2.59328,-2.01016984106657
10807,2.59352,-3.24576647807224
10808,2.59376,-2.88693784438356
10809,2.594,-2.56687246017061
10810,2.59424,-3.66278437053581
10811,2.59448,-2.35385960599043
10812,2.59472,-3.11310387062066
10813,2.59496,-3.11163061168327
10814,2.5952,-2.30516437500924
10815,2.59544,-3.41160977563069
10816,2.59568,-2.69095430240783
10817,2.59592,-2.73103813756583
10818,2.59616,-3.57843515934538
10819,2.5964,-2.38952931963303
10820,2.59664,-2.91417505499789
10821,2.59688,-3.27951223246541
10822,2.59712,-2.22609847792537
10823,2.59736,-3.21923234362063
10824,2.5976,-2.74091051811969
10825,2.59784,-2.66164170749611
10826,2.59808,-3.63147094259184
10827,2.59832,-2.20543078694159
10828,2.59856,-3.08576360299973
10829,2.5988,-3.20488889984444
10830,2.59904,-2.39569992920628
10831,2.59928,-3.49911416599342
10832,2.59952,-2.77860134830091
10833,2.59976,-2.46070780941458
10834,2.6,-3.56046212981372
10835,2.60024,-2.83901475805411
10836,2.60048,-2.52068418026855
10837,2.60072,-3.62043229868829
10838,2.60096,-2.54435748095656
10839,2.6012,-2.8291972317889
10840,2.60144,-3.43357808029058
10841,2.60168,-2.13298974240623
10842,2.60192,-3.13238793129217
10843,2.60216,-3.37024400193635
10844,2.6024,-2.07498664814323
10845,2.60264,-3.072166732764
10846,2.60288,-3.07038223669195
10847,2.60312,-2.50412276912052
10848,2.60336,-3.59936198582096
10849,2.6036,-2.6436335416063
10850,2.60384,-2.68847582202234
10851,2.60408,-3.41884072445938
10852,2.60432,-2.12063394148943
10853,2.60456,-3.35418004930171
10854,2.6048,-2.75415399325661
10855,2.60504,-2.79377872564195
10856,2.60528,-3.6420270749917
10857,2.60552,-2.21560317309335
10858,2.60576,-2.97748932258701
10859,2.606,-3.33844056380097
10860,2.60624,-2.16489421522355
10861,2.60648,-3.39780625739168
10862,2.60672,-2.91486438840456
10863,2.60696,-2.47563981364141
10864,2.6072,-3.57481898095222
10865,2.60744,-2.50032863168337
10866,2.60768,-2.54883404033146
10867,2.60792,-3.64523967678017
10868,2.60816,-2.45139856996338
10869,2.6084,-2.85621902911937
10870,2.60864,-3.45865069816861
10871,2.60888,-2.15875892081171
10872,2.60912,-3.15843656865521
10873,2.60936,-3.1582173502391
10874,2.6096,-2.22999065414051
10875,2.60984,-3.22178723815033
10876,2.61008,-2.97829125594792
10877,2.61032,-2.41567445070424
10878,2.61056,-3.63422239335622
10879,2.6108,-2.55588746733672
10880,2.61104,-2.83946258770644
10881,2.61128,-3.56638548824156
10882,2.61152,-2.14288846728908
10883,2.61176,-2.90842849907122
10884,2.612,-3.51121822542175
10885,2.61224,-2.09009817399415
10886,2.61248,-3.20479763049451
10887,2.61272,-3.2004038426374
10888,2.61296,-2.27391572681502
10889,2.6132,-3.26380910482412
10890,2.61344,-2.90353234943641
10891,2.61368,-2.46184491050818
10892,2.61392,-3.4461805461099
10893,2.61416,-2.49329793619799
10894,2.6144,-2.89547870543787
10895,2.61464,-3.49713261064776
10896,2.61488,-2.4304597718858
10897,2.61512,-2.83846742698291
10898,2.61536,-3.44432592899749
10899,2.6156,-2.14250342779028
10900,2.61584,-3.02574456358965
10901,2.61608,-3.02869703271896
10902,2.61632,-2.46308566498144
10903,2.61656,-3.56023627719405
10904,2.6168,-2.48783245748702
10905,2.61704,-2.89025673457131
10906,2.61728,-3.13529669193615
10907,2.61752,-2.32799481130479
10908,2.61776,-3.55349928794309
10909,2.618,-2.59378067699306
10910,2.61824,-2.75637708992626
10911,2.61848,-3.6037824894822
10912,2.61872,-2.29417600763802
10913,2.61896,-2.8183796876986
10914,2.6192,-3.42384175664794
10915,2.61944,-2.24321152976434
10916,2.61968,-3.00402727210505
10917,2.61992,-3.0075468003831
10918,2.62016,-2.56314095416797
10919,2.6204,-3.65860213036095
10920,2.62064,-2.81808633610388
10921,2.62088,-2.38319901954105
10922,2.62112,-3.48477173618853
10923,2.62136,-2.64832437285566
10924,2.6216,-2.57504866872588
10925,2.62184,-3.6726320866925
10926,2.62208,-2.24588346889064
10927,2.62232,-3.24233924499936
10928,2.62256,-3.00154119077338
10929,2.6228,-2.4397762035509
10930,2.62304,-3.42166292541854
10931,2.62328,-2.58582589458728
10932,2.62352,-2.63071149620278
10933,2.62376,-3.36292561236091
10934,2.624,-2.06643633152297
10935,2.62424,-3.30209761944722
10936,2.62448,-3.05874007550034
10937,2.62472,-2.37642228227338
10938,2.62496,-3.36328075143416
10939,2.6252,-2.76436338245663
10940,2.62544,-2.32753895893739
10941,2.62568,-3.43504444429211
10942,2.62592,-2.48317544042204
10943,2.62616,-2.77090888310667
10944,2.6264,-3.37978224209341
10945,2.62664,-2.08176418584808
10946,2.62688,-3.08273273955511
10947,2.62712,-3.20144302944542
10948,2.62736,-2.03010676168663
10949,2.6276,-3.14796662631514
10950,2.62784,-3.14836660783353
10951,2.62808,-2.10265912884231
10952,2.62832,-3.33720987111487
10953,2.62856,-2.7398922088257
10954,2.6288,-2.54506533935077
10955,2.62904,-3.51893785673259
10956,2.62928,-2.21310661435652
10957,2.62952,-2.74092051590198
10958,2.62976,-3.58949566437454
10959,2.63,-2.28236022493649
10960,2.63024,-2.80843380702119
10961,2.63048,-3.2950354637764
10962,2.63072,-2.00068780147603
10963,2.63096,-3.2396867994538
10964,2.6312,-2.99866185880921
10965,2.63144,-2.19480694468893
10966,2.63168,-3.30422426819622
10967,2.63192,-3.06040388864248
10968,2.63216,-2.37894607445229
10969,2.6324,-3.36442751235005
10970,2.63264,-2.53069705850804
10971,2.63288,-2.69701687035747
10972,2.63312,-3.18890345542572
10973,2.63336,-2.14062513097641
10974,2.6336,-3.37176168872304
10975,2.63384,-2.89018253096608
10976,2.63408,-2.33243381379388
10977,2.63432,-3.31868776651153
10978,2.63456,-2.72266971015227
10979,2.6348,-2.41013344738007
10980,2.63504,-3.5141097347446
10981,2.63528,-2.44558513461712
10982,2.63552,-2.96809514312695
10983,2.63576,-3.0909609501837
10984,2.636,-2.28748894818396
10985,2.63624,-3.39506621484816
10986,2.63648,-2.67896887130673
10987,2.63672,-2.60446410887714
10988,2.63696,-3.46209628566284
10989,2.6372,-2.04331790699527
10990,2.63744,-3.28008066408888
10991,2.63768,-3.03777705398839
10992,2.63792,-2.23314495197625
10993,2.63816,-3.34223903334647
10994,2.6384,-2.8624111890438
10995,2.63864,-2.30679819170339
10996,2.63888,-3.29678557574855
10997,2.63912,-2.70044657593345
10998,2.63936,-2.38843567867291
10999,2.6396,-3.61062750331852
11000,2.63984,-2.30696712026819
11001,2.64008,-2.95362708755214
11002,2.64032,-3.43615265459366
11003,2.64056,-2.02028873350507
11004,2.6408,-3.02102856411975
11005,2.64104,-3.26099036005779
11006,2.64128,-1.97260078458969
11007,2.64152,-2.97451857596754
11008,2.64176,-3.33505376524734
11009,2.642,-2.16064558754952
11010,2.64224,-3.27507789611834
11011,2.64248,-2.5634049662294
11012,2.64272,-2.49484696707311
11013,2.64296,-3.59258133366927
11014,2.6432,-2.39869102413688
11015,2.64344,-2.68627851716271
11016,2.64368,-3.65719641786237
11017,2.64392,-2.34979736475664
11018,2.64416,-2.63996512452257
11019,2.6444,-3.73269466095635
11020,2.64464,-2.42028242009496
11021,2.64488,-2.94440631254076
11022,2.64512,-2.95111838163376
11023,2.64536,-2.38823225284425
11024,2.6456,-3.49060026123732
11025,2.64584,-2.42144517557777
11026,2.64608,-2.82697515055089
11027,2.64632,-3.3146399598967
11028,2.64656,-2.02131165127785
11029,2.6468,-3.02162383271756
11030,2.64704,-2.7888890211378
11031,2.64728,-2.59205381855765
11032,2.64752,-3.56400561506989
11033,2.64776,-2.25808934853814
11034,2.648,-2.78406965276667
11035,2.64824,-3.51105764498632
11036,2.64848,-2.09332129343807
11037,2.64872,-2.85954365134888
11038,2.64896,-3.22553241429006
11039,2.6492,-2.05551622561489
11040,2.64944,-3.05779440305024
11041,2.64968,-2.82353290963634
11042,2.64992,-2.38860933452993
11043,2.65016,-3.60997045224788
11044,2.6504,-2.30380819052738
11045,2.65064,-2.83303930029526
11046,2.65088,-3.56053807460425
11047,2.65112,-2.25391915349515
11048,2.65136,-2.78183117115654
11049,2.6516,-3.51156374371741
11050,2.65184,-2.20708119564045
11051,2.65208,-2.73703517122468
11052,2.65232,-3.34584690071421
11053,2.65256,-1.93221777652732
11054,2.6528,-3.1743364985853
11055,2.65304,-2.69927584447406
11056,2.65328,-2.26543025144541
11057,2.65352,-3.37191520034287
11058,2.65376,-2.77148475615056
11059,2.654,-2.45608994451451
11060,2.65424,-3.43967333368742
11061,2.65448,-2.60278520323146
11062,2.65472,-2.53173496183131
11063,2.65496,-3.51332120078222
11064,2.6552,-2.44233232795645
11065,2.65544,-2.73158262336436
11066,2.65568,-3.22210500591198
11067,2.65592,-1.93286209324082
11068,2.65616,-3.17143753569954
11069,2.6564,-2.81375430691162
11070,2.65664,-2.13964953677661
11071,2.65688,-3.2516273025415
11072,2.65712,-3.01067749530181
11073,2.65736,-2.21083984866049
11074,2.6576,-3.20378934781491
11075,2.65784,-2.96495296085691
11076,2.65808,-2.16534385811976
11077,2.65832,-3.16030566817926
11078,2.65856,-2.80440531161265
11079,2.6588,-2.24970137006908
11080,2.65904,-3.4780264459474
11081,2.65928,-2.41162316621919
11082,2.65952,-2.82075459341415
11083,2.65976,-3.30873454632382
11084,2.66,-1.89898388132563
11085,2.66024,-3.02406303904748
11086,2.66048,-3.26615374792517
11087,2.66072,-1.97418037032519
11088,2.66096,-2.97613801545666
11089,2.6612,-3.09969885364752
11090,2.66144,-2.05546363197341
11091,2.66168,-3.1737245916841
11092,2.66192,-2.69963262633651
11093,2.66216,-2.26756717024686
11094,2.6624,-3.61233245601276
11095,2.66264,-2.30915933831219
11096,2.66288,-2.83821303769341
11097,2.66312,-3.32588710738302
11098,2.66336,-1.91494611528532
11099,2.6636,-2.92258568041964
11100,2.66384,-3.16910608376929
11101,2.66408,-1.88136892478271
11102,2.66432,-2.88737730084844
11103,2.66456,-3.25182453839711
11104,2.6648,-2.08115775017351
11105,2.66504,-3.19916779093764
11106,2.66528,-2.72443939162769
11107,2.66552,-2.53091556481694
11108,2.66576,-3.5064989432116
11109,2.666,-2.2040606754602
11110,2.66624,-2.85359245466895
11111,2.66648,-3.34193183693321
11112,2.66672,-2.04577119172446
11113,2.66696,-2.81593524747309
11114,2.6672,-3.30588807845724
11115,2.66744,-2.01221308407177
11116,2.66768,-2.78160226544836
11117,2.66792,-3.3885598112988
11118,2.66816,-1.97229638130062
11119,2.6684,-3.09420385889607
11120,2.66864,-2.62405720628733
11121,2.66888,-2.43491491139348
11122,2.66912,-3.65434863193313
11123,2.66936,-2.22696117354963
11124,2.6696,-2.75567493855207
11125,2.66984,-3.48404182688376
11126,2.67008,-2.184305557898
11127,2.67032,-2.71446310581456
11128,2.67056,-3.44458569041495
11129,2.6708,-2.14661194874642
11130,2.67104,-2.67836931280943
11131,2.67128,-3.4101069456486
11132,2.67152,-1.99376611864289
11133,2.67176,-3.11389636004019
11134,2.672,-2.6424478259773
11135,2.67224,-2.33186437342734
11136,2.67248,-3.55491655802756
11137,2.67272,-2.25428169581036
11138,2.67296,-2.7857628563176
11139,2.6732,-3.51541822190061
11140,2.67344,-2.21261955235209
11141,2.67368,-2.7424264173857
11142,2.67392,-3.47397115172864
11143,2.67416,-2.05359849497453
11144,2.6744,-2.82342093877394
11145,2.67464,-3.31310424235928
11146,2.67488,-2.01647610559584
11147,2.67512,-2.90382339707182
11148,2.67536,-2.91029436676657
11149,2.6756,-2.110518973985
11150,2.67584,-3.46217076947914
11151,2.67608,-2.39652379809005
11152,2.67632,-2.68830432868766
11153,2.67656,-3.30063184532144
11154,2.6768,-2.01021953354001
11155,2.67704,-2.7797707640176
11156,2.67728,-3.26829580845725
11157,2.67752,-1.861249780663
11158,2.67776,-2.86863520096207
11159,2.678,-3.35462561179734
11160,2.67824,-1.9398740147519
11161,2.67848,-3.06322743909277
11162,2.67872,-2.94735084300995
11163,2.67896,-2.26842388404643
11164,2.6792,-3.49729337673888
11165,2.67944,-2.42796554900362
11166,2.67968,-2.47918285995436
11167,2.67992,-3.45663711954053
11168,2.68016,-2.15641937386548
11169,2.6804,-2.80807455857212
11170,2.68064,-3.29844427462216
11171,2.68088,-2.00814102529593
11172,2.68112,-2.77779667364918
11173,2.68136,-3.26642127837625
11174,2.6816,-1.85947046358967
11175,2.68184,-2.86694673902213
11176,2.68208,-3.35302404280309
11177,2.68232,-1.93835551835221
11178,2.68256,-3.0617883387017
11179,2.6828,-2.94598761191834
11180,2.68304,-2.26713316588091
11181,2.68328,-3.49607202521605
11182,2.68352,-2.4268105137208
11183,2.68376,-2.4780912513942
11184,2.684,-3.45560608724334
11185,2.68424,-2.15717775681568
11186,2.68448,-2.80881205615747
11187,2.68472,-3.17802065922663
11188,2.68496,-1.89253600494976
11189,2.6852,-2.89861160997879
11190,2.68544,-3.14540135735212
11191,2.68568,-1.9825107681222
11192,2.68592,-2.98682101462311
11193,2.68616,-3.23021423417309
11194,2.6864,-2.06014418461129
11195,2.68664,-3.18000614486732
11196,2.68688,-2.94231182624682
11197,2.68712,-2.26363015324967
11198,2.68736,-3.37378012960872
11199,2.6876,-2.66061724424769
11200,2.68784,-2.4699485798538
11201,2.68808,-3.32667590675881
11202,2.68832,-2.03473350494487
11203,2.68856,-3.04027546199581
11204,2.6888,-2.92539656006179
11205,2.68904,-2.12935636748046
11206,2.68928,-3.12599349814432
11207,2.68952,-2.89062925839298
11208,2.68976,-2.21639330914458
11209,2.69,-3.21054244194004
11210,2.69024,-2.61728170314526
11211,2.69048,-2.30699198186176
11212,2.69072,-3.41177525898645
11213,2.69096,-2.34445880469795
11214,2.6912,-2.63768868415201
11215,2.69144,-3.25311293138721
11216,2.69168,-1.96090722341643
11217,2.69192,-2.97140085151671
11218,2.69216,-2.74014773687207
11219,2.6924,-2.18924038592429
11220,2.69264,-3.30176841124484
11221,2.69288,-2.35381561379082
11222,2.69312,-2.4091832266194
11223,2.69336,-3.39231781035949
11224,2.6936,-2.44089725562709
11225,2.69384,-2.61140011669337
11226,2.69408,-3.58836558473104
11227,2.69432,-2.1639271929828
11228,2.69456,-2.69414844933417
11229,2.6948,-3.42526913828422
11230,2.69504,-2.00833871644252
11231,2.69528,-2.89696500998874
11232,2.69552,-3.02318200867337
11233,2.69576,-1.9788911117008
11234,2.696,-3.33632559626096
11235,2.69624,-2.50801044828831
11236,2.69648,-2.44167459750191
11237,2.69672,-3.54322750813462
11238,2.69696,-2.12379243746757
11239,2.6972,-2.65799393068628
11240,2.69744,-3.27081564398298
11241,2.69768,-1.86283699625658
11242,2.69792,-2.87153117859444
11243,2.69816,-3.00057610178835
11244,2.6984,-1.95993935175414
11245,2.69864,-2.96263681641543
11246,2.69888,-2.84944279846837
11247,2.69912,-2.17656534042194
11248,2.69936,-3.29052905113836
11249,2.6996,-2.57924284775748
11250,2.69984,-2.39171510944274
11251,2.70008,-3.49545977534201
11252,2.70032,-2.31209296817249
11253,2.70056,-2.60802738966906
11254,2.7008,-3.10192697286641
11255,2.70104,-1.93741515521271
11256,2.70128,-2.94721491194307
11257,2.70152,-2.59809019922605
11258,2.70176,-2.17013076931679
11259,2.702,-3.28438863087163
11260,2.70224,-2.3367653873465
11261,2.70248,-2.39289134476817
11262,2.70272,-3.37805073975406
11263,2.70296,-2.42724060788624
11264,2.7032,-2.59924033587489
11265,2.70344,-3.57803866198384
11266,2.70368,-2.27347226415199
11267,2.70392,-2.68433508105088
11268,2.70416,-3.41718306575742
11269,2.7044,-1.99976880880902
11270,2.70464,-2.88963556517472
11271,2.70488,-3.13601610328283
11272,2.70512,-1.85152511050983
11273,2.70536,-3.09425065377827
11274,2.7056,-2.74049898856999
11275,2.70584,-2.06713318234683
11276,2.70608,-3.42031055164894
11277,2.70632,-2.35612056110956
11278,2.70656,-2.53123697891395
11279,2.7068,-3.26940777102312
11280,2.70704,-1.86104172989516
11281,2.70728,-2.87114348339207
11282,2.70752,-2.87995631975768
11283,2.70776,-2.08465327359505
11284,2.708,-3.08456062500857
11285,2.70824,-2.73119742735568
11286,2.70848,-2.18068784230437
11287,2.70872,-3.17378748577903
11288,2.70896,-2.58176259601699
11289,2.7092,-2.39544877704566
11290,2.70944,-3.38183149975411
11291,2.70968,-2.4343576612308
11292,2.70992,-2.48883922064182
11293,2.71016,-3.46899576145302
11294,2.7104,-2.17002023337234
11295,2.71064,-2.82288876006124
11296,2.71088,-2.95233872001505
11297,2.71112,-1.91202503490058
11298,2.71136,-3.15690619371447
11299,2.7116,-2.56907129920183
11300,2.71184,-2.26395679402097
11301,2.71208,-3.49263752440173
11302,2.71232,-2.0758718786518
11303,2.71256,-2.61170757532429
11304,2.7128,-3.10628850835392
11305,2.71304,-1.82269667876402
11306,2.71328,-2.83182499694856
11307,2.71352,-2.96175255014498
11308,2.71376,-2.04479543815408
11309,2.714,-3.04772906630828
11310,2.71424,-2.8157998929732
11311,2.71448,-2.1448251567411
11312,2.71472,-3.14081846665423
11313,2.71496,-2.67044545786405
11314,2.7152,-2.24282958444611
11315,2.71544,-3.35263573845647
11316,2.71568,-2.6395072398201
11317,2.71592,-2.2132339777515
11318,2.71616,-3.32343691720015
11319,2.7164,-2.49176676701793
11320,2.71664,-2.54293363009752
11321,2.71688,-3.39779645874399
11322,2.71712,-2.10062822434869
11323,2.71736,-2.87282550083414
11324,2.7176,-2.88160564529085
11325,2.71784,-1.96376778288545
11326,2.71808,-3.20464467263476
11327,2.71832,-2.61302903832022
11328,2.71856,-2.18484545273338
11329,2.7188,-3.41568257170687
11330,2.71904,-2.3508562507732
11331,2.71928,-2.40676690605631
11332,2.71952,-3.38743412168683
11333,2.71976,-1.97263865130586
11334,2.72,-2.74606262241222
11335,2.72024,-3.11804820937229
11336,2.72048,-1.95505742990852
11337,2.72072,-2.96060631597726
11338,2.72096,-2.96817241594787
11339,2.7212,-2.05224120111037
11340,2.72144,-3.05140120845708
11341,2.72168,-2.70038702893554
11342,2.72192,-2.27147330328919
11343,2.72216,-3.38003825030397
11344,2.7224,-2.43306387417375
11345,2.72264,-2.48717511562398
11346,2.72288,-3.3458013134842
11347,2.72312,-2.04871036719902
11348,2.72336,-2.70250342189177
11349,2.7236,-3.07377519450001
11350,2.72384,-1.78940400931682
11351,2.72408,-3.03832844128317
11352,2.72432,-2.80810666707926
11353,2.72456,-2.01592456440529
11354,2.7248,-3.25540374626149
11355,2.72504,-2.54609417139877
11356,2.72528,-2.12041121911694
11357,2.72552,-3.35447444848153
11358,2.72576,-2.41039138963152
11359,2.726,-2.22844983383579
11360,2.72624,-3.45653610467127
11361,2.72648,-2.15896746670803
11362,2.72672,-2.45766506107358
11363,2.72696,-3.19903856115793
11364,2.7272,-2.02859119042326
11365,2.72744,-2.56561290522521
11366,2.72768,-3.062196537246
11367,2.72792,-1.77964083883184
11368,2.72816,-2.90874566937703
11369,2.7284,-2.67978541656047
11370,2.72864,-2.13108414066794
11371,2.72888,-3.12896791867521
11372,2.72912,-2.42121139742259
11373,2.72936,-2.3569062458333
11374,2.7296,-3.34363645354667
11375,2.72984,-2.16253020520008
11376,2.73008,-2.81571690577083
11377,2.73032,-3.06700058927039
11378,2.73056,-1.78249786386579
11379,2.7308,-3.02953099792955
11380,2.73104,-2.7979545638165
11381,2.73128,-2.00534325276376
11382,2.73152,-3.12325473868158
11383,2.73176,-2.6532580929354
11384,2.732,-2.1061033740995
11385,2.73224,-3.3386008617768
11386,2.73248,-2.39300260688923
11387,2.73272,-2.33033152099116
11388,2.73296,-3.312552693348
11389,2.7332,-2.13758702134723
11390,2.73344,-2.67422149927031
11391,2.73368,-3.04715185366177
11392,2.73392,-1.88111863146506
11393,2.73416,-2.65854272011279
11394,2.7344,-3.0316947458443
11395,2.73464,-1.87028154484234
11396,2.73488,-2.7644498232768
11397,2.73512,-2.77793130895818
11398,2.73536,-1.86459097925373
11399,2.7356,-2.99344237693932
11400,2.73584,-2.6440669230562
11401,2.73608,-1.97488962258306
11402,2.73632,-3.09851619847276
11403,2.73656,-2.51277210721917
11404,2.7368,-2.08896100517415
11405,2.73704,-3.32523864292274
11406,2.73728,-2.26212968971434
11407,2.73752,-2.32152160084295
11408,2.73776,-3.43133395176783
11409,2.738,-2.13443494470593
11410,2.73824,-2.55179857074279
11411,2.73848,-3.17141702129062
11412,2.73872,-1.88539944315498
11413,2.73896,-2.77759063391899
11414,2.7392,-2.67110718697117
11415,2.73944,-2.24344565713066
11416,2.73968,-3.23771200328219
11417,2.73992,-2.29256757520198
11418,2.74016,-2.58801938999728
11419,2.7404,-3.20520536100853
11420,2.74064,-1.79657806531826
11421,2.74088,-3.04209880658138
11422,2.74112,-2.81039284639547
11423,2.74136,-2.01806366353253
11424,2.7416,-3.2543740414033
11425,2.74184,-2.31242185538357
11426,2.74208,-2.37306358274225
11427,2.74232,-3.3582314331596
11428,2.74256,-2.29498867288102
11429,2.7428,-2.59123108135682
11430,2.74304,-2.96775348558278
11431,2.74328,-1.80515558373736
11432,2.74352,-2.70350017194112
11433,2.74376,-3.07511851258772
11434,2.744,-1.79065428328227
11435,2.74424,-3.03948973935627
11436,2.74448,-2.57260237274229
11437,2.74472,-1.90654662026087
11438,2.74496,-3.03440530818676
11439,2.7452,-2.80306074427188
11440,2.74544,-1.89119099539668
11441,2.74568,-3.13215702296385
11442,2.74592,-2.42860529450019
11443,2.74616,-2.00843716318572
11444,2.7464,-3.2481988946852
11445,2.74664,-2.53916101125369
11446,2.74688,-2.11373776871314
11447,2.74712,-3.3462989076023
11448,2.74736,-2.16810082882713
11449,2.7476,-2.23153400913954
11450,2.74784,-3.34263568349046
11451,2.74808,-2.39855683756888
11452,2.74832,-2.33695398881158
11453,2.74856,-3.20117860064501
11454,2.7488,-2.03105049770773
11455,2.74904,-2.33480861516385
11456,2.74928,-3.31765123803162
11457,2.74952,-2.14112923877361
11458,2.74976,-2.55993557760466
11459,2.75,-2.93779811968863
11460,2.75024,-1.77648167878344
11461,2.75048,-2.79021446342638
11462,2.75072,-2.92101387215321
11463,2.75096,-1.76045508216479
11464,2.7512,-2.89379478146113
11465,2.75144,-2.90381151420688
11466,2.75168,-1.74787783770769
11467,2.75192,-2.99682157727108
11468,2.75216,-2.76705434704029
11469,2.7524,-1.85546975999226
11470,2.75264,-3.10187101488567
11471,2.75288,-2.63270614138214
11472,2.75312,-1.9653015958614
11473,2.75336,-3.20605556930033
11474,2.7536,-2.49839801914126
11475,2.75384,-2.07429248209925
11476,2.75408,-3.19222071222531
11477,2.75432,-2.48646805674957
11478,2.75456,-2.18488757540934
11479,2.7548,-3.29932418737788
11480,2.75504,-2.35491680047668
11481,2.75528,-2.17409070450103
11482,2.75552,-3.28460030579016
11483,2.75576,-2.34306773977417
11484,2.756,-2.16398949717007
11485,2.75624,-3.27454715731774
11486,2.75648,-2.2149060564423
11487,2.75672,-2.5145931194558
11488,2.75696,-3.13318603596337
11489,2.7572,-1.96422754754332
11490,2.75744,-2.62380979481608
11491,2.75768,-3.11954444792739
11492,2.75792,-1.83704353059306
11493,2.75816,-2.85243658328581
11494,2.7584,-2.74523962680496
11495,2.75864,-1.83196906118179
11496,2.75888,-2.96302928526503
11497,2.75912,-2.73471428393735
11498,2.75936,-1.82535250346938
11499,2.7596,-3.06914145078723
11500,2.75984,-2.4833108940603
11501,2.76008,-2.06027872974232
11502,2.76032,-3.17879299688584
11503,2.76056,-2.35333809919378
11504,2.7608,-2.29194307335562
11505,2.76104,-3.15808956007112
11506,2.76128,-1.98979882644148
11507,2.76152,-2.29531424126223
11508,2.76176,-3.40099450330987
11509,2.762,-2.10445358469737
11510,2.76224,-2.64286894248233
11511,2.76248,-2.78007251602749
11512,2.76272,-1.62819706747285
11513,2.76296,-2.76555275745438
11514,2.7632,-3.01808520231631
11515,2.76344,-1.8589264255045
11516,2.76368,-2.98619132583021
11517,2.76392,-2.40352774257289
11518,2.76416,-1.98439180340414
11519,2.7644,-3.10530292760959
11520,2.76464,-2.5165709303286
11521,2.76488,-1.97488904252704
11522,2.76512,-3.09403212738494
11523,2.76536,-2.38817342723359
11524,2.7656,-2.32522390834445
11525,2.76584,-3.1894598375781
11526,2.76608,-1.90388467384911
11527,2.76632,-2.68453995256706
11528,2.76656,-2.82162989654444
11529,2.7668,-1.66753993220865
11530,2.76704,-2.92119715151647
11531,2.76728,-2.57485897387599
11532,2.76752,-1.90991926634422
11533,2.76776,-3.1512797321608
11534,2.768,-2.44815056285451
11535,2.76824,-2.02831752956112
11536,2.76848,-3.2632361404755
11537,2.76872,-2.20360193837547
11538,2.76896,-2.38523264265986
11539,2.7692,-3.24906690350963
11540,2.76944,-1.95912097824031
11541,2.76968,-2.61931145844811
11542,2.76992,-2.99451307062052
11543,2.77016,-1.71519493751653
11544,2.7704,-2.37989314420992
11545,2.77064,-3.36420142376711
11546,2.77088,-1.83310402780937
11547,2.77112,-2.84861378497069
11548,2.77136,-2.50539442344361
11549,2.7716,-1.84348051835069
11550,2.77184,-2.85156319093554
11551,2.77208,-2.62543116656981
11552,2.77232,-1.84106170944577
11553,2.77256,-3.0853958777715
11554,2.7728,-2.38029440868632
11555,2.77304,-2.31761292534474
11556,2.77328,-3.30724755611913
11557,2.77352,-1.89841579562861
11558,2.77376,-2.67840618407614
11559,2.774,-2.81401184532786
11560,2.77424,-1.78176734860794
11561,2.77448,-2.91233770410605
11562,2.77472,-2.56765931310921
11563,2.77496,-2.02366756052347
11564,2.7752,-3.25961493889069
11565,2.77544,-2.19924915892943
11566,2.77568,-2.38101122256138
11567,2.77592,-3.24587990464732
11568,2.77616,-1.83928073926406
11569,2.7764,-2.73645298187536
11570,2.77664,-2.75141992602191
11571,2.77688,-1.96286301335
11572,2.77712,-3.08554463012011
11573,2.77736,-2.26407491914562
11574,2.7776,-2.08711069003454
11575,2.77784,-3.20131374398263
11576,2.77808,-2.02627274952706
11577,2.77832,-2.33058713735298
11578,2.77856,-3.07558603799468
11579,2.7788,-1.91038690452313
11580,2.77904,-2.6906821740499
11581,2.77928,-2.58957993427854
11582,2.77952,-1.68428202526971
11583,2.77976,-2.70187039573641
11584,2.78,-2.83901962676463
11585,2.78024,-1.80695627728085
11586,2.78048,-3.0514498219613
11587,2.78072,-2.23276972332606
11588,2.78096,-2.17779048953382
11589,2.7812,-3.1756550522322
11590,2.78144,-2.00387453530302
11591,2.78168,-2.66205457123499
11592,2.78192,-2.68022755833285
11593,2.78216,-1.89473681735303
11594,2.7824,-3.02035067531139
11595,2.78264,-2.31758605685135
11596,2.78288,-2.13866964253913
11597,2.78312,-3.13033729904041
11598,2.78336,-1.96273032033426
11599,2.7836,-2.38955420233518
11600,2.78384,-3.25400450564045
11601,2.78408,-1.84700532714196
11602,2.78432,-2.51199685577761
11603,2.78456,-2.89351266022901
11604,2.7848,-1.85995613446464
11605,2.78504,-2.98617930933813
11606,2.78528,-2.16726685855332
11607,2.78552,-2.23101034987212
11608,2.78576,-3.34023756787675
11609,2.786,-1.9299003945614
11610,2.78624,-2.5912634802523
11611,2.78648,-2.61163829152429
11612,2.78672,-2.06698915891443
11613,2.78696,-3.18596420896788
11614,2.7872,-2.24721935091811
11615,2.78744,-2.19203199559272
11616,2.78768,-3.30205227874681
11617,2.78792,-1.89160494452457
11618,2.78816,-2.43570492644783
11619,2.7884,-2.93771455309254
11620,2.78864,-1.66299483536422
11621,2.78888,-2.79689961388573
11622,2.78912,-2.57220013948108
11623,2.78936,-1.90853808999259
11624,2.7896,-3.1485567956134
11625,2.78984,-1.97790503310621
11626,2.79008,-2.63716690740477
11627,2.79032,-2.89514867024654
11628,2.79056,-1.62093664871795
11629,2.7908,-2.87695472154646
11630,2.79104,-2.41781603561935
11631,2.79128,-1.76132747605781
11632,2.79152,-2.89093860003175
11633,2.79176,-2.30923877217206
11634,2.792,-2.13104108448846
11635,2.79224,-3.36353609753919
11636,2.79248,-1.95214532511126
11637,2.79272,-2.3789775144207
11638,2.79296,-3.12311754471344
11639,2.7932,-1.72218597897818
11640,2.79344,-2.6243511199756
11641,2.79368,-2.64409244290775
11642,2.79392,-1.8601007476225
11643,2.79416,-2.98714802014578
11644,2.7944,-2.16812243151737
11645,2.79464,-2.23136130780447
11646,2.79488,-2.9809971880117
11647,2.79512,-1.70434954811566
11648,2.79536,-2.836411057322
11649,2.7956,-2.25705834160291
11650,2.79584,-2.08110517305246
11651,2.79608,-3.31574701026516
11652,2.79632,-1.90640938738978
11653,2.79656,-2.56872845171824
11654,2.7968,-2.59001742389511
11655,2.79704,-2.04624244234693
11656,2.79728,-3.16605345631902
11657,2.79752,-2.11048351420739
11658,2.79776,-2.17661990198238
11659,2.798,-3.28813565810321
11660,2.79824,-1.8799869400578
11661,2.79848,-2.54344299838053
11662,2.79872,-2.80283142595586
11663,2.79896,-1.53168495770212
11664,2.7992,-2.67476937253991
11665,2.79944,-2.81294415798509
11666,2.79968,-1.78323889759309
11667,2.79992,-2.79377533522257
11668,2.80016,-2.21666107383554
11669,2.8004,-2.27815639649719
11670,2.80064,-3.02529419775649
11671,2.80088,-1.62727784130248
11672,2.80112,-2.76615894705534
11673,2.80136,-2.54442644339621
11674,2.8016,-1.88188721252844
11675,2.80184,-3.12430341248342
11676,2.80208,-1.95462274574483
11677,2.80232,-2.61481105758627
11678,2.80256,-2.63490443788773
11679,2.8028,-1.85124989676748
11680,2.80304,-2.9786198918895
11681,2.80328,-2.1599031632671
11682,2.80352,-2.22343777731212
11683,2.80376,-2.97335662072607
11684,2.804,-1.6969798298636
11685,2.80424,-2.82930041645037
11686,2.80448,-2.25019557176395
11687,2.80472,-2.07447953860175
11688,2.80496,-3.30934839014595
11689,2.8052,-1.90022775032983
11690,2.80544,-2.56275441480916
11691,2.80568,-2.70491296606537
11692,2.80592,-1.91819224717547
11693,2.80616,-3.04263002666649
11694,2.8064,-1.98845003849813
11695,2.80664,-2.29468854302653
11696,2.80688,-3.0414876308608
11697,2.80712,-1.76212687973967
11698,2.80736,-2.78048777992739
11699,2.8076,-2.32197143019118
11700,2.80784,-1.90609885395509
11701,2.80808,-3.14695406890808
11702,2.80832,-1.9758183275815
11703,2.80856,-2.40019418756071
11704,2.8088,-2.78469696064293
11705,2.80904,-1.6332123261693
11706,2.80928,-2.41886520958301
11707,2.80952,-2.68444614761013
11708,2.80976,-1.89858396201097
11709,2.81,-3.02384250749294
11710,2.81024,-1.97044690023216
11711,2.81048,-2.27743478328976
11712,2.81072,-3.02495071794542
11713,2.81096,-1.74627412409034
11714,2.8112,-2.64545525392579
11715,2.81144,-2.30868613852595
11716,2.81168,-2.13036895032431
11717,2.81192,-3.12308921337994
11718,2.81216,-1.72116307965067
11719,2.8124,-2.62408391679172
11720,2.81264,-2.64414146244646
11721,2.81288,-1.85911515225408
11722,2.81312,-2.98695011098122
11723,2.81336,-2.05495419027631
11724,2.8136,-2.24320642450089
11725,2.81384,-3.11244565761002
11726,2.81408,-1.70879193539663
11727,2.81432,-2.60959413763734
11728,2.81456,-2.27477878339907
11729,2.8148,-1.86049020726514
11730,2.81504,-3.10370056783004
11731,2.81528,-1.93220913415811
11732,2.81552,-2.00549719706973
11733,2.81576,-3.12652953552701
11734,2.816,-2.07121881081508
11735,2.81624,-2.37680292836313
11736,2.81648,-2.76398510817442
11737,2.81672,-1.85347865053848
11738,2.81696,-2.98152947731171
11739,2.8172,-2.16604838190035
11740,2.81744,-2.34680713996611
11741,2.81768,-2.97317566047558
11742,2.81792,-1.57468521174656
11743,2.81816,-2.71312040294622
11744,2.8184,-2.37638572129623
11745,2.81864,-1.9615852200812
11746,2.81888,-3.20210555190512
11747,2.81912,-1.91084097793591
11748,2.81936,-2.33791948165982
11749,2.8196,-2.60569147734076
11750,2.81984,-1.70554276975995
11751,2.82008,-2.95545707033895
11752,2.82032,-1.79037596201367
11753,2.82056,-2.45534200939939
11754,2.8208,-2.60036575324394
11755,2.82104,-1.81891227405255
11756,2.82128,-3.0639182685224
11757,2.82152,-2.01214449537342
11758,2.82176,-2.31632567470692
11759,2.822,-2.94398323942934
11760,2.82224,-1.54672530157144
11761,2.82248,-2.68633917825026
11762,2.82272,-2.35073159599797
11763,2.82296,-2.17314370400397
11764,2.8232,-2.92509893282869
11765,2.82344,-1.64499388811644
11766,2.82368,-2.660936050638
11767,2.82392,-2.56170679356392
11768,2.82416,-1.90132845653459
11769,2.8244,-3.14400274329071
11770,2.82464,-1.85606995545971
11771,2.82488,-2.40489104015393
11772,2.82512,-2.79078200966637
11773,2.82536,-1.75525175223363
11774,2.8256,-2.42217120093615
11775,2.82584,-2.80468771844519
11776,2.82608,-1.65398720652539
11777,2.82632,-2.90695218544387
11778,2.82656,-2.44628034728419
11779,2.8268,-1.6680096635287
11780,2.82704,-2.80492122381192
11781,2.82728,-2.34559298519008
11782,2.82752,-1.69022376638219
11783,2.82776,-2.82440426811694
11784,2.828,-2.01220105997848
11785,2.82824,-2.08108441347964
11786,2.82848,-3.0749171921375
11787,2.82872,-1.78824985336832
11788,2.82896,-2.10078833645172
11789,2.8292,-3.21756060854792
11790,2.82944,-1.92723560608494
11791,2.82968,-2.35487128894481
11792,2.82992,-2.74289010824617
11793,2.83016,-1.71381064534759
11794,2.8304,-2.72887041831035
11795,2.83064,-2.39134116370923
11796,2.83088,-1.97577998503433
11797,2.83112,-2.97591305831977
11798,2.83136,-1.69352729753745
11799,2.8316,-2.59440861161781
11800,2.83184,-2.49802007364669
11801,2.83208,-2.07732512572993
11802,2.83232,-3.19637249938055
11803,2.83256,-2.02546730702636
11804,2.8328,-2.2139661289583
11805,2.83304,-2.84686934989948
11806,2.83328,-1.57264734684694
11807,2.83352,-2.59689949700909
11808,2.83376,-2.50077434640501
11809,2.834,-1.84079920087157
11810,2.83424,-2.96748283802188
11811,2.83448,-2.15336890289763
11812,2.83472,-1.86182873848408
11813,2.83496,-2.98672452389537
11814,2.8352,-1.93869407788854
11815,2.83544,-2.24766948623787
11816,2.83568,-2.75664588230491
11817,2.83592,-1.36914074244669
11818,2.83616,-2.63358576009963
11819,2.8364,-2.41644396613559
11820,2.83664,-1.87990599339464
11821,2.83688,-3.00574478191547
11822,2.83712,-2.07054226700414
11823,2.83736,-2.13808945985467
11824,2.8376,-2.8910151646918
11825,2.83784,-1.73206351143285
11826,2.83808,-2.40161959498986
11827,2.83832,-2.55051699697135
11828,2.83856,-1.7676166251399
11829,2.8388,-2.89920855208125
11830,2.83904,-2.0871137444727
11831,2.83928,-2.1534780672872
11832,2.83952,-3.02597329464827
11833,2.83976,-1.62585369956843
11834,2.84,-2.29823845957049
11835,2.84024,-2.44990028376998
11836,2.84048,-1.79423231818258
11837,2.84072,-3.04141158967631
11838,2.84096,-1.75778646236731
11839,2.8412,-2.54338644072391
11840,2.84144,-2.68871110565047
11841,2.84168,-1.42171145338507
11842,2.84192,-2.68338674707899
11843,2.84216,-2.23226208003857
11844,2.8424,-1.94070804558152
11845,2.84264,-3.0629560412263
11846,2.84288,-1.78186087216312
11847,2.84312,-2.33155772722204
11848,2.84336,-2.59933491858048
11849,2.8436,-1.57287393182453
11850,2.84384,-2.8300721287812
11851,2.84408,-2.1355380540755
11852,2.84432,-1.96536494193292
11853,2.84456,-3.08828980102898
11854,2.8448,-1.91979996212443
11855,2.84504,-2.34803936098526
11856,2.84528,-2.61593609384676
11857,2.84552,-1.59396722155814
11858,2.84576,-2.73127259710814
11859,2.846,-2.39437965752121
11860,2.84624,-1.74063426307392
11861,2.84648,-2.99181970363426
11862,2.84672,-1.8292485021995
11863,2.84696,-1.90676247290618
11864,2.8472,-2.91588791470482
11865,2.84744,-2.10210425568236
11866,2.84768,-1.93597536464214
11867,2.84792,-2.81871092483629
11868,2.84816,-1.42664983308776
11869,2.8484,-2.57123368645796
11870,2.84864,-2.24037813177345
11871,2.84888,-1.94750029328342
11872,2.84912,-3.06851182023917
11873,2.84936,-1.78756440575854
11874,2.8496,-2.33648417972079
11875,2.84984,-2.36653633758315
11876,2.85008,-1.59064349082764
11877,2.85032,-2.84657606281975
11878,2.85056,-1.80357693469102
11879,2.8508,-2.11609701664645
11880,2.85104,-2.86855191545179
11881,2.85128,-1.47643118652424
11882,2.85152,-2.50467458283691
11883,2.85176,-2.52866320631789
11884,2.852,-1.38795652497459
11885,2.85224,-2.65004456417145
11886,2.85248,-2.19678282873405
11887,2.85272,-1.90576844340652
11888,2.85296,-2.90829521848225
11889,2.8532,-1.63122862973207
11890,2.85344,-2.53766981242401
11891,2.85368,-2.44433869550282
11892,2.85392,-1.54385739887748
11893,2.85416,-2.8009222649933
11894,2.8544,-1.9920585365943
11895,2.85464,-2.1822267343148
11896,2.85488,-2.81494533325671
11897,2.85512,-1.54366926875016
11898,2.85536,-2.56411806103249
11899,2.8556,-2.3507103601732
11900,2.85584,-1.81766196919004
11901,2.85608,-2.9464714122853
11902,2.85632,-1.78269900374711
11903,2.85656,-2.09650935144157
11904,2.8568,-3.09463026498105
11905,2.85704,-1.81110240403354
11906,2.85728,-2.35981824166558
11907,2.85752,-2.62662338126862
11908,2.85776,-1.48334946629885
11909,2.858,-2.74427972010806
11910,2.85824,-2.40664450426717
11911,2.85848,-1.63150517512022
11912,2.85872,-2.76750446991414
11913,2.85896,-2.19357509001883
11914,2.8592,-1.66562697614776
11915,2.85944,-2.91686924571658
11916,2.85968,-1.637600910732
11917,2.85992,-2.30838247950036
11918,2.86016,-2.45939529838766
11919,2.8604,-1.68366913137742
11920,2.86064,-2.8143169295047
11921,2.86088,-2.12375790320988
11922,2.86112,-1.59969485711704
11923,2.86136,-2.73481457905922
11924,2.8616,-2.27910062584153
11925,2.86184,-1.86717846687183
11926,2.86208,-3.11008262220665
11927,2.86232,-1.82800652588968
11928,2.86256,-2.37635716512884
11929,2.8628,-2.52387546146403
11930,2.86304,-1.6255440099991
11931,2.86328,-2.76082820138947
11932,2.86352,-2.30568988238327
11933,2.86376,-1.89348988096453
11934,2.864,-2.89642612608219
11935,2.86424,-1.6179942296146
11936,2.86448,-2.52488774397018
11937,2.86472,-2.55049372801263
11938,2.86496,-1.28797833664623
11939,2.8652,-2.5569444529146
11940,2.86544,-1.99122990334557
11941,2.86568,-2.06454517392783
11942,2.86592,-2.70269896123004
11943,2.86616,-1.43531332346093
11944,2.8664,-2.57842441849055
11945,2.86664,-2.24614489870776
11946,2.86688,-1.47312300395836
11947,2.86712,-2.73132267329116
11948,2.86736,-2.04217025296583
11949,2.8676,-1.87837064714862
11950,2.86784,-3.1207174831923
11951,2.86808,-1.83636476008536
11952,2.86832,-2.38646261805764
11953,2.86856,-2.41584794608867
11954,2.8688,-1.76047519789883
11955,2.86904,-2.89026120287638
11956,2.86928,-2.19586529669368
11957,2.86952,-1.78795122883586
11958,2.86976,-2.79755644658877
11959,2.87,-1.52250630888003
11960,2.87024,-2.43083596667934
11961,2.87048,-2.34113854924773
11962,2.87072,-1.80833224849568
11963,2.87096,-2.93343448770052
11964,2.8712,-1.77005439800449
11965,2.87144,-2.20407903588679
11966,2.87168,-2.71407181255084
11967,2.87192,-1.32716786623039
11968,2.87216,-2.24007147303506
11969,2.8724,-2.63220862588912
11970,2.87264,-1.24970103072256
11971,2.87288,-2.40216458315998
11972,2.87312,-2.66914016853165
11973,2.87336,-1.52031261703391
11974,2.8736,-2.43307529446905
11975,2.87384,-2.22731309793052
11976,2.87408,-1.45719598189667
11977,2.87432,-2.60360786982292
11978,2.87456,-2.27236769501117
11979,2.8748,-1.74249887265847
11980,2.87504,-2.87434995409273
11981,2.87528,-1.71348600038028
11982,2.87552,-2.0300784059921
11983,2.87576,-2.7911996435816
11984,2.876,-1.51806830391675
11985,2.87624,-2.19432346054154
11986,2.87648,-2.82539433938073
11987,2.87672,-1.78738133770445
11988,2.87696,-2.2227041054588
11989,2.8772,-2.3776400307357
11990,2.87744,-1.60180624498183
11991,2.87768,-2.85606822818481
11992,2.87792,-1.81272262792708
11993,2.87816,-2.24480229659105
11994,2.8784,-2.63661212161774
11995,2.87864,-1.37239200904016
11996,2.87888,-2.51807579622374
11997,2.87912,-2.18963560787523
11998,2.87936,-1.66331219547545
11999,2.8796,-3.03294962641641
12000,2.87984,-1.63418885356693
12001,2.88008,-2.42517133426864
12002,2.88032,-2.33597905373734
12003,2.88056,-1.56281040486124
12004,2.8808,-2.81736954397841
12005,2.88104,-1.89206123082546
12006,2.88128,-1.96989896868637
12007,2.88152,-2.96886253947922
12008,2.88176,-1.68966782485742
12009,2.882,-2.00852762433969
12010,2.88224,-2.89295876169366
12011,2.88248,-1.73119079833197
12012,2.88272,-2.16675872971907
12013,2.88296,-2.56190434640506
12014,2.8832,-1.30087398977589
12015,2.88344,-2.56943439589357
12016,2.88368,-2.11886233061571
12017,2.88392,-1.82999653170076
12018,2.88416,-2.83413421934056
12019,2.8844,-1.55986964024478
12020,2.88464,-2.35402334393824
12021,2.88488,-2.38416123381677
12022,2.88512,-1.37049724619923
12023,2.88536,-2.63292920943702
12024,2.8856,-2.06325078486493
12025,2.88584,-1.89657511265034
12026,2.88608,-2.77927294145756
12027,2.88632,-1.50740999861815
12028,2.88656,-2.53645171006707
12029,2.8868,-2.44539489826538
12030,2.88704,-1.31134032979045
12031,2.88728,-2.34282807691421
12032,2.88752,-2.25710596080607
12033,2.88776,-1.48726616909803
12034,2.888,-2.74895992713599
12035,2.88824,-1.82607463550135
12036,2.88848,-2.1415247549551
12037,2.88872,-2.41701340812067
12038,2.88896,-1.39792785297831
12039,2.8892,-2.6639036077609
12040,2.88944,-2.32936827223565
12041,2.88968,-1.67703194653555
12042,2.88992,-2.80757149488663
12043,2.89016,-1.76707235127896
12044,2.8904,-1.84804848290809
12045,2.89064,-2.73804024841751
12046,2.89088,-1.81470624719006
12047,2.89112,-2.01212541910163
12048,2.89136,-2.64871243743952
12049,2.8916,-1.26438724682458
12050,2.89184,-2.4180985811284
12051,2.89208,-2.09074855028585
12052,2.89232,-1.80298823621092
12053,2.89256,-2.80818270211853
12054,2.8928,-1.53492814369226
12055,2.89304,-2.33004729363243
12056,2.89328,-2.59988456227351
12057,2.89352,-1.45379445301515
12058,2.89376,-2.24979540534212
12059,2.894,-2.64466815518833
12060,2.89424,-1.38030195316558
12061,2.89448,-2.64524980790417
12062,2.89472,-1.72548622922686
12063,2.89496,-1.92494507227759
12064,2.8952,-2.68731979955082
12065,2.89544,-1.41756757664337
12066,2.89568,-2.33276470478055
12067,2.89592,-2.36411617695937
12068,2.89616,-1.35072391531692
12069,2.8964,-2.38078718050355
12070,2.89664,-2.53202540944445
12071,2.89688,-1.39410069844558
12072,2.89712,-2.54250676713294
12073,2.89736,-1.74566678109575
12074,2.8976,-1.82791595039161
12075,2.89784,-2.47636526891791
12076,2.89808,-1.21750731170191
12077,2.89832,-2.4903707701497
12078,2.89856,-1.92797246936414
12079,2.8988,-1.64806543140262
12080,2.89904,-2.65855454311291
12081,2.89928,-1.39350006868208
12082,2.89952,-2.42378796891875
12083,2.89976,-2.09778279263182
12084,2.9,-1.33383714155737
12085,2.90024,-2.36282365819608
12086,2.90048,-2.15974488749761
12087,2.90072,-1.63440673114816
12088,2.90096,-2.88864919884465
12089,2.9012,-1.61351049499386
12090,2.90144,-1.93408181708006
12091,2.90168,-2.57696849521749
12092,2.90192,-1.43348567284316
12093,2.90216,-1.99711924465369
12094,2.9024,-2.76016062811739
12095,2.90264,-1.37122941964797
12096,2.90288,-2.28832302536069
12097,2.90312,-2.20168974829297
12098,2.90336,-1.43401914608489
12099,2.9036,-2.57795003273376
12100,2.90384,-1.89537645428614
12101,2.90408,-1.97272597391673
12102,2.90432,-2.85182742572958
12103,2.90456,-1.69372043818611
12104,2.9048,-1.6591721251475
12105,2.90504,-2.55361820596062
12106,2.90528,-1.29216512166044
12107,2.90552,-2.33027749533484
12108,2.90576,-2.00913835981588
12109,2.906,-1.60705735793514
12110,2.90624,-2.85886741855523
12111,2.90648,-1.58627893469282
12112,2.90672,-1.7920144022067
12113,2.90696,-2.80356128695762
12114,2.9072,-1.4117823977696
12115,2.90744,-2.20807446435497
12116,2.90768,-2.24380496358574
12117,2.90792,-1.47551614209506
12118,2.90816,-2.50081243831232
12119,2.9084,-1.93868342072703
12120,2.90864,-1.4185336894052
12121,2.90888,-2.56305919281026
12122,2.90912,-2.11456838121228
12123,2.90936,-1.59104941169771
12124,2.9096,-2.84442372707802
12125,2.90984,-1.68478525720487
12126,2.91008,-1.7677150247977
12127,2.91032,-2.65781114564983
12128,2.91056,-1.50891734906975
12129,2.9108,-1.95149766108193
12130,2.91104,-2.35386770241822
12131,2.91128,-1.10358586959667
12132,2.91152,-2.14199107543277
12133,2.91176,-2.30074944639073
12134,2.912,-1.16736703882573
12135,2.91224,-2.32105596447733
12136,2.91248,-1.88302423219442
12137,2.91272,-2.07883145694747
12138,2.91296,-2.47821156135954
12139,2.9132,-1.45956264485846
12140,2.91344,-2.60397981146523
12141,2.91368,-1.91789247317564
12142,2.91392,-1.75491525351082
12143,2.91416,-2.88647563401281
12144,2.9144,-1.72884312014375
12145,2.91464,-1.81198077353348
12146,2.91488,-2.70225855072429
12147,2.91512,-1.31474491618755
12148,2.91536,-2.22929269095205
12149,2.9156,-2.5013789231492
12150,2.91584,-1.24246410569542
12151,2.91608,-2.51304878424034
12152,2.91632,-2.18464278695465
12153,2.91656,-1.41749081667289
12154,2.9168,-2.56456528727056
12155,2.91704,-1.64703093487796
12156,2.91728,-2.08438254221376
12157,2.91752,-2.24427823322464
12158,2.91776,-1.23702169950635
12159,2.918,-2.27166077265349
12160,2.91824,-2.18853738176555
12161,2.91848,-1.0586061471509
12162,2.91872,-2.09842158392803
12163,2.91896,-2.37614586906079
12164,2.9192,-1.36228249016524
12165,2.91944,-2.62452477953772
12166,2.91968,-1.94097377121813
12167,2.91992,-1.78079433691164
12168,2.92016,-2.31153659006924
12169,2.9204,-1.17490815828125
12170,2.92064,-2.09808626523801
12171,2.92088,-2.021172992764
12172,2.92112,-1.26235898711481
12173,2.92136,-2.29713073500306
12174,2.9216,-1.97757871942868
12175,2.92184,-1.57355273381651
12176,2.92208,-2.70937948510876
12177,2.92232,-1.55279684738831
12178,2.92256,-2.10960276197813
12179,2.9228,-2.38592381096415
12180,2.92304,-1.37242289573644
12181,2.92328,-2.40062551181766
12182,2.92352,-2.07701284788801
12183,2.92376,-1.31266029360426
12184,2.924,-2.46067422126181
12185,2.92424,-1.89958602244467
12186,2.92448,-1.61696968674623
12187,2.92472,-2.86895594810358
12188,2.92496,-1.82563516021842
12189,2.9252,-1.78672683344778
12190,2.92544,-2.55586579901442
12191,2.92568,-1.17328257820564
12192,2.92592,-2.21187119076911
12193,2.92616,-2.1316616861281
12194,2.9264,-1.12259603493767
12195,2.92664,-2.27711739245075
12196,2.92688,-2.19056444824268
12197,2.92712,-1.42297141058503
12198,2.92736,-2.56697818204374
12199,2.9276,-2.00254809752648
12200,2.92784,-1.48359168856866
12201,2.92808,-2.50648388350531
12202,2.92832,-1.70849179626615
12203,2.92856,-2.26106063844353
12204,2.9288,-1.94164930105282
12205,2.92904,-2.13466724764732
12206,2.92928,-2.0560264301784
12207,2.92952,-1.29164775721355
12208,2.92976,-2.44396508416178
12209,2.93,-1.64866815069608
12210,2.93024,-1.4975844335197
12211,2.93048,-2.52067948734811
12212,2.93072,-1.72420996190455
12213,2.93096,-1.80680321337147
12214,2.9312,-2.69615559848505
12215,2.93144,-1.42670314524023
12216,2.93168,-1.98755018096968
12217,2.93192,-2.62759797004364
12218,2.93216,-1.24350677380582
12219,2.9324,-2.51291049898736
12220,2.93264,-1.48191634795919
12221,2.93288,-2.39541705558053
12222,2.93312,-1.72157461531164
12223,2.93336,-1.56682315533586
12224,2.9336,-2.46480241319289
12225,2.93384,-1.32656426094289
12226,2.93408,-2.5936029085841
12227,2.93432,-1.32727606565367
12228,2.93456,-2.3616340698541
12229,2.9348,-1.56983351575707
12230,2.93504,-2.24682378771623
12231,2.93528,-1.81336416001665
12232,2.93552,-1.29994087686078
12233,2.93576,-2.56810808680991
12234,2.936,-1.30285704241466
12235,2.93624,-1.99011846687694
12236,2.93648,-1.91590123314663
12237,2.93672,-1.3944784744187
12238,2.93696,-2.54132613901226
12239,2.9372,-1.62401122608016
12240,2.93744,-1.94350094810046
12241,2.93768,-2.4642281157674
12242,2.93792,-1.32328014696355
12243,2.93816,-1.77043619738703
12244,2.9384,-2.41938137250521
12245,2.93864,-1.16670484647692
12246,2.93888,-2.32428126606196
12247,2.93912,-1.53401740376633
12248,2.93936,-2.09397670538967
12249,2.9396,-1.78163246513755
12250,2.93984,-1.86201394901945
12251,2.94008,-2.03118526641296
12252,2.94032,-1.74866913036629
12253,2.94056,-2.15934793236932
12254,2.9408,-1.51571742581407
12255,2.94104,-2.29246344953449
12256,2.94128,-1.15759789405698
12257,2.94152,-2.07808057362405
12258,2.94176,-2.23823618484169
12259,2.942,-1.34844981601477
12260,2.94224,-2.49498010388174
12261,2.94248,-1.93034232604622
12262,2.94272,-1.65040313127015
12263,2.94296,-2.78599775624582
12264,2.9432,-1.63222269869419
12265,2.94344,-1.48116183183427
12266,2.94368,-2.25935888325529
12267,2.94392,-1.24925528044422
12268,2.94416,-2.51638721696394
12269,2.9444,-1.13690195375305
12270,2.94464,-2.41243070166915
12271,2.94488,-1.50452069286902
12272,2.94512,-1.82861231057699
12273,2.94536,-2.47579407748828
12274,2.9456,-1.33461059647191
12275,2.94584,-2.25253220950983
12276,2.94608,-2.28824596290474
12277,2.94632,-1.40015048373882
12278,2.94656,-2.42804344560489
12279,2.9468,-1.86839797242691
12280,2.94704,-1.11052628887829
12281,2.94728,-2.14838485055213
12282,2.94752,-2.06881611058264
12283,2.94776,-1.54402768798857
12284,2.948,-2.68326639669221
12285,2.94824,-1.64453565720569
12286,2.94848,-1.72853016355331
12287,2.94872,-2.49586434261097
12288,2.94896,-1.35507872674563
12289,2.9492,-1.80366378015762
12290,2.94944,-2.09502585059746
12291,2.94968,-1.21043289005792
12292,2.94992,-2.24564482244519
12293,2.95016,-2.04368871823841
12294,2.9504,-1.40011938116096
12295,2.95064,-2.5446834575457
12296,2.95088,-1.86398928521852
12297,2.95112,-1.22914053456035
12298,2.95136,-2.38027074672425
12299,2.9516,-1.47363290020455
12300,2.95184,-1.56500797394887
12301,2.95208,-2.1010727123039
12302,2.95232,-1.33647009945545
12303,2.95256,-2.35999442639783
12304,2.9528,-1.10611912559631
12305,2.95304,-2.49870913340535
12306,2.95328,-1.23613807077711
12307,2.95352,-2.27581862385578
12308,2.95376,-1.48737580119588
12309,2.954,-2.05082132351849
12310,2.95424,-1.74006542947681
12311,2.95448,-1.82372372337432
12312,2.95472,-1.99426985257673
12313,2.95496,-1.59456240062225
12314,2.9552,-2.12927429427848
12315,2.95544,-1.36337751142943
12316,2.95568,-2.38566413392282
12317,2.95592,-1.13060441461338
12318,2.95616,-2.40487514240929
12319,2.9564,-1.37810967060171
12320,2.95664,-2.17759398688639
12321,2.95688,-1.6268754642567
12322,2.95712,-1.94848641141357
12323,2.95736,-1.87739726215251
12324,2.9576,-1.71753964695434
12325,2.95784,-2.12922747842801
12326,2.95808,-1.60550119012552
12327,2.95832,-2.26253461219605
12328,2.95856,-1.37182388035328
12329,2.9588,-2.51701055993701
12330,2.95904,-1.13720508391247
12331,2.95928,-2.41070456444964
12332,2.95952,-1.38362456418788
12333,2.95976,-2.18280733680216
12334,2.96,-1.63179968820619
12335,2.96024,-1.24428908278508
12336,2.96048,-2.27647975495269
12337,2.96072,-1.83775539858169
12338,2.96096,-1.67872231982093
12339,2.9612,-2.45321356191034
12340,2.96144,-1.31227472911227
12341,2.96168,-1.87881849965479
12342,2.96192,-2.04682126011019
12343,2.96216,-1.64335290581886
12344,2.9624,-2.17537484008701
12345,2.96264,-1.52670872281836
12346,2.96288,-2.42585420134889
12347,2.96312,-1.28872969964113
12348,2.96336,-2.55683439249142
12349,2.9636,-1.29152460337284
12350,2.96384,-2.32685579265712
12351,2.96408,-1.53598397488531
12352,2.96432,-1.38913301498639
12353,2.96456,-2.41582101608484
12354,2.9648,-1.8572460127587
12355,2.96504,-1.46329187961738
12356,2.96528,-2.48805739592542
12357,2.96552,-1.69623911011227
12358,2.96576,-2.01507962417281
12359,2.966,-1.94091810912538
12360,2.96624,-1.77812194463954
12361,2.96648,-2.1869994389781
12362,2.96672,-0.942939523511668
12363,2.96696,-1.98729771674926
12364,2.9672,-2.38876599837973
12365,2.96744,-1.01480784650348
12366,2.96768,-2.05731906961466
12367,2.96792,-2.10109082872383
12368,2.96816,-1.09473907781548
12369,2.9684,-2.36903256758857
12370,2.96864,-1.46167933519887
12371,2.96888,-1.67125730205472
12372,2.96912,-2.80413700698663
12373,2.96936,-1.53095954149201
12374,2.9696,-1.7379713943121
12375,2.96984,-2.51016190179458
12376,2.97008,-1.36570332569984
12377,2.97032,-1.58294651275469
12378,2.97056,-2.12308175841703
12379,2.9708,-1.11483265894152
12380,2.97104,-1.9202474806365
12381,2.97128,-2.44307375519051
12382,2.97152,-1.06930635203078
12383,2.97176,-2.34636886189595
12384,2.972,-1.788449686798
12385,2.97224,-1.39477165491749
12386,2.97248,-2.42018041862078
12387,2.97272,-1.28220980262801
12388,2.97296,-1.73348467472602
12389,2.9732,-2.02741769630549
12390,2.97344,-1.38887538407274
12391,2.97368,-2.2981966000385
12392,2.97392,-1.5123177622167
12393,2.97416,-1.48698320614194
12394,2.9744,-2.50833179965405
12395,2.97464,-1.36647976899342
12396,2.97488,-1.8140435693156
12397,2.97512,-2.10442871510741
12398,2.97536,-1.46249427898496
12399,2.9756,-2.36857240865577
12400,2.97584,-1.57959277873976
12401,2.97608,-1.90330183858928
12402,2.97632,-1.71439921363811
12403,2.97656,-1.79696908710859
12404,2.9768,-1.84839551182313
12405,2.97704,-1.68940482411672
12406,2.97728,-1.98208767658034
12407,2.97752,-0.985086103542341
12408,2.97776,-2.02953590401431
12409,2.978,-2.07430960052772
12410,2.97824,-1.07200744329745
12411,2.97848,-2.22986349013942
12412,2.97872,-1.67686761853717
12413,2.97896,-1.2878983588001
12414,2.9792,-2.31781050486106
12415,2.97944,-1.87690553693906
12416,2.97968,-1.35939342520916
12417,2.97992,-2.38705998075557
12418,2.98016,-1.71262308737915
12419,2.9804,-0.962606609564051
12420,2.98064,-2.12386778957991
12421,2.98088,-1.4608764818847
12422,2.98112,-1.43545905283902
12423,2.98136,-2.22011778599411
12424,2.9816,-0.971730037515806
12425,2.98184,-2.25238190229037
12426,2.98208,-1.1140949646205
12427,2.98232,-2.04042389026332
12428,2.98256,-1.61409554491082
12429,2.9828,-1.10837194077182
12430,2.98304,-2.14600257340859
12431,2.98328,-1.71203642637725
12432,2.98352,-1.55799958512849
12433,2.98376,-2.3372682443951
12434,2.984,-1.08372592753741
12435,2.98424,-2.35944878192906
12436,2.98448,-1.2164481813367
12437,2.98472,-2.13826960505304
12438,2.98496,-1.70763075054232
12439,2.9852,-1.19778497132642
12440,2.98544,-2.23147384959645
12441,2.98568,-1.79724663863278
12442,2.98592,-1.40545767891782
12443,2.98616,-2.43229377144498
12444,2.9864,-1.4063341093545
12445,2.98664,-1.62144527494258
12446,2.98688,-1.92208979778239
12447,2.98712,-0.920924056244285
12448,2.98736,-1.9657985599431
12449,2.9876,-2.24969610566387
12450,2.98784,-1.1175109132642
12451,2.98808,-1.69323105552106
12452,2.98832,-1.98857992968233
12453,2.98856,-0.868140268505444
12454,2.9888,-2.03160137491724
12455,2.98904,-1.48655306570513
12456,2.98928,-1.5765661259538
12457,2.98952,-2.2328877094888
12458,2.98976,-1.09964064981999
12459,2.99,-1.44174081468629
12460,2.99024,-2.34838554592015
12461,2.99048,-1.55994864046456
12462,2.99072,-1.76653425758521
12463,2.99096,-1.93834191146929
12464,2.9912,-0.938590943144528
12465,2.99144,-1.98475349706643
12466,2.99168,-2.0311652904319
12467,2.99192,-1.03042949956903
12468,2.99216,-2.18978384176723
12469,2.9924,-1.63822020375879
12470,2.99264,-1.25062057814691
12471,2.99288,-2.28184304241099
12472,2.99312,-1.14943114720989
12473,2.99336,-1.72191867928619
12474,2.9936,-2.4942804112451
12475,2.99384,-1.23584036906865
12476,2.99408,-1.80500420530138
12477,2.99432,-1.97680114909894
12478,2.99456,-1.0986456982829
12479,2.9948,-2.25453588860654
12480,2.99504,-1.23349501735977
12481,2.99528,-1.80273672157045
12482,2.99552,-2.0944272092618
12483,2.99576,-0.96970504732558
12484,2.996,-2.13161728497438
12485,2.99624,-1.70102113022798
12486,2.99648,-1.19078706939065
12487,2.99672,-2.22541407323732
12488,2.99696,-1.79204727855949
12489,2.9972,-1.5169956033865
12490,2.99744,-2.17747196322653
12491,2.99768,-1.04908377543693
12492,2.99792,-1.62584446847146
12493,2.99816,-2.40229292978482
12494,2.9984,-1.37953839637233
12495,2.99864,-1.23963484905001
12496,2.99888,-2.27120776201496
12497,2.99912,-1.25807838146748
12498,2.99936,-1.35648142851851
12499,2.9996,-2.38427766424265
12500,2.99984,-1.83545310739823
12501,3.00008,-1.20161383532313
12502,3.00032,-2.23700556780915
12503,3.00056,-1.68580704637332
12504,3.0008,-0.933826223888765
12505,3.00104,-2.33331873805599
12506,3.00128,-1.66815178096254
12507,3.00152,-1.39490046362541
12508,3.00176,-2.05410594035502
12509,3.002,-1.16493253344516
12510,3.00224,-2.20710402824164
12511,3.00248,-1.77920463873789
12512,3.00272,-1.14163819643235
12513,3.00296,-2.18478769618346
12514,3.0032,-1.63888913780884
12515,3.00344,-0.770347588820443
12516,3.00368,-0.762641754801797
12517,3.00392,-0.755263047246969
12518,3.00416,-0.74819213723335
12519,3.0044,-0.502176857439065
12520,3.00464,-2.27203511880341
12521,3.00488,-1.71919044212284
12522,3.00512,-1.19747578357865
12523,3.00536,-1.64285485008309
12524,3.0056,-1.93130852464357
12525,3.00584,-1.04253441461773
12526,3.00608,-1.9731824088378
12527,3.00632,-2.14170764032254
12528,3.00656,-1.72398869899987
12529,3.0068,-0.619815812118485
12530,3.00704,-2.26775100175009
12531,3.00728,-1.83257666247634
12532,3.00752,-0.953798573031829
12533,3.00776,-2.46952875808689
12534,3.008,-1.32640310721854
12535,3.00824,-1.41800339436749
12536,3.00848,-2.5523134054501
12537,3.00872,-0.822106900730195
12538,3.00896,-1.75396025079026
12539,3.0092,-1.45108078131706
12540,3.00944,-1.78621607471802
12541,3.00968,-1.72746099421053
12542,3.00992,-1.207951622577
12543,3.01016,-1.88635516083847
12544,3.0104,-1.10316168636411
12545,3.01064,-1.5645294115922
12546,3.01088,-2.34943437986324
12547,3.01112,-0.746965204446611
12548,3.01136,-1.80184391530456
12549,3.0116,-1.97294544414102
12550,3.01184,-0.617754187006659
12551,3.01208,-2.1471463589545
12552,3.01232,-1.60227276980431
12553,3.01256,-1.81035477478729
12554,3.0128,-1.62325742077615
12555,3.01304,-1.22714239936524
12556,3.01328,-2.25891913751246
12557,3.01352,-1.34742634294831
12558,3.01376,-1.68046740646146
12559,3.014,-1.98610823687762
12560,3.01424,-0.981115851586374
12561,3.01448,-2.02356992735651
12562,3.01472,-1.11702462122853
12563,3.01496,-1.5750806835207
12564,3.0152,-1.99773881561083
12565,3.01544,-0.996540798837348
12566,3.01568,-2.28014649083841
12567,3.01592,-1.49007278296914
12568,3.01616,-1.34238353787381
12569,3.0164,-2.01478822353736
12570,3.01664,-1.22932149584958
12571,3.01688,-1.44891498618227
12572,3.01712,-2.23394202236144
12573,3.01736,-0.631976155028888
12574,3.0176,-1.92351297443901
12575,3.01784,-1.38824337666273
12576,3.01808,-1.36413191951702
12577,3.01832,-2.62690555949258
12578,3.01856,-0.893645359983696
12579,3.0188,-1.8212323618822
12580,3.01904,-1.75656680439966
12581,3.01928,-1.24495481906704
12582,3.01952,-2.50723474678315
12583,3.01976,-1.13437436433568
12584,3.02,-1.58740429836799
12585,3.02024,-1.52448634528221
12586,3.02048,-1.37519487627842
12587,3.02072,-2.04606821044357
12588,3.02096,-1.25913743096421
12589,3.0212,-1.59584578343984
12590,3.02144,-1.90499340325156
12591,3.02168,-0.903353223487386
12592,3.02192,-1.94901276804616
12593,3.02216,-1.04553152005256
12594,3.0224,-1.50651678275655
12595,3.02264,-2.17382895475189
12596,3.02288,-0.569982712337371
12597,3.02312,-1.9839596888031
12598,3.02336,-1.67540111357994
12599,3.0236,-0.807417297278935
12600,3.02384,-2.21235406365672
12601,3.02408,-1.54131177380389
12602,3.02432,-1.14849613764451
12603,3.02456,-2.18342903432195
12604,3.0248,-1.27316316381106
12605,3.02504,-1.36823262330811
12606,3.02528,-2.16088540127908
12607,3.02552,-0.673031844065224
12608,3.02576,-2.08291514050314
12609,3.026,-1.29678537375875
12610,3.02624,-1.27615340869055
12611,3.02648,-2.42751485459283
12612,3.02672,-0.697931289164152
12613,3.02696,-1.99168627985984
12614,3.0272,-1.68269609845856
12615,3.02744,-0.814299809886622
12616,3.02768,-2.2188427785738
12617,3.02792,-1.19322196591288
12618,3.02816,-1.17273123229243
12619,3.0284,-2.08668523486118
12620,3.02864,-0.604563986638492
12621,3.02888,-1.89701873890503
12622,3.02912,-1.36262416068618
12623,3.02936,-1.21950911605804
12624,3.0296,-2.36279783970379
12625,3.02984,-0.635944496495834
12626,3.03008,-1.69477926788085
12627,3.03032,-2.23000350959518
12628,3.03056,-0.743355931382502
12629,3.0308,-2.27162871260216
12630,3.03104,-1.4806393587363
12631,3.03128,-1.09460205692919
12632,3.03152,-2.13170298023029
12633,3.03176,-1.22703186409947
12634,3.032,-1.44634989318832
12635,3.03224,-1.87419094738191
12636,3.03248,-0.516254454558856
12637,3.03272,-2.04431365428208
12638,3.03296,-1.38752406469324
12639,3.0332,-1.24323320354085
12640,3.03344,-2.38539650825551
12641,3.03368,-0.78079817226912
12642,3.03392,-1.48026235460598
12643,3.03416,-2.13977648070603
12644,3.0344,-0.541484369983877
12645,3.03464,-1.83653654411144
12646,3.03488,-1.42446594249798
12647,3.03512,-1.52252940309406
12648,3.03536,-1.34788121573306
12649,3.0356,-1.3226402737169
12650,3.03584,-1.87946473340808
12651,3.03608,-1.34484281577774
12652,3.03632,-1.44774488550585
12653,3.03656,-1.99913709370312
12654,3.0368,-1.34860769740498
12655,3.03704,-1.32568600018256
12656,3.03728,-2.34781601418724
12657,3.03752,-1.21324625454829
12658,3.03776,-1.18921736817914
12659,3.038,-1.85393731304286
12660,3.03824,-0.624414177306417
12661,3.03848,-1.91576065536959
12662,3.03872,-1.3803063575434
12663,3.03896,-1.35601795720968
12664,3.0392,-2.37940712465574
12665,3.03944,-0.651584192395878
12666,3.03968,-1.70949296387958
12667,3.03992,-1.88567282082336
12668,3.04016,-0.533581818635132
12669,3.0404,-2.06593907664556
12670,3.04064,-1.05064101948765
12671,3.04088,-1.51123451952255
12672,3.04112,-2.05417147285232
12673,3.04136,-0.574901292443552
12674,3.0416,-2.11023063183173
12675,3.04184,-1.32599124680577
12676,3.04208,-0.70455239687179
12677,3.04232,-2.11349265057795
12678,3.04256,-1.09207724041948
12679,3.0428,-1.55051661900805
12680,3.04304,-1.86021600853478
12681,3.04328,-1.31836105286001
12682,3.04352,-1.53684264807835
12683,3.04376,-1.60528214601083
12684,3.044,-1.08804449846915
12685,3.04424,-1.42655857481723
12686,3.04448,-1.49122048188276
12687,3.04472,-1.22502705516053
12688,3.04496,-2.1379563211199
12689,3.0452,-1.48466964928192
12690,3.04544,-1.3458682724155
12691,3.04568,-2.13461245745474
12692,3.04592,-1.12500430868787
12693,3.04616,-1.10458970862191
12694,3.0464,-1.41414989508811
12695,3.04664,-1.39271201424033
12696,3.04688,-1.58372246758156
12697,3.04712,-1.07384153114028
12698,3.04736,-1.51968405510246
12699,3.0476,-1.2251710166044
12700,3.04784,-1.44806113663803
12701,3.04808,-1.76207869990962
12702,3.04832,-1.34857359319663
12703,3.04856,-1.32979021448752
12704,3.0488,-1.28074928761807
12705,3.04904,-0.895991911690381
12706,3.04928,-2.05674853034519
12707,3.04952,-0.577137680221367
12708,3.04976,-1.63106102352308
12709,3.05,-1.09401192830528
12710,3.05024,-0.955243583192515
12711,3.05048,-1.99789957348354
12712,3.05072,-1.09854214433245
12713,3.05096,-1.44145784639496
12714,3.0512,-1.75654253239632
12715,3.05144,-0.403212894420094
12716,3.05168,-2.05463477814518
12717,3.05192,-0.807716532818199
12718,3.05216,-1.74741849872216
12719,3.0524,-1.57075593585447
12720,3.05264,-0.464692204515635
12721,3.05288,-2.11821357204752
12722,3.05312,-1.33504830937382
12723,3.05336,-0.95474768905637
12724,3.0536,-2.23918865152218
12725,3.05384,-0.635581490123868
12726,3.05408,-1.57347102646454
12727,3.05432,-1.75340853789795
12728,3.05456,-0.761822980568148
12729,3.0548,-2.05462136162019
12730,3.05504,-1.03541519921859
12731,3.05528,-1.14001817222217
12732,3.05552,-2.06161830823433
12733,3.05576,-0.809499122203467
12734,3.056,-1.51600246294659
12735,3.05624,-1.95020032098302
12736,3.05648,-1.41672916404911
12737,3.05672,-1.15458818912454
12738,3.05696,-1.4616745774466
12739,3.0572,-1.19641827494076
12740,3.05744,-2.11116043999816
12741,3.05768,-1.33532503940193
12742,3.05792,-1.19263068707918
12743,3.05816,-2.33763980968538
12744,3.0584,-0.615921340790014
12745,3.05864,-1.55546382358791
12746,3.05888,-1.62468394866691
12747,3.05912,-1.24281572611786
12748,3.05936,-1.3114834437252
12749,3.0596,-1.28717647593868
12750,3.05984,-2.08590993165279
12751,3.06008,-1.31110981341625
12752,3.06032,-1.16940542374455
12753,3.06056,-2.31536111776065
12754,3.0608,-0.594547462134406
12755,3.06104,-1.53495520326531
12756,3.06128,-1.60500248438702
12757,3.06152,-0.985147622185735
12758,3.06176,-2.14125081696781
12759,3.062,-1.01059502738068
12760,3.06224,-1.35294625354527
12761,3.06248,-2.01723836937796
12762,3.06272,-0.423516170441027
12763,3.06296,-1.72385763015951
12764,3.0632,-1.19168562384916
12765,3.06344,-0.940185614163009
12766,3.06368,-1.7425747002129
12767,3.06392,-0.751211804999357
12768,3.06416,-1.68253453246109
12769,3.0644,-1.3860874349487
12770,3.06464,-1.12391786096788
12771,3.06488,-1.92085431409935
12772,3.06512,-1.27295956481122
12773,3.06536,-1.13623597287728
12774,3.0656,-1.20936974283086
12775,3.06584,-1.18892109089118
12776,3.06608,-1.51371524122925
12777,3.06632,-1.46080113688625
12778,3.06656,-0.960832109250774
12779,3.0668,-1.99753557550478
12780,3.06704,-0.99330376351421
12781,3.06728,-0.97803349474099
12782,3.06752,-1.65113061631868
12783,3.06776,-0.429617766355049
12784,3.068,-1.85287355876112
12785,3.06824,-1.43635153524311
12786,3.06848,-0.932283269134619
12787,3.06872,-1.86255095751338
12788,3.06896,-0.968571449914323
12789,3.0692,-1.67126822367111
12790,3.06944,-1.4996274550541
12791,3.06968,-0.638041736098876
12792,3.06992,-2.17068168609248
12793,3.07016,-0.451940485865447
12794,3.0704,-1.87372789580973
12795,3.07064,-1.21701163811486
12796,3.07088,-1.1947716357875
12797,3.07112,-1.75967678729068
12798,3.07136,-1.10807487917162
12799,3.0716,-1.33490920531491
12800,3.07184,-1.41133755508028
12801,3.07208,-0.666394227085961
12802,3.07232,-1.72099593945565
12803,3.07256,-1.18595761269347
12804,3.0728,-1.16672760294625
12805,3.07304,-1.60946703546837
12806,3.07328,-1.20189312297282
12807,3.07352,-1.18878459778766
12808,3.07376,-1.50377464158328
12809,3.074,-0.872908907701844
12810,3.07424,-1.09487556076248
12811,3.07448,-1.28687114084028
12812,3.07472,-1.02871768117739
12813,3.07496,-1.82949739546015
12814,3.0752,-1.18528138258095
12815,3.07544,-1.05207763006985
12816,3.07568,-1.60657504281252
12817,3.07592,-0.738918424338076
12818,3.07616,-1.67652292646936
12819,3.0764,-1.37989278212827
12820,3.07664,-0.996980884331431
12821,3.07688,-2.03926506655154
12822,3.07712,-0.559631704826844
12823,3.07736,-1.62490442817294
12824,3.0776,-1.21409336039956
12825,3.07784,-0.838357846223328
12826,3.07808,-2.00733252894966
12827,3.07832,-0.884621758229282
12828,3.07856,-1.34919920099621
12829,3.0788,-1.18039542976925
12830,3.07904,-0.803894812638191
12831,3.07928,-1.73247465337128
12832,3.07952,-1.08181663366855
12833,3.07976,-1.30955271655224
12834,3.08,-1.506225104288
12835,3.08024,-1.11209276810443
12836,3.08048,-1.21456194803963
12837,3.08072,-0.926548411651953
12838,3.08096,-1.27304939961397
12839,3.0812,-1.34886937689243
12840,3.08144,-0.961546696636942
12841,3.08168,-1.42038444870805
12842,3.08192,-1.25157161499401
12843,3.08216,-1.35470051420091
12844,3.0824,-1.91320213111859
12845,3.08264,-1.14524950916407
12846,3.08288,-1.01009814065075
12847,3.08312,-2.16232324737647
12848,3.08336,-0.447505004658538
12849,3.0836,-1.39364801588604
12850,3.08384,-1.46918126854671
12851,3.08408,-1.21318732558734
12852,3.08432,-2.01008065921225
12853,3.08456,-0.884464573241862
12854,3.0848,-1.23163562926165
12855,3.08504,-1.90053677016204
12856,3.08528,-0.311219826688705
12857,3.08552,-1.61577486139361
12858,3.08576,-1.32378191882711
12859,3.086,-0.711147013109361
12860,3.08624,-2.1202960877127
12861,3.08648,-0.638156953228557
12862,3.08672,-1.46528209074859
12863,3.08696,-1.65074353047596
12864,3.0872,-0.30752781051042
12865,3.08744,-1.8483774359801
12866,3.08768,-0.957527099413386
12867,3.08792,-0.946422093916222
12868,3.08816,-2.11040863606304
12869,3.0884,-0.392896662532195
12870,3.08864,-1.69819808883338
12871,3.08888,-1.40200160080497
12872,3.08912,-0.544089041369384
12873,3.08936,-2.08024617749251
12874,3.0896,-0.711703273951627
12875,3.08984,-1.18184665345193
12876,3.09008,-1.86141786275111
12877,3.09032,-0.389125917713248
12878,3.09056,-1.93112924685517
12879,3.0908,-1.15501461476938
12880,3.09104,-0.781457297227446
12881,3.09128,-2.07235123748692
12882,3.09152,-0.70716684742235
12883,3.09176,-1.4170815938822
12884,3.092,-1.61310720743076
12885,3.09224,-0.62653105399486
12886,3.09248,-1.92412147185326
12887,3.09272,-0.909495083762913
12888,3.09296,-1.01847522461244
12889,3.0932,-1.5847753761023
12890,3.09344,-0.357532875063605
12891,3.09368,-1.89467737318529
12892,3.09392,-1.11921831170244
12893,3.09416,-1.10225171174631
12894,3.0944,-1.78769645981679
12895,3.09464,-1.14470947320961
12896,3.09488,-1.01268090241642
12897,3.09512,-1.21366615591669
12898,3.09536,-1.31804996996786
12899,3.0956,-1.87775236872976
12900,3.09584,-1.1109458585864
12901,3.09608,-0.97689040388609
12902,3.09632,-2.13016307351233
12903,3.09656,-0.416344475640233
12904,3.0968,-1.36344363025936
12905,3.09704,-1.20283883789028
12906,3.09728,-0.947958716261487
12907,3.09752,-2.09984910470374
12908,3.09776,-0.382506413764791
12909,3.098,-1.68797002364227
12910,3.09824,-1.15314656529001
12911,3.09848,-0.779440038716419
12912,3.09872,-1.83053204127387
12913,3.09896,-0.357562704774007
12914,3.0992,-1.89889519421705
12915,3.09944,-1.12392302209813
12916,3.09968,-1.10487778950763
12917,3.09992,-1.67284047134113
12918,3.10016,-1.02416040076407
12919,3.1004,-1.25378918693891
12920,3.10064,-1.09499862721649
12921,3.10088,-0.836212304110555
12922,3.10112,-1.64288163361694
12923,3.10136,-1.11531226797646
12924,3.1016,-1.3426355429431
12925,3.10184,-1.41750668294583
12926,3.10208,-0.556378474172815
12927,3.10232,-1.14423711923661
12928,3.10256,-1.46358476924608
12929,3.1028,-1.08743894764126
12930,3.10304,-1.88318710171321
12931,3.10328,-0.530734621190782
12932,3.10352,-1.59289170423695
12933,3.10376,-1.06520478514893
12934,3.104,-0.576577777875864
12935,3.10424,-2.11087171917608
12936,3.10448,-0.512223779791589
12937,3.10472,-1.69501573737626
12938,3.10496,-1.04470900536143
12939,3.1052,-1.03279864288019
12940,3.10544,-1.59113381549215
12941,3.10568,-0.839571711226141
12942,3.10592,-1.18981422428667
12943,3.10616,-1.8672482052761
12944,3.1064,-0.634788251356783
12945,3.10664,-1.34292008860206
12946,3.10688,-1.29644825025463
12947,3.10712,-0.910639132909653
12948,3.10736,-0.898169802708767
12949,3.1076,-1.33827480535282
12950,3.10784,-1.32221094734489
12951,3.10808,-1.5210178833164
12952,3.10832,-0.76893727847435
12953,3.10856,-1.23631656035657
12954,3.1088,-1.06989025659648
12955,3.10904,-0.820562421629526
12956,3.10928,-1.86954696052703
12957,3.10952,-0.274736292597254
12958,3.10976,-1.58454022242936
12959,3.11,-1.05386724740212
12960,3.11024,-0.922905482381991
12961,3.11048,-1.61266832178672
12962,3.11072,-0.860015624985215
12963,3.11096,-1.0858611335031
12964,3.1112,-1.16555229722056
12965,3.11144,-0.911572735257175
12966,3.11168,-1.83750410586503
12967,3.11192,-0.838881909946013
12968,3.11216,-1.06602606663367
12969,3.1124,-1.38846948789238
12970,3.11264,-1.13512179849468
12971,3.11288,-1.69532811316529
12972,3.11312,-0.461841977890405
12973,3.11336,-1.52669129270278
12974,3.1136,-1.00157908848921
12975,3.11384,-0.755074529195529
12976,3.11408,-1.68692467715013
12977,3.11432,-1.15698646823926
12978,3.11456,-0.90328476718188
12979,3.1148,-1.95286919503278
12980,3.11504,-0.473198733026025
12981,3.11528,-1.18907288720307
12982,3.11552,-1.03263932091018
12983,3.11576,-0.776108502841645
12984,3.116,-1.70698608290643
12985,3.11624,-0.702029605009757
12986,3.11648,-0.933819578101618
12987,3.11672,-1.61896594245574
12988,3.11696,-0.86235701726069
12989,3.1172,-1.08832546268766
12990,3.11744,-1.76071593688659
12991,3.11768,-0.531632237204821
12992,3.11792,-1.2321097847765
12993,3.11816,-1.42948141122993
12994,3.1184,-0.458339336231368
12995,3.11864,-1.99733194201252
12996,3.11888,-0.403182594127506
12997,3.11912,-1.35018056305641
12998,3.11936,-1.18459279245854
12999,3.1196,-0.571787946536663
13000,3.11984,-1.75109268568714
13001,3.12008,-0.511872425520496
13002,3.12032,-1.22676053572553
13003,3.12056,-1.66899165874875
13004,3.1208,-0.797261211861576
13005,3.12104,-1.02814840604306
13006,3.12128,-1.46726310777194
13007,3.12152,-0.839990882664329
13008,3.12176,-0.830145008845532
13009,3.122,-1.27275992002187
13010,3.12224,-0.781979746017606
13011,3.12248,-1.71764256720423
13012,3.12272,-0.834034902808002
13013,3.12296,-1.30558024888386
13014,3.1232,-1.38225090379021
13015,3.12344,-0.763376175363755
13016,3.12368,-1.10800219248303
13017,3.12392,-1.06655507055646
13018,3.12416,-0.818652742797762
13019,3.1244,-1.1534721214231
13020,3.12464,-1.11446070759812
13021,3.12488,-1.10142605933333
13022,3.12512,-0.944634361739369
13023,3.12536,-0.93430476212755
13024,3.1256,-1.51027014477527
13025,3.12584,-0.869589322232407
13026,3.12608,-0.983520364069145
13027,3.12632,-1.66713480188165
13028,3.12656,-0.561668094534833
13029,3.1268,-1.03178695130345
13030,3.12704,-1.35430079127023
13031,3.12728,-0.139502228245669
13032,3.12752,-1.56484183137098
13033,3.12776,-0.918963304740223
13034,3.128,-0.666980934318321
13035,3.12824,-1.48015853112821
13036,3.12848,-0.838971133569098
13037,3.12872,-1.07359515834685
13038,3.12896,-1.64338917539234
13039,3.1292,-1.00558724093419
13040,3.12944,-0.877687388748017
13041,3.12968,-1.80110031960255
13042,3.12992,-0.330675856025532
13043,3.13016,-1.28530009798672
13044,3.1304,-1.12209205343152
13045,3.13064,-0.627603375283323
13046,3.13088,-1.56446602610135
13047,3.13112,-1.0410540630274
13048,3.13136,-0.669384079100181
13049,3.1316,-1.84192163460261
13050,3.13184,-0.366119831202013
13051,3.13208,-1.08392342541532
13052,3.13232,-1.65181720845336
13053,3.13256,-0.656635038953727
13054,3.1328,-1.24621921544538
13055,3.13304,-1.43978546479073
13056,3.13328,-0.102557251907052
13057,3.13352,-1.65045798155513
13058,3.13376,-0.537614450486294
13059,3.134,-1.24690289311253
13060,3.13424,-1.202942458863
13061,3.13448,-0.711346796945051
13062,3.13472,-1.52936688904257
13063,3.13496,-0.889299013592198
13064,3.1352,-0.639969040951105
13065,3.13544,-1.80883987636634
13066,3.13568,-0.454200189058939
13067,3.13592,-1.52091683143485
13068,3.13616,-1.23447533273192
13069,3.1364,-0.380173222844281
13070,3.13664,-1.68232112473047
13071,3.13688,-0.681707632753877
13072,3.13712,-1.03833725842602
13073,3.13736,-1.36447145664531
13074,3.1376,-0.381201013302873
13075,3.13784,-1.33337844547356
13076,3.13808,-1.0515194334809
13077,3.13832,-0.800824337431311
13078,3.13856,-1.14380281391736
13079,3.1388,-1.2249663118719
13080,3.13904,-0.495545638572761
13081,3.13928,-1.78651326003854
13082,3.13952,-0.317243374117577
13083,3.13976,-1.27348343189277
13084,3.14,-1.23642043630333
13085,3.14024,-0.500932005255107
13086,3.14048,-1.44340590268164
13087,3.14072,-0.929393846914413
13088,3.14096,-0.681533331327848
13089,3.1412,-1.84495839492351
13090,3.14144,-0.141708031466419
13091,3.14168,-1.4566941784903
13092,3.14192,-0.815494597458415
13093,3.14216,-0.806332276181231
13094,3.1424,-1.38118806813312
13095,3.14264,-0.863689047919737
13096,3.14288,-0.620008467965067
13097,3.14312,-1.7943136904736
13098,3.14336,-0.204323379177239
13099,3.1436,-1.51610093333529
13100,3.14384,-0.87399406991365
13101,3.14408,-0.382011480715687
13102,3.14432,-1.09993031381459
13103,3.14456,-1.30334188584113
13104,3.1448,-0.446219160502061
13105,3.14504,-1.2684481164853
13106,3.14528,-1.11085666929407
13107,3.14552,-0.145264265654755
13108,3.14576,-1.45646677826701
13109,3.146,-0.815614308040994
13110,3.14624,-0.806715221072922
13111,3.14648,-1.61977158377945
13112,3.14672,-0.6255097702365
13113,3.14696,-1.21597236921541
13114,3.1472,-1.17422980631329
13115,3.14744,-0.322180122782337
13116,3.14768,-1.62648370412
13117,3.14792,-0.62793171475341
13118,3.14816,-0.986533298216815
13119,3.1484,-1.19471992104041
13120,3.14864,-0.571442904439433
13121,3.14888,-1.04611393129374
13122,3.14912,-1.2478558525381
13123,3.14936,-0.515023175054726
13124,3.1496,-0.862229068232158
13125,3.14984,-1.07078102777301
13126,3.15008,-0.46660282890576
13127,3.15032,-1.75845355256977
13128,3.15056,-0.294370847782717
13129,3.1508,-1.01284969763228
13130,3.15104,-1.10047027119697
13131,3.15128,-0.250645032427718
13132,3.15152,-1.56055379422307
13133,3.15176,-0.681430566432294
13134,3.152,-0.562234929763528
13135,3.15224,-1.38269065291199
13136,3.15248,-0.984576501452971
13137,3.15272,-0.618112187208472
13138,3.15296,-1.67186679881272
13139,3.1532,-0.32259933439064
13140,3.15344,-0.80761781240489
13141,3.15368,-1.38816418117032
13142,3.15392,-0.635123706912713
13143,3.15416,-0.990943894229834
13144,3.1544,-1.31339703282548
13145,3.15464,-0.576652614840113
13146,3.15488,-0.57765579533967
13147,3.15512,-1.749903191742
13148,3.15536,-0.164449173358405
13149,3.1556,-1.47754802534279
13150,3.15584,-1.07722199649561
13151,3.15608,-0.824798398406413
13152,3.15632,-1.28027403987225
13153,3.15656,-0.887846093555744
13154,3.1568,-0.883604802966267
13155,3.15704,-1.3339234800497
13156,3.15728,-0.354807655264919
13157,3.15752,-0.950540972493358
13158,3.15776,-1.03504044282386
13159,3.158,-0.549484212105295
13160,3.15824,-1.48882863419917
13161,3.15848,-0.625828976537879
13162,3.15872,-0.863813701520116
13163,3.15896,-1.31410423744262
13164,3.1592,-0.100009582843118
13165,3.15944,-1.29419855110828
13166,3.15968,-0.537931354256294
13167,3.15992,-0.77640935348571
13168,3.16016,-1.11971826576775
13169,3.1604,-1.08839817318185
13170,3.16064,-0.483089589957483
13171,3.16088,-1.65924309052681
13172,3.16112,-0.43272200772864
13173,3.16136,-1.03238908866539
13174,3.1616,-1.2381609825942
13175,3.16184,-0.383293138079956
13176,3.16208,-1.33325361597349
13177,3.16232,-0.575187470057625
13178,3.16256,-0.813231105508705
13179,3.1628,-1.39322079473378
13180,3.16304,-0.880630133598312
13181,3.16328,-0.754426985584103
13182,3.16352,-1.56315660315762
13183,3.16376,-0.222160978827585
13184,3.164,-1.17511699921241
13185,3.16424,-0.78428001313116
13186,3.16448,-1.02008443767608
13187,3.16472,-0.990959994869933
13188,3.16496,-0.3759885286925
13189,3.1652,-0.970545218513307
13190,3.16544,-0.817332280832743
13191,3.16568,-0.813790547326074
13192,3.16592,-1.03714944737056
13193,3.16616,-0.887243039175069
13194,3.1664,-0.407240968594094
13195,3.16664,-1.7011177466016
13196,3.16688,-0.353585704342617
13197,3.16712,-1.19182294278568
13198,3.16736,-1.03448227149271
13199,3.1676,-0.549092778623125
13200,3.16784,-1.13427297852593
13201,3.16808,-0.865425688071738
13202,3.16832,-0.501377813951803
13203,3.16856,-1.55362247460129
13204,3.1688,-0.0947713143160318
13205,3.16904,-1.28972545451284
13206,3.16928,-0.657072842788115
13207,3.16952,-0.294316646679927
13208,3.16976,-1.60170684529807
13209,3.17,-0.369888898382007
13210,3.17024,-0.852267237686443
13211,3.17048,-1.3091039243286
13212,3.17072,-0.680939985710413
13213,3.17096,-0.805082192448242
13214,3.1712,-1.25917606402436
13215,3.17144,-0.398304150149178
13216,3.17168,-0.51801953948385
13217,3.17192,-1.44872834414047
13218,3.17216,0.0056876273034332
13219,3.1724,-1.31115416277262
13220,3.17264,-0.914867052349779
13221,3.17288,-0.547357067758848
13222,3.17312,-1.01302714380744
13223,3.17336,-0.742285899802028
13224,3.1736,-0.622273037792425
13225,3.17384,-1.56314917153392
13226,3.17408,-0.573894048039952
13227,3.17432,-0.692012021884878
13228,3.17456,-1.26295216704489
13229,3.1748,-0.293274269558747
13230,3.17504,-1.00220090509658
13231,3.17528,-0.855161053049619
13232,3.17552,-0.373676436367256
13233,3.17576,-1.55408458228268
13234,3.176,-0.452716056211648
13235,3.17624,-0.574313643363134
13236,3.17648,-1.50933502091465
13237,3.17672,-0.166322132372361
13238,3.17696,-1.01152489736569
13239,3.1772,-1.10437299538123
13240,3.17744,-0.253957807803712
13241,3.17768,-1.21072125771985
13242,3.17792,-0.69624781265908
13243,3.17816,-0.455703510585205
13244,3.1784,-1.04110860882125
13245,3.17864,-0.775937740376893
13246,3.17888,-0.775799844358874
13247,3.17912,-1.23004162831811
13248,3.17936,-0.254672627366422
13249,3.1796,-0.853988781855126
13250,3.17984,-1.06301217216341
13251,3.18008,-0.456103818994585
13252,3.18032,-0.688891438640142
13253,3.18056,-1.25856142451629
13254,3.1808,-0.175064518230193
13255,3.18104,-1.71949058131918
13256,3.18128,-0.13530994544962
13257,3.18152,-0.978207230118959
13258,3.18176,-0.950292972919958
13259,3.182,-0.458955867788601
13260,3.18224,-0.698950553644427
13261,3.18248,-1.14949347914406
13262,3.18272,0.0582801729499061
13263,3.18296,-1.2569949486937
13264,3.1832,-0.508071832149124
13265,3.18344,-0.749144021194652
13266,3.18368,-1.21131024860434
13267,3.18392,-0.589096277300273
13268,3.18416,-0.588502574478713
13269,3.1844,-1.28126429211331
13270,3.18464,-0.190596027149955
13271,3.18488,-0.786870814401992
13272,3.18512,-1.11805202960297
13273,3.18536,-0.272806512908099
13274,3.1856,-1.46157691400813
13275,3.18584,-0.233974643953944
13276,3.18608,-0.959613728288362
13277,3.18632,-0.934072913380532
13278,3.18656,-0.440226429530855
13279,3.1868,-0.442093753004606
13280,3.18704,-1.37555957692855
13281,3.18728,0.0762206890907511
13282,3.18752,-1.24314286276459
13283,3.18776,-0.493749946024684
13284,3.188,-0.734415439799008
13285,3.18824,-1.19706189909027
13286,3.18848,-0.575306200609215
13287,3.18872,-0.575150642763171
13288,3.18896,-1.26833080683197
13289,3.1892,-0.178061778324602
13290,3.18944,-0.774718263704167
13291,3.18968,-0.750297696916388
13292,3.18992,-0.511725306526938
13293,3.19016,-1.09641976004965
13294,3.1904,-0.59226032885446
13295,3.19064,-0.71954698256632
13296,3.19088,-0.937431658792843
13297,3.19112,-0.560869934722639
13298,3.19136,-0.563889785147225
13299,3.1916,-1.25872003831224
13300,3.19184,-0.282054242545659
13301,3.19208,-0.642680362637456
13302,3.19232,-1.21778319834036
13303,3.19256,-0.250264566202526
13304,3.1928,-1.08285087949454
13305,3.19304,-0.576500083065983
13306,3.19328,-0.57888997467942
13307,3.19352,-1.28037113297402
13308,3.19376,-0.297451402069999
13309,3.194,-1.02433667572247
13310,3.19424,-0.75780828344372
13311,3.19448,-0.396346532880737
13312,3.19472,-0.867803153467628
13313,3.19496,-1.0814601501748
13314,3.1952,-0.243052680974458
13315,3.19544,-1.19091643184911
13316,3.19568,-0.565183316255859
13317,3.19592,-0.327830156125281
13318,3.19616,-1.5116549135222
13319,3.1964,-0.411386055371655
13320,3.19664,-0.417281748441745
13321,3.19688,-1.23943416770154
13322,3.19712,-0.139219251228051
13323,3.19736,-0.9857562892445
13324,3.1976,-0.842783779769246
13325,3.19784,-0.357680879051833
13326,3.19808,-0.953609869392258
13327,3.19832,-1.0452547768659
13328,3.19856,0.0387176573094953
13329,3.1988,-1.27860524841573
13330,3.19904,-0.527255610896525
13331,3.19928,-0.527274870705341
13332,3.19952,-1.11794823999276
13333,3.19976,-0.616006977159214
13334,3.2,-0.499990752408636
13335,3.20024,-1.19728940278405
13336,3.20048,-0.222985588983671
13337,3.20072,-0.705268032388414
13338,3.20096,-1.16357432966991
13339,3.2012,0.0454853587266769
13340,3.20144,-1.27469321735455
13341,3.20168,-0.523819374570621
13342,3.20192,-0.522190667874728
13343,3.20216,-0.752574890425104
13344,3.2024,-0.847655215667255
13345,3.20264,-0.250078061557626
13346,3.20288,-1.31589175686882
13347,3.20312,-0.10015016812402
13348,3.20336,-0.584216761174325
13349,3.2036,-1.04160088826344
13350,3.20384,-0.0765491514039821
13351,3.20408,-1.27318192103862
13352,3.20432,-0.525837186363237
13353,3.20456,-0.527473403931538
13354,3.2048,-1.11794752390123
13355,3.20504,-0.614495018670553
13356,3.20528,-0.736723295521521
13357,3.20552,-1.07193575615543
13358,3.20576,-0.343874087503375
13359,3.206,-0.704801384069758
13360,3.20624,-0.803517266737379
13361,3.20648,-0.324948114261767
13362,3.20672,-1.27405102566177
13363,3.20696,-0.294861445922782
13364,3.2072,-0.897568026302758
13365,3.20744,-0.750274388844545
13366,3.20768,-0.388649417925491
13367,3.20792,-0.6233531054811
13368,3.20816,-0.840206425449712
13369,3.2084,-0.122893821451873
13370,3.20864,-1.42890908144348
13371,3.20888,-0.090358459951799
13372,3.20912,-0.937242637773647
13373,3.20936,-0.554984821989333
13374,3.2096,-0.554332210731089
13375,3.20984,-0.788712275327252
13376,3.21008,-0.767357496635034
13377,3.21032,-0.170766110770852
13378,3.21056,-1.47332924735878
13379,3.2108,0.101658781357724
13380,3.21104,-0.982670479874541
13381,3.21128,-0.476811431397031
13382,3.21152,-0.478191600594401
13383,3.21176,-0.713182151347978
13384,3.212,-0.809612297121842
13385,3.21224,-0.213323079085236
13386,3.21248,-1.28301464678259
13387,3.21272,-0.184655835841375
13388,3.21296,-0.55320543517966
13389,3.2132,-1.14222829629685
13390,3.21344,-0.285746155295959
13391,3.21368,-0.654616465242031
13392,3.21392,-0.871461860864651
13393,3.21416,-0.264668647595659
13394,3.2144,-0.508425150046659
13395,3.21464,-0.847160819485637
13396,3.21488,-0.368179661621091
13397,3.21512,-0.724234571985869
13398,3.21536,-0.701055209386638
13399,3.2156,-0.223132360271535
13400,3.21584,-1.4129443006176
13401,3.21608,-0.0717536061708197
13402,3.21632,-0.920517707194715
13403,3.21656,-0.779676775776067
13404,3.2168,-0.17678532672024
13405,3.21704,-0.419946824281369
13406,3.21728,-1.11758377808981
13407,3.21752,0.0831472062030858
13408,3.21776,-1.23148683643788
13409,3.218,-0.246210264484736
13410,3.21824,-0.733143127610092
13411,3.21848,-0.960727903943884
13412,3.21872,-0.465788461862897
13413,3.21896,-0.471918671217462
13414,3.2192,-1.05078434218536
13415,3.21944,0.034221123072519
13416,3.21968,-0.928268725815906
13417,3.21992,-0.666791776063434
13418,3.22016,-0.308286393585334
13419,3.2204,-1.26109711218331
13420,3.22064,-0.0466264388466885
13421,3.22088,-0.894920087658691
13422,3.22112,-0.629562216572339
13423,3.22136,-0.265266073841667
13424,3.2216,-0.746224480103427
13425,3.22184,-0.603295989482409
13426,3.22208,-0.369924088634018
13427,3.22232,-0.725625708265526
13428,3.22256,-0.588865857963727
13429,3.2228,-0.237069601380623
13430,3.22304,-1.30617015527931
13431,3.22328,0.0275765348977863
13432,3.22352,-0.704491787782624
13433,3.22376,-1.04688999826397
13434,3.224,0.0459677759472961
13435,3.22424,-0.803219768759272
13436,3.22448,-0.787017154659195
13437,3.22472,-0.177795032709196
13438,3.22496,-0.666821371446202
13439,3.2252,-0.525423198229397
13440,3.22544,-0.530619949597338
13441,3.22568,-0.758470753849873
13442,3.22592,-0.85939675988512
13443,3.22616,-0.144902567324349
13444,3.2264,-1.09371868254837
13445,3.22664,0.231781462451047
13446,3.22688,-0.973058235420044
13447,3.22712,-0.469702429378134
13448,3.22736,0.00555864429084696
13449,3.2276,-1.19375198049117
13450,3.22784,-0.0925505785166845
13451,3.22808,-0.462871635475821
13452,3.22832,-1.05525670877589
13453,3.22856,-0.201979889666857
13454,3.2288,-0.573913658387344
13455,3.22904,-0.793685008614976
13456,3.22928,-0.194026018521944
13457,3.22952,-0.788898257777033
13458,3.22976,-0.769321047069228
13459,3.23,-0.0534358433856197
13460,3.23024,-1.13115929565146
13461,3.23048,-0.272240590206662
13462,3.23072,-0.521803922622107
13463,3.23096,-0.992094276075419
13464,3.2312,-0.381122967962994
13465,3.23144,-0.512503579561228
13466,3.23168,-0.975407863401389
13467,3.23192,-0.00956047474561639
13468,3.23216,-0.611933225252676
13469,3.2324,-0.717148323863131
13470,3.23264,-0.0016831536176416
13471,3.23288,-1.31945780382197
13472,3.23312,0.0109066119701453
13473,3.23336,-0.481250743776947
13474,3.2336,-1.06743059423034
13475,3.23384,0.0266953651441915
13476,3.23408,-0.584688243914803
13477,3.23432,-1.05171599495982
13478,3.23456,-0.0771995161856855
13479,3.2348,-0.568530481509439
13480,3.23504,-0.552994529458814
13481,3.23528,-0.437676269843069
13482,3.23552,-0.673523746535885
13483,3.23576,-0.654450842816944
13484,3.236,-0.301906820186138
13485,3.23624,-1.0130010048386
13486,3.23648,-0.279765205229208
13487,3.23672,-0.289863449351104
13488,3.23696,-1.12300808891321
13489,3.2372,0.0865199362128687
13490,3.23744,-0.766924065829592
13491,3.23768,-0.506489173430474
13492,3.23792,-0.150812716685807
13493,3.23816,-0.636955153710367
13494,3.2384,-0.856731278885068
13495,3.23864,-0.0190831157318629
13496,3.23888,-0.621196485392936
13497,3.23912,-0.72573956353757
13498,3.23936,0.108868565391171
13499,3.2396,-1.21344479216787
13500,3.23984,-0.356704482835946
13501,3.24008,-0.244399778126718
13502,3.24032,-1.07241735629272
13503,3.24056,-0.100278042328941
13504,3.2408,-0.830458386155398
13505,3.24104,-0.454686334263448
13506,3.24128,-0.337347195579961
13507,3.24152,-0.581256875569412
13508,3.24176,-0.689273176572751
13509,3.242,-0.218605381256621
13510,3.24224,-1.04592179706826
13511,3.24248,-0.0765900248086229
13512,3.24272,-0.685248549836734
13513,3.24296,-0.669573632212142
13514,3.2432,0.0494120492342109
13515,3.24344,-0.679288937532546
13516,3.24368,-0.54008713604467
13517,3.24392,-0.186204805754162
13518,3.24416,-0.664913961678451
13519,3.2444,-0.650232751129837
13520,3.24464,-0.301901573501421
13521,3.24488,-0.891479977822092
13522,3.24512,-0.402431968354415
13523,3.24536,-0.172381935102175
13524,3.2456,-1.12189301623917
13525,3.24584,0.204732240265738
13526,3.24608,-0.52846989344684
13527,3.24632,-0.635412562613421
13528,3.24656,0.32059336869102
13529,3.2468,-1.0106506530842
13530,3.24704,-0.269520023367306
13531,3.24728,-0.275006923058131
13532,3.24752,-0.513966627759256
13533,3.24776,-0.617677525344569
13534,3.248,-0.14819376056864
13535,3.24824,-0.865501300490352
13536,3.24848,-0.492876383629307
13537,3.24872,-0.144237792138379
13538,3.24896,-1.10307097002045
13539,3.2492,0.105638216964811
13540,3.24944,-0.984783040689481
13541,3.24968,-0.127051581985459
13542,3.24992,-0.376955253056289
13543,3.25016,-0.732561894378185
13544,3.2504,-0.240591127704902
13545,3.25064,-0.253575180084939
13546,3.25088,-0.723461465676818
13547,3.25112,-0.127307022134989
13548,3.25136,-0.608299119848428
13549,3.2516,-0.593182278153731
13550,3.25184,-0.0021464935366069
13551,3.25208,-0.957464285053665
13552,3.25232,-0.227323731336216
13553,3.25256,-0.239083074284782
13554,3.2528,-1.07381563908031
13555,3.25304,0.254485900917209
13556,3.25328,-0.600917880230515
13557,3.25352,-0.469075229243855
13558,3.25376,0.00762282053918861
13559,3.254,-0.838201481637137
13560,3.25424,0.01631830587587
13561,3.25448,-0.359453929081487
13562,3.25472,-0.593611701795291
13563,3.25496,-0.70056841882712
13564,3.2552,0.00903685340145288
13565,3.25544,-1.07041376316367
13566,3.25568,-0.0968218630016467
13567,3.25592,-0.23228424730298
13568,3.25616,-0.833607221475848
13569,3.2564,-0.344008684673515
13570,3.25664,-0.359259968776667
13571,3.25688,-0.467445150298869
13572,3.25712,-0.232552260423217
13573,3.25736,-0.481295317045391
13574,3.2576,-0.825590005813809
13575,3.25784,-0.106216531016858
13576,3.25808,-0.235370904498777
13577,3.25832,-0.945043223225037
13578,3.25856,0.377878828258595
13579,3.2588,-0.717062650788031
13580,3.25904,-0.344658257392724
13581,3.25928,-0.11025387544355
13582,3.25952,-0.362477657643744
13583,3.25976,-0.349342312041718
13584,3.26,-0.360845517695088
13585,3.26024,-0.594728126588658
13586,3.26048,-0.46352362561993
13587,3.26072,0.00416526106004833
13588,3.26096,-1.07224602730874
13589,3.2612,0.0175275419565042
13590,3.26144,-0.357931155125306
13591,3.26168,-0.833737439253127
13592,3.26192,0.132379987301205
13593,3.26216,-0.603146780994905
13594,3.2624,-0.352347948576846
13595,3.26264,-0.000194083876659201
13596,3.26288,-0.845320388102022
13597,3.26312,-0.110853384078091
13598,3.26336,-0.488100466371776
13599,3.2636,-0.48490338802526
13600,3.26384,-0.472907661423978
13601,3.26408,0.113848301537246
13602,3.26432,-0.967190280501175
13603,3.26456,-0.114915998596441
13604,3.2648,-0.130729423378235
13605,3.26504,-0.736107261191622
13606,3.26528,-0.0049933588675859
13607,3.26552,-0.382011707344729
13608,3.26576,-0.499234169269957
13609,3.266,-0.375042536817658
13610,3.26624,-0.265124399439456
13611,3.26648,-0.731786623115954
13612,3.26672,0.101538273051169
13613,3.26696,-0.504709779698288
13614,3.2672,-0.613204065100798
13615,3.26744,0.217628648107706
13616,3.26768,-0.870403856644296
13617,3.26792,-0.138095764063492
13618,3.26816,-0.273947958021761
13619,3.2684,-0.757059659730963
13620,3.26864,-0.270296133912838
13621,3.26888,-0.408563384919096
13622,3.26912,-0.521060030675339
13623,3.26936,-0.042390074026978
13624,3.2696,-0.53686315948884
13625,3.26984,-0.524822362492672
13626,3.27008,-0.170988953008898
13627,3.27032,-0.0663277509356524
13628,3.27056,-1.01944817961385
13629,3.2708,0.303729188819887
13630,3.27104,-0.553943488769357
13631,3.27128,-0.426891146831137
13632,3.27152,-0.185753233374306
13633,3.27176,0.0376883665236303
13634,3.272,-0.678037399783812
13635,3.27224,0.28000234694739
13636,3.27248,-0.570836714798161
13637,3.27272,-0.44317267636571
13638,3.27296,0.142195502488286
13639,3.2732,-0.818542047000405
13640,3.27344,-0.209472082274564
13641,3.27368,0.0154407217838595
13642,3.27392,-1.06353231958591
13643,3.27416,0.264762846999485
13644,3.2744,-0.473899037104179
13645,3.27464,-0.470014812493927
13646,3.27488,-0.22686683061678
13647,3.27512,-0.124841988813149
13648,3.27536,-0.599334761800453
13649,3.2756,0.35542342491651
13650,3.27584,-0.498557362238578
13651,3.27608,-0.491088488101231
13652,3.27632,0.215002675337185
13653,3.27656,-0.74876636144854
13654,3.2768,-0.259349929550556
13655,3.27704,-0.0334680806706833
13656,3.27728,-0.757196619482331
13657,3.27752,-0.0259733442717287
13658,3.27776,-0.405028508294919
13659,3.278,-0.405308466136475
13660,3.27824,-0.519507355081939
13661,3.27848,-0.0551824125399145
13662,3.27872,-0.532995446778716
13663,3.27896,-0.294354303882414
13664,3.2792,-0.190059360695385
13665,3.27944,-0.420633481677839
13666,3.27968,0.167031848803666
13667,3.27992,-0.322132790038111
13668,3.28016,-0.435022415354406
13669,3.2804,0.0278352555379089
13670,3.28064,-0.695810215839771
13671,3.28088,-0.324820490225783
13672,3.28112,0.141526735725459
13673,3.28136,-0.589643379203049
13674,3.2816,-0.338257984468959
13675,3.28184,-0.111882180572575
13676,3.28208,-0.12474478923791
13677,3.28232,-0.838240895330419
13678,3.28256,0.481023724136492
13679,3.2828,-0.617419045158124
13680,3.28304,-0.248365245616884
13681,3.28328,0.10532252661038
13682,3.28352,-0.631176627207217
13683,3.28376,-0.0222869598415525
13684,3.284,-0.15773710755342
13685,3.28424,-0.520156051804155
13686,3.28448,-0.277935568797508
13687,3.28472,-0.175468253123765
13688,3.28496,-0.770265080407456
13689,3.2852,0.188810957090885
13690,3.28544,-0.309860700714236
13691,3.28568,-0.666924310955099
13692,3.28592,-0.0608829277524631
13693,3.28616,-0.0802226692446473
13694,3.2864,-0.798923449621379
13695,3.28664,0.0411969115684739
13696,3.28688,-0.0975891803201829
13697,3.28712,-0.817249216954093
13698,3.28736,0.501297114133592
13699,3.2876,-0.356851190203904
13700,3.28784,-0.351511228356579
13701,3.28808,0.235671077593064
13702,3.28832,-0.971208335815485
13703,3.28856,0.230784595916517
13704,3.2888,-0.269642928824288
13705,3.28904,-0.628333516382183
13706,3.28928,0.21013315092361
13707,3.28952,-0.291486280623606
13708,3.28976,-0.528068665341378
13709,3.29,-0.0525860566607669
13710,3.29024,0.0486204104129353
13711,3.29048,-0.911290518614122
13712,3.29072,0.41148275360608
13713,3.29096,-0.326728166280983
13714,3.2912,-0.682030648227313
13715,3.29144,0.51097106219859
13716,3.29168,-0.940466734976177
13717,3.29192,0.144434386439206
13718,3.29216,-0.234471485726934
13719,3.2924,-0.835532124607001
13720,3.29264,0.364626070438716
13721,3.29288,-0.496120890203117
13722,3.29312,-0.371980606001202
13723,3.29336,-0.135406258832439
13724,3.2936,0.0858988513478818
13725,3.29384,-0.872876559344806
13726,3.29408,0.325060284820826
13727,3.29432,-0.295054626059829
13728,3.29456,-0.532565071760634
13729,3.2948,0.068422545069769
13730,3.29504,-0.311305564367464
13731,3.29528,-0.426960502064851
13732,3.29552,-0.193532137162513
13733,3.29576,-0.208821422870719
13734,3.296,-0.203904466785878
13735,3.29624,-0.219806648926095
13736,3.29648,-0.227337769332888
13737,3.29672,-0.229167460751175
13738,3.29696,0.112202526505269
13739,3.2972,-0.486746781972801
13740,3.29744,0.103180600361562
13741,3.29768,-0.15418327450443
13742,3.29792,-0.632155425683808
13743,3.29816,0.559808230235708
13744,3.2984,-0.541417205666628
13745,3.29864,-0.175876313987814
13746,3.29888,0.0523870755471484
13747,3.29912,0.0343850613466805
13748,3.29936,-0.802551366109153
13749,3.2996,0.392538512177228
13750,3.29984,-0.223284913020291
13751,3.30008,-0.579725841160579
13752,3.30032,0.489371449454852
13753,3.30056,-0.960757379759587
13754,3.3008,0.241292359209575
13755,3.30104,-0.13833472855643
13756,3.30128,-0.856947844393345
13757,3.30152,0.456511781163788
13758,3.30176,-0.402592468166039
13759,3.302,-0.518842870019389
13760,3.30224,0.428719418173275
13761,3.30248,-0.667045637168449
13762,3.30272,-0.0610629496965438
13763,3.30296,0.0421709645682624
13764,3.3032,-0.329478860438754
13765,3.30344,-0.0855058717755646
13766,3.30368,-0.228632969614801
13767,3.30392,-0.233763663184606
13768,3.30416,-0.115137038713332
13769,3.3044,-0.0150113877800258
13770,3.30464,-0.254729189762541
13771,3.30488,0.093612216688399
13772,3.30512,0.0766621848410358
13773,3.30536,-0.403316485303422
13774,3.3056,0.418273350136143
13775,3.30584,-0.433284821450123
13776,3.30608,-0.193457041969727
13777,3.30632,0.265255559048736
13778,3.30656,-0.82322724960357
13779,3.3068,0.256757322905551
13780,3.30704,-0.127209180485188
13781,3.30728,-0.491319539351332
13782,3.30752,-0.00747995232275422
13783,3.30776,-0.15029602732053
13784,3.308,-0.512072250711162
13785,3.30824,-0.274825191330893
13786,3.30848,-0.0538223486134006
13787,3.30872,-0.533526359360739
13788,3.30896,0.0576290167682918
13789,3.3092,0.0406817038387006
13790,3.30944,-0.558661243879972
13791,3.30968,0.266764340471682
13792,3.30992,-0.466016311832699
13793,3.31016,-0.108225781318271
13794,3.3104,0.23187477261334
13795,3.31064,-0.734690800049857
13796,3.31088,0.220010293623141
13797,3.31112,-0.0423500990058736
13798,3.31136,-0.764704933649763
13799,3.3116,0.545173133410978
13800,3.31184,-0.437192445390185
13801,3.31208,-0.316173074672836
13802,3.31232,0.390287988085399
13803,3.31256,-0.350396606795924
13804,3.3128,0.0126044652771313
13805,3.31304,-0.0059286608279997
13806,3.31328,-0.259154949771763
13807,3.31352,-0.0178134186095213
13808,3.31376,-0.159986835441042
13809,3.314,-0.167670025638315
13810,3.31424,-0.051484970540954
13811,3.31448,-0.0744490038378112
13812,3.31472,-0.0775645912985432
13813,3.31496,-0.0881666224285604
13814,3.3152,0.0104131844810866
13815,3.31544,-0.230894400309453
13816,3.31568,0.350024928482846
13817,3.31592,-0.145591454893079
13818,3.31616,-0.267299557952881
13819,3.3164,0.429899951813142
13820,3.31664,-0.542873063213898
13821,3.31688,0.0560260966330467
13822,3.31712,0.151818517483083
13823,3.31736,-0.57828048088136
13824,3.3176,0.261440571020716
13825,3.31784,-0.246051167972453
13826,3.31808,-0.251554512797797
13827,3.31832,-0.135473076530975
13828,3.31856,0.0815973002894983
13829,3.3188,-0.642780973227576
13830,3.31904,0.191914618092076
13831,3.31928,0.169969124111002
13832,3.31952,-0.674162346031722
13833,3.31976,0.639534124449946
13834,3.32,-0.223252506865174
13835,3.32024,-0.224488142443693
13836,3.32048,0.364174354979291
13837,3.32072,-0.374561968469421
13838,3.32096,-0.0136915062800693
13839,3.3212,-0.156187902593228
13840,3.32144,-0.165424351362337
13841,3.32168,-0.172785049990942
13842,3.32192,0.0438690791442475
13843,3.32216,-0.319652817681901
13844,3.3224,0.264073840673882
13845,3.32264,0.00471210412162049
13846,3.32288,-0.358060353494614
13847,3.32312,0.34113828936951
13848,3.32336,-0.394341875518641
13849,3.3236,-0.0355600213351435
13850,3.32384,0.422212162035616
13851,3.32408,-0.672348772134383
13852,3.32432,0.408825994427648
13853,3.32456,0.0233053956910731
13854,3.3248,-0.346603128726261
13855,3.32504,0.369183122012239
13856,3.32528,-0.257671097650014
13857,3.32552,-0.141228092040268
13858,3.32576,0.328137619916527
13859,3.326,-0.416250532493631
13860,3.32624,0.0635249579166444
13861,3.32648,0.16537157167175
13862,3.32672,-0.210603916354336
13863,3.32696,-0.0937051846207189
13864,3.3272,0.00200301796795543
13865,3.32744,-0.245704421725569
13866,3.32768,-0.017498149651636
13867,3.32792,0.199233445400136
13868,3.32816,-0.28543949702151
13869,3.3284,0.297053601096601
13870,3.32864,0.0365152671463451
13871,3.32888,-0.327381528779753
13872,3.32912,0.370742978563723
13873,3.32936,-0.245927948787591
13874,3.3296,-0.129993279966227
13875,3.32984,0.445902609455635
13876,3.33008,-0.526989619776657
13877,3.33032,0.187684520149187
13878,3.33056,0.283162344837032
13879,3.3308,-0.685231246399304
13880,3.33104,0.505678413491185
13881,3.33128,-0.235311255611439
13882,3.33152,-0.117027858135834
13883,3.33176,0.46529937695006
13884,3.332,-0.513541682934562
13885,3.33224,0.205525674813198
13886,3.33248,0.182126249290157
13887,3.33272,-0.671497743401761
13888,3.33296,0.40433766915835
13889,3.3332,-0.102171944797605
13890,3.33344,-0.349917824642778
13891,3.33368,0.359405265815206
13892,3.33392,-0.386894844903295
13893,3.33416,0.0897916876068574
13894,3.3344,0.071450832895213
13895,3.33464,-0.0713664569227546
13896,3.33488,0.0455780367543186
13897,3.33512,0.262343661441642
13898,3.33536,0.00319083932529551
13899,3.3356,-0.12324322984594
13900,3.33584,0.451758023568162
13901,3.33608,-0.643558092865541
13902,3.33632,0.31050733145355
13903,3.33656,0.0426705413551356
13904,3.3368,-0.568533313746069
13905,3.33704,0.621920166662541
13906,3.33728,-0.245931025618926
13907,3.33752,-0.0114087431585024
13908,3.33776,0.329053136674603
13909,3.338,-0.291960128792041
13910,3.33824,0.187662941607484
13911,3.33848,-0.0782873449661874
13912,3.33872,-0.0884543468718233
13913,3.33896,0.0253624375464958
13914,3.3392,0.000135021758198794
13915,3.33944,-0.246995294906015
13916,3.33968,-0.0194951842625742
13917,3.33992,0.0771821224524472
13918,3.34016,-0.287915691800488
13919,3.3404,0.29392050351688
13920,3.34064,0.154343819230645
13921,3.34088,-0.330946221226843
13922,3.34112,0.366567280552172
13923,3.34136,-0.130403496174054
13924,3.3416,-0.138371351798811
13925,3.34184,0.437555694507079
13926,3.34208,-0.537901632473567
13927,3.34232,0.4148912678096
13928,3.34256,0.0264001862169583
13929,3.3428,-0.344607453805369
13930,3.34304,0.364903076454025
13931,3.34328,-0.0243708731462722
13932,3.34352,0.0875059118653305
13933,3.34376,0.0709845111767533
13934,3.344,0.285455372030783
13935,3.34424,-0.444087298199922
13936,3.34448,0.620180415994074
13937,3.34472,-0.128289077068095
13938,3.34496,-0.13433252269976
13939,3.3452,0.566121439337277
13940,3.34544,-0.180354359377862
13941,3.34568,0.294345551211134
13942,3.34592,0.148646126345668
13943,3.34616,0.128498595001669
13944,3.3464,0.00189430525315482
13945,3.34664,-0.0246668794380284
13946,3.34688,-0.0394205521073903
13947,3.34712,0.191587018240902
13948,3.34736,0.041832912519248
13949,3.3476,-0.0873528432259512
13950,3.34784,0.255551795137686
13951,3.34808,0.231706465317542
13952,3.34832,-0.253075738722824
13953,3.34856,0.445305505108178
13954,3.3488,-0.293574024925132
13955,3.34904,0.179139104957783
13956,3.34928,0.03394192826193
13957,3.34952,-0.334059489556523
13958,3.34976,0.611027000729074
13959,3.35,-0.133275781599537
13960,3.35024,-0.0185962201058265
13961,3.35048,0.560281648937886
13962,3.35072,-0.42013403079354
13963,3.35096,0.295706130732908
13964,3.3512,0.269218062085418
13965,3.35144,-0.585629127059617
13966,3.35168,0.487311306935264
13967,3.35192,-0.021969094406119
13968,3.35216,-0.152529553842909
13969,3.3524,0.194756515926332
13970,3.35264,-0.0738258660461504
13971,3.35288,0.160003050740363
13972,3.35312,0.140751087098024
13973,3.35336,0.355243504991672
13974,3.3536,-0.37390847063802
13975,3.35384,0.687723645261917
13976,3.35408,-0.179156072207652
13977,3.35432,0.0540376805445448
13978,3.35456,0.392430903207983
13979,3.3548,-0.113367677030375
13980,3.35504,0.120458270767292
13981,3.35528,0.334861599972252
13982,3.35552,0.0734496220793539
13983,3.35576,-0.175834932347016
13984,3.356,0.640235322601306
13985,3.35624,-0.343414538186732
13986,3.35648,0.369327364271616
13987,3.35672,0.100608819794909
13988,3.35696,-0.0381121442434753
13989,3.3572,0.0726283964884249
13990,3.35744,0.403865180262943
13991,3.35768,-0.0940067713454158
13992,3.35792,0.133783451408694
13993,3.35816,0.346051583815085
13994,3.3584,-0.511835442917446
13995,3.35864,0.558195115237591
13996,3.35888,-0.0737221833301174
13997,3.35912,0.032300167064097
13998,3.35936,0.0175676226562418
13999,3.3596,0.468586735412434
14000,3.35984,-0.264722616187005
14001,3.36008,0.439456914090168
14002,3.36032,0.169709586496899
14003,3.36056,-0.203712950942142
14004,3.3608,0.500450618942231
14005,3.36104,-0.010691856323531
14006,3.36128,0.22075938134781
14007,3.36152,0.19923454221193
14008,3.36176,0.411552966226142
14009,3.362,-0.319677739743691
14010,3.36224,0.739967800657028
14011,3.36248,-0.128811922285816
14012,3.36272,0.102565610681064
14013,3.36296,0.439223785701467
14014,3.3632,-0.0682340943203252
14015,3.36344,0.16400663722898
14016,3.36368,0.37689596653143
14017,3.36392,0.114036201058111
14018,3.36416,-0.136630664703935
14019,3.3644,0.678119676433702
14020,3.36464,-0.306792058484162
14021,3.36488,0.404745763644628
14022,3.36512,0.134878066269325
14023,3.36536,0.234718571118376
14024,3.3656,-0.0137260766690928
14025,3.36584,0.317676938825708
14026,3.36608,0.176036700446032
14027,3.36632,-0.0776967672162323
14028,3.36656,0.613481203702422
14029,3.3668,-0.245632904079905
14030,3.36704,0.219678088013508
14031,3.36728,0.429973741564034
14032,3.36752,-0.427675189523341
14033,3.36776,0.639539676822571
14034,3.368,-0.113116678470106
14035,3.36824,0.114870766715268
14036,3.36848,0.575013373170719
14037,3.36872,-0.176469007944042
14038,3.36896,0.294791062193958
14039,3.3692,0.270402287768371
14040,3.36944,0.364089677367285
14041,3.36968,-0.00699111235345318
14042,3.36992,0.566606703117355
14043,3.37016,0.0622311477447972
14044,3.3704,-0.0713014829190046
14045,3.37064,0.621506928174186
14046,3.37088,-0.360656340113483
14047,3.37112,0.347353649110692
14048,3.37136,0.316941621002703
14049,3.3716,-0.302020758889879
14050,3.37184,0.644010945378205
14051,3.37208,-0.108655346070603
14052,3.37232,0.119322137391215
14053,3.37256,0.339795607647257
14054,3.3728,0.0684647567281826
14055,3.37304,0.29741947839881
14056,3.37328,0.271359405317478
14057,3.37352,0.125968291175871
14058,3.37376,0.236045191869195
14059,3.374,0.446276760492211
14060,3.37424,0.418770310445471
14061,3.37448,-0.314347836715693
14062,3.37472,0.622736867749482
14063,3.37496,0.116558846150028
14064,3.3752,-0.136308538798608
14065,3.37544,0.434911663843121
14066,3.37568,-0.0634867541074258
14067,3.37592,0.0417818601284163
14068,3.37616,0.251100227626475
14069,3.3764,-0.12510605545762
14070,3.37664,0.334518132215767
14071,3.37688,0.426161684715188
14072,3.37712,0.0527086344560652
14073,3.37736,0.624037627169914
14074,3.3776,0.3571431784415
14075,3.37784,-0.016760108784508
14076,3.37808,0.795969253799462
14077,3.37832,-0.0705745527614035
14078,3.37856,0.154984790879088
14079,3.3788,0.604328411264215
14080,3.37904,-0.378494756301725
14081,3.37928,0.569015822194943
14082,3.37952,0.295793414425258
14083,3.37976,-0.202059742630969
14084,3.38,0.738645973938379
14085,3.38024,-0.01337149857328
14086,3.38048,0.214724089245795
14087,3.38072,0.671074754200706
14088,3.38096,-0.199495764621062
14089,3.3812,0.507241387589587
14090,3.38144,0.233655738690382
14091,3.38168,0.206578196928371
14092,3.38192,0.195894861773787
14093,3.38216,0.166399718982647
14094,3.3824,0.263044705715562
14095,3.38264,0.246336575371054
14096,3.38288,0.335049932907184
14097,3.38312,-0.0445029586653178
14098,3.38336,0.296459724044191
14099,3.3836,0.623146023511108
14100,3.38384,-0.234774929424503
14101,3.38408,0.583779442666616
14102,3.38432,0.0744409222017515
14103,3.38456,0.179869908551615
14104,3.3848,0.632279185808952
14105,3.38504,-0.351485931335825
14106,3.38528,0.712324269231581
14107,3.38552,-0.0427113562151122
14108,3.38576,0.181260015418275
14109,3.386,0.276305390406573
14110,3.38624,0.486384811647821
14111,3.38648,-0.00732126910966668
14112,3.38672,0.444569887442908
14113,3.38696,0.178060634449312
14114,3.3872,0.160950282146788
14115,3.38744,0.610431244257918
14116,3.38768,-0.372261043848959
14117,3.38792,0.689534776134683
14118,3.38816,0.0563355384884945
14119,3.3884,0.28175323696651
14120,3.38864,0.495880957323976
14121,3.38888,0.102589383906555
14122,3.38912,0.449284607269878
14123,3.38936,0.297521593958046
14124,3.3896,0.391380376235094
14125,3.38984,0.25265525248347
14126,3.39008,0.45904063500996
14127,3.39032,-0.162225139676613
14128,3.39056,0.537580015865567
14129,3.3908,0.264951893503593
14130,3.39104,0.00771601473394545
14131,3.39128,0.941577711920513
14132,3.39152,-0.0531697068942221
14133,3.39176,0.533155562012266
14134,3.392,0.382208077511902
14135,3.39224,0.47250328598841
14136,3.39248,-0.0251797074502045
14137,3.39272,0.783414006809725
14138,3.39296,-0.20438691099211
14139,3.3932,0.618991160852358
14140,3.39344,0.34423122456803
14141,3.39368,-0.035269556053612
14142,3.39392,0.898819984306067
14143,3.39416,0.264240517366747
14144,3.3944,0.246468652959043
14145,3.39464,0.7016416372595
14146,3.39488,-0.0541610807194277
14147,3.39512,0.53236466490739
14148,3.39536,0.261790126851341
14149,3.3956,0.355742925426962
14150,3.39584,0.218852102698694
14151,3.39608,0.186014528727769
14152,3.39632,0.165221344253994
14153,3.39656,0.261036417418301
14154,3.3968,0.34808745571314
14155,3.39704,0.33194409821736
14156,3.39728,0.2972241985691
14157,3.39752,0.38885673667238
14158,3.39776,0.0105402865611259
14159,3.398,0.457908753968131
14160,3.39824,-0.0430928306310989
14161,3.39848,0.413974186268405
14162,3.39872,0.619495256283209
14163,3.39896,0.121479507375516
14164,3.3992,0.571837455570536
14165,3.39944,0.540447239308259
14166,3.39968,0.0397705850981607
14167,3.39992,0.607048041390784
14168,3.40016,-0.0202017277535236
14169,3.4004,0.557990463047321
14170,3.40064,0.405236229946797
14171,3.40088,0.143184165227368
14172,3.40112,0.831951824149234
14173,3.40136,-0.157984111414193
14174,3.4016,0.663761106686949
14175,3.40184,0.267131745915107
14176,3.40208,0.126260996137805
14177,3.40232,0.702073654176435
14178,3.40256,0.184070161113456
14179,3.4028,0.522265286701878
14180,3.40304,0.372308220190276
14181,3.40328,0.463550425544555
14182,3.40352,0.322322948756577
14183,3.40376,0.52631603369802
14184,3.404,0.0225982223103749
14185,3.40424,0.477064521811071
14186,3.40448,0.443917495126131
14187,3.40472,0.302399660804399
14188,3.40496,0.631014198728851
14189,3.4052,0.00165119454601426
14190,3.40544,0.820084998217659
14191,3.40568,0.061289466191301
14192,3.40592,0.281662817694466
14193,3.40616,0.373269297868642
14194,3.4064,0.580058395240626
14195,3.40664,-0.0392791213681285
14196,3.40688,1.00978606265415
14197,3.40712,0.0145357394887506
14198,3.40736,0.47834126448222
14199,3.4076,0.445154282184261
14200,3.40784,0.0549320212335667
14201,3.40808,0.754851989318948
14202,3.40832,-0.000972578257493195
14203,3.40856,0.580404267302911
14204,3.4088,0.428191383422219
14205,3.40904,0.517275299356684
14206,3.40928,0.256795006303269
14207,3.40952,0.582416502454491
14208,3.40976,0.0765338905133022
14209,3.41,0.528929690209556
14210,3.41024,0.377478194357827
14211,3.41048,0.235154834794627
14212,3.41072,0.800997730458094
14213,3.41096,-0.188899873038876
14214,3.4112,0.7501129842234
14215,3.41144,0.232556691655098
14216,3.41168,0.450071097428448
14217,3.41192,0.65752379097121
14218,3.41216,0.142814664460614
14219,3.4124,0.483989108498728
14220,3.41264,0.446448053897901
14221,3.41288,0.301349805475946
14222,3.41312,0.39200592209445
14223,3.41336,0.71725564762003
14224,3.4136,0.21566173167908
14225,3.41384,0.662595800183475
14226,3.41408,0.390033296697176
14227,3.41432,0.247335835154101
14228,3.41456,0.812823270592114
14229,3.4148,-0.177413033926728
14230,3.41504,0.761278690331622
14231,3.41528,0.243417089767488
14232,3.41552,0.46064094678989
14233,3.41576,0.547991638771332
14234,3.416,0.277471444915462
14235,3.41624,0.61512007508984
14236,3.41648,0.335496233391352
14237,3.41672,0.312606044752852
14238,3.41696,0.403382629544944
14239,3.4172,0.609378128667145
14240,3.41744,0.104755034576228
14241,3.41768,0.789920212947314
14242,3.41792,-0.0771654248958238
14243,3.41816,0.735691252460362
14244,3.4184,0.338977202030603
14245,3.41864,0.315981812502018
14246,3.41888,0.764482824809262
14247,3.41912,0.12996598324648
14248,3.41936,0.827145744619341
14249,3.4196,0.186322227003618
14250,3.41984,0.282081128556385
14251,3.42008,0.373902366348766
14252,3.42032,0.697643848597414
14253,3.42056,0.0738463624086438
14254,3.4208,0.998824634535572
14255,3.42104,0.12544056253052
14256,3.42128,0.580187471581567
14257,3.42152,0.660044403299123
14258,3.42176,-0.0931497468864788
14259,3.422,0.844838314239413
14260,3.42224,0.325359747260458
14261,3.42248,0.539781826870189
14262,3.42272,0.627026606463649
14263,3.42296,0.353792917105631
14264,3.4232,0.450084118749781
14265,3.42344,0.533080415881401
14266,3.42368,0.266166330175025
14267,3.42392,0.477377391772344
14268,3.42416,0.681296507561591
14269,3.4244,0.174737105349756
14270,3.42464,0.860162542049298
14271,3.42488,-0.00968333233344243
14272,3.42512,0.80448744790804
14273,3.42536,0.407225784525139
14274,3.4256,0.38245717754431
14275,3.42584,0.831397080889193
14276,3.42608,0.194689414070288
14277,3.42632,0.651459759926731
14278,3.42656,0.132316754540085
14279,3.4268,0.58933146396798
14280,3.42704,0.435814164579659
14281,3.42728,0.642125520314291
14282,3.42752,0.138262343791983
14283,3.42776,0.702529103650379
14284,3.428,0.192238264685877
14285,3.42824,0.643935013187768
14286,3.42848,0.605470279139961
14287,3.42872,0.217942821450935
14288,3.42896,1.02802657614523
14289,3.4292,0.147142130690454
14290,3.42944,0.605801294561294
14291,3.42968,0.451703130904822
14292,3.42992,0.658377938434618
14293,3.43016,0.155231390223043
14294,3.4304,0.957692245701229
14295,3.43064,0.320094260028805
14296,3.43088,0.296259357099811
14297,3.43112,0.862080510871998
14298,3.43136,-0.0123096759463395
14299,3.4316,0.683787648141227
14300,3.43184,0.401877566052014
14301,3.43208,0.496621065888555
14302,3.43232,0.702114324589707
14303,3.43256,0.544144327480806
14304,3.4328,0.277521704513957
14305,3.43304,1.08174254839736
14306,3.43328,0.325978324316871
14307,3.43352,0.422726808129242
14308,3.43376,0.747444199302374
14309,3.434,0.114354401617478
14310,3.43424,0.929232490314864
14311,3.43448,0.167039766617789
14312,3.43472,0.622942366006015
14313,3.43496,0.46836020988978
14314,3.4352,0.672363295762639
14315,3.43544,0.284793082918353
14316,3.43568,0.847908020293243
14317,3.43592,0.0937402339274342
14318,3.43616,0.788057557335353
14319,3.4364,0.507511480610362
14320,3.43664,0.478918576629523
14321,3.43688,0.804371592263292
14322,3.43712,0.168953382626446
14323,3.43736,0.744139934213178
14324,3.4376,0.221505653539159
14325,3.43784,0.55535659682904
14326,3.43808,0.403861847504337
14327,3.43832,0.842615263729835
14328,3.43856,0.0935699744350702
14329,3.4388,1.01894257985908
14330,3.43904,0.257898591257531
14331,3.43928,0.591429995605123
14332,3.43952,0.672894979504786
14333,3.43976,-0.0795562809257957
14334,3.44,0.975420900240019
14335,3.44024,0.214975439258948
14336,3.44048,0.791919016171189
14337,3.44072,0.394948075003076
14338,3.44096,0.601576274483334
14339,3.4412,0.332793374218522
14340,3.44144,0.893257847936607
14341,3.44168,0.142611984733716
14342,3.44192,0.950082184952374
14343,3.44216,0.308079551945309
14344,3.4424,0.642678941278532
14345,3.44264,0.604812569880681
14346,3.44288,0.687780305425236
14347,3.44312,0.298975269793691
14348,3.44336,0.977309477634385
14349,3.4436,0.10325526856872
14350,3.44384,0.793984835238789
14351,3.44408,0.632509585550504
14352,3.44432,0.362218707649898
14353,3.44456,0.927994036837386
14354,3.4448,0.402121631208833
14355,3.44504,0.615541320971639
14356,3.44528,0.461759370257739
14357,3.44552,0.782002313904202
14358,3.44576,0.272926390418144
14359,3.446,0.71326762707379
14360,3.44624,0.203383882540965
14361,3.44648,0.770939304550621
14362,3.44672,0.611072664329923
14363,3.44696,0.343123490274106
14364,3.4472,0.90811258216617
14365,3.44744,0.384561451794358
14366,3.44768,0.837632650112168
14367,3.44792,0.434667003708255
14368,3.44816,0.639902069863845
14369,3.4484,0.369788518582404
14370,3.44864,0.928980317437526
14371,3.44888,0.177116785254635
14372,3.44912,0.983423555764883
14373,3.44936,0.340307931350747
14374,3.4496,0.673843158090087
14375,3.44984,0.753502839713456
14376,3.45008,0.475621338351433
14377,3.45032,0.566566483582981
14378,3.45056,0.522451705919962
14379,3.4508,0.493006175185191
14380,3.45104,0.697807325988701
14381,3.45128,0.776619612667942
14382,3.45152,0.265928341037564
14383,3.45176,1.18964531767839
14384,3.452,0.42351547381767
14385,3.45224,0.634631311977012
14386,3.45248,0.719154810638877
14387,3.45272,0.916096532779646
14388,3.45296,0.164527642866569
14389,3.4532,1.08748915992205
14390,3.45344,0.446623739776713
14391,3.45368,0.535989003024069
14392,3.45392,0.736052223529647
14393,3.45416,0.220316599085479
14394,3.4544,1.03198861539788
14395,3.45464,0.626640227691696
14396,3.45488,0.354514646724809
14397,3.45512,0.920711661280519
14398,3.45536,0.397396484465601
14399,3.4556,0.850738583225628
14400,3.45584,0.688968369111398
14401,3.45608,0.76890627965686
14402,3.45632,0.378529363597345
14403,3.45656,1.0562003770407
14404,3.4568,0.179342674753089
14405,3.45704,0.986806177501021
14406,3.45728,0.343465525670691
14407,3.45752,0.554772452253664
14408,3.45776,0.758074353201596
14409,3.458,0.713915845672682
14410,3.45824,0.561386362788195
14411,3.45848,0.878642883387635
14412,3.45872,0.362155470096767
14413,3.45896,0.807928976856273
14414,3.4592,0.647044302518545
14415,3.45944,0.255226122064768
14416,3.45968,1.05734050752531
14417,3.45992,0.293860533669973
14418,3.46016,0.865688358822214
14419,3.4604,0.705226501773818
14420,3.46064,0.78596312819505
14421,3.46088,0.393324136324657
14422,3.46112,0.832232744165292
14423,3.46136,0.196758195334846
14424,3.4616,0.886472591192538
14425,3.46184,0.358404154969311
14426,3.46208,0.807278835736031
14427,3.46232,0.528796494390553
14428,3.46256,0.723564927248252
14429,3.4628,0.452813150838747
14430,3.46304,0.657782643731078
14431,3.46328,0.853531378926476
14432,3.46352,0.456891782363687
14433,3.46376,1.1384346603803
14434,3.464,0.136359260944519
14435,3.46424,1.06637745463654
14436,3.46448,0.661317893801536
14437,3.46472,0.508001444511044
14438,3.46496,1.07016705978156
14439,3.4652,0.782251513726416
14440,3.46544,0.390125713597624
14441,3.46568,0.831929173018278
14442,3.46592,0.907804538022084
14443,3.46616,0.394768716203583
14444,3.4664,0.957145203518084
14445,3.46664,0.553078686465931
14446,3.46688,0.642891760969184
14447,3.46712,0.842829173644498
14448,3.46736,0.438982416121823
14449,3.4676,0.887112917872509
14450,3.46784,0.600236659519808
14451,3.46808,0.568255696580145
14452,3.46832,0.768880643762068
14453,3.46856,0.847641035828567
14454,3.4688,0.333374929410543
14455,3.46904,1.25108994984754
14456,3.46928,0.366371283400572
14457,3.46952,1.05393777243714
14458,3.46976,0.526775197168025
14459,3.47,0.491520500258535
14460,3.47024,0.938769558194707
14461,3.47048,0.532168952465668
14462,3.47072,0.742492650265075
14463,3.47096,0.819762566578378
14464,3.4712,0.65898944993399
14465,3.47144,0.626707286831059
14466,3.47168,1.30564001336096
14467,3.47192,0.418233567223966
14468,3.47216,0.627024569512327
14469,3.4724,1.06758352301511
14470,3.47264,0.779737016446821
14471,3.47288,0.625074244633416
14472,3.47312,0.698433445406292
14473,3.47336,0.542618812430884
14474,3.4736,0.980391858375556
14475,3.47384,0.57785158110138
14476,3.47408,0.662512592071292
14477,3.47432,0.858073259106684
14478,3.47456,0.338026887844136
14479,3.4748,1.02222947536301
14480,3.47504,0.613963762353511
14481,3.47528,0.701555349779457
14482,3.47552,0.900212287972594
14483,3.47576,0.737436116484354
14484,3.476,0.582549399668432
14485,3.47624,0.898481383155363
14486,3.47648,0.260857647210265
14487,3.47672,1.18690114599798
14488,3.47696,0.537497858942433
14489,3.4772,0.861638043729494
14490,3.47744,0.697829713824189
14491,3.47768,0.655073475926794
14492,3.47792,0.74086781319897
14493,3.47816,0.813824711953934
14494,3.4784,0.539887364169405
14495,3.47864,0.741811116420006
14496,3.47888,0.815214309816551
14497,3.47912,0.53689621017754
14498,3.47936,1.21570743605143
14499,3.4796,0.333459245962382
14500,3.47984,1.25605299549706
14501,3.48008,0.368540777567286
14502,3.48032,0.936323335072784
14503,3.48056,0.650462051537463
14504,3.4808,0.849612049250355
14505,3.48104,0.572371236073396
14506,3.48128,1.00665534047237
14507,3.48152,0.126632410625113
14508,3.48176,1.17117204057139
14509,3.482,0.402473425104803
14510,3.48224,0.969783595808621
14511,3.48248,0.804132699495041
14512,3.48272,0.881203292427286
14513,3.48296,0.484581463028369
14514,3.4832,0.916666304922583
14515,3.48344,0.399721276643114
14516,3.48368,0.960520659966377
14517,3.48392,0.795925084171509
14518,3.48416,0.640218108446471
14519,3.4844,0.956170307509708
14520,3.48464,0.435824378255319
14521,3.48488,1.23610859292547
14522,3.48512,0.585889795050484
14523,3.48536,1.03120950585536
14524,3.4856,0.745808310844055
14525,3.48584,0.941451607863385
14526,3.48608,0.904556603430823
14527,3.48632,0.734579135334055
14528,3.48656,0.815708196957589
14529,3.4868,0.53805089125711
14530,3.48704,1.09309412496586
14531,3.48728,0.333773748340931
14532,3.48752,0.895917078701257
14533,3.48776,0.729028424253555
14534,3.488,0.809607566658882
14535,3.48824,1.00330694772152
14536,3.48848,0.357738485389351
14537,3.48872,1.1625448517615
14538,3.48896,0.752223066382406
14539,3.4892,0.707650210343743
14540,3.48944,0.912054724184268
14541,3.48968,0.860855697927998
14542,3.48992,0.578455653071612
14543,3.49016,0.897804946034721
14544,3.4904,0.851283096365769
14545,3.49064,0.332724892383361
14546,3.49088,1.13343465715221
14547,3.49112,0.365968786871699
14548,3.49136,0.932680843575054
14549,3.4916,0.766487081489753
14550,3.49184,0.839102206288468
14551,3.49208,0.800403918736625
14552,3.49232,0.75031112026677
14553,3.49256,0.712984842526428
14554,3.4928,0.908495128012183
14555,3.49304,0.744464947203888
14556,3.49328,0.585754853642275
14557,3.49352,1.13855677832629
14558,3.49376,0.256867319122701
14559,3.494,1.29808974442681
14560,3.49424,0.646899266601293
14561,3.49448,0.607169148596688
14562,3.49472,1.16429151204882
14563,3.49496,0.873709726357173
14564,3.4952,0.717814599838554
14565,3.49544,0.913234304550576
14566,3.49568,0.986576180337737
14567,3.49592,0.585652262303059
14568,3.49616,1.13812491522744
14569,3.4964,0.614770169704132
14570,3.49664,1.05137636758982
14571,3.49688,1.00370935676876
14572,3.49712,0.483597027350917
14573,3.49736,1.40005773743168
14574,3.4976,0.749432904593703
14575,3.49784,0.58990544720361
14576,3.49808,1.38455159045085
14577,3.49832,0.614373013445578
14578,3.49856,1.17796218215831
14579,3.4988,0.52652606055499
14580,3.49904,0.967247785432031
14581,3.49928,0.923713167521645
14582,3.49952,0.873028435515127
14583,3.49976,0.83367672822695
14584,3.5,0.904458654117773
14585,3.50024,0.740976766266706
14586,3.50048,0.935667216651581
14587,3.50072,1.12591428429293
14588,3.50096,0.723555257492149
14589,3.5012,1.27635614446
14590,3.50144,0.387744096740858
14591,3.50168,1.30863143342888
14592,3.50192,0.778064715008368
14593,3.50216,0.737814816982392
14594,3.5024,0.933576055861662
14595,3.50264,0.642064242959364
14596,3.50288,1.08229434205546
14597,3.50312,0.795531207330043
14598,3.50336,0.989874655612056
14599,3.5036,0.587393405731658
14600,3.50384,1.140635617587
14601,3.50408,0.495542070764921
14602,3.50432,1.29288720645917
14603,3.50456,0.642895822834522
14604,3.5048,1.08442144455438
14605,3.50504,0.670921111835775
14606,3.50528,0.868651335771784
14607,3.50552,0.942128445580322
14608,3.50576,1.13234356456087
14609,3.506,0.608845571548506
14610,3.50624,1.04359813814316
14611,3.50648,0.754462903603217
14612,3.50672,0.833935501242012
14613,3.50696,0.907668587729397
14614,3.5072,0.502073640010586
14615,3.50744,0.821286948836382
14616,3.50768,0.892202559650701
14617,3.50792,0.851200430148841
14618,3.50816,1.04321130808268
14619,3.5084,0.996062817672906
14620,3.50864,0.713421704108432
14621,3.50888,1.14419632384763
14622,3.50912,0.499199301912361
14623,3.50936,1.29619407782111
14624,3.5096,0.645430995143231
14625,3.50984,1.08538453874833
14626,3.51008,1.03636608573181
14627,3.51032,0.624430914282047
14628,3.51056,1.18519250448691
14629,3.5108,0.774492493734445
14630,3.51104,1.08952533863814
14631,3.51128,0.68697783632853
14632,3.51152,1.23673653352211
14633,3.51176,0.594797669369116
14634,3.512,0.909716967794262
14635,3.51224,0.979192322688554
14636,3.51248,0.694452163419927
14637,3.51272,1.36587794313657
14638,3.51296,0.717509599602004
14639,3.5132,1.03415286433398
14640,3.51344,0.862496943782824
14641,3.51368,0.578577021191145
14642,3.51392,1.37407198180293
14643,3.51416,0.722346899123144
14644,3.5144,1.04324058535797
14645,3.51464,0.869898103703084
14646,3.51488,0.704244708916196
14647,3.51512,1.01935493888179
14648,3.51536,1.08859713222439
14649,3.5156,0.923045420995122
14650,3.51584,0.99334429159959
14651,3.51608,0.584463208419989
14652,3.51632,1.14283512407784
14653,3.51656,0.729514719767533
14654,3.5168,0.926122652290754
14655,3.51704,0.99767173235893
14656,3.51728,1.18604184411486
14657,3.51752,0.660777683509866
14658,3.51776,1.09384243521147
14659,3.518,0.922923383122443
14660,3.51824,1.11987348441422
14661,3.51848,0.826592834417579
14662,3.51872,0.900075133192929
14663,3.51896,0.975910204225077
14664,3.5192,0.923034729903558
14665,3.51944,0.639388523323747
14666,3.51968,0.952755443367798
14667,3.51992,1.0207435916928
14668,3.52016,0.734579862565728
14669,3.5204,1.40464404656512
14670,3.52064,0.754972494384742
14671,3.52088,1.07036944113238
14672,3.52112,0.897521648665293
14673,3.52136,0.852121278665275
14674,3.5216,1.04649161377505
14675,3.52184,0.753156501618795
14676,3.52208,0.71275943064269
14677,3.52232,1.26667715266891
14678,3.52256,0.854024409150909
14679,3.5228,1.04981190192033
14680,3.52304,0.998610370156883
14681,3.52328,0.709249945173847
14682,3.52352,1.02456109102274
14683,3.52376,0.730490037086891
14684,3.524,1.16356494730297
14685,3.52424,0.75844392204821
14686,3.52448,1.30396528937236
14687,3.52472,0.538162781148607
14688,3.52496,1.33203489324111
14689,3.5252,0.800338817004316
14690,3.52544,1.23739752028686
14691,3.52568,0.824314243531883
14692,3.52592,1.0181115719576
14693,3.52616,0.848632689686201
14694,3.5264,1.27663346392123
14695,3.52664,0.750433527026193
14696,3.52688,1.29766752037975
14697,3.52712,0.645974295449645
14698,3.52736,1.44143000007332
14699,3.5276,0.784753793968228
14700,3.52784,1.34071262274636
14701,3.52808,1.04568358299847
14702,3.52832,0.757556676088168
14703,3.52856,1.07370645684151
14704,3.5288,1.14206183495858
14705,3.52904,0.612744257900137
14706,3.52928,1.40711415694158
14707,3.52952,0.752923739694894
14708,3.52976,1.18965981840812
14709,3.53,0.896081341652343
14710,3.53024,1.20721044625441
14711,3.53048,0.80098488956689
14712,3.53072,1.46868121678422
14713,3.53096,0.816743541069991
14714,3.5312,1.13354388388895
14715,3.53144,0.960135271561246
14716,3.53168,1.15180621901673
14717,3.53192,0.865687655477983
14718,3.53216,1.17418941137699
14719,3.5324,0.52293662943848
14720,3.53264,1.43684964927938
14721,3.53288,0.782850979538409
14722,3.53312,0.978706543763814
14723,3.53336,1.04224884952691
14724,3.5336,0.99289773865032
14725,3.53384,0.946074333531014
14726,3.53408,1.01239196276758
14727,3.53432,0.722981903971583
14728,3.53456,1.27748070919192
14729,3.5348,0.85883984798325
14730,3.53504,0.814490314807338
14731,3.53528,1.36462592824493
14732,3.53552,0.710883959627522
14733,3.53576,1.14398335946271
14734,3.536,1.09069618655105
14735,3.53624,1.16186992853285
14736,3.53648,0.868074588577252
14737,3.53672,1.05920210325417
14738,3.53696,0.888044095124699
14739,3.5372,1.19328033140686
14740,3.53744,1.0247028395511
14741,3.53768,1.21148003270931
14742,3.53792,0.798530667424524
14743,3.53816,1.11067633710481
14744,3.5384,0.694199106027444
14745,3.53864,0.888178038357347
14746,3.53888,1.07533451663214
14747,3.53912,1.14421581977903
14748,3.53936,0.855316084104553
14749,3.5396,1.042264507753
14750,3.53984,1.23554327087848
14751,3.54008,0.941788937947031
14752,3.54032,1.25099531403906
14753,3.54056,0.843776330596633
14754,3.5408,1.14886590462482
14755,3.54104,0.856888807457801
14756,3.54128,1.40680596041436
14757,3.54152,0.751077197419986
14758,3.54176,1.30301106260391
14759,3.542,0.88486570642189
14760,3.54224,1.19706517405683
14761,3.54248,1.14740001107903
14762,3.54272,0.850711494848669
14763,3.54296,0.807105183055473
14764,3.5432,1.23547032483511
14765,3.54344,1.06183898737632
14766,3.54368,1.01340866133897
14767,3.54392,1.43938995484486
14768,3.54416,0.78541948287195
14769,3.5444,1.21747353726121
14770,3.54464,0.921690559638487
14771,3.54488,1.23242461564726
14772,3.54512,0.823593263818143
14773,3.54536,1.36860761302264
14774,3.5456,0.718243724862861
14775,3.54584,1.50883141326246
14776,3.54608,0.851031384525508
14777,3.54632,1.28431372247241
14778,3.54656,1.22888376968597
14779,3.5468,1.05396262116093
14780,3.54704,1.12767471304626
14781,3.54728,1.19192275491643
14782,3.54752,1.02082884312819
14783,3.54776,1.21276010343017
14784,3.548,1.03672126801468
14785,3.54824,1.22587969732927
14786,3.54848,0.814916807677761
14787,3.54872,1.36053106418429
14788,3.54896,0.950338815751686
14789,3.5492,1.4956500559326
14790,3.54944,0.839061778704732
14791,3.54968,1.39286002901042
14792,3.54992,1.09490024123164
14793,3.55016,1.04449983748121
14794,3.5504,1.23553719371402
14795,3.55064,1.05864245634769
14796,3.55088,1.24698157369058
14797,3.55112,0.95461997906124
14798,3.55136,1.26025384254391
14799,3.5516,1.08947118685824
14800,3.55184,1.27413932846733
14801,3.55208,1.09751467118159
14802,3.55232,1.1695956400442
14803,3.55256,1.23228268293786
14804,3.5528,0.939835096958191
14805,3.55304,1.37220022595989
14806,3.55328,0.95463016230526
14807,3.55352,1.14413326586559
14808,3.55376,0.97012172125826
14809,3.554,1.39507686925496
14810,3.55424,0.983646846180683
14811,3.55448,1.16872907915588
14812,3.55472,1.23742349102212
14813,3.55496,0.941261587744892
14814,3.5552,1.13012565272979
14815,3.55544,1.19469697043345
14816,3.55568,0.901006469504616
14817,3.55592,1.44972879382278
14818,3.55616,0.671259109040378
14819,3.5564,1.3428764235698
14820,3.55664,1.16388714330622
14821,3.55688,0.873715993396496
14822,3.55712,1.41716005821076
14823,3.55736,1.0049100439541
14824,3.5576,1.18920772356331
14825,3.55784,1.13772306536198
14826,3.55808,0.961093478839298
14827,3.55832,1.27080823116656
14828,3.55856,1.09363773691243
14829,3.5588,1.04243834095628
14830,3.55904,1.3476422201214
14831,3.55928,0.932870884162571
14832,3.55952,1.48038087000459
14833,3.55976,0.702503311094546
14834,3.56,1.37293876229702
14835,3.56024,1.19458088270924
14836,3.56048,0.90325686467992
14837,3.56072,1.32664080212556
14838,3.56096,1.0339921747095
14839,3.5612,1.09737038763349
14840,3.56144,1.2858324136502
14841,3.56168,0.987890591302927
14842,3.56192,1.17678110954479
14843,3.56216,1.23965259861581
14844,3.5624,0.946076591823478
14845,3.56264,1.4931720670271
14846,3.56288,0.714898388061415
14847,3.56312,1.38495525240697
14848,3.56336,1.2062358824589
14849,3.5636,0.9145663674948
14850,3.56384,1.33762069141706
14851,3.56408,1.16409189477256
14852,3.56432,1.10646917343188
14853,3.56456,1.2938360820514
14854,3.5648,1.1159796212955
14855,3.56504,1.06238856077593
14856,3.56528,1.3670358803077
14857,3.56552,0.82924910473863
14858,3.56576,1.61863375902208
14859,3.566,0.957912345294676
14860,3.56624,1.14778251676082
14861,3.56648,1.44882296328014
14862,3.56672,0.916236318412845
14863,3.56696,1.33933721094919
14864,3.5672,1.16588318764993
14865,3.56744,1.10833515935073
14866,3.56768,1.29577437862641
14867,3.56792,1.11799026211471
14868,3.56816,1.06446949848261
14869,3.5684,1.36918664848204
14870,3.56864,1.18921652713052
14871,3.56888,1.13348614649297
14872,3.56912,0.960231528306171
14873,3.56936,1.26306868885117
14874,3.5696,0.848573386079728
14875,3.56984,1.63469180290657
14876,3.57008,0.973932262918774
14877,3.57032,1.16331947941077
14878,3.57056,1.46389796036149
14879,3.5708,0.93086901578339
14880,3.57104,1.35354718756656
14881,3.57128,1.17968835521556
14882,3.57152,1.12175390188255
14883,3.57176,1.30882305057556
14884,3.572,1.13068592235689
14885,3.57224,1.43193992933671
14886,3.57248,0.655961713416066
14887,3.57272,1.44319766397713
14888,3.57296,1.38446386482149
14889,3.5732,0.971398131780767
14890,3.57344,1.27300438143504
14891,3.57368,1.33587807083552
14892,3.57392,1.39990675087371
14893,3.57416,0.977826155098904
14894,3.5744,1.4035029910932
14895,3.57464,1.10855727317075
14896,3.57488,1.04999847035196
14897,3.57512,1.35666490267816
14898,3.57536,1.30128661049648
14899,3.5756,1.11801516764163
14900,3.57584,1.18337308636288
14901,3.57608,1.244524481496
14902,3.57632,1.18629622826387
14903,3.57656,1.13108495341891
14904,3.5768,1.55402666777168
14905,3.57704,0.894965269238723
14906,3.57728,1.44421436794288
14907,3.57752,1.02387455934224
14908,3.57776,1.4455498022254
14909,3.578,1.0282895777369
14910,3.57824,1.44880453401739
14911,3.57848,0.912479525874145
14912,3.57872,1.69847962054121
14913,3.57896,1.27636933856121
14914,3.5792,0.982438898354549
14915,3.57944,1.52229005025153
14916,3.57968,1.10660312229975
14917,3.57992,1.64666317501789
14918,3.58016,0.985050052457167
14919,3.5804,1.29264414549405
14920,3.58064,1.47170006823614
14921,3.58088,0.93450201870814
14922,3.58112,1.71966501628152
14923,3.58136,0.93769416544329
14924,3.5816,1.36548321257309
14925,3.58184,1.18323037541968
14926,3.58208,1.1275815621967
14927,3.58232,1.30822543585777
14928,3.58256,1.01095151204401
14929,3.5828,1.43376298467227
14930,3.58304,1.25171702535799
14931,3.58328,1.19399947293217
14932,3.58352,1.25680191161633
14933,3.58376,1.43722912223018
14934,3.584,0.901263833834382
14935,3.58424,1.44352247308923
14936,3.58448,1.26376500960005
14937,3.58472,1.56814152637349
14938,3.58496,1.02337828691927
14939,3.5852,1.32778386525818
14940,3.58544,1.14912948306023
14941,3.58568,1.08934981964059
14942,3.58592,1.39484841961941
14943,3.58616,1.09515538103796
14944,3.5864,1.27401101675554
14945,3.58664,1.33531380273567
14946,3.58688,1.63482934181226
14947,3.58712,1.21505332517673
14948,3.58736,1.27889988648357
14949,3.5876,1.45678513904644
14950,3.58784,1.04129875203829
14951,3.58808,1.58116972983071
14952,3.58832,1.27925560288526
14953,3.58856,1.34042188831961
14954,3.5888,1.63980617562683
14955,3.58904,1.21990382110544
14956,3.58928,1.28362882394889
14957,3.58952,1.46139730940146
14958,3.58976,1.04579860317289
14959,3.59,1.46570724605617
14960,3.59024,0.924871029679475
14961,3.59048,1.58973860469166
14962,3.59072,0.806911789951185
14963,3.59096,1.59243407544878
14964,3.5912,1.047353822193
14965,3.59144,1.35102542900349
14966,3.59168,1.17167162060632
14967,3.59192,1.23110119016926
14968,3.59216,1.17472549655465
14969,3.5924,1.11458224294727
14970,3.59264,1.5321644974382
14971,3.59288,0.992507874235101
14972,3.59312,1.77397713990062
14973,3.59336,1.23209866161253
14974,3.5936,1.29730997330761
14975,3.59384,1.23452696873782
14976,3.59408,1.29396171864709
14977,3.59432,1.35478304788698
14978,3.59456,1.17054466272473
14979,3.5948,1.47251270268288
14980,3.59504,1.17251962734198
14981,3.59528,1.59073234276339
14982,3.59552,1.17284768291094
14983,3.59576,1.35136078127284
14984,3.596,1.65383368702756
14985,3.59624,1.22880296140988
14986,3.59648,1.52699540820636
14987,3.59672,0.987750153715609
14988,3.59696,1.6475856072822
14989,3.5972,0.985447317340083
14990,3.59744,1.6515974001278
14991,3.59768,1.22673924869782
14992,3.59792,1.52509538016237
14993,3.59816,0.986007016641764
14994,3.5984,1.52527670275149
14995,3.59864,1.0998573601976
14996,3.59888,1.5218761323002
14997,3.59912,1.21863420568667
14998,3.59936,1.51697810000853
14999,3.5996,1.09945126242423
15000,3.59984,1.39679237445233
15001,3.60008,1.21367615204227
15002,3.60032,1.51447080099026
15003,3.60056,1.45171776841337
15004,3.6008,1.51078062000802
15005,3.60104,1.09224571834679
15006,3.60128,1.50943809005299
15007,3.60152,0.971195517602743
15008,3.60176,1.6311292420408
15009,3.602,1.08450039004096
15010,3.60224,1.50692714482857
15011,3.60248,1.2058225031781
15012,3.60272,1.50354924945803
15013,3.60296,1.08371190802101
15014,3.6032,1.3845256322069
15015,3.60344,1.56037907175263
15016,3.60368,1.02003279881244
15017,3.60392,1.6792467349743
15018,3.60416,1.0169694582666
15019,3.6044,1.43713850154068
15020,3.60464,1.49127099391982
15021,3.60488,1.1906118225065
15022,3.60512,1.72919541460638
15023,3.60536,1.06348369204252
15024,3.6056,1.72664320185027
15025,3.60584,1.29891917137653
15026,3.60608,1.47549274798807
15027,3.60632,1.40998624147092
15028,3.60656,1.34733864676571
15029,3.6068,1.28743547595553
15030,3.60704,1.22624127057357
15031,3.60728,1.5254894756106
15032,3.60752,1.22031457660625
15033,3.60776,1.51943942317773
15034,3.608,1.21851321112872
15035,3.60824,1.5150529749145
15036,3.60848,1.33208001708539
15037,3.60872,1.39150656586844
15038,3.60896,1.68881797971825
15039,3.6092,1.02239271164358
15040,3.60944,1.08442710371879
15041,3.60968,1.38204311691454
15042,3.60992,1.55828477249812
15043,3.61016,1.13862776761689
15044,3.6104,1.43569035136394
15045,3.61064,1.01134781157319
15046,3.61088,1.67218049146011
15047,3.61112,1.60792908668613
15048,3.61136,1.5443828963482
15049,3.6116,1.12317142351157
15050,3.61184,1.06061883966553
15051,3.61208,1.71724330041771
15052,3.61232,1.17399398975096
15053,3.61256,1.35111058341672
15054,3.6128,1.52616990212678
15055,3.61304,1.4588069119781
15056,3.61328,1.39438286490754
15057,3.61352,1.33277981441598
15058,3.61376,1.26688994819806
15059,3.614,1.68153006362269
15060,3.61424,1.26018113382945
15061,3.61448,1.31901869898234
15062,3.61472,1.25333363650331
15063,3.61496,1.54918842609356
15064,3.6152,1.36757906281923
15065,3.61544,1.4231414754069
15066,3.61568,0.997852403535876
15067,3.61592,1.65905617680024
15068,3.61616,1.35203358526771
15069,3.6164,1.40923234755376
15070,3.61664,1.46605592743773
15071,3.61688,1.40241425995274
15072,3.61712,1.58035057325872
15073,3.61736,1.51643949863667
15074,3.6176,1.45064134338532
15075,3.61784,1.62906496041967
15076,3.61808,1.20447874484522
15077,3.61832,1.13967449723927
15078,3.61856,1.68067955870623
15079,3.6188,1.49016173904083
15080,3.61904,1.30919060253255
15081,3.61928,1.60365994382288
15082,3.61952,1.0583144344359
15083,3.61976,1.47915291889161
15084,3.62,1.65170245384026
15085,3.62024,1.35045668834917
15086,3.62048,1.28452876626464
15087,3.62072,1.5797557889483
15088,3.62096,1.39709306131035
15089,3.6212,1.69225008247371
15090,3.62144,1.63114449168116
15091,3.62168,1.32429791769746
15092,3.62192,1.25878279584519
15093,3.62216,1.79827378650113
15094,3.6224,1.36836338593867
15095,3.62264,1.42689968884462
15096,3.62288,1.60267307960459
15097,3.62312,1.29370931446294
15098,3.62336,1.23472618872358
15099,3.6236,1.76756114851764
15100,3.62384,1.10111086536867
15101,3.62408,1.51856909808923
15102,3.62432,1.45126566461654
15103,3.62456,1.15059684090331
15104,3.6248,1.44487286351051
15105,3.62504,1.619193488329
15106,3.62528,1.55399080489388
15107,3.62552,1.48695638787463
15108,3.62576,1.66553505121958
15109,3.626,1.35872797423824
15110,3.62624,1.05226820296454
15111,3.62648,1.5939757077419
15112,3.62672,1.52352726591971
15113,3.62696,1.33979562868103
15114,3.6272,1.75619400620802
15115,3.62744,1.44556416678684
15116,3.62768,1.14444999642686
15117,3.62792,1.55720583962428
15118,3.62816,1.37031242349939
15119,3.6284,1.30651810682653
15120,3.62864,1.59944822118019
15121,3.62888,1.1770977770668
15122,3.62912,1.47217286678536
15123,3.62936,1.64552308414176
15124,3.6296,1.57939133636529
15125,3.62984,1.51146707887099
15126,3.63008,1.68785762475382
15127,3.63032,1.2613265199144
15128,3.63056,1.19466042927773
15129,3.6308,1.73388584781474
15130,3.63104,1.54166485719593
15131,3.63128,1.35906582006712
15132,3.63152,1.651978631413
15133,3.63176,1.1055772301919
15134,3.632,1.6452384321245
15135,3.63224,1.69571939740139
15136,3.63248,1.15045200932493
15137,3.63272,1.56404049848942
15138,3.63296,1.49519086162791
15139,3.6332,1.19304365821311
15140,3.63344,1.72775929476849
15141,3.63368,1.65968715155382
15142,3.63392,1.47244686820989
15143,3.63416,1.76497075699454
15144,3.6344,1.45991429167472
15145,3.63464,1.2736146883245
15146,3.63488,1.68463736484376
15147,3.63512,1.14038617489545
15148,3.63536,1.79338857310632
15149,3.6356,1.48544275461076
15150,3.63584,1.42048160779191
15151,3.63608,1.11182423736431
15152,3.63632,1.65142766043168
15153,3.63656,1.7018538717157
15154,3.6368,1.15653700634446
15155,3.63704,1.57007999297918
15156,3.63728,1.62013176468637
15157,3.63752,1.19600725412219
15158,3.63776,1.73166214367276
15159,3.638,1.4217928238419
15160,3.63824,1.35625999050466
15161,3.63848,1.64752573360728
15162,3.63872,1.22358371300541
15163,3.63896,1.51713564290099
15164,3.6392,1.68902859398779
15165,3.63944,1.62150371629267
15166,3.63968,1.55224615049475
15167,3.63992,1.72736323857187
15168,3.64016,1.29961475862487
15169,3.6404,1.59038298630318
15170,3.64064,1.1651219746167
15171,3.64088,1.818198653122
15172,3.64112,1.38657707505055
15173,3.64136,1.44344046305417
15174,3.6416,1.85568195042072
15175,3.64184,1.18631748168409
15176,3.64208,1.84064860577829
15177,3.64232,1.52794786423292
15178,3.64256,1.22440850413699
15179,3.6428,1.75822379762753
15180,3.64304,1.68929239714504
15181,3.64328,1.50123266940317
15182,3.64352,1.79297344797087
15183,3.64376,1.72557566731624
15184,3.644,1.29809121312043
15185,3.64424,1.58911415367717
15186,3.64448,1.64297547507673
15187,3.64472,1.57303330444469
15188,3.64496,1.74883048516277
15189,3.6452,1.43936370567525
15190,3.64544,1.37001856625938
15191,3.64568,1.66618744852867
15192,3.64592,1.35603707801596
15193,3.64616,1.52873252144048
15194,3.6464,1.7012592710404
15195,3.64664,1.38918818519342
15196,3.64688,1.68460212658265
15197,3.64712,1.37585283813667
15198,3.64736,2.02751214969292
15199,3.6476,1.23846416202073
15200,3.64784,1.77277411178827
15201,3.64808,1.46161902636654
15202,3.64832,1.39485847126464
15203,3.64856,1.9246107536622
15204,3.6488,1.25429616052321
15205,3.64904,2.02891996137075
15206,3.64928,1.23517991574561
15207,3.64952,1.29120503622489
15208,3.64976,1.82333315683348
15209,3.65,1.15184082099458
15210,3.65024,1.56929596059407
15211,3.65048,1.49717196233688
15212,3.65072,1.54671273566746
15213,3.65096,1.59928503132405
15214,3.6512,1.40735523343559
15215,3.65144,1.81988660785333
15216,3.65168,1.63095955270503
15217,3.65192,1.44206452861907
15218,3.65216,1.73542306543351
15219,3.6524,1.54680015791552
15220,3.65264,1.71807472095666
15221,3.65288,1.77071956745676
15222,3.65312,1.33964491426188
15223,3.65336,1.7517591553537
15224,3.6536,1.44346060043309
15225,3.65384,1.4937702394949
15226,3.65408,1.78851708255222
15227,3.65432,1.8338836187682
15228,3.65456,1.28371860156823
15229,3.6548,2.0573627008498
15230,3.65504,1.26268482316499
15231,3.65528,1.31781361298064
15232,3.65552,1.84908363764762
15233,3.65576,1.29618116946446
15234,3.656,1.83226627908016
15235,3.65624,1.5189144442393
15236,3.65648,1.33203259035689
15237,3.65672,1.8623109514552
15238,3.65696,1.7895603703733
15239,3.6572,1.36171482638695
15240,3.65744,1.8894565539706
15241,3.65768,1.3396096006298
15242,3.65792,1.39282442469948
15243,3.65816,1.67997093664943
15244,3.6584,1.37415293393293
15245,3.65864,1.90529085468245
15246,3.65888,1.35269637786348
15247,3.65912,1.40451526704538
15248,3.65936,1.57272837891571
15249,3.6596,1.6246140296914
15250,3.65984,1.43202759180634
15251,3.66008,1.72195590700105
15252,3.66032,1.65059366914739
15253,3.66056,1.94016081666524
15254,3.6608,1.51075987678968
15255,3.66104,1.56324432193448
15256,3.66128,1.85231407285508
15257,3.66152,1.4215148130949
15258,3.66176,2.07191727708708
15259,3.662,1.28039652891315
15260,3.66224,1.81534066955541
15261,3.66248,1.74011160695094
15262,3.66272,1.43146151929752
15263,3.66296,2.08190980958701
15264,3.6632,1.28830750525471
15265,3.66344,1.9440955587523
15266,3.66368,1.50992632072111
15267,3.66392,1.67988153778537
15268,3.66416,1.61055511378888
15269,3.6644,1.5382327955192
15270,3.66464,1.82804649919988
15271,3.66488,1.63602856182479
15272,3.66512,1.80404979269987
15273,3.66536,1.37554852797639
15274,3.6656,1.90396209604573
15275,3.66584,1.59100263795771
15276,3.66608,1.40059058233999
15277,3.66632,1.80767947606884
15278,3.66656,1.25967179162588
15279,3.6668,1.90907965855471
15280,3.66704,1.83479749006812
15281,3.66728,1.40548772608346
15282,3.66752,2.1714885154833
15283,3.66776,1.61905324391939
15284,3.668,1.43052684939789
15285,3.66824,1.7169992409615
15286,3.66848,1.2876315695163
15287,3.66872,1.93893187562996
15288,3.66896,1.38276194463098
15289,3.6692,1.67565170492738
15290,3.66944,1.72226553547545
15291,3.66968,1.52851819312147
15292,3.66992,1.93884595806516
15293,3.67016,1.50521776514466
15294,3.6704,1.79551391915787
15295,3.67064,1.48615911424887
15296,3.67088,1.65488039241953
15297,3.67112,1.7037649068022
15298,3.67136,1.87218553629799
15299,3.6716,1.55960462035544
15300,3.67184,1.61269386002424
15301,3.67208,2.0186974955253
15302,3.67232,1.34676962811152
15303,3.67256,1.87762361726389
15304,3.6728,1.92264366053566
15305,3.67304,1.49327917497643
15306,3.67328,2.14114646893918
15307,3.67352,1.34719854948454
15308,3.67376,1.8798186958856
15309,3.674,1.80236405785404
15310,3.67424,1.49158447865757
15311,3.67448,2.13999380992243
15312,3.67472,1.34224760157557
15313,3.67496,1.51473373044985
15314,3.6752,1.8018139190367
15315,3.67544,1.48815064214139
15316,3.67568,1.90053896941735
15317,3.67592,1.46495059691444
15318,3.67616,1.87401695113308
15319,3.6764,1.43958161869263
15320,3.67664,1.84809149725894
15321,3.67688,1.53590621748631
15322,3.67712,2.18210360364925
15323,3.67736,1.38783173074741
15324,3.6776,1.91714150876689
15325,3.67784,1.96068345095106
15326,3.67808,1.5299046314735
15327,3.67832,1.81647499234584
15328,3.67856,1.50311713025167
15329,3.6788,2.14993833163659
15330,3.67904,1.35715606865392
15331,3.67928,1.64776984805071
15332,3.67952,1.81293509714357
15333,3.67976,1.50197221565844
15334,3.68,2.02907697014862
15335,3.68024,1.47215630038154
15336,3.68048,1.64536976603034
15337,3.68072,2.05037949813642
15338,3.68096,1.37750268461328
15339,3.6812,1.90659694182481
15340,3.68144,1.95384202893719
15341,3.68168,1.64035452648341
15342,3.68192,2.04604323707397
15343,3.68216,1.37256254859069
15344,3.6824,2.14373683603129
15345,3.68264,1.58459130369545
15346,3.68288,1.63494241791361
15347,3.68312,2.04010388447376
15348,3.68336,1.72514554310871
15349,3.6836,1.53412267491195
15350,3.68384,1.57806062350187
15351,3.68408,1.74859443314643
15352,3.68432,1.91309808865707
15353,3.68456,1.23767536006975
15354,3.6848,1.89108619277905
15355,3.68504,1.57184254901694
15356,3.68528,1.62287867348104
15357,3.68552,1.90622668508172
15358,3.68576,1.35143634884017
15359,3.686,2.00125015563594
15360,3.68624,1.44325108561199
15361,3.68648,1.73439597567706
15362,3.68672,1.77934064743514
15363,3.68696,1.58399894356436
15364,3.6872,1.99280642986432
15365,3.68744,1.67491188175274
15366,3.68768,1.84188374447824
15367,3.68792,1.7688997620951
15368,3.68816,1.57145462827751
15369,3.6884,1.73991361559185
15370,3.68864,1.78470180403679
15371,3.68888,1.58921070494319
15372,3.68912,1.99744618779534
15373,3.68936,1.55917498153141
15374,3.6896,1.61097218175709
15375,3.68984,1.89589549080781
15376,3.69008,1.69914312717094
15377,3.69032,1.74707626328805
15378,3.69056,1.5507068459743
15379,3.6908,1.95551907019675
15380,3.69104,1.63936716158188
15381,3.69128,1.56449719068878
15382,3.69152,1.97435679845241
15383,3.69176,1.65747144050233
15384,3.692,1.94392909597812
15385,3.69224,1.62834163018705
15386,3.69248,1.55313896419324
15387,3.69272,1.84286977366717
15388,3.69296,1.64551062893432
15389,3.6932,1.81145326459126
15390,3.69344,1.73786713352494
15391,3.69368,1.66187251762116
15392,3.69392,1.95129815288906
15393,3.69416,1.5148411425625
15394,3.6944,1.91967336482459
15395,3.69464,1.72596657872278
15396,3.69488,1.88935342957269
15397,3.69512,1.4538308365282
15398,3.69536,1.74321946902842
15399,3.6956,2.0261850008732
15400,3.69584,1.71330465554074
15401,3.69608,2.23725102692112
15402,3.69632,1.44026460371299
15403,3.69656,1.96998026990095
15404,3.6968,1.8897473253183
15405,3.69704,1.57631769973363
15406,3.69728,2.22219258432281
15407,3.69752,1.78325740218774
15408,3.69776,1.4714502481386
15409,3.698,1.99294239517715
15410,3.69824,1.43802817460024
15411,3.69848,2.2045659941454
15412,3.69872,1.52417292768207
15413,3.69896,2.05428949900444
15414,3.6992,1.85500344447736
15415,3.69944,1.41902227633243
15416,3.69968,2.18729083026537
15417,3.69992,1.50597840217872
15418,3.70016,1.91489379434605
15419,3.7004,1.71692328379212
15420,3.70064,1.76072709728227
15421,3.70088,1.92591050654639
15422,3.70112,1.60681061845645
15423,3.70136,1.65411284126065
15424,3.7016,1.93774530318602
15425,3.70184,1.73976138456192
15426,3.70208,2.02663849794577
15427,3.70232,1.70629077262178
15428,3.70256,1.9902649750073
15429,3.7028,1.55641075081633
15430,3.70304,1.83915474903003
15431,3.70328,2.00586373528468
15432,3.70352,1.68689910539741
15433,3.70376,1.97008092914802
15434,3.704,1.53673727261281
15435,3.70424,2.17728585845107
15436,3.70448,1.50006944954104
15437,3.70472,2.02586217907596
15438,3.70496,1.82461588833454
15439,3.7052,1.51137067734474
15440,3.70544,2.03148618281601
15441,3.70568,1.59641837620815
15442,3.70592,2.12241525462977
15443,3.70616,1.4403120594807
15444,3.7064,1.84804109825175
15445,3.70664,2.00890003870474
15446,3.70688,1.45026882033757
15447,3.70712,2.2175452524671
15448,3.70736,1.41368108603041
15449,3.7076,1.94245422797671
15450,3.70784,1.86177202710901
15451,3.70808,1.90483641731588
15452,3.70832,1.71073772445367
15453,3.70856,1.75214787310097
15454,3.7088,2.03838371648293
15455,3.70904,1.71869754664651
15456,3.70928,2.00075622460445
15457,3.70952,1.68355271846178
15458,3.70976,1.9654064509171
15459,3.71,1.5273051999294
15460,3.71024,2.05564501165876
15461,3.71048,1.85336882798984
15462,3.71072,1.54089000695936
15463,3.71096,2.18157706664009
15464,3.7112,1.50449525934815
15465,3.71144,2.02956594861514
15466,3.71168,1.82890928241711
15467,3.71192,1.51580993957602
15468,3.71216,2.27572610709466
15469,3.7124,1.47653791198518
15470,3.71264,2.12181393844992
15471,3.71288,1.68147113030674
15472,3.71312,2.08820740196442
15473,3.71336,1.6471737067132
15474,3.7136,1.69288702867677
15475,3.71384,1.97542968065305
15476,3.71408,1.77288772270426
15477,3.71432,2.05891372295262
15478,3.71456,1.737752114236
15479,3.7148,2.02095212961395
15480,3.71504,1.58768562270906
15481,3.71528,2.108015455743
15482,3.71552,1.79254176001118
15483,3.71576,2.19373043768752
15484,3.716,1.63099735403396
15485,3.71624,1.79603687647147
15486,3.71648,1.83497706042398
15487,3.71672,1.64127406799136
15488,3.71696,2.0438616861892
15489,3.7172,1.48421401162879
15490,3.71744,2.25051981669003
15491,3.71768,1.56687512634416
15492,3.71792,2.21368542384029
15493,3.71816,1.77135871284196
15494,3.7184,2.05372925417808
15495,3.71864,1.61878915685298
15496,3.71888,2.25732888647318
15497,3.71912,1.33810835271005
15498,3.71936,2.10520975829548
15499,3.7196,1.90298247825914
15500,3.71984,1.58400925719555
15501,3.72008,2.11037750877943
15502,3.72032,1.90621280691468
15503,3.72056,1.5901751433486
15504,3.7208,2.3498792820925
15505,3.72104,1.55005290439966
15506,3.72128,2.19472890924691
15507,3.72152,1.75253636541798
15508,3.72176,1.91780531337492
15509,3.722,1.71554734847033
15510,3.72224,2.00051220553804
15511,3.72248,1.92281524835512
15512,3.72272,2.08209534772447
15513,3.72296,1.7672602317516
15514,3.7232,1.92676648253133
15515,3.72344,2.0906599871485
15516,3.72368,1.77029796038035
15517,3.72392,2.04780113411688
15518,3.72416,1.61208167983309
15519,3.7244,2.37190887717368
15520,3.72464,1.44714402294204
15521,3.72488,2.09299764627342
15522,3.72512,1.64667140442411
15523,3.72536,1.93088113705169
15524,3.7256,1.73172574012014
15525,3.72584,1.88940029359607
15526,3.72608,2.05505062959558
15527,3.72632,1.73549749067348
15528,3.72656,2.13274511215555
15529,3.7268,1.81676189038899
15530,3.72704,2.21746332896723
15531,3.72728,1.89392855240929
15532,3.72752,1.69774316903507
15533,3.72776,1.97509307129066
15534,3.728,1.65645216823875
15535,3.72824,2.30036827483399
15536,3.72848,1.61290066138246
15537,3.72872,2.01771488974452
15538,3.72896,1.81667489456687
15539,3.7292,2.09283689504154
15540,3.72944,1.53689718668027
15541,3.72968,2.29676334167617
15542,3.72992,1.61432030922776
15543,3.73016,2.25838458475931
15544,3.7304,1.57198313582944
15545,3.73064,1.73728361507241
15546,3.73088,1.89718203767367
15547,3.73112,1.93333738645625
15548,3.73136,2.09733869962604
15549,3.7316,1.777080233445
15550,3.73184,2.05468580660793
15551,3.73208,1.97682226527387
15552,3.73232,1.77425626950851
15553,3.73256,1.93737842392256
15554,3.7328,1.97840987222088
15555,3.73304,2.13489529751801
15556,3.73328,1.81698770269566
15557,3.73352,2.33348239561225
15558,3.73376,1.41125939818608
15559,3.734,2.1759115629753
15560,3.73424,1.72901361323345
15561,3.73448,1.77221040535999
15562,3.73472,2.05234646043283
15563,3.73496,1.84750412726354
15564,3.7352,2.25074888209057
15565,3.73544,1.92661378966174
15566,3.73568,1.84796483572057
15567,3.73592,1.76882959528858
15568,3.73616,2.04701441880764
15569,3.7364,1.84944046750868
15570,3.73664,2.00778302972698
15571,3.73688,1.92391646320353
15572,3.73712,1.72690974132254
15573,3.73736,2.12241975300487
15574,3.7376,1.683684584687
15575,3.73784,2.20577336047866
15576,3.73808,1.76086550529529
15577,3.73832,1.92442361957822
15578,3.73856,2.08220991848742
15579,3.7388,1.99650578377234
15580,3.73904,1.6787930177687
15581,3.73928,2.19372149890751
15582,3.73952,1.51318625726187
15583,3.73976,2.03706585908926
15584,3.74,1.83183355755318
15585,3.74024,2.23601315872925
15586,3.74048,1.91102732760003
15587,3.74072,2.18800397659046
15588,3.74096,1.63023647446618
15589,3.7412,2.26679475885942
15590,3.74144,1.58708137544925
15591,3.74168,2.22943701589948
15592,3.74192,1.78104370790691
15593,3.74216,2.0641584850594
15594,3.7424,1.98469068056398
15595,3.74264,2.01892111265055
15596,3.74288,1.82376784178802
15597,3.74312,2.21972047228688
15598,3.74336,1.89818501462071
15599,3.7436,1.70133558860457
15600,3.74384,2.21812845676554
15601,3.74408,1.65790094476277
15602,3.74432,2.17745477082295
15603,3.74456,1.61336276912002
15604,3.7448,2.37716615805382
15605,3.74504,1.80789239926159
15606,3.74528,2.09002396495364
15607,3.74552,1.76641040826789
15608,3.74576,2.16239363891306
15609,3.746,1.84436741312439
15610,3.74624,2.11973781854159
15611,3.74648,1.55909194429727
15612,3.74672,2.0813206703558
15613,3.74696,1.87450641459366
15614,3.7472,2.277170194418
15615,3.74744,1.95073278599065
15616,3.74768,1.86989758694564
15617,3.74792,1.78997082280557
15618,3.74816,2.18459740362795
15619,3.7484,1.6256124821642
15620,3.74864,2.50499679316261
15621,3.74888,1.69896928916918
15622,3.74912,2.10413202019829
15623,3.74936,1.89950041443883
15624,3.7496,1.93774560292884
15625,3.74984,2.22013784077677
15626,3.75008,2.01267909280696
15627,3.75032,1.69481830163439
15628,3.75056,2.32944571287876
15629,3.7508,1.76603428148568
15630,3.75104,2.16530696413507
15631,3.75128,2.0783792217153
15632,3.75152,1.87758098749876
15633,3.75176,2.03544607759098
15634,3.752,1.70841454978313
15635,3.75224,2.35166984220567
15636,3.75248,1.78256064808967
15637,3.75272,1.82432637106312
15638,3.75296,2.2203088690428
15639,3.7532,2.13456232064755
15640,3.75344,1.81459382677148
15641,3.75368,2.33085948618827
15642,3.75392,1.64897003144412
15643,3.75416,2.40996215398359
15644,3.7544,1.72251634507458
15645,3.75464,2.12692161453884
15646,3.75488,1.92156525488432
15647,3.75512,1.95911872598951
15648,3.75536,2.24084945202209
15649,3.7556,1.7896066686224
15650,3.75584,2.06824905237869
15651,3.75608,1.98967750747825
15652,3.75632,2.02217747543628
15653,3.75656,2.06460497908355
15654,3.7568,2.09866195521897
15655,3.75704,2.25107604871699
15656,3.75728,1.69138053848634
15657,3.75752,2.21144777296757
15658,3.75776,2.0012262782954
15659,3.758,1.92041940200254
15660,3.75824,2.07933802464141
15661,3.75848,1.9912629072776
15662,3.75872,2.15497774753672
15663,3.75896,1.83269574141606
15664,3.7592,2.34496841952411
15665,3.75944,1.66581206431968
15666,3.75968,2.42198523066839
15667,3.75992,1.85543730972888
15668,3.76016,1.89830260137859
15669,3.7604,2.53633139119812
15670,3.76064,1.84585847657935
15671,3.76088,2.13017055061221
15672,3.76112,2.40170423606565
15673,3.76136,1.83610947365678
15674,3.7616,1.99449535649705
15675,3.76184,2.14646038259746
15676,3.76208,1.8242508062915
15677,3.76232,2.34227515056266
15678,3.76256,2.01506833013306
15679,3.7628,1.93609314038665
15680,3.76304,2.20699157845289
15681,3.76328,1.88656945369593
15682,3.76352,2.04417788393772
15683,3.76376,2.07687434117065
15684,3.764,1.99526562592804
15685,3.76424,2.14863033908892
15686,3.76448,1.70223661886711
15687,3.76472,2.34506784018974
15688,3.76496,2.01478919154141
15689,3.7652,1.93375782714413
15690,3.76544,1.85150611026019
15691,3.76568,2.24432362534586
15692,3.76592,1.8021496444995
15693,3.76616,2.32132301027711
15694,3.7664,1.99132554435089
15695,3.76664,2.15194881535241
15696,3.76688,2.06068416884872
15697,3.76712,1.8601284245142
15698,3.76736,2.25527352511869
15699,3.7676,2.16391324215893
15700,3.76784,1.60199320957873
15701,3.76808,2.12297797154199
15702,3.76832,2.03435418996829
15703,3.76856,2.07161307560925
15704,3.7688,1.86844931099562
15705,3.76904,2.25897423363515
15706,3.76928,1.93787638961684
15707,3.76952,2.57462944191689
15708,3.76976,1.8829375457839
15709,3.77,2.16608446795894
15710,3.77024,2.1942044317627
15711,3.77048,2.10999469650277
15712,3.77072,1.90656462030257
15713,3.77096,2.29810683325739
15714,3.7712,1.97625831180446
15715,3.77144,2.36827048969401
15716,3.77168,1.68130355344974
15717,3.77192,2.44131626745722
15718,3.77216,1.87015181014131
15719,3.7724,1.91079598442989
15720,3.77264,2.30789947233709
15721,3.77288,2.0986132731965
15722,3.77312,2.01911859725251
15723,3.77336,2.40804759114798
15724,3.7736,1.72028121971563
15725,3.77384,2.24158735271959
15726,3.77408,1.91015500419513
15727,3.77432,2.18968865638364
15728,3.77456,1.98299085058159
15729,3.7748,2.25331707433623
15730,3.77504,1.93406811383797
15731,3.77528,2.44487524083731
15732,3.77552,1.87807433725911
15733,3.77576,2.03489675201608
15734,3.776,2.18665164472639
15735,3.77624,2.10521944671313
15736,3.77648,2.25698927775765
15737,3.77672,1.93024633700748
15738,3.77696,2.21036508170693
15739,3.7772,1.87739623219462
15740,3.77744,2.03609435215287
15741,3.77768,2.07198488292625
15742,3.77792,2.22046966924187
15743,3.77816,1.65659564132243
15744,3.7784,2.41537307017164
15745,3.77864,1.96026845356852
15746,3.77888,1.87790430376019
15747,3.77912,2.27850792349811
15748,3.77936,1.94791262259889
15749,3.7796,2.22870175511357
15750,3.77984,2.1369169447742
15751,3.78008,2.17156774379438
15752,3.78032,1.73106464933841
15753,3.78056,2.36209208226033
15754,3.7808,1.79216791783661
15755,3.78104,2.31335361679539
15756,3.78128,1.98045038804109
15757,3.78152,2.25818172108115
15758,3.78176,2.05147032794549
15759,3.782,2.31960906835332
15760,3.78224,1.99736585251696
15761,3.78248,2.3890008778549
15762,3.78272,1.70167677707257
15763,3.78296,2.46134822914646
15764,3.7832,1.8850355066799
15765,3.78344,2.043692348458
15766,3.78368,2.07954333542391
15767,3.78392,2.34697106363751
15768,3.78416,1.90380901130884
15769,3.7844,2.41944162262792
15770,3.78464,1.8472383870447
15771,3.78488,2.00888632108685
15772,3.78512,2.3970909763409
15773,3.78536,1.7099595903092
15774,3.7856,2.35128541751552
15775,3.78584,2.0182818724625
15776,3.78608,1.93375334944174
15777,3.78632,2.21419080879144
15778,3.78656,2.11941841324288
15779,3.7868,1.91726087021485
15780,3.78704,2.31087398546367
15781,3.78728,2.10041497610754
15782,3.78752,2.1387816628595
15783,3.78776,2.29138870551359
15784,3.788,2.07876668607849
15785,3.78824,2.35908781279914
15786,3.78848,2.02672185256837
15787,3.78872,2.06225623603114
15788,3.78896,2.09797110582363
15789,3.7892,2.24762972308952
15790,3.78944,1.56329120340524
15791,3.78968,2.44172341364917
15792,3.78992,1.7502811962392
15793,3.79016,2.51034880119164
15794,3.7904,1.93619716897516
15795,3.79064,2.21017447761836
15796,3.79088,1.88919528104423
15797,3.79112,2.27766940483998
15798,3.79136,1.71544080742229
15799,3.7916,2.58910447997973
15800,3.79184,1.89309468675708
15801,3.79208,2.17248657653272
15802,3.79232,2.323846134344
15803,3.79256,2.11002952911869
15804,3.7928,2.03099703477504
15805,3.79304,2.29790140886239
15806,3.79328,1.97064136690282
15807,3.79352,2.24718538325491
15808,3.79376,2.15526719607813
15809,3.794,1.70959539728306
15810,3.79424,2.58885783184483
15811,3.79448,1.77574799051888
15812,3.79472,2.29571141019814
15813,3.79496,2.08191286309979
15814,3.7952,2.23430698056212
15815,3.79544,1.91249940744494
15816,3.79568,2.30018073078684
15817,3.79592,1.73719389727675
15818,3.79616,2.61013177939134
15819,3.7964,2.03675502023226
15820,3.79664,2.19684992316785
15821,3.79688,2.34737572607386
15822,3.79712,2.13276231629596
15823,3.79736,2.05296785043798
15824,3.7976,2.55970042223727
15825,3.79784,1.8691794725351
15826,3.79808,2.38785033950264
15827,3.79832,1.93226886476638
15828,3.79856,2.20680374542654
15829,3.7988,2.12430067502651
15830,3.79904,2.26981071310905
15831,3.79928,2.18371848938321
15832,3.79952,1.97892680717974
15833,3.79976,2.48332637217564
15834,3.8,1.92085045033018
15835,3.80024,2.31273868271665
15836,3.80048,2.33858070941456
15837,3.80072,2.01556978858865
15838,3.80096,2.52408583962548
15839,3.8012,1.8326281221814
15840,3.80144,2.46937943721425
15841,3.80168,2.01304199708056
15842,3.80192,2.41060310671929
15843,3.80216,2.08103232547722
15844,3.8024,2.10918323863042
15845,3.80264,2.14787078822073
15846,3.80288,2.2929661294178
15847,3.80312,1.9663954695345
15848,3.80336,2.24054201608792
15849,3.8036,2.26662520651417
15850,3.80384,1.94428552151608
15851,3.80408,2.69789840699142
15852,3.80432,1.76287908331209
15853,3.80456,2.28170001460768
15854,3.8048,2.18487841777819
15855,3.80504,2.21865677075076
15856,3.80528,2.01392727530826
15857,3.80552,2.5205865060421
15858,3.80576,1.83433151191113
15859,3.806,2.70744011017143
15860,3.80624,1.76948872267151
15861,3.80648,2.28985016334525
15862,3.80672,2.07860866441873
15863,3.80696,2.348517124728
15864,3.8072,2.14607453057866
15865,3.80744,2.53113079630932
15866,3.80768,1.83924987672001
15867,3.80792,2.4760267979113
15868,3.80816,2.25937316554003
15869,3.8084,2.05347472057325
15870,3.80864,2.56550462303661
15871,3.80888,1.98811655201941
15872,3.80912,2.38577830319973
15873,3.80936,2.16873479460684
15874,3.8096,2.20084460946109
15875,3.80984,1.99535052145144
15876,3.81008,2.50169325137618
15877,3.81032,1.81776758930349
15878,3.81056,2.56715117004316
15879,3.8108,2.23293655341033
15880,3.81104,2.02960936141309
15881,3.81128,2.77635574976984
15882,3.81152,1.72451735708287
15883,3.81176,2.60265931859134
15884,3.812,2.02596632264053
15885,3.81224,2.30494593032836
15886,3.81248,2.0950771307003
15887,3.81272,2.47783181685153
15888,3.81296,1.91362269613109
15889,3.8132,2.30644687164993
15890,3.81344,2.33013603887498
15891,3.81368,1.76322109550506
15892,3.81392,2.63412524555566
15893,3.81416,1.8191416368289
15894,3.8144,2.57737897257459
15895,3.81464,2.24025245637128
15896,3.81488,2.2695116773227
15897,3.81512,1.94669616989262
15898,3.81536,2.57043761134927
15899,3.8156,2.12040979204728
15900,3.81584,2.27427428927345
15901,3.81608,2.41842186498364
15902,3.81632,1.96892456774475
15903,3.81656,2.48327903211619
15904,3.8168,2.14208903778132
15905,3.81704,2.2994653958879
15906,3.81728,2.20985822386306
15907,3.81752,2.47281805728967
15908,3.81776,1.90772514438661
15909,3.818,2.77644299136192
15910,3.81824,1.83997996001442
15911,3.81848,2.47722381426537
15912,3.81872,2.14031994571322
15913,3.81896,2.05206106541805
15914,3.8192,2.44875343290054
15915,3.81944,1.87215297318238
15916,3.81968,2.5115716279663
15917,3.81992,2.2956674078658
15918,3.82016,2.32363435848911
15919,3.8204,1.99914113326774
15920,3.82064,2.50145966135675
15921,3.82088,1.81415166674229
15922,3.82112,2.45004159078512
15923,3.82136,2.35236733450658
15924,3.8216,2.14306136791762
15925,3.82184,2.29538664824522
15926,3.82208,2.31646569166267
15927,3.82232,2.23380965586004
15928,3.82256,2.38308149497931
15929,3.8228,2.5241336494398
15930,3.82304,1.83854605404588
15931,3.82328,2.8294861508619
15932,3.82352,1.89052544353572
15933,3.82376,2.52933607903538
15934,3.824,2.31284948444817
15935,3.82424,2.34025915027316
15936,3.82448,2.01523240430115
15937,3.82472,2.51704012594505
15938,3.82496,1.82924363106176
15939,3.8252,2.34484373752488
15940,3.82544,2.36786092375129
15941,3.82568,2.15807781177397
15942,3.82592,2.54960634947625
15943,3.82616,2.08877552675009
15944,3.8264,2.367877557025
15945,3.82664,2.27574661186119
15946,3.82688,2.41950558460599
15947,3.82712,2.09555380820085
15948,3.82736,2.60009875099268
15949,3.8276,2.02471792878989
15950,3.82784,2.30010942155722
15951,3.82808,2.56266317745003
15952,3.82832,1.86998192202899
15953,3.82856,2.50511043090955
15954,3.8288,2.40496334249863
15955,3.82904,2.19938705497267
15956,3.82928,2.34697899667064
15957,3.82952,2.37315920298573
15958,3.82976,1.92974965195724
15959,3.83,2.91399944497248
15960,3.83024,1.85664753032146
15961,3.83048,2.37433685322086
15962,3.83072,2.39762001348215
15963,3.83096,2.06695941373757
15964,3.8312,2.34067865127054
15965,3.83144,2.48137227171364
15966,3.83168,2.15582705078165
15967,3.83192,2.30544784781025
15968,3.83216,2.4463847889967
15969,3.8324,1.63562969950605
15970,3.83264,2.63192348304829
15971,3.83288,2.29157861367918
15972,3.83312,1.84184623031369
15973,3.83336,2.71722278499224
15974,3.8336,2.01761102201189
15975,3.83384,2.17420821925315
15976,3.83408,2.56542078101246
15977,3.83432,2.22367348762824
15978,3.83456,2.50034120361039
15979,3.8348,2.28562913735271
15980,3.83504,2.30906722173932
15981,3.83528,2.34675283418836
15982,3.83552,2.36840262028106
15983,3.83576,2.15776597027326
15984,3.836,2.19158986184142
15985,3.83624,2.5747420395999
15986,3.83648,2.00481348764381
15987,3.83672,2.87369888581002
15988,3.83696,1.9299851785841
15989,3.8372,2.44615561753174
15990,3.83744,2.34983244811786
15991,3.83768,2.25077815001038
15992,3.83792,2.16778582726708
15993,3.83816,2.43089876441882
15994,3.8384,2.22029794013571
15995,3.83864,2.13125133133284
15996,3.83888,2.63261455921011
15997,3.83912,1.70384115498202
15998,3.83936,2.69837185605765
15999,3.8396,2.35546112292839
16000,3.83984,2.14688857090875
16001,3.84008,2.41798117870598
16002,3.84032,2.19667193128991
16003,3.84056,2.35321833112234
16004,3.8408,2.3761424016771
16005,3.84104,2.40116718435491
16006,3.84128,2.19676239868707
16007,3.84152,2.5777377115578
16008,3.84176,2.24238041726762
16009,3.842,2.27584879698161
16010,3.84224,2.5388299515364
16011,3.84248,1.96814725399979
16012,3.84272,2.83541029821053
16013,3.84296,2.01478897169949
16014,3.8432,2.29178210433187
16015,3.84344,2.5567266997084
16016,3.84368,2.09859081597613
16017,3.84392,2.37722609763799
16018,3.84416,2.39796336369682
16019,3.8444,2.18645270066088
16020,3.84464,2.21943901421393
16021,3.84488,2.6017886237923
16022,3.84512,1.9125830136696
16023,3.84536,2.78198717552542
16024,3.8456,2.08016162026177
16025,3.84584,2.35443828565431
16026,3.84608,2.85776122007389
16027,3.84632,1.79839794340003
16028,3.84656,2.67498425887567
16029,3.8468,2.33383483446708
16030,3.84704,2.24462264037207
16031,3.84728,2.39374063868911
16032,3.84752,2.41174753365035
16033,3.84776,2.20676906987094
16034,3.848,2.47431779457718
16035,3.84824,2.61261024219865
16036,3.84848,1.92438342732112
16037,3.84872,2.91279603091373
16038,3.84896,1.9696660877207
16039,3.8492,2.60623497714805
16040,3.84944,2.38760282432216
16041,3.84968,2.41296676499591
16042,3.84992,2.08598301753547
16043,3.85016,2.82558143816444
16044,3.8504,1.89376310548256
16045,3.85064,2.52758548264105
16046,3.85088,2.42619820766103
16047,3.85112,2.21508042894171
16048,3.85136,2.60533327047032
16049,3.8516,2.26267105490819
16050,3.85184,2.53846588151792
16051,3.85208,2.32291833698853
16052,3.85232,2.34294702045137
16053,3.85256,2.01697360545411
16054,3.8528,2.87911142962063
16055,3.85304,2.17909104774536
16056,3.85328,2.4524710648745
16057,3.85352,2.47343106601467
16058,3.85376,2.14055644692457
16059,3.854,2.88799482106248
16060,3.85424,1.94706805729936
16061,3.85448,2.5835526215108
16062,3.85472,2.36222290908965
16063,3.85496,2.38893517228781
16064,3.8552,2.18045630538855
16065,3.85544,2.68090518929367
16066,3.85568,2.23232367372257
16067,3.85592,2.61329219776318
16068,3.85616,2.27573023003806
16069,3.8564,2.06963543338181
16070,3.85664,2.92921280687217
16071,3.85688,1.87245244206856
16072,3.85712,2.6295186780802
16073,3.85736,2.52790398424229
16074,3.8576,1.95315979495012
16075,3.85784,2.58734777738054
16076,3.85808,2.12417276824941
16077,3.85832,2.51960712188112
16078,3.85856,2.30517336881981
16079,3.8588,2.44260700630698
16080,3.85904,2.3579601889838
16081,3.85928,2.61945727330348
16082,3.85952,2.39902633289124
16083,3.85976,2.19254111199724
16084,3.86,2.81684669947451
16085,3.86024,1.99129817303245
16086,3.86048,2.5058818709346
16087,3.86072,2.52485139150565
16088,3.86096,1.83361921236735
16089,3.8612,2.70717495559852
16090,3.86144,2.3622546812267
16091,3.86168,2.15266824661416
16092,3.86192,2.66291106804889
16093,3.86216,2.31605688979246
16094,3.8624,2.22923764765991
16095,3.86264,2.49649317002902
16096,3.86288,2.75214229938273
16097,3.86312,1.94045456657676
16098,3.86336,2.68524525155912
16099,3.8636,2.22858110764399
16100,3.86384,2.0231410218128
16101,3.86408,2.64322534728212
16102,3.86432,1.95005725720743
16103,3.86456,2.58119844682067
16104,3.8648,2.47635775386304
16105,3.86504,2.14386627523445
16106,3.86528,2.41583652178967
16107,3.86552,2.6698707230009
16108,3.86576,2.21788167240518
16109,3.866,2.36987022643948
16110,3.86624,2.62987411438553
16111,3.86648,2.05634491960267
16112,3.86672,2.92088341889727
16113,3.86696,2.10115279324332
16114,3.8672,2.25608908574921
16115,3.86744,2.75812953043004
16116,3.86768,1.82000902509412
16117,3.86792,2.6975165251529
16118,3.86816,2.47314867676442
16119,3.8684,2.49479325823882
16120,3.86864,2.16684220503677
16121,3.86888,2.66542382148196
16122,3.86912,2.09484001322679
16123,3.86936,2.4824207173858
16124,3.8696,2.62093247892116
16125,3.86984,2.05098507860769
16126,3.87008,3.03183434609482
16127,3.87032,1.97123214741577
16128,3.87056,2.608282926145
16129,3.8708,2.50645657205186
16130,3.87104,2.28797284840902
16131,3.87128,2.3225625761321
16132,3.87152,2.4588967415161
16133,3.87176,2.48131042871922
16134,3.872,2.39115997467288
16135,3.87224,2.40645174824969
16136,3.87248,2.43903222315338
16137,3.87272,2.34421466534757
16138,3.87296,2.48059594462547
16139,3.8732,2.39494093449504
16140,3.87344,2.65547092337169
16141,3.87368,2.43411485492286
16142,3.87392,2.10732589975554
16143,3.87416,3.08894504032303
16144,3.8744,2.14369549273146
16145,3.87464,2.41608207451744
16146,3.87488,2.5533011782094
16147,3.87512,1.98131003356225
16148,3.87536,2.85123977554773
16149,3.8756,2.14778764909186
16150,3.87584,2.42051272895609
16151,3.87608,2.68137044888321
16152,3.87632,2.45814498271348
16153,3.87656,2.25160839849228
16154,3.8768,2.75167275296018
16155,3.87704,2.41081501336527
16156,3.87728,2.20285294268115
16157,3.87752,2.70026838094057
16158,3.87776,2.12856655285292
16159,3.878,2.51507551747563
16160,3.87824,2.65255986772857
16161,3.87848,1.96530544381571
16162,3.87872,2.95028429700717
16163,3.87896,2.12634479583714
16164,3.8792,2.64027076086223
16165,3.87944,2.53745497832704
16166,3.87968,2.31802394152303
16167,3.87992,2.70859244847771
16168,3.88016,2.12352671776619
16169,3.8804,2.63896481785983
16170,3.88064,2.66001805423062
16171,3.88088,2.32069446628107
16172,3.88112,2.71513782219963
16173,3.88136,2.49061568601963
16174,3.8816,2.51212152186547
16175,3.88184,2.18362169532196
16176,3.88208,3.04246672599434
16177,3.88232,1.97978595835702
16178,3.88256,2.7346841972056
16179,3.8828,2.51025951497269
16180,3.88304,2.29216262705109
16181,3.88328,2.68400825938244
16182,3.88352,2.21779882875673
16183,3.88376,2.61033001631916
16184,3.884,2.63277668988049
16185,3.88424,2.41026075905544
16186,3.88448,2.44582385492062
16187,3.88472,2.70466088542222
16188,3.88496,2.48169091182016
16189,3.8852,2.27277829445786
16190,3.88544,2.89476166955041
16191,3.88568,2.18858970563832
16192,3.88592,2.46394356514658
16193,3.88616,2.72206457064585
16194,3.8864,2.4983998643899
16195,3.88664,2.17028583994007
16196,3.88688,2.78631262767477
16197,3.88712,2.32458747506051
16198,3.88736,2.11603821462436
16199,3.8876,2.85300706985501
16200,3.88784,2.1617988785562
16201,3.88808,2.78610002918567
16202,3.88832,2.32312360046235
16203,3.88856,2.47465308899726
16204,3.8888,2.73373335458521
16205,3.88904,2.50880789487613
16206,3.88928,2.3006443477913
16207,3.88952,2.91897313335213
16208,3.88976,2.3343683715118
16209,3.89,2.24578579081304
16210,3.89024,2.86215728336911
16211,3.89048,2.16414699918645
16212,3.89072,2.67254739312121
16213,3.89096,2.56844358321328
16214,3.8912,2.11942849831993
16215,3.89144,2.98407959249938
16216,3.89168,2.15791037667421
16217,3.89192,2.55296578828305
16218,3.89216,2.45451719028704
16219,3.8924,2.82797580074348
16220,3.89264,2.01737414780818
16221,3.89288,3.00115183166695
16222,3.89312,2.29196906042813
16223,3.89336,2.44374587370972
16224,3.8936,2.94536095471632
16225,3.89384,1.99984559762475
16226,3.89408,2.63279353755535
16227,3.89432,2.40720641706754
16228,3.89456,2.31569784697626
16229,3.8948,2.70572825616405
16230,3.89504,2.23735731435221
16231,3.89528,2.50885432946737
16232,3.89552,2.65085136978186
16233,3.89576,2.30431941226158
16234,3.896,2.45918978691589
16235,3.89624,2.7179655499494
16236,3.89648,2.49493359205175
16237,3.89672,2.1665409679761
16238,3.89696,3.14662451156297
16239,3.8972,2.07746914451177
16240,3.89744,2.58998825517803
16241,3.89768,2.9655938466585
16242,3.89792,1.90347392327736
16243,3.89816,3.01489304138129
16244,3.8984,2.30532234296476
16245,3.89864,2.33520546942866
16246,3.89888,3.07795506444012
16247,3.89912,2.13083066495388
16248,3.89936,2.64503708777708
16249,3.8996,2.54291611164218
16250,3.89984,2.43963410909771
16251,3.90008,2.35216880213319
16252,3.90032,2.96874240337643
16253,3.90056,2.26698825207212
16254,3.9008,2.41798443157739
16255,3.90104,3.03434721314854
16256,3.90128,2.20731962784948
16257,3.90152,2.83985029587284
16258,3.90176,2.73196416626539
16259,3.902,2.27196594680661
16260,3.90224,2.66291856054573
16261,3.90248,2.4338171834183
16262,3.90272,2.58554548442203
16263,3.90296,2.72539540550673
16264,3.9032,2.26005196397784
16265,3.90344,2.53439574755684
16266,3.90368,2.79024381572066
16267,3.90392,2.4471793977532
16268,3.90416,2.35782944214208
16269,3.9044,2.97696926374821
16270,3.90464,2.03144765570486
16271,3.90488,2.78510277942594
16272,3.90512,2.67843816333286
16273,3.90536,2.69326291002163
16274,3.9056,2.4830051902167
16275,3.90584,2.49451957903475
16276,3.90608,2.51694797940593
16277,3.90632,2.42156073914405
16278,3.90656,2.7935914096749
16279,3.9068,2.22435835143722
16280,3.90704,2.72433125582288
16281,3.90728,2.62003352741327
16282,3.90752,2.17122087760341
16283,3.90776,2.90624329160453
16284,3.908,2.32607866771694
16285,3.90824,2.47528055708229
16286,3.90848,2.84981673454401
16287,3.90872,1.9095785800662
16288,3.90896,2.90096293322572
16289,3.9092,2.4303748120422
16290,3.90944,2.45575527917542
16291,3.90968,2.60374663130193
16292,3.90992,2.73311387583949
16293,3.91016,2.40201286372189
16294,3.9104,2.54409231945151
16295,3.91064,2.55627852605153
16296,3.91088,2.58976161864744
16297,3.91112,2.60384411014799
16298,3.91136,2.26705323376567
16299,3.9116,2.29696062126389
16300,3.91184,2.78965443521895
16301,3.91208,2.09579120537653
16302,3.91232,2.72406227944204
16303,3.91256,2.73499950625892
16304,3.9128,2.15681575776674
16305,3.91304,2.78508376386308
16306,3.91328,2.55330442698377
16307,3.91352,2.58049537199188
16308,3.91376,2.48312527603722
16309,3.914,2.85454713250907
16310,3.91424,2.04072774362957
16311,3.91448,2.90329965371469
16312,3.91472,2.43335469627885
16313,3.91496,2.3433673545605
16314,3.9152,3.20371362604084
16315,3.91544,2.25534023795923
16316,3.91568,2.52734929602542
16317,3.91592,2.9003719567686
16318,3.91616,1.84191636582503
16319,3.9164,2.71106126073519
16320,3.91664,2.7218945757044
16321,3.91688,2.03030469332388
16322,3.91712,3.01546034013278
16323,3.91736,2.42615099005599
16324,3.9176,2.33699919808274
16325,3.91784,2.95764015506763
16326,3.91808,2.12903374715246
16327,3.91832,2.76181415860782
16328,3.91856,2.6554635266319
16329,3.9188,2.43265821895906
16330,3.91904,2.70409358786875
16331,3.91928,2.83340679681923
16332,3.91952,2.49047478388333
16333,3.91976,2.3972954724257
16334,3.92,2.88639993022113
16335,3.92024,2.18867497592652
16336,3.92048,2.81282700992651
16337,3.92072,2.82248234535032
16338,3.92096,2.01122788736069
16339,3.9212,3.11330547134499
16340,3.92144,2.16477961435031
16341,3.92168,2.5560397261407
16342,3.92192,3.05054428638455
16343,3.92216,1.98758282625938
16344,3.9224,2.85850520768403
16345,3.92264,2.74814369669079
16346,3.92288,2.05089346324047
16347,3.92312,3.03718289788833
16348,3.92336,2.324705780532
16349,3.9236,2.47297663939384
16350,3.92384,2.73370249191719
16351,3.92408,2.62320001344789
16352,3.92432,2.53321789105401
16353,3.92456,2.66932407497006
16354,3.9248,2.68237785160853
16355,3.92504,2.23207452334543
16356,3.92528,3.08679447998709
16357,3.92552,2.38101500350717
16358,3.92576,2.41137883634147
16359,3.926,3.02345556217849
16360,3.92624,1.84462266361948
16361,3.92648,2.95375222022461
16362,3.92672,2.48388118352008
16363,3.92696,2.39397739536979
16364,3.9272,3.13543632175399
16365,3.92744,2.18708018682955
16366,3.92768,2.70010810153607
16367,3.92792,2.83651835762071
16368,3.92816,2.37357975580169
16369,3.9284,2.52292651800588
16370,3.92864,2.89410386054133
16371,3.92888,2.31539743184819
16372,3.92912,2.46075368547557
16373,3.92936,2.95190441198044
16374,3.9296,2.01513218502961
16375,3.92984,2.87949602526109
16376,3.93008,2.64829044470617
16377,3.93032,2.19579936491124
16378,3.93056,3.17565299435873
16379,3.9308,2.34072881409062
16380,3.93104,2.61018112145387
16381,3.93128,3.10624256064606
16382,3.93152,2.39290753343489
16383,3.93176,2.90456305656902
16384,3.932,2.6744719924582
16385,3.93224,2.57258676205768
16386,3.93248,2.72173039381297
16387,3.93272,2.60904567930936
16388,3.93296,2.39675720285218
16389,3.9332,2.53788003255439
16390,3.93344,2.66637978531976
16391,3.93368,2.33569394848372
16392,3.93392,2.9544741009782
16393,3.93416,2.60517607327515
16394,3.9344,2.27365800997973
16395,3.93464,3.25075414327994
16396,3.93488,2.18179901693303
16397,3.93512,2.69141725611108
16398,3.93536,2.94312570315917
16399,3.9356,2.00001029906399
16400,3.93584,2.9881852283811
16401,3.93608,2.63439334588183
16402,3.93632,2.29823663879248
16403,3.93656,3.16148020633383
16404,3.9368,2.32654269814769
16405,3.93704,2.59601769591255
16406,3.93728,3.0929552674643
16407,3.93752,2.38045962685935
16408,3.93776,2.89291851618736
16409,3.938,2.66359601804625
16410,3.93824,2.56244769203813
16411,3.93848,2.71229628892613
16412,3.93872,2.47782470640715
16413,3.93896,2.5033282707133
16414,3.9392,2.64835420574296
16415,3.93944,2.53523279985692
16416,3.93968,2.44540087310787
16417,3.93992,2.58469774166946
16418,3.94016,2.59511642007135
16419,3.9404,2.38546403306008
16420,3.94064,2.8799061021857
16421,3.94088,2.65484023774356
16422,3.94112,2.32317235655524
16423,3.94136,2.93408633938139
16424,3.9416,2.35418748565156
16425,3.94184,2.49840328948137
16426,3.94208,2.98757737313904
16427,3.94232,2.29208237070433
16428,3.94256,2.79197664599388
16429,3.9428,2.80087676728421
16430,3.94304,2.22812405047171
16431,3.94328,3.08379891714688
16432,3.94352,2.49441346946143
16433,3.94376,2.40342983899423
16434,3.944,3.25499642772287
16435,3.94424,2.18931947111755
16436,3.94448,2.69943531913742
16437,3.94472,2.94686139225158
16438,3.94496,2.12514453578486
16439,3.9452,3.11569290046529
16440,3.94544,2.51971870351071
16441,3.94568,2.4251609814162
16442,3.94592,2.8126964059314
16443,3.94616,2.57768990246652
16444,3.9464,2.36736040691561
16445,3.94664,2.74825318519827
16446,3.94688,2.87517715142549
16447,3.94712,2.06278005951671
16448,3.94736,3.16376042893121
16449,3.9476,2.45125388633916
16450,3.94784,2.48219377965758
16451,3.94808,3.22072467781927
16452,3.94832,2.15016682104646
16453,3.94856,2.78380444590024
16454,3.9488,2.79455999363921
16455,3.94904,2.44980604975822
16456,3.94928,2.48082719668022
16457,3.94952,2.85121214928125
16458,3.94976,2.51145306716873
16459,3.95,2.4182337825841
16460,3.95024,2.90732470044972
16461,3.95048,2.45231898185183
16462,3.95072,2.71379155465485
16463,3.95096,2.96262322433483
16464,3.9512,2.38972894686103
16465,3.95144,3.00691370173905
16466,3.95168,2.41731148729352
16467,3.95192,2.44462522668566
16468,3.95216,3.1753650732185
16469,3.9524,1.87035183510605
16470,3.95264,3.09583403821878
16471,3.95288,2.62000717391857
16472,3.95312,2.16582085766501
16473,3.95336,3.26735388061525
16474,3.9536,2.31177435919416
16475,3.95384,2.46147606751629
16476,3.95408,3.19765997670954
16477,3.95432,2.36587250042543
16478,3.95456,2.99734618830736
16479,3.9548,2.76335597499079
16480,3.95504,2.6586028491769
16481,3.95528,2.68866872632554
16482,3.95552,2.81325328270497
16483,3.95576,2.35340831028984
16484,3.956,2.61940453781225
16485,3.95624,3.10482266140691
16486,3.95648,1.92376990031585
16487,3.95672,3.03077453070484
16488,3.95696,2.67433497282782
16489,3.9572,2.33911138904537
16490,3.95744,3.08427658806065
16491,3.95768,2.36778453574805
16492,3.95792,2.63813541943244
16493,3.95816,2.77547617902037
16494,3.9584,2.90171593227483
16495,3.95864,2.09039186084877
16496,3.95888,3.19109076260713
16497,3.95912,2.4778928153714
16498,3.95936,2.50817239457234
16499,3.9596,3.24255719943009
16500,3.95984,2.40904063337801
16501,3.96008,2.56216897741263
16502,3.96032,2.81532652160129
16503,3.96056,2.70724245136605
16504,3.9608,2.25696084882156
16505,3.96104,3.34657061704323
16506,3.96128,2.15780356924987
16507,3.96152,2.79076367456181
16508,3.96176,2.92030520404567
16509,3.962,2.45473536774562
16510,3.96224,2.72575457881134
16511,3.96248,2.85246566489603
16512,3.96272,2.39119251651327
16513,3.96296,2.5399397524034
16514,3.9632,3.14802555543119
16515,3.96344,1.96537445770333
16516,3.96368,2.95493501179177
16517,3.96392,2.59940339158099
16518,3.96416,2.50215636675887
16519,3.9644,2.64874612934226
16520,3.96464,2.89354733262406
16521,3.96488,2.19744991780957
16522,3.96512,2.70111917265066
16523,3.96536,2.82735003223981
16524,3.9656,2.25137755914929
16525,3.96584,3.11659187732844
16526,3.96608,2.39903343930267
16527,3.96632,2.66836251013258
16528,3.96656,2.80736979076155
16529,3.9668,2.93341905635726
16530,3.96704,2.12105700836828
16531,3.96728,3.22076105069792
16532,3.96752,2.50661084155069
16533,3.96776,2.53597860254494
16534,3.968,3.27300450339036
16535,3.96824,2.43850774516143
16536,3.96848,2.59069775077581
16537,3.96872,2.84295656907003
16538,3.96896,2.73401333193058
16539,3.9692,2.28290955826687
16540,3.96944,3.37522213290687
16541,3.96968,2.18555944780533
16542,3.96992,2.81766235165851
16543,3.97016,2.94638353806793
16544,3.9704,2.48003035981944
16545,3.97064,2.75030004663548
16546,3.97088,2.87282913090068
16547,3.97112,2.4110152697426
16548,3.97136,2.55924555229096
16549,3.9716,3.16683802163767
16550,3.97184,1.98371733246851
16551,3.97208,3.21248935958616
16552,3.97232,2.61342886461799
16553,3.97256,2.51591766209074
16554,3.9728,2.66225527800396
16555,3.97304,2.90681800087603
16556,3.97328,2.21049531247595
16557,3.97352,2.95272771734636
16558,3.97376,2.83656160819858
16559,3.974,2.26053972470857
16560,3.97424,3.12570791241292
16561,3.97448,2.64646907793809
16562,3.97472,2.43433523762642
16563,3.97496,2.81350024592716
16564,3.9752,2.93877662667745
16565,3.97544,2.12480651291296
16566,3.97568,3.34410757991712
16567,3.97592,2.38745299949778
16568,3.97616,2.65812860202387
16569,3.9764,3.03329246943478
16570,3.97664,2.67933727427671
16571,3.97688,2.58960186844272
16572,3.97712,3.07802644803076
16573,3.97736,2.60799176059869
16574,3.9776,2.39762382445997
16575,3.97784,3.37027325882428
16576,3.97808,2.17903667110947
16577,3.97832,2.92898045984429
16578,3.97856,3.05280897587645
16579,3.9788,2.2279182603269
16580,3.97904,2.97881427504249
16581,3.97928,2.62029901114725
16582,3.97952,2.52194746657591
16583,3.97976,2.90318337986309
16584,3.98,2.66392720582842
16585,3.98024,2.45127426608446
16586,3.98048,2.82994337257203
16587,3.98072,2.95386040918274
16588,3.98096,2.38087150217419
16589,3.9812,3.23237097943064
16590,3.98144,2.75885349822911
16591,3.98168,2.30720468370718
16592,3.98192,3.39551011034174
16593,3.98216,2.3266709072228
16594,3.9824,2.8324209648611
16595,3.98264,3.1950471743301
16596,3.98288,2.01117341162266
16597,3.98312,3.23922721927755
16598,3.98336,2.75931161176864
16599,3.9836,2.42149939826764
16600,3.98384,3.16067700159868
16601,3.98408,2.44023584487152
16602,3.98432,2.70810244271231
16603,3.98456,3.08143424898077
16604,3.9848,2.48474773325928
16605,3.98504,2.51756223814744
16606,3.98528,2.77284528153202
16607,3.98552,3.0162166931191
16608,3.98576,2.56188026007241
16609,3.986,3.05188804454427
16610,3.98624,2.69885242998121
16611,3.98648,2.48661146729136
16612,3.98672,3.45404909835365
16613,3.98696,2.50269018021089
16614,3.9872,2.64715907766369
16615,3.98744,3.37012971543509
16616,3.98768,2.06819105994191
16617,3.98792,3.04947699598752
16618,3.98816,2.57192689444817
16619,3.9884,2.59932508202262
16620,3.98864,3.08997748153044
16621,3.98888,2.3776116914977
16622,3.98912,2.88931204890372
16623,3.98936,2.77302082694421
16624,3.9896,2.42745802758147
16625,3.98984,2.81673650548817
16626,3.99008,3.05880079002877
16627,3.99032,2.59714132679261
16628,3.99056,2.73762521376228
16629,3.9908,2.85943286016085
16630,3.99104,2.52588526054312
16631,3.99128,3.02114374035963
16632,3.99152,2.78557319294852
16633,3.99176,2.33318534613869
16634,3.992,3.42124297125676
16635,3.99224,2.10899146770845
16636,3.99248,3.21727497806563
16637,3.99272,2.73870486933179
16638,3.99296,2.40217852026097
16639,3.9932,2.90508260561206
16640,3.99344,2.90332219558141
16641,3.99368,2.44901104161328
16642,3.99392,2.94771635586539
16643,3.99416,2.71147730629952
16644,3.9944,2.37922767080617
16645,3.99464,3.47320578078723
16646,3.99488,2.39844506480998
16647,3.99512,2.66851331219906
16648,3.99536,3.27804752130706
16649,3.9956,2.32511831169731
16650,3.99584,3.19319339795623
16651,3.99608,2.71361711223552
16652,3.99632,2.37091988878588
16653,3.99656,3.11239519833809
16654,3.9968,2.6307229701984
16655,3.99704,2.77883578790256
16656,3.99728,2.79142709289218
16657,3.99752,2.91468634835973
16658,3.99776,2.583771203584
16659,3.998,3.07331423467956
16660,3.99824,2.71983863554037
16661,3.99848,2.62524582638345
16662,3.99872,3.46858406013338
16663,3.99896,2.28264886071589
16664,3.9992,3.14263838762463
16665,3.99944,2.66547547162856
16666,3.99968,2.45351716766941
16667,3.99992,3.30438500653907
