1,8.000000000008e-05,-3.67283939645308
2,0.000320000000000098,-2.591542278902
3,0.000560000000000116,-3.33974995321815
4,0.000800000000000134,-3.20795484906877
5,0.00103999999999993,-2.63404533463492
6,0.00127999999999995,-3.84362264377079
7,0.00151999999999997,-2.40807460009459
8,0.00175999999999998,-3.27452104697786
9,0.002,-3.26583747201146
10,0.00224000000000002,-2.56874017547116
11,0.00248000000000004,-3.78161464682498
12,0.00272000000000006,-2.34790541748068
13,0.00296000000000007,-3.22181468163793
14,0.00320000000000009,-3.09388197617134
15,0.00344000000000011,-2.40429407876959
16,0.00368000000000013,-3.62434975093259
17,0.00391999999999992,-2.66590498263135
18,0.00415999999999994,-2.94347767302921
19,0.00439999999999996,-3.18535020507925
20,0.00463999999999998,-2.61556800951031
21,0.00488,-3.58371133389683
22,0.00512000000000001,-2.39439192125473
23,0.00536000000000003,-3.14823214387723
24,0.00560000000000005,-3.14159596806697
25,0.00584000000000007,-2.5698308332838
26,0.00608000000000009,-3.78007227414684
27,0.0063200000000001,-2.81317028742576
28,0.00656000000000012,-2.84648414876926
29,0.00679999999999992,-3.80636282549866
30,0.00703999999999994,-2.49195759903257
31,0.00727999999999995,-3.12567572494909
32,0.00751999999999997,-3.0041982063179
33,0.00775999999999999,-2.79701899695036
34,0.00800000000000001,-3.76253296448769
35,0.00824000000000003,-2.79863443756368
36,0.00848000000000004,-2.95283026740176
37,0.00872000000000006,-3.66890507961819
38,0.00896000000000008,-2.35962090277551
39,0.0092000000000001,-3.23180619148425
40,0.00944000000000011,-2.87048289023842
41,0.00968000000000013,-2.78502123461986
42,0.00991999999999993,-3.86657586298784
43,0.0101599999999999,-2.66679180898152
44,0.0104,-3.06073361603531
45,0.01064,-3.53381060343747
46,0.01088,-2.22955071347906
47,0.01112,-3.33925411386118
48,0.01136,-2.73888862103564
49,0.0116000000000001,-3.01383250700697
50,0.0118400000000001,-3.60835028117247
51,0.0120800000000001,-2.41634032037355
52,0.0123200000000001,-3.28743480368358
53,0.0125600000000001,-3.27662031950739
54,0.0127999999999999,-2.3413240948946
55,0.0130399999999999,-3.5634215042485
56,0.01328,-2.48711861612281
57,0.01352,-3.24010165155999
58,0.01376,-3.46972131028935
59,0.014,-2.28638356597968
60,0.01424,-3.51132388830836
61,0.01448,-3.02024091119596
62,0.0147200000000001,-2.57153648724371
63,0.0149600000000001,-3.5452747620651
64,0.0152000000000001,-2.36043283295712
65,0.0154400000000001,-3.58388301722221
66,0.0156799999999999,-3.09140246961551
67,0.0159199999999999,-2.63921103940676
68,0.01616,-3.73113831152764
69,0.0164,-2.76525127811394
70,0.01664,-2.80040287832631
71,0.01688,-3.16375130854857
72,0.01712,-2.5912195843872
73,0.01736,-3.68396393033676
74,0.0176000000000001,-2.95280284571122
75,0.0178400000000001,-2.74453875179732
76,0.0180800000000001,-3.82710971419051
77,0.0183200000000001,-2.51199721245959
78,0.0185600000000001,-3.26224189528521
79,0.0187999999999999,-2.89975853126509
80,0.0190399999999999,-2.81318760629834
81,0.01928,-4.01350407140258
82,0.01952,-2.69116823915095
83,0.01976,-3.08421143521415
84,0.02,-3.43573077096393
85,0.02024,-2.37467971698192
86,0.0204800000000001,-3.5958763951585
87,0.0207200000000001,-2.40195006438936
88,0.0209600000000001,-3.2724981066836
89,0.0212000000000001,-3.26206298647334
90,0.0214400000000001,-2.44824941486248
91,0.0216799999999999,-3.78346713144655
92,0.0219199999999999,-2.58398410485899
93,0.02216,-2.86458663438809
94,0.0224,-3.34809392752994
95,0.02264,-2.52971251176079
96,0.02288,-3.62480351709899
97,0.02312,-2.7812800716476
98,0.02336,-3.05460514539624
99,0.0236000000000001,-3.41090921366643
100,0.0238400000000001,-2.22684534406807
101,0.0240800000000001,-3.22094692140106
102,0.0243200000000001,-2.97754665657832
103,0.0245599999999999,-2.65241038971052
104,0.0247999999999999,-3.73910102625758
105,0.02504,-2.42792876863242
106,0.02528,-3.18194160383338
107,0.02552,-3.05921013167688
108,0.02576,-2.61203096124774
109,0.026,-3.58376278369086
110,0.02624,-2.27670789793549
111,0.0264800000000001,-3.38592849918808
112,0.0267200000000001,-3.01597560863295
113,0.0269600000000001,-2.68704941856668
114,0.0272000000000001,-3.41671757565486
115,0.0274400000000001,-2.35706675426284
116,0.0276799999999999,-3.57871709089276
117,0.0279199999999999,-3.0849170134589
118,0.02816,-2.7569268836424
119,0.0284,-3.60297731182996
120,0.02864,-2.41321725427807
121,0.02888,-2.9339690922433
122,0.02912,-3.17494369578104
123,0.0293600000000001,-2.72454414804176
124,0.0296000000000001,-3.92887579392062
125,0.0298400000000001,-2.4888088426505
126,0.0300800000000001,-3.35875140748019
127,0.0303200000000001,-3.11164075657571
128,0.0305599999999999,-2.42521892503369
129,0.0307999999999999,-3.64437714910264
130,0.03104,-2.44849952119521
131,0.03128,-3.08582393076994
132,0.03152,-3.43920080116608
133,0.03176,-2.62091521055253
134,0.032,-3.5892867198132
135,0.03224,-2.16400721890557
136,0.0324800000000001,-3.39498542078724
137,0.0327200000000001,-3.1441006325385
138,0.0329600000000001,-2.57658429886741
139,0.0332000000000001,-3.54689425630128
140,0.0334400000000001,-2.3596490363784
141,0.0336799999999999,-3.23529987706193
142,0.03392,-3.10944509682912
143,0.03416,-2.53954960935504
144,0.0344,-3.63351302793501
145,0.03464,-2.90480943754184
146,0.03488,-2.82134255210951
147,0.03512,-3.66992779204286
148,0.0353600000000001,-2.59022840223383
149,0.0356000000000001,-2.98660365442989
150,0.0358400000000001,-3.7016396960299
151,0.0360800000000001,-2.15391750628686
152,0.0363200000000001,-3.2677596896103
153,0.0365599999999999,-3.37626855664734
154,0.0367999999999999,-2.44143228547162
155,0.03704,-3.65820355321278
156,0.03728,-2.81259549642499
157,0.03752,-3.08346239612683
158,0.03776,-3.67885236911197
159,0.038,-2.25022982796691
160,0.0382400000000001,-3.12415520586255
161,0.0384800000000001,-3.47771478948812
162,0.0387200000000001,-2.29619291945943
163,0.0389600000000001,-3.40518330401781
164,0.0392000000000001,-3.15396063362654
165,0.0394399999999999,-2.46673927173508
166,0.0396799999999999,-3.56612076821915
167,0.03992,-2.72236084135605
168,0.04016,-2.99673193027816
169,0.0404,-3.59246022152991
170,0.04064,-2.40160649480953
171,0.04088,-3.15181167215976
172,0.04112,-3.14867798031417
173,0.0413600000000001,-2.45911093596158
174,0.0416000000000001,-3.5614915966799
175,0.0418400000000001,-2.36939330340938
176,0.0420800000000001,-3.24168820639225
177,0.0423200000000001,-3.35274833799424
178,0.0425599999999999,-2.413757582627
179,0.0427999999999999,-3.397434664196
180,0.04304,-3.02988017054921
181,0.04328,-2.22392911492845
182,0.04352,-3.45160045768862
183,0.04376,-3.19842659155378
184,0.044,-2.50453951534641
185,0.0442400000000001,-3.48558348579086
186,0.0444800000000001,-2.99965483719282
187,0.0447200000000001,-2.55622168121996
188,0.0449600000000001,-3.7681494146493
189,0.0452000000000001,-2.571893163366
190,0.0454399999999999,-2.61678868225543
191,0.0456799999999999,-3.59426379637836
192,0.04592,-2.63437584801995
193,0.04616,-2.91223687430674
194,0.0464,-3.15442678013678
195,0.04664,-2.70518866473452
196,0.04688,-3.79429746279436
197,0.0471200000000001,-2.59172218289134
198,0.0473600000000001,-2.98864673823551
199,0.0476000000000001,-3.70554877501961
200,0.0478400000000001,-2.27808228068726
201,0.0480800000000001,-3.50084330793477
202,0.0483199999999999,-2.77812789308847
203,0.0485599999999999,-2.81714721475693
204,0.0488,-3.66132211003446
205,0.04904,-2.35391542839548
206,0.04928,-3.22349800527869
207,0.04952,-3.2160547533464
208,0.04976,-2.28312236262014
209,0.05,-3.27259442121781
210,0.0502400000000001,-3.14497125656128
211,0.0504800000000001,-2.69576121254252
212,0.0507200000000001,-3.66334526794355
213,0.0509600000000001,-2.4708834701797
214,0.0512000000000001,-3.10799851692106
215,0.0514399999999999,-3.46591329143742
216,0.0516799999999999,-2.40845943489342
217,0.05192,-3.5109982478649
218,0.05216,-2.67115153159799
219,0.0524,-2.94793414746738
220,0.05264,-3.66491056517141
221,0.05288,-2.11904460637547
222,0.0531200000000001,-3.23466115607666
223,0.0533600000000001,-3.22895516138849
224,0.0536000000000001,-2.41669026315814
225,0.0538400000000001,-3.63479257978301
226,0.0540800000000001,-2.79265288760823
227,0.0543199999999999,-3.06415197348337
228,0.0545599999999999,-3.53734532922965
229,0.0548,-2.11468833384365
230,0.05504,-3.22659869546334
231,0.05528,-3.33892019117807
232,0.05552,-2.16063774433883
233,0.05576,-3.27358325723634
234,0.056,-3.03057579773713
235,0.0562400000000001,-2.46570924972458
236,0.0564800000000001,-3.44603299779685
237,0.0567200000000001,-3.07742064914648
238,0.0569600000000001,-2.63168916587288
239,0.0571999999999999,-3.72415183395555
240,0.0574399999999999,-2.75920667827281
241,0.05768,-2.79742883741216
242,0.05792,-3.88314370103089
243,0.05816,-2.56357398421004
244,0.0584,-2.9614554045364
245,0.05864,-3.67793177994435
246,0.05888,-2.24966261982036
247,0.0591200000000001,-3.12786432392664
248,0.0593600000000001,-3.48157610419893
249,0.0596000000000001,-2.30019756137755
250,0.0598400000000001,-3.52523665752211
251,0.0600800000000001,-3.03425713323874
252,0.0603199999999999,-2.59002331142611
253,0.0605599999999999,-3.56538027855146
254,0.0608,-2.72286350954379
255,0.06104,-2.87987357321275
256,0.06128,-3.59996259846022
257,0.06152,-2.29273920189647
258,0.06176,-3.51596566095782
259,0.0620000000000001,-2.90823603950467
260,0.0622400000000001,-2.70393314613711
261,0.0624800000000001,-3.79333090234663
262,0.0627200000000001,-2.358366413863
263,0.0629600000000001,-3.11729062295078
264,0.0631999999999999,-3.23491721670735
265,0.0634399999999999,-2.30310163829748
266,0.06368,-3.40824834663908
267,0.06392,-2.92289032404724
268,0.06416,-2.59943215023594
269,0.0644,-3.69515958535289
270,0.06464,-2.61348355421026
271,0.06488,-3.01061096296864
272,0.0651200000000001,-3.24967153264503
273,0.0653600000000001,-2.31507115372581
274,0.0656000000000001,-3.30246065081721
275,0.0658400000000001,-2.93806816783099
276,0.0660799999999999,-2.49500619599481
277,0.0663199999999999,-3.47548959269228
278,0.06656,-2.75372132950859
279,0.0668,-2.79405830143834
280,0.06704,-3.88003004165572
281,0.06728,-2.67966739758566
282,0.06752,-2.95674717699764
283,0.06776,-3.31799715969743
284,0.0680000000000001,-2.38308632327779
285,0.0682400000000001,-3.48524284820274
286,0.0684800000000001,-2.87676392301217
287,0.0687200000000001,-2.55497718121343
288,0.0689600000000001,-3.6518020852344
289,0.0691999999999999,-2.8069415638659
290,0.0694399999999999,-2.84323704723357
291,0.06968,-3.56456132502009
292,0.06992,-2.1392095555746
293,0.07016,-3.2541902373672
294,0.0704,-3.0099902652856
295,0.07064,-2.56303028968223
296,0.0708800000000001,-3.7754381640113
297,0.0711200000000001,-2.57967951494205
298,0.0713600000000001,-2.62460595757591
299,0.0716000000000001,-3.60211071528926
300,0.0718400000000001,-2.75857527001701
301,0.0720799999999999,-3.0340140018361
302,0.0723199999999999,-3.391556714892
303,0.07256,-2.21121974163824
304,0.0728,-2.9731994689442
305,0.07304,-3.69113448303958
306,0.07328,-2.26202465745308
307,0.07352,-3.36994577717438
308,0.07376,-3.12252097519329
309,0.0740000000000001,-2.5534927080536
310,0.0742400000000001,-3.76680601939833
311,0.0744800000000001,-2.45252220627602
312,0.0747200000000001,-3.20574706541725
313,0.0749600000000001,-2.96243794133845
314,0.0751999999999999,-2.40036256853507
315,0.07544,-3.61951767263
316,0.07568,-2.66239471984383
317,0.07592,-2.8231522030314
318,0.07616,-3.66876153037222
319,0.0764,-2.12305078166646
320,0.07664,-3.11987053876644
321,0.0768800000000001,-3.23709914982505
322,0.0771200000000001,-2.42479958225816
323,0.0773600000000001,-3.52653513432599
324,0.0776000000000001,-2.80268780173385
325,0.0778400000000001,-2.24412025683852
326,0.0780799999999999,-3.35201848600812
327,0.0783199999999999,-2.86928921713825
328,0.07856,-2.66641769414661
329,0.0788,-3.75676790362528
330,0.07904,-2.55890809650419
331,0.07928,-2.83829765206671
332,0.07952,-3.68069017781037
333,0.0797600000000001,-2.25211243324318
334,0.0800000000000001,-3.36317520779291
335,0.0802400000000001,-3.11652388902584
336,0.0804800000000001,-2.42541613990123
337,0.0807200000000001,-3.64350682164716
338,0.0809599999999999,-2.44928413997719
339,0.0811999999999999,-3.2027264172759
340,0.08144,-2.95962542721954
341,0.08168,-2.39774928109686
342,0.08192,-3.61709482593818
343,0.08216,-2.66015454519038
344,0.0824,-2.82108675705466
345,0.08264,-3.66686317142633
346,0.0828800000000001,-2.12131291295166
347,0.0831200000000001,-3.11828611829363
348,0.0833600000000001,-3.23566190948718
349,0.0836000000000001,-2.42350357177779
350,0.0838400000000001,-3.52713157884591
351,0.0840799999999999,-2.80155627888737
352,0.08432,-2.60083916097215
353,0.08456,-3.69545463157799
354,0.0848,-2.6153378846936
355,0.08504,-2.89278461891869
356,0.08528,-3.49235757847977
357,0.08552,-2.31301668361815
358,0.0857600000000001,-3.420602260616
359,0.0860000000000001,-2.93757203761163
360,0.0862400000000001,-2.85339588792911
361,0.0864800000000001,-3.45812824364557
362,0.0867200000000001,-2.27597526927401
363,0.0869599999999999,-3.15161085207038
364,0.0871999999999999,-3.03064212877872
365,0.08744,-2.34551029153075
366,0.08768,-3.568905955272
367,0.08792,-2.96445916211013
368,0.08816,-2.28305902058209
369,0.0884,-3.39023383359261
370,0.0886400000000001,-2.90639698519263
371,0.0888800000000001,-2.70334706766908
372,0.0891200000000001,-3.7896051107429
373,0.0893600000000001,-2.47495568820176
374,0.0896000000000001,-2.87752512147101
375,0.0898399999999999,-3.59849946919495
376,0.0900799999999999,-2.1731985405018
377,0.09032,-3.40284861231706
378,0.09056,-3.03480821669326
379,0.0908,-2.46937388341892
380,0.09104,-3.56933616125952
381,0.09128,-2.49173737543124
382,0.09152,-2.89231409869863
383,0.0917600000000001,-3.37255754948279
384,0.0920000000000001,-2.31616133580262
385,0.0922400000000001,-3.42543877940543
386,0.0924800000000001,-2.93921029928534
387,0.0927200000000001,-2.37446815972058
388,0.0929599999999999,-3.5957955991885
389,0.0931999999999999,-2.52011579999109
390,0.09344,-2.92163830706597
391,0.09368,-3.52266504476039
392,0.09392,-2.339042798455
393,0.09416,-2.98068397517911
394,0.0944,-3.10419280310301
395,0.0946400000000001,-2.53839042506999
396,0.0948800000000001,-3.63189379244843
397,0.0951200000000001,-2.78998325303834
398,0.0953600000000001,-2.35415347340881
399,0.0956000000000001,-3.34112274669216
400,0.0958399999999999,-2.97714565230859
401,0.0960799999999999,-2.77285453512448
402,0.09632,-3.62000750699299
403,0.09656,-2.19256114401197
404,0.0968,-3.3037763765667
405,0.09704,-3.0577357681408
406,0.09728,-2.37023864539855
407,0.0975200000000001,-3.47458498160606
408,0.0977600000000001,-2.63779085992274
409,0.0980000000000001,-2.80026701912784
410,0.0982400000000001,-3.52469498987395
411,0.0984800000000001,-2.10269735390592
412,0.0987199999999999,-3.21611151232839
413,0.0989599999999999,-3.32770266727971
414,0.0992,-2.27421830603959
415,0.09944,-3.38190389622175
416,0.09968,-2.89855662498783
417,0.09992,-2.45721604169335
418,0.10016,-3.67591791800806
419,0.1004,-2.365445347632
420,0.10064,-3.2399971041389
421,0.10088,-3.11571315752105
422,0.10112,-2.66583608750194
423,0.10136,-3.75911923287817
424,0.1016,-2.44592464592737
425,0.10184,-2.96536988867987
426,0.10208,-3.5637092669802
427,0.10232,-2.14004913573951
428,0.10256,-3.25058218905996
429,0.1028,-3.00562377841992
430,0.10304,-2.44162083014068
431,0.10328,-3.54553628065229
432,0.10352,-2.94228425412726
433,0.10376,-2.38184687514972
434,0.104,-3.48230505688068
435,0.10424,-2.64085015908276
436,0.10448,-2.68612805916667
437,0.10472,-3.7767767571861
438,0.10496,-2.46285975373317
439,0.1052,-2.86612918976673
440,0.10544,-3.46882320797567
441,0.10568,-2.28898744206271
442,0.10592,-3.3961206685437
443,0.10616,-2.67606813392147
444,0.1064,-2.59696267062113
445,0.10664,-3.80787916126725
446,0.10688,-2.49174124096435
447,0.10712,-3.01009200951074
448,0.10736,-3.24967410913112
449,0.1076,-2.19837640179846
450,0.10784,-3.42927753420464
451,0.10808,-2.94526291644962
452,0.10832,-2.86055170379047
453,0.10856,-3.70577968663579
454,0.1088,-2.2764663329241
455,0.10904,-3.03558761782851
456,0.10928,-3.39216156105081
457,0.10952,-2.21092359714698
458,0.10976,-3.2059767252268
459,0.11,-3.08289098404795
460,0.11024,-2.39922032867565
461,0.11048,-3.62099242232113
462,0.11072,-2.54570529761273
463,0.11096,-2.71017893762417
464,0.1112,-3.67743073784288
465,0.11144,-2.36528265249021
466,0.11168,-3.00773749708738
467,0.11192,-3.13024441210232
468,0.11216,-2.32299278035475
469,0.1124,-3.54893600907763
470,0.11264,-2.82580197123182
471,0.11288,-2.50887190765529
472,0.11312,-3.60475498465755
473,0.11336,-2.6456725806601
474,0.1136,-2.80758236118923
475,0.11384,-3.65429308342132
476,0.11408,-2.58063427487232
477,0.11432,-2.62598909398826
478,0.11456,-3.71676020808663
479,0.1148,-2.52404787126832
480,0.11504,-2.80890008426988
481,0.11528,-3.29562670914721
482,0.11552,-2.24284433024009
483,0.11576,-3.35468000391709
484,0.116,-2.87398933928693
485,0.11624,-2.31406771668823
486,0.11648,-3.42193964588072
487,0.11672,-2.93611525830149
488,0.11696,-2.49159459702897
489,0.1172,-3.59174131053088
490,0.11744,-2.51781278568781
491,0.11768,-2.91968778966728
492,0.11792,-3.52104953961108
493,0.11816,-2.33774700135631
494,0.1184,-2.97795532295706
495,0.11864,-3.10183294585412
496,0.11888,-2.53638341138454
497,0.11912,-3.63022341321542
498,0.11936,-2.5546507919017
499,0.1196,-3.07080455302906
500,0.11984,-3.30701581795325
501,0.12008,-2.253766905345
502,0.12032,-3.48153165070542
503,0.12056,-2.8759639282439
504,0.1208,-2.55476744848228
505,0.12104,-3.76853721044706
506,0.12128,-2.33791767453496
507,0.12152,-2.97988298287972
508,0.12176,-3.34073443719404
509,0.122,-2.28691670587819
510,0.12224,-3.39428304577946
511,0.12248,-2.91236745037263
512,0.12272,-2.35171827170234
513,0.12296,-3.45540030040681
514,0.1232,-2.50116160997175
515,0.12344,-2.78399726965942
516,0.12368,-3.38956531850297
517,0.12392,-2.2142394369162
518,0.12416,-3.32478237299154
519,0.1244,-2.84416748860968
520,0.12464,-2.64595163028743
521,0.12488,-3.74033323220262
522,0.12512,-2.42818647811142
523,0.12536,-3.18434889443856
524,0.1256,-3.18168558002714
525,0.12584,-2.00976052020974
526,0.12608,-3.24554547464836
527,0.12632,-2.76842483728609
528,0.12656,-2.69024135110461
529,0.1268,-3.53825985545438
530,0.12704,-2.35385212503446
531,0.12728,-2.99824534049445
532,0.12752,-3.35922050645529
533,0.12776,-2.06019141887834
534,0.128,-3.05896809295363
535,0.12824,-3.05785292772089
536,0.12848,-2.49311205625805
537,0.12872,-3.59327745616183
538,0.12896,-2.75553229312174
539,0.1292,-2.56030981635495
540,0.12944,-3.65673813289374
541,0.12968,-2.23015784946736
542,0.12992,-2.99194662330806
543,0.13016,-3.11530381580017
544,0.1304,-2.42955537153202
545,0.13064,-3.53249908968278
546,0.13088,-2.57585926202
547,0.13112,-2.74004260552616
548,0.13136,-3.58725110600816
549,0.1316,-2.16458805772097
550,0.13184,-3.27999655483452
551,0.13208,-3.03749906630577
552,0.13232,-2.11026611365883
553,0.13256,-3.22319184297477
554,0.1328,-3.09956163998955
555,0.13304,-2.17222782360366
556,0.13328,-3.28466471800032
557,0.13352,-2.80326330118908
558,0.13376,-2.48533618766768
559,0.134,-3.58199039059453
560,0.13424,-2.5086071074429
561,0.13448,-2.79340849842555
562,0.13472,-3.63960353709634
563,0.13496,-2.3301893416107
564,0.1352,-2.85408493747685
565,0.13544,-3.45669911437337
566,0.13568,-2.27854898921112
567,0.13592,-3.38639094276421
568,0.13616,-2.78686531627598
569,0.1364,-2.82692386980128
570,0.13664,-3.43508385519589
571,0.13688,-2.01735145913203
572,0.13712,-3.1392096087542
573,0.13736,-3.13817116604415
574,0.1376,-2.090683816323
575,0.13784,-3.32346857895548
576,0.13808,-2.96063781510163
577,0.13832,-2.398914157633
578,0.13856,-3.50240026212695
579,0.1388,-2.66478421406234
580,0.13904,-2.94411019945771
581,0.13928,-3.42564577058468
582,0.13952,-2.24624221664047
583,0.13976,-3.00825539489366
584,0.14,-3.13012319047482
585,0.14024,-2.08346071646576
586,0.14048,-3.08305222867545
587,0.14072,-3.08316175009735
588,0.14096,-2.39760116536166
589,0.1412,-3.50202108061082
590,0.14144,-2.78117653128005
591,0.14168,-2.46511413541729
592,0.14192,-3.4455211464369
593,0.14216,-2.8439138403551
594,0.1424,-2.52603044697066
595,0.14264,-3.6248944007056
596,0.14288,-2.54974114687876
597,0.14312,-2.83412909075805
598,0.14336,-3.43766155289709
599,0.1436,-2.13798238145041
600,0.14384,-3.13696363509554
601,0.14408,-3.01713077111537
602,0.14432,-2.21419415505347
603,0.14456,-3.20944993575096
604,0.1448,-2.9666461053464
605,0.14504,-2.40383306279277
606,0.14528,-3.50366130826007
607,0.14552,-2.66429266244501
608,0.14576,-2.58905584173982
609,0.146,-3.56539202667669
610,0.14624,-2.49370133755674
611,0.14648,-2.77794669911499
612,0.14672,-3.38831704682212
613,0.14696,-2.21235787874131
614,0.1472,-3.32666229197517
615,0.14744,-3.08225371457811
616,0.14768,-1.91353298877044
617,0.14792,-3.15279548449472
618,0.14816,-3.0327534189127
619,0.1484,-2.23004939604671
620,0.14864,-3.22332371992389
621,0.14888,-2.74689099995285
622,0.14912,-2.78746671342024
623,0.14936,-3.39396201957805
624,0.1496,-2.09534143599863
625,0.14984,-3.09275642580563
626,0.15008,-2.85640050119091
627,0.15032,-2.53802500261823
628,0.15056,-3.7505617706994
629,0.1508,-2.43905748056356
630,0.15104,-2.96184358935345
631,0.15128,-3.44355809786138
632,0.15152,-2.14454177474239
633,0.15176,-3.02567300606605
634,0.152,-3.14775428566323
635,0.15224,-2.09645180383952
636,0.15248,-3.09298000888432
637,0.15272,-2.85663307196261
638,0.15296,-2.77660506902759
639,0.1532,-3.74480455806782
640,0.15344,-2.43180764035003
641,0.15368,-2.83641849566551
642,0.15392,-3.56368382457774
643,0.15416,-2.14051387615576
644,0.1544,-2.90636666580438
645,0.15464,-3.14869338160878
646,0.15488,-2.10261296366747
647,0.15512,-3.21740559157329
648,0.15536,-2.85757431271032
649,0.1556,-2.53921429520771
650,0.15584,-3.63760105765782
651,0.15608,-2.21295305179695
652,0.15632,-3.09374613725907
653,0.15656,-3.09177572174076
654,0.1568,-2.40725558954775
655,0.15704,-3.51137387496821
656,0.15728,-2.7902405562438
657,0.15752,-2.47390082232167
658,0.15776,-3.45404225182625
659,0.158,-2.61952169890884
660,0.15824,-2.6635507962837
661,0.15848,-3.51776545342772
662,0.15872,-2.09704585533917
663,0.15896,-3.10011932405771
664,0.1592,-3.10094140234572
665,0.15944,-2.05523313522657
666,0.15968,-3.17120165280307
667,0.15992,-3.05043973956781
668,0.16016,-2.2470472062762
669,0.1604,-3.2396628188372
670,0.16064,-2.76260017683757
671,0.16088,-2.56731233800878
672,0.16112,-3.66059687012881
673,0.16136,-2.35305287844643
674,0.1616,-2.87834529219644
675,0.16184,-3.36243341903571
676,0.16208,-1.9511414297449
677,0.16232,-2.95446920908449
678,0.16256,-3.19692153449802
679,0.1628,-2.14836908143552
680,0.16304,-3.38189508824217
681,0.16328,-2.78099606897622
682,0.16352,-2.34530770232056
683,0.16376,-3.44827161720066
684,0.164,-2.4928940532794
685,0.16424,-2.66185569822948
686,0.16448,-3.6364441247922
687,0.16472,-2.32735457378695
688,0.16496,-2.85204778784344
689,0.1652,-3.09939066143728
690,0.16544,-2.41458824620484
691,0.16568,-3.51671181307867
692,0.16592,-2.79539740503919
693,0.16616,-2.47888484251635
694,0.1664,-3.45886077975892
695,0.16664,-2.62418263831237
696,0.16688,-2.43192571890209
697,0.16712,-3.53593200062076
698,0.16736,-2.46566249002978
699,0.1676,-2.63492542543769
700,0.16784,-3.36840171406611
701,0.16808,-2.07103775834814
702,0.16832,-3.07263344934543
703,0.16856,-3.31044920540409
704,0.1688,-2.01992863932225
705,0.16904,-3.13708536542685
706,0.16928,-3.13635352181616
707,0.16952,-2.213384731065
708,0.16976,-3.32691377948114
709,0.17,-2.61037740319001
710,0.17024,-2.65621196489864
711,0.17048,-3.50773246159131
712,0.17072,-2.08928787589129
713,0.17096,-2.97511187789045
714,0.1712,-3.21930061045641
715,0.17144,-1.92844502326094
716,0.17168,-2.9354249134704
717,0.17192,-3.42014809448255
718,0.17216,-2.00329684548968
719,0.1724,-3.12293618751105
720,0.17264,-2.76602692069009
721,0.17288,-2.44911336282956
722,0.17312,-3.54760810328986
723,0.17336,-2.47598457136286
724,0.1736,-2.52633330763833
725,0.17384,-3.50424017831215
726,0.17408,-2.66502406106696
727,0.17432,-2.47141963380445
728,0.17456,-3.45043883191112
729,0.1748,-2.15036094285968
730,0.17504,-3.15164242712195
731,0.17528,-3.15030853807961
732,0.17552,-2.10123748674018
733,0.17576,-3.33426433567187
734,0.176,-2.85443976926521
735,0.17624,-2.29930912237284
736,0.17648,-3.28754088603117
737,0.17672,-2.69042788099373
738,0.17696,-2.37941233397999
739,0.1772,-3.60295672501396
740,0.17744,-2.29887898846782
741,0.17768,-2.82703502043697
742,0.17792,-3.43066842461961
743,0.17816,-2.13496089726804
744,0.1784,-3.01621667263294
745,0.17864,-3.25780306495207
746,0.17888,-2.08993529781433
747,0.17912,-3.0894860962515
748,0.17936,-2.97236170382841
749,0.1796,-2.17161250102705
750,0.17984,-3.16890575058333
751,0.18008,-2.69548066189108
752,0.18032,-2.3842700377463
753,0.18056,-3.60803500916602
754,0.1808,-2.53384380767477
755,0.18104,-2.70017952570631
756,0.18128,-3.43222352064471
757,0.18152,-2.13386605569237
758,0.18176,-2.89842547034603
759,0.182,-3.26322034979569
760,0.18224,-1.96960226850127
761,0.18248,-3.09294330933407
762,0.18272,-2.85715742525224
763,0.18296,-2.29932979218525
764,0.1832,-3.52243544831682
765,0.18344,-2.45197848561764
766,0.18368,-2.62148154496204
767,0.18392,-3.59791909494769
768,0.18416,-2.1729755906138
769,0.1844,-2.70491447610805
770,0.18464,-3.67904310964229
771,0.18488,-2.48627083989088
772,0.18512,-2.65560612463134
773,0.18536,-3.50983202154473
774,0.1856,-2.206377438656
775,0.18584,-2.97258126010337
776,0.18608,-3.09540785634327
777,0.18632,-2.05139335289381
778,0.18656,-3.16896271467252
779,0.1868,-2.81184995601484
780,0.18704,-2.25859713075308
781,0.18728,-3.25084064795696
782,0.18752,-3.00954451634542
783,0.18776,-2.33049480101341
784,0.188,-3.32005198965737
785,0.18824,-2.72416857116781
786,0.18848,-2.53026158402628
787,0.18872,-3.50501243854271
788,0.18896,-2.20569225137796
789,0.1892,-2.97194100144448
790,0.18944,-3.21593787047271
791,0.18968,-2.04947868100885
792,0.18992,-3.04996006239962
793,0.19016,-3.05268693823765
794,0.1904,-2.01317830912421
795,0.19064,-3.01348964192334
796,0.19088,-3.1354698309246
797,0.19112,-2.20956277395822
798,0.19136,-3.32202271775644
799,0.1916,-2.60845823645676
800,0.19184,-2.65615276322804
801,0.19208,-3.50649477468969
802,0.19232,-2.20494985164693
803,0.19256,-2.85186485805698
804,0.1928,-3.33899428296593
805,0.19304,-2.04388105228807
806,0.19328,-2.81369906770476
807,0.19352,-3.30249077743091
808,0.19376,-1.88958558849072
809,0.194,-2.89835107557639
810,0.19424,-3.26279038080947
811,0.19448,-2.09169387657895
812,0.19472,-3.32824568495863
813,0.19496,-2.73246829878259
814,0.1952,-2.41882031347338
815,0.19544,-3.52002648041366
816,0.19568,-2.32945769874062
817,0.19592,-2.62110951427627
818,0.19616,-3.59893072159193
819,0.1964,-2.29073708710664
820,0.19664,-2.58320285712011
821,0.19688,-3.67856334060667
822,0.19712,-2.36866514480576
823,0.19736,-2.895193354839
824,0.1976,-2.90420543239681
825,0.19784,-2.22369251487811
826,0.19808,-3.3338106232511
827,0.19832,-2.50382123624424
828,0.19856,-2.55265933818581
829,0.1988,-3.52995211833347
830,0.19904,-2.45792075196315
831,0.19928,-2.50869184361588
832,0.19952,-3.48751081276995
833,0.19976,-2.29878431408847
834,0.2,-2.59091552535626
835,0.20024,-3.32471055412704
836,0.20048,-2.02760572858164
837,0.20072,-3.03433026712042
838,0.20096,-2.68136515475429
839,0.2012,-2.37000789745233
840,0.20144,-3.4755315589975
841,0.20168,-2.40452112533232
842,0.20192,-2.45768988148664
843,0.20216,-3.44261393484571
844,0.2024,-2.72467524894448
845,0.20264,-2.41227705800159
846,0.20288,-3.39920737466047
847,0.20312,-2.68313490719812
848,0.20336,-2.13032866418593
849,0.2036,-3.12558382105559
850,0.20384,-2.88984092477738
851,0.20408,-2.21428969485234
852,0.20432,-3.32572723505284
853,0.20456,-2.61158522699664
854,0.2048,-2.6579173824642
855,0.20504,-3.38705352400357
856,0.20528,-1.97353783916039
857,0.20552,-2.97652036966195
858,0.20576,-3.21862980955519
859,0.206,-1.93229125596215
860,0.20624,-2.93617256126694
861,0.20648,-3.18007836958873
862,0.20672,-2.01170809579422
863,0.20696,-2.78167316990329
864,0.2072,-3.51023693816604
865,0.20744,-2.20683958503381
866,0.20768,-2.73649002936136
867,0.20792,-3.34589185603766
868,0.20816,-2.16816155236716
869,0.2084,-2.93477717513991
870,0.20864,-2.94129465514601
871,0.20888,-2.26351921937939
872,0.20912,-3.49048713615761
873,0.20936,-2.30124558028893
874,0.2096,-2.5932792503143
875,0.20984,-3.5684454045509
876,0.21008,-2.14528737246466
877,0.21032,-2.67765061618296
878,0.21056,-3.41075146059033
879,0.2108,-2.111692931395
880,0.21104,-2.64549274633895
881,0.21128,-3.61967987033411
882,0.21152,-2.43219514526844
883,0.21176,-2.72072121540783
884,0.212,-3.33040040914963
885,0.21224,-2.15594317486357
886,0.21248,-2.92616917680874
887,0.21272,-2.81321851096752
888,0.21296,-2.25738272290536
889,0.2132,-3.3687169041593
890,0.21344,-2.41699938192173
891,0.21368,-2.47006638603836
892,0.21392,-3.45319149906338
893,0.21416,-2.38320690512945
894,0.2144,-2.5571215232117
895,0.21464,-3.53775209855697
896,0.21488,-2.58304854184454
897,0.21512,-2.51165372444008
898,0.21536,-3.49038602184932
899,0.2156,-2.5399157870119
900,0.21584,-2.58936767043049
901,0.21608,-3.32327324727972
902,0.21632,-2.14522797415303
903,0.21656,-2.91464532284776
904,0.2168,-2.80219281626379
905,0.21704,-2.24860492081141
906,0.21728,-3.35857082578854
907,0.21752,-2.52537080924336
908,0.21776,-2.45784618269128
909,0.218,-3.44280610813867
910,0.21824,-2.49224252586426
911,0.21848,-2.42613549825535
912,0.21872,-3.41250279049773
913,0.21896,-2.6967721235618
914,0.2192,-2.38563996602996
915,0.21944,-3.36982482931731
916,0.21968,-2.53661313018546
917,0.21992,-2.58752982242561
918,0.22016,-3.44396238582158
919,0.2204,-2.14435776433233
920,0.22064,-2.91465520735834
921,0.22088,-2.802235251834
922,0.22112,-2.1279260225358
923,0.22136,-3.36124198072752
924,0.2216,-2.53057719014835
925,0.22184,-2.34340906779223
926,0.22208,-3.32947365364102
927,0.22232,-2.37947556112346
928,0.22256,-2.43375775924174
929,0.2228,-3.41715523175944
930,0.22304,-2.34963423005899
931,0.22328,-2.64353009060292
932,0.22352,-3.37855716793067
933,0.22376,-2.08222923420236
934,0.224,-2.85349493613558
935,0.22424,-2.98290735925743
936,0.22448,-1.81971100994865
937,0.22472,-3.1831971543799
938,0.22496,-2.47575844346742
939,0.2252,-2.40948725786996
940,0.22544,-3.39089016252429
941,0.22568,-2.09362520352829
942,0.22592,-2.62778267262311
943,0.22616,-3.60147169886805
944,0.2264,-2.17690093871219
945,0.22664,-2.70791327811713
946,0.22688,-3.4397220621941
947,0.22712,-2.13942790353946
948,0.22736,-2.90865621634669
949,0.2276,-3.15591157470231
950,0.22784,-1.86755449633671
951,0.22808,-3.11090400084006
952,0.22832,-2.75772338862534
953,0.22856,-2.20479299690644
954,0.2288,-3.55238348916313
955,0.22904,-2.25199413268581
956,0.22928,-2.6651177643375
957,0.22952,-3.15696523869033
958,0.22976,-1.87072268298827
959,0.23,-2.88038861574812
960,0.23024,-3.12890067938708
961,0.23048,-1.84604391892164
962,0.23072,-2.85375773537595
963,0.23096,-3.10125087698248
964,0.2312,-1.94121239612833
965,0.23144,-3.06326636269067
966,0.23168,-2.8302378877787
967,0.23192,-2.15606180206283
968,0.23216,-3.27180239321253
969,0.2324,-2.79577068508181
970,0.23264,-2.36140811747423
971,0.23288,-3.58281565705596
972,0.23312,-2.27889985830485
973,0.23336,-2.5719401415942
974,0.2336,-3.18506629521704
975,0.23384,-1.89933461546679
976,0.23408,-3.02499487646848
977,0.23432,-2.79187811238134
978,0.23456,-2.11760388277725
979,0.2348,-3.11350538687204
980,0.23504,-2.63996382853268
981,0.23528,-2.33002641576953
982,0.23552,-3.31927207662037
983,0.23576,-2.48779936669572
984,0.236,-2.42104552310393
985,0.23624,-3.4037031755059
986,0.23648,-2.33723268824258
987,0.23672,-2.63122926069392
988,0.23696,-3.24611258128022
989,0.2372,-2.07147131713664
990,0.23744,-2.96127431276126
991,0.23768,-2.84991348121737
992,0.23792,-1.93476627607965
993,0.23816,-3.17649980006681
994,0.2384,-2.3495218579751
995,0.23864,-2.40511580765072
996,0.23888,-3.51004677798168
997,0.23912,-2.09120596822422
998,0.23936,-2.62638858169813
999,0.2396,-3.36307456868261
1000,0.23984,-1.95065112872728
1001,0.24008,-2.72244423841872
1002,0.24032,-3.21354644452185
1003,0.24056,-1.80896247935231
1004,0.2408,-2.93591887737413
1005,0.24104,-3.18158091812376
1006,0.24128,-2.01368037604579
1007,0.24152,-3.13561750997368
1008,0.24176,-2.8999055167704
1009,0.242,-2.22312116792427
1010,0.24224,-3.45054960946078
1011,0.24248,-2.383331906683
1012,0.24272,-2.43656899134149
1013,0.24296,-3.41418967795523
1014,0.2432,-2.11762443408392
1015,0.24344,-2.77104173664469
1016,0.24368,-3.14239403088516
1017,0.24392,-1.85895152833209
1018,0.24416,-2.98637115931576
1019,0.2444,-2.75493672787767
1020,0.24464,-2.08227124159043
1021,0.24488,-3.07971135749964
1022,0.24512,-2.60764108506934
1023,0.24536,-2.29911075965595
1024,0.2456,-3.28970196169998
1025,0.24584,-2.45951606705162
1026,0.24608,-2.39399281437127
1027,0.24632,-3.37782747945433
1028,0.24656,-2.31248232325937
1029,0.2468,-2.60755527628299
1030,0.24704,-3.34506294612328
1031,0.24728,-2.16741092422499
1032,0.24752,-2.70143849554295
1033,0.24776,-3.19391996774571
1034,0.248,-2.02543036131822
1035,0.24824,-2.91769826813862
1036,0.24848,-2.80776719849388
1037,0.24872,-2.0143015615952
1038,0.24896,-3.25430460285846
1039,0.2492,-2.31020551887828
1040,0.24944,-2.36753373871781
1041,0.24968,-3.3516187766778
1042,0.24992,-1.94060201469173
1043,0.25016,-2.71367209524875
1044,0.2504,-3.08664450796398
1045,0.25064,-1.92460249522011
1046,0.25088,-2.93277512642564
1047,0.25112,-2.9419922012907
1048,0.25136,-2.02676019895054
1049,0.2516,-3.02790006745838
1050,0.25184,-2.67833857347481
1051,0.25208,-2.25081358699752
1052,0.25232,-3.24133329381308
1053,0.25256,-2.53351081619965
1054,0.2528,-2.34799093727607
1055,0.25304,-3.45233620797773
1056,0.25328,-2.15146466661977
1057,0.25352,-2.68709597326224
1058,0.25376,-3.05902122918305
1059,0.254,-1.77659810634306
1060,0.25424,-3.02563621928225
1061,0.25448,-2.55811596556203
1062,0.25472,-2.1319085451446
1063,0.25496,-3.36547079365987
1064,0.2552,-2.30239762853968
1065,0.25544,-2.36000366331215
1066,0.25568,-3.46645461773014
1067,0.25592,-2.04907084130983
1068,0.25616,-2.58650672062623
1069,0.2564,-3.2042062641145
1070,0.25664,-1.79780080227319
1071,0.25688,-2.80933259548179
1072,0.25712,-2.94066912289653
1073,0.25736,-2.02548215215223
1074,0.2576,-3.02666522376968
1075,0.25784,-2.67714500352483
1076,0.25808,-2.36861343695863
1077,0.25832,-3.4729409875655
1078,0.25856,-2.29011769663892
1079,0.2588,-2.58482935221364
1080,0.25904,-3.19953584827084
1081,0.25928,-1.90879718792783
1082,0.25952,-2.80132585336577
1083,0.25976,-2.93127465336389
1084,0.26,-1.89275314281276
1085,0.26024,-3.13802223847302
1086,0.26048,-2.66906057523085
1087,0.26072,-2.00186459414506
1088,0.26096,-3.24107343523059
1089,0.2612,-2.41431947485653
1090,0.26144,-2.23136872273234
1091,0.26168,-3.46058918638253
1092,0.26192,-2.16242345221083
1093,0.26216,-2.46049749893854
1094,0.2624,-3.2000009486279
1095,0.26264,-1.91274565376137
1096,0.26288,-2.68655101920807
1097,0.26312,-2.93869325157039
1098,0.26336,-2.02272466585942
1099,0.2636,-3.02660444769962
1100,0.26384,-2.55856567431027
1101,0.26408,-2.37279783368492
1102,0.26432,-3.35885153714157
1103,0.26456,-2.29515160752343
1104,0.2648,-2.59006279749207
1105,0.26504,-3.32613251714475
1106,0.26528,-2.03335269574389
1107,0.26552,-2.80541152438663
1108,0.26576,-2.9356072335512
1109,0.266,-1.77529676757847
1110,0.26624,-3.02131614460211
1111,0.26648,-2.79051560038447
1112,0.26672,-1.99776573271241
1113,0.26696,-3.2384531757668
1114,0.2672,-2.52939364256434
1115,0.26744,-2.10400151764654
1116,0.26768,-3.33743703217736
1117,0.26792,-2.39319382118162
1118,0.26816,-2.21156280041708
1119,0.2684,-3.4394509419955
1120,0.26864,-2.25850440315614
1121,0.26888,-2.43783455104352
1122,0.26912,-3.30031206373727
1123,0.26936,-2.12714807158478
1124,0.2696,-2.54702048714732
1125,0.26984,-3.04525657928743
1126,0.27008,-1.88060208201961
1127,0.27032,-2.65756235364115
1128,0.27056,-2.91135359573372
1129,0.2708,-1.75472022827801
1130,0.27104,-2.76632257457526
1131,0.27128,-2.77972362884494
1132,0.27152,-1.99003603333982
1133,0.27176,-3.11340569815445
1134,0.272,-2.76139520405873
1135,0.27224,-2.09275158484298
1136,0.27248,-3.21164956439763
1137,0.27272,-2.62097202642508
1138,0.27296,-2.31350565523638
1139,0.2732,-3.42194050815038
1140,0.27344,-1.88881617143618
1141,0.27368,-2.78347428459329
1142,0.27392,-3.03615022475174
1143,0.27416,-1.99826269678065
1144,0.2744,-2.99972412494002
1145,0.27464,-2.65091264350121
1146,0.27488,-2.22411025768976
1147,0.27512,-3.33468717820809
1148,0.27536,-2.3896383691209
1149,0.2756,-2.44735138692541
1150,0.27584,-3.30766170861931
1151,0.27608,-2.01217953193754
1152,0.27632,-2.66750980831681
1153,0.27656,-3.16094219403606
1154,0.2768,-1.87403088881035
1155,0.27704,-2.88783686833133
1156,0.27728,-2.89851801336476
1157,0.27752,-1.74023199193707
1158,0.27776,-2.98993092095212
1159,0.278,-2.76050302011412
1160,0.27824,-1.97074321832119
1161,0.27848,-3.20908551562342
1162,0.27872,-2.50173546002384
1163,0.27896,-2.07792597637739
1164,0.2792,-3.31509175916994
1165,0.27944,-2.37000546685191
1166,0.27968,-2.18852848052294
1167,0.27992,-3.29841759259911
1168,0.28016,-2.35628929590507
1169,0.2804,-2.17664344983371
1170,0.28064,-3.40515983804389
1171,0.28088,-2.22696592632945
1172,0.28112,-2.40764307426833
1173,0.28136,-3.15113132161426
1174,0.2816,-1.98051736189873
1175,0.28184,-2.5209002230648
1176,0.28208,-3.13787966514517
1177,0.28232,-1.97178687957217
1178,0.28256,-2.51117391606086
1179,0.2828,-3.00879278388292
1180,0.28304,-1.84698431795461
1181,0.28328,-2.74389798368903
1182,0.28352,-2.87671242147593
1183,0.28376,-1.71935146657923
1184,0.284,-2.73422673501925
1185,0.28424,-2.74850476110909
1186,0.28448,-1.83508742113193
1187,0.28472,-2.96600876434855
1188,0.28496,-2.73759467682222
1189,0.2852,-1.82852897605286
1190,0.28544,-2.95674296958257
1191,0.28568,-2.6106257810045
1192,0.28592,-1.94459548160437
1193,0.28616,-3.18708922464569
1194,0.2864,-2.4806634924373
1195,0.28664,-2.05773832188164
1196,0.28688,-3.17811268795557
1197,0.28712,-2.35444340148066
1198,0.28736,-2.17358374225327
1199,0.2876,-3.28715831603155
1200,0.28784,-2.34544570592566
1201,0.28808,-2.16627661455236
1202,0.28832,-3.39824570190563
1203,0.28856,-2.22034526328556
1204,0.2888,-2.2814253709083
1205,0.28904,-3.26654108790217
1206,0.28928,-2.09219288300712
1207,0.28952,-2.39369702862651
1208,0.28976,-3.1377537934001
1209,0.29,-1.96768345952715
1210,0.29024,-2.50858663148215
1211,0.29048,-3.12606344806294
1212,0.29072,-1.96044657864657
1213,0.29096,-2.61749243996463
1214,0.2912,-2.87340793846033
1215,0.29144,-1.71615578615253
1216,0.29168,-2.85051644117264
1217,0.29192,-2.74252426707769
1218,0.29216,-1.82930551772
1219,0.2924,-2.95787471912623
1220,0.29264,-2.61167695639252
1221,0.29288,-1.94556986048009
1222,0.29312,-3.06860831041277
1223,0.29336,-2.48319958682547
1224,0.2936,-2.17952651695101
1225,0.29384,-3.29542006054438
1226,0.29408,-2.35378268494722
1227,0.29432,-2.17418254970912
1228,0.29456,-3.40274363334254
1229,0.2948,-2.22459225387584
1230,0.29504,-2.40398975604441
1231,0.29528,-3.14757465894479
1232,0.29552,-1.97705308555882
1233,0.29576,-2.51752504459736
1234,0.296,-3.13458943188861
1235,0.29624,-1.96857830548721
1236,0.29648,-2.62524706792249
1237,0.29672,-2.88080201690416
1238,0.29696,-1.72320507524987
1239,0.2972,-2.85723612441395
1240,0.29744,-2.74892870158558
1241,0.29768,-1.83540849345237
1242,0.29792,-2.96368945124909
1243,0.29816,-2.61721598983753
1244,0.2984,-1.95084520697496
1245,0.29864,-3.19301325446506
1246,0.29888,-2.48627612184862
1247,0.29912,-2.18244752280384
1248,0.29936,-3.29819241874592
1249,0.2996,-2.35641245703739
1250,0.29984,-2.1766761574754
1251,0.30008,-3.405106811089
1252,0.30032,-2.22683074964961
1253,0.30056,-2.4061088179657
1254,0.3008,-3.14957935392721
1255,0.30104,-1.97894837867558
1256,0.30128,-2.51931547689009
1257,0.30152,-3.13627981456896
1258,0.30176,-1.9701724051199
1259,0.302,-2.62674931327439
1260,0.30224,-3.00160917153222
1261,0.30248,-1.84002992207276
1262,0.30272,-2.73716297328921
1263,0.30296,-2.87018694454794
1264,0.3032,-1.71302613572383
1265,0.30344,-2.72809275999854
1266,0.30368,-2.86150745580975
1267,0.30392,-1.70472081331484
1268,0.30416,-2.83952666588218
1269,0.3044,-2.73195930786525
1270,0.30464,-1.81914695905039
1271,0.30488,-2.9480692686296
1272,0.30512,-2.60138279927955
1273,0.30536,-1.93567031697945
1274,0.3056,-3.05863100436696
1275,0.30584,-2.47185740585278
1276,0.30608,-2.04923050478641
1277,0.30632,-3.28446691751098
1278,0.30656,-2.3428195236837
1279,0.3068,-2.16364444536946
1280,0.30704,-3.27410680514154
1281,0.30728,-2.21437652545596
1282,0.30752,-2.39548518238849
1283,0.30776,-3.01826047227347
1284,0.308,-1.73784860573264
1285,0.30824,-2.52133272135776
1286,0.30848,-3.13949058687185
1287,0.30872,-1.7366236623969
1288,0.30896,-2.87086798089439
1289,0.3092,-2.76363335001605
1290,0.30944,-1.97361570369134
1291,0.30968,-3.09579504868172
1292,0.30992,-2.2756078476699
1293,0.31016,-2.21877691916946
1294,0.3104,-3.21353218917162
1295,0.31064,-2.26924506144116
1296,0.31088,-2.32814904913692
1297,0.31112,-3.19216420135121
1298,0.31136,-1.90637465694485
1299,0.3116,-2.68682691623217
1300,0.31184,-2.82372214909231
1301,0.31208,-1.66944407217966
1302,0.31232,-2.92292408085615
1303,0.31256,-2.57641394582938
1304,0.3128,-1.91131001365006
1305,0.31304,-3.15251434373815
1306,0.31328,-2.32940055939326
1307,0.31352,-2.15036074394378
1308,0.31376,-3.26222516272566
1309,0.314,-2.08664492285415
1310,0.31424,-2.50766837346989
1311,0.31448,-2.88763471813777
1312,0.31472,-1.61287303803746
1313,0.31496,-2.51372556431314
1314,0.3152,-3.13262206883866
1315,0.31544,-1.72958640944045
1316,0.31568,-2.98044607367464
1317,0.31592,-2.39700425232407
1318,0.31616,-1.97717311570925
1319,0.3164,-3.09609285539295
1320,0.31664,-2.15735873184566
1321,0.31688,-2.22150890384833
1322,0.31712,-3.33112531208203
1323,0.31736,-1.92115984732678
1324,0.3176,-2.58287873998918
1325,0.31784,-2.95955713151526
1326,0.31808,-1.68209018643602
1327,0.31832,-2.69755994950141
1328,0.31856,-2.8339511036737
1329,0.3188,-1.80205338178151
1330,0.31904,-2.9316421234897
1331,0.31928,-2.46707176874819
1332,0.31952,-1.92739913807537
1333,0.31976,-3.04846585273357
1334,0.32,-2.22638270922688
1335,0.32024,-2.28704943130612
1336,0.32048,-3.27790117531898
1337,0.32072,-1.87023307695473
1338,0.32096,-2.76680806825502
1339,0.3212,-2.54466140332217
1340,0.32144,-2.002884161261
1341,0.32168,-3.12460440282281
1342,0.32192,-2.1841246329679
1343,0.32216,-2.24666990475144
1344,0.3224,-3.35382746943624
1345,0.32264,-1.94110495128922
1346,0.32288,-2.48254461218258
1347,0.32312,-3.10578602646787
1348,0.32336,-1.82370607645923
1349,0.3236,-2.71963542876113
1350,0.32384,-2.49825349669162
1351,0.32408,-2.0756592887226
1352,0.32432,-3.18985620495808
1353,0.32456,-2.01693212008621
1354,0.3248,-2.44135750509808
1355,0.32504,-3.06377209117258
1356,0.32528,-1.78350972644707
1357,0.32552,-2.80101112852316
1358,0.32576,-2.6949924104907
1359,0.326,-1.90658727785476
1360,0.32624,-2.79585666686962
1361,0.32648,-2.45264261973809
1362,0.32672,-2.03115135753358
1363,0.32696,-3.14812802297348
1364,0.3272,-1.97743653777732
1365,0.32744,-2.63665860364675
1366,0.32768,-2.77476564895095
1367,0.32792,-1.74628424161435
1368,0.32816,-2.87736294961644
1369,0.3284,-2.41468274595374
1370,0.32864,-1.9948315814319
1371,0.32888,-3.23188037984578
1372,0.32912,-2.17256685615839
1373,0.32936,-2.0002491883384
1374,0.3296,-3.23752177060676
1375,0.32984,-2.0629236476278
1376,0.33008,-2.48488409643924
1377,0.33032,-2.86747046392984
1378,0.33056,-1.83493493259771
1379,0.3308,-2.96213705112596
1380,0.33104,-2.14415886494135
1381,0.33128,-2.20879621808487
1382,0.33152,-3.31887864004367
1383,0.33176,-1.90935858098265
1384,0.332,-2.57150350013447
1385,0.33224,-2.59262531479411
1386,0.33248,-2.04869083371877
1387,0.33272,-3.16834828168545
1388,0.33296,-2.11263226591073
1389,0.3332,-2.17862847064153
1390,0.33344,-3.29001050814376
1391,0.33368,-1.88173345547756
1392,0.33392,-2.54506718804182
1393,0.33416,-2.9232896416949
1394,0.3344,-1.64729908094252
1395,0.33464,-2.55263568171636
1396,0.33488,-2.81242361030916
1397,0.33512,-1.78135797648435
1398,0.33536,-2.91174249277135
1399,0.3356,-2.09591168042193
1400,0.33584,-2.3974660865684
1401,0.33608,-2.90101151782592
1402,0.33632,-1.62775688893665
1403,0.33656,-2.7630660854406
1404,0.3368,-2.42120728016841
1405,0.33704,-2.00101198874397
1406,0.33728,-3.23773172326714
1407,0.33752,-1.831701269767
1408,0.33776,-2.72984289966129
1409,0.338,-2.62769184014273
1410,0.33824,-1.72185978665034
1411,0.33848,-2.8539282093383
1412,0.33872,-2.39219440394857
1413,0.33896,-1.97324823155086
1414,0.3392,-3.2111626262441
1415,0.33944,-1.80627463595799
1416,0.33968,-2.70550886026609
1417,0.33992,-2.60440266674175
1418,0.34016,-1.6995698563089
1419,0.3404,-2.83259384886749
1420,0.34064,-2.37177388536613
1421,0.34088,-1.95370158932937
1422,0.34112,-3.19245172524558
1423,0.34136,-2.01930267102799
1424,0.3416,-2.08929773364079
1425,0.34184,-3.20450310160623
1426,0.34208,-1.91142692343161
1427,0.34232,-2.33465094045867
1428,0.34256,-2.84089060200774
1429,0.3428,-1.80942049143789
1430,0.34304,-2.93764168066634
1431,0.34328,-2.12063714737365
1432,0.34352,-2.18620538709767
1433,0.34376,-3.17689955735806
1434,0.344,-1.77218077079868
1435,0.34424,-2.67285308983288
1436,0.34448,-2.4550739317953
1437,0.34472,-1.79631708949709
1438,0.34496,-3.04234926744841
1439,0.3452,-2.10792576367704
1440,0.34544,-2.29342083924639
1441,0.34568,-2.80099609968329
1442,0.34592,-1.53068217321212
1443,0.34616,-2.79042992068652
1444,0.3464,-2.45116780851071
1445,0.34664,-1.91330651151758
1446,0.34688,-3.03871782146889
1447,0.34712,-2.21858003793859
1448,0.34736,-2.04413078865792
1449,0.3476,-3.28020888271907
1450,0.34784,-1.98724702734192
1451,0.34808,-2.52998506420172
1452,0.34832,-2.55408440974543
1453,0.34856,-2.01170046478114
1454,0.3488,-3.13283940992181
1455,0.34904,-1.96264313957741
1456,0.34928,-2.38924638723326
1457,0.34952,-3.01330014806623
1458,0.34976,-1.6139036779019
1459,0.35,-2.74972004667709
1460,0.35024,-2.17435896104977
1461,0.35048,-2.23753118688778
1462,0.35072,-2.98627349486449
1463,0.35096,-1.58978930848204
1464,0.3512,-2.73013793397929
1465,0.35144,-2.62874703711734
1466,0.35168,-1.842588028244
1467,0.35192,-2.97106307404208
1468,0.35216,-2.03968052816443
1469,0.3524,-2.46290697474696
1470,0.35264,-2.72601248958416
1471,0.35288,-1.69945744053219
1472,0.35312,-2.83237892429564
1473,0.35336,-2.49129123222601
1474,0.3536,-1.95159009055688
1475,0.35384,-3.19164659010935
1476,0.35408,-1.90248956885633
1477,0.35432,-2.56476534740232
1478,0.35456,-2.58685725675103
1479,0.3548,-1.80511129010325
1480,0.35504,-2.93430698171364
1481,0.35528,-2.3543552467572
1482,0.35552,-2.1765796416237
1483,0.35576,-2.92835786107545
1484,0.356,-1.64808219649861
1485,0.35624,-2.54751640645674
1486,0.35648,-2.6884752877474
1487,0.35672,-1.78463419638386
1488,0.35696,-3.03193568391972
1489,0.3572,-1.98064714822408
1490,0.35744,-2.40597645577714
1491,0.35768,-2.79179132419649
1492,0.35792,-1.7606020843911
1493,0.35816,-2.77364635187417
1494,0.3584,-2.43418944024319
1495,0.35864,-2.01678402526668
1496,0.35888,-3.01515568156944
1497,0.35912,-1.73108361254828
1498,0.35936,-2.39855643904212
1499,0.3596,-2.66360043858313
1500,0.35984,-1.52118344005623
1501,0.36008,-2.66269544510163
1502,0.36032,-2.68267379352786
1503,0.36056,-1.65531665955878
1504,0.3608,-2.90735628130717
1505,0.36104,-2.09410839809379
1506,0.36128,-2.27874656445437
1507,0.36152,-2.9079570382453
1508,0.36176,-1.74875128442688
1509,0.362,-2.53265588212129
1510,0.36224,-2.43803946829155
1511,0.36248,-1.65921832857407
1512,0.36272,-2.91235115602097
1513,0.36296,-2.21739823908378
1514,0.3632,-2.0442160178526
1515,0.36344,-3.16293571031497
1516,0.36368,-1.87668948338156
1517,0.36392,-2.42280396171062
1518,0.36416,-2.80695765027573
1519,0.3644,-1.65475114003092
1520,0.36464,-2.67624238257083
1521,0.36488,-2.34185742137191
1522,0.36512,-2.04600790017973
1523,0.36536,-3.04087806016141
1524,0.3656,-1.64100584559839
1525,0.36584,-2.54589594420362
1526,0.36608,-2.56785513045452
1527,0.36632,-1.66306740381422
1528,0.36656,-2.91643908284947
1529,0.3668,-2.10406378205651
1530,0.36704,-2.17015204867158
1531,0.36728,-2.92168401627802
1532,0.36752,-1.64593451654549
1533,0.36776,-2.55190721152698
1534,0.368,-2.57488335015156
1535,0.36824,-1.79264856815738
1536,0.36848,-3.03773860997997
1537,0.36872,-1.87151408615866
1538,0.36896,-2.30016448556526
1539,0.3692,-2.92706478758169
1540,0.36944,-1.65195514596663
1541,0.36968,-2.32235959009932
1542,0.36992,-2.95219740777303
1543,0.37016,-1.67075159029521
1544,0.3704,-2.57560930147791
1545,0.37064,-2.48077179658545
1546,0.37088,-1.9396564798162
1547,0.37112,-2.94741183551659
1548,0.37136,-2.13232003169894
1549,0.3716,-2.20019992311225
1550,0.37184,-2.83272600380128
1551,0.37208,-1.67978043647772
1552,0.37232,-2.81426983134958
1553,0.37256,-2.2393828947367
1554,0.3728,-2.06645000391342
1555,0.37304,-3.06251998038972
1556,0.37328,-1.77624391311414
1557,0.37352,-2.20895052812766
1558,0.37376,-2.60061179517853
1559,0.374,-1.70042616892072
1560,0.37424,-2.95122281873897
1561,0.37448,-1.90327566210276
1562,0.37472,-2.33047049198126
1563,0.37496,-2.71940244014307
1564,0.3752,-1.56694699342408
1565,0.37544,-2.59088103269676
1566,0.37568,-2.25831450387233
1567,0.37592,-1.84360974384652
1568,0.37616,-2.96960334511451
1569,0.3764,-1.92393424415445
1570,0.37664,-2.23343227764582
1571,0.37688,-2.7429094149009
1572,0.37712,-1.47135154260095
1573,0.37736,-2.73165434022436
1574,0.3776,-2.27531245640835
1575,0.37784,-1.86245006213443
1576,0.37808,-2.98893234075018
1577,0.37832,-2.0561030630391
1578,0.37856,-2.12416231933505
1579,0.3788,-2.87757941472244
1580,0.37904,-1.60363226534388
1581,0.37928,-2.62895172217716
1582,0.37952,-2.41276410905337
1583,0.37976,-1.63658635852364
1584,0.38,-2.77201966911499
1585,0.38024,-2.07993285613086
1586,0.38048,-1.79360623924737
1587,0.38072,-2.9230546790302
1588,0.38096,-2.22698923569823
1589,0.3812,-2.05495454053407
1590,0.38144,-2.93203552015921
1591,0.38168,-1.65570784438691
1592,0.38192,-2.55845230123823
1593,0.38216,-2.46341842945336
1594,0.3824,-1.9255099757892
1595,0.38264,-3.04967021291419
1596,0.38288,-2.11717253008046
1597,0.38312,-1.95032910124213
1598,0.38336,-3.07204182820936
1599,0.3836,-1.79043340906016
1600,0.38384,-2.33964010723106
1601,0.38408,-2.60694953200261
1602,0.38432,-1.58003949275539
1603,0.38456,-2.83681117356545
1604,0.3848,-2.14186708745411
1605,0.38504,-1.97130365361615
1606,0.38528,-3.09385432065758
1607,0.38552,-1.92500812693236
1608,0.38576,-2.47140531557737
1609,0.386,-2.4972530480394
1610,0.38624,-1.59665483950516
1611,0.38648,-2.8505069618255
1612,0.38672,-2.15451443805594
1613,0.38696,-1.86444991732814
1614,0.3872,-2.99160751949233
1615,0.38744,-1.71173248725019
1616,0.38768,-2.49959754242887
1617,0.38792,-2.40788853975442
1618,0.38816,-1.87148867490534
1619,0.3884,-2.99835120806822
1620,0.38864,-1.83099775386986
1621,0.38888,-2.1435927432017
1622,0.38912,-2.89647371988711
1623,0.38936,-1.61725025065951
1624,0.3896,-2.52423346430088
1625,0.38984,-2.43142803892545
1626,0.39008,-1.89225566148895
1627,0.39032,-2.90186873034099
1628,0.39056,-2.08855301224161
1629,0.3908,-1.92286962295556
1630,0.39104,-2.80603339994727
1631,0.39128,-1.41437968707824
1632,0.39152,-2.55935448750439
1633,0.39176,-2.22887278328718
1634,0.392,-1.93635142764919
1635,0.39224,-3.05770625843117
1636,0.39248,-1.77708427937714
1637,0.39272,-2.09455610684216
1638,0.39296,-3.08833465880287
1639,0.3932,-1.68741919249916
1640,0.39344,-2.12074366498488
1641,0.39368,-2.75390566573695
1642,0.39392,-1.36621319280749
1643,0.39416,-2.63047749769952
1644,0.3944,-2.29553978066488
1645,0.39464,-1.76394598292826
1646,0.39488,-2.89540623855219
1647,0.39512,-2.0831872849224
1648,0.39536,-2.03400356171252
1649,0.3956,-2.79157373408252
1650,0.39584,-1.51683610090736
1651,0.39608,-2.65990773122288
1652,0.39632,-2.56374922436101
1653,0.39656,-1.4261408488539
1654,0.3968,-2.69036179914419
1655,0.39704,-1.8853119154478
1656,0.39728,-2.19846721268322
1657,0.39752,-2.59289021705061
1658,0.39776,-1.68930652872675
1659,0.398,-2.70414459581868
1660,0.39824,-2.13289507883332
1661,0.39848,-1.72468118036755
1662,0.39872,-2.97281211579756
1663,0.39896,-2.04044568095154
1664,0.3992,-2.11070536942729
1665,0.39944,-2.86446898720952
1666,0.39968,-1.59085342627595
1667,0.39992,-2.6143359251864
1668,0.40016,-2.28003584317228
1669,0.4004,-1.74645432879361
1670,0.40064,-2.87684085359197
1671,0.40088,-2.18301882510614
1672,0.40112,-1.53296637944462
1673,0.40136,-2.55370517758877
1674,0.4016,-2.22424326489031
1675,0.40184,-1.93267258634388
1676,0.40208,-2.93162345771738
1677,0.40232,-1.65241948269373
1678,0.40256,-2.2056749502129
1679,0.4028,-2.48032696480368
1680,0.40304,-1.46220223658712
1681,0.40328,-2.48774169969425
1682,0.40352,-2.2752280074661
1683,0.40376,-1.50218397991473
1684,0.404,-2.6462159670307
1685,0.40424,-2.19327949928811
1686,0.40448,-1.78367324358754
1687,0.40472,-2.91326925894905
1688,0.40496,-2.10104104002919
1689,0.4052,-1.45449999048856
1690,0.40544,-2.596661040357
1691,0.40568,-2.38291027382895
1692,0.40592,-1.84914003838227
1693,0.40616,-2.8542812125215
1694,0.4064,-1.57668111549339
1695,0.40664,-2.36710918093122
1696,0.40688,-2.28008483741369
1697,0.40712,-1.74899705469888
1698,0.40736,-2.87789573211898
1699,0.4076,-1.83321115124118
1700,0.40784,-1.91018754693106
1701,0.40808,-3.15102495659923
1702,0.40832,-1.74847242300172
1703,0.40856,-2.41860101350732
1704,0.4088,-2.44646333807304
1705,0.40904,-1.66762813095435
1706,0.40928,-2.80089001177952
1707,0.40952,-1.8723935851046
1708,0.40976,-2.06525622031044
1709,0.41,-2.94070154240255
1710,0.41024,-1.6601469347111
1711,0.41048,-2.44997532603093
1712,0.41072,-2.36014322824509
1713,0.41096,-1.82381525774578
1714,0.4112,-2.83263815587399
1715,0.41144,-2.02165309859047
1716,0.41168,-1.73749376382074
1717,0.41192,-2.74478728525757
1718,0.41216,-1.47537607480734
1719,0.4124,-2.50239009970041
1720,0.41264,-2.05694664566485
1721,0.41288,-1.77251388023627
1722,0.41312,-2.90032012093418
1723,0.41336,-1.85458959976462
1724,0.4136,-1.93056538465213
1725,0.41384,-2.93078468775512
1726,0.41408,-1.53556612407686
1727,0.41432,-2.21184188092738
1728,0.41456,-2.72265307027424
1729,0.4148,-1.452423240073
1730,0.41504,-2.59805559955239
1731,0.41528,-2.50434855771977
1732,0.41552,-1.36776111731134
1733,0.41576,-2.39682578226535
1734,0.416,-2.3087873683715
1735,0.41624,-1.5367322544699
1736,0.41648,-2.67692704340877
1737,0.41672,-1.87439345201459
1738,0.41696,-2.06839415444846
1739,0.4172,-2.94970912212529
1740,0.41744,-1.67347170892403
1741,0.41768,-2.11147817179936
1742,0.41792,-2.86496679363362
1743,0.41816,-1.58935611637198
1744,0.4184,-2.02663013344848
1745,0.41864,-3.02655074947264
1746,0.41888,-1.74299951746854
1747,0.41912,-1.94225355761469
1748,0.41936,-2.46300845927903
1749,0.4196,-1.4436466208988
1750,0.41984,-2.70463408114788
1751,0.42008,-1.89952248397702
1752,0.42032,-1.97651467762547
1753,0.42056,-2.49834915050517
1754,0.4208,-1.47964556906759
1755,0.42104,-2.50244307538429
1756,0.42128,-2.17315807286518
1757,0.42152,-1.40299767348873
1758,0.42176,-2.66393741453536
1759,0.422,-2.20959734291914
1760,0.42224,-1.79989460813753
1761,0.42248,-3.04534369689284
1762,0.42272,-1.76395827043916
1763,0.42296,-2.31471170614791
1764,0.4232,-2.11076901223559
1765,0.42344,-1.46793438914656
1766,0.42368,-2.49075282324988
1767,0.42392,-2.28137012268948
1768,0.42416,-1.63194627948842
1769,0.4244,-2.76920473665378
1770,0.42464,-1.72856302879729
1771,0.42488,-2.16407463462552
1772,0.42512,-2.67945397494244
1773,0.42536,-1.293713536903
1774,0.4256,-2.21433214180022
1775,0.42584,-2.72487682236937
1776,0.42608,-1.4543932286545
1777,0.42632,-2.60150697869741
1778,0.42656,-2.26959902409348
1779,0.4268,-1.85766932211531
1780,0.42704,-2.62380799118211
1781,0.42728,-1.35856436139162
1782,0.42752,-2.15866838177821
1783,0.42776,-2.79624408087731
1784,0.428,-1.52523843309264
1785,0.42824,-2.19996780549923
1786,0.42848,-2.35520674722193
1787,0.42872,-1.58352306109214
1788,0.42896,-2.71803597533011
1789,0.4292,-1.91267143952767
1790,0.42944,-1.63429997331322
1791,0.42968,-2.88594823466544
1792,0.42992,-1.95518716403192
1793,0.43016,-2.02874046464125
1794,0.4304,-2.7856537390104
1795,0.43064,-1.513317199468
1796,0.43088,-2.42036030328142
1797,0.43112,-2.45003590213065
1798,0.43136,-1.19141334351749
1799,0.4316,-2.2257680805203
1800,0.43184,-2.38108080573085
1801,0.43208,-1.36688001068431
1802,0.43232,-2.63317762555164
1803,0.43256,-1.94825407626186
1804,0.4328,-1.90353445925523
1805,0.43304,-2.66758889733424
1806,0.43328,-1.28270472416337
1807,0.43352,-2.55223570122892
1808,0.43376,-2.10298591912331
1809,0.434,-1.57752452512729
1810,0.43424,-2.83157926954243
1811,0.43448,-1.78720694016311
1812,0.43472,-2.10285008603624
1813,0.43496,-2.61943751267332
1814,0.4352,-1.47408654381297
1815,0.43544,-2.03593518295068
1816,0.43568,-2.79418601505638
1817,0.43592,-1.40375262603231
1818,0.43616,-2.31941349770714
1819,0.4364,-2.23140979254319
1820,0.43664,-1.46242765759188
1821,0.43688,-2.60510554104028
1822,0.43712,-1.92133179356559
1823,0.43736,-1.99753516983751
1824,0.4376,-2.87554009196523
1825,0.43784,-1.71638388521477
1826,0.43808,-2.03503405019972
1827,0.43832,-2.32013117424349
1828,0.43856,-1.30712335859471
1829,0.4388,-2.45481346474939
1830,0.43904,-1.7753355562848
1831,0.43928,-1.85657766673361
1832,0.43952,-2.61908358193181
1833,0.43976,-1.35385422618058
1834,0.44,-2.27335136564211
1835,0.44024,-2.06964603043488
1836,0.44048,-1.4283388870946
1837,0.44072,-2.69052428606773
1838,0.44096,-1.65351560396598
1839,0.4412,-1.97525269570511
1840,0.44144,-2.37877234769793
1841,0.44168,-1.48474476982867
1842,0.44192,-2.6246477859581
1843,0.44216,-1.82139358742491
1844,0.4424,-1.78119376889228
1845,0.44264,-2.55041435910861
1846,0.44288,-1.40486292471041
1847,0.44312,-2.08551700901203
1848,0.44336,-2.126951148387
1849,0.4436,-1.3636959852719
1850,0.44384,-2.51317708303364
1851,0.44408,-1.71516721357498
1852,0.44432,-1.91700381587939
1853,0.44456,-2.43889484840565
1854,0.4448,-1.4210753169927
1855,0.44504,-2.44997392129776
1856,0.44528,-2.12348653265532
1857,0.44552,-1.48104045476347
1858,0.44576,-2.50513626871443
1859,0.446,-1.94139047530011
1860,0.44624,-1.89763128244957
1861,0.44648,-2.66213235923122
1862,0.44672,-1.27511101018769
1863,0.44696,-2.30945798137137
1864,0.4472,-2.10496381542935
1865,0.44744,-1.81749274539212
1866,0.44768,-2.70486911183143
1867,0.44792,-1.43665236261413
1868,0.44816,-2.11625890269576
1869,0.4484,-2.6355125017289
1870,0.44864,-1.48968485889842
1871,0.44888,-1.9329805401431
1872,0.44912,-2.81708319729062
1873,0.44936,-1.42585009583466
1874,0.4496,-2.45752646207458
1875,0.44984,-2.12932384402002
1876,0.45008,-1.60244826180136
1877,0.45032,-2.85515059885473
1878,0.45056,-2.04825737146313
1879,0.4508,-1.64559363784573
1880,0.45104,-2.66111394690307
1881,0.45128,-1.6265554700138
1882,0.45152,-2.0682212529063
1883,0.45176,-2.34554186740343
1884,0.452,-1.09154488514456
1885,0.45224,-2.36605478433252
1886,0.45248,-1.92547948493679
1887,0.45272,-1.88230791617406
1888,0.45296,-2.65132997644194
1889,0.4532,-1.38230210162806
1890,0.45344,-2.17965015997578
1891,0.45368,-2.22029282731177
1892,0.45392,-1.57392975266224
1893,0.45416,-2.71497817586721
1894,0.4544,-1.67840575941804
1895,0.45464,-2.11473653500511
1896,0.45488,-2.27322485436457
1897,0.45512,-1.26462108032124
1898,0.45536,-2.29797254291711
1899,0.4556,-2.21361699647635
1900,0.45584,-1.44508462137539
1901,0.45608,-2.58516231904981
1902,0.45632,-1.66793470727692
1903,0.45656,-1.87119214550331
1904,0.4568,-2.5133658258045
1905,0.45704,-1.37403850346271
1906,0.45728,-2.40476861274513
1907,0.45752,-2.31618586239584
1908,0.45776,-1.17927466192996
1909,0.458,-2.10218103990092
1910,0.45824,-2.0250098848238
1911,0.45848,-1.50472277780228
1912,0.45872,-2.64520794002137
1913,0.45896,-1.61120211832463
1914,0.4592,-2.0534070281338
1915,0.45944,-2.33124219734108
1916,0.45968,-1.07773642458008
1917,0.45992,-2.35271556379827
1918,0.46016,-2.0306681247694
1919,0.4604,-1.7466355512065
1920,0.46064,-2.75671481323008
1921,0.46088,-1.36575891600605
1922,0.46112,-2.16369439979305
1923,0.46136,-2.20099518631359
1924,0.4616,-1.43420713128922
1925,0.46184,-2.46093982931099
1926,0.46208,-1.90018334338818
1927,0.46232,-1.38134404465661
1928,0.46256,-2.52712619520019
1929,0.4628,-2.19786157809577
1930,0.46304,-1.42989000571106
1931,0.46328,-2.57353504568926
1932,0.46352,-1.88892223042076
1933,0.46376,-1.846251674242
1934,0.464,-2.37004787187321
1935,0.46424,-1.71351747773924
1936,0.46448,-2.36244826638273
1937,0.46472,-1.22340324558752
1938,0.46496,-2.14426989886761
1939,0.4652,-2.06514831182191
1940,0.46544,-1.8976087321991
1941,0.46568,-2.30195021725316
1942,0.46592,-1.04961299032421
1943,0.46616,-2.20982724912223
1944,0.4664,-1.89255671940387
1945,0.46664,-1.25719876845262
1946,0.46688,-2.28805681442412
1947,0.46712,-1.96872758811082
1948,0.46736,-1.92559646129028
1949,0.4676,-2.56915753126643
1950,0.46784,-1.42985014746172
1951,0.46808,-2.57518328719152
1952,0.46832,-1.88997049049008
1953,0.46856,-1.727829634839
1954,0.4688,-2.86019046901821
1955,0.46904,-1.70332229182794
1956,0.46928,-1.78719108830425
1957,0.46952,-2.79843484334115
1958,0.46976,-1.40765061287906
1959,0.47,-2.08773857636418
1960,0.47024,-2.72594628525048
1961,0.47048,-1.45422578568512
1962,0.47072,-2.01505803339011
1963,0.47096,-2.29523080176939
1964,0.4712,-1.40699270323984
1965,0.47144,-2.43474969513963
1966,0.47168,-1.87497358731301
1967,0.47192,-1.47557814727321
1968,0.47216,-2.61797150430781
1969,0.4724,-1.9330401352067
1970,0.47264,-1.65305224900488
1971,0.47288,-2.90406600491392
1972,0.47312,-1.62713049509793
1973,0.47336,-1.71204444814317
1974,0.4736,-2.7238673858688
1975,0.47384,-1.33543224422754
1976,0.47408,-2.25210545539147
1977,0.47432,-1.93115157777083
1978,0.47456,-1.7705996159764
1979,0.4748,-2.42078911087555
1980,0.47504,-1.16359295207101
1981,0.47528,-1.96966644091729
1982,0.47552,-2.49176704579633
1983,0.47576,-1.11339777531678
1984,0.476,-2.26889605043435
1985,0.47624,-2.18590249230502
1986,0.47648,-1.41822577068673
1987,0.47672,-2.44408059871593
1988,0.47696,-1.88032911427597
1989,0.4772,-1.72193833588262
1990,0.47744,-2.37419611831454
1991,0.47768,-1.4789185902439
1992,0.47792,-2.61974004525092
1993,0.47816,-1.23575911257162
1994,0.4784,-2.62245561946165
1995,0.47864,-1.5930074878711
1996,0.47888,-1.68277870566079
1997,0.47912,-2.3367117333149
1998,0.47936,-1.08309567005431
1999,0.4796,-1.8925932341246
2000,0.47984,-2.41796843008112
2001,0.48008,-1.28239095405256
2002,0.48032,-2.54982535386692
2003,0.48056,-1.63195731722516
2004,0.4808,-1.95091570205532
2005,0.48104,-2.59226501808292
2006,0.48128,-1.44730669000998
2007,0.48152,-1.77427531739521
2008,0.48176,-2.18369452095308
2009,0.482,-1.65780060153491
2010,0.48224,-2.18990231678032
2011,0.48248,-1.05805084541831
2012,0.48272,-1.98579697577921
2013,0.48296,-1.91325348715156
2014,0.4832,-1.39739089141863
2015,0.48344,-2.66018722787987
2016,0.48368,-1.39543472877128
2017,0.48392,-1.95989183601374
2018,0.48416,-2.36377049523543
2019,0.4844,-1.47230422038387
2020,0.48464,-2.49697472438452
2021,0.48488,-1.93424677939202
2022,0.48512,-1.17342505704379
2023,0.48536,-2.56312285717793
2024,0.4856,-1.2977801935349
2025,0.48584,-2.33481211798893
2026,0.48608,-1.66323156089881
2027,0.48632,-1.51064350595142
2028,0.48656,-2.4106932810504
2029,0.4868,-1.27443205109154
2030,0.48704,-2.5433650621678
2031,0.48728,-1.27884609789952
2032,0.48752,-2.31493521225694
2033,0.48776,-1.52478921294761
2034,0.488,-2.08486048202518
2035,0.48824,-1.77262568556334
2036,0.48848,-1.97250360904525
2037,0.48872,-1.90042498503917
2038,0.48896,-1.74138287062987
2039,0.4892,-2.15208789560981
2040,0.48944,-1.50848290759738
2041,0.48968,-2.2852541501529
2042,0.48992,-1.27378462826697
2043,0.49016,-2.5396136835692
2044,0.4904,-1.1588779478614
2045,0.49064,-2.43321425923914
2046,0.49088,-1.40520945932876
2047,0.49112,-1.96779015141749
2048,0.49136,-2.13328998030483
2049,0.4916,-1.25128456960954
2050,0.49184,-2.52113064657256
2051,0.49208,-1.25748178751451
2052,0.49232,-1.94627849354464
2053,0.49256,-1.99418747367351
2054,0.4928,-1.59004992940224
2055,0.49304,-2.72969045918845
2056,0.49328,-1.34274966791973
2057,0.49352,-2.14240477548782
2058,0.49376,-2.06372040782952
2059,0.494,-1.17855135611233
2060,0.49424,-2.33083193662173
2061,0.49448,-1.65925361969717
2062,0.49472,-1.50666836830316
2063,0.49496,-2.40672155831995
2064,0.4952,-1.27046380761405
2065,0.49544,-2.53940050659759
2066,0.49568,-1.27488505821651
2067,0.49592,-2.31097787300656
2068,0.49616,-1.52083526095917
2069,0.4964,-2.080909883039
2070,0.49664,-1.76867820098281
2071,0.49688,-1.84916495977236
2072,0.49712,-2.01843813517008
2073,0.49736,-1.73601906501029
2074,0.4976,-2.14678991247008
2075,0.49784,-1.50324729538418
2076,0.49808,-2.40339139461046
2077,0.49832,-1.26722025491158
2078,0.49856,-2.53623981058871
2079,0.4988,-1.27180319566772
2080,0.49904,-2.30797136903976
2081,0.49928,-1.51790050722034
2082,0.49952,-2.07804351480534
2083,0.49976,-1.76587706921595
2084,0.5,-1.84642580832321
2085,0.50024,-2.01575806406453
2086,0.50048,-1.61356102291339
2087,0.50072,-2.14679757034988
2088,0.50096,-1.49929309975274
2089,0.5012,-2.39955029531092
2090,0.50144,-1.26348649679652
2091,0.50168,-2.53260868515008
2092,0.50192,-1.26826933041494
2093,0.50216,-2.30453035260125
2094,0.5024,-1.51454768459071
2095,0.50264,-2.0747744915545
2096,0.50288,-1.76268793458195
2097,0.50312,-1.84331230259318
2098,0.50336,-2.01271655007235
2099,0.5036,-1.61058783414921
2100,0.50384,-2.14388918165882
2101,0.50408,-1.01712119318178
2102,0.50432,-1.82680542382022
2103,0.50456,-2.35239755457773
2104,0.5048,-1.09541976057442
2105,0.50504,-2.24938264830829
2106,0.50528,-1.6952538319027
2107,0.50552,-1.7765827598275
2108,0.50576,-2.42460318461079
2109,0.506,-1.17103702722004
2110,0.50624,-2.32776704630635
2111,0.50648,-1.53669217986684
2112,0.50672,-2.09587471530664
2113,0.50696,-1.78278960115539
2114,0.5072,-1.86245903836931
2115,0.50744,-2.03095015237393
2116,0.50768,-1.03191163057887
2117,0.50792,-2.07441265304152
2118,0.50816,-2.23538731843448
2119,0.5084,-1.10677004011934
2120,0.50864,-2.14729280539214
2121,0.50888,-1.95131560613696
2122,0.50912,-1.66679961743029
2123,0.50936,-2.3208277911885
2124,0.5096,-1.4272420080231
2125,0.50984,-2.56968242220309
2126,0.51008,-1.18724694658259
2127,0.51032,-2.45823515741946
2128,0.51056,-1.42875144149907
2129,0.5108,-2.22563626795934
2130,0.51104,-1.67243212235014
2131,0.51128,-1.28281841535834
2132,0.51152,-2.31300210639713
2133,0.51176,-1.87235467362604
2134,0.512,-1.35508886612833
2135,0.51224,-2.38299218951633
2136,0.51248,-1.7087802715592
2137,0.51272,-1.55502706698788
2138,0.51296,-2.33148550907916
2139,0.5132,-0.960214197187238
2140,0.51344,-2.00357600225669
2141,0.51368,-2.40409462296053
2142,0.51392,-1.02922442537325
2143,0.51416,-2.07086613470476
2144,0.5144,-2.11380617190428
2145,0.51464,-0.86699745977214
2146,0.51488,-1.91872521801722
2147,0.51512,-1.73299650633346
2148,0.51536,-1.10016390224576
2149,0.5156,-2.25630054816253
2150,0.51584,-2.05543990577038
2151,0.51608,-1.41508290794535
2152,0.51632,-2.5592459523437
2153,0.51656,-1.52787451601456
2154,0.5168,-1.73781091743134
2155,0.51704,-2.03350546236583
2156,0.51728,-1.02760629601331
2157,0.51752,-1.95290544907771
2158,0.51776,-1.64539767778279
2159,0.518,-1.61320327077444
2160,0.51824,-2.39183162190604
2161,0.51848,-1.25311122912021
2162,0.51872,-1.70805830641642
2163,0.51896,-2.24246086199548
2164,0.5192,-1.22872938875009
2165,0.51944,-2.03325182611166
2166,0.51968,-1.84244195153923
2167,0.51992,-1.56547853291105
2168,0.52016,-2.58450874782641
2169,0.5204,-1.3223130251766
2170,0.52064,-2.12362488441641
2171,0.52088,-1.45615627070413
2172,0.52112,-2.0185475791771
2173,0.52136,-1.58958441988545
2174,0.5216,-1.20335887632986
2175,0.52184,-2.23678294869153
2176,0.52208,-1.80229978524968
2177,0.52232,-1.41026745061559
2178,0.52256,-2.43687138573193
2179,0.5228,-1.41068927005668
2180,0.52304,-1.62207699098324
2181,0.52328,-2.75668815205973
2182,0.52352,-1.48516777794875
2183,0.52376,-1.69376483395344
2184,0.524,-2.46747329592392
2185,0.52424,-1.32446524994939
2186,0.52448,-1.42374120475967
2187,0.52472,-2.20873750912608
2188,0.52496,-1.07784372318164
2189,0.5252,-1.77074311132568
2190,0.52544,-1.8269568699186
2191,0.52568,-1.31396008933529
2192,0.52592,-2.34208302244568
2193,0.52616,-1.67066683908279
2194,0.5264,-1.28257012642656
2195,0.52664,-2.43139959368234
2196,0.52688,-1.40928644203087
2197,0.52712,-1.74090863883504
2198,0.52736,-2.03623856917071
2199,0.5276,-1.27360907726728
2200,0.52784,-2.30604255673514
2201,0.52808,-1.63571624141143
2202,0.52832,-1.00812612509153
2203,0.52856,-2.05252040549095
2204,0.5288,-1.86024422385065
2205,0.52904,-1.58406401938876
2206,0.52928,-2.36197060461959
2207,0.52952,-1.10712198604462
2208,0.52976,-2.3815990324193
2209,0.53,-1.23740416873898
2210,0.53024,-2.15808461182058
2211,0.53048,-1.60872319285177
2212,0.53072,-1.09990559929341
2213,0.53096,-2.25616268110032
2214,0.5312,-1.8201492051615
2215,0.53144,-1.42671226908031
2216,0.53168,-2.45239744311395
2217,0.53192,-1.42533561882224
2218,0.53216,-1.63939389769895
2219,0.5324,-1.93903061003314
2220,0.53264,-0.936900916512975
2221,0.53288,-1.86580563656798
2222,0.53312,-1.56174534008292
2223,0.53336,-1.29317705825696
2224,0.5336,-1.26284413474066
2225,0.53384,-1.23382693513415
2226,0.53408,-1.20606319850912
2227,0.53432,-1.53852478105593
2228,0.53456,-2.19800426459662
2229,0.5348,-1.06866210888884
2230,0.53504,-1.64451293822955
2231,0.53528,-2.42009219308856
2232,0.53552,-1.04229608481812
2233,0.53576,-1.85064099794055
2234,0.536,-2.0194050975057
2235,0.53624,-0.900004816308517
2236,0.53648,-2.06350867671731
2237,0.53672,-2.10626271074821
2238,0.53696,-1.1020267475658
2239,0.5372,-2.25803776858839
2240,0.53744,-1.70327461630738
2241,0.53768,-1.31261517217378
2242,0.53792,-2.34091451141455
2243,0.53816,-1.2057041165267
2244,0.5384,-1.65962219853853
2245,0.53864,-1.95608148114675
2246,0.53888,-1.31995503868384
2247,0.53912,-2.35096622520605
2248,0.53936,-1.56123590838378
2249,0.5396,-1.2925731745467
2250,0.53984,-2.44022961950059
2251,0.54008,-1.17908055730888
2252,0.54032,-1.98354796334717
2253,0.54056,-2.03056326353078
2254,0.5408,-1.14716577158995
2255,0.54104,-2.42049873491301
2256,0.54128,-1.28086844411518
2257,0.54152,-1.37989078125433
2258,0.54176,-2.40737709872851
2259,0.542,-1.61684360756067
2260,0.54224,-0.869502818127431
2261,0.54248,-2.03420667949447
2262,0.54272,-1.37450943065587
2263,0.54296,-1.468548654994
2264,0.5432,-2.49214285657991
2265,0.54344,-1.69788616050219
2266,0.54368,-0.939128937003936
2267,0.54392,-1.98312416416602
2268,0.54416,-1.91250298444051
2269,0.5444,-1.03542629037234
2270,0.54464,-1.963242501493
2271,0.54488,-1.77666389091256
2272,0.54512,-1.13732931755105
2273,0.54536,-2.40835238478172
2274,0.5456,-1.73579021493678
2275,0.54584,-0.981406044030152
2276,0.54608,-2.38166845049429
2277,0.54632,-1.83311883926668
2278,0.54656,-0.954647196906583
2279,0.5468,-2.0048982141074
2280,0.54704,-1.69883982278085
2281,0.54728,-0.822256182843267
2282,0.54752,-2.46213831751735
2283,0.54776,-1.90875783260966
2284,0.548,-0.789895041396495
2285,0.54824,-1.95664491724476
2286,0.54848,-2.0078116840485
2287,0.54872,-1.00490873167611
2288,0.54896,-1.70525039512555
2289,0.5492,-1.88476918586389
2290,0.54944,-1.4780763392783
2291,0.54968,-1.44925202909698
2292,0.54992,-2.5855474531808
2293,0.55016,-1.3156010836846
2294,0.5504,-1.04520610857187
2295,0.55064,-1.4987432440995
2296,0.55088,-1.91880696577684
2297,0.55112,-0.566759000719585
2298,0.55136,-2.21201201075458
2299,0.5516,-1.1953837358297
2300,0.55184,-1.53091505558929
2301,0.55208,-1.71295097689828
2302,0.55232,-1.56767492231246
2303,0.55256,-2.23419612031667
2304,0.5528,-1.45761280790567
2305,0.55304,-1.31413925396699
2306,0.55328,-2.45710305971082
2307,0.55352,-1.55051466103891
2308,0.55376,-1.40212539687812
2309,0.554,-2.54037850529152
2310,0.55424,-1.04624134668549
2311,0.55448,-1.49925190383173
2312,0.55472,-1.31696276876475
2313,0.55496,-1.53270396763048
2314,0.5552,-2.31404716707663
2315,0.55544,-0.708558107625574
2316,0.55568,-1.99672748174941
2317,0.55592,-1.45382678587296
2318,0.55616,-1.4268198714565
2319,0.5564,-2.56744615283402
2320,0.55664,-0.841126056001907
2321,0.55688,-1.53829806697001
2322,0.55712,-2.19386076359646
2323,0.55736,-0.593551146806818
2324,0.5576,-2.00654812925775
2325,0.55784,-2.05563716718741
2326,0.55808,-0.692272075247839
2327,0.55832,-2.33671049324209
2328,0.55856,-1.54311539127737
2329,0.5588,-1.1545853395772
2330,0.55904,-2.55099063241704
2331,0.55928,-1.05626975089909
2332,0.55952,-1.74614620521729
2333,0.55976,-1.32292272319612
2334,0.56,-1.53828070110673
2335,0.56024,-1.96233330864555
2336,0.56048,-0.962470378838828
2337,0.56072,-2.00550046055059
2338,0.56096,-1.33780624462388
2339,0.5612,-1.07664306705484
2340,0.56144,-2.11468620240552
2341,0.56168,-1.20918641993337
2342,0.56192,-1.5479598970731
2343,0.56216,-2.21813887460694
2344,0.5624,-0.616645274480157
2345,0.56264,-1.90863911047399
2346,0.56288,-1.36939875973063
2347,0.56312,-1.34589371959346
2348,0.56336,-2.2484505630422
2349,0.5636,-0.649986688214924
2350,0.56384,-1.82110008973997
2351,0.56408,-1.64343248399991
2352,0.56432,-1.38098757584928
2353,0.56456,-2.40787868054171
2354,0.5648,-1.39078456509381
2355,0.56504,-1.6006365011054
2356,0.56528,-1.41533990134902
2357,0.56552,-1.15069227737914
2358,0.56576,-2.54230926869255
2359,0.566,-1.04339691874969
2360,0.56624,-1.61607118891804
2361,0.56648,-2.50943835909564
2362,0.56672,-0.780569820227868
2363,0.56696,-1.71370405709622
2364,0.5672,-1.65342568410681
2365,0.56744,-1.14600858890126
2366,0.56768,-2.53081366553034
2367,0.56792,-0.805805863242682
2368,0.56816,-1.61705458767858
2369,0.5684,-1.67818315354962
2370,0.56864,-1.53402208557233
2371,0.56888,-2.20161022694603
2372,0.56912,-1.42604476482453
2373,0.56936,-1.28354460088717
2374,0.5696,-1.46657848812699
2375,0.56984,-1.0810960833548
2376,0.57008,-2.36058151962746
2377,0.57032,-0.629359427402052
2378,0.57056,-2.04442615326686
2379,0.5708,-1.7394499990075
2380,0.57104,-0.752902565754801
2381,0.57128,-2.27671184651572
2382,0.57152,-1.14131142857671
2383,0.57176,-1.2403019434348
2384,0.572,-2.38167871399572
2385,0.57224,-0.778054953419371
2386,0.57248,-1.94338023660271
2387,0.57272,-1.41075968255051
2388,0.57296,-1.2688277191596
2389,0.5732,-1.69647204171686
2390,0.57344,-1.30789097446516
2391,0.57368,-1.86535153497723
2392,0.57392,-1.09031146210146
2393,0.57416,-1.54708363519327
2394,0.5744,-1.72853753310377
2395,0.57464,-1.45141716279004
2396,0.57488,-1.88538267418178
2397,0.57512,-1.22447827069127
2398,0.57536,-1.80048370594766
2399,0.5756,-1.73906795617195
2400,0.57584,-1.22263456972695
2401,0.57608,-2.14107777317786
2402,0.57632,-1.2340569224966
2403,0.57656,-1.57137669192702
2404,0.5768,-1.88111337206563
2405,0.57704,-1.11882461491338
2406,0.57728,-1.57859466046772
2407,0.57752,-1.40136701767738
2408,0.57776,-1.25429172403813
2409,0.578,-2.164361395153
2410,0.57824,-0.68028246330728
2411,0.57848,-2.21101512511842
2412,0.57872,-1.42237966618199
2413,0.57896,-1.0342766509888
2414,0.5792,-2.07371749337652
2415,0.57944,-1.17128543402005
2416,0.57968,-1.51126113840353
2417,0.57992,-1.82353503132118
2418,0.58016,-0.824881413860218
2419,0.5804,-1.87339885464721
2420,0.58064,-1.21095463369548
2421,0.58088,-1.19359030214214
2422,0.58112,-2.34807663055071
2423,0.58136,-0.621477808093784
2424,0.5816,-1.68055904655901
2425,0.58184,-2.09751971476476
2426,0.58208,-0.620600696808229
2427,0.58232,-2.14378375678297
2428,0.58256,-1.13419911047521
2429,0.5828,-1.35390611543599
2430,0.58304,-2.25519073278773
2431,0.58328,-0.768337872051932
2432,0.58352,-1.70158700762785
2433,0.58376,-1.64141962179871
2434,0.584,-0.777751448049167
2435,0.58424,-2.41866521069484
2436,0.58448,-0.925089634883699
2437,0.58472,-1.8598102298313
2438,0.58496,-1.67449380623377
2439,0.5852,-0.801573039686007
2440,0.58544,-2.20612167699383
2441,0.58568,-1.18050831076875
2442,0.58592,-1.27898208895267
2443,0.58616,-2.07489284015005
2444,0.5864,-0.590152248187619
2445,0.58664,-2.00301448532266
2446,0.58688,-1.34041322936478
2447,0.58712,-1.31340388717123
2448,0.58736,-1.87375067207522
2449,0.5876,-1.21606523808858
2450,0.58784,-1.43928133188091
2451,0.58808,-1.75361101031863
2452,0.58832,-1.34040058407237
2453,0.58856,-1.32190004082597
2454,0.5888,-1.87094544297589
2455,0.58904,-1.10882851897192
2456,0.58928,-1.2057025991445
2457,0.58952,-1.86931357189952
2458,0.58976,-0.638729746290874
2459,0.59,-1.9290639210449
2460,0.59024,-1.39263922275654
2461,0.59048,-1.36742428290108
2462,0.59072,-2.14893299376304
2463,0.59096,-0.545357904734111
2464,0.5912,-1.95959562031763
2465,0.59144,-1.6530355614521
2466,0.59168,-0.78521261092236
2467,0.59192,-2.31188958174667
2468,0.59216,-0.818383409550625
2469,0.5924,-1.75754877507463
2470,0.59264,-1.81658982616751
2471,0.59288,-0.82224181581672
2472,0.59312,-2.11240135365856
2473,0.59336,-1.08893224003575
2474,0.5936,-0.950228711874262
2475,0.59384,-1.87310976764279
2476,0.59408,-1.21699943392236
2477,0.59432,-1.43952013161883
2478,0.59456,-1.51182136036063
2479,0.5948,-0.643089310095294
2480,0.59504,-2.17106270036304
2481,0.59528,-1.03964729952928
2482,0.59552,-1.38085021159723
2483,0.59576,-2.04228049305288
2484,0.596,-0.56608866983247
2485,0.59624,-1.62761726466327
2486,0.59648,-1.57062739416775
2487,0.59672,-0.706247924538233
2488,0.59696,-2.23399912279634
2489,0.5972,-0.630455382999596
2490,0.59744,-1.44856900054843
2491,0.59768,-1.51626530661297
2492,0.59792,-1.01405118067222
2493,0.59816,-2.0486088859014
2494,0.5984,-1.27851426128891
2495,0.59864,-1.14166777885711
2496,0.59888,-2.41430272612172
2497,0.59912,-1.04389234462139
2498,0.59936,-1.26229539387204
2499,0.5996,-2.40331555747421
2500,0.59984,-0.678633221649331
2501,0.60008,-1.61534191810979
2502,0.60032,-1.68184665099106
2503,0.60056,-1.65907408145771
2504,0.6008,-1.60315335216845
2505,0.60104,-1.09197625513179
2506,0.60128,-2.01544844137189
2507,0.60152,-1.11144652318874
2508,0.60176,-0.971542444469426
2509,0.602,-1.65449805867279
2510,0.60224,-1.23947982344282
2511,0.60248,-1.34096712626689
2512,0.60272,-1.29099527660315
2513,0.60296,-1.26570494682423
2514,0.6032,-1.58717729444741
2515,0.60344,-1.53108180362171
2516,0.60368,-1.02807066407335
2517,0.60392,-2.06186426613576
2518,0.60416,-1.05484563196778
2519,0.6044,-1.03691227582005
2520,0.60464,-1.34884721225374
2521,0.60488,-1.44819626245895
2522,0.60512,-1.5206875602412
2523,0.60536,-1.01297822701841
2524,0.6056,-1.57896164199599
2525,0.60584,-1.52315809680782
2526,0.60608,-1.02042624389217
2527,0.60632,-2.05448715269437
2528,0.60656,-1.04772406177434
2529,0.6068,-1.03003521079798
2530,0.60704,-1.34220408019289
2531,0.60728,-1.44177679987948
2532,0.60752,-1.51448208452267
2533,0.60776,-1.00697722504874
2534,0.608,-1.57315628310176
2535,0.60824,-1.51753951163035
2536,0.60848,-1.01498614409838
2537,0.60872,-2.0492177259062
2538,0.60896,-1.0426173567765
2539,0.6092,-1.0250841175453
2540,0.60944,-1.33740160325212
2541,0.60968,-1.43711614617718
2542,0.60992,-1.27206438086889
2543,0.61016,-1.24739944250767
2544,0.6104,-1.81001018566195
2545,0.61064,-1.5157089638357
2546,0.61088,-0.894161846190228
2547,0.61112,-2.16501702083647
2548,0.61136,-0.801198860391359
2549,0.6116,-1.26338132781239
2550,0.61184,-1.4555112712595
2551,0.61208,-1.31553517638545
2552,0.61232,-1.26905303589947
2553,0.61256,-1.24617005724571
2554,0.6128,-2.04626812498512
2555,0.61304,-1.27276912234008
2556,0.61328,-1.13231147814166
2557,0.61352,-2.279458508969
2558,0.61376,-0.55978234616092
2559,0.614,-1.50128038436871
2560,0.61424,-1.57236768990609
2561,0.61448,-0.953508789952791
2562,0.61472,-2.11056487566149
2563,0.61496,-0.980816903617335
2564,0.6152,-1.3240385285004
2565,0.61544,-1.9891615049982
2566,0.61568,-0.396232420255546
2567,0.61592,-1.69733427751438
2568,0.61616,-1.16588672733656
2569,0.6164,-0.915079818208987
2570,0.61664,-1.60441190813093
2571,0.61688,-1.3109478607515
2572,0.61712,-1.05163284933357
2573,0.61736,-1.85130294418558
2574,0.6176,-1.20602067958735
2575,0.61784,-1.07179924834992
2576,0.61808,-1.1473272682886
2577,0.61832,-1.12916853267387
2578,0.61856,-1.69105283655507
2579,0.6188,-0.701447442975117
2580,0.61904,-1.63445371124702
2581,0.61928,-1.0999550155817
2582,0.61952,-1.32469733339031
2583,0.61976,-1.88019516655994
2584,0.62,-1.23358716081225
2585,0.62024,-1.09809694993214
2586,0.62048,-1.1724098616463
2587,0.62072,-1.15308703013365
2588,0.62096,-1.47896051367761
2589,0.6212,-1.42707460193647
2590,0.62144,-0.928089895207679
2591,0.62168,-1.96573572066863
2592,0.62192,-0.962400389298569
2593,0.62216,-0.947990389645658
2594,0.6224,-1.26329559092999
2595,0.62264,-1.36586734501123
2596,0.62288,-1.92383836432306
2597,0.62312,-1.15537684989349
2598,0.62336,-1.0197416336895
2599,0.6236,-2.17150389951275
2600,0.62384,-0.57519454573545
2601,0.62408,-1.16232042691858
2602,0.62432,-1.47788868514807
2603,0.62456,-1.22146872083582
2604,0.6248,-1.17872125814096
2605,0.62504,-1.15899800217148
2606,0.62528,-1.72502783860245
2607,0.62552,-1.31593730358077
2608,0.62576,-1.29870283906923
2609,0.626,-1.6108337517045
2610,0.62624,-0.509438653840167
2611,0.62648,-1.45318924255851
2612,0.62672,-1.52600544319559
2613,0.62696,-1.1475771139192
2614,0.6272,-2.17947598258612
2615,0.62744,-0.694693586010746
2616,0.62768,-1.51929422913832
2617,0.62792,-1.70234022212369
2618,0.62816,-0.356814677335054
2619,0.6284,-1.89545650908854
2620,0.62864,-1.00995761463652
2621,0.62888,-0.993280349323294
2622,0.62912,-2.14342187667446
2623,0.62936,-0.424408307186913
2624,0.6296,-1.7282759774141
2625,0.62984,-1.43070836020002
2626,0.63008,-0.571485601087587
2627,0.63032,-2.1063915680218
2628,0.63056,-0.744088283708963
2629,0.6308,-1.20820895051994
2630,0.63104,-1.87615849869284
2631,0.63128,-0.403167022528555
2632,0.63152,-1.94450404326442
2633,0.63176,-1.1677531365328
2634,0.632,-0.551730961810895
2635,0.63224,-2.08743967043182
2636,0.63248,-0.72590382258464
2637,0.63272,-1.19075834106648
2638,0.63296,-1.85940948204412
2639,0.6332,-0.387088580487297
2640,0.63344,-1.92906682424357
2641,0.63368,-1.15292881646434
2642,0.63392,-1.01812692988844
2643,0.63416,-1.82405451299561
2644,0.6344,-0.35148108695935
2645,0.63464,-1.65398774474862
2646,0.63488,-1.35776108445759
2647,0.63512,-0.856296494953287
2648,0.63536,-1.7890583214469
2649,0.6356,-0.897462870347342
2650,0.63584,-1.24562164197933
2651,0.63608,-1.56790081535552
2652,0.63632,-0.34128584231365
2653,0.63656,-1.88036881668274
2654,0.6368,-1.10451489221407
2655,0.63704,-1.08636783625527
2656,0.63728,-1.65519218683007
2657,0.63752,-1.00733729075312
2658,0.63776,-1.23558161351905
2659,0.638,-1.31552883556707
2660,0.63824,-0.573950184067949
2661,0.63848,-1.86884447303397
2662,0.63872,-1.09434426030693
2663,0.63896,-1.07829582867237
2664,0.6392,-1.52408214172884
2665,0.63944,-1.11941753644539
2666,0.63968,-0.985740527909984
2667,0.63992,-1.06437576155265
2668,0.64016,-1.04918831157832
2669,0.6404,-1.61478954567605
2670,0.64064,-1.3254866125837
2671,0.64088,-0.830356610022461
2672,0.64112,-1.8716906767576
2673,0.64136,-0.871881553076833
2674,0.6416,-1.09789358904674
2675,0.64184,-1.29635650944625
2676,0.64208,-1.28226998508151
2677,0.64232,-1.84245526664037
2678,0.64256,-1.07696315514612
2679,0.6428,-0.944167570145244
2680,0.64304,-2.09864508943964
2681,0.64328,-0.385978630553013
2682,0.64352,-1.57081480528791
2683,0.64376,-1.16830546034297
2684,0.644,-1.03410496947316
2685,0.64424,-2.07044479934966
2686,0.64448,-0.58990808331849
2687,0.64472,-1.41856941672834
2688,0.64496,-1.60549852344719
2689,0.6452,-0.263684827382415
2690,0.64544,-1.80587728196809
2691,0.64568,-0.687140031696724
2692,0.64592,-1.15328680386485
2693,0.64616,-1.8249358918221
2694,0.6464,-0.353725417377608
2695,0.64664,-1.89676359252887
2696,0.64688,-0.883739496049817
2697,0.64712,-1.23129024744954
2698,0.64736,-1.55385711249223
2699,0.6476,-0.327514760243162
2700,0.64784,-1.86552285912802
2701,0.64808,-1.09263009749546
2702,0.64832,-1.07638315052471
2703,0.64856,-1.52197932358849
2704,0.6488,-1.1171295340015
2705,0.64904,-0.983274586351944
2706,0.64928,-1.18509811889448
2707,0.64952,-1.2902828083522
2708,0.64976,-1.49257103702043
2709,0.65,-0.973501903840775
2710,0.65024,-1.20139148073197
2711,0.65048,-1.51703924877284
2712,0.65072,-0.419006963740023
2713,0.65096,-1.60260770204301
2714,0.6512,-0.960983295644588
2715,0.65144,-1.18630938757824
2716,0.65168,-1.49996309988864
2717,0.65192,-0.521589507050452
2718,0.65216,-2.05321710330298
2719,0.6524,-0.569247027228683
2720,0.65264,-1.28277185302799
2721,0.65288,-1.36415543447565
2722,0.65312,-0.500636926634009
2723,0.65336,-1.68322646350825
2724,0.6536,-0.795695202537371
2725,0.65384,-1.14727003997592
2726,0.65408,-1.35128631545895
2727,0.65432,-0.725793140171033
2728,0.65456,-1.18912799841648
2729,0.6548,-1.26953178589739
2730,0.65504,-0.657399617021839
2731,0.65528,-2.05708839563095
2732,0.65552,-0.345856938807275
2733,0.65576,-1.53206543680487
2734,0.656,-0.893360668337997
2735,0.65624,-0.880939107670661
2736,0.65648,-2.03647133598866
2737,0.65672,-0.325674159642188
2738,0.65696,-1.74841319939826
2739,0.6572,-0.744672655482792
2740,0.65744,-0.980688518501927
2741,0.65768,-1.54787161785932
2742,0.65792,-0.321471012284562
2743,0.65816,-1.85942344906645
2744,0.6584,-0.735323700811226
2745,0.65864,-1.44665839390929
2746,0.65888,-1.28239987299122
2747,0.65912,-0.659754687916878
2748,0.65936,-1.12581295227738
2749,0.6596,-1.44541236242497
2750,0.65984,-0.713543417282831
2751,0.66008,-1.76070137690587
2752,0.66032,-0.524129997525155
2753,0.66056,-1.58603033799567
2754,0.6608,-1.06644302492788
2755,0.66104,-0.816755372914077
2756,0.66128,-1.97493096430661
2757,0.66152,-0.38604355376415
2758,0.66176,-1.21425402329221
2759,0.662,-1.17304526384394
2760,0.66224,-0.564087628526119
2761,0.66248,-1.61726053586833
2762,0.66272,-1.09007328528664
2763,0.66296,-0.839001072768306
2764,0.6632,-1.77214628610843
2765,0.66344,-0.896249613030361
2766,0.66368,-0.766699898331207
2767,0.66392,-1.211995875351
2768,0.66416,-1.20089713068784
2769,0.6644,-1.64410251197686
2770,0.66464,-0.885722430194896
2771,0.66488,-0.876893649741028
2772,0.66512,-1.91509815305725
2773,0.66536,-0.324785925074473
2774,0.6656,-1.50678610151789
2775,0.66584,-0.97943634040473
2776,0.66608,-1.08474093721065
2777,0.66632,-1.64885266483285
2778,0.66656,-1.1307489459827
2779,0.6668,-0.881561605655962
2780,0.66704,-1.9251811966672
2781,0.66728,-0.569222815240252
2782,0.66752,-1.03983770692286
2783,0.66776,-1.71575882697865
2784,0.668,-0.253005704925817
2785,0.66824,-1.56009929899643
2786,0.66848,-0.915314560925257
2787,0.66872,-1.14363212324329
2788,0.66896,-1.47154137963821
2789,0.6692,-0.952317689172628
2790,0.66944,-1.18190020542813
2791,0.66968,-1.50163526799215
2792,0.66992,-0.161825768546623
2793,0.67016,-1.58611282340993
2794,0.6704,-0.939227108715735
2795,0.67064,-0.686280803792832
2796,0.67088,-1.49853833401249
2797,0.67112,-0.856469507391846
2798,0.67136,-1.32991158066334
2799,0.6716,-1.17206038916798
2800,0.67184,-1.0357357002043
2801,0.67208,-1.48674750255589
2802,0.67232,-1.20466917193438
2803,0.67256,-0.83008596927931
2804,0.6728,-1.74898338581372
2805,0.67304,-0.284147300643938
2806,0.67328,-1.5918745391254
2807,0.67352,-1.18471001223741
2808,0.67376,-0.447736838446963
2809,0.674,-1.74703663275346
2810,0.67424,-0.863493063142817
2811,0.67448,-0.855451157665112
2812,0.67472,-1.78617939486557
2813,0.67496,-0.788566378185999
2814,0.6752,-1.01716844093598
2815,0.67544,-1.57534172595969
2816,0.67568,-0.236952315305748
2817,0.67592,-1.42684873682244
2818,0.67616,-0.904336548599045
2819,0.6764,-1.01089272869342
2820,0.67664,-1.46198964687335
2821,0.67688,-0.951695227135721
2822,0.67712,-0.824108786843727
2823,0.67736,-1.62676964559212
2824,0.6776,-0.168848041935336
2825,0.67784,-1.7102339520274
2826,0.67808,-0.831291324168519
2827,0.67832,-1.06720051958554
2828,0.67856,-1.15110816018348
2829,0.6788,-0.769321792563623
2830,0.67904,-0.994660972923465
2831,0.67928,-1.07841520367318
2832,0.67952,-1.07265280233602
2833,0.67976,-1.52096211835801
2834,0.68,-0.767460154253192
2835,0.68024,-0.763296461388132
2836,0.68048,-1.56802815341099
2837,0.68072,-0.105167021662426
2838,0.68096,-1.6527220811675
2839,0.6812,-0.88715042986558
2840,0.68144,-0.875327804833841
2841,0.68168,-1.45335097466771
2842,0.68192,-0.814635827595209
2843,0.68216,-0.812823499531997
2844,0.6824,-1.38741131498758
2845,0.68264,-1.10843175677048
2846,0.68288,-0.737318909896054
2847,0.68312,-1.66294226979333
2848,0.68336,-0.546215172464721
2849,0.6836,-1.14381848763005
2850,0.68384,-1.34666821796231
2851,0.68408,-0.608855893430216
2852,0.68432,-0.839290005689074
2853,0.68456,-1.28384510783982
2854,0.6848,-0.314697422688398
2855,0.68504,-1.37801280251417
2856,0.68528,-0.8556531126979
2857,0.68552,-0.848135379364299
2858,0.68576,-1.42237236657671
2859,0.686,-0.783140569200974
2860,0.68624,-1.01963421711969
2861,0.68648,-1.59121775032414
2862,0.68672,-0.955120730023356
2863,0.68696,-0.828853244538603
2864,0.6872,-1.7538263069907
2865,0.68744,-0.524986689602422
2866,0.68768,-1.00172413475864
2867,0.68792,-1.56360487241997
2868,0.68816,-0.100688692668491
2869,0.6884,-1.41243307952988
2870,0.68864,-1.12678972970533
2871,0.68888,-0.396607699056904
2872,0.68912,-1.34292523835957
2873,0.68936,-0.821954647494865
2874,0.6896,-1.05366159939664
2875,0.68984,-1.26497817397524
2876,0.69008,-0.754523743974354
2877,0.69032,-0.750593443570549
2878,0.69056,-1.55554987954987
2879,0.6908,-0.212737716731263
2880,0.69104,-1.5221600405027
2881,0.69128,-0.880031053365528
2882,0.69152,-0.749186826465616
2883,0.69176,-1.68533275245902
2884,0.692,-0.45145970566013
2885,0.69224,-1.2846586582123
2886,0.69248,-1.00445649598933
2887,0.69272,-0.63940897785922
2888,0.69296,-1.45299657290455
2889,0.6932,-0.825317168509287
2890,0.69344,-0.819060451510759
2891,0.69368,-1.50375763545476
2892,0.69392,-0.284686208900929
2893,0.69416,-1.47190022293784
2894,0.6944,-0.83233949372571
2895,0.69464,-0.707382498446331
2896,0.69488,-1.52450718345122
2897,0.69512,-0.534139490803626
2898,0.69536,-1.13537912524975
2899,0.6956,-0.983925659368057
2900,0.69584,-0.486789014416193
2901,0.69608,-0.963574650667014
2902,0.69632,-1.28718156011182
2903,0.69656,-0.0708924090957233
2904,0.6968,-1.62116473649873
2905,0.69704,-0.977593077537795
2906,0.69728,-0.365660020844033
2907,0.69752,-1.31830372945705
2908,0.69776,-0.796821760755547
2909,0.698,-0.427584774732443
2910,0.69824,-1.25677061131353
2911,0.69848,-0.741953968163134
2912,0.69872,-0.74149953559654
2913,0.69896,-1.31864473447627
2914,0.6992,-1.04344776129309
2915,0.69944,-0.68121699637375
2916,0.69968,-1.49498403110119
2917,0.69992,-0.750191696219838
2918,0.70016,-0.747426084772297
2919,0.7004,-1.79446380114938
2920,0.70064,-0.328503651674185
2921,0.70088,-0.931958755451312
2922,0.70112,-1.38309358269686
2923,0.70136,-0.755140435704082
2924,0.7016,-0.630511221254132
2925,0.70184,-1.5567152180084
2926,0.70208,-0.455755826797116
2927,0.70232,-0.577745435315379
2928,0.70256,-1.75325597046228
2929,0.7028,-0.403624652499725
2930,0.70304,-0.999762453507786
2931,0.70328,-1.56386086444913
2932,0.70352,-0.106559339244047
2933,0.70376,-1.17745318919259
2934,0.704,-0.780385720454063
2935,0.70424,-0.892271018054357
2936,0.70448,-1.34761021979803
2937,0.70472,-0.597263164366736
2938,0.70496,-0.839904913678271
2939,0.7052,-1.18030236314125
2940,0.70544,-1.14619574412909
2941,0.70568,-0.538224593026362
2942,0.70592,-1.59200918450164
2943,0.70616,-0.125943641337209
2944,0.7064,-1.32099905757166
2945,0.70664,-0.68710554158339
2946,0.70688,-1.04216066532867
2947,0.70712,-1.01375235865331
2948,0.70736,-0.516715824799875
2949,0.7076,-0.751264463409842
2950,0.70784,-1.07856876509579
2951,0.70808,-0.591266800182854
2952,0.70832,-1.05652833263683
2953,0.70856,-0.784098001461572
2954,0.7088,-0.5430216830616
2955,0.70904,-1.7198183364984
2956,0.70928,-0.371415713372253
2957,0.70952,-1.20882246147474
2958,0.70976,-1.05068949485907
2959,0.71,-0.321809463322708
2960,0.71024,-1.02969906269882
2961,0.71048,-0.875070249626239
2962,0.71072,-0.747699969084729
2963,0.71096,-1.32633147643902
2964,0.7112,-0.576690808852402
2965,0.71144,-1.05566519530548
2966,0.71168,-0.902835933024459
2967,0.71192,-0.535459936279941
2968,0.71216,-1.47496918160715
2969,0.7124,-0.490073140959974
2970,0.71264,-0.8489972117355
2971,0.71288,-1.2994880972213
2972,0.71312,-0.0855815088286401
2973,0.71336,-1.27995133194253
2974,0.7136,-0.523853852267042
2975,0.71384,-0.763776890392394
2976,0.71408,-1.22438114089519
2977,0.71432,-1.07217048496056
2978,0.71456,-0.468004920284912
2979,0.7148,-1.76073454162725
2980,0.71504,-0.0600349487780114
2981,0.71528,-1.25631848152306
2982,0.71552,-0.739913251450989
2983,0.71576,-0.851876110500336
2984,0.716,-1.07326243236198
2985,0.71624,-0.925822702561031
2986,0.71648,-0.56323369660433
2987,0.71672,-1.37636139962446
2988,0.71696,-0.281879426958626
2989,0.7172,-0.637884980427622
2990,0.71744,-1.32754975107854
2991,0.71768,-0.120517340090016
2992,0.71792,-1.43172972368164
2993,0.71816,-0.6754345645403
2994,0.7184,-0.192664453620482
2995,0.71864,-1.38390808591527
2996,0.71888,-0.629278228026739
2997,0.71912,-0.873066560978443
2998,0.71936,-1.09123697056444
2999,0.7196,-0.704514992959142
3000,0.71984,-0.827355366340187
3001,0.72008,-1.16389669985038
3002,0.72032,-0.553525478479398
3003,0.72056,-1.13810133333599
3004,0.7208,-0.988921950269558
3005,0.72104,-0.270151649193125
3006,0.72128,-1.2174046187994
3007,0.72152,-0.707406777887562
3008,0.72176,-0.945989713798634
3009,0.722,-1.15873880618381
3010,0.72224,-0.539824258324935
3011,0.72248,-0.65738717948518
3012,0.72272,-1.34726878834153
3013,0.72296,-0.012411685037659
3014,0.7232,-1.56257785339537
3015,0.72344,-0.332033180371054
3016,0.72368,-1.05529300899432
3017,0.72392,-1.27020215202862
3018,0.72416,-0.763139106149499
3019,0.7244,-0.521058683896355
3020,0.72464,-1.57148852758096
3021,0.72488,0.00849307480780981
3022,0.72512,-1.31115244464903
3023,0.72536,-0.67657247286249
3024,0.7256,-0.671993545841802
3025,0.72584,-1.25475006699269
3026,0.72608,-0.624914003390513
3027,0.72632,-0.62551094866594
3028,0.72656,-1.32527495656227
3029,0.7268,-0.221755727527459
3030,0.72704,-0.949692170990162
3031,0.72728,-1.28891323577412
3032,0.72752,-0.78004013095887
3033,0.72776,-0.657398607482757
3034,0.728,-1.46953494332916
3035,0.72824,-0.0136923174834502
3036,0.72848,-1.32917244367703
3037,0.72872,-0.576065076953505
3038,0.72896,-0.813195386862516
3039,0.7292,-1.03450804563692
3040,0.72944,-0.888289094051043
3041,0.72968,-0.290280476338825
3042,0.72992,-1.58846617619835
3043,0.73016,-0.130441263144287
3044,0.7304,-0.851241998742739
3045,0.73064,-0.704896576369662
3046,0.73088,-0.703225741419878
3047,0.73112,-1.16585977626479
3048,0.73136,-0.658697353900803
3049,0.7316,-0.542581152700322
3050,0.73184,-1.36125593090798
3051,0.73208,-0.0241625059770785
3052,0.73232,-1.22623877273052
3053,0.73256,-0.835589134190616
3054,0.7328,-0.226428483865627
3055,0.73304,-0.826546427433926
3056,0.73328,-1.03633413352453
3057,0.73352,-0.3085575169044
3058,0.73376,-1.13733722464868
3059,0.734,-0.748485524873279
3060,0.73424,-0.50989509574604
3061,0.73448,-1.33423534006734
3062,0.73472,-0.350766706918159
3063,0.73496,-0.955105089579939
3064,0.7352,-0.929495704807926
3065,0.73544,-0.43558233660485
3066,0.73568,-0.437389725227669
3067,0.73592,-1.37079819506201
3068,0.73616,0.0810365167791078
3069,0.7364,-1.23436877730088
3070,0.73664,-0.486003447502353
3071,0.73688,-0.727609791856833
3072,0.73712,-1.19029042535871
3073,0.73736,-0.568566069651994
3074,0.7376,-0.805937424333556
3075,0.73784,-1.01645562959506
3076,0.73808,-0.28937776335362
3077,0.73832,-1.11882634252093
3078,0.73856,-0.7306142577403
3079,0.7388,-0.492635672051266
3080,0.73904,-1.31756152617613
3081,0.73928,-0.334652505430504
3082,0.73952,-0.939526288883211
3083,0.73976,-0.557153912735201
3084,0.74,-0.674913801708788
3085,0.74024,-0.900964706708165
3086,0.74048,-0.75707605891527
3087,0.74072,-0.636285150613755
3088,0.74096,-0.972567422777731
3089,0.7412,-0.247285047879729
3090,0.74144,-1.19829141593886
3091,0.74168,-0.929382894799599
3092,0.74192,0.0315610897656815
3093,0.74216,-1.2814878174987
3094,0.7424,-0.530867261031588
3095,0.74264,-0.532423579645682
3096,0.74288,-1.12282325991006
3097,0.74312,-0.619298849181503
3098,0.74336,-0.741461073392053
3099,0.7436,-1.0730830942155
3100,0.74384,-0.2239529810507
3101,0.74408,-0.818565809509444
3102,0.74432,-0.791766458289166
3103,0.74456,-0.550920249116762
3104,0.7448,-1.13344350714755
3105,0.74504,-0.391001810219087
3106,0.74528,-0.7570765775599
3107,0.74552,-0.853481519520469
3108,0.74576,-0.609114929386205
3109,0.746,-0.841330122328986
3110,0.74624,-0.935963220266537
3111,0.74648,-0.216830386615328
3112,0.74672,-1.16549399941433
3113,0.74696,-0.781501132914855
3114,0.7472,-0.302593831059667
3115,0.74744,-1.4884912749314
3116,0.74768,-0.147480375499033
3117,0.74792,-0.991955996145903
3118,0.74816,-0.844119299114008
3119,0.7484,-0.478898742738847
3120,0.74864,-0.597275355818217
3121,0.74888,-0.816123333698288
3122,0.74912,-0.336980452173716
3123,0.74936,-1.4080038671949
3124,0.7496,-0.299567337440585
3125,0.74984,-0.666036488674457
3126,0.75008,-0.888673651383704
3127,0.75032,-0.745428816433064
3128,0.75056,-0.508459739603235
3129,0.7508,-1.20855097625568
3130,0.75104,0.121272892518551
3131,0.75128,-1.07943475854292
3132,0.75152,-0.811789275243455
3133,0.75176,-0.0896613315942738
3134,0.752,-1.04541375704181
3135,0.75224,-0.419762177586709
3136,0.75248,-0.662822200739452
3137,0.75272,-0.892913178276391
3138,0.75296,-0.753743164330391
3139,0.7532,-0.277927606493471
3140,0.75344,-1.33659324898937
3141,0.75368,-0.00196754701852475
3142,0.75392,-0.605905753181854
3143,0.75416,-1.30644923377692
3144,0.7544,-0.0899117161256241
3145,0.75464,-1.0521157858294
3146,0.75488,-0.662187687437614
3147,0.75512,-0.541686934133943
3148,0.75536,-0.772995233950258
3149,0.7556,-0.870321731639282
3150,0.75584,-0.27345844790044
3151,0.75608,-1.45682651950275
3152,0.75632,0.119305065790295
3153,0.75656,-1.20402419232622
3154,0.7568,-0.576472057382085
3155,0.75704,-0.334569518878601
3156,0.75728,-0.572209164015173
3157,0.75752,-0.790526384620299
3158,0.75776,-0.194987369930949
3159,0.758,-1.15119145740449
3160,0.75824,-0.403490737884999
3161,0.75848,-0.529844355342361
3162,0.75872,-1.00035003857065
3163,0.75896,-0.498047191508089
3164,0.7592,-0.628454370773925
3165,0.75944,-0.973111726489702
3166,0.75968,-0.833661862493209
3167,0.75992,-0.237366219893955
3168,0.76016,-1.42564103737292
3169,0.7604,-0.0869047838371726
3170,0.76064,-1.17017177180558
3171,0.76088,-0.543946440678344
3172,0.76112,-0.662810989751777
3173,0.76136,-0.893443463120765
3174,0.7616,-0.516880663058667
3175,0.76184,-0.404456324729003
3176,0.76208,-1.105186358927
3177,0.76232,-0.375137087231955
3178,0.76256,-0.498875515386439
3179,0.7628,-1.19769051943263
3180,0.76304,-0.110175462309352
3181,0.76328,-0.593150340409159
3182,0.76352,-0.815551844432556
3183,0.76376,-0.0988181886604149
3184,0.764,-1.40538765944439
3185,0.76424,-0.0673634668122733
3186,0.76448,-0.914752100315867
3187,0.76472,-0.774399992425666
3188,0.76496,-0.169332830739143
3189,0.7652,-0.534617149821991
3190,0.76544,-0.87442417041526
3191,0.76568,-0.0331351840735992
3192,0.76592,-0.872727948848267
3193,0.76616,-0.849749994242099
3194,0.7664,-0.130607777663202
3195,0.76664,-1.20521263082051
3196,0.76688,-0.34330581329065
3197,0.76712,-0.469271321867029
3198,0.76736,-1.06151153722465
3199,0.7676,-0.559749198738337
3200,0.76784,-0.566842945629381
3201,0.76808,-0.906004192847463
3202,0.76832,-0.297264936875008
3203,0.76856,-0.659456011554327
3204,0.7688,-1.00030375788407
3205,0.76904,0.0806004579185764
3206,0.76928,-1.2409935419673
3207,0.76952,-0.495488022699066
3208,0.76976,-0.379028021125711
3209,0.77,-0.96809783616806
3210,0.77024,-0.466773419208793
3211,0.77048,-0.594603748458748
3212,0.77072,-0.940306273971127
3213,0.77096,-0.566558355189621
3214,0.7712,-0.212809334253262
3215,0.77144,-1.03920052489658
3216,0.77168,-0.0754711988600012
3217,0.77192,-1.02936059925041
3218,0.77216,-0.645939637412164
3219,0.7724,-0.287982973368163
3220,0.77264,-1.24131872398097
3221,0.77288,-0.0273445191412607
3222,0.77312,-0.876113673127648
3223,0.77336,-0.611208058940656
3224,0.7736,-0.251256021710221
3225,0.77384,-0.733312483675211
3226,0.77408,-0.590574921899549
3227,0.77432,-0.23798663263939
3228,0.77456,-0.952038717541411
3229,0.7748,-0.451642893982579
3230,0.77504,-0.457993250667387
3231,0.77528,-1.16458349001855
3232,0.77552,-0.188738234340263
3233,0.77576,-0.798584018696351
3234,0.776,-0.776627049083084
3235,0.77624,-0.17322331732097
3236,0.77648,-0.415895619923663
3237,0.77672,-0.999304937914013
3238,0.77696,0.201695332802703
3239,0.7772,-1.00154930490845
3240,0.77744,-0.382999666572438
3241,0.77768,-0.508541487987408
3242,0.77792,-1.09347827648625
3243,0.77816,-0.117117486178271
3244,0.7784,-0.846777652338209
3245,0.77864,-0.348506645359911
3246,0.77888,-0.4752019416026
3247,0.77912,-0.709387826503845
3248,0.77936,-0.691370452515558
3249,0.7796,-0.341569029127334
3250,0.77984,-0.929742191687798
3251,0.78008,-0.438050939740061
3252,0.78032,-0.206770165102154
3253,0.78056,-1.03307380651149
3254,0.7808,0.290227429361579
3255,0.78104,-0.677055067519271
3256,0.78128,-0.418796210408995
3257,0.78152,-0.544888075604959
3258,0.78176,-0.893637317190715
3259,0.782,-0.395105857017816
3260,0.78224,-0.525609782233761
3261,0.78248,-0.87387230849196
3262,0.78272,-0.622407616063301
3263,0.78296,-0.151186496402699
3264,0.7832,-0.975891480465853
3265,0.78344,0.347665626941219
3266,0.78368,-0.860824737614904
3267,0.78392,-0.60147834493215
3268,0.78416,-0.126065094327627
3269,0.7844,-0.847217509468654
3270,0.78464,-0.346158127895741
3271,0.78488,-0.47272228703342
3272,0.78512,-0.471509822819384
3273,0.78536,-0.697153104706125
3274,0.7856,0.0152498378063584
3275,0.78584,-1.2954626946209
3276,0.78608,0.0386023325818048
3277,0.78632,-0.812572954956292
3278,0.78656,-0.556007580505381
3279,0.7868,-0.0755259934332717
3280,0.78704,-0.444069059525636
3281,0.78728,-0.786990423097887
3282,0.78752,0.0513246770158642
3283,0.78776,-0.791112200481072
3284,0.788,-0.532074127224081
3285,0.78824,0.180174186387314
3286,0.78848,-1.13761084133171
3287,0.78872,-0.161506948070314
3288,0.78896,-0.29277192124252
3289,0.7892,-1.12543587316172
3290,0.78944,0.0845577586828046
3291,0.78968,-0.529665383865245
3292,0.78992,-0.515355461851534
3293,0.79016,-0.399911715857669
3294,0.7904,-0.632605959547272
3295,0.79064,-0.854479742045438
3296,0.79088,-0.0212888215321503
3297,0.79112,-1.09710624810582
3298,0.79136,-0.361011507460419
3299,0.7916,-0.131862421332231
3300,0.79184,-1.09124752574585
3301,0.79208,-0.237305482208965
3302,0.79232,-0.611322375963897
3303,0.79256,-0.599857936518953
3304,0.7928,-0.118554704215162
3305,0.79304,-0.604793227436968
3306,0.79328,-0.825517034119677
3307,0.79352,-0.106448579682125
3308,0.79376,-0.351360525395027
3309,0.794,-0.936911471513192
3310,0.79424,0.262042096998126
3311,0.79448,-0.703500368100406
3312,0.79472,-0.329910928087928
3313,0.79496,-0.100697976322173
3314,0.7952,-1.17461013449125
3315,0.79544,0.0368918977072061
3316,0.79568,-0.697101920719539
3317,0.79592,-0.804246875290044
3318,0.79616,-0.193174570017687
3319,0.7964,-0.324881151309742
3320,0.79664,-0.791569110176439
3321,0.79688,-0.0725327457776846
3322,0.79712,-0.555811621877643
3323,0.79736,-0.659633595613221
3324,0.7976,0.172728592400071
3325,0.79784,-1.1443686070812
3326,0.79808,0.0681205154835833
3327,0.79832,-0.546446067703857
3328,0.79856,-0.540198443476174
3329,0.7988,-0.526143012260029
3330,0.79904,-0.176660290641244
3331,0.79928,-0.769077799775654
3332,0.79952,0.192271431084625
3333,0.79976,-0.655407356901487
3334,0.8,-0.7577764014095
3335,0.80024,0.0776042903734169
3336,0.80048,-1.00430772973625
3337,0.80072,-0.027375260270464
3338,0.80096,-0.401143548328806
3339,0.8012,-0.401115199516155
3340,0.80144,-0.509332185907839
3341,0.80168,-0.04285495172233
3342,0.80192,-0.880645264443715
3343,0.80216,-0.387597261064238
3344,0.8024,-0.0382965792523722
3345,0.80264,-1.10682305548616
3346,0.80288,0.216191870488384
3347,0.80312,-0.632862286676155
3348,0.80336,-0.618797689538372
3349,0.8036,0.0986506536420262
3350,0.80384,-0.63152424239824
3351,0.80408,-0.256718865483843
3352,0.80432,-0.384654732514187
3353,0.80456,-0.859725222773718
3354,0.8048,-0.253320937134572
3355,0.80504,-0.385549732034073
3356,0.80528,-0.612222586905528
3357,0.80552,-0.254918604815648
3358,0.80576,-0.387025270362842
3359,0.806,-0.854164467687994
3360,0.80624,0.107626449329549
3361,0.80648,-0.504343042214096
3362,0.80672,-0.734517270807902
3363,0.80696,0.227345894852094
3364,0.8072,-0.746650916676046
3365,0.80744,-0.13355779965145
3366,0.80768,-0.264988399452367
3367,0.80792,-0.507204642325748
3368,0.80816,-0.496868805589937
3369,0.8084,-0.150892283111054
3370,0.80864,-0.746240100911999
3371,0.80888,-0.494040969972073
3372,0.80912,0.0932283310575917
3373,0.80936,-0.986870520160787
3374,0.8096,-0.254870027507876
3375,0.80984,-0.268436528410255
3376,0.81008,-0.985440869756215
3377,0.81032,0.219270832592051
3378,0.81056,-0.87539921003387
3379,0.8108,-0.139353373333494
3380,0.81104,-0.149702531036079
3381,0.81128,-0.755482238337954
3382,0.81152,-0.49745847999558
3383,0.81176,-0.147932677664981
3384,0.812,-0.51147724316978
3385,0.81224,-0.619625192728002
3386,0.81248,0.211536945359267
3387,0.81272,-0.874415282011991
3388,0.81296,-0.263496615873238
3389,0.8132,-0.0364586373949183
3390,0.81344,-1.11244910837575
3391,0.81368,0.210804620579895
3392,0.81392,-0.40186028321254
3393,0.81416,-0.751261779508277
3394,0.8144,0.324915847646229
3395,0.81464,-0.767196903737996
3396,0.81488,-0.392556892386377
3397,0.81512,-0.0379054710483351
3398,0.81536,-0.407401836116474
3399,0.8156,-0.394861105805326
3400,0.81584,-0.28495412967169
3401,0.81608,-0.406144792449342
3402,0.81632,-0.401207726654995
3403,0.81656,-0.173176985945618
3404,0.8168,-1.00434214652794
3405,0.81704,0.318255135645956
3406,0.81728,-0.657150352530786
3407,0.81752,-0.406133741235566
3408,0.81776,0.0690435016271242
3409,0.818,-0.30457439579822
3410,0.81824,-0.532955729242734
3411,0.81848,-0.177726856496118
3412,0.81872,-0.425952923226301
3413,0.81896,-0.298404015875774
3414,0.8192,-0.312272977627223
3415,0.81944,-0.541577080230585
3416,0.81968,-0.0699910982447701
3417,0.81992,-0.315880081216329
3418,0.82016,-0.667133934918117
3419,0.8204,0.16081127597665
3420,0.82064,-0.799294593183216
3421,0.82088,-0.312514682373043
3422,0.82112,0.0342585269471363
3423,0.82136,-0.797021628253205
3424,0.8216,0.159413958458423
3425,0.82184,-0.329086978678264
3426,0.82208,-0.797307669759975
3427,0.82232,0.273398770986952
3428,0.82256,-0.816151892387462
3429,0.8228,-0.203372693234137
3430,0.82304,-0.216986043048626
3431,0.82328,-0.224085960769626
3432,0.82352,-0.813593384827691
3433,0.82376,0.381174019434915
3434,0.824,-0.710855615659174
3435,0.82424,-0.340534186118258
3436,0.82448,0.00875260586511928
3437,0.82472,-0.839550946968775
3438,0.82496,0.128931465350027
3439,0.8252,-0.60879675071461
3440,0.82544,-0.479807134531932
3441,0.82568,-0.00110414854393959
3442,0.82592,-0.496867310126595
3443,0.82616,-0.486064919527666
3444,0.8264,0.106672904185424
3445,0.82664,-0.266932470932417
3446,0.82688,-0.740627749763563
3447,0.82712,0.222313909109583
3448,0.82736,-0.39641349031
3449,0.8276,-0.26745908645263
3450,0.82784,-0.151281938034113
3451,0.82808,-0.407731919947727
3452,0.82832,-0.278710977571983
3453,0.82856,-0.0500050524010243
3454,0.8288,-0.300734016505709
3455,0.82904,-0.294126306658769
3456,0.82928,-0.191487897555801
3457,0.82952,-0.431704840842118
3458,0.82976,-0.309180320820027
3459,0.83,0.152857624166685
3460,0.83024,-0.928992460255301
3461,0.83048,0.0396878662746334
3462,0.83072,-0.218518034701211
3463,0.83096,-0.579531375900785
3464,0.8312,-0.092735703925114
3465,0.83144,-0.471504969438265
3466,0.83168,-0.224923594965694
3467,0.83192,0.00893826598995273
3468,0.83216,-0.481302512619804
3469,0.8324,-0.110202420664666
3470,0.83264,-0.127424466393331
3471,0.83288,-0.3711695320827
3472,0.83312,-0.365744280432593
3473,0.83336,0.216517481434835
3474,0.8336,-0.867963942168175
3475,0.83384,0.104361591165416
3476,0.83408,-0.273813585591022
3477,0.83432,-0.278003314365052
3478,0.83456,-0.390251975248297
3479,0.8348,-0.167290138669676
3480,0.83504,-0.407038808908944
3481,0.83528,-0.165535977074628
3482,0.83552,-0.303891922908522
3483,0.83576,-0.416164365581903
3484,0.836,0.171796697862055
3485,0.83624,-0.317087939974995
3486,0.83648,-0.429706916896918
3487,0.83672,0.274394086360708
3488,0.83696,-0.812465587979431
3489,0.8372,0.0351046067065039
3490,0.83744,-0.104995473661909
3491,0.83768,-0.470663381764006
3492,0.83792,-0.104209162976774
3493,0.83816,-0.12622347288035
3494,0.8384,-0.489644675478464
3495,0.83864,-0.363732445504018
3496,0.83888,0.220801963006857
3497,0.83912,-0.740733762932932
3498,0.83936,-0.140289773030577
3499,0.8396,-0.154911318352538
3500,0.83984,-0.511022597573501
3501,0.84008,0.316991587200321
3502,0.84032,-0.65391495855339
3503,0.84056,-0.167835789700085
3504,0.8408,0.054857605256047
3505,0.84104,-0.67192253293028
3506,0.84128,0.0563857319002303
3507,0.84152,-0.325457047732864
3508,0.84176,-0.328405323738663
3509,0.842,-0.445150950635106
3510,0.84224,0.0167374675172667
3511,0.84248,-0.583233228435417
3512,0.84272,-0.342026092296973
3513,0.84296,-0.118535023241898
3514,0.8432,-0.473008434613855
3515,0.84344,0.237554818229204
3516,0.84368,-0.253462186201212
3517,0.84392,-0.488383271186104
3518,0.84416,0.336657888451028
3519,0.8444,-0.511601309564183
3520,0.84464,-0.268619901522856
3521,0.84488,0.193105881246638
3522,0.84512,-0.892496972741238
3523,0.84536,0.313567728910503
3524,0.8456,-0.308925144908859
3525,0.84584,-0.311118299764684
3526,0.84608,-0.18923877395645
3527,0.84632,-0.209362686096838
3528,0.84656,-0.207157258216765
3529,0.8468,-0.212664072871553
3530,0.84704,-0.110956110959093
3531,0.84728,-0.347529932046048
3532,0.84752,0.237919840790533
3533,0.84776,-0.253362451053113
3534,0.848,-0.253270560953708
3535,0.84824,0.207055452150347
3536,0.84848,-0.515563344212226
3537,0.84872,-0.0400251122009245
3538,0.84896,0.0612329220403998
3539,0.8492,-0.898626101727803
3540,0.84944,0.424202914254767
3541,0.84968,-0.436436014109298
3542,0.84992,-0.313078141660318
3543,0.85016,-0.0754673896262356
3544,0.8504,-0.33343379919945
3545,0.85064,-0.328733677006151
3546,0.85088,-0.0991252205369465
3547,0.85112,-0.233536018121465
3548,0.85136,-0.109468410481825
3549,0.8516,-0.248406422374892
3550,0.85184,-0.254242124562436
3551,0.85208,-0.138984470991972
3552,0.85232,0.0821599504023678
3553,0.85256,-0.39564740734584
3554,0.8528,0.190770312607505
3555,0.85304,-0.185416792887286
3556,0.85328,-0.542638961815124
3557,0.85352,0.526057970635089
3558,0.85376,-0.573668948225811
3559,0.854,-0.0877717442148209
3560,0.85424,0.0172897547574383
3561,0.85448,-0.23710398304279
3562,0.85472,-0.471350932362608
3563,0.85496,0.116276545689012
3564,0.8552,-0.134975298761813
3565,0.85544,-0.491814865955761
3566,0.85568,0.212270279883553
3567,0.85592,-0.752545958756972
3568,0.85616,0.203374355053682
3569,0.8564,-0.0542645541133395
3570,0.85664,-0.530355248291101
3571,0.85688,0.296107674714471
3572,0.85712,-0.318045092489509
3573,0.85736,-0.316892609655418
3574,0.8576,0.384464132489377
3575,0.85784,-0.706321706632271
3576,0.85808,0.137492099950843
3577,0.85832,0.116276210857169
3578,0.85856,-0.612443183969812
3579,0.8588,0.230330883924231
3580,0.85904,-0.27421028681517
3581,0.85928,-0.395900478806518
3582,0.85952,0.199965791199211
3583,0.85976,-0.300531422124537
3584,0.86,0.0621400964233547
3585,0.86024,-0.0743572305700043
3586,0.86048,-0.208149985405522
3587,0.86072,-0.0883648248170696
3588,0.86096,0.129547256327059
3589,0.8612,-0.356460672253476
3590,0.86144,-0.120004944703077
3591,0.86168,0.217928855827701
3592,0.86192,-0.625776602555663
3593,0.86216,0.205043387457913
3594,0.8624,-0.0559051837108855
3595,0.86264,-0.537308489667647
3596,0.86288,0.651374384090371
3597,0.86312,-0.44995145138258
3598,0.86336,-0.206070570175865
3599,0.8636,0.262281674160778
3600,0.86384,-0.595021640049798
3601,0.86408,0.0102819751807237
3602,0.86432,-0.247551692975687
3603,0.86456,-0.375382516783058
3604,0.8648,-0.135736164327824
3605,0.86504,-0.156576479086636
3606,0.86528,-0.277875177849946
3607,0.86552,-0.0485809285607518
3608,0.86576,0.0528653358598072
3609,0.866,-0.427090156919817
3610,0.86624,0.275887369670895
3611,0.86648,-0.336997140789973
3612,0.86672,-0.217440564798263
3613,0.86696,0.36191781010587
3614,0.8672,-0.727495975533286
3615,0.86744,0.23395433997732
3616,0.86768,0.0913129744402565
3617,0.86792,-0.635925240068995
3618,0.86816,0.323733219088399
3619,0.8684,-0.301228434513403
3620,0.86864,-0.182976686873708
3621,0.86888,0.0497497467492392
3622,0.86912,-0.212889861123557
3623,0.86936,-0.212661135316308
3624,0.8696,0.0126711451599546
3625,0.86984,-0.00335106631048299
3626,0.87008,-0.365304081614616
3627,0.87032,0.214048902029516
3628,0.87056,-0.275244417208184
3629,0.8708,-0.16172761890297
3630,0.87104,0.295563297366687
3631,0.87128,-0.429956823829177
3632,0.87152,0.158737592554021
3633,0.87176,0.0165171444292262
3634,0.872,-0.707736238944274
3635,0.87224,0.600328905942068
3636,0.87248,-0.38377263215894
3637,0.87272,-0.0247539469264986
3638,0.87296,0.196468426037616
3639,0.8732,-0.180838325093043
3640,0.87344,-0.0594595137519807
3641,0.87368,-0.0841568406867406
3642,0.87392,-0.0962564833949466
3643,0.87416,-0.338077182866854
3644,0.8744,0.238123869405339
3645,0.87464,-0.492613895385375
3646,0.87488,0.104234605684223
3647,0.87512,-0.0385711921649274
3648,0.87536,-0.404288969458877
3649,0.8756,0.546023872013305
3650,0.87584,-0.558020748761707
3651,0.87608,0.161640501116416
3652,0.87632,0.140030365189373
3653,0.87656,-0.356269933118074
3654,0.8768,0.240803565337617
3655,0.87704,-0.0264006166812973
3656,0.87728,-0.0330302011071053
3657,0.87752,0.195710977728679
3658,0.87776,0.0504053124810382
3659,0.878,-0.312530871775884
3660,0.87824,0.151946549498909
3661,0.87848,0.130193660275104
3662,0.87872,-0.592224279372954
3663,0.87896,0.471439857733824
3664,0.8792,-0.269249066508016
3665,0.87944,-0.389918851130991
3666,0.87968,0.673235089317654
3667,0.87992,-0.428753557062718
3668,0.88016,-0.0661408904184553
3669,0.8804,0.277013670106355
3670,0.88064,-0.341858788949173
3671,0.88088,0.139810977237775
3672,0.88112,-0.00221483818448509
3673,0.88136,-0.254626784187631
3674,0.8816,0.104251946660351
3675,0.88184,-0.16031665582575
3676,0.88208,-0.16701133322862
3677,0.88232,0.0655868641856656
3678,0.88256,-0.07868346777768
3679,0.8828,0.0387435349590517
3680,0.88304,0.0240616454363961
3681,0.88328,0.00284354678973875
3682,0.88352,-0.119530072829027
3683,0.88376,0.338146914827591
3684,0.884,-0.155971350304295
3685,0.88424,-0.162081531030669
3686,0.88448,0.41345708154921
3687,0.88472,-0.436446058124126
3688,0.88496,0.0332854345513056
3689,0.8852,0.249198830373566
3690,0.88544,-0.477202300804441
3691,0.88568,0.348148914369171
3692,0.88592,-0.0334959875438576
3693,0.88616,-0.279200465187228
3694,0.8864,0.540214113279277
3695,0.88664,-0.555703456908103
3696,0.88688,0.0431112462695082
3697,0.88712,0.259882346801888
3698,0.88736,-0.711363844994951
3699,0.8876,0.364836699827186
3700,0.88784,-0.0201353285440502
3701,0.88808,-0.386109473148201
3702,0.88832,0.563964611858083
3703,0.88856,-0.300647314531759
3704,0.8888,0.0567655910618696
3705,0.88904,0.27992329065485
3706,0.88928,-0.221485893281981
3707,0.88952,0.0165458023909584
3708,0.88976,0.234975355897421
3709,0.89,0.0977015231316962
3710,0.89024,-0.267770672355043
3711,0.89048,0.308216716864394
3712,0.89072,-0.186054483803927
3713,0.89096,-0.075547814516655
3714,0.8912,0.379744491172685
3715,0.89144,-0.593038875791274
3716,0.89168,0.477776371285272
3717,0.89192,-0.0309176384368668
3718,0.89216,-0.279454043271963
3719,0.8924,0.427378761694739
3720,0.89264,-0.0812149632191037
3721,0.89288,0.033718501302072
3722,0.89312,0.130812195940432
3723,0.89336,0.110197039110233
3724,0.8936,-0.256065482068059
3725,0.89384,0.200136205111794
3726,0.89408,-0.0557395023280538
3727,0.89432,-0.0631792580732438
3728,0.89456,0.0295950338965625
3729,0.8948,-0.0990026053235054
3730,0.89504,0.244463497254008
3731,0.89528,0.10567237363405
3732,0.89552,-0.378393391864524
3733,0.89576,0.321142613246719
3734,0.896,-0.173461296418515
3735,0.89624,-0.180885106643053
3736,0.89648,0.274429138653465
3737,0.89672,-0.456924448467761
3738,0.89696,0.132318666661382
3739,0.8972,0.347927441635557
3740,0.89744,-0.38099960388584
3741,0.89768,0.680850315785811
3742,0.89792,-0.180107656789271
3743,0.89816,0.0507718078231603
3744,0.8984,0.38490845340359
3745,0.89864,-0.474915289943974
3746,0.89888,0.361044134934872
3747,0.89912,-0.0259858343113524
3748,0.89936,-0.160209948779464
3749,0.8996,0.0715808890858862
3750,0.89984,0.284204835780732
3751,0.90008,-0.20861956400964
3752,0.90032,0.139460759879654
3753,0.90056,0.233260257807827
3754,0.9008,-0.500055558507078
3755,0.90104,0.569722171982587
3756,0.90128,-0.180488772782265
3757,0.90152,0.05157749102386
3758,0.90176,0.0358453750799907
3759,0.902,0.368715664610778
3760,0.90224,-0.241033575262297
3761,0.90248,0.461943987324621
3762,0.90272,-0.0455483688382068
3763,0.90296,-0.0537659221862579
3764,0.9032,0.289422355090712
3765,0.90344,0.141144575127462
3766,0.90368,0.0132840348594689
3767,0.90392,0.352282496415383
3768,0.90416,0.0867050367229907
3769,0.9044,-0.162544617692337
3770,0.90464,0.53972202690613
3771,0.90488,-0.0895600801424057
3772,0.90512,0.263711737675759
3773,0.90536,0.240202992609903
3774,0.9056,0.215772485704577
3775,0.90584,-0.273502597466325
3776,0.90608,0.786631328297812
3777,0.90632,-0.321773341514159
3778,0.90656,0.271297342900178
3779,0.9068,0.246216781658618
3780,0.90704,0.222469059374073
3781,0.90728,-0.266184878813706
3782,0.90752,0.791085303900453
3783,0.90776,-0.195432010624867
3784,0.908,0.156415896875038
3785,0.90824,0.370847027465653
3786,0.90848,-0.0125341134710306
3787,0.90872,-0.020284394927927
3788,0.90896,0.553546130831914
3789,0.9092,-0.0695890787273736
3790,0.90944,0.0402063083724034
3791,0.90968,0.494221413838567
3792,0.90992,-0.488837679744114
3793,0.91016,0.463685303036788
3794,0.9104,0.0726698375210191
3795,0.91064,0.174284739704826
3796,0.91088,-0.0773115688569261
3797,0.91112,0.613755141225658
3798,0.91136,-0.36488503551359
3799,0.9116,0.465941287529841
3800,0.91184,0.0744778772473482
3801,0.91208,-0.0627116351276897
3802,0.91232,0.165388981328565
3803,0.91256,0.374483392381089
3804,0.9128,-0.119960782825215
3805,0.91304,0.22482411527544
3806,0.91328,0.315471614399895
3807,0.91352,-0.420859377515974
3808,0.91376,0.646036759588063
3809,0.914,-0.10692998718991
3810,0.91424,0.122500604854301
3811,0.91448,0.104251004929662
3812,0.91472,0.434713877320226
3813,0.91496,-0.177336935565954
3814,0.9152,0.523442973641502
3815,0.91544,0.13368554781063
3816,0.91568,-0.118831319018993
3817,0.91592,0.582039199068489
3818,0.91616,-0.0485773983015945
3819,0.9164,0.303420230147576
3820,0.91664,0.278697016038156
3821,0.91688,0.372059517704465
3822,0.91712,-0.238996301312397
3823,0.91736,0.817534894208085
3824,0.9176,-0.169688255393024
3825,0.91784,0.181487492217364
3826,0.91808,0.395279580803737
3827,0.91832,-0.110297941295728
3828,0.91856,0.241355081668845
3829,0.9188,0.331450851268522
3830,0.91904,0.0709586440597469
3831,0.91928,0.0591806644637807
3832,0.91952,0.51282211997636
3833,0.91976,-0.351638430221026
3834,0.92,0.479889742900895
3835,0.92024,0.0886243101045951
3836,0.92048,0.190001820945683
3837,0.92072,-0.0622276324573074
3838,0.92096,0.630368468996986
3839,0.9212,-0.35199980241516
3840,0.92144,0.478297134695482
3841,0.92168,0.206595259630427
3842,0.92192,-0.0526735420041857
3843,0.92216,0.413824383960897
3844,0.9224,0.141093116743612
3845,0.92264,0.127428543406605
3846,0.92288,0.108920477551776
3847,0.92312,0.318428673510462
3848,0.92336,0.0652161697723908
3849,0.9236,0.402853332232016
3850,0.92384,0.255371921469008
3851,0.92408,-0.236512185728145
3852,0.92432,0.819812277976897
3853,0.92456,0.192775929135543
3854,0.9248,-0.059297365702575
3855,0.92504,0.757082367603726
3856,0.92528,-0.230617939401806
3857,0.92552,0.238583303575163
3858,0.92576,0.449860128626561
3859,0.926,-0.172795794818021
3860,0.92624,0.537468307715286
3861,0.92648,0.0254887781899724
3862,0.92672,0.128167351309702
3863,0.92696,0.472813743948449
3864,0.9272,0.0805389327173722
3865,0.92744,-0.0523042248669432
3866,0.92768,0.168609202491822
3867,0.92792,0.258980115624444
3868,0.92816,0.006347431257687
3869,0.9284,0.699738564088979
3870,0.92864,0.0715602152455184
3871,0.92888,0.0602969244091047
3872,0.92912,0.757037735279154
3873,0.92936,-0.230470949096989
3874,0.9296,0.356101999758939
3875,0.92984,0.324520560215994
3876,0.93008,-0.0615627940656482
3877,0.93032,0.410107100639121
3878,0.93056,0.260274986848585
3879,0.9308,-0.000930122995876914
3880,0.93104,0.58660274402992
3881,0.93128,0.0744954697664726
3882,0.93152,0.0606119211240179
3883,0.93176,0.638504280988699
3884,0.932,-0.114973115450826
3885,0.93224,0.234111801136693
3886,0.93248,0.689860955993331
3887,0.93272,-0.181287713014456
3888,0.93296,0.40727431764866
3889,0.9332,0.376647085413914
3890,0.93344,0.112232862572012
3891,0.93368,0.217344316714752
3892,0.93392,0.425152800948471
3893,0.93416,-0.194752408985916
3894,0.9344,0.506354365624315
3895,0.93464,0.234969908395344
3896,0.93488,-0.140016164896993
3897,0.93512,0.798392280723694
3898,0.93536,0.167942273159915
3899,0.9356,0.273500028387581
3900,0.93584,0.607425797702644
3901,0.93608,-0.260410451724005
3902,0.93632,0.449369735156631
3903,0.93656,0.298123759081901
3904,0.9368,0.0355401779347309
3905,0.93704,0.621750976657152
3906,0.93728,0.108378567336995
3907,0.93752,0.0932842761601116
3908,0.93776,0.670018693455013
3909,0.938,-0.0845668824390486
3910,0.93824,0.38195860333562
3911,0.93848,0.47204750878593
3912,0.93872,-0.0359478233119768
3913,0.93896,0.552175621301215
3914,0.9392,0.158624142981735
3915,0.93944,0.256076996610474
3916,0.93968,0.479832433963236
3917,0.93992,0.205010003186906
3918,0.94016,-0.0525102696269601
3919,0.9404,0.404737278302971
3920,0.94064,0.374248077993806
3921,0.94088,-0.240557149494522
3922,0.94112,0.694214940189707
3923,0.94136,0.305622444218232
3924,0.9416,0.0476324363868037
3925,0.94184,0.740285788070529
3926,0.94208,-0.247702445438001
3927,0.94232,0.695744141579034
3928,0.94256,-0.058095834489662
3929,0.9428,0.286840604395902
3930,0.94304,0.262294039131686
3931,0.94328,0.34970292761706
3932,0.94352,0.214969419031506
3933,0.94376,0.305139581322096
3934,0.944,0.398152922812025
3935,0.94424,0.0194089409563911
3936,0.94448,0.707348136701253
3937,0.94472,-0.276918333572572
3938,0.94496,0.666162994641404
3939,0.9452,0.151642024816678
3940,0.94544,0.135013749964856
3941,0.94568,0.710281949388717
3942,0.94592,0.194829897535134
3943,0.94616,0.300542172481456
3944,0.9464,0.391023865009352
3945,0.94664,0.480840176628718
3946,0.94688,0.102573654660558
3947,0.94712,0.793072165064294
3948,0.94736,-0.196977176364978
3949,0.9476,0.627745345422206
3950,0.94784,0.232205321083006
3951,0.94808,0.0928102635951935
3952,0.94832,0.670036121116092
3953,0.94856,0.153382668310733
3954,0.9488,0.373045509828238
3955,0.94904,0.469199822779443
3956,0.94928,0.19358170994382
3957,0.94952,0.29950141785275
3958,0.94976,0.270359795369935
3959,0.95,0.363411541222752
3960,0.95024,-0.0135458391494359
3961,0.95048,0.435122712112909
3962,0.95072,0.0551908596773669
3963,0.95096,0.508657054240408
3964,0.9512,0.357803617570909
3965,0.95144,0.0979912843109807
3966,0.95168,0.788903121184831
3967,0.95192,-0.200751076148648
3968,0.95216,0.741103969943558
3969,0.9524,-0.014257370638636
3970,0.95264,0.567558753006283
3971,0.95288,0.415762967574722
3972,0.95312,0.505241274981942
3973,0.95336,0.00677683105760485
3974,0.9536,0.814621681838104
3975,0.95384,-0.0514175854103998
3976,0.95408,0.528442513162956
3977,0.95432,0.371954650848746
3978,0.95456,0.106953855096314
3979,0.9548,0.567943744231133
3980,0.95504,0.172780181213507
3981,0.95528,0.511714088837536
3982,0.95552,0.362466292222331
3983,0.95576,0.454383230095105
3984,0.956,0.313803252417574
3985,0.95624,0.518414502801422
3986,0.95648,0.0152863207570757
3987,0.95672,0.470318624567544
3988,0.95696,0.437710590163988
3989,0.9572,0.296708109419844
3990,0.95744,0.625816371096643
3991,0.95768,-0.00307709619033014
3992,0.95792,0.81580719613045
3993,0.95816,0.0574411974479152
3994,0.9584,0.278223489619319
3995,0.95864,0.370223219931909
3996,0.95888,0.577385192476023
3997,0.95912,0.0764644270091994
3998,0.95936,0.762586102513557
3999,0.9596,-0.223420245971557
4000,0.95984,0.835657796565501
4001,0.96008,0.0765116132136232
4002,0.96032,0.537948185049346
4003,0.96056,0.387776445931501
4004,0.9608,0.354611950305285
4005,0.96104,0.0935434633034928
4006,0.96128,0.779439314049374
4007,0.96152,-0.207213126446192
4008,0.96176,0.733588035061367
4009,0.962,0.337158680093643
4010,0.96224,0.0740115696780379
4011,0.96248,0.889307725799992
4012,0.96272,0.0111918851193697
4013,0.96296,0.592353504904594
4014,0.9632,0.439937008156582
4015,0.96344,0.528822630828544
4016,0.96368,0.268154290567022
4017,0.96392,0.593595307486499
4018,0.96416,0.0875381619086575
4019,0.9644,0.539769032269214
4020,0.96464,0.388157342447663
4021,0.96488,0.245681331226075
4022,0.96512,0.811378278731877
4023,0.96536,-0.178660817290651
4024,0.9656,0.760217911997848
4025,0.96584,0.242532545608834
4026,0.96608,0.462537537403007
4027,0.96632,0.549939042577579
4028,0.96656,0.279463207439979
4029,0.9668,0.377492604616346
4030,0.96704,0.579813113326541
4031,0.96728,-0.0453454024335864
4032,0.96752,0.650741684864967
4033,0.96776,0.374556036588372
4034,0.968,0.352692241619155
4035,0.96824,0.679850118126295
4036,0.96848,0.0490902140385676
4037,0.96872,0.627413758770725
4038,0.96896,0.347472771670673
4039,0.9692,0.324276500717269
4040,0.96944,0.414760496663606
4041,0.96968,0.620472519323084
4042,0.96992,0.118166117295177
4043,0.97016,0.802964022681424
4044,0.9704,-0.0644756472332511
4045,0.97064,0.870524794993933
4046,0.97088,0.231076795461139
4047,0.97112,0.449192463868091
4048,0.97136,0.657225045900185
4049,0.9716,0.1430676035661
4050,0.97184,0.601960139149026
4051,0.97208,0.323263305448329
4052,0.97232,0.42108148204692
4053,0.97256,0.629518609238031
4054,0.9728,0.474363867121406
4055,0.97304,0.210435671591458
4056,0.97328,0.897411269266235
4057,0.97352,-0.0942420588103903
4058,0.97376,0.842185295140051
4059,0.974,0.204109432738971
4060,0.97424,0.542478750587249
4061,0.97448,0.508220645645169
4062,0.97472,0.594639059995662
4063,0.97496,0.331609082162069
4064,0.9752,0.654790512855852
4065,0.97544,0.149213323882761
4066,0.97568,0.599267812155394
4067,0.97592,0.561896980689394
4068,0.97616,0.178399555110325
4069,0.9764,1.10656797443086
4070,0.97664,0.227077606721023
4071,0.97688,0.565039219582865
4072,0.97712,0.411840651653315
4073,0.97736,0.618042467208567
4074,0.9776,0.354124782928687
4075,0.97784,0.557960608044365
4076,0.97808,0.173921900508583
4077,0.97832,0.623467552005825
4078,0.97856,0.46886482815207
4079,0.9788,0.324865857687445
4080,0.97904,0.890790019674084
4081,0.97928,-0.102053456101088
4082,0.97952,0.95311425127685
4083,0.97976,0.313950409387123
4084,0.98,0.528905336056943
4085,0.98024,0.617095546036577
4086,0.98048,0.460226033438741
4087,0.98072,0.435164151705681
4088,0.98096,0.396357145919586
4089,0.9812,0.371584848861644
4090,0.98144,0.579099312232686
4091,0.98168,0.664447236063846
4092,0.98192,0.159087756170777
4093,0.98216,0.965045597591078
4094,0.9824,0.0911023953812595
4095,0.98264,0.785461685577735
4096,0.98288,0.387765538590707
4097,0.98312,0.483250561721113
4098,0.98336,0.568783621918447
4099,0.9836,0.174471802227771
4100,0.98384,0.632590596404673
4101,0.98408,0.351299231558766
4102,0.98432,0.562224880954426
4103,0.98456,0.534127803356347
4104,0.9848,0.615475669373541
4105,0.98504,0.230543840307967
4106,0.98528,0.796915764272526
4107,0.98552,0.280782729482767
4108,0.98576,0.497824698033548
4109,0.986,0.702702898726458
4110,0.98624,0.189443598077967
4111,0.98648,0.647903802916341
4112,0.98672,0.484624669568739
4113,0.98696,0.571784027849189
4114,0.9872,0.304631236027989
4115,0.98744,0.745040784916425
4116,0.98768,0.115379706411126
4117,0.98792,0.9279028926626
4118,0.98816,0.406604227893773
4119,0.9884,0.501129933004051
4120,0.98864,0.707719049855496
4121,0.98888,0.306742361055391
4122,0.98912,0.641397102305039
4123,0.98936,0.486318235467491
4124,0.9896,0.6898420863198
4125,0.98984,0.301812247036709
4126,0.99008,0.864485897494452
4127,0.99032,-0.126715654754652
4128,0.99056,0.92696803667633
4129,0.9908,0.165268606069716
4130,0.99104,0.621643355849275
4131,0.99128,0.467519435936846
4132,0.99152,0.671537653123119
4133,0.99176,0.284814387532461
4134,0.992,0.847042025956694
4135,0.99224,0.215777382138824
4136,0.99248,0.667247213950364
4137,0.99272,0.628565200183539
4138,0.99296,0.359768418969213
4139,0.9932,1.04465255229131
4140,0.99344,0.0457708722541701
4141,0.99368,0.862087667816297
4142,0.99392,0.457969275679752
4143,0.99416,0.664721688480181
4144,0.9944,0.279271981205135
4145,0.99464,0.720723061896704
4146,0.99488,0.0924680256220531
4147,0.99512,0.901963365938786
4148,0.99536,0.262317047380809
4149,0.9956,0.596072623103034
4150,0.99584,0.677755605456362
4151,0.99608,0.403100576257449
4152,0.99632,0.613452664624468
4153,0.99656,0.690994300499716
4154,0.9968,0.302037247169724
4155,0.99704,0.869349992643716
4156,0.99728,0.468266063278196
4157,0.99752,0.55958782155741
4158,0.99776,0.760552282910164
4159,0.998,0.482362775769236
4160,0.99824,0.695920275338177
4161,0.99848,0.293646650735834
4162,0.99872,0.744780048152275
4163,0.99896,0.587375030025386
4164,0.9992,0.549905612145561
4165,0.99944,0.760583486084015
4166,0.99968,0.47626555327177
4167,0.99992,0.568705510125269
4168,1.00016,0.649973461735539
4169,1.0004,0.73097272774832
4170,1.00064,0.341641268362714
4171,1.00088,1.02418630693527
4172,1.00112,0.0265270980813963
4173,1.00136,0.958135579872586
4174,1.0016,0.195565363049691
4175,1.00184,0.77048893397866
4176,1.00208,0.612126189430033
4177,1.00232,0.694866083520891
4178,1.00256,0.307207137298383
4179,1.0028,0.989624312104682
4180,1.00304,-0.00642708550592719
4181,1.00328,1.04567803469024
4182,1.00352,0.403588357072381
4183,1.00376,0.615746407591477
4184,1.004,0.701270881230192
4185,1.00424,0.657743508260171
4186,1.00448,0.507576950455155
4187,1.00472,0.585237113359751
4188,1.00496,0.433536295121888
4189,1.0052,0.639055209438735
4190,1.00544,0.721205608658234
4191,1.00568,0.211899999858413
4192,1.00592,1.13303859164579
4193,1.00616,0.252479661379239
4194,1.0064,0.94445923153938
4195,1.00664,0.537828253484413
4196,1.00688,0.624900981220815
4197,1.00712,0.711936312179458
4198,1.00736,0.668507950493327
4199,1.0076,0.520244913460482
4200,1.00784,0.841937565995594
4201,1.00808,0.443003071401328
4202,1.00832,0.65400755781792
4203,1.00856,0.492342143525635
4204,1.0088,0.458133668635029
4205,1.00904,0.548609220466327
4206,1.00928,0.745461944777236
4207,1.00952,0.354738234469448
4208,1.00976,0.918627548289318
4209,1.01,0.516006893251262
4210,1.01024,0.607202245230743
4211,1.01048,0.808461804569502
4212,1.01072,0.529227874561947
4213,1.01096,0.619782231095904
4214,1.0112,0.697293552954236
4215,1.01144,0.42513001216455
4216,1.01168,0.750725947738041
4217,1.01192,0.826506116636678
4218,1.01216,0.431060111214069
4219,1.0124,1.11374701281114
4220,1.01264,0.11276420256722
4221,1.01288,1.04382855838867
4222,1.01312,0.63976985805335
4223,1.01336,0.487409205732881
4224,1.0136,1.05049069790338
4225,1.01384,0.763449430426588
4226,1.01408,0.372159101850931
4227,1.01432,0.814762418136699
4228,1.01456,0.891400601347236
4229,1.0148,0.379093547666234
4230,1.01504,0.9421670254321
4231,1.01528,0.538765004420013
4232,1.01552,0.629212178805963
4233,1.01576,0.829755994082132
4234,1.016,0.426486051410875
4235,1.01624,0.875167601509528
4236,1.01648,0.588816968081724
4237,1.01672,0.557336157079152
4238,1.01696,0.758439042758227
4239,1.0172,0.837653409985462
4240,1.01744,0.326429414710427
4241,1.01768,1.12678440159306
4242,1.01792,0.247481326574326
4243,1.01816,0.936720987201987
4244,1.0184,0.651320445958588
4245,1.01864,0.49870259264107
4246,1.01888,1.06153829762908
4247,1.01912,0.774262106582216
4248,1.01936,0.50257256991615
4249,1.0196,0.942388503262461
4250,1.01984,0.539636985284679
4251,1.02008,0.748763482246878
4252,1.02032,0.826230817284034
4253,1.02056,0.546252347560572
4254,1.0208,0.63343450227638
4255,1.02104,0.827136276172073
4256,1.02128,0.313569549758056
4257,1.02152,0.877601964538262
4258,1.02176,0.713891100447897
4259,1.022,0.558695836220713
4260,1.02224,1.00227048393919
4261,1.02248,0.474572322699304
4262,1.02272,0.681028399576079
4263,1.02296,0.881826420179812
4264,1.0232,0.595553419681909
4265,1.02344,0.683924296718812
4266,1.02368,0.883326983670075
4267,1.02392,0.48333079446492
4268,1.02416,0.570409399946217
4269,1.0244,0.767847529314672
4270,1.02464,0.490607967143881
4271,1.02488,0.937764619739333
4272,1.02512,0.410321091532451
4273,1.02536,0.857638623333219
4274,1.0256,0.577671963279609
4275,1.02584,0.771018798381428
4276,1.02608,0.496322590792816
4277,1.02632,0.936292275928893
4278,1.02656,0.772446890833912
4279,1.0268,0.73774563887807
4280,1.02704,0.814261855280644
4281,1.02728,0.411326371322345
4282,1.02752,0.737403585229404
4283,1.02776,0.812777664615818
4284,1.028,0.659198295223552
4285,1.02824,0.856404204028581
4286,1.02848,0.696171638539868
4287,1.02872,0.660902632118066
4288,1.02896,0.856817814466347
4289,1.0292,0.337111031474098
4290,1.02944,0.903995036874547
4291,1.02968,0.376086929391467
4292,1.02992,0.944496724269991
4293,1.03016,0.779898897210012
4294,1.0304,0.857973924556676
4295,1.03064,0.464959117275269
4296,1.03088,1.019830716084
4297,1.03112,0.500086238110223
4298,1.03136,0.941002909412309
4299,1.0316,0.777202576666848
4300,1.03184,0.622255011055309
4301,1.03208,0.938932497196875
4302,1.03232,0.299881278509363
4303,1.03256,0.984898679106426
4304,1.0328,0.576478381644842
4305,1.03304,0.544549512490027
4306,1.03328,0.98317543527837
4307,1.03352,0.817621074064125
4308,1.03376,0.781285805956506
4309,1.034,0.736858503253429
4310,1.03424,0.577756039073981
4311,1.03448,1.02199335807932
4312,1.03472,0.614267129984189
4313,1.03496,0.821758317548779
4314,1.0352,0.896317778188794
4315,1.03544,0.612645603389168
4316,1.03568,0.819335886146758
4317,1.03592,0.894475860885671
4318,1.03616,0.612270655220481
4319,1.0364,0.697326049623713
4320,1.03664,0.888995226211634
4321,1.03688,0.612262403396306
4322,1.03712,0.811508182042464
4323,1.03736,0.88718635598629
4324,1.0376,0.609236955463532
4325,1.03784,1.04659073792939
4326,1.03808,0.403141470927672
4327,1.03832,1.08877109202718
4328,1.03856,0.678224049153918
4329,1.0388,0.877038484811477
4330,1.03904,0.721937652675703
4331,1.03928,0.914421518619321
4332,1.03952,0.517757437302446
4333,1.03976,0.955221480812516
4334,1.04,0.552859380944434
4335,1.04024,0.754864683547605
4336,1.04048,0.948130788143621
4337,1.04072,0.309085455780831
4338,1.04096,1.23377313016887
4339,1.0412,0.583073891366851
4340,1.04144,0.905971772015203
4341,1.04168,0.740980745291662
4342,1.04192,0.697090085239115
4343,1.04216,0.781802874660098
4344,1.0424,0.853726827090108
4345,1.04264,0.817132001166093
4346,1.04288,1.00991536337234
4347,1.04312,0.607932262590459
4348,1.04336,0.928841135815957
4349,1.0436,0.881567017962171
4350,1.04384,0.601125466837231
4351,1.04408,1.15895528803225
4352,1.04432,0.39061770802782
4353,1.04456,1.19433140990021
4354,1.0448,0.665364587360989
4355,1.04504,1.1081876032747
4356,1.04528,0.700139534172248
4357,1.04552,1.01770560898242
4358,1.04576,0.617578428008064
4359,1.046,1.04981388980663
4360,1.04624,0.530353497988638
4361,1.04648,1.08791029939538
4362,1.04672,0.681392135153001
4363,1.04696,0.885620097836414
4364,1.0472,0.838566471471491
4365,1.04744,0.675660071169154
4366,1.04768,0.758487967722081
4367,1.04792,1.07138612113296
4368,1.04816,0.552752242787095
4369,1.0484,1.34428991151201
4370,1.04864,0.696200943350165
4371,1.04888,0.658018606659182
4372,1.04912,1.21360457400335
4373,1.04936,0.566434259466053
4374,1.0496,1.01060946831378
4375,1.04984,0.719953758907559
4376,1.05008,0.802423661120643
4377,1.05032,0.640182188107285
4378,1.05056,1.19020288355621
4379,1.0508,0.31013626431331
4380,1.05104,1.23088918003203
4381,1.05128,0.581298240059916
4382,1.05152,0.903385992485895
4383,1.05176,0.735957163314911
4384,1.052,0.93638140124396
4385,1.05224,0.771009074713535
4386,1.05248,1.08057229611865
4387,1.05272,0.680777164258212
4388,1.05296,0.877796537958782
4389,1.0532,0.951345441984945
4390,1.05344,0.910134694175962
4391,1.05368,0.980419658560753
4392,1.05392,0.695312790549033
4393,1.05416,0.777212828811196
4394,1.0544,0.849914554099513
4395,1.05464,0.81061921878471
4396,1.05488,0.88486741939088
4397,1.05512,0.960387048276374
4398,1.05536,0.679169385485845
4399,1.0556,1.11130379110849
4400,1.05584,0.467594397983246
4401,1.05608,1.26626704805613
4402,1.05632,0.615372000120094
4403,1.05656,1.05957216530955
4404,1.0568,0.650710120957577
4405,1.05704,0.849433650583933
4406,1.05728,0.923863021303068
4407,1.05752,0.992528042214137
4408,1.05776,0.468687223897473
4409,1.058,1.14670596335623
4410,1.05824,0.73682295599449
4411,1.05848,1.17717415561703
4412,1.05872,0.766759291371365
4413,1.05896,1.0820607501359
4414,1.0592,0.679768339655423
4415,1.05944,1.10993358654974
4416,1.05968,0.588492470183989
4417,1.05992,1.14415800211228
4418,1.06016,0.856534163797024
4419,1.0604,0.815410104261086
4420,1.06064,1.00738832583347
4421,1.06088,0.482632078203769
4422,1.06112,1.28177192713171
4423,1.06136,0.631307916201524
4424,1.0616,0.832703991713907
4425,1.06184,1.14032410729742
4426,1.06208,0.853847785211039
4427,1.06232,0.812018023734499
4428,1.06256,1.12189042166729
4429,1.0628,0.476327197088348
4430,1.06304,1.15511792685795
4431,1.06328,0.740742128651796
4432,1.06352,0.942333557755513
4433,1.06376,1.01299749083171
4434,1.064,0.967891213405493
4435,1.06424,0.685435432616134
4436,1.06448,1.11644596364252
4437,1.06472,0.472950351683791
4438,1.06496,1.03040156889462
4439,1.0652,0.859021772886137
4440,1.06544,0.695187380311632
4441,1.06568,1.24995420758283
4442,1.06592,0.598958927735702
4443,1.06616,1.158913901528
4444,1.0664,0.626364750033476
4445,1.06664,1.06362264691277
4446,1.06688,0.661659972255302
4447,1.06712,1.21234243261779
4448,1.06736,0.685940962578481
4449,1.0676,1.24169146200046
4450,1.06784,0.829913069623745
4451,1.06808,0.787304497359162
4452,1.06832,1.46154318203385
4453,1.06856,0.689453123702437
4454,1.0688,0.88868069263514
4455,1.06904,0.955449480019116
4456,1.06928,1.02860242765153
4457,1.06952,0.744193769445802
4458,1.06976,1.17418664083214
4459,1.07,0.527115241648164
4460,1.07024,1.44328328599973
4461,1.07048,0.670328460688551
4462,1.07072,1.10932919142193
4463,1.07096,0.816644224935798
4464,1.0712,0.890694563334528
4465,1.07144,0.848560582976654
4466,1.07168,0.917251794532598
4467,1.07192,0.633994158804364
4468,1.07216,0.947736020982893
4469,1.0724,1.01608277555917
4470,1.07264,0.491059512574845
4471,1.07288,1.28429018393351
4472,1.07312,0.755462298122493
4473,1.07336,0.833529475424542
4474,1.0736,1.14301857129147
4475,1.07384,0.856145762123359
4476,1.07408,0.93416258826001
4477,1.07432,1.00100300689401
4478,1.07456,0.956526707599808
4479,1.0748,0.789681055187138
4480,1.07504,1.21803739830077
4481,1.07528,0.812884973958765
4482,1.07552,1.36301607375584
4483,1.07576,0.711038705088672
4484,1.076,1.26924779844357
4485,1.07624,0.858329245874494
4486,1.07648,1.16832234949845
4487,1.07672,0.763580052438349
4488,1.07696,1.19180622461531
4489,1.0772,0.545631820503733
4490,1.07744,1.33932036002108
4491,1.07768,0.807446597054497
4492,1.07792,1.12539294723337
4493,1.07816,1.07598274917482
4494,1.0784,1.26152747021871
4495,1.07864,0.735211866415677
4496,1.07888,1.40262999292903
4497,1.07912,0.753908066256222
4498,1.07936,1.068043515226
4499,1.0796,0.895729121509454
4500,1.07984,0.851737196180167
4501,1.08008,1.04308081542496
4502,1.08032,1.23147618165143
4503,1.08056,0.82506640102799
4504,1.0808,1.13527582802676
4505,1.08104,0.606360174769406
4506,1.08128,1.40111627879297
4507,1.08152,0.747295690475749
4508,1.08176,1.18438454809721
4509,1.082,0.891146375452034
4510,1.08224,1.20259834091767
4511,1.08248,0.796682978162558
4512,1.08272,1.46467650759439
4513,1.08296,0.813021514996878
4514,1.0832,1.13009203942824
4515,1.08344,0.956943361438708
4516,1.08368,1.14885967352911
4517,1.08392,0.862976823884549
4518,1.08416,1.05276301615065
4519,1.0844,1.12550354565724
4520,1.08464,1.07640820878951
4521,1.08488,1.26225652932056
4522,1.08512,0.736232875085485
4523,1.08536,1.40393350157275
4524,1.0856,0.751090055787811
4525,1.08584,1.18774714782181
4526,1.08608,0.77255647793661
4527,1.08632,1.2044183837022
4528,1.08656,0.79814047121673
4529,1.0868,1.22449486765985
4530,1.08704,0.576922706087482
4531,1.08728,1.13137769731027
4532,1.08752,0.955363648530493
4533,1.08776,1.14797908674499
4534,1.088,0.975141054086462
4535,1.08824,1.28278786916198
4536,1.08848,0.874060796208527
4537,1.08872,1.18256891412467
4538,1.08896,1.01453695787276
4539,1.0892,1.20183815131678
4540,1.08944,0.55014556941697
4541,1.08968,1.34250647160176
4542,1.08992,0.927826137421235
4543,1.09016,1.24157967204817
4544,1.0904,1.0695864133207
4545,1.09064,1.13878742620073
4546,1.09088,0.851511996434664
4547,1.09112,1.27962152001584
4548,1.09136,0.630312174262421
4549,1.0916,1.18264840995994
4550,1.09184,1.12796149035293
4551,1.09208,0.838704721414282
4552,1.09232,1.38853021342478
4553,1.09256,0.735394559861007
4554,1.0928,1.41100428334965
4555,1.09304,0.993835897572419
4556,1.09328,1.0664815994418
4557,1.09352,1.01999679836377
4558,1.09376,1.08745957064309
4559,1.094,0.795258838348603
4560,1.09424,1.22901048151721
4561,1.09448,0.8129608360769
4562,1.09472,1.00642974283021
4563,1.09496,0.95385861481308
4564,1.0952,1.26013622557701
4565,1.09544,0.611425759477515
4566,1.09568,1.52300006756318
4567,1.09592,0.624912481150545
4568,1.09616,1.06192857553303
4569,1.0964,1.24930279985132
4570,1.09664,0.716147728865993
4571,1.09688,1.50951741620239
4572,1.09712,0.852604360033177
4573,1.09736,1.04611412173669
4574,1.0976,1.11097073038864
4575,1.09784,0.822646626020908
4576,1.09808,1.12900131414006
4577,1.09832,0.838233405257584
4578,1.09856,1.38931091487603
4579,1.0988,0.613093702288688
4580,1.09904,1.28686467124954
4581,1.09928,1.10993455448569
4582,1.09952,0.821731945763511
4583,1.09976,1.36705729421821
4584,1.1,0.837611179663082
4585,1.10024,1.50465902303876
4586,1.10048,0.608046342101701
4587,1.10072,1.28211251891195
4588,1.10096,0.862257565050825
4589,1.1012,1.17194393115128
4590,1.10144,0.882841606855193
4591,1.10168,1.06917556946694
4592,1.10192,1.2614114517769
4593,1.10216,0.723967090124811
4594,1.1024,0.917320339897799
4595,1.10264,1.10475723515734
4596,1.10288,1.28932177757802
4597,1.10312,0.518563793042381
4598,1.10336,1.3098979177457
4599,1.1036,1.13263358411043
4600,1.10384,0.843665240116761
4601,1.10408,1.38825938583135
4602,1.10432,0.977108318072375
4603,1.10456,1.16245714414383
4604,1.1048,1.11197538572935
4605,1.10504,1.05613850275583
4606,1.10528,1.24606681280541
4607,1.10552,1.19272956438206
4608,1.10576,1.13656787489669
4609,1.106,0.847529833645799
4610,1.10624,1.3920589950484
4611,1.10648,0.980846818232016
4612,1.10672,1.16613910449835
4613,1.10696,1.23503244775637
4614,1.1072,0.939063353172785
4615,1.10744,1.12810925650575
4616,1.10768,1.19285616835141
4617,1.10792,1.02136944718668
4618,1.10816,1.32742688101055
4619,1.1084,0.913471027573019
4620,1.10864,1.46176089257925
4621,1.10888,0.684628758691438
4622,1.10912,1.35577624994652
4623,1.10936,0.938352691721477
4624,1.1096,1.12796617772647
4625,1.10984,1.19283010698492
4626,1.11008,0.899419292453755
4627,1.11032,1.44841122987705
4628,1.11056,0.670200718853393
4629,1.1108,1.34206654882013
4630,1.11104,1.16331659538946
4631,1.11128,0.873374684220505
4632,1.11152,1.41703952548761
4633,1.11176,1.00500029168236
4634,1.112,1.18950209685842
4635,1.11224,1.25763910513855
4636,1.11248,0.96094752250662
4637,1.11272,1.14930233877161
4638,1.11296,1.2133892232197
4639,1.1132,0.91923422112436
4640,1.11344,1.46751328720199
4641,1.11368,0.68862002906567
4642,1.11392,1.3598320568684
4643,1.11416,1.18045610471101
4644,1.1144,0.88991477778294
4645,1.11464,1.43300592276288
4646,1.11488,0.901423690678791
4647,1.11512,1.20565676971154
4648,1.11536,1.27324088135661
4649,1.1156,0.976020137646768
4650,1.11584,1.2850063204771
4651,1.11608,1.10757245241455
4652,1.11632,0.934081808087997
4653,1.11656,1.48186875059671
4654,1.1168,0.824104881124682
4655,1.11704,1.61375480076661
4656,1.11728,1.19470540017799
4657,1.11752,0.903702478738185
4658,1.11776,1.44635217449384
4659,1.118,1.03334112384668
4660,1.11824,1.2169135177162
4661,1.11848,1.28416094801632
4662,1.11872,0.986619002215103
4663,1.11896,1.17416016598233
4664,1.1192,1.23746945242028
4665,1.11944,0.942570760842332
4666,1.11968,1.49013915429524
4667,1.11992,0.710566760897613
4668,1.12016,1.38112977478777
4669,1.1204,1.20113415580925
4670,1.12064,0.910000666965087
4671,1.12088,1.45252693021961
4672,1.12112,1.03939855544005
4673,1.12136,1.22286050351132
4674,1.1216,1.29000273034488
4675,1.12184,0.992362253352087
4676,1.12208,1.17980958064782
4677,1.12232,1.24303099867542
4678,1.12256,0.948049059707838
4679,1.1228,1.49553929123399
4680,1.12304,0.715893407793666
4681,1.12328,1.38638724225471
4682,1.12352,1.20632697852743
4683,1.12376,0.915132653606284
4684,1.124,1.45493030039408
4685,1.12424,1.03837522635693
4686,1.12448,1.46749142629167
4687,1.12472,1.04681451829259
4688,1.12496,1.11519712541112
4689,1.1252,1.17924512210059
4690,1.12544,1.36168486818598
4691,1.12568,1.18766066605752
4692,1.12592,1.12956798536423
4693,1.12616,1.31648210042528
4694,1.1264,1.13819681492563
4695,1.12664,1.08419338860083
4696,1.12688,1.38844894434039
4697,1.12712,0.850287396866748
4698,1.12736,1.63931441654734
4699,1.1276,0.978252526429446
4700,1.12784,1.16779717379169
4701,1.12808,1.46852830107725
4702,1.12832,0.935645691602003
4703,1.12856,1.5967907692441
4704,1.1288,0.937673373639101
4705,1.12904,1.48731982320964
4706,1.12928,1.30655253099981
4707,1.12952,1.01218401723803
4708,1.12976,1.31935546300363
4709,1.13,1.37997946038627
4710,1.13024,0.960904208666667
4711,1.13048,1.02665057963301
4712,1.13072,1.20591591297317
4713,1.13096,1.15176838637287
4714,1.1312,1.21629339006902
4715,1.13144,1.39605483534199
4716,1.13168,1.10100244147657
4717,1.13192,1.52679448477567
4718,1.13216,0.983680646971911
4719,1.1324,1.40946691806813
4720,1.13264,1.11462881892149
4721,1.13288,1.05617477066273
4722,1.13312,1.36293902245782
4723,1.13336,1.30765742737251
4724,1.1336,1.12447987121121
4725,1.13384,1.1899252999457
4726,1.13408,1.25116305606669
4727,1.13432,1.31285208953802
4728,1.13456,0.896908462614061
4729,1.1348,1.68164081746404
4730,1.13504,0.778575879503307
4731,1.13528,1.44872488622103
4732,1.13552,1.14838673337124
4733,1.13576,1.44996352768155
4734,1.136,1.03287310592568
4735,1.13624,1.33243744765977
4736,1.13648,0.915728735222634
4737,1.13672,1.57902003465665
4738,1.13696,1.27793748700667
4739,1.1372,0.984290516478527
4740,1.13744,1.52441538501604
4741,1.13768,1.10899034781809
4742,1.13792,1.40925215698946
4743,1.13816,1.23377872921625
4744,1.1384,1.65278162382567
4745,1.13864,0.991281567708175
4746,1.13888,1.41705395957747
4747,1.13912,1.47516012512063
4748,1.13936,0.938183243511442
4749,1.1396,1.72355992276708
4750,1.13984,0.941795561763368
4751,1.14008,1.36978137761673
4752,1.14032,1.18772146029446
4753,1.14056,1.48736842173179
4754,1.1408,0.949512476970645
4755,1.14104,1.73270681395282
4756,1.14128,1.19247945179532
4757,1.14152,1.25927096421504
4758,1.14176,1.67649496255184
4759,1.142,1.01412242618555
4760,1.14224,1.5610833833017
4761,1.14248,1.3777460139472
4762,1.14272,1.08091661327031
4763,1.14296,1.38573200050646
4764,1.1432,1.32336716437861
4765,1.14344,1.38721309759585
4766,1.14368,1.08817435973054
4767,1.14392,1.26765785377982
4768,1.14416,1.32956175119199
4769,1.1444,1.62965806051935
4770,1.14464,0.969451344473451
4771,1.14488,1.51628910666832
4772,1.14512,1.09364347438726
4773,1.14536,1.39412533265346
4774,1.1456,1.21482852900054
4775,1.14584,1.63459293023731
4776,1.14608,0.975110002927268
4777,1.14632,1.51998577526842
4778,1.14656,1.21717141070643
4779,1.1468,1.16331840835737
4780,1.14704,1.46123345682963
4781,1.14728,1.27865342483364
4782,1.14752,1.22042308386459
4783,1.14776,1.28140866351964
4784,1.148,1.46231455775306
4785,1.14824,1.04529172541712
4786,1.14848,1.34492821960676
4787,1.14872,1.40811333781211
4788,1.14896,1.22566955019884
4789,1.1492,1.40954671089803
4790,1.14944,1.10769100993713
4791,1.14968,1.52587609357154
4792,1.14992,0.986797662817108
4793,1.15016,1.76882459816721
4794,1.1504,1.22748083814385
4795,1.15064,1.29320435919785
4796,1.15088,1.70940943784971
4797,1.15112,1.0464998039304
4798,1.15136,1.58852233383937
4799,1.1516,1.04368296806868
4800,1.15184,1.46781929578393
4801,1.15208,1.16879864455605
4802,1.15232,1.70595822578982
4803,1.15256,1.04413301184254
4804,1.1528,1.58588576577327
4805,1.15304,1.04123651490933
4806,1.15328,1.46597729057026
4807,1.15352,1.28252552236341
4808,1.15376,1.34557103143146
4809,1.154,1.40625229334931
4810,1.15424,1.70350618371807
4811,1.15448,1.04057991838679
4812,1.15472,1.46499016655594
4813,1.15496,1.27950641922082
4814,1.1552,1.34275506889312
4815,1.15544,1.40363140445178
4816,1.15568,1.70107299406938
4817,1.15592,1.03832643939456
4818,1.15616,1.58273296313927
4819,1.1564,1.15776235425031
4820,1.15664,1.45601919355781
4821,1.15688,1.03494342765112
4822,1.15712,1.57598765602906
4823,1.15736,1.51314178955039
4824,1.1576,1.09613949010194
4825,1.15784,1.63325501699397
4826,1.15808,1.20929709251006
4827,1.15832,1.63000402821848
4828,1.15856,1.20348682327121
4829,1.1588,1.26671352428061
4830,1.15904,1.56460964845039
4831,1.15928,1.14325703580537
4832,1.15952,1.68673561608094
4833,1.15976,1.26089871093193
4834,1.16,1.55920797347119
4835,1.16024,1.138976992273
4836,1.16048,1.55454185668115
4837,1.16072,1.0147365393254
4838,1.16096,1.6731711864321
4839,1.1612,1.36917816141323
4840,1.16144,1.30887511651126
4841,1.16168,1.4869964778872
4842,1.16192,1.06480383922527
4843,1.16216,1.6047796880511
4844,1.1624,1.0580173785669
4845,1.16264,1.36220980353867
4846,1.16288,1.41735448732597
4847,1.16312,1.23437472025913
4848,1.16336,1.53486000998943
4849,1.1636,1.22995493946177
4850,1.16384,1.28702834773645
4851,1.16408,1.23097319683807
4852,1.16432,1.40740243692631
4853,1.16456,1.46459243931953
4854,1.1648,1.04352377574464
4855,1.16504,1.70222474357534
4856,1.16528,1.15747682976486
4857,1.16552,1.57687459610349
4858,1.16576,1.15570500533421
4859,1.166,1.33065936921036
4860,1.16624,1.27239597144343
4861,1.16648,1.21092739891257
4862,1.16672,1.50816957937472
4863,1.16696,1.08312211108544
4864,1.1672,1.74284248700263
4865,1.16744,1.6792630855826
4866,1.16768,1.49340388686729
4867,1.16792,1.31431968485164
4868,1.16816,1.13213620282038
4869,1.1684,1.67218558614026
4870,1.16864,1.36994166549065
4871,1.16888,1.54970911868916
4872,1.16912,1.36259460337609
4873,1.16936,1.29873551506269
4874,1.1696,1.35697583412012
4875,1.16984,1.53207207228505
4876,1.17008,1.46474222638614
4877,1.17032,1.40034817416921
4878,1.17056,1.33877213748429
4879,1.1708,1.27332515353937
4880,1.17104,1.68839342582914
4881,1.17128,1.14496803621702
4882,1.17152,1.68367007547208
4883,1.17176,1.37669534337406
4884,1.172,1.31789384134305
4885,1.17224,1.61421320854564
4886,1.17248,1.18832646567221
4887,1.17272,1.60756130686894
4888,1.17296,1.54397865176805
4889,1.1732,1.47627515545141
4890,1.17344,1.41152361995542
4891,1.17368,1.34960556042314
4892,1.17392,1.40452372273086
4893,1.17416,1.69942433145169
4894,1.1744,1.63807075243327
4895,1.17464,1.21248400532828
4896,1.17488,1.14845041923975
4897,1.17512,1.80916315585443
4898,1.17536,1.62114069209146
4899,1.1756,1.07869070433695
4900,1.17584,1.49497532651201
4901,1.17608,1.30887168433411
4902,1.17632,1.24886746399977
4903,1.17656,1.90534565655312
4904,1.1768,1.11751035495865
4905,1.17704,1.53432242767063
4906,1.17728,1.46639639599335
4907,1.17752,1.16512779185808
4908,1.17776,1.70068065587656
4909,1.178,1.39630795297625
4910,1.17824,1.45421448649443
4911,1.17848,1.50885148303652
4912,1.17872,1.68473192188218
4913,1.17896,1.25608895939859
4914,1.1792,1.67399763420494
4915,1.17944,1.36776252921279
4916,1.17968,1.66452539514461
4917,1.17992,1.35878551940822
4918,1.18016,1.29374069842165
4919,1.1804,1.70836123006549
4920,1.18064,1.16493113773958
4921,1.18088,1.46137675223088
4922,1.18112,1.39730958568343
4923,1.18136,1.81436729736848
4924,1.1816,1.50527428482257
4925,1.18184,1.20562057310646
4926,1.18208,1.74005741383967
4927,1.18232,1.43418626383189
4928,1.18256,1.49065677866927
4929,1.1828,1.66368531783662
4930,1.18304,1.24087495921239
4931,1.18328,1.77468617798007
4932,1.18352,1.10658877076573
4933,1.18376,1.40610693911251
4934,1.184,1.81950067384753
4935,1.18424,1.3935225786243
4936,1.18448,1.32718532378709
4937,1.18472,1.26208809536658
4938,1.18496,1.80198757953734
4939,1.1852,1.3724666543158
4940,1.18544,1.30849477836629
4941,1.18568,1.96625273167028
4942,1.18592,1.65644971116679
4943,1.18616,1.113836187307
4944,1.1864,1.52826121384927
4945,1.18664,1.70245315912312
4946,1.18688,1.27727919142281
4947,1.18712,1.81148386686462
4948,1.18736,1.14543261445099
4949,1.1876,1.55939259665643
4950,1.18784,1.37106324654918
4951,1.18808,1.30893025266285
4952,1.18832,1.96337063918653
4953,1.18856,1.17358510202988
4954,1.1888,1.71362650081478
4955,1.18904,1.52259898600023
4956,1.18928,1.09795639419302
4957,1.18952,1.51364789693888
4958,1.18976,1.68863092908469
4959,1.19,1.26421798704091
4960,1.19024,1.79524328208901
4961,1.19048,1.13047852055335
4962,1.19072,1.54524968994515
4963,1.19096,1.71631142029883
4964,1.1912,1.29161823593185
4965,1.19144,1.82754069368868
4966,1.19168,1.15757894375122
4967,1.19192,1.57512550406726
4968,1.19216,1.50574262120014
4969,1.1924,1.31995480817314
4970,1.19264,1.97756570678884
4971,1.19288,1.4253293275455
4972,1.19312,1.24174243267208
4973,1.19336,1.77517244188414
4974,1.1936,1.46833911686231
4975,1.19384,1.52389204774062
4976,1.19408,1.69258615606492
4977,1.19432,1.26908326838962
4978,1.19456,1.80223274810242
4979,1.1948,1.37139801753374
4980,1.19504,1.30959905411511
4981,1.19528,1.96351323592496
4982,1.19552,1.41677831667922
4983,1.19576,1.34914664316163
4984,1.196,2.00181030860374
4985,1.19624,1.2137337864777
4986,1.19648,1.50884605011323
4987,1.19672,1.67962659831025
4988,1.19696,1.37356451951074
4989,1.1972,2.02522303392372
4990,1.19744,1.71903709909493
4991,1.19768,1.29107113602948
4992,1.19792,1.46353864751064
4993,1.19816,1.87898590624555
4994,1.1984,1.32694988112988
4995,1.19864,1.50093231639132
4996,1.19888,1.67469223754312
4997,1.19912,1.36379929108022
4998,1.19936,1.66034443983539
4999,1.1996,1.47249131191076
5000,1.19984,1.52603544826114
5001,1.20008,1.57936885612703
5002,1.20032,1.51238497615394
5003,1.20056,1.6849241683355
5004,1.2008,1.49734376646616
5005,1.20104,1.78954226355658
5006,1.20128,1.48072439706958
5007,1.20152,1.29427443790477
5008,1.20176,1.82456016661006
5009,1.202,1.27714918649331
5010,1.20224,1.56978444033881
5011,1.20248,1.6205126603065
5012,1.20272,1.31646171927371
5013,1.20296,1.84711976933488
5014,1.2032,1.53763192835063
5015,1.20344,1.59064207985918
5016,1.20368,1.76035802289231
5017,1.20392,1.33438155542395
5018,1.20416,1.86907773544563
5019,1.2044,1.19529638693998
5020,1.20464,1.49200109772158
5021,1.20488,1.90270230924323
5022,1.20512,1.23186162495433
5023,1.20536,2.00941517440088
5024,1.2056,1.45642502732606
5025,1.20584,1.51089735821879
5026,1.20608,1.56174109509675
5027,1.20632,1.37290157985812
5028,1.20656,1.90906390810306
5029,1.2068,1.47596591101267
5030,1.20704,1.52795348897321
5031,1.20728,1.70009479987672
5032,1.20752,1.148846488514
5033,1.20776,1.56671166132968
5034,1.208,1.73381400796061
5035,1.20824,1.42516420917121
5036,1.20848,1.71818450484874
5037,1.20872,1.40588290990808
5038,1.20896,1.70108288177715
5039,1.2092,1.62963269463697
5040,1.20944,1.43798789447526
5041,1.20968,1.73179801298898
5042,1.20992,1.41938544140399
5043,1.21016,1.71234634776562
5044,1.2104,1.76550922622895
5045,1.21064,1.33492845397839
5046,1.21088,1.74751841782775
5047,1.21112,1.43967512465856
5048,1.21136,1.60984002425444
5049,1.2116,2.02399442677308
5050,1.21184,1.70857845807865
5051,1.21208,1.4007371606493
5052,1.21232,1.93294707542711
5053,1.21256,1.25943168152033
5054,1.2128,1.43569050126336
5055,1.21304,1.72506558058981
5056,1.21328,1.41445217598719
5057,1.21352,1.82933015918999
5058,1.21376,1.39612079047882
5059,1.214,1.45060771312665
5060,1.21424,2.09933474712925
5061,1.21448,1.54676885991967
5062,1.21472,1.59994399847244
5063,1.21496,1.7663636877702
5064,1.2152,1.09793432332153
5065,1.21544,1.63126580841321
5066,1.21568,1.43768697224638
5067,1.21592,1.49346767429335
5068,1.21616,1.782200622935
5069,1.2164,1.11144857193601
5070,1.21664,1.40326670610963
5071,1.21688,1.69164588601029
5072,1.21712,1.50288161491129
5073,1.21736,1.67100188953962
5074,1.2176,1.84053579943045
5075,1.21784,1.52896733501151
5076,1.21808,1.93868167797374
5077,1.21832,1.26949279128029
5078,1.21856,1.8029322833136
5079,1.2188,1.8508809513212
5080,1.21904,1.42084400104749
5081,1.21928,1.95039375209175
5082,1.21952,1.2798940595027
5083,1.21976,2.05434452504635
5084,1.22,1.49833367201391
5085,1.22024,1.55168363523102
5086,1.22048,1.95971274120167
5087,1.22072,1.28931173520444
5088,1.22096,1.82201373335965
5089,1.2212,1.86925562832666
5090,1.22144,1.67991465415298
5091,1.22168,1.36555635299109
5092,1.22192,1.77904096184109
5093,1.22216,1.58543946080033
5094,1.2224,1.5140360541977
5095,1.22264,1.92502126382962
5096,1.22288,1.60920767546537
5097,1.22312,1.66138844021281
5098,1.22336,1.59014624712907
5099,1.2236,1.75957526028122
5100,1.22384,1.32850310653898
5101,1.22408,1.86010953142146
5102,1.22432,1.7882001063085
5103,1.22456,1.36116640934064
5104,1.2248,2.12934805967762
5105,1.22504,1.33715261526659
5106,1.22528,1.62746843440055
5107,1.22552,1.7971354679257
5108,1.22576,1.48786328237724
5109,1.226,2.13598622946338
5110,1.22624,1.34228131171437
5111,1.22648,1.87513170957896
5112,1.22672,1.7978948129027
5113,1.22696,1.48732217672632
5114,1.2272,2.13507775091061
5115,1.22744,1.58158956894182
5116,1.22768,1.63388764976702
5117,1.22792,1.91929710753246
5118,1.22816,1.48717797253916
5119,1.2284,2.13584587153987
5120,1.22864,1.34053964688927
5121,1.22888,1.87530476670754
5122,1.22912,1.44127220598206
5123,1.22936,1.72944663342591
5124,1.2296,1.53965426380916
5125,1.22984,1.70679197809937
5126,1.23008,1.87362456363505
5127,1.23032,1.44140927894022
5128,1.23056,1.7279019839804
5129,1.2308,1.29855870807626
5130,1.23104,1.94988175705792
5131,1.23128,1.39373416977231
5132,1.23152,1.68665139011009
5133,1.23176,1.73329027244112
5134,1.232,1.53956951993815
5135,1.23224,1.94992741285063
5136,1.23248,1.63351408913453
5137,1.23272,1.44283032195345
5138,1.23296,1.97206764225369
5139,1.2332,1.4176555617284
5140,1.23344,1.94755796922842
5141,1.23368,1.39075274008629
5142,1.23392,1.68391266083274
5143,1.23416,1.7307849544346
5144,1.2344,1.53728973613884
5145,1.23464,1.94786620193247
5146,1.23488,1.63166276660728
5147,1.23512,1.44118264271067
5148,1.23536,1.8494556035567
5149,1.2356,1.41336167238225
5150,1.23584,1.8254588529901
5151,1.23608,1.63053028517382
5152,1.23632,1.67724245669102
5153,1.23656,1.84520473011788
5154,1.2368,1.52876154568844
5155,1.23704,1.57860200571839
5156,1.23728,1.98713049786099
5157,1.23752,1.43140566620154
5158,1.23776,1.96047976327367
5159,1.238,1.40333332286729
5160,1.23824,1.81597615303502
5161,1.23848,1.62157121927746
5162,1.23872,1.66878816155302
5163,1.23896,1.8372369930061
5164,1.2392,1.52126064592908
5165,1.23944,1.57155214438907
5166,1.23968,1.73732693874383
5167,1.23992,1.54250460689963
5168,1.24016,1.83328386065974
5169,1.2404,1.51797206576588
5170,1.24064,1.8046742781858
5171,1.24088,1.73112352836868
5172,1.24112,1.5353313001199
5173,1.24136,1.70537413690733
5174,1.2416,1.7495255839556
5175,1.24184,1.67712547621618
5176,1.24208,1.72250718941045
5177,1.24232,1.64830099544907
5178,1.24256,1.93853548839382
5179,1.2428,1.50201722842303
5180,1.24304,1.90892253036388
5181,1.24328,1.59564012697934
5182,1.24352,1.64117652309951
5183,1.24376,1.93136150798308
5184,1.244,1.49562645416696
5185,1.24424,1.78217524552991
5186,1.24448,1.59083050551782
5187,1.24472,1.75648278013989
5188,1.24496,1.92189835704739
5189,1.2452,1.48832938908803
5190,1.24544,1.77352761616684
5191,1.24568,1.94258440158438
5192,1.24592,1.62586355383643
5193,1.24616,1.91119074334475
5194,1.2464,1.47989669562169
5195,1.24664,2.24399821760883
5196,1.24688,1.44789959307411
5197,1.24712,1.73533479895692
5198,1.24736,2.01859403311925
5199,1.2476,1.70599186744227
5200,1.24784,2.10992512336353
5201,1.24808,1.4338873016665
5202,1.24832,1.96382352010307
5203,1.24856,1.88379827786261
5204,1.2488,1.57056411626426
5205,1.24904,2.21662270046893
5206,1.24928,1.7778602017001
5207,1.24952,1.46621498612126
5208,1.24976,2.11029472987974
5209,1.25,1.43475578336355
5210,1.25024,2.20395917618921
5211,1.25048,1.64292553019506
5212,1.25072,1.45269825321592
5213,1.25096,2.21988690716046
5214,1.2512,1.7810755923893
5215,1.25144,1.46938428236432
5216,1.25168,2.11342024093735
5217,1.25192,1.43784040962404
5218,1.25216,2.20700520452245
5219,1.2524,1.64593500056559
5220,1.25264,1.69444861412561
5221,1.25288,1.97796630420655
5222,1.25312,1.42208023087627
5223,1.25336,1.95146208778995
5224,1.2536,1.75322967025142
5225,1.25384,1.56269901728416
5226,1.25408,1.96531812808233
5227,1.25432,1.53204346793346
5228,1.25456,2.05760932317871
5229,1.2548,1.61951495111203
5230,1.25504,2.0297182743306
5231,1.25528,1.71094734593254
5232,1.25552,1.63830464574622
5233,1.25576,1.9226747559078
5234,1.256,1.72539778700492
5235,1.25624,1.77283619302368
5236,1.25648,1.57599214331026
5237,1.25672,1.98035836450617
5238,1.25696,1.66464632818998
5239,1.2572,1.70785625734281
5240,1.25744,1.99581589804394
5241,1.25768,1.67777646732306
5242,1.25792,1.961863749141
5243,1.25816,1.76685337716506
5244,1.2584,1.92899031022304
5245,1.25864,1.49227300588323
5246,1.25888,1.78051565255187
5247,1.25912,2.06238383731552
5248,1.25936,1.74845403693934
5249,1.2596,2.15111777479275
5250,1.25984,1.47387044270214
5251,1.26008,2.00265207718565
5252,1.26032,1.92152351421914
5253,1.26056,1.60723989623979
5254,1.2608,2.25229581218859
5255,1.26104,1.57115773928195
5256,1.26128,1.73927947969394
5257,1.26152,1.77857376607737
5258,1.26176,1.70589034165859
5259,1.262,1.98979820528387
5260,1.26224,1.54978690820017
5261,1.26248,2.07752755607371
5262,1.26272,1.87775776739388
5263,1.26296,1.56204983876724
5264,1.2632,2.08759541956537
5265,1.26344,1.52487218835741
5266,1.26368,2.17358424742677
5267,1.26392,1.73264907403114
5268,1.26416,2.01634860549447
5269,1.2644,1.70161641706553
5270,1.26464,1.86339839131917
5271,1.26488,2.02947127668132
5272,1.26512,1.71119270808715
5273,1.26536,1.99373040180572
5274,1.2656,1.67698421564291
5275,1.26584,1.95927502449112
5276,1.26608,1.52159346037449
5277,1.26632,1.80891383777105
5278,1.26656,2.08857210903902
5279,1.2668,1.6540083986456
5280,1.26704,2.17528947589427
5281,1.26728,1.37964842861954
5282,1.26752,2.26544574896622
5283,1.26776,1.5844727720801
5284,1.268,1.51267347235544
5285,1.26824,2.27329924428249
5286,1.26848,1.595528671874
5287,1.26872,2.12203820285673
5288,1.26896,1.55983664487493
5289,1.2692,2.08745282932192
5290,1.26944,1.76772096009004
5291,1.26968,2.05060105521098
5292,1.26992,1.61570500787198
5293,1.27016,1.89699033639556
5294,1.2704,1.70191025680178
5295,1.27064,1.8639868934951
5296,1.27088,2.02598519342785
5297,1.27112,1.59047578278819
5298,1.27136,2.11083953480345
5299,1.2716,1.79539721977168
5300,1.27184,1.95780077389648
5301,1.27208,1.87611191810839
5302,1.27232,1.56046108315646
5303,1.27256,2.08043151573918
5304,1.2728,1.40469039434883
5305,1.27304,2.1706795132491
5306,1.27328,1.36906422560942
5307,1.27352,2.01633987349818
5308,1.27376,1.69162778647216
5309,1.274,1.73921159150361
5310,1.27424,2.01925360735747
5311,1.27448,1.82039617483922
5312,1.27472,1.98620518608696
5313,1.27496,1.78532427565179
5314,1.2752,2.06512229299839
5315,1.27544,1.62853777712502
5316,1.27568,1.90863715858402
5317,1.27592,1.9503920131687
5318,1.27616,1.63562718947869
5319,1.2764,2.03530203276577
5320,1.27664,1.95871279838618
5321,1.27688,1.75911727219269
5322,1.27712,2.03973099328682
5323,1.27736,1.6043689564511
5324,1.2776,2.1231245198203
5325,1.27784,1.68457488157038
5326,1.27808,1.84815503660569
5327,1.27832,1.88745232108075
5328,1.27856,1.81215715039703
5329,1.2788,2.21298346001769
5330,1.27904,1.53353645316041
5331,1.27928,2.05761891647251
5332,1.27952,1.85387624155855
5333,1.27976,1.65984691103383
5334,1.28,2.18284969579783
5335,1.28024,1.74014732319206
5336,1.28048,2.02740560292411
5337,1.28072,1.94879984731643
5338,1.28096,2.10720981163728
5339,1.2812,1.79069583729943
5340,1.28144,2.06751008935189
5341,1.28168,1.63071142687072
5342,1.28192,2.03218121840829
5343,1.28216,1.83097809740142
5344,1.2824,1.99363755097283
5345,1.28264,1.79239292185301
5346,1.28288,2.07792222587271
5347,1.28312,1.75755667344539
5348,1.28336,2.03592921584554
5349,1.2836,1.83853253519037
5350,1.28384,1.8772098092612
5351,1.28408,1.79956796563794
5352,1.28432,1.96325628852928
5353,1.28456,1.6387753813718
5354,1.2848,1.92364526700714
5355,1.28504,1.72468600973372
5356,1.28528,1.88346102145393
5357,1.28552,2.04925441114315
5358,1.28576,1.72634389021812
5359,1.286,1.8898426299562
5360,1.28624,2.05017989647639
5361,1.28648,1.84533549760864
5362,1.28672,1.88949986890636
5363,1.28696,1.92872464621912
5364,1.2872,1.9640614912442
5365,1.28744,2.01051090379662
5366,1.28768,1.92596965903152
5367,1.28792,1.8481422959317
5368,1.28816,2.00816093764522
5369,1.2884,1.80524069960002
5370,1.28864,2.21032982888701
5371,1.28888,1.76902045506959
5372,1.28912,2.16527063264098
5373,1.28936,1.84833196680705
5374,1.2896,2.24811604414811
5375,1.28984,1.92370436376803
5376,1.29008,1.60685094022894
5377,1.29032,2.1248148284653
5378,1.29056,1.56787449015792
5379,1.2908,2.32678086719524
5380,1.29104,1.64342060553288
5381,1.29128,1.93059122053034
5382,1.29152,2.2118621566234
5383,1.29176,1.64556273393891
5384,1.292,2.05166199227886
5385,1.29224,2.08714999328956
5386,1.29248,1.76679161163895
5387,1.29272,1.81248100561089
5388,1.29296,2.45321130907307
5389,1.2932,1.6472638303519
5390,1.29344,2.29301217770432
5391,1.29368,1.96727081953999
5392,1.29392,1.8883684703602
5393,1.29416,1.69309881896885
5394,1.2944,2.33254667114852
5395,1.29464,1.64955127150549
5396,1.29488,1.93487163786484
5397,1.29512,2.21045791313735
5398,1.29536,1.77199797094164
5399,1.2956,2.2912881613605
5400,1.29584,1.48595318715863
5401,1.29608,2.37109802311445
5402,1.29632,1.80330868036263
5403,1.29656,1.96439215227686
5404,1.2968,2.00170558448991
5405,1.29704,2.03827990198119
5406,1.29728,1.84143814450406
5407,1.29752,2.48111798996479
5408,1.29776,1.67416655858604
5409,1.298,2.20000381554414
5410,1.29824,1.87677630310828
5411,1.29848,2.03347969908905
5412,1.29872,1.83691744227949
5413,1.29896,2.47686514514805
5414,1.2992,1.67017100640573
5415,1.29944,2.19625536144129
5416,1.29968,1.87326450801078
5417,1.29992,2.03019550447514
5418,1.30016,1.83385174496522
5419,1.3004,2.47400888249511
5420,1.30064,1.54679406234354
5421,1.30088,2.31275315255728
5422,1.30112,1.7450959595357
5423,1.30136,2.0252838918362
5424,1.3016,1.9494841356102
5425,1.30184,2.10401786807907
5426,1.30208,1.90280920317931
5427,1.30232,1.9434927887293
5428,1.30256,1.97852513224323
5429,1.3028,1.53835324753468
5430,1.30304,2.18277685400079
5431,1.30328,1.85532316272724
5432,1.30352,2.01578354830932
5433,1.30376,1.81545748731033
5434,1.304,2.21041954153734
5435,1.30424,1.65218273110618
5436,1.30448,1.93310657693668
5437,1.30472,2.08721432071095
5438,1.30496,1.76705308088803
5439,1.3052,2.28703552102547
5440,1.30544,1.71899290473072
5441,1.30568,2.12430442033524
5442,1.30592,2.04271125303443
5443,1.30616,2.07490591172054
5444,1.3064,1.87780363259404
5445,1.30664,2.27188884888964
5446,1.30688,1.82872104286667
5447,1.30712,1.87242056157302
5448,1.30736,2.51124557494275
5449,1.3076,1.58275487602711
5450,1.30784,2.34749199112175
5451,1.30808,1.77866442591823
5452,1.30832,2.05773223727194
5453,1.30856,1.98085976086944
5454,1.3088,2.13436586071453
5455,1.30904,1.93217426850333
5456,1.30928,1.97191704382276
5457,1.30952,2.12543087757483
5458,1.30976,1.56460535287697
5459,1.31,2.08663538847814
5460,1.31024,1.99900902789435
5461,1.31048,1.91824347283497
5462,1.31072,2.07719876445737
5463,1.31096,1.98915793666623
5464,1.3112,2.1529040356107
5465,1.31144,1.8306496509246
5466,1.31168,2.34294775540536
5467,1.31192,1.66381361816035
5468,1.31216,2.42000595509051
5469,1.3124,1.49524471029959
5470,1.31264,2.37818322928552
5471,1.31288,2.04746551214909
5472,1.31312,1.72679628878219
5473,1.31336,2.12560028488148
5474,1.3136,1.91879481430738
5475,1.31384,2.08003813153106
5476,1.31408,1.87565305984414
5477,1.31432,2.15080442084772
5478,1.31456,1.71242591283413
5479,1.3148,2.46663280848885
5480,1.31504,1.66156310319917
5481,1.31528,2.30295527574025
5482,1.31552,1.73469682579993
5483,1.31576,2.13671206663623
5484,1.316,1.80883090574248
5485,1.31624,1.97063807440215
5486,1.31648,2.24875662698512
5487,1.31672,1.9177516509907
5488,1.31696,1.95586225711056
5489,1.3172,1.99498598450803
5490,1.31744,2.2686127661961
5491,1.31768,1.94855511770182
5492,1.31792,1.86511756564705
5493,1.31816,2.25552436436886
5494,1.3184,2.05592550886908
5495,1.31864,2.20839715757965
5496,1.31888,1.64438022087965
5497,1.31912,2.40784055983281
5498,1.31936,1.95719538821813
5499,1.3196,1.87390061540348
5500,1.31984,2.03477987397572
5501,1.32008,2.0666503587796
5502,1.32032,2.10368665963919
5503,1.32056,1.78399243455653
5504,1.3208,2.297015970075
5505,1.32104,1.85739374673053
5506,1.32128,2.25264859479148
5507,1.32152,2.16358983737259
5508,1.32176,1.60167829513889
5509,1.322,2.36365439707682
5510,1.32224,1.91158036668858
5511,1.32248,2.0705010599756
5512,1.32272,1.86870185872611
5513,1.32296,2.26092948507003
5514,1.3232,1.94281450726427
5515,1.32344,1.86079370023959
5516,1.32368,2.25340175141288
5517,1.32392,1.81102817322564
5518,1.32416,2.33000889984069
5519,1.3244,1.99982836946327
5520,1.32464,2.16027600900115
5521,1.32488,2.06884255501174
5522,1.32512,1.86812690813139
5523,1.32536,2.26311688199461
5524,1.3256,2.05397131584143
5525,1.32584,2.09359029359917
5526,1.32608,2.1275685021715
5527,1.32632,1.92172219627985
5528,1.32656,2.20461706441677
5529,1.3268,1.99369564019536
5530,1.32704,1.79194305731176
5531,1.32728,2.30841911201381
5532,1.32752,2.10000611833282
5533,1.32776,1.66056279487552
5534,1.328,2.53532038932702
5535,1.32824,1.60677290242101
5536,1.32848,2.24856639436288
5537,1.32872,1.9194696687337
5538,1.32896,2.07707027073695
5539,1.3292,1.99467020035176
5540,1.32944,2.14555936995303
5541,1.32968,2.06502609824111
5542,1.32992,2.34230271600742
5543,1.33016,2.13122843134281
5544,1.3304,1.93283401050875
5545,1.33064,2.44376722303786
5546,1.33088,1.75593507352233
5547,1.33112,2.15517614199395
5548,1.33136,2.06558719273653
5549,1.3316,2.10192494855928
5550,1.33184,1.89920426058924
5551,1.33208,2.40863104381401
5552,1.33232,1.84700774465156
5553,1.33256,2.48160757999146
5554,1.3328,1.67372640993495
5555,1.33304,2.55292084406509
5556,1.33328,1.73931797757747
5557,1.33352,2.26054502588255
5558,1.33376,1.93292562072841
5559,1.334,1.96642477186339
5560,1.33424,2.36931759918681
5561,1.33448,2.03786179755564
5562,1.33472,2.19145723498822
5563,1.33496,1.99283250605488
5564,1.3352,2.3832865192793
5565,1.33544,1.81771849897572
5566,1.33568,2.33740313776199
5567,1.33592,2.00438133691689
5568,1.33616,2.16344554228476
5569,1.3364,1.95827159770817
5570,1.33664,2.34989005803687
5571,1.33688,1.78888451470335
5572,1.33712,2.54083390371023
5573,1.33736,1.85520719703478
5574,1.3376,2.25219271563853
5575,1.33784,2.04105448374545
5576,1.33808,2.20080012968886
5577,1.33832,1.99367077827153
5578,1.33856,2.268363078728
5579,1.3388,2.06483485905312
5580,1.33904,2.21179465911621
5581,1.33928,2.13190005812081
5582,1.33952,2.16443085038543
5583,1.33976,1.95851275610835
5584,1.34,2.23521146160967
5585,1.34024,2.02492834214738
5586,1.34048,2.06302487968815
5587,1.34072,2.21536874350489
5588,1.34096,2.00641351316249
5589,1.3412,2.28633072526162
5590,1.34144,2.07255691108949
5591,1.34168,1.87071630844932
5592,1.34192,2.38621234478811
5593,1.34216,2.17512508233094
5594,1.3424,1.73312137871544
5595,1.34264,2.60801537360899
5596,1.34288,1.67701635255501
5597,1.34312,2.19881120364602
5598,1.34336,2.22467090536143
5599,1.3436,1.89776734992005
5600,1.34384,2.29711482017928
5601,1.34408,2.20370269891541
5602,1.34432,1.75572743863051
5603,1.34456,2.27632605604821
5604,1.3448,2.05964064391973
5605,1.34504,1.85851730923462
5606,1.34528,2.25487657115817
5607,1.34552,2.16208368574535
5608,1.34576,2.07900365595284
5609,1.346,2.23266542696845
5610,1.34624,2.1426155224138
5611,1.34648,1.82247125305402
5612,1.34672,2.57167299297141
5613,1.34696,1.88516051213472
5614,1.3472,2.28129917909811
5615,1.34744,2.30812749139203
5616,1.34768,1.98389995315178
5617,1.34792,2.49823199041135
5618,1.34816,2.16446976489186
5619,1.3484,1.96549486334761
5620,1.34864,2.47587207638662
5621,1.34888,2.14485232501604
5622,1.34912,2.06396167508754
5623,1.34936,2.57487442839064
5624,1.3496,1.88356392257012
5625,1.34984,2.28600458518208
5626,1.35008,1.95063370273822
5627,1.35032,1.98721306566406
5628,1.35056,2.14203270201435
5629,1.3508,2.40994999395397
5630,1.35104,1.96596561778136
5631,1.35128,2.47774864239234
5632,1.35152,1.78770157130046
5633,1.35176,2.54694094904433
5634,1.352,2.09180901267605
5635,1.35224,2.24739817118327
5636,1.35248,2.04150748196001
5637,1.35272,2.42764721548944
5638,1.35296,1.74638475673637
5639,1.3532,2.61904292680933
5640,1.35344,2.04539955523315
5641,1.35368,2.08541756364231
5642,1.35392,2.59561456248182
5643,1.35416,1.90361909575735
5644,1.3544,2.30540396233441
5645,1.35464,1.96940519426472
5646,1.35488,2.00538411325517
5647,1.35512,2.15962892636173
5648,1.35536,2.42699629147376
5649,1.3556,1.74459092189181
5650,1.35584,2.6157092088914
5651,1.35608,1.80310673919922
5652,1.35632,2.44116274674052
5653,1.35656,2.22573467861002
5654,1.3568,1.90117783295967
5655,1.35704,2.41738558892885
5656,1.35728,1.96292639535148
5657,1.35752,2.24419821076551
5658,1.35776,2.1502429312258
5659,1.358,2.18287997993038
5660,1.35824,2.09554410156677
5661,1.35848,2.36283649306803
5662,1.35872,1.79927965908674
5663,1.35896,2.54918456592488
5664,1.3592,1.85945329867933
5665,1.35944,2.49653964960017
5666,1.35968,2.0396210732771
5667,1.35992,1.95509987658807
5668,1.36016,2.47084224432196
5669,1.3604,2.01596497190251
5670,1.36064,2.29507953473998
5671,1.36088,2.44090449081294
5672,1.36112,2.11283628462831
5673,1.36136,1.90973444773548
5674,1.3616,2.41879172112646
5675,1.36184,1.97103476425235
5676,1.36208,2.48486116667945
5677,1.36232,2.02857992226471
5678,1.36256,2.3072179624175
5679,1.3628,2.20943835050109
5680,1.36304,2.00440712972127
5681,1.36328,2.15907381937638
5682,1.36352,2.42425623594627
5683,1.36376,1.85956600069445
5684,1.364,2.73173746941573
5685,1.36424,1.917944287956
5686,1.36448,2.19713977223058
5687,1.36472,2.34654266152847
5688,1.36496,2.13955450139218
5689,1.3652,2.2914953794838
5690,1.36544,2.19500217899787
5691,1.36568,2.23390232498111
5692,1.36592,2.26324568717977
5693,1.36616,2.17456250276649
5694,1.3664,2.2095417637343
5695,1.36664,2.35631441359718
5696,1.36688,1.54852138515484
5697,1.36712,2.54765038478264
5698,1.36736,2.21001809439336
5699,1.3676,1.76287940290735
5700,1.36784,2.64073707591445
5701,1.36808,2.1844878558149
5702,1.36832,2.10150947485971
5703,1.36856,2.49493133987778
5704,1.3688,2.03591386034832
5705,1.36904,2.43569208111275
5706,1.36928,2.22283829622402
5707,1.36952,2.12822561115044
5708,1.36976,2.28699424027275
5709,1.37,2.31028065167311
5710,1.37024,1.98091331841448
5711,1.37048,2.37398314538408
5712,1.37072,2.39787250074385
5713,1.37096,1.83161547044245
5714,1.3712,2.58854722085225
5715,1.37144,2.12817166036463
5716,1.37168,2.16369038693652
5717,1.37192,2.07868925217078
5718,1.37216,2.58308988650769
5719,1.3724,1.89814716574186
5720,1.37264,2.64703480142754
5721,1.37288,1.83386003406083
5722,1.37312,2.35239132542455
5723,1.37336,2.25622715448565
5724,1.3736,2.04746346774793
5725,1.37384,2.44304992374057
5726,1.37408,2.10373755070382
5727,1.37432,2.26291530014739
5728,1.37456,2.41079380808953
5729,1.3748,2.31654248521178
5730,1.37504,1.8747262517814
5731,1.37528,2.74502422507927
5732,1.37552,2.04752167274585
5733,1.37576,2.32598075605211
5734,1.376,2.22933067223671
5735,1.37624,2.25938841161279
5736,1.37648,1.935591061563
5737,1.37672,2.67996968563645
5738,1.37696,1.9867165258067
5739,1.3772,2.38377293437313
5740,1.37744,2.28643271386224
5741,1.37768,2.07830422585742
5742,1.37792,2.47274293757385
5743,1.37816,2.13232794962373
5744,1.3784,2.29044841594616
5745,1.37864,2.31793238868773
5746,1.37888,2.22483753288488
5747,1.37912,2.01943959329264
5748,1.37936,2.64569593321693
5749,1.3796,1.59582955298389
5750,1.37984,2.59349235874226
5751,1.38008,2.25445903137661
5752,1.38032,1.8059833300281
5753,1.38056,2.68256214632809
5754,1.3808,2.10393424501034
5755,1.38104,2.26210122043467
5756,1.38128,2.40858613194594
5757,1.38152,2.19577833157021
5758,1.38176,1.87239139136208
5759,1.382,2.7391776341395
5760,1.38224,2.04403129315579
5761,1.38248,2.19961196033028
5762,1.38272,2.46523258509971
5763,1.38296,2.01645720284907
5764,1.3832,2.76808436440348
5765,1.38344,2.06822166401439
5766,1.38368,2.34485514707876
5767,1.38392,2.490480356684
5768,1.38416,1.91515391662411
5769,1.3844,2.55361286600048
5770,1.38464,2.0949281145859
5771,1.38488,2.36652795095698
5772,1.38512,2.155671487131
5773,1.38536,2.53748346070259
5774,1.3856,1.72921979533721
5775,1.38584,2.48385181268825
5776,1.38608,2.2649069638474
5777,1.38632,2.05986938272606
5778,1.38656,2.57271882926106
5779,1.3868,2.11288537612682
5780,1.38704,2.62910564716969
5781,1.38728,2.29056451677641
5782,1.38752,2.3184760047933
5783,1.38776,1.99436961070072
5784,1.388,2.616877215894
5785,1.38824,2.16567364239308
5786,1.38848,2.31841244089801
5787,1.38872,2.46062077693252
5788,1.38896,2.01231495296702
5789,1.3892,2.76439083432629
5790,1.38944,1.82529771043413
5791,1.38968,2.46396958566925
5792,1.38992,2.12708298308863
5793,1.39016,2.27770337473112
5794,1.3904,2.18947661221971
5795,1.39064,2.57095858131657
5796,1.39088,1.88175693009518
5797,1.39112,2.75246459148398
5798,1.39136,2.05147095557767
5799,1.3916,2.20847238181211
5800,1.39184,2.47671960923459
5801,1.39208,2.258387697802
5802,1.39232,2.17503523691572
5803,1.39256,2.43780366075685
5804,1.3928,2.22687515001737
5805,1.39304,2.1375135985812
5806,1.39328,2.63857653093026
5807,1.39352,1.70951609494486
5808,1.39376,2.7037712951053
5809,1.394,2.24252162718421
5810,1.39424,2.03489412406347
5811,1.39448,2.6650973286791
5812,1.39472,2.0848503050753
5813,1.39496,2.60092819615333
5814,1.3952,2.25961667180852
5815,1.39544,2.40643482596777
5816,1.39568,2.20218289390292
5817,1.39592,2.46304361551824
5818,1.39616,2.13263924724465
5819,1.3964,2.28718487251762
5820,1.39664,2.54963587841865
5821,1.39688,2.09958580057693
5822,1.39712,2.60946355479447
5823,1.39736,2.14940635598608
5824,1.3976,2.54732864550058
5825,1.39784,2.32831327684822
5826,1.39808,2.35507899196348
5827,1.39832,2.14794483541237
5828,1.39856,2.65054328439979
5829,1.3988,1.96217996460663
5830,1.39904,2.83152208894636
5831,1.39928,1.8899724859034
5832,1.39952,2.40821926148696
5833,1.39976,2.31388423235525
5834,1.4,2.33656240667843
5835,1.40024,2.13385711935045
5836,1.40048,2.63758798099776
5837,1.40072,2.06404272161151
5838,1.40096,2.45492695223915
5839,1.4012,2.4741231441799
5840,1.40144,1.90424470456039
5841,1.40168,2.77623359059881
5842,1.40192,1.95397959234092
5843,1.40216,2.46955540871084
5844,1.4024,2.37398804180854
5845,1.40264,2.16320665146352
5846,1.40288,2.55510838975992
5847,1.40312,2.2122697457031
5848,1.40336,2.36807607432735
5849,1.4036,2.51272733375276
5850,1.40384,2.2933780655937
5851,1.40408,2.0887967016364
5852,1.40432,2.71710638033197
5853,1.40456,2.13505293887437
5854,1.4048,2.41104977250651
5855,1.40504,2.31204515661742
5856,1.40528,2.33810438995518
5857,1.40552,2.25189233614861
5858,1.40576,2.63131451182602
5859,1.406,2.06049459464792
5860,1.40624,2.2121011176932
5861,1.40648,2.59420753177305
5862,1.40672,1.90692460388367
5863,1.40696,2.89623811447551
5864,1.4072,1.95573675860674
5865,1.40744,2.59086610453152
5866,1.40768,2.24971581608236
5867,1.40792,2.27947706019079
5868,1.40816,2.42950568331896
5869,1.4084,2.20698006494193
5870,1.40864,2.36195011157279
5871,1.40888,2.50361956017189
5872,1.40912,2.29100309679764
5873,1.40936,2.20134586055625
5874,1.4096,2.70038390058707
5875,1.40984,1.76938790769208
5876,1.41008,2.76179033579261
5877,1.41032,2.29876940068155
5878,1.41056,1.96961126707604
5879,1.4108,2.60341041410344
5880,1.41104,2.26057743883345
5881,1.41128,2.29655795909784
5882,1.41152,2.32092675105703
5883,1.41176,2.46455929087288
5884,1.412,2.25853745385877
5885,1.41224,2.75736724307476
5886,1.41248,2.06063385348075
5887,1.41272,2.333658415524
5888,1.41296,2.59484389482891
5889,1.4132,1.90305216533588
5890,1.41344,2.77255017643961
5891,1.41368,2.19070166428991
5892,1.41392,2.34529072787773
5893,1.41416,2.72716264434039
5894,1.4144,2.02877359841854
5895,1.41464,2.66408990747854
5896,1.41488,2.44211360069742
5897,1.41512,2.23070058592457
5898,1.41536,2.74005456960845
5899,1.4156,2.15750826887713
5900,1.41584,2.67312416625469
5901,1.41608,2.33226340817216
5902,1.41632,2.23720381863472
5903,1.41656,2.27179469927101
5904,1.4168,2.77024988583381
5905,1.41704,2.31369779917432
5906,1.41728,2.10620152457483
5907,1.41752,2.96747948122315
5908,1.41776,1.91105542338653
5909,1.418,2.54728969677386
5910,1.41824,2.44559639342552
5911,1.41848,2.11435676137799
5912,1.41872,2.86335736244212
5913,1.41896,2.16098415660337
5914,1.4192,2.19555654961523
5915,1.41944,2.70401552367384
5916,1.41968,2.23825656851785
5917,1.41992,2.51264156787244
5918,1.42016,2.41599122333867
5919,1.4204,2.55542823300074
5920,1.42064,1.98983972910457
5921,1.42088,2.73257034639367
5922,1.42112,2.15582046029406
5923,1.42136,2.30701081369818
5924,1.4216,2.6865250122793
5925,1.42184,1.75494133842637
5926,1.42208,2.74850883839147
5927,1.42232,2.2822059706896
5928,1.42256,2.18961334503625
5929,1.4228,2.58258106450452
5930,1.42304,2.23727089467723
5931,1.42328,2.38899225346178
5932,1.42352,2.29788171652465
5933,1.42376,2.67704132043584
5934,1.424,1.98782194689549
5935,1.42424,2.73255193682662
5936,1.42448,2.15334991246793
5937,1.42472,2.18891489066418
5938,1.42496,3.05131213454764
5939,1.4252,1.98809424256855
5940,1.42544,2.62351272801086
5941,1.42568,2.52099595549794
5942,1.42592,2.30185298326697
5943,1.42616,2.33581056517669
5944,1.4264,2.35214326555285
5945,1.42664,2.37917755454462
5946,1.42688,2.40892354284258
5947,1.42712,2.30578039608536
5948,1.42736,2.46166990112123
5949,1.4276,2.36584159427418
5950,1.42784,2.3849200215403
5951,1.42808,2.18138281660077
5952,1.42832,2.80414238902726
5953,1.42856,2.33968242318789
5954,1.4288,2.25229220824623
5955,1.42904,3.11470887576847
5956,1.42928,2.05283920381127
5957,1.42952,2.44592827707293
5958,1.42976,2.70472156617372
5959,1.43,1.77272737859736
5960,1.43024,2.8809255585091
5961,1.43048,2.17615067817947
5962,1.43072,2.32953513606593
5963,1.43096,2.59431881563791
5964,1.4312,2.48770187894831
5965,1.43144,2.16001613558944
5966,1.43168,2.66403551679759
5967,1.43192,2.56140327082863
5968,1.43216,2.11329942242626
5969,1.4324,3.09566060063347
5970,1.43264,2.03434327249311
5971,1.43288,2.54648682271038
5972,1.43312,2.68254665514462
5973,1.43336,1.87150385634769
5974,1.4336,2.86052857064863
5975,1.43384,2.27399257504723
5976,1.43408,2.30736653312129
5977,1.43432,2.57326410416067
5978,1.43456,2.34566863121661
5979,1.4348,2.61824515354192
5980,1.43504,2.51855868583255
5981,1.43528,2.18315761408686
5982,1.43552,2.57696295549919
5983,1.43576,2.11221410257935
5984,1.436,2.3849958124369
5985,1.43624,2.53170957634576
5986,1.43648,2.54525977797111
5987,1.43672,2.09635699974352
5988,1.43696,2.72321222444162
5989,1.4372,2.37681353781919
5990,1.43744,2.04548175108403
5991,1.43768,2.677199451881
5992,1.43792,2.32845008459602
5993,1.43816,2.47687934096918
5994,1.4384,2.38350405567541
5995,1.43864,2.7587456364431
5996,1.43888,1.94897760815366
5997,1.43912,2.8124059368142
5998,1.43936,2.3511342229816
5999,1.4396,2.14302891949261
6000,1.43984,3.00068185482748
6001,1.44008,2.06281303783111
6002,1.44032,2.57536781180635
6003,1.44056,2.59065652205532
6004,1.4408,2.01445006955892
6005,1.44104,2.6472372542181
6006,1.44128,2.41932891605777
6007,1.44152,2.32514845776951
6008,1.44176,2.71220646752452
6009,1.442,2.48591430391806
6010,1.44224,2.40063684045948
6011,1.44248,2.53951855925834
6012,1.44272,2.55957046806168
6013,1.44296,2.11074515595242
6014,1.4432,3.09022540732569
6015,1.44344,2.02789054431208
6016,1.44368,2.66328148749896
6017,1.44392,2.55986477168797
6018,1.44416,2.33986312456138
6019,1.4444,2.37299820088952
6020,1.44464,2.7484962866612
6021,1.44488,2.40789790003312
6022,1.44512,2.19712189637921
6023,1.44536,2.81258317421054
6024,1.4456,1.88096916853784
6025,1.44584,2.74766128816288
6026,1.44608,2.52350984990982
6027,1.44632,2.19494951036927
6028,1.44656,3.05806487650468
6029,1.4468,2.11144017728868
6030,1.44704,2.62659736598861
6031,1.44728,2.52622525252754
6032,1.44752,2.6629739869947
6033,1.44776,2.09524274740691
6034,1.448,2.95577880183308
6035,1.44824,2.36970290163371
6036,1.44848,2.27970806236151
6037,1.44872,2.89736836529771
6038,1.44896,1.96524351561949
6039,1.4492,2.71294013463086
6040,1.44944,2.49044570233986
6041,1.44968,2.16347122203614
6042,1.44992,3.02810394003556
6043,1.45016,2.08032955499107
6044,1.4504,2.59438681351011
6045,1.45064,2.49557333301646
6046,1.45088,2.75014951042747
6047,1.45112,2.06114346961985
6048,1.45136,3.04314666906083
6049,1.4516,2.21593021403985
6050,1.45184,2.36895919632318
6051,1.45208,3.10750344675491
6052,1.45232,2.04655524962824
6053,1.45256,2.79871428664773
6054,1.4528,2.45146426629457
6055,1.45304,2.24268958244195
6056,1.45328,2.98940603999937
6057,1.45352,2.1624112755309
6058,1.45376,2.55754414607928
6059,1.454,2.45916830433155
6060,1.45424,2.59170934344716
6061,1.45448,2.2627173759656
6062,1.45472,2.8831161724806
6063,1.45496,2.41639952978124
6064,1.4552,2.32685025364092
6065,1.45544,3.18719946343113
6066,1.45568,2.12335572196937
6067,1.45592,2.51455606176961
6068,1.45616,2.53013322831788
6069,1.4564,2.19868827004321
6070,1.45664,2.94746897945611
6071,1.45688,2.23921850935473
6072,1.45712,2.39061460747467
6073,1.45736,2.89229707698307
6074,1.4576,2.06580044581332
6075,1.45784,2.70105511146921
6076,1.45808,2.59791482397892
6077,1.45832,2.61611499625856
6078,1.45856,2.16810163100235
6079,1.4588,3.14577021330217
6080,1.45904,2.19850464600111
6081,1.45928,2.46981871221472
6082,1.45952,3.08446069536256
6083,1.45976,1.90197123488681
6084,1.46,3.01372244725325
6085,1.46024,2.30447072206931
6086,1.46048,2.33466083986656
6087,1.46072,3.077703134853
6088,1.46096,2.13086153995283
6089,1.4612,2.6453388637414
6090,1.46144,2.54347637700511
6091,1.46168,2.44044513560218
6092,1.46192,2.35321882823473
6093,1.46216,2.97002141345743
6094,1.4624,2.26848886011518
6095,1.46264,2.54042486644631
6096,1.46288,2.79746487899051
6097,1.46312,2.45076714334032
6098,1.46336,2.60326107291818
6099,1.4636,2.85629147759712
6100,1.46384,2.51228417957002
6101,1.46408,2.30130637022497
6102,1.46432,2.67336632628208
6103,1.46456,2.33691107653238
6104,1.4648,2.36493561203956
6105,1.46504,2.73913019114705
6106,1.46528,2.04950079037094
6107,1.46552,2.90973202637593
6108,1.46576,2.44539962041573
6109,1.466,2.35637822501484
6110,1.46624,2.9758336181252
6111,1.46648,2.03061840917918
6112,1.46672,2.78456713406713
6113,1.46696,2.55835092484523
6114,1.4672,2.57823589950211
6115,1.46744,2.2485989485514
6116,1.46768,3.22315572368614
6117,1.46792,2.15743813843572
6118,1.46816,2.54770271723737
6119,1.4684,3.03995422100789
6120,1.46864,1.85979753643379
6121,1.46888,3.08968510239838
6122,1.46912,2.26032402669176
6123,1.46936,2.4113462535052
6124,1.4696,3.15144977700939
6125,1.46984,2.08589418715008
6126,1.47008,2.71993420816699
6127,1.47032,2.85358877742899
6128,1.47056,1.9134542126573
6129,1.4708,2.90493739406647
6130,1.47104,2.43444568464255
6131,1.47128,2.45817076259454
6132,1.47152,2.36490435568189
6133,1.47176,2.97640159247926
6134,1.472,2.1608447140821
6135,1.47224,2.54591503969745
6136,1.47248,2.79707294324532
6137,1.47272,2.10481258510731
6138,1.47296,2.84487131620322
6139,1.4732,2.49785263850857
6140,1.47344,2.05002056697864
6141,1.47368,3.14807050842853
6142,1.47392,1.96647774605476
6143,1.47416,2.59974200660445
6144,1.4744,2.85383467714952
6145,1.47464,1.91733957065059
6146,1.47488,2.90924597742918
6147,1.47512,2.55770558353085
6148,1.47536,2.34222329673263
6149,1.4756,2.6084430297365
6150,1.47584,2.73804054829605
6151,1.47608,2.40540702050905
6152,1.47632,2.66760497718472
6153,1.47656,2.79815003610179
6154,1.4768,2.1060305781946
6155,1.47704,3.08721569146815
6156,1.47728,2.37555167591636
6157,1.47752,2.40513045342948
6158,1.47776,3.26306546944188
6159,1.478,2.07404170013666
6160,1.47824,2.70807223778176
6161,1.47848,2.95980758237863
6162,1.47872,2.13654019566636
6163,1.47896,3.0097001913216
6164,1.4792,2.41909344780749
6165,1.47944,2.44776433073299
6166,1.47968,2.83332649814093
6167,1.47992,2.24347980494506
6168,1.48016,2.63626836692716
6169,1.4804,2.53692754661744
6170,1.48064,2.55048663412896
6171,1.48088,2.34209299042721
6172,1.48112,2.96020258447853
6173,1.48136,2.61202210513726
6174,1.4816,2.27981648923827
6175,1.48184,3.25625248949684
6176,1.48208,2.18799166476794
6177,1.48232,2.57755115937351
6178,1.48256,2.94843162742574
6179,1.4828,1.88575402415581
6180,1.48304,2.87415123816485
6181,1.48328,2.64086507479588
6182,1.48352,2.06481785694184
6183,1.48376,3.16962499185507
6184,1.484,2.33568864709317
6185,1.48424,2.36556449725114
6186,1.48448,2.98540931875795
6187,1.48472,2.27761691727865
6188,1.48496,2.79108639827347
6189,1.4852,2.68347275081718
6190,1.48544,2.3431198294701
6191,1.48568,2.49383046354837
6192,1.48592,2.74383817988149
6193,1.48616,2.41138105874334
6194,1.4864,2.67375127407091
6195,1.48664,2.80446387180986
6196,1.48688,2.11077327503767
6197,1.48712,3.09218170712851
6198,1.48736,2.38073502429108
6199,1.4876,2.41052461915375
6200,1.48784,3.02856857691811
6201,1.48808,2.31862875116176
6202,1.48832,2.83046805928714
6203,1.48856,2.72258657766998
6204,1.4888,2.61862067560895
6205,1.48904,2.52914977716112
6206,1.48928,2.77863527695852
6207,1.48952,2.43868463793066
6208,1.48976,2.34745851285395
6209,1.49,2.95788589268664
6210,1.49024,2.14435051608316
6211,1.49048,2.88777697306765
6212,1.49072,2.54138462407923
6213,1.49096,2.33206870809172
6214,1.4912,3.19244340188383
6215,1.49144,2.12430195474409
6216,1.49168,2.75759170151858
6217,1.49192,2.89182616308176
6218,1.49216,2.30345981633946
6219,1.4924,2.57734481727815
6220,1.49264,2.83275151805079
6221,1.49288,2.72502343718626
6222,1.49312,2.273775193297
6223,1.49336,3.24835259249478
6224,1.4936,2.30206225276119
6225,1.49384,2.56948854431971
6226,1.49408,3.06059279010221
6227,1.49432,1.99961250573087
6228,1.49456,2.86500833596782
6229,1.4948,2.75243072348396
6230,1.49504,2.17681315198808
6231,1.49528,3.15785336065955
6232,1.49552,2.44389307881636
6233,1.49576,2.47301947151767
6234,1.496,3.08822795986612
6235,1.49624,2.26013345482124
6236,1.49648,3.01233878055511
6237,1.49672,2.7796972803984
6238,1.49696,2.31932728826228
6239,1.4972,2.94871928513817
6240,1.49744,2.35591738986801
6241,1.49768,2.62605918935458
6242,1.49792,2.76584432234914
6243,1.49816,2.41460386512888
6244,1.4984,2.56671057188124
6245,1.49864,2.70082661110412
6246,1.49888,2.47491195919044
6247,1.49912,2.50455939963743
6248,1.49936,2.7542455992868
6249,1.4996,2.53431658654766
6250,1.49984,2.43937508992542
6251,1.50008,2.80786544703576
6252,1.50032,2.47322861281887
6253,1.50056,2.61279243454131
6254,1.5008,2.86137350195995
6255,1.50104,2.40893619601738
6256,1.50128,2.90383991307229
6257,1.50152,2.67486506910023
6258,1.50176,2.34340314056543
6259,1.502,3.07432047553643
6260,1.50224,2.36953481189419
6261,1.50248,2.51804694740858
6262,1.50272,3.1263698977573
6263,1.50296,2.06638312605705
6264,1.5032,2.81332169208296
6265,1.50344,2.94130713526791
6266,1.50368,2.00663267330586
6267,1.50392,3.11005372841992
6268,1.50416,2.51578682385299
6269,1.5044,2.42540444535554
6270,1.50464,3.16640461102243
6271,1.50488,2.21368675271306
6272,1.50512,2.72691989595099
6273,1.50536,2.62032505141525
6274,1.5056,2.63743083777504
6275,1.50584,2.30644993815143
6276,1.50608,3.03826967212539
6277,1.50632,2.3378695894333
6278,1.50656,2.48314950404216
6279,1.5068,2.85134810246734
6280,1.50704,2.51773595130231
6281,1.50728,2.77636443564614
6282,1.50752,2.66606044638776
6283,1.50776,2.33350170543057
6284,1.508,3.30609958091143
6285,1.50824,2.35967851646396
6286,1.50848,2.50583833215127
6287,1.50872,3.1145197592802
6288,1.50896,2.0531437769023
6289,1.5092,2.79743778223899
6290,1.50944,2.80435600601362
6291,1.50968,1.98876982704867
6292,1.50992,3.20956463886822
6293,1.51016,2.37415672588803
6294,1.5104,2.40348451357012
6295,1.51064,3.14218828910162
6296,1.51088,2.42828597544905
6297,1.51112,2.69973710147019
6298,1.51136,2.95234812731134
6299,1.5116,2.48510126582299
6300,1.51184,2.87567544566241
6301,1.51208,2.6391582890785
6302,1.51232,2.5385353695698
6303,1.51256,2.32849552273975
6304,1.5128,3.17644560478588
6305,1.51304,1.99488748587165
6306,1.51328,2.74451159258858
6307,1.51352,2.87328698762692
6308,1.51376,2.17513586548922
6309,1.514,3.04332507486148
6310,1.51424,2.44537916809471
6311,1.51448,2.59295234874191
6312,1.51472,2.73489607236656
6313,1.51496,2.74171861170166
6314,1.5152,2.29031761759772
6315,1.51544,3.0284633472637
6316,1.51568,2.79729689424434
6317,1.51592,2.2253886373791
6318,1.51616,3.44354828211092
6319,1.5164,2.37382767531604
6320,1.51664,2.52275962057726
6321,1.51688,3.13626059010561
6322,1.51712,2.07123062255576
6323,1.51736,2.81900439648974
6324,1.5176,2.70592482204299
6325,1.51784,2.2505216162992
6326,1.51808,3.22977773667031
6327,1.51832,2.15546763311064
6328,1.51856,2.66742282946321
6329,1.5188,3.16099806876762
6330,1.51904,2.33114380053705
6331,1.51928,2.95743865073879
6332,1.51952,2.72030879357901
6333,1.51976,2.50447597976896
6334,1.52,2.88577751609996
6335,1.52024,2.41261994596107
6336,1.52048,2.92480618129441
6337,1.52072,2.81419251148568
6338,1.52096,2.58210533432805
6339,1.5212,2.85207683271357
6340,1.52144,2.61697619443109
6341,1.52168,2.51771241025567
6342,1.52192,2.54689603975955
6343,1.52216,3.03232632194081
6344,1.5224,2.33023328189915
6345,1.52264,2.71313184055318
6346,1.52288,2.95917798428159
6347,1.52312,2.02455468153855
6348,1.52336,3.25177136199388
6349,1.5236,2.53315965065141
6350,1.52384,2.55878022377189
6351,1.52408,2.93790070166345
6352,1.52432,2.70363120444683
6353,1.52456,2.25428981232072
6354,1.5248,2.99440763849911
6355,1.52504,2.75945572090611
6356,1.52528,2.30554167904229
6357,1.52552,3.40166183210495
6358,1.52576,2.20865880851055
6359,1.526,2.72300528641349
6360,1.52624,2.85713560503503
6361,1.52648,2.86440709939263
6362,1.52672,2.41293429434183
6363,1.52696,3.14275217337234
6364,1.5272,2.31623124790461
6365,1.52744,2.58886907882319
6366,1.52768,3.20039384298252
6367,1.52792,2.36877490102644
6368,1.52816,2.88012980894401
6369,1.5284,2.6441106990138
6370,1.52864,2.5439650810848
6371,1.52888,2.33438021471143
6372,1.52912,3.30171727846298
6373,1.52936,2.11540130054971
6374,1.5296,2.98423054898332
6375,1.52984,2.74814327352344
6376,1.53008,2.29056129550068
6377,1.53032,2.80060075770424
6378,1.53056,2.80257626385636
6379,1.5308,2.34397396336362
6380,1.53104,2.72663337981106
6381,1.53128,2.97245033150693
6382,1.53152,2.03760757922417
6383,1.53176,3.26461305761851
6384,1.532,2.544484187653
6385,1.53224,2.44751668924737
6386,1.53248,3.18522545601107
6387,1.53272,2.47036819354358
6388,1.53296,2.50343948167506
6389,1.5332,2.99905356667889
6390,1.53344,2.88362638284651
6391,1.53368,2.19064422998359
6392,1.53392,3.40366540884946
6393,1.53416,2.21310615079108
6394,1.5344,2.72714869888086
6395,1.53464,2.85839230440096
6396,1.53488,2.62497183912705
6397,1.53512,2.89366579462145
6398,1.53536,2.65734071712204
6399,1.5356,2.55690491281088
6400,1.53584,2.34704286749986
6401,1.53608,3.31413291671936
6402,1.53632,2.24522961429262
6403,1.53656,2.87031936284623
6404,1.5368,2.87522160021868
6405,1.53704,2.17795940127629
6406,1.53728,3.04699915554557
6407,1.53752,2.80673916480481
6408,1.53776,2.58790718141373
6409,1.538,2.96633565480097
6410,1.53824,2.73140731234802
6411,1.53848,2.28143727630512
6412,1.53872,3.1407761740435
6413,1.53896,2.78323662373297
6414,1.5392,2.0892144114609
6415,1.53944,3.30688196682233
6416,1.53968,2.70947611240724
6417,1.53992,2.2552754633486
6418,1.54016,3.34590485986151
6419,1.5404,2.2792879334509
6420,1.54064,2.78716200027048
6421,1.54088,3.15181884858698
6422,1.54112,1.96988657937063
6423,1.54136,3.19979572752032
6424,1.5416,2.72165378989327
6425,1.54184,2.38553745796135
6426,1.54208,3.1263350764008
6427,1.54232,2.40744284562989
6428,1.54256,2.67722968567652
6429,1.5428,2.81402925837839
6430,1.54304,2.69877569881592
6431,1.54328,2.60859168375099
6432,1.54352,3.09658631787449
6433,1.54376,2.7468566705733
6434,1.544,2.2959558106437
6435,1.54424,3.38497659654817
6436,1.54448,2.31682294226769
6437,1.54472,2.82322783098735
6438,1.54496,3.18648072507071
6439,1.5452,2.00366188904014
6440,1.54544,3.10937471298167
6441,1.54568,2.87067257096151
6442,1.54592,2.1739710346218
6443,1.54616,3.16248784941837
6444,1.5464,2.68397497740228
6445,1.54664,2.34229538195105
6446,1.54688,3.08474306313407
6447,1.54712,2.6040010381884
6448,1.54736,2.75300287985018
6449,1.5476,2.76644401550848
6450,1.54784,2.76979349369716
6451,1.54808,2.79743705602569
6452,1.54832,2.92489587284556
6453,1.54856,2.6939601255969
6454,1.5488,2.72180004680598
6455,1.54904,3.20684235101059
6456,1.54928,2.2656073286593
6457,1.54952,3.12606517899826
6458,1.54976,2.76959505064923
6459,1.55,2.31624840689518
6460,1.55024,3.41291057196801
6461,1.55048,2.45662015961335
6462,1.55072,2.60689398185117
6463,1.55096,3.09743655493283
6464,1.5512,2.50613180019091
6465,1.55144,2.77626818134976
6466,1.55168,3.25905241015271
6467,1.55192,2.19582149007465
6468,1.55216,2.939171597675
6469,1.5524,3.06109315489253
6470,1.55264,2.12326727513391
6471,1.55288,3.10248264814554
6472,1.55312,2.62295370627803
6473,1.55336,2.40792178453146
6474,1.5536,3.38089517753781
6475,1.55384,2.18997055254742
6476,1.55408,2.94021090128445
6477,1.55432,3.0643222408207
6478,1.55456,1.99961109745206
6479,1.5548,3.2287676904308
6480,1.55504,2.74813881281144
6481,1.55528,2.65327564839417
6482,1.55552,2.79162766683357
6483,1.55576,2.794195716335
6484,1.556,2.5823127784098
6485,1.55624,2.83534022698751
6486,1.55648,2.8399677086329
6487,1.55672,2.2678897859208
6488,1.55696,3.47848092709383
6489,1.5572,2.52659748688842
6490,1.55744,2.67056200337696
6491,1.55768,3.39304912630777
6492,1.55792,2.09064793004088
6493,1.55816,3.31291397033479
6494,1.5584,2.59133990882835
6495,1.55864,2.61842950281746
6496,1.55888,3.1087845014713
6497,1.55912,2.39613632003973
6498,1.55936,2.90756494967036
6499,1.5596,2.79101272430392
6500,1.55984,2.44520288790035
6501,1.56008,2.83424305929306
6502,1.56032,2.9540391679598
6503,1.56056,2.49791722050419
6504,1.5608,2.99488897130317
6505,1.56104,2.75699356696891
6506,1.56128,2.42315984281122
6507,1.56152,3.39578820967438
6508,1.56176,2.08514491940664
6509,1.562,3.31086844062668
6510,1.56224,2.58994442726565
6511,1.56248,2.61380937613738
6512,1.56272,2.99210229037516
6513,1.56296,2.51606279161813
6514,1.5632,2.54836488654838
6515,1.56344,3.04324084661472
6516,1.56368,2.80730635926506
6517,1.56392,2.35456935638338
6518,1.56416,3.44229231950225
6519,1.5644,2.12972362714496
6520,1.56464,3.23770247964793
6521,1.56488,2.51785116600557
6522,1.56512,2.66434564294247
6523,1.56536,3.04053587183288
6524,1.5656,2.56248963658972
6525,1.56584,2.59287514329531
6526,1.56608,2.84583300610726
6527,1.56632,2.85039504881837
6528,1.56656,2.27825465734589
6529,1.5668,3.48924017162071
6530,1.56704,2.17516788961193
6531,1.56728,3.04205411986811
6532,1.56752,2.92479143499807
6533,1.56776,2.10635128809105
6534,1.568,3.21066162688283
6535,1.56824,2.61112795676592
6536,1.56848,2.63774606615003
6537,1.56872,3.24747787931463
6538,1.56896,2.29609207567741
6539,1.5692,3.04536146233486
6540,1.56944,2.8029293443375
6541,1.56968,2.70625342399778
6542,1.56992,2.8428712346285
6543,1.57016,2.84816770801727
6544,1.5704,2.6339924780861
6545,1.57064,3.4775389596548
6546,1.57088,2.051678775952
6547,1.57112,3.2792134383573
6548,1.57136,2.79703334116284
6549,1.5716,2.70068782694526
6550,1.57184,2.83762097494629
6551,1.57208,2.83883428305639
6552,1.57232,2.50714379706971
6553,1.57256,3.00417515568958
6554,1.5728,2.88664018130036
6555,1.57304,2.31318100539653
6556,1.57328,3.52112722689714
6557,1.57352,2.09393519873363
6558,1.57376,3.20119927375227
6559,1.574,2.60051819797826
6560,1.57424,2.50279417877989
6561,1.57448,3.2397788287294
6562,1.57472,2.28414415417823
6563,1.57496,2.79586769301843
6564,1.5752,3.28657720170529
6565,1.57544,2.33417576270905
6566,1.57568,3.08204457334198
6567,1.57592,2.7202017758569
6568,1.57616,2.74678053889185
6569,1.5764,2.88100745613949
6570,1.57664,2.88447769947635
6571,1.57688,2.55178154796455
6572,1.57712,3.27668930329159
6573,1.57736,2.33352880398844
6574,1.5776,3.19214284210225
6575,1.57784,2.71366082924166
6576,1.57808,2.50043911762732
6577,1.57832,3.46903858786303
6578,1.57856,2.15585715716207
6579,1.5788,3.26324871928892
6580,1.57904,2.54283545428876
6581,1.57928,2.80774559121152
6582,1.57952,3.17692150300023
6583,1.57976,2.82425316144938
6584,1.58,2.61148494098711
6585,1.58024,3.33520797245499
6586,1.58048,2.26977931319671
6587,1.58072,3.01102501793887
6588,1.58096,2.65337093946072
6589,1.5812,2.6786408480028
6590,1.58144,3.28707705111487
6591,1.58168,2.57543142693927
6592,1.58192,2.84373807865146
6593,1.58216,3.08377258140573
6594,1.5824,2.50300967098513
6595,1.58264,2.88121607080239
6596,1.58288,2.76549262467823
6597,1.58312,2.55020301089884
6598,1.58336,3.39698826382623
6599,1.5836,2.32722156799845
6600,1.58384,3.07569217848584
6601,1.58408,2.83379470079019
6602,1.58432,2.73633587476432
6603,1.58456,2.87220319644363
6604,1.5848,2.87678177074822
6605,1.58504,2.66191939254287
6606,1.58528,3.50480807514107
6607,1.58552,2.07832005515797
6608,1.58576,3.30525347122635
6609,1.586,2.82249902065057
6610,1.58624,2.72560597326869
6611,1.58648,2.86201491375551
6612,1.58672,2.86711321349909
6613,1.58696,2.65274854913809
6614,1.5872,3.25468492224678
6615,1.58744,2.07185837273876
6616,1.58768,3.29608300866676
6617,1.58792,2.69358313006431
6618,1.58816,2.59885211398326
6619,1.5884,3.33217963012599
6620,1.58864,2.37829098544755
6621,1.58888,3.1247352130394
6622,1.58912,2.76152763320583
6623,1.58936,2.54669043215409
6624,1.5896,3.04264703926309
6625,1.58984,2.92408221325727
6626,1.59008,2.34963653191681
6627,1.59032,3.43858214425527
6628,1.59056,2.1271842378297
6629,1.5908,3.35218615375563
6630,1.59104,2.50943206455477
6631,1.59128,2.77625440171312
6632,1.59152,3.14725859461418
6633,1.59176,2.67083490450719
6634,1.592,2.81861174258851
6635,1.59224,3.05882563539342
6636,1.59248,2.59937013005573
6637,1.59272,3.09315259735054
6638,1.59296,2.85617454351329
6639,1.5932,2.40243929410252
6640,1.59344,3.60726126873011
6641,1.59368,2.17708444532355
6642,1.59392,3.28149362277556
6643,1.59416,2.67986820683826
6644,1.5944,2.58597322587866
6645,1.59464,3.32009965783021
6646,1.59488,2.48245468068369
6647,1.59512,2.6355265048109
6648,1.59536,3.12437788163167
6649,1.5956,3.12231440605941
6650,1.59584,2.54688337618813
6651,1.59608,3.51238331190841
6652,1.59632,2.08252474063617
6653,1.59656,3.06520331213997
6654,1.5968,2.94324819148064
6655,1.59704,2.36479974174602
6656,1.59728,3.45985892148988
6657,1.59752,2.38134516656958
6658,1.59776,3.24870654029024
6659,1.598,2.76625323455486
6660,1.59824,2.7882105858856
6661,1.59848,3.04175971499746
6662,1.59872,2.92094916828207
6663,1.59896,2.70825148871939
6664,1.5992,3.31215366608858
6665,1.59944,2.48463542687338
6666,1.59968,2.98368068567762
6667,1.59992,2.98395694223187
6668,1.60016,2.52583254753806
6669,1.6004,3.61095770675806
6670,1.60064,2.29680837599754
6671,1.60088,3.04200177487897
6672,1.60112,2.92122910831273
6673,1.60136,2.34391153949881
6674,1.6016,3.44005175970802
6675,1.60184,2.47805208245348
6676,1.60208,2.99063982714753
6677,1.60232,3.11742429798562
6678,1.60256,2.76124295133774
6679,1.6028,2.78609888651995
6680,1.60304,3.26434062381406
6681,1.60328,2.4355450083194
6682,1.60352,2.70160646354068
6683,1.60376,3.4232022769917
6684,1.604,2.353089290525
6685,1.60424,3.10254227372158
6686,1.60448,2.86026993779523
6687,1.60472,2.76245062012639
6688,1.60496,2.89926591439273
6689,1.6052,3.01979885975102
6690,1.60544,2.44792059780562
6691,1.60568,3.06166066063963
6692,1.60592,3.0587775999717
6693,1.60616,2.48174380498667
6694,1.6064,3.45223731387483
6695,1.60664,2.37398153111033
6696,1.60688,3.12130835462613
6697,1.60712,2.99772796372593
6698,1.60736,2.53804720158349
6699,1.6076,3.0350782998501
6700,1.60784,3.03342824487126
6701,1.60808,2.33599904992349
6702,1.60832,3.54429997077565
6703,1.60856,2.11004076045542
6704,1.6088,3.09114935131283
6705,1.60904,2.9685488351801
6706,1.60928,2.27053129204694
6707,1.60952,3.37017646209623
6708,1.60976,2.76663955110625
6709,1.61,2.79335825521475
6710,1.61024,3.2793766677277
6711,1.61048,2.92429300386064
6712,1.61072,2.82903172667355
6713,1.61096,3.18718189617383
6714,1.6112,2.48539414352984
6715,1.61144,3.2201791232732
6716,1.61168,2.73784568669721
6717,1.61192,2.88174107322493
6718,1.61216,3.24329918737192
6719,1.6124,2.17436267476443
6720,1.61264,3.27787975913238
6721,1.61288,2.79129464589005
6722,1.61312,2.69854933391934
6723,1.61336,3.18881756393654
6724,1.6136,2.9484761788418
6725,1.61384,2.49152175102245
6726,1.61408,3.57386668654085
6727,1.61432,2.1454795224158
6728,1.61456,3.37059381722857
6729,1.6148,2.64558110919459
6730,1.61504,2.54921198594405
6731,1.61528,3.04822832331568
6732,1.61552,2.80574133042134
6733,1.61576,2.59695588429824
6734,1.616,3.09173222351896
6735,1.61624,3.20821155993612
6736,1.61648,2.15445699636131
6737,1.61672,3.61236909813348
6738,1.61696,2.52968313083112
6739,1.6172,3.03888277589703
6740,1.61744,3.04341683877387
6741,1.61768,2.69016522704291
6742,1.61792,2.59751734719915
6743,1.61816,3.43705057502714
6744,1.6184,2.00866828235989
6745,1.61864,3.47214536033149
6746,1.61888,2.62523634487801
6747,1.61912,2.88851955647402
6748,1.61936,3.01949960958195
6749,1.6196,2.90355393805016
6750,1.61984,2.68885647989443
6751,1.62008,3.41161454704802
6752,1.62032,2.34261575251569
6753,1.62056,3.2059502294182
6754,1.6208,2.84041949506789
6755,1.62104,2.86347325801244
6756,1.62128,2.99432543918872
6757,1.62152,2.87866691310606
6758,1.62176,2.66512915905052
6759,1.622,3.62646887488334
6760,1.62224,2.19263200270529
6761,1.62248,3.29745114048192
6762,1.62272,2.81340563583719
6763,1.62296,2.83553406141617
6764,1.6232,3.32498898023331
6765,1.62344,2.72219393002956
6766,1.62368,2.6341191191295
6767,1.62392,3.11970596529224
6768,1.62416,2.65488813543784
6769,1.6244,2.79492870848228
6770,1.62464,3.1555759422631
6771,1.62488,2.57979615782624
6772,1.62512,3.4229368476043
6773,1.62536,2.34839588336102
6774,1.6256,2.976365108832
6775,1.62584,2.97701220231669
6776,1.62608,2.39690692742086
6777,1.62632,3.13914202539726
6778,1.62656,2.77590374157986
6779,1.6268,2.80283765889774
6780,1.62704,3.28906301331499
6781,1.62728,2.93418384082437
6782,1.62752,2.59857309000434
6783,1.62776,3.55781506419204
6784,1.628,2.01257536200755
6785,1.62824,3.4753551588893
6786,1.62848,2.86655473107182
6787,1.62872,2.88875237740962
6788,1.62896,3.0187850684013
6789,1.6292,2.89972752805766
6790,1.62944,2.44546829585469
6791,1.62968,3.64978851109545
6792,1.62992,2.21172187140419
6793,1.63016,3.20360427261954
6794,1.6304,2.96092353840798
6795,1.63064,2.61568036251686
6796,1.63088,2.6435142381804
6797,1.63112,3.24185011415485
6798,1.63136,2.53842944147228
6799,1.6316,2.91607639086679
6800,1.63184,3.15712604725676
6801,1.63208,2.58334367188285
6802,1.63232,3.43315436089467
6803,1.63256,2.59418806313733
6804,1.6328,2.86229738646014
6805,1.63304,3.34485545445446
6806,1.63328,2.63265026725482
6807,1.63352,2.77924849967813
6808,1.63376,3.37567792658728
6809,1.634,2.54800921470078
6810,1.63424,2.45779607067728
6811,1.63448,3.6604299076862
6812,1.63472,2.34540180190503
6813,1.63496,3.09719635455122
6814,1.6352,3.09681539740985
6815,1.63544,2.38847149016641
6816,1.63568,2.89346971428893
6817,1.63592,3.13035215973086
6818,1.63616,2.3116839960752
6819,1.6364,3.52816136594415
6820,1.63664,2.56359906949044
6821,1.63688,2.95219194732641
6822,1.63712,3.31724916742818
6823,1.63736,2.95715815542605
6824,1.6376,2.74077480730252
6825,1.63784,3.58043993624082
6826,1.63808,2.15266830945828
6827,1.63832,3.37527221306836
6828,1.63856,2.88841116214697
6829,1.6388,2.5496753456583
6830,1.63904,3.04821794155777
6831,1.63928,3.28463360661578
6832,1.63952,2.10901934091221
6833,1.63976,3.56974998103694
6834,1.64,2.60215660292818
6835,1.64024,2.75132716467113
6836,1.64048,3.11868968717683
6837,1.64072,2.9991929075053
6838,1.64096,2.78109929669617
6839,1.6412,3.61954833316684
6840,1.64144,2.19016220579238
6841,1.64168,3.29403989269005
6842,1.64192,2.92369074243373
6843,1.64216,2.70119582192784
6844,1.6424,3.08170741239326
6845,1.64264,2.96078106077039
6846,1.64288,2.86734858766679
6847,1.64312,3.34699000270715
6848,1.64336,2.39974688157282
6849,1.6436,3.25793149402542
6850,1.64384,3.13285810408247
6851,1.64408,2.19713313885997
6852,1.64432,3.65590142908062
6853,1.64456,2.21851731600216
6854,1.6448,3.20797349523793
6855,1.64504,2.84625943005707
6856,1.64528,2.74881004866923
6857,1.64552,3.24284264502826
6858,1.64576,2.75901268227102
6859,1.646,2.78912663446009
6860,1.64624,3.15505500959752
6861,1.64648,3.0333001510428
6862,1.64672,2.81742053267421
6863,1.64696,3.41441755401321
6864,1.6472,2.34804401627174
6865,1.64744,3.56333109433238
6866,1.64768,2.83907327498635
6867,1.64792,2.86397477028348
6868,1.64816,3.58622050800751
6869,1.6484,2.50366477177924
6870,1.64864,3.01508905573814
6871,1.64888,2.89369785111915
6872,1.64912,2.79259158645338
6873,1.64936,3.16588236084933
6874,1.6496,2.9256378397168
6875,1.64984,2.71020270690788
6876,1.65008,3.54898692534733
6877,1.65032,2.11867080449709
6878,1.65056,3.58284730381096
6879,1.6508,2.73355884802758
6880,1.65104,2.75888288768414
6881,1.65128,3.01564729406426
6882,1.65152,3.13365305688671
6883,1.65176,2.67918860552384
6884,1.652,3.28454188421283
6885,1.65224,2.80613960409982
6886,1.65248,2.83566009754196
6887,1.65272,3.5592958355711
6888,1.65296,2.35912897225941
6889,1.6532,2.99294343009379
6890,1.65344,3.23347046797674
6891,1.65368,2.52554662526459
6892,1.65392,2.55683776018553
6893,1.65416,3.40115989174896
6894,1.6544,2.32860294079991
6895,1.65464,3.0743737116314
6896,1.65488,3.55023462204064
6897,1.65512,2.12611695502747
6898,1.65536,3.34915143907205
6899,1.6556,2.97687602853933
6900,1.65584,2.51241800790443
6901,1.65608,3.01624525698751
6902,1.65632,2.89338661607639
6903,1.65656,2.5628705657493
6904,1.6568,3.52725787189441
6905,1.65704,2.45282475286262
6906,1.65728,2.60374005164007
6907,1.65752,3.69104969859274
6908,1.65776,2.37244888515101
6909,1.658,3.24062887333101
6910,1.65824,2.99865120056483
6911,1.65848,2.53813995048671
6912,1.65872,3.39475353610713
6913,1.65896,2.54830914284268
6914,1.6592,2.8185531619552
6915,1.65944,3.30523349142496
6916,1.65968,3.17780650847595
6917,1.65992,2.36266938898924
6918,1.66016,3.69143952587832
6919,1.6604,2.25612105562868
6920,1.66064,3.0026197653982
6921,1.66088,3.2382476770797
6922,1.66112,2.17913214530893
6923,1.66136,3.51986350340995
6924,1.6616,2.55655002402585
6925,1.66184,2.83128272893734
6926,1.66208,3.20509126514424
6927,1.66232,2.7234704507918
6928,1.66256,2.9926875870119
6929,1.6628,3.23181645384564
6930,1.66304,2.63930514488872
6931,1.66328,2.66549737976708
6932,1.66352,3.74070628659784
6933,1.66376,2.30336422214444
6934,1.664,3.17040298120111
6935,1.66424,3.04631974796561
6936,1.66448,2.58654432187319
6937,1.66472,3.55456123347795
6938,1.66496,2.47394134157188
6939,1.6652,3.21900513742869
6940,1.66544,2.73250104360723
6941,1.66568,2.76139038742549
6942,1.66592,3.24291166699316
6943,1.66616,2.53499321453701
6944,1.6664,2.92532686679563
6945,1.66664,3.16452177289274
6946,1.66688,2.22821517862816
6947,1.66712,3.44721576585244
6948,1.66736,2.48594782694372
6949,1.6676,3.2336148118011
6950,1.66784,3.46942429470435
6951,1.66808,2.28064752412048
6952,1.66832,3.14529661523549
6953,1.66856,3.25379207432001
6954,1.6688,2.78557126501587
6955,1.66904,2.80994181118809
6956,1.66928,3.16797200359845
6957,1.66952,2.35273707555473
6958,1.66976,3.80210506161161
6959,1.67,2.36230482375397
6960,1.67024,3.23531306459768
6961,1.67048,3.11204741931583
6962,1.67072,2.29144315443709
6963,1.67096,3.27949909137014
6964,1.6712,3.03627373062473
6965,1.67144,2.57457122041331
6966,1.67168,3.43004532015868
6967,1.67192,2.59172004906726
6968,1.67216,2.9819904862131
6969,1.6724,3.10075023684518
6970,1.67264,2.6314770079417
6971,1.67288,2.89539429091194
6972,1.67312,3.1334876634511
6973,1.67336,2.56130257403383
6974,1.6736,3.77298113497438
6975,1.67384,2.33456843007967
6976,1.67408,3.2040573036139
6977,1.67432,3.07884566280258
6978,1.67456,2.49903755596385
6979,1.6748,3.5944946819346
6980,1.67504,2.5128990364212
6981,1.67528,3.37947253091169
6982,1.67552,3.13202612752704
6983,1.67576,2.42837777717962
6984,1.676,3.05725667618878
6985,1.67624,3.29267629580933
6986,1.67648,2.34892514543828
6987,1.67672,3.20825804426465
6988,1.67696,2.96272719733922
6989,1.6772,2.62945469893427
6990,1.67744,3.71932729983347
6991,1.67768,2.63238975427486
6992,1.67792,2.78540982186512
6993,1.67816,3.1538994014068
6994,1.6784,3.15048256381344
6995,1.67864,2.45605743076599
6996,1.67888,3.77660024790536
6997,1.67912,2.22359295277066
6998,1.67936,3.56650175486003
6999,1.6796,2.71935584369405
7000,1.67984,3.10527910302458
7001,1.68008,3.58581596857044
7002,1.68032,2.73877530022633
7003,1.68056,2.88725047354522
7004,1.6808,3.1297911544876
7005,1.68104,2.7798063781532
7006,1.68128,2.80482480132701
7007,1.68152,3.27978743796167
7008,1.68176,2.33981962347366
7009,1.682,3.67468120588789
7010,1.68224,2.82206050546404
7011,1.68248,2.84586967206302
7012,1.68272,3.4576585156339
7013,1.68296,2.61848299697907
7014,1.6832,3.00794008179391
7015,1.68344,3.12592167538225
7016,1.68368,2.65590555435295
7017,1.68392,2.68205713565721
7018,1.68416,3.27881530735264
7019,1.6844,2.09976523514656
7020,1.68464,3.43951904301773
7021,1.68488,2.83074102142029
7022,1.68512,2.49430549837118
7023,1.68536,3.35021540332492
7024,1.6856,2.86962896423223
7025,1.68584,2.89398915161407
7026,1.68608,3.24840401303306
7027,1.68632,2.42629226584081
7028,1.68656,3.28257352535883
7029,1.6868,3.03412672200158
7030,1.68704,2.6980672385656
7031,1.68728,3.54517684145324
7032,1.68752,2.70014480511858
7033,1.68776,2.85053842097936
7034,1.688,3.21475076946861
7035,1.68824,2.85913123005541
7036,1.68848,2.76460616341852
7037,1.68872,3.8380835325486
7038,1.68896,2.16289714444476
7039,1.6892,3.26868661332884
7040,1.68944,2.78248674276921
7041,1.68968,2.80696876446602
7042,1.68992,3.18275252196315
7043,1.69016,3.1753715826623
7044,1.6904,2.3622567763621
7045,1.69064,3.33694248523182
7046,1.69088,2.96904038065293
7047,1.69112,2.27382475498206
7048,1.69136,3.61494309032655
7049,1.6916,2.76432078557827
7050,1.69184,2.90817426860209
7051,1.69208,3.39027655314097
7052,1.69232,3.02889518316203
7053,1.69256,2.81426540555783
7054,1.6928,3.29440772599293
7055,1.69304,2.11362038683836
7056,1.69328,3.33845385438406
7057,1.69352,2.85337290657185
7058,1.69376,2.8844282824669
7059,1.694,3.36673764527203
7060,1.69424,2.77593184763935
7061,1.69448,2.91961567992299
7062,1.69472,2.79836354318972
7063,1.69496,3.18345298270368
7064,1.6952,3.29727551737574
7065,1.69544,2.35351559309427
7066,1.69568,3.09514536365377
7067,1.69592,3.08916170703226
7068,1.69616,2.63200123753221
7069,1.6964,3.83785876451447
7070,1.69664,2.39868271625679
7071,1.69688,3.26699813178418
7072,1.69712,3.01816563832585
7073,1.69736,2.55941756874792
7074,1.6976,3.17582371863916
7075,1.69784,3.04695034877061
7076,1.69808,2.2291697509158
7077,1.69832,3.45261057286343
7078,1.69856,3.07899786462383
7079,1.6988,2.61894495205763
7080,1.69904,3.47421608848733
7081,1.69928,2.74459861875148
7082,1.69952,3.13006804773134
7083,1.69976,3.36960177374918
7084,1.7,2.65816718602916
7085,1.70024,3.62683498163471
7086,1.70048,2.79047563330145
7087,1.70072,2.93903213510433
7088,1.70096,3.05751165399747
7089,1.7012,2.35400746078552
7090,1.70144,2.98253774335742
7091,1.70168,3.33708150561195
7092,1.70192,2.63319947519686
7093,1.70216,3.12758697783902
7094,1.7024,3.1260938351728
7095,1.70264,3.14896324414228
7096,1.70288,2.90063492997226
7097,1.70312,2.92083856486505
7098,1.70336,3.64678789820211
7099,1.7036,2.92076237223726
7100,1.70384,2.82714998307928
7101,1.70408,3.78423286446869
7102,1.70432,2.58775198771041
7103,1.70456,2.97532397354633
7104,1.7048,3.4518767519571
7105,1.70504,2.25809610377342
7106,1.70528,3.48141912016966
7107,1.70552,3.34556179586444
7108,1.70576,2.4004697144172
7109,1.706,3.25851663890898
7110,1.70624,3.01175584849557
7111,1.70648,2.55830754630364
7112,1.70672,3.644397666571
7113,1.70696,2.44230583589834
7114,1.7072,3.07337477502088
7115,1.70744,3.67298913354676
7116,1.70768,2.70934352188732
7117,1.70792,2.97626877419865
7118,1.70816,3.80804497158505
7119,1.7084,2.13437212043764
7120,1.70864,3.24203122139832
7121,1.70888,3.11535579751742
7122,1.70912,2.40959570516839
7123,1.70936,3.03596775321595
7124,1.7096,3.38844721490242
7125,1.70984,2.56275779461569
7126,1.71008,2.71452279432692
7127,1.71032,3.67408684430749
7128,1.71056,2.59458671440993
7129,1.7108,2.97765217720113
7130,1.71104,3.4513152976534
7131,1.71128,2.74836051777047
7132,1.71152,3.34529995954193
7133,1.71176,2.40738035019404
7134,1.712,3.86187403578331
7135,1.71224,2.41777035428405
7136,1.71248,3.39861369179714
7137,1.71272,2.91153172290222
7138,1.71296,3.173286434779
7139,1.7132,3.04723299641209
7140,1.71344,2.35370678558021
7141,1.71368,3.81058128107567
7142,1.71392,2.36875689388563
7143,1.71416,3.00588072801541
7144,1.7144,3.37378317172393
7145,1.71464,2.89309840692805
7146,1.71488,3.03453048526167
7147,1.71512,2.9123550708287
7148,1.71536,3.29711387278828
7149,1.7156,3.05363208752179
7150,1.71584,2.59479437458198
7151,1.71608,3.92142634264183
7152,1.71632,2.2400378327142
7153,1.71656,3.58300476733536
7154,1.7168,3.09011171188399
7155,1.71704,2.50290683556164
7156,1.71728,2.89016891471429
7157,1.71752,3.36784254472954
7158,1.71776,2.66872366594816
7159,1.718,3.26714552054676
7160,1.71824,2.08834747320183
7161,1.71848,3.31508199747206
7162,1.71872,2.83182136565674
7163,1.71896,2.86461896996886
7164,1.7192,3.58566330195221
7165,1.71944,2.39743343377066
7166,1.71968,3.02115109566342
7167,1.71992,3.01338429653449
7168,1.72016,2.795173747852
7169,1.7204,3.63911279199713
7170,1.72064,2.79104888361086
7171,1.72088,2.82222062679805
7172,1.72112,3.30676263110178
7173,1.72136,2.35907347137158
7174,1.7216,3.81374564289883
7175,1.72184,2.13543497193353
7176,1.72208,3.59900880593752
7177,1.72232,2.51527024316837
7178,1.72256,3.02864589801334
7179,1.7228,3.27331293595581
7180,1.72304,2.56589630008154
7181,1.72328,3.06995181606282
7182,1.72352,2.94649027906173
7183,1.72376,2.37268057165958
7184,1.724,3.82338856840669
7185,1.72424,2.49814161018558
7186,1.72448,3.36299578608634
7187,1.72472,3.35095530934777
7188,1.72496,2.76047822586445
7189,1.7252,2.90888358707598
7190,1.72544,3.38597832107971
7191,1.72568,2.80920380462392
7192,1.72592,3.16814122034246
7193,1.72616,3.06937615670862
7194,1.7264,3.07052290825348
7195,1.72664,2.60695971653753
7196,1.72688,3.57558597957784
7197,1.72712,2.14181462085809
7198,1.72736,3.84099395262101
7199,1.7276,2.39826160766831
7200,1.72784,3.2675600012411
7201,1.72808,3.13818498679256
7202,1.72832,2.56362985061191
7203,1.72856,3.7769487918516
7204,1.7288,2.34010781703278
7205,1.72904,3.33092376692506
7206,1.72928,2.84543486731338
7207,1.72952,2.50847370293351
7208,1.72976,3.36516683990769
7209,1.73,3.11493732518016
7210,1.73024,2.54101123582414
7211,1.73048,3.86865517740854
7212,1.73072,2.18822048078504
7213,1.73096,3.53387182496395
7214,1.7312,2.92240920559724
7215,1.73144,2.82967964753472
7216,1.73168,3.55695958751062
7217,1.73192,2.48363326821279
7218,1.73216,2.87830976821984
7219,1.7324,3.59915266222647
7220,1.73264,2.8769775917607
7221,1.73288,3.01965463212413
7222,1.73312,3.37231152018076
7223,1.73336,2.19071044448495
7224,1.7336,3.53282449041821
7225,1.73384,2.92152034527588
7226,1.73408,2.22405039480421
7227,1.73432,3.21263096706729
7228,1.73456,3.56169701410354
7229,1.7348,2.13354599350636
7230,1.73504,3.70868553428041
7231,1.73528,2.62055424122447
7232,1.73552,3.12972752817215
7233,1.73576,3.12852096108787
7234,1.736,2.66270905903658
7235,1.73624,3.62918494504947
7236,1.73648,2.19335917857666
7237,1.73672,3.89057412367772
7238,1.73696,2.44596527294415
7239,1.7372,3.18969258545436
7240,1.73744,3.18347933119383
7241,1.73768,2.72258734268728
7242,1.73792,3.3192589313504
7243,1.73816,2.97672492685051
7244,1.7384,3.09471538368486
7245,1.73864,3.1110632793762
7246,1.73888,3.35262349526501
7247,1.73912,2.6431313238785
7248,1.73936,3.85331645266639
7249,1.7396,2.17381842325644
7250,1.73984,3.63280495048992
7251,1.74008,2.66707062869514
7252,1.74032,2.82229327274915
7253,1.74056,3.42858481530244
7254,1.7408,2.93931128083613
7255,1.74104,2.96902590342675
7256,1.74128,3.33582182078248
7257,1.74152,3.20664436584179
7258,1.74176,2.74572626670007
7259,1.742,3.34151865751317
7260,1.74224,2.9981442522993
7261,1.74248,3.11533112413462
7262,1.74272,3.13091124500643
7263,1.74296,3.37173723398291
7264,1.7432,2.66064928047719
7265,1.74344,2.81089574151052
7266,1.74368,3.76727829309641
7267,1.74392,2.68473438017423
7268,1.74416,2.71542902700127
7269,1.7444,3.79145385782988
7270,1.74464,2.35623201275018
7271,1.74488,3.3367771959486
7272,1.74512,2.96393549817891
7273,1.74536,2.38307059258003
7274,1.7456,3.01169666662976
7275,1.74584,3.60164845626642
7276,1.74608,2.17210245490247
7277,1.74632,3.63701375966572
7278,1.74656,3.0250529024546
7279,1.7468,2.32347197969322
7280,1.74704,3.3081203126178
7281,1.74728,3.65342670194504
7282,1.74752,2.10184572150599
7283,1.74776,3.68313791011426
7284,1.748,3.06921759591457
7285,1.74824,2.24900750071019
7286,1.74848,3.11664401777122
7287,1.74872,2.99412985156374
7288,1.74896,2.66392280795381
7289,1.7492,3.63164000511317
7290,1.74944,3.13815750358742
7291,1.74968,2.68051717252743
7292,1.74992,3.76167854682577
7293,1.75016,2.55579423481224
7294,1.7504,2.94974320431487
7295,1.75064,3.31112465281706
7296,1.75088,2.36413178270144
7297,1.75112,3.34494668053213
7298,1.75136,2.97856202322808
7299,1.7516,2.88305535770118
7300,1.75184,3.00552506991323
7301,1.75208,3.02615766971697
7302,1.75232,3.27181519292639
7303,1.75256,2.56534841971871
7304,1.7528,2.72001403414325
7305,1.75304,3.91939928650711
7306,1.75328,2.59870452719526
7307,1.75352,2.98283736622199
7308,1.75376,3.45670055623906
7309,1.754,2.6389131901349
7310,1.75424,3.84186526752002
7311,1.75448,2.40081181272684
7312,1.75472,3.03776138421148
7313,1.75496,3.40196356084571
7314,1.7552,3.15747095405848
7315,1.75544,2.82854694019985
7316,1.75568,3.79146665421704
7317,1.75592,2.94222767232965
7318,1.75616,2.61448185319385
7319,1.7564,3.58455066003943
7320,1.75664,2.97349249346273
7321,1.75688,3.00218231067337
7322,1.75712,3.36799751372175
7323,1.75736,2.88453093987798
7324,1.7576,3.15581219755091
7325,1.75784,3.03434988252055
7326,1.75808,2.33267992510469
7327,1.75832,3.31724348310922
7328,1.75856,3.42105231607322
7329,1.7588,2.35709140448629
7330,1.75904,3.81037360472742
7331,1.75928,2.60305250694555
7332,1.75952,2.75986756528239
7333,1.75976,3.60387065690987
7334,1.76,2.77030185967508
7335,1.76024,3.04132932658962
7336,1.76048,3.15938726857069
7337,1.76072,3.0620229195921
7338,1.76096,3.30636117520509
7339,1.7612,2.59952653091927
7340,1.76144,3.81225204110581
7341,1.76168,2.37706248818285
7342,1.76192,3.83435473337363
7343,1.76216,2.50973272605551
7344,1.7624,3.02495314128607
7345,1.76264,3.38992852047387
7346,1.76288,3.14617648722194
7347,1.76312,2.81796079138572
7348,1.76336,3.78155760239725
7349,1.7636,2.93296771974917
7350,1.76384,2.6058430409593
7351,1.76408,3.57650568792684
7352,1.76432,3.32461563709816
7353,1.76456,2.14949703395276
7354,1.7648,3.37401337354287
7355,1.76504,2.77016255910957
7356,1.76528,2.6845930418636
7357,1.76552,3.65185810617855
7358,1.76576,3.39671964517895
7359,1.766,2.21849508326555
7360,1.76624,3.44004141384227
7361,1.76648,2.83335101447266
7362,1.76672,2.74506641990232
7363,1.76696,3.58990130686934
7364,1.7672,2.15666601469069
7365,1.76744,3.50123475470773
7366,1.76768,2.88963269675122
7367,1.76792,2.31262681344288
7368,1.76816,2.94494157100154
7369,1.7684,3.77719464324864
7370,1.76864,2.10711730113252
7371,1.76888,3.68437907059309
7372,1.76912,2.71722058113898
7373,1.76936,2.9807590915875
7374,1.7696,3.09257800798552
7375,1.76984,2.99260894165063
7376,1.77008,3.70956235869681
7377,1.77032,2.98367075351834
7378,1.77056,2.7720657067446
7379,1.7708,3.84984071342802
7380,1.77104,2.41328411981325
7381,1.77128,3.28318384450258
7382,1.77152,3.15437645762793
7383,1.77176,2.21910521813912
7384,1.772,3.79723427335462
7385,1.77224,2.35768733387556
7386,1.77248,3.23003069786052
7387,1.77272,3.46085753490856
7388,1.77296,2.62952807755234
7389,1.7732,3.13882775296863
7390,1.77344,3.25298499824512
7391,1.77368,2.18970139967749
7392,1.77392,3.41270500236118
7393,1.77416,2.92679639121184
7394,1.7744,2.83499114086707
7395,1.77464,3.90883341009727
7396,1.77488,2.46889533576162
7397,1.77512,2.97912541516899
7398,1.77536,3.57131183538791
7399,1.7756,2.38098349552627
7400,1.77584,3.36564018306419
7401,1.77608,2.9924020697795
7402,1.77632,2.411158507157
7403,1.77656,3.03942043410407
7404,1.7768,3.86867924394685
7405,1.77704,2.31074068794387
7406,1.77728,3.18879865436387
7407,1.77752,3.06814855398034
7408,1.77776,2.72112774504055
7409,1.778,2.75470061967984
7410,1.77824,4.07438208318741
7411,1.77848,2.74716545600006
7412,1.77872,2.8938829889864
7413,1.77896,3.50205281316861
7414,1.7792,3.25119952687295
7415,1.77944,2.55768437594889
7416,1.77968,3.8899281130772
7417,1.77992,2.80214532724851
7418,1.78016,3.06717206359109
7419,1.7804,3.18413836432275
7420,1.78064,2.47699712284312
7421,1.78088,2.86284445838139
7422,1.78112,2.76312245904736
7423,1.78136,2.66774158205684
7424,1.7816,2.57651769589948
7425,1.78184,3.31534501558593
7426,1.78208,3.30574572832492
7427,1.78232,2.84085811323725
7428,1.78256,3.3446980487345
7429,1.7828,3.33819002931881
7430,1.78304,2.50801933100404
7431,1.78328,2.54191841698956
7432,1.78352,3.75247563229719
7433,1.78376,2.90910214488513
7434,1.784,2.69682957188183
7435,1.78424,3.78691209116139
7436,1.78448,3.1787012824472
7437,1.78472,3.06531961052638
7438,1.78496,2.95687511174899
7439,1.7852,2.85315758944921
7440,1.78544,2.51693734800619
7441,1.78568,3.49290052776091
7442,1.78592,3.12141827388782
7443,1.78616,2.42368284075498
7444,1.7864,3.17103168783204
7445,1.78664,3.64101190057292
7446,1.78688,2.44876331010344
7447,1.78712,3.42644024595346
7448,1.78736,3.28968844886153
7449,1.7876,2.58861108852071
7450,1.78784,3.56065659030939
7451,1.78808,2.94752416516132
7452,1.78832,2.73631128870747
7453,1.78856,3.5812095354805
7454,1.7888,2.27311023704333
7455,1.78904,3.49374350478667
7456,1.78928,2.76857729870198
7457,1.78952,3.03920373840718
7458,1.78976,3.2770347227222
7459,1.79,2.57920326477377
7460,1.79024,3.67068484659791
7461,1.79048,2.47464324641017
7462,1.79072,3.34103094724153
7463,1.79096,2.85826912750616
7464,1.7912,3.0064743789966
7465,1.79144,3.72204336546717
7466,1.79168,2.52514021722078
7467,1.79192,3.03553269248563
7468,1.79216,3.50716882894507
7469,1.7924,2.31831429172472
7470,1.79264,3.18629519598218
7471,1.79288,2.94385392976995
7472,1.79312,2.85441876950016
7473,1.79336,3.93658078531246
7474,1.7936,2.73212616047935
7475,1.79384,3.23705788621
7476,1.79408,3.10609173639681
7477,1.79432,2.77090923879893
7478,1.79456,3.73519509459931
7479,1.7948,2.41967233987675
7480,1.79504,3.40187673504328
7481,1.79528,3.14873628779325
7482,1.79552,2.45572503846552
7483,1.79576,3.55229489642468
7484,1.796,3.05909699767574
7485,1.79624,2.60662904363857
7486,1.79648,3.57678153959195
7487,1.79672,2.38501348994896
7488,1.79696,3.25020340288974
7489,1.7972,3.00509194595081
7490,1.79744,2.91310144619165
7491,1.79768,3.6342180906248
7492,1.79792,2.32539647958875
7493,1.79816,3.31303830343028
7494,1.7984,2.94712956805491
7495,1.79864,2.856441300423
7496,1.79888,3.70072491878573
7497,1.79912,2.61823105207705
7498,1.79936,2.89213696600006
7499,1.7996,3.13184102316597
7500,1.79984,2.55862936249611
7501,1.80008,3.65125052213627
7502,1.80032,2.45541839876049
7503,1.80056,3.20394182427009
7504,1.8008,3.07806158540328
7505,1.80104,2.5080887211941
7506,1.80128,3.72143922024469
7507,1.80152,2.52478015878353
7508,1.80176,3.03543029120943
7509,1.802,3.62758791476627
7510,1.80224,2.31825847152262
7511,1.80248,3.53769351656295
7512,1.80272,2.92771320131919
7513,1.80296,3.07323828332164
7514,1.8032,3.42713173433996
7515,1.80344,2.48254618843226
7516,1.80368,3.57813793724081
7517,1.80392,3.20121602499243
7518,1.80416,2.62509540572627
7519,1.8044,3.7149344521703
7520,1.80464,2.51644244944664
7521,1.80488,3.26242208572791
7522,1.80512,3.25130981371588
7523,1.80536,2.43599707119955
7524,1.8056,3.6521540698345
7525,1.80584,2.69088602131935
7526,1.80608,3.08071706914508
7527,1.80632,3.67403070583041
7528,1.80656,2.47958722593239
7529,1.8068,3.11216281810879
7530,1.80704,2.98916758751433
7531,1.80728,2.77702247658875
7532,1.80752,3.74263718268992
7533,1.80776,2.43063893027768
7534,1.808,3.18212900110098
7535,1.80824,3.05696893357224
7536,1.80848,2.60663257224308
7537,1.80872,3.69383152039516
7538,1.80896,2.6118779568182
7539,1.8092,2.88629959757097
7540,1.80944,3.96658565565676
7541,1.80968,2.76078533968332
7542,1.80992,3.14766593492536
7543,1.81016,3.73815815615118
7544,1.8104,2.54101742099762
7545,1.81064,3.17101374387776
7546,1.81088,3.04555212527494
7547,1.81112,2.83104906146681
7548,1.81136,3.79440895435345
7549,1.8116,2.48025522141174
7550,1.81184,3.22968417123794
7551,1.81208,3.10255356579438
7552,1.81232,2.76971461717061
7553,1.81256,3.73664443943868
7554,1.8128,2.88644196670138
7555,1.81304,2.79961096389795
7556,1.81328,3.40355439897132
7557,1.81352,2.21929483920394
7558,1.81376,3.09473214725065
7559,1.814,3.09286595954893
7560,1.81424,2.64110515112471
7561,1.81448,3.73087669671096
7562,1.81472,2.7672771301039
7563,1.81496,2.92002451362738
7564,1.8152,3.75931976582154
7565,1.81544,2.56225830500353
7566,1.81568,3.30820392688117
7567,1.81592,3.17774378823999
7568,1.81616,2.84172232332446
7569,1.8164,3.80560980200874
7570,1.81664,2.83487294054876
7571,1.81688,2.86539074107973
7572,1.81712,3.34326331311127
7573,1.81736,2.64018236143738
7574,1.8176,3.61287151767257
7575,1.81784,2.76338016418865
7576,1.81808,2.9160054995722
7577,1.81832,3.51503179661378
7578,1.81856,2.44802859896595
7579,1.8188,3.42955985744822
7580,1.81904,3.17536175689359
7581,1.81928,2.48090613871666
7582,1.81952,3.69631429397294
7583,1.81976,2.49899615776728
7584,1.82,2.89843334490285
7585,1.82024,3.38062324700811
7586,1.82048,2.43848527376615
7587,1.82072,3.53636598625501
7588,1.82096,2.92509719359442
7589,1.8212,2.59845718198441
7590,1.82144,3.57175653146423
7591,1.82168,2.84396181167889
7592,1.82192,2.75919099886216
7593,1.82216,3.84442648148816
7594,1.8224,2.52658816854739
7595,1.82264,3.03901240118263
7596,1.82288,3.39226580561301
7597,1.82312,2.21134958453615
7598,1.82336,3.31567304539884
7599,1.8236,2.94895218507227
7600,1.82384,2.97509214600746
7601,1.82408,3.69106522268393
7602,1.82432,2.49410615684653
7603,1.82456,3.23932762057299
7604,1.8248,3.46585468867077
7605,1.82504,2.40201660928969
7606,1.82528,3.50464335360325
7607,1.82552,2.78118213038467
7608,1.82576,3.04903584299187
7609,1.826,3.64159901168055
7610,1.82624,2.33090721520008
7611,1.82648,3.43623568414084
7612,1.82672,3.18367737897605
7613,1.82696,2.37140704552208
7614,1.8272,3.47240110835081
7615,1.82744,2.86276577212741
7616,1.82768,2.65620415920721
7617,1.82792,3.38221520519949
7618,1.82816,2.44238200795053
7619,1.8284,3.6588049541341
7620,1.82864,2.69778759966578
7621,1.82888,3.08916362845362
7622,1.82912,3.56111857446857
7623,1.82936,2.13593976848572
7624,1.8296,3.12780382167189
7625,1.82984,3.24209513911862
7626,1.83008,2.30707034491791
7627,1.83032,3.64663656218305
7628,1.83056,2.33367038953994
7629,1.8308,3.32172771725132
7630,1.83104,2.95621654210823
7631,1.83128,2.7465143792548
7632,1.83152,3.94885736633043
7633,1.83176,2.6258323431064
7634,1.832,2.90018116599424
7635,1.83224,3.86189415042427
7636,1.83248,2.54091425880469
7637,1.83272,3.17055319059895
7638,1.83296,3.76058143206118
7639,1.8332,2.44621382584702
7640,1.83344,3.31354352404586
7641,1.83368,2.9475804140044
7642,1.83392,3.0955803053997
7643,1.83416,3.44923946361496
7644,1.8344,2.50443691859086
7645,1.83464,3.5997691264019
7646,1.83488,3.10283988095595
7647,1.83512,2.53174753461646
7648,1.83536,3.74531170751346
7649,1.8356,2.54622811057245
7650,1.83584,2.70564059585993
7651,1.83608,3.7931093201487
7652,1.83632,2.82730589206795
7653,1.83656,2.97924653961016
7654,1.8368,3.69316997979747
7655,1.83704,2.49860833326207
7656,1.83728,3.13106728059767
7657,1.83752,3.00795927922455
7658,1.83776,2.32034999195907
7659,1.838,3.54445308694135
7660,1.83824,2.58730103662651
7661,1.83848,3.09785792262956
7662,1.83872,3.32997671148195
7663,1.83896,2.39046350618561
7664,1.8392,3.49085491410145
7665,1.83944,2.88025397771589
7666,1.83968,2.6731972756058
7667,1.83992,3.5220597443512
7668,1.84016,2.33717853378197
7669,1.8404,3.32489760322021
7670,1.84064,3.19511275046396
7671,1.84088,2.4998764728842
7672,1.84112,3.59596745982925
7673,1.84136,2.86756128194138
7674,1.8416,2.7822033453104
7675,1.84184,3.6272128432371
7676,1.84208,2.31711114123986
7677,1.84232,3.07174374977694
7678,1.84256,3.30679863424943
7679,1.8428,2.49081149739123
7680,1.84304,3.5899623351335
7681,1.84328,2.74423046563411
7682,1.84352,2.89950151463697
7683,1.84376,3.61704137078494
7684,1.844,2.30915609280529
7685,1.84424,3.64847478248179
7686,1.84448,2.45297608341596
7687,1.84472,3.08584899679091
7688,1.84496,3.56044395856616
7689,1.8452,2.36963271801199
7690,1.84544,3.47238023866105
7691,1.84568,2.98519301408778
7692,1.84592,3.01414937257521
7693,1.84616,3.36772145505938
7694,1.8464,2.54828804657829
7695,1.84664,3.63847925334172
7696,1.84688,2.21078650787442
7697,1.84712,2.96839532538305
7698,1.84736,3.56494095400815
7699,1.8476,2.25806165421273
7700,1.84784,3.36703550579314
7701,1.84808,3.11621370465228
7702,1.84832,2.78271715567048
7703,1.84856,3.5063227399264
7704,1.8488,2.20247381585005
7705,1.84904,3.43065165364856
7706,1.84928,2.59459986144284
7707,1.84952,3.10507928596464
7708,1.84976,3.33712293121539
7709,1.85,2.3975370752292
7710,1.85024,3.49785796748514
7711,1.85048,2.88718922362012
7712,1.85072,2.68006726602336
7713,1.85096,3.52886643623985
7714,1.8512,2.34392479156587
7715,1.85144,3.3315854669008
7716,1.85168,3.20174489391115
7717,1.85192,2.50645574043508
7718,1.85216,3.60249562240748
7719,1.8524,2.87404167393011
7720,1.85264,2.78863821702608
7721,1.85288,3.63360422575873
7722,1.85312,2.32346219396815
7723,1.85336,3.07805600112514
7724,1.8536,3.0743124050554
7725,1.85384,2.62208819279166
7726,1.85408,3.71398537307751
7727,1.85432,2.74806551446393
7728,1.85456,3.13958465566131
7729,1.8548,3.13535540444894
7730,1.85504,2.44342466921157
7731,1.85528,3.66124629430485
7732,1.85552,2.23226242931096
7733,1.85576,3.22269367469183
7734,1.856,3.21315144680359
7735,1.85624,2.51745052337468
7736,1.85648,3.61309717103536
7737,1.85672,2.88426917739243
7738,1.85696,2.79850871298233
7739,1.8572,3.4034745909827
7740,1.85744,2.34351326886266
7741,1.85768,3.32741001611835
7742,1.85792,3.07720798459757
7743,1.85816,2.62495003767104
7744,1.8584,3.7168158694867
7745,1.85864,2.7508677799533
7746,1.85888,2.78596367584412
7747,1.85912,3.26821179911043
7748,1.85936,2.45253225336775
7749,1.8596,3.66696999029593
7750,1.85984,2.93759911568738
7751,1.86008,2.72931911194304
7752,1.86032,3.93302160125255
7753,1.86056,2.61392738677256
7754,1.8608,3.0087520392071
7755,1.86104,3.3645915600323
7756,1.86128,2.30860094261318
7757,1.86152,3.41429934601856
7758,1.86176,2.81101161767885
7759,1.862,2.84396984324608
7760,1.86224,3.80351109623612
7761,1.86248,2.48878073246687
7762,1.86272,3.12218764091146
7763,1.86296,3.23612111999474
7764,1.8632,2.4245197623209
7765,1.86344,3.52349624497438
7766,1.86368,3.03306876199605
7767,1.86392,2.5828427652537
7768,1.86416,3.67665179622095
7769,1.8644,2.71256267079658
7770,1.86464,3.10190159928746
7771,1.86488,3.09691273663194
7772,1.86512,2.52672409814566
7773,1.86536,3.73847535978409
7774,1.8656,2.77301604335374
7775,1.86584,2.80770875147454
7776,1.86608,3.76890885116632
7777,1.86632,2.45576555049152
7778,1.86656,3.4392575244216
7779,1.8668,2.83498007291416
7780,1.86704,2.75066639324554
7781,1.86728,3.83331823530442
7782,1.86752,2.63458327421397
7783,1.86776,3.0295266372365
7784,1.868,3.50356649473878
7785,1.86824,2.43988085693911
7786,1.86848,3.65679407776493
7787,1.86872,2.58082140635783
7788,1.86896,2.97725123946985
7789,1.8692,3.57297173046923
7790,1.86944,2.38210669818703
7791,1.86968,3.25429945632232
7792,1.86992,3.24453556692402
7793,1.87016,2.66884968743099
7794,1.8704,3.63707398658519
7795,1.87064,2.32450301830963
7796,1.87088,3.19790109339023
7797,1.87112,3.42897039399112
7798,1.87136,2.24701236331515
7799,1.8716,3.47327872036676
7800,1.87184,2.98345924137037
7801,1.87208,2.89237156885123
7802,1.87232,3.49314669501018
7803,1.87256,2.31018273077104
7804,1.8728,3.41779965052495
7805,1.87304,3.16701231037265
7806,1.87328,2.47365899261189
7807,1.87352,3.57154913046061
7808,1.87376,2.84486580244422
7809,1.874,3.11493031649355
7810,1.87424,3.23110224139314
7811,1.87448,2.41733719096653
7812,1.87472,3.51684792378445
7813,1.87496,3.02740672265877
7814,1.8752,2.57980837907815
7815,1.87544,3.78944867591193
7816,1.87568,2.58845190765378
7817,1.87592,2.98340472819556
7818,1.87616,3.34065073619535
7819,1.8764,2.2816327647076
7820,1.87664,3.50558100134132
7821,1.87688,2.78491395589873
7822,1.87712,2.93952545575051
7823,1.87736,3.65600253442856
7824,1.8776,2.34709998346744
7825,1.87784,3.33642961368473
7826,1.87808,2.73597833772899
7827,1.87832,3.01083813938702
7828,1.87856,3.60527869798268
7829,1.8788,2.41319148683487
7830,1.87904,3.28421545348095
7831,1.87928,3.27333462294389
7832,1.87952,2.33797152806456
7833,1.87976,3.56001128646619
7834,1.88,2.36730791693224
7835,1.88024,3.35754119731079
7836,1.88048,3.34348946027484
7837,1.88072,2.40423312395078
7838,1.88096,3.6246950577855
7839,1.8812,2.89584510877823
7840,1.88144,2.80874099302467
7841,1.88168,3.17148812023298
7842,1.88192,2.59838223848429
7843,1.88216,3.69058034413689
7844,1.8824,2.95889478096265
7845,1.88264,2.75013100705316
7846,1.88288,3.83222536439042
7847,1.88312,2.51665682107845
7848,1.88336,3.26646569181468
7849,1.8836,2.7859365729096
7850,1.88384,3.05872945869631
7851,1.88408,3.53135681636177
7852,1.88432,2.22800813697222
7853,1.88456,3.57166315926571
7854,1.8848,2.84650969412718
7855,1.88504,2.64486022700022
7856,1.88528,3.61527182992817
7857,1.88552,2.42724474655339
7858,1.88576,3.64765450816263
7859,1.886,2.801103437046
7860,1.88624,2.95351012432427
7861,1.88648,3.55187178887597
7862,1.88672,2.36270513224745
7863,1.88696,3.11840898661718
7864,1.8872,3.11490254325987
7865,1.88744,2.54696878272605
7866,1.88768,3.75738180852586
7867,1.88792,2.55496401164374
7868,1.88816,3.4216964718595
7869,1.8884,2.81859908062911
7870,1.88864,2.85524260801282
7871,1.88888,3.8147990886159
7872,1.88912,2.26176055035681
7873,1.88936,3.37307929597891
7874,1.8896,2.89063985453703
7875,1.88984,2.68757418477979
7876,1.89008,3.65272312167231
7877,1.89032,2.22435691932964
7878,1.89056,3.45238770940417
7879,1.8908,3.19868369792156
7880,1.89104,2.50689725338389
7881,1.89128,3.72091531076314
7882,1.89152,2.52401061113519
7883,1.89176,2.68813060796036
7884,1.892,3.77746209046033
7885,1.89224,2.80909049988319
7886,1.89248,2.84272094932549
7887,1.89272,3.80290472667722
7888,1.89296,2.48879150864044
7889,1.8932,3.24218465282267
7890,1.89344,3.35320859132702
7891,1.89368,2.53360948360422
7892,1.89392,3.74561150719416
7893,1.89416,2.77909540146385
7894,1.8944,2.815817999265
7895,1.89464,3.78071697525238
7896,1.89488,2.46409045352261
7897,1.89512,3.09919951283648
7898,1.89536,3.57072280677034
7899,1.8956,2.26409908087515
7900,1.89584,3.37374002589774
7901,1.89608,3.00418718287389
7902,1.89632,2.55670338270483
7903,1.89656,3.76861039274167
7904,1.8968,2.80507620294288
7905,1.89704,2.60453931105857
7906,1.89728,3.69632902013689
7907,1.89752,2.38383376976096
7908,1.89776,3.02119173396364
7909,1.898,3.61945613547849
7910,1.89824,2.30817088432023
7911,1.89848,3.30131606869655
7912,1.89872,3.29004977614568
7913,1.89896,2.35608113415209
7914,1.8992,3.57636143496658
7915,1.89944,2.38157195808547
7916,1.89968,3.37198606547347
7917,1.89992,3.24131636514417
7918,1.90016,2.18530964381271
7919,1.9004,2.94548505544216
7920,1.90064,3.4246539722814
7921,1.90088,2.24563761956416
7922,1.90112,3.47205844844962
7923,1.90136,2.51582183734153
7924,1.9016,3.14879229727718
7925,1.90184,3.50020399828008
7926,1.90208,2.32097826470903
7927,1.90232,3.54459964956945
7928,1.90256,2.9350645505026
7929,1.9028,2.84580460189997
7930,1.90304,3.80950351344437
7931,1.90328,2.84386996840233
7932,1.90352,2.99421624291229
7933,1.90376,3.47132137605182
7934,1.904,2.29032998294882
7935,1.90424,3.39592110709076
7936,1.90448,3.26429191595734
7937,1.90472,2.44964659325044
7938,1.90496,3.6650727530649
7939,1.9052,2.81988116527692
7940,1.90544,2.97485897913503
7941,1.90568,3.33343124453992
7942,1.90592,2.63869521858411
7943,1.90616,3.84720562367908
7944,1.9064,2.41288854092498
7945,1.90664,3.16894708033943
7946,1.90688,3.28383673533309
7947,1.90712,2.46922680224634
7948,1.90736,3.44814849202836
7949,1.9076,2.96056434670469
7950,1.90784,2.51647678147958
7951,1.90808,3.61402443957875
7952,1.90832,2.76807072452302
7953,1.90856,2.92357372584438
7954,1.9088,3.5232467782388
7955,1.90904,2.33918819028353
7956,1.90928,3.21179057551023
7957,1.90952,3.20678507827388
7958,1.90976,2.63655157447922
7959,1.91,3.73065444512895
7960,1.91024,2.41647801043225
7961,1.91048,3.05393005744435
7962,1.91072,3.52769392001225
7963,1.91096,2.22717364163773
7964,1.9112,3.33954622436019
7965,1.91144,3.09327875241046
7966,1.91168,2.64350864523742
7967,1.91192,3.73513640563045
7968,1.91216,2.76896070575124
7969,1.9124,2.80292884876198
7970,1.91264,3.64626029545686
7971,1.91288,2.45603342087773
7972,1.91312,2.85741614047339
7973,1.91336,3.69792778234285
7974,1.9136,2.38697190217738
7975,1.91384,3.3743486329502
7976,1.91408,3.12445256707928
7977,1.91432,2.43631060488785
7978,1.91456,3.65555848464689
7979,1.9148,2.22793450673099
7980,1.91504,3.45450986520671
7981,1.91528,3.08482328019065
7982,1.91552,2.63808156338267
7983,1.91576,3.84982042047241
7984,1.916,2.64864707675332
7985,1.91624,2.92405709347992
7986,1.91648,3.40314568645812
7987,1.91672,2.22578087497846
7988,1.91696,3.21849184519427
7989,1.9172,3.33093416741133
7990,1.91744,2.15063423669739
7991,1.91768,3.1483332953034
7992,1.91792,3.26302751126178
7993,1.91816,2.3314283598864
7994,1.9184,3.20104853965729
7995,1.91864,3.19272714740994
7996,1.91888,2.62196037353328
7997,1.91912,3.83098159267518
7998,1.91936,2.39758303629661
7999,1.9196,3.15451902429576
8000,1.91984,3.27024756740344
8001,1.92008,2.45643969508485
8002,1.92032,3.43612814601681
8003,1.92056,2.94927767443203
8004,1.9208,2.62439490146165
8005,1.92104,3.7187612458698
8006,1.92128,2.28720586577001
8007,1.92152,3.16445881860073
8008,1.92176,3.15995498241199
8009,1.922,2.10785549422121
8010,1.92224,3.33929657498159
8011,1.92248,2.85889587661437
8012,1.92272,2.65777921657606
8013,1.92296,3.74896161790854
8014,1.9232,2.78408525045243
8015,1.92344,2.58363681350437
8016,1.92368,3.67677810475642
8017,1.92392,2.48541266010432
8018,1.92416,2.88569930402202
8019,1.9244,3.72515274194649
8020,1.92464,2.41318330667581
8021,1.92488,2.93296162928652
8022,1.92512,3.29237208517971
8023,1.92536,2.11689834812443
8024,1.9256,3.2286324091513
8025,1.92584,3.34078593006608
8026,1.92608,2.16234238570273
8027,1.92632,3.27513477741544
8028,1.92656,3.0319835449448
8029,1.9268,2.46697695834631
8030,1.92704,3.5652432267142
8031,1.92728,2.95654307329129
8032,1.92752,2.7521476956365
8033,1.92776,3.83885709056749
8034,1.928,2.52200261189753
8035,1.92824,2.92203970502861
8036,1.92848,3.64059706554105
8037,1.92872,2.32889350733282
8038,1.92896,3.20179921687877
8039,1.9292,3.31476659574517
8040,1.92944,2.26039775510869
8041,1.92968,3.36726849864861
8042,1.92992,2.7637223287878
8043,1.93016,2.80170803294847
8044,1.9304,3.52375718897411
8045,1.93064,2.22153787058501
8046,1.93088,3.33272907128447
8047,1.93112,3.08490542300483
8048,1.93136,2.27587063448189
8049,1.9316,3.50013954300146
8050,1.93184,2.78021706260188
8051,1.93208,2.81792143057571
8052,1.93232,3.42167306314992
8053,1.93256,2.24285908031567
8054,1.9328,3.47035598324283
8055,1.93304,3.22005765547753
8056,1.93328,2.28751341632157
8057,1.93352,3.2777853178239
8058,1.93376,3.03280812972801
8059,1.934,2.22478105332736
8060,1.93424,3.4521884819123
8061,1.93448,2.73306545690591
8062,1.93472,2.65395445405007
8063,1.93496,3.74547855383733
8064,1.9352,2.78312468843386
8065,1.93544,2.70399465303461
8066,1.93568,3.55283178843722
8067,1.93592,2.36530458467427
8068,1.93616,3.0045118357462
8069,1.9364,3.48036484321845
8070,1.93664,2.06071728350577
8071,1.93688,3.17634037501352
8072,1.93712,3.28921583027421
8073,1.93736,2.23606563077226
8074,1.9376,3.34410179068118
8075,1.93784,3.0958964207533
8076,1.93808,2.16881946075824
8077,1.93832,3.28150130291731
8078,1.93856,3.03427642702789
8079,1.9388,2.58789626283346
8080,1.93904,3.68149389033583
8081,1.93928,2.60431139181386
8082,1.93952,2.88551283332091
8083,1.93976,3.4877019973646
8084,1.94,2.0695597244922
8085,1.94024,3.30249483005029
8086,1.94048,2.82000454728232
8087,1.94072,2.50057811734648
8088,1.94096,3.71609599725184
8089,1.9412,2.52238872042069
8090,1.94144,2.8036568577808
8091,1.94168,3.52581298341077
8092,1.94192,2.22583216391925
8093,1.94216,3.33871946225389
8094,1.9424,3.21015360723702
8095,1.94264,2.3988927284153
8096,1.94288,3.61970689185253
8097,1.94312,2.65681167988358
8098,1.94336,2.81680468629448
8099,1.9436,3.66433257375807
8100,1.94384,2.35180610231674
8101,1.94408,3.10717119946463
8102,1.94432,3.34077253636231
8103,1.94456,2.40749631892898
8104,1.9448,3.3918259761655
8105,1.94504,3.02532325499047
8106,1.94528,2.69879429482707
8107,1.94552,3.78762691139194
8108,1.94576,2.47370318144923
8109,1.946,2.98980429214123
8110,1.94624,3.22984307422398
8111,1.94648,2.53758145737338
8112,1.94672,3.63305590224694
8113,1.94696,2.55678792607013
8114,1.9472,2.95692375173775
8115,1.94744,3.67727144269636
8116,1.94768,2.24877601074281
8117,1.94792,3.24353234643761
8118,1.94816,3.47432092471797
8119,1.9484,2.29038788510178
8120,1.94864,3.04892869785384
8121,1.94888,3.52347575245458
8122,1.94912,2.33957651291794
8123,1.94936,2.9809570885496
8124,1.9496,2.98265045709767
8125,1.94984,2.65804194960017
8126,1.95008,3.86681084116481
8127,1.95032,2.55079054026139
8128,1.95056,2.5970248789188
8129,1.9508,3.80932835796433
8130,1.95104,2.49279002849621
8131,1.95128,2.89442107558331
8132,1.95152,3.49554992777825
8133,1.95176,2.42837545960298
8134,1.952,2.71432903580276
8135,1.95224,3.80521981514091
8136,1.95248,2.48841734036131
8137,1.95272,3.12335542198296
8138,1.95296,3.2387430693311
8139,1.9532,2.54837576702581
8140,1.95344,3.52798764234027
8141,1.95368,2.69083108522574
8142,1.95392,2.84946803720921
8143,1.95416,3.45345034366115
8144,1.9544,2.2705009618398
8145,1.95464,3.02998228048839
8146,1.95488,3.50542876771783
8147,1.95512,2.32239024726927
8148,1.95536,2.96459381180952
8149,1.9556,3.20454427851804
8150,1.95584,2.39718432842144
8151,1.95608,3.50280644726687
8152,1.95632,3.01701829775466
8153,1.95656,2.33328205751034
8154,1.9568,3.4373266875041
8155,1.95704,2.48343487817517
8156,1.95728,3.11996390562932
8157,1.95752,3.35624859317024
8158,1.95776,2.17757145101957
8159,1.958,2.82131189848752
8160,1.95824,3.54465965000815
8161,1.95848,2.24101460362676
8162,1.95872,3.35043708092703
8163,1.95896,2.98458006830718
8164,1.9592,2.65957164927451
8165,1.95944,3.75163352278623
8166,1.95968,2.44074387535206
8167,1.95992,2.8412877550902
8168,1.96016,3.44306364319181
8169,1.9604,2.26723059219941
8170,1.96064,3.37417832566099
8171,1.96088,2.77253324740557
8172,1.96112,2.69377618804227
8173,1.96136,3.54339946028498
8174,1.9616,2.24115489166957
8175,1.96184,3.3492893551479
8176,1.96208,2.98486063133592
8177,1.96232,2.42068624141476
8178,1.96256,3.64039413235643
8179,1.9628,2.56315306745229
8180,1.96304,2.84292593342732
8181,1.96328,3.44556787437414
8182,1.96352,2.26307470831942
8183,1.96376,3.02604833928804
8184,1.964,3.62420076904482
8185,1.96424,2.19822189273684
8186,1.96448,3.0755495237488
8187,1.96472,3.43019135602398
8188,1.96496,2.13291632500181
8189,1.9652,3.24580323391537
8190,1.96544,3.00091216773642
8191,1.96568,2.19468896175603
8192,1.96592,3.42382084750078
8193,1.96616,2.35255511193424
8194,1.9664,3.22757097177592
8195,1.96664,3.22268382133068
8196,1.96688,2.16845961067611
8197,1.96712,3.16560337678101
8198,1.96736,3.16124461146381
8199,1.9676,2.35241079916756
8200,1.96784,3.57645082026334
8201,1.96808,2.73295567403539
8202,1.96832,2.53533305288602
8203,1.96856,3.74966842035252
8204,1.9688,2.43897154554498
8205,1.96904,3.07628226981418
8206,1.96928,3.19562050919007
8207,1.96952,2.38663477733285
8208,1.96976,3.49024340484965
8209,1.97,2.76818559464523
8210,1.97024,2.56773217326017
8211,1.97048,3.54192564030469
8212,1.97072,2.23985552428867
8213,1.97096,3.11853573193655
8214,1.9712,3.35414502082157
8215,1.97144,2.06115406966985
8216,1.97168,3.17720804626499
8217,1.97192,3.17239673304546
8218,1.97216,2.24154938243641
8219,1.9724,3.35062890139387
8220,1.97264,2.63249554865241
8221,1.97288,2.67499154845825
8222,1.97312,3.76435563469723
8223,1.97336,2.45306919431118
8224,1.9736,2.85629324434904
8225,1.97384,3.46279518999189
8226,1.97408,2.27707826558674
8227,1.97432,2.92190563561545
8228,1.97456,3.52124039732916
8229,1.9748,2.33558291064022
8230,1.97504,3.21315310361441
8231,1.97528,3.2103150743177
8232,1.97552,2.28308288338253
8233,1.97576,3.50937965279279
8234,1.976,2.67107497219536
8235,1.97624,2.59559929987082
8236,1.97648,3.80652468111858
8237,1.97672,2.49039689367453
8238,1.97696,2.89377026457891
8239,1.9772,3.37667570206974
8240,1.97744,2.08057822555094
8241,1.97768,3.19586701342821
8242,1.97792,3.07226281496624
8243,1.97816,2.38810800404604
8244,1.9784,3.48871675552906
8245,1.97864,2.88488460577393
8246,1.97888,2.68469967027539
8247,1.97912,3.77719935961419
8248,1.97936,2.4632521568114
8249,1.9796,3.10091965710344
8250,1.97984,3.33829210033812
8251,1.98008,2.16065414975759
8252,1.98032,3.15831026940567
8253,1.98056,2.79934494678177
8254,1.9808,2.71919675413332
8255,1.98104,3.56968162037212
8256,1.98128,2.49962849727728
8257,1.98152,2.90440066459028
8258,1.98176,3.50716601086722
8259,1.982,2.32132365029954
8260,1.98224,2.84409077423714
8261,1.98248,3.32661521979794
8262,1.98272,2.02970120340864
8263,1.98296,3.14989098217783
8264,1.9832,3.26445288997638
8265,1.98344,2.09097816216095
8266,1.98368,3.32261820773709
8267,1.98392,2.95959606089006
8268,1.98416,2.51528308596932
8269,1.9844,3.49710829198377
8270,1.98464,2.65945577788216
8271,1.98488,2.81983659481998
8272,1.98512,3.54310266883206
8273,1.98536,2.23591438245839
8274,1.9856,2.99683800712655
8275,1.98584,2.99959169945433
8276,1.98608,2.43852668872105
8277,1.98632,3.65506961380195
8278,1.98656,2.69595724400864
8279,1.9868,2.73804430330021
8280,1.98704,3.58601826508002
8281,1.98728,2.28094292852455
8282,1.98752,3.04249547983803
8283,1.98776,3.04242633511292
8284,1.988,2.23940932923589
8285,1.98824,3.34791583466881
8286,1.98848,3.10190342150034
8287,1.98872,2.05579657147024
8288,1.98896,3.28990210392855
8289,1.9892,3.04465689837928
8290,1.98944,2.35792149934164
8291,1.98968,3.46299476226071
8292,1.98992,2.62601281503878
8293,1.99016,2.78876685688171
8294,1.9904,3.6345969578728
8295,1.99064,2.32348467263057
8296,1.99088,2.8462484961107
8297,1.99112,3.45033463132349
8298,1.99136,2.26838848887486
8299,1.9916,3.0279461926668
8300,1.99184,3.38667016730865
8301,1.99208,2.21099303349042
8302,1.99232,3.44186697992564
8303,1.99256,2.9569755960522
8304,1.9928,2.39605982929489
8305,1.99304,3.37928550446317
8306,1.99328,2.89582299307008
8307,1.99352,2.57548910212462
8308,1.99376,3.78615196268774
8309,1.994,2.47285697888386
8310,1.99424,2.99392980868791
8311,1.99448,3.47400817242807
8312,1.99472,2.17342441347875
8313,1.99496,3.05305921264934
8314,1.9952,3.17370983019371
8315,1.99544,2.12236535876509
8316,1.99568,3.12143641663551
8317,1.99592,3.23737136592295
8318,1.99616,2.30747527786418
8319,1.9964,3.41478555747201
8320,1.99664,2.81176646588182
8321,1.99688,2.49379640299872
8322,1.99712,3.47410083857462
8323,1.99736,2.7534649516982
8324,1.9976,2.67463545616784
8325,1.99784,3.64224325570538
8326,1.99808,2.33351404330907
8327,1.99832,3.09379964849287
8328,1.99856,3.33209207911578
8329,1.9988,2.03686547743361
8330,1.99904,3.15428430199555
8331,1.99928,2.91548976891154
8332,1.99952,2.35561152709552
8333,1.99976,3.46352725404388
8334,2,2.62746994089389
8335,2.00024,2.79248215897048
8336,2.00048,3.63997195777541
8337,2.00072,2.32960821874414
8338,2.00096,2.97201850722233
8339,2.0012,2.97728054304248
8340,2.00144,2.41475866212691
8341,2.00168,3.51744936540783
8342,2.00192,2.79717821519996
8343,2.00216,2.59929994657898
8344,2.0024,3.69226581903965
8345,2.00264,2.2641703690068
8346,2.00288,2.79091145514587
8347,2.00312,3.27729511188455
8348,2.00336,2.22543189678209
8349,2.0036,3.33469883401314
8350,2.00384,2.96958017313841
8351,2.00408,2.28843747505877
8352,2.00432,3.39405389950917
8353,2.00456,2.55889584912281
8354,2.0048,2.72342098823301
8355,2.00504,3.21402181554357
8356,2.00528,2.28522230588144
8357,2.00552,3.39358189490673
8358,2.00576,2.79156659332063
8359,2.006,2.59437963484118
8360,2.00624,3.56953028351353
8361,2.00648,2.37816713523275
8362,2.00672,2.66647511268449
8363,2.00696,3.75916132970035
8364,2.0072,2.32906282083143
8365,2.00744,3.08961776285432
8366,2.00768,3.20704130629646
8367,2.00792,2.1561364604098
8368,2.00816,3.15033074646947
8369,2.0084,3.02990156704341
8370,2.00864,2.22894625070072
8371,2.00888,3.22088204732144
8372,2.00912,2.74489236702071
8373,2.00936,2.66653830763879
8374,2.0096,3.75574282601914
8375,2.00984,2.44391461228579
8376,2.01008,2.84963965699356
8377,2.01032,3.33655082481043
8378,2.01056,2.04122961511592
8379,2.0108,3.15855714087637
8380,2.01104,2.68532658775312
8381,2.01128,2.72936599118483
8382,2.01152,3.57622145954867
8383,2.01176,2.27134003602462
8384,2.012,3.03226256637269
8385,2.01224,3.27290896162227
8386,2.01248,1.98126120262487
8387,2.01272,2.98312607018329
8388,2.01296,3.22418163169081
8389,2.0132,2.1742907635766
8390,2.01344,3.40653964321815
8391,2.01368,2.80441777176251
8392,2.01392,2.36755960667763
8393,2.01416,3.46940803925773
8394,2.0144,2.63146594011695
8395,2.01464,2.55898935963852
8396,2.01488,3.65642172560725
8397,2.01512,2.23086150515291
8398,2.01536,2.75914563123932
8399,2.0156,3.2478610078419
8400,2.01584,2.3180964553867
8401,2.01608,3.42341064095724
8402,2.01632,2.93997031386723
8403,2.01656,2.50028234915352
8404,2.0168,3.48309110586574
8405,2.01704,2.76526554233442
8406,2.01728,2.33057467229257
8407,2.01752,3.43796606019731
8408,2.01776,2.48598928920315
8409,2.018,2.77361934485426
8410,2.01824,3.3806686191739
8411,2.01848,2.08263232132811
8412,2.01872,3.08358302556078
8413,2.01896,3.20227600407539
8414,2.0192,2.15338731771291
8415,2.01944,3.14869538021347
8416,2.01968,2.9103212700865
8417,2.01992,2.471957666633
8418,2.02016,3.68868781193481
8419,2.0204,2.61467325159699
8420,2.02064,2.78041072899461
8421,2.02088,3.74841607213721
8422,2.02112,2.55461649253649
8423,2.02136,2.60316714321418
8424,2.0216,3.58021365676962
8425,2.02184,2.50704172390205
8426,2.02208,2.67525753651628
8427,2.02232,3.52978568148869
8428,2.02256,2.10803868667464
8429,2.0228,3.1110217367341
8430,2.02304,3.11131302156952
8431,2.02328,2.0637969475177
8432,2.02352,3.29831268941279
8433,2.02376,3.05517139584175
8434,2.024,2.25066405464553
8435,2.02424,3.24087333320573
8436,2.02448,2.88136855482306
8437,2.02472,2.32489439543389
8438,2.02496,3.55067608989439
8439,2.0252,2.47794581084096
8440,2.02544,2.76465114334043
8441,2.02568,3.37086751592118
8442,2.02592,2.0776260181997
8443,2.02616,3.19218409030159
8444,2.0264,2.95370466037428
8445,2.02664,2.39412201881939
8446,2.02688,3.49881603978024
8447,2.02712,2.31114143065032
8448,2.02736,3.07262976777513
8449,2.0276,2.95481084014289
8450,2.02784,2.39519636031227
8451,2.02808,3.3791394982238
8452,2.02832,2.54526890064268
8453,2.02856,2.59203555278305
8454,2.0288,3.32604789544874
8455,2.02904,2.15243358808794
8456,2.02928,3.38574687779717
8457,2.02952,2.90403891947386
8458,2.02976,2.34314196193362
8459,2.03,3.44835961563379
8460,2.03024,2.72994839564502
8461,2.03048,2.41715124572417
8462,2.03072,3.40364725008909
8463,2.03096,2.56915155006865
8464,2.0312,2.49857797701611
8465,2.03144,3.47718225971409
8466,2.03168,2.17762852052422
8467,2.03192,3.06257873849396
8468,2.03216,3.18266735034588
8469,2.0324,2.1364592140587
8470,2.03264,3.24979466102121
8471,2.03288,3.00841661151183
8472,2.03312,2.32928831343484
8473,2.03336,3.31965382092376
8474,2.0336,2.8425777679325
8475,2.03384,2.28874904440679
8476,2.03408,3.51397467478613
8477,2.03432,2.32700623498327
8478,2.03456,2.73800826432606
8479,2.0348,3.46741369471735
8480,2.03504,2.17006798140581
8481,2.03528,2.93595160114435
8482,2.03552,3.41758164238641
8483,2.03576,2.12062333869157
8484,2.036,2.8852353285041
8485,2.03624,3.36903595804784
8486,2.03648,2.07423658729336
8487,2.03672,2.96066249646638
8488,2.03696,2.96584963407303
8489,2.0372,2.28597917263872
8490,2.03744,3.5139475749466
8491,2.03768,2.44377716644027
8492,2.03792,2.61395637027952
8493,2.03816,3.58933859118159
8494,2.0384,2.16509906078778
8495,2.03864,2.69686098085128
8496,2.03888,3.66993667245891
8497,2.03912,2.3594004328176
8498,2.03936,2.76769619721747
8499,2.0396,3.25702895241404
8500,2.03984,1.96536770121772
8501,2.04008,3.20250218727605
8502,2.04032,2.72534035077915
8503,2.04056,2.53044323943259
8504,2.0408,3.62754053523966
8505,2.04104,2.3180111681362
8506,2.04128,2.61004492293028
8507,2.04152,3.58823382841476
8508,2.04176,2.28038870779239
8509,2.042,2.5731909213674
8510,2.04224,3.54641851198817
8511,2.04248,2.24041975875807
8512,2.04272,3.0055206597418
8513,2.04296,3.00831787463553
8514,2.0432,2.20594095486187
8515,2.04344,3.31848391886874
8516,2.04368,2.72036629392974
8517,2.04392,2.28824467733188
8518,2.04416,3.2765020782929
8519,2.0444,2.67984631045851
8520,2.04464,2.36926634006847
8521,2.04488,3.3553322891304
8522,2.04512,2.75740185454306
8523,2.04536,2.56240640803733
8524,2.0456,3.41498647325828
8525,2.04584,2.11951295221755
8526,2.04608,3.12124404974342
8527,2.04632,3.12166598574605
8528,2.04656,2.07732401171376
8529,2.0468,3.1954814830113
8530,2.04704,2.95695107667813
8531,2.04728,2.15685315143776
8532,2.04752,3.15476912611386
8533,2.04776,2.91804164657833
8534,2.048,2.11961158810291
8535,2.04824,3.11917921679048
8536,2.04848,2.88222264321649
8537,2.04872,2.32327752540977
8538,2.04896,3.54531400053758
8539,2.0492,2.35705796470526
8540,2.04944,2.7650784424202
8541,2.04968,3.49338401594196
8542,2.04992,2.07647739366258
8543,2.05016,2.84349371017794
8544,2.0504,3.33051514634046
8545,2.05064,2.03657237321508
8546,2.05088,2.80535630820549
8547,2.05112,3.41296634822182
8548,2.05136,2.11281996396847
8549,2.0516,2.9989785429858
8550,2.05184,3.00340549624654
8551,2.05208,2.1995573958087
8552,2.05232,3.31195178156774
8553,2.05256,2.59835095751132
8554,2.0528,2.5262135546044
8555,2.05304,3.62355685603969
8556,2.05328,2.31690028327819
8557,2.05352,2.60856095592948
8558,2.05376,3.58296882216397
8559,2.054,2.15908176116255
8560,2.05424,2.69075103546607
8561,2.05448,3.54302385934114
8562,2.05472,2.23723525643053
8563,2.05496,2.88270402744607
8564,2.0552,2.89093691991202
8565,2.05544,2.33381405188546
8566,2.05568,3.55584844866003
8567,2.05592,2.48394429480572
8568,2.05616,2.65206249415659
8569,2.0564,3.62717615701306
8570,2.05664,2.20096701906568
8571,2.05688,2.73169466498981
8572,2.05712,3.46500670279837
8573,2.05736,2.16174807232425
8574,2.0576,2.6924498200595
8575,2.05784,3.18212892024712
8576,2.05808,1.89205893371966
8577,2.05832,3.13513447362826
8578,2.05856,2.7816754959077
8579,2.0588,2.22932200785576
8580,2.05904,3.45591731700197
8581,2.05928,2.27159650798478
8582,2.05952,2.68338000001685
8583,2.05976,3.65843384614185
8584,2.06,2.35028631326274
8585,2.06024,2.64052064282731
8586,2.06048,3.61356460603387
8587,2.06072,2.18837290368646
8588,2.06096,2.71879468040888
8589,2.0612,3.20821067757998
8590,2.06144,1.91613810489351
8591,2.06168,3.15861830716324
8592,2.06192,2.68564304629503
8593,2.06216,2.37537337321719
8594,2.0624,3.4797442111822
8595,2.06264,2.29394390117612
8596,2.06288,2.584958781637
8597,2.06312,3.56038838281675
8598,2.06336,2.14062359698805
8599,2.0636,2.67310437667021
8600,2.06384,3.4063702007684
8601,2.06408,1.98935585769802
8602,2.06432,2.76154041177262
8603,2.06456,3.49225649226284
8604,2.0648,2.18871357637306
8605,2.06504,2.83632995122819
8606,2.06528,3.08275192970528
8607,2.06552,2.0388814762883
8608,2.06576,3.27378466617908
8609,2.066,2.56186898908244
8610,2.06624,2.49139264964436
8611,2.06648,3.58984589594063
8612,2.06672,2.16878272750513
8613,2.06696,2.7005099692424
8614,2.0672,3.43389119285479
8615,2.06744,2.01527485664861
8616,2.06768,2.78677701739275
8617,2.06792,3.51772666321004
8618,2.06816,2.21220881889871
8619,2.0684,2.85925332696646
8620,2.06864,3.10468932760961
8621,2.06888,2.05680773102775
8622,2.06912,3.41080809466548
8623,2.06936,2.57920888303873
8624,2.0696,2.50973241001678
8625,2.06984,3.60828232851161
8626,2.07008,2.18597532699679
8627,2.07032,2.71743025473796
8628,2.07056,3.45138161200973
8629,2.0708,2.15142919321755
8630,2.07104,2.68301470606851
8631,2.07128,3.41458713226234
8632,2.07152,1.99809009425585
8633,2.07176,2.76862750330667
8634,2.072,3.49773825093174
8635,2.07224,2.1948656365126
8636,2.07248,2.96162791504114
8637,2.07272,3.20609252106558
8638,2.07296,1.91722326545458
8639,2.0732,3.15835862430476
8640,2.07344,2.68501886930441
8641,2.07368,2.37307667115527
8642,2.07392,3.47670770093212
8643,2.07416,2.29153629368254
8644,2.0744,2.70250644091935
8645,2.07464,3.43623467844022
8646,2.07488,2.02191115537334
8647,2.07512,2.79139697667097
8648,2.07536,3.28077991631059
8649,2.0756,1.8692732964101
8650,2.07584,2.87766508352071
8651,2.07608,3.1258168477623
8652,2.07632,1.83825985571689
8653,2.07656,2.96390517361265
8654,2.0768,3.20656109589619
8655,2.07704,1.91768328865005
8656,2.07728,3.15881066633294
8657,2.07752,2.80350551131459
8658,2.07776,2.24854499542936
8659,2.078,3.59419191832444
8660,2.07824,2.17343759104989
8661,2.07848,2.82305890349753
8662,2.07872,3.1903598933685
8663,2.07896,2.026408725553
8664,2.0792,3.0275048156137
8665,2.07944,2.9118840239031
8666,2.07968,2.11645841444008
8667,2.07992,3.11496116284563
8668,2.08016,2.87965075095769
8669,2.0804,2.20632439620973
8670,2.08064,3.3172581651364
8671,2.08088,2.60566571034499
8672,2.08112,2.41698620072833
8673,2.08136,3.51831521550245
8674,2.0816,2.21847912699917
8675,2.08184,2.75158154527868
8676,2.08208,2.88237096306884
8677,2.08232,1.96315771558174
8678,2.08256,3.08728782913787
8679,2.0828,2.61572241867885
8680,2.08304,2.18698662857143
8681,2.08328,3.18242322387154
8682,2.08352,2.59039421433305
8683,2.08376,2.28388820685196
8684,2.084,3.2763998726119
8685,2.08424,2.79924254963232
8686,2.08448,2.24703231922295
8687,2.08472,3.23727236509947
8688,2.08496,2.76226244863455
8689,2.0852,2.33063328675937
8690,2.08544,3.43571479512191
8691,2.08568,2.36648763734031
8692,2.08592,2.53852193300569
8693,2.08616,3.27376028401837
8694,2.0864,1.97978592170232
8695,2.08664,2.98905477953836
8696,2.08688,2.7566003588987
8697,2.08712,2.20411262244151
8698,2.08736,3.31689142718876
8699,2.0876,2.36959903135245
8700,2.08784,2.42429574124125
8701,2.08808,3.4080889680745
8702,2.08832,2.22593199223555
8703,2.08856,2.64021378487725
8704,2.0888,3.37756743976043
8705,2.08904,2.08086877326903
8706,2.08928,2.73276964107343
8707,2.08952,3.22473038845541
8708,2.08976,1.81568847406074
8709,2.09,2.94450198848938
8710,2.09024,2.95235560887431
8711,2.09048,2.03533502699965
8712,2.09072,3.27048535504978
8713,2.09096,2.44374039335935
8714,2.0912,2.37889310029441
8715,2.09144,3.36378972105158
8716,2.09168,2.07069316416956
8717,2.09192,2.84289637001929
8718,2.09216,2.85381629177486
8719,2.0924,1.93804575067831
8720,2.09264,3.06156698077892
8721,2.09288,2.59113027077108
8722,2.09312,2.28328971326908
8723,2.09336,3.27586463371282
8724,2.0936,2.44623485840616
8725,2.09384,2.38083653292833
8726,2.09408,3.36652127570716
8727,2.09432,2.53298731773788
8728,2.09456,2.58450006187953
8729,2.0948,3.56174208583409
8730,2.09504,2.25743372918519
8731,2.09528,2.90646304961789
8732,2.09552,3.03358610945647
8733,2.09576,1.86946792031271
8734,2.096,3.23079212026164
8735,2.09624,2.63846213126789
8736,2.09648,2.32896668480287
8737,2.09672,3.5535270148077
8738,2.09696,2.25175793518812
8739,2.0972,2.54636743099742
8740,2.09744,3.28129516326763
8741,2.09768,1.87111202687801
8742,2.09792,2.8807482601063
8743,2.09816,3.12923393767588
8744,2.0984,1.96618411568887
8745,2.09864,2.96995104309967
8746,2.09888,2.97666735282791
8747,2.09912,2.06082278787942
8748,2.09936,3.17855291639068
8749,2.0996,2.70564564963237
8750,2.09984,2.15452598528693
8751,2.10008,3.26597166017323
8752,2.10032,2.43682457357287
8753,2.10056,2.49080037332332
8754,2.1008,3.47212948508513
8755,2.10104,2.1717301850301
8756,2.10128,2.70731122594943
8757,2.10152,2.9594295626362
8758,2.10176,1.79854464321105
8759,2.102,3.04575708761609
8760,2.10224,2.57781938411197
8761,2.10248,2.1524556394397
8762,2.10272,3.38384876584042
8763,2.10296,2.08336329992731
8764,2.1032,2.61887385137091
8765,2.10344,3.35587357590813
8766,2.10368,1.94374949177395
8767,2.10392,2.71583120279268
8768,2.10416,3.20720728692244
8769,2.1044,1.80288721815736
8770,2.10464,2.93009516865512
8771,2.10488,2.81959065391648
8772,2.10512,2.02561774134207
8773,2.10536,3.1426714526997
8774,2.1056,2.55241070623581
8775,2.10584,2.36521903805825
8776,2.10608,3.35201091951025
8777,2.10632,2.28777590582512
8778,2.10656,2.58391402035652
8779,2.1068,3.07841207074166
8780,2.10704,1.91234656545805
8781,2.10728,2.9236645122915
8782,2.10752,2.69542776203688
8783,2.10776,2.02705067210621
8784,2.108,3.26389888772282
8785,2.10824,2.31806593439596
8786,2.10848,2.37501055278573
8787,2.10872,3.48123516642746
8788,2.10896,2.06363010605516
8789,2.1092,2.59999549485119
8790,2.10944,3.21623116102893
8791,2.10968,1.80973075359066
8792,2.10992,2.8194476255136
8793,2.11016,2.95034146325444
8794,2.1104,2.03517822840351
8795,2.11064,3.03507260257549
8796,2.11088,2.68476072940305
8797,2.11112,2.37591384683781
8798,2.11136,3.4790349602312
8799,2.1116,2.17699139879054
8800,2.11184,2.59167024425343
8801,2.11208,3.20564926110511
8802,2.11232,1.91553013250476
8803,2.11256,2.92801760526825
8804,2.1128,2.93784874885906
8805,2.11304,1.90035152902262
8806,2.11328,3.14484899879759
8807,2.11352,2.67386481025448
8808,2.11376,2.00472046332622
8809,2.114,3.24381023552867
8810,2.11424,2.53633208921953
8811,2.11448,2.11276662423244
8812,2.11472,3.34587910531918
8813,2.11496,2.28405731690434
8814,2.1152,2.34291276406654
8815,2.11544,3.32893194477339
8816,2.11568,2.15282640723418
8817,2.11592,2.45177471523427
8818,2.11616,3.19208041718717
8819,2.1164,1.90386362172227
8820,2.11664,2.67983204880955
8821,2.11688,3.2938870967592
8822,2.11712,2.00254911998824
8823,2.11736,2.65785463889183
8824,2.1176,3.1499938145926
8825,2.11784,1.86491760120017
8826,2.11808,2.87174529574451
8827,2.11832,2.52549802483534
8828,2.11856,2.34161918759808
8829,2.1188,3.33033047154763
8830,2.11904,2.26701706633204
8831,2.11928,2.563590547769
8832,2.11952,3.54134587460827
8833,2.11976,2.238768922123
8834,2.12,2.53613790820324
8835,2.12024,3.51422044780802
8836,2.12048,2.21326262380197
8837,2.12072,2.74483959642416
8838,2.12096,3.23668464098838
8839,2.1212,1.94781413184292
8840,2.12144,2.95539490379621
8841,2.12168,2.96273192795892
8842,2.12192,2.04572319202254
8843,2.12216,3.1649423202801
8844,2.1224,2.69308333553641
8845,2.12264,2.26535349707466
8846,2.12288,3.49440558054989
8847,2.12312,2.30976131371428
8848,2.12336,2.48559222267024
8849,2.1236,3.34338056352674
8850,2.12384,2.16709705501501
8851,2.12408,2.46496891786257
8852,2.12432,3.20252207859155
8853,2.12456,2.03104300658333
8854,2.1248,2.68819833020603
8855,2.12504,3.06140122341886
8856,2.12528,1.8986484492745
8857,2.12552,2.79293670637344
8858,2.12576,2.92366544023938
8859,2.126,1.76564457307806
8860,2.12624,2.8957590447526
8861,2.12648,2.66780519936558
8862,2.12672,1.99762088425776
8863,2.12696,3.12153098510221
8864,2.1272,2.53351148499647
8865,2.12744,2.10876684048251
8866,2.12768,3.22613343950607
8867,2.12792,2.28192608692383
8868,2.12816,2.34042532783271
8869,2.1284,3.44813654844177
8870,2.12864,2.03195339987877
8871,2.12888,2.68774320868803
8872,2.12912,2.94285483456752
8873,2.12936,2.02755257355203
8874,2.1296,3.02862763203383
8875,2.12984,2.55960790244579
8876,2.13008,2.13679095770567
8877,2.13032,3.25118752791531
8878,2.13056,2.18823175035166
8879,2.1308,2.72046019197627
8880,2.13104,3.21160917415208
8881,2.13128,1.8053091474685
8882,2.13152,3.05351071809544
8883,2.13176,2.58689700035202
8884,2.132,2.16377233619929
8885,2.13224,3.276102205594
8886,2.13248,2.44646479505128
8887,2.13272,2.14493438486291
8888,2.13296,3.25719075225021
8889,2.1332,2.42839487031779
8890,2.13344,2.36376622304902
8891,2.13368,3.22639635634246
8892,2.13392,2.0564886174306
8893,2.13416,2.59789926130204
8894,2.1344,3.33448522031847
8895,2.13464,2.1585409601201
8896,2.13488,2.69423919177073
8897,2.13512,3.06627372359407
8898,2.13536,1.90026384687803
8899,2.1356,2.91165774942096
8900,2.13584,2.80107632040513
8901,2.13608,1.88670746209522
8902,2.13632,3.13221349541271
8903,2.13656,2.66128775348281
8904,2.1368,1.99136963620651
8905,2.13704,3.23143937259873
8906,2.13728,2.52359644260915
8907,2.13752,2.09926686684573
8908,2.13776,3.33203208899108
8909,2.138,2.38668983099399
8910,2.13824,2.20491591161183
8911,2.13848,3.43657200240665
8912,2.13872,2.25441799289566
8913,2.13896,2.31412417590929
8914,2.1392,3.41856380050697
8915,2.13944,2.24028625590075
8916,2.13968,2.30096631996204
8917,2.13992,3.28443047201247
8918,2.14016,2.11065351049416
8919,2.1404,2.53080115283656
8920,2.14064,3.14782218482456
8921,2.14088,1.97869152981549
8922,2.14112,2.51871240330963
8923,2.14136,3.13625712564189
8924,2.1416,1.96762772043952
8925,2.14184,2.62750824952483
8926,2.14208,3.00243043032053
8927,2.14232,1.83830237784207
8928,2.14256,2.73518373492025
8929,2.1428,2.98819846986693
8930,2.14304,1.82863627068748
8931,2.14328,2.84439737101422
8932,2.14352,2.85655370198499
8933,2.14376,1.70138675373855
8934,2.144,2.95235265880078
8935,2.14424,2.72408530535888
8936,2.14448,1.93330808310548
8937,2.14472,3.0573747819747
8938,2.14496,2.59015137898976
8939,2.1452,2.04616861456355
8940,2.14544,3.16443089949508
8941,2.14568,2.45947759168762
8942,2.14592,2.15730735972839
8943,2.14616,3.38795026529702
8944,2.1464,2.20791691718095
8945,2.14664,2.26870783431976
8946,2.14688,3.37471077139396
8947,2.14712,2.07977385268189
8948,2.14736,2.50124338059174
8949,2.1476,3.11952848820141
8950,2.14784,1.95160650241638
8951,2.14808,2.61086199272149
8952,2.14832,2.98646166746532
8953,2.14856,1.82523387700563
8954,2.1488,2.84112500688293
8955,2.14904,2.73356903931083
8956,2.14928,1.82209950264051
8957,2.14952,2.95274012678626
8958,2.14976,2.72443701899175
8959,2.15,1.93623779723062
8960,2.15024,3.06015754962149
8961,2.15048,2.4742920575343
8962,2.15072,2.17191739536035
8963,2.15096,3.28557408420217
8964,2.1512,2.22281455282385
8965,2.15144,2.28385513499875
8966,2.15168,3.38957123139066
8967,2.15192,2.09531068342396
8968,2.15216,2.51475294626983
8969,2.1524,3.13243326161366
8970,2.15264,1.84586769891044
8971,2.15288,2.74366090494317
8972,2.15312,2.87648034651537
8973,2.15336,1.7204126335897
8974,2.1536,2.73436369779618
8975,2.15384,2.98869776628738
8976,2.15408,1.71054379945494
8977,2.15432,2.61074146515076
8978,2.15456,3.10834459277599
8979,2.1548,1.82498016187814
8980,2.15504,2.83782712935894
8981,2.15528,2.73169821187815
8982,2.15552,1.9431598856214
8983,2.15576,3.18180330482468
8984,2.156,2.12573122007659
8985,2.15624,2.31076838700597
8986,2.15648,3.41752045377986
8987,2.15672,2.12111541761125
8988,2.15696,2.42485112385794
8989,2.1572,3.04731537051269
8990,2.15744,1.76616018689714
8991,2.15768,2.66655846706559
8992,2.15792,2.92338490111005
8993,2.15816,1.76833224391845
8994,2.1584,2.89952382958517
8995,2.15864,2.55500605471287
8996,2.15888,2.01293093620544
8997,2.15912,3.1334725605544
8998,2.15936,2.30995625919495
8999,2.1596,2.25041480918165
9000,2.15984,3.11833419774003
9001,2.16008,1.83452352381664
9002,2.16032,2.38074425175153
9003,2.16056,3.1235989921926
9004,2.1608,1.83651626102335
9005,2.16104,2.85187935719379
9006,2.16128,2.50851996040448
9007,2.16152,1.84515846037316
9008,2.16176,2.73725337248161
9009,2.162,2.51524417363375
9010,2.16224,2.09204813034941
9011,2.16248,3.20567159207561
9012,2.16272,2.14896245456626
9013,2.16296,2.33296207735769
9014,2.1632,3.19816141162121
9015,2.16344,1.91084650086674
9016,2.16368,2.5726832638118
9017,2.16392,3.07057416993994
9018,2.16416,1.67029746126375
9019,2.1644,2.92425947659545
9020,2.16464,2.46315458329002
9021,2.16488,1.80478529363935
9022,2.16512,2.9325981276383
9023,2.16536,2.34917868311971
9024,2.1656,2.16933657913092
9025,2.16584,3.28043502151024
9026,2.16608,2.10412120068399
9027,2.16632,2.52444433310132
9028,2.16656,2.90374028125656
9029,2.1668,1.62833755559992
9030,2.16704,2.76471999789253
9031,2.16728,2.66128205782263
9032,2.16752,1.87664159694632
9033,2.16776,3.00306705542229
9034,2.168,2.3010786115255
9035,2.16824,2.12290452244765
9036,2.16848,3.35494228819033
9037,2.16872,2.05860635507615
9038,2.16896,2.3610439987048
9039,2.1692,3.34875581624549
9040,2.16944,1.93808523259526
9041,2.16968,2.59912938070074
9042,2.16992,3.09715780294286
9043,2.17016,1.81419978246287
9044,2.1704,2.82743578902863
9045,2.17064,2.60228360695475
9046,2.17088,1.8201932041861
9047,2.17112,2.94905874216244
9048,2.17136,2.24940343016877
9049,2.1716,2.30959559559352
9050,2.17184,3.05548723822168
9051,2.17208,1.65627996925704
9052,2.17232,2.79402202940962
9053,2.17256,2.69013421073833
9054,2.1728,1.90331632467639
9055,2.17304,3.02855687320812
9056,2.17328,2.21129551691681
9057,2.17352,2.03744029131048
9058,2.17376,3.1542078128885
9059,2.174,2.09533112693654
9060,2.17424,2.16221202606327
9061,2.17448,3.27443945308978
9062,2.17472,1.86697118269423
9063,2.17496,2.7637369783247
9064,2.1752,2.54177335731287
9065,2.17544,2.0001708553433
9066,2.17568,3.12205915107546
9067,2.17592,2.1817390004192
9068,2.17616,2.24443858420032
9069,2.1764,2.99224717352067
9070,2.17664,1.71516339963291
9071,2.17688,2.84680767247356
9072,2.17712,2.50319063652768
9073,2.17736,1.84167468821994
9074,2.1776,3.08546974262397
9075,2.17784,2.26526768382472
9076,2.17808,2.08899619382253
9077,2.17832,3.32248952895027
9078,2.17856,1.91333586602296
9079,2.1788,2.57541263447366
9080,2.17904,2.95414124144233
9081,2.17928,1.67825897169852
9082,2.17952,2.93134524467066
9083,2.17976,2.23240946175291
9084,2.18,2.2932901471319
9085,2.18024,3.16011956082965
9086,2.18048,1.87220193054533
9087,2.18072,2.53603990592043
9088,2.18096,2.67774332949836
9089,2.1812,1.53017115429384
9090,2.18144,2.67164261543935
9091,2.18168,2.68933635425463
9092,2.18192,1.90338677499255
9093,2.18216,3.02856189110208
9094,2.1824,2.20774615522857
9095,2.18264,2.03313835430569
9096,2.18288,3.14959534225752
9097,2.18312,1.97497186636521
9098,2.18336,2.28142354922965
9099,2.1836,3.02846631812163
9100,2.18384,1.63035898351739
9101,2.18408,2.76915314123394
9102,2.18432,2.54733739059933
9103,2.18456,1.88471871999049
9104,2.1848,3.12705877973413
9105,2.18504,1.957305406291
9106,2.18528,2.61742415044838
9107,2.18552,2.63745113688768
9108,2.18576,1.85373324201526
9109,2.186,2.98104266049657
9110,2.18624,2.16226815192346
9111,2.18648,2.22574768987861
9112,2.18672,2.9743022502548
9113,2.18696,1.69793167183082
9114,2.1872,2.83025809919158
9115,2.18744,2.36878787828666
9116,2.18768,1.95009758047983
9117,2.18792,3.07408536771652
9118,2.18816,2.1357729229785
9119,2.1884,2.20039265563606
9120,2.18864,2.95003758263701
9121,2.18888,1.67470975605047
9122,2.18912,2.80803335763698
9123,2.18936,2.34751674684865
9124,2.1896,1.92973836468554
9125,2.18984,3.05459824688732
9126,2.19008,2.11711976326847
9127,2.19032,2.18253699053769
9128,2.19056,3.17260499748611
9129,2.1908,1.88757935318878
9130,2.19104,2.31755646102623
9131,2.19128,3.1850213258653
9132,2.19152,1.78090501580875
9133,2.19176,2.56105585079624
9134,2.192,2.58393327846331
9135,2.19224,2.04038064425303
9136,2.19248,3.16040301962018
9137,2.19272,1.98913778346013
9138,2.19296,2.41472105238452
9139,2.1932,2.91797087120142
9140,2.19344,1.64355944231062
9141,2.19368,2.77821500356278
9142,2.19392,2.20174448605673
9143,2.19416,2.26385568418638
9144,2.1944,3.01158271537514
9145,2.19464,1.61413004769261
9146,2.19488,2.75355043863744
9147,2.19512,2.5323338347498
9148,2.19536,1.87028809338143
9149,2.1956,3.11317644331143
9150,2.19584,1.94394743661698
9151,2.19608,2.37104453710072
9152,2.19632,2.87661799345642
9153,2.19656,1.60308989510908
9154,2.1968,2.85976342352297
9155,2.19704,2.16423106731508
9156,2.19728,1.99140737880346
9157,2.19752,3.22939693411496
9158,2.19776,1.94269740099218
9159,2.198,2.37021952676536
9160,2.19824,3.1155002190911
9161,2.19848,1.71392380520111
9162,2.19872,2.61718021151636
9163,2.19896,2.75693943705131
9164,2.1992,1.84679105655169
9165,2.19944,2.97518489487388
9166,2.19968,2.04239619809263
9167,2.19992,2.46518521865151
9168,2.20016,2.72829307860503
9169,2.2004,1.70174289570411
9170,2.20064,2.83466664171115
9171,2.20088,2.49358261882376
9172,2.20112,2.07327847924973
9173,2.20136,3.06890743139478
9174,2.2016,1.66890942087559
9175,2.20184,2.805892659307
9176,2.20208,2.34708273531491
9177,2.20232,1.93093704718853
9178,2.20256,3.17112975377423
9179,2.2028,2.11475352424065
9180,2.20304,2.41804133628897
9181,2.20328,2.68362395508164
9182,2.20352,1.89776131611113
9183,2.20376,3.02301942306038
9184,2.204,1.96962313161034
9185,2.20424,2.27660992820626
9186,2.20448,3.02412519769777
9187,2.20472,1.73977549868795
9188,2.20496,2.63878169163388
9189,2.2052,2.54060236946659
9190,2.20544,1.99968478774342
9191,2.20568,3.12096978036277
9192,2.20592,2.06590115864962
9193,2.20616,2.37171740790512
9194,2.2064,2.75912205918851
9195,2.20664,1.72856447088564
9196,2.20688,2.86116519080151
9197,2.20712,2.28447303586185
9198,2.20736,2.22699832303648
9199,2.2076,3.10085318424331
9200,2.20784,1.81315049073558
9201,2.20808,2.47714889434124
9202,2.20832,2.62124677648279
9203,2.20856,1.72040611687969
9204,2.2088,2.97057766297747
9205,2.20904,2.03707127841839
9206,2.20928,1.99034064973126
9207,2.20952,2.99085479828634
9208,2.20976,2.17364949265536
9209,2.21,2.23993329868839
9210,2.21024,2.87093085725822
9211,2.21048,1.71652466773639
9212,2.21072,2.73286866186452
9213,2.21096,2.39435765575615
9214,2.2112,1.85546449139143
9215,2.21144,3.10057887159131
9216,2.21168,1.93264656907785
9217,2.21192,2.24291074179393
9218,2.21216,2.87464912250492
9219,2.2124,1.71565619214927
9220,2.21264,2.5015400769509
9221,2.21288,2.64535481999301
9222,2.21312,1.74127160600952
9223,2.21336,2.87193661048893
9224,2.2136,2.29519497507645
9225,2.21384,2.00019110311178
9226,2.21408,3.12091074836107
9227,2.21432,1.83833378757519
9228,2.21456,2.50340585985378
9229,2.2148,2.52686784557072
9230,2.21504,1.62529123238928
9231,2.21528,2.99760050312334
9232,2.21552,2.06240098061962
9233,2.21576,2.12911731416249
9234,2.216,2.88121750516059
9235,2.21624,1.60866769353697
9236,2.21648,2.7446483866822
9237,2.21672,2.28887722718553
9238,2.21696,1.87557224823018
9239,2.2172,3.11805895970023
9240,2.21744,1.94844560745652
9241,2.21768,2.13946357496183
9242,2.21792,2.89241548647641
9243,2.21816,1.61629427441928
9244,2.2184,2.17160226370992
9245,2.21864,2.92314706338667
9246,2.21888,1.64392166298949
9247,2.21912,2.55005821702945
9248,2.21936,2.69257073268914
9249,2.2196,1.78505406725269
9250,2.21984,2.91596402766149
9251,2.22008,2.10321704842269
9252,2.22032,2.28658989883718
9253,2.22056,2.91545851441877
9254,2.2208,1.51935767786784
9255,2.22104,2.66007823663413
9256,2.22128,2.32552862631946
9257,2.22152,2.02911870687645
9258,2.22176,3.14675233019052
9259,2.222,1.97977880516389
9260,2.22224,2.17284861122611
9261,2.22248,2.92561820346967
9262,2.22272,1.64624876845154
9263,2.22296,2.66682314792563
9264,2.2232,2.44740672150402
9265,2.22344,2.02719459954626
9266,2.22368,3.14664794342218
9267,2.22392,1.86110348117357
9268,2.22416,2.407890824057
9269,2.2244,2.79268603738679
9270,2.22464,1.6410955485689
9271,2.22488,2.66317363986072
9272,2.22512,2.32935224889886
9273,2.22536,1.91420538240091
9274,2.2256,3.15493138235222
9275,2.22584,1.87119572903213
9276,2.22608,2.42013773781096
9277,2.22632,2.68543054099541
9278,2.22656,1.41997089928701
9279,2.2268,2.4442907802095
9280,2.22704,2.82747972441783
9281,2.22728,1.55585359618975
9282,2.22752,2.6940311944624
9283,2.22776,2.35885795861635
9284,2.228,1.70365013927684
9285,2.22824,2.95436777726301
9286,2.22848,1.90634535872823
9287,2.22872,2.33479881029568
9288,2.22896,2.72359971555053
9289,2.2292,1.69526723307876
9290,2.22944,2.71104148730864
9291,2.22968,2.37419505390111
9292,2.22992,1.72227440667099
9293,2.23016,2.97300541676247
9294,2.2304,2.04444081964873
9295,2.23064,2.11478131211439
9296,2.23088,2.86740461063265
9297,2.23112,1.59134340640343
9298,2.23136,2.7331820853625
9299,2.2316,2.39578652641931
9300,2.23184,1.37728337718385
9301,2.23208,2.64130701854963
9302,2.23232,2.30613258136667
9303,2.23256,1.89242400579757
9304,2.2328,3.01676483538639
9305,2.23304,1.84748312909385
9306,2.23328,2.15952291955316
9307,2.23352,2.91187085290313
9308,2.23376,1.63214322127523
9309,2.234,2.53864204004309
9310,2.23424,2.44537700536313
9311,2.23448,1.42381298246746
9312,2.23472,2.21825488332358
9313,2.23496,2.84995565943237
9314,2.2352,1.45656219154855
9315,2.23544,2.59987190727244
9316,2.23568,2.2677978472525
9317,2.23592,1.97375461847685
9318,2.23616,3.09365180838351
9319,2.2364,1.81163861717803
9320,2.23664,2.24585361812165
9321,2.23688,2.75520745604318
9322,2.23712,1.36721767933045
9323,2.23736,2.63377578902258
9324,2.2376,2.41694646358117
9325,2.23784,1.75826123312499
9326,2.23808,3.00561736960777
9327,2.23832,1.83980165439744
9328,2.23856,2.27106560012785
9329,2.2388,2.89998576361481
9330,2.23904,1.62682375117216
9331,2.23928,2.41757682746085
9332,2.23952,2.32822737431706
9333,2.23976,1.79449600032885
9334,2.24,3.04113547391454
9335,2.24024,1.76003306773971
9336,2.24048,2.42825259756551
9337,2.24072,2.57584787092037
9338,2.24096,1.55555733435216
9339,2.2412,2.69446613170953
9340,2.24144,2.35910440115503
9341,2.24168,1.82487764218421
9342,2.24192,3.07016960394133
9343,2.24216,1.78601724436127
9344,2.2424,2.33368399982457
9345,2.24264,2.60299043391433
9346,2.24288,1.57975510233706
9347,2.24312,2.60040526396591
9348,2.24336,2.15104109059602
9349,2.2436,1.8628573342256
9350,2.24384,2.87204800054417
9351,2.24408,2.18038121483574
9352,2.24432,2.00938996804549
9353,2.24456,3.00610413227651
9354,2.2448,1.60795552436517
9355,2.24504,2.39863183164707
9356,2.24528,2.78402887632169
9357,2.24552,1.5158343705149
9358,2.24576,2.65554954064444
9359,2.246,2.20202115046906
9360,2.24624,1.79176452068855
9361,2.24648,3.0375900494954
9362,2.24672,1.98659975990446
9363,2.24696,2.06021455617867
9364,2.2472,2.69865517127902
9365,2.24744,1.4315456271546
9366,2.24768,2.57492100005784
9367,2.24792,2.2446855686393
9368,2.24816,1.95237413794369
9369,2.2484,3.07657220203724
9370,2.24864,1.67574335414008
9371,2.24888,2.22813355764713
9372,2.24912,2.7424975234445
9373,2.24936,1.47252640340329
9374,2.2496,2.50084412021353
9375,2.24984,2.40860656092202
9376,2.25008,1.75234772420677
9377,2.25032,2.88258576561624
9378,2.25056,1.95468829038781
9379,2.2508,2.02828759789475
9380,2.25104,3.02495941715316
9381,2.25128,1.74357519900575
9382,2.25152,2.41238077949399
9383,2.25176,2.56053680167718
9384,2.252,1.41656665024763
9385,2.25224,2.20980988087365
9386,2.25248,2.72274641154806
9387,2.25272,1.33468634565485
9388,2.25296,2.59944375707654
9389,2.2532,2.03277161974125
9390,2.25344,2.10429631803736
9391,2.25368,2.86100962837629
9392,2.25392,1.58759881250818
9393,2.25416,2.26316787796917
9394,2.2544,2.7719849442207
9395,2.25464,1.50157748548733
9396,2.25488,2.64703550647402
9397,2.25512,2.19460726909033
9398,2.25536,1.90180431136266
9399,2.2556,3.02636057520814
9400,2.25584,1.7448505645174
9401,2.25608,2.29677360126639
9402,2.25632,2.80542755509824
9403,2.25656,1.53442885527595
9404,2.2568,2.55903195823127
9405,2.25704,2.22938243645791
9406,2.25728,1.93763234886876
9407,2.25752,3.05844130716557
9408,2.25776,1.77376557796949
9409,2.258,1.85387816867114
9410,2.25824,2.61706233744153
9411,2.25848,1.47274678231735
9412,2.25872,2.73273057710829
9413,2.25896,1.92665766537819
9414,2.2592,2.12122514509963
9415,2.25944,2.51897223647663
9416,2.25968,1.49830331680068
9417,2.25992,2.64036065278373
9418,2.26016,2.19075793755261
9419,2.2604,1.5429568028737
9420,2.26064,2.79849728802182
9421,2.26088,2.10502483331318
9422,2.26112,1.69839678472953
9423,2.26136,2.59599897781292
9424,2.2616,2.38231714240779
9425,2.26184,1.49000557529708
9426,2.26208,2.51520575980094
9427,2.26232,2.18691554733517
9428,2.26256,1.65821417885985
9429,2.2628,2.67433049123149
9430,2.26304,2.10430141059511
9431,2.26328,1.69725526220431
9432,2.26352,2.94650120014123
9433,2.26376,1.7834027598305
9434,2.264,1.98105278279525
9435,2.26424,2.97961128615104
9436,2.26448,1.81766551284191
9437,2.26472,1.89753162725812
9438,2.26496,2.78556755239914
9439,2.2652,1.86036350957619
9440,2.26544,2.05599393075455
9441,2.26568,2.81070844145369
9442,2.26592,1.41995224203663
9443,2.26616,2.21634817360206
9444,2.2664,2.61029101339009
9445,2.26664,1.70756783608238
9446,2.26688,2.95632428711858
9447,2.26712,1.7927580882237
9448,2.26736,2.10979865967661
9449,2.2676,2.8634785341791
9450,2.26784,1.58805190519577
9451,2.26808,2.0255009291239
9452,2.26832,3.02558926183604
9453,2.26856,1.74219895992576
9454,2.2688,1.94160604643206
9455,2.26904,2.46250763385546
9456,2.26928,1.20362538456966
9457,2.26952,2.47606661625471
9458,2.26976,1.91367538041524
9459,2.27,1.99016874246191
9460,2.27024,2.51152391029448
9461,2.27048,1.49236474683006
9462,2.27072,2.51472357706069
9463,2.27096,2.18723527633799
9464,2.2712,2.01564384433444
9465,2.27144,2.7794688373066
9466,2.27168,1.38957314105916
9467,2.27192,2.41596028524881
9468,2.27216,2.09275206365949
9469,2.2724,1.92525371148182
9470,2.27264,2.80975638817654
9471,2.27288,1.53832495596568
9472,2.27312,2.45015601682573
9473,2.27336,2.36024907789661
9474,2.2736,1.70708637582605
9475,2.27384,2.71914854133512
9476,2.27408,1.56798255945257
9477,2.27432,2.12646884337294
9478,2.27456,2.16652305412355
9479,2.2748,1.39803586079482
9480,2.27504,2.66232251199838
9481,2.27528,1.50924831367636
9482,2.27552,2.18659804099277
9483,2.27576,2.34298837203304
9484,2.276,1.57199497073052
9485,2.27624,2.83000152737773
9486,2.27648,1.78594095691615
9487,2.27672,1.86701627267655
9488,2.27696,2.62936115818883
9489,2.2772,1.36397835601593
9490,2.27744,1.92736554340389
9491,2.27768,2.6910213974702
9492,2.27792,1.30529231954724
9493,2.27816,2.45463177889067
9494,2.2784,2.24678218810245
9495,2.27864,1.47779183865262
9496,2.27888,2.73811295214372
9497,2.27912,1.82001507390899
9498,2.27936,1.89949832206557
9499,2.2796,2.42252738437957
9500,2.27984,1.16562760434723
9501,2.28008,2.43824088172663
9502,2.28032,1.76013263367078
9503,2.28056,1.96033052274408
9504,2.2808,2.4806538483852
9505,2.28104,1.46133749432896
9506,2.28128,2.60775073061988
9507,2.28152,2.03944000272115
9508,2.28176,1.51730216673448
9509,2.282,2.54013844756369
9510,2.28224,2.09456980146536
9511,2.28248,1.57219886479124
9512,2.28272,2.82834623386704
9513,2.28296,1.43741386440442
9514,2.2832,2.23278306430685
9515,2.28344,2.509432294811
9516,2.28368,1.24868520145046
9517,2.28392,2.51761967882453
9518,2.28416,1.95318561541719
9519,2.2844,1.67265799002974
9520,2.28464,2.6886920265067
9521,2.28488,1.88547174965116
9522,2.28512,1.72289214038335
9523,2.28536,2.73278107168427
9524,2.2856,1.46406784786263
9525,2.28584,2.37718535043447
9526,2.28608,2.29067466090659
9527,2.28632,1.75709471766195
9528,2.28656,2.89055575466213
9529,2.2868,1.72690174784728
9530,2.28704,2.04256908556256
9531,2.28728,2.55964060693523
9532,2.28752,1.4195919540564
9533,2.28776,2.56597551012324
9534,2.288,1.88176955974088
9535,2.28824,2.07391340459534
9536,2.28848,2.47113165593223
9537,2.28872,1.2159229548761
9538,2.28896,2.36682007446214
9539,2.2892,2.27984318221337
9540,2.28944,1.1462273986015
9541,2.28968,2.18251822886116
9542,2.28992,2.33662896388825
9543,2.29016,1.5631092542383
9544,2.2904,2.70321085475394
9545,2.29064,1.78209400340723
9546,2.29088,2.09923506515676
9547,2.29112,2.73405727975943
9548,2.29136,1.46304365049597
9549,2.2916,2.60964853569287
9550,2.29184,2.27988616381877
9551,2.29208,1.26867360615494
9552,2.29232,2.41808061776935
9553,2.29256,2.20947404215704
9554,2.2928,1.6793386797797
9555,2.29304,2.9328571664827
9556,2.29328,1.76945641560433
9557,2.29352,1.84878834578121
9558,2.29376,2.61562164026501
9559,2.294,1.23293103523831
9560,2.29424,2.38168947255494
9561,2.29448,2.05655298843381
9562,2.29472,1.53304712813455
9563,2.29496,2.79157357632626
9564,2.2952,1.6390968450937
9565,2.29544,1.84210783332613
9566,2.29568,2.36650049427069
9567,2.29592,1.23121439177285
9568,2.29616,2.14995000057032
9569,2.2964,2.30842774991696
9570,2.29664,1.4144370962302
9571,2.29688,2.55610417831811
9572,2.29712,1.99070398342184
9573,2.29736,1.94489283996213
9574,2.2976,2.70743000030321
9575,2.29784,1.31853366860292
9576,2.29808,2.35108472867886
9577,2.29832,2.14487545927226
9578,2.29856,1.61875008891796
9579,2.2988,2.63910136564076
9580,2.29904,1.95720907527426
9581,2.29928,1.55864385480627
9582,2.29952,2.69791448656384
9583,2.29976,2.00999921506234
9584,2.3,1.72715616757965
9585,2.30024,2.9754389087255
9586,2.30048,1.57868879764776
9587,2.30072,1.90059900951111
9588,2.30096,2.54652705710608
9589,2.3012,1.4011189783881
9590,2.30144,2.08191073395598
9591,2.30168,2.24199232836716
9592,2.30192,1.23491311868498
9593,2.30216,2.26972136486271
9594,2.3024,2.18675951024991
9595,2.30264,1.29664290474629
9596,2.30288,2.44641846134907
9597,2.30312,1.76892179948787
9598,2.30336,1.96705407870659
9599,2.3036,2.48974988238226
9600,2.30384,1.35161234382415
9601,2.30408,2.3834772660139
9602,2.30432,2.2959819213353
9603,2.30456,1.16011004864038
9604,2.3048,2.31231703404916
9605,2.30504,1.75869703904571
9606,2.30528,1.84050223117424
9607,2.30552,2.84977130028496
9608,2.30576,1.69587285902515
9609,2.306,2.13285246373597
9610,2.30624,2.64656043833306
9611,2.30648,1.37779513870735
9612,2.30672,2.17539583479627
9613,2.30696,2.2162809263697
9614,2.3072,1.57014959494055
9615,2.30744,2.71141971004116
9616,2.30768,1.67505822426546
9617,2.30792,2.11159199968552
9618,2.30816,2.27027335892809
9619,2.3084,1.26185456344281
9620,2.30864,2.41215361457209
9621,2.30888,2.08762846062463
9622,2.30912,1.56252831158509
9623,2.30936,2.93633296082437
9624,2.3096,1.54113390306985
9625,2.30984,1.98436621312522
9626,2.31008,2.50447688372333
9627,2.31032,1.365596388564
9628,2.31056,2.63245349027257
9629,2.3108,1.94717420280978
9630,2.31104,1.66517030176179
9631,2.31128,2.43924448674648
9632,2.31152,1.29833473302244
9633,2.31176,1.98342919033529
9634,2.312,2.14762554877097
9635,2.31224,1.38414120464051
9636,2.31248,2.76563570308253
9637,2.31272,1.37914755499753
9638,2.31296,2.06158444873751
9639,2.3132,1.98620283835384
9640,2.31344,1.58480555683908
9641,2.31368,2.60024939248887
9642,2.31392,1.33684923990802
9643,2.31416,2.24850590701021
9644,2.3144,2.16499166699755
9645,2.31464,1.63642836118665
9646,2.31488,2.7746873286759
9647,2.31512,1.61562066404443
9648,2.31536,1.93567473924287
9649,2.3156,2.57806914239703
9650,2.31584,1.43411410580687
9651,2.31608,2.1136429775112
9652,2.31632,2.27467301849151
9653,2.31656,1.50735400701349
9654,2.3168,2.52873158381528
9655,2.31704,2.07966379509381
9656,2.31728,1.55477111284017
9657,2.31752,2.69390863763959
9658,2.31776,1.77099330763202
9659,2.318,1.73440028968309
9660,2.31824,2.50575330445634
9661,2.31848,1.24422609510288
9662,2.31872,2.39689122143572
9663,2.31896,1.83715204820429
9664,2.3192,1.44128986131252
9665,2.31944,2.58532746435039
9666,2.31968,1.90197354076615
9667,2.31992,1.62349340708887
9668,2.32016,2.87594985314155
9669,2.3204,1.60039368478998
9670,2.32064,2.15892449514163
9671,2.32088,2.08093141026044
9672,2.32112,1.43695994104571
9673,2.32136,2.69922529978895
9674,2.3216,1.42833339291412
9675,2.32184,2.57594920299956
9676,2.32208,1.6642160374382
9677,2.32232,1.74804617205569
9678,2.32256,2.27608474570591
9679,2.3228,1.62361059517735
9680,2.32304,2.51911399749387
9681,2.32328,1.37850925798736
9682,2.32352,2.64021154513657
9683,2.32376,1.49342405906883
9684,2.324,1.70230034372964
9685,2.32424,2.23230283081688
9686,2.32448,1.10238068209115
9687,2.32472,1.9090474153495
9688,2.32496,2.31411650667698
9689,2.3252,1.42249308248337
9690,2.32544,2.68445725911121
9691,2.32568,1.2995133209707
9692,2.32592,2.333739997883
9693,2.32616,1.89251876238341
9694,2.3264,1.85048728391415
9695,2.32664,2.73867718813167
9696,2.32688,1.58492020809496
9697,2.32712,1.67172514285198
9698,2.32736,2.20341882485941
9699,2.3276,1.55401750434004
9700,2.32784,2.32914734277216
9701,2.32808,1.31257148440185
9702,2.32832,1.99805676064049
9703,2.32856,1.9251695550599
9704,2.3288,1.76359260783887
9705,2.32904,2.17363618158331
9706,2.32928,1.64833816256417
9707,2.32952,2.30386849929637
9708,2.32976,1.41172174593334
9709,2.33,2.43220718840027
9710,2.33024,1.29259481040689
9711,2.33048,2.09479214018302
9712,2.33072,1.90219044308059
9713,2.33096,1.74157275173477
9714,2.3312,2.15253313692062
9715,2.33144,1.62811137466186
9716,2.33168,2.28447919154432
9717,2.33192,1.39313261767175
9718,2.33216,2.5377107609561
9719,2.3324,1.15732472539934
9720,2.33264,2.43026872668458
9721,2.33288,1.40265890560213
9722,2.33312,2.31939580770512
9723,2.33336,1.52925183052595
9724,2.3336,2.09106978266352
9725,2.33384,1.7787574360295
9726,2.33408,1.86092692289255
9727,2.33432,2.03004919892785
9728,2.33456,1.62898022042879
9729,2.3348,2.1623899673493
9730,2.33504,1.39524830811674
9731,2.33528,2.41634437118262
9732,2.33552,1.27731605507534
9733,2.33576,1.84568511155411
9734,2.336,2.01543243666428
9735,2.33624,1.4951482082467
9736,2.33648,2.51622959023425
9737,2.33672,1.2560648921274
9738,2.33696,1.93988918565253
9739,2.3372,2.22228031987245
9740,2.33744,1.57533515558571
9741,2.33768,2.5968819178444
9742,2.33792,1.91613291736603
9743,2.33816,1.27900632446292
9744,2.3384,2.31079440100284
9745,2.33864,1.63682020766612
9746,2.33888,1.6047655941023
9747,2.33912,2.13871382959098
9748,2.33936,1.25222492807187
9749,2.3396,2.40371199449248
9750,2.33984,1.61413365089205
9751,2.34008,1.93420990849526
9752,2.34032,2.4590075245085
9753,2.34056,1.31802013951632
9754,2.3408,2.00126478928884
9755,2.34104,2.04824779857932
9756,2.34128,1.16391123900277
9757,2.34152,2.43896559682785
9758,2.34176,1.41079410508085
9759,2.342,2.21067061807635
9760,2.34224,1.65858844520803
9761,2.34248,1.98064602657761
9762,2.34272,1.90823174107989
9763,2.34296,1.74886972065468
9764,2.3432,2.15926911480213
9765,2.34344,1.51537135606746
9766,2.34368,2.41517521648263
9767,2.34392,1.2786818390935
9768,2.34416,2.54431641531712
9769,2.3444,1.16339873584225
9770,2.34464,2.3199352983168
9771,2.34488,1.52953173385616
9772,2.34512,2.08935797215916
9773,2.34536,1.77688674344395
9774,2.3456,1.85714652352593
9775,2.34584,2.02620163386119
9776,2.34608,1.62373964066463
9777,2.34632,2.15672376056037
9778,2.34656,1.50897798072271
9779,2.3468,2.40900343444176
9780,2.34704,1.27272086170586
9781,2.34728,2.54163063168452
9782,2.34752,1.27709130868007
9783,2.34776,2.31315931475228
9784,2.348,1.5229926382652
9785,2.34824,2.08304458039099
9786,2.34848,1.77078878282177
9787,2.34872,1.85125349503899
9788,2.34896,2.02050406633019
9789,2.3492,1.6182282619714
9790,2.34944,2.15138966173086
9791,2.34968,1.02448756806587
9792,2.34992,1.83404390014118
9793,2.35016,2.3595117976598
9794,2.3504,1.10241795348672
9795,2.35064,2.2562683189075
9796,2.35088,1.82186962605676
9797,2.35112,1.42561535763291
9798,2.35136,2.56839425201181
9799,2.3516,1.18628665310616
9800,2.35184,2.45758523826353
9801,2.35208,1.42840091572528
9802,2.35232,2.22557183782953
9803,2.35256,1.67264065214382
9804,2.3528,1.99213461248113
9805,2.35304,1.91902094716639
9806,2.35328,1.75722637827214
9807,2.35352,2.16706131117317
9808,2.35376,0.923916817596014
9809,2.354,1.96914992850733
9810,2.35424,2.37145479788902
9811,2.35448,0.998296477009024
9812,2.35472,2.04157247202652
9813,2.35496,2.08607551707314
9814,2.3552,1.5588613237999
9815,2.35544,2.45654333887435
9816,2.35568,1.31801935811095
9817,2.35592,2.5847863116132
9818,2.35616,1.31819716555969
9819,2.3564,2.3523053382445
9820,2.35664,1.56026403736309
9821,2.35688,1.41229485885191
9822,2.35712,2.43791395554614
9823,2.35736,1.87831652401159
9824,2.3576,1.4833848598204
9825,2.35784,2.50721575222468
9826,2.35808,1.71450362107045
9827,2.35832,1.68178484746034
9828,2.35856,2.21457127538741
9829,2.3588,1.08782035800469
9830,2.35904,2.1279714219162
9831,2.35928,2.28669855477766
9832,2.35952,1.15593429048304
9833,2.35976,2.19440099422882
9834,2.36,1.99645865925408
9835,2.36024,0.754079356426519
9836,2.36048,1.92246661821506
9837,2.36072,1.73636373949215
9838,2.36096,1.34449870294877
9839,2.3612,2.37210257648661
9840,2.36144,1.81222144324039
9841,2.36168,1.53683316786424
9842,2.36192,2.6724109765937
9843,2.36216,1.28814151255347
9844,2.3624,1.85680069401846
9845,2.36264,1.90964644054588
9846,2.36288,1.03091748447446
9847,2.36312,2.18935520171265
9848,2.36336,1.4042690799894
9849,2.3636,1.73258927249772
9850,2.36384,2.26481154295534
9851,2.36408,1.13443845368695
9852,2.36432,1.94063703160775
9853,2.36456,1.98979099272698
9854,2.3648,1.10753259391982
9855,2.36504,2.26259576313944
9856,2.36528,1.47428342620686
9857,2.36552,1.79951930554586
9858,2.36576,2.20896679370539
9859,2.366,1.19951666801062
9860,2.36624,2.47123273258474
9861,2.36648,1.09218727184611
9862,2.36672,2.36728273750695
9863,2.36696,1.22410485802529
9864,2.3672,2.26208679823808
9865,2.36744,1.35568999562942
9866,2.36768,1.45209733990705
9867,2.36792,2.47708262374358
9868,2.36816,1.5660998033473
9869,2.3684,1.53654764015618
9870,2.36864,2.55524076889396
9871,2.36888,1.17592552116046
9872,2.36912,1.7493233418571
9873,2.36936,2.64020563752666
9874,2.3696,1.37221495088263
9875,2.36984,1.82031685327337
9876,2.37008,2.35033421558141
9877,2.37032,1.21131258959736
9878,2.37056,1.55051188692255
9879,2.3708,2.09183229576625
9880,2.37104,1.08471599762466
9881,2.37128,1.895563869748
9882,2.37152,1.71080125734212
9883,2.37176,1.43960860772708
9884,2.372,1.98007451865298
9885,2.37224,1.3394827295159
9886,2.37248,2.24635037249276
9887,2.37272,1.23993429587711
9888,2.37296,2.39034186520344
9889,2.3732,1.25254995664646
9890,2.37344,1.47090044461275
9891,2.37368,2.49233302726387
9892,2.37392,1.2276320933428
9893,2.37416,2.03176946244788
9894,2.3744,1.84101289419319
9895,2.37464,1.56408837928326
9896,2.37488,2.09907309632209
9897,2.37512,1.3338585489321
9898,2.37536,2.36029237261358
9899,2.3756,1.22159338216475
9900,2.37584,1.55847710760727
9901,2.37608,2.46013390946124
9902,2.37632,1.31311649487126
9903,2.37656,1.76363575306048
9904,2.3768,2.29596396232467
9905,2.37704,0.926035017250261
9906,2.37728,1.85563390373888
9907,2.37752,1.5522399119166
9908,2.37776,1.523985309751
9909,2.378,2.30638030317933
9910,2.37824,1.05449434476442
9911,2.37848,1.86475906041012
9912,2.37872,2.03493300043327
9913,2.37896,1.15258821171586
9914,2.3792,2.18903283068064
9915,2.37944,1.63934879294339
9916,2.37968,1.60941690320217
9917,2.37992,2.14796850865128
9918,2.38016,1.14174167066304
9919,2.3804,2.17863248628802
9920,2.38064,1.74743050859862
9921,2.38088,0.877085015653924
9922,2.38112,1.92592511187307
9923,2.38136,1.97489592236962
9924,2.3816,1.33257380999917
9925,2.38184,2.36244817810275
9926,2.38208,1.68967497777545
9927,2.38232,1.05974549986387
9928,2.38256,2.10190095753246
9929,2.3828,1.90748465239573
9930,2.38304,0.787424023192098
9931,2.38328,1.84230710168413
9932,2.38352,1.65959564213533
9933,2.38376,1.02965124525434
9934,2.384,2.18854737777754
9935,2.38424,1.17037974149358
9936,2.38448,1.74236837036512
9937,2.38472,2.15474030373258
9938,2.38496,1.02826527582643
9939,2.3852,2.06867593741587
9940,2.38544,1.63779502677914
9941,2.38568,1.4867093434129
9942,2.38592,2.26880102201082
9943,2.38616,1.01795838148868
9944,2.3864,2.05879308861669
9945,2.38664,1.74681014850064
9946,2.38688,0.753041884082754
9947,2.38712,1.804991884856
9948,2.38736,2.21547791860994
9949,2.3876,1.08628457673252
9950,2.38784,2.13107667894379
9951,2.38808,1.23427701515897
9952,2.38832,1.45355663682729
9953,2.38856,2.47800928975093
9954,2.3888,1.5665157532671
9955,2.38904,0.937856526421672
9956,2.38928,1.98298169822384
9957,2.38952,1.55963995876037
9958,2.38976,1.1722032991945
9959,2.39,2.20886750433456
9960,2.39024,1.77826618034613
9961,2.39048,1.2531947709995
9962,2.39072,2.06058705965749
9963,2.39096,1.98759652978974
9964,2.3912,1.2237783687556
9965,2.39144,1.91220754937429
9966,2.39168,1.84304320249641
9967,2.39192,1.19705417530656
9968,2.39216,1.65442437097284
9969,2.3924,2.07006169376031
9970,2.39264,1.06337498481958
9971,2.39288,2.34435991606331
9972,2.39312,1.79848726993604
9973,2.39336,1.04674228840018
9974,2.3936,2.44434820595216
9975,2.39384,1.53460453050536
9976,2.39408,0.779953707024072
9977,2.39432,1.95076613914436
9978,2.39456,1.76272948581759
9979,2.3948,1.12929260093442
9980,2.39504,1.94855152822302
9981,2.39528,1.64198825565158
9982,2.39552,1.12363647693269
9983,2.39576,1.81189359244554
9984,2.396,1.98103167815564
9985,2.39624,1.92057803799799
9986,2.39648,1.86275502336067
9987,2.39672,1.80744268668651
9988,2.39696,1.16067949317757
9989,2.3972,1.13892684309062
9990,2.39744,1.44695298086768
9991,2.39768,1.17100300000927
9992,2.39792,1.6192253116902
9993,2.39816,2.03420749771899
9994,2.3984,0.677298552385404
9995,2.39864,2.19894700416827
9996,2.39888,1.77264699201219
9997,2.39912,1.86454291407058
9998,2.39936,1.80108911950213
9999,2.3996,0.923649270706251
10000,2.39984,2.32387287824856
10001,2.40008,1.29238479173913
10002,2.40032,1.38697672952597
10003,2.40056,2.17917265748884
10004,2.4008,0.690883849182754
10005,2.40104,2.10035109675064
10006,2.40128,1.3138249957081
10007,2.40152,1.29281559670771
10008,2.40176,2.20195717788366
10009,2.402,0.716992630972724
10010,2.40224,2.24687563733733
10011,2.40248,1.22880645032484
10012,2.40272,1.32455708280109
10013,2.40296,2.46283753031921
10014,2.4032,0.736428870214436
10015,2.40344,1.79131195039239
10016,2.40368,2.20425494851929
10017,2.40392,0.723492568088785
10018,2.40416,2.1310119478832
10019,2.4044,1.8162754277154
10020,2.40464,0.942383378261168
10021,2.40488,2.46325430769932
10022,2.40512,1.32464919576075
10023,2.40536,1.53685476602394
10024,2.4056,1.95607126873849
10025,2.40584,1.32311682512891
10026,2.40608,2.35283253248108
10027,2.40632,1.33844070847934
10028,2.40656,1.55087352507003
10029,2.4068,1.48963387431785
10030,2.40704,1.34194945269838
10031,2.40728,2.0143607380218
10032,2.40752,1.35140823037005
10033,2.40776,1.56911137377735
10034,2.408,1.99453449484997
10035,2.40824,0.518428742612523
10036,2.40848,2.04191938567494
10037,2.40872,1.50545800057065
10038,2.40896,1.60126061407622
10039,2.4092,1.42359678266749
10040,2.40944,1.39547416548348
10041,2.40968,1.94957128581056
10042,2.40992,1.65061777906251
10043,2.41016,1.3880600638767
10044,2.4104,2.29501590752061
10045,2.41064,1.16317393286468
10046,2.41088,1.14175175381099
10047,2.41112,1.56225234544753
10048,2.41136,1.52804703352449
10049,2.4116,1.59743267619273
10050,2.41184,1.08329587652173
10051,2.41208,1.76683830026884
10052,2.41232,1.34057702897049
10053,2.41256,1.67370538673861
10054,2.4128,1.97943076690831
10055,2.41304,1.21330634632028
10056,2.41328,1.66940508465111
10057,2.41352,1.48866533529339
10058,2.41376,1.45760126006153
10059,2.414,2.00888588124399
10060,2.41424,1.70724240269733
10061,2.41448,1.44211240965951
10062,2.41472,2.34660863069505
10063,2.41496,1.21241394885051
10064,2.4152,1.18874207119371
10065,2.41544,1.85380360448099
10066,2.41568,0.624608034098534
10067,2.41592,1.9162674037426
10068,2.41616,1.50094880930391
10069,2.4164,1.59590560573366
10070,2.41664,1.41828514863627
10071,2.41688,1.39020098875777
10072,2.41712,1.94430570518181
10073,2.41736,1.40708251076252
10074,2.4176,1.50749664206456
10075,2.41784,2.05650879529149
10076,2.41808,1.40370363288071
10077,2.41832,1.26228203888145
10078,2.41856,1.6904145871644
10079,2.4188,1.30230077499054
10080,2.41904,1.86020583732409
10081,2.41928,1.08559306799599
10082,2.41952,1.54277207511309
10083,2.41976,1.72461424169977
10084,2.42,1.08882529106766
10085,2.42024,1.7758274157156
10086,2.42048,1.71637194274659
10087,2.42072,1.08723483325498
10088,2.42096,2.46978810557889
10089,2.4212,0.973986501125502
10090,2.42144,1.54963574359463
10091,2.42168,2.44584930552203
10092,2.42192,0.719702840031072
10093,2.42216,1.65543845924795
10094,2.4224,1.59764964624159
10095,2.42264,1.0926116194725
10096,2.42288,2.36117990361574
10097,2.42312,0.994333281890952
10098,2.42336,1.32934793397373
10099,2.4236,1.5122675872888
10100,2.42384,1.4894990646486
10101,2.42408,1.80207872330354
10102,2.42432,1.2629780018425
10103,2.42456,1.48409288255277
10104,2.4248,1.55504977428103
10105,2.42504,1.04241558309474
10106,2.42528,1.72739605964688
10107,2.42552,0.948255912243963
10108,2.42576,1.4131301339563
10109,2.426,2.0841612640773
10110,2.42624,0.483869477460818
10111,2.42648,1.90124556354661
10112,2.42672,1.8364652025102
10113,2.42696,0.84563009377055
10114,2.4272,2.36533867034114
10115,2.42744,1.22601741991893
10116,2.42768,1.32125642661355
10117,2.42792,2.46036758096076
10118,2.42816,0.969196268463689
10119,2.4284,1.42504055510873
10120,2.42864,1.84856237513213
10121,2.42888,1.10110902410738
10122,2.42912,2.25278496821733
10123,2.42936,1.24173711052866
10124,2.4296,1.45779217152524
10125,2.42984,1.4000159134247
10126,2.43008,1.25564177066192
10127,2.43032,1.93121967169406
10128,2.43056,1.14878675687845
10129,2.4308,1.4897965682884
10130,2.43104,1.80305890219532
10131,2.43128,0.80535246949
10132,2.43152,2.32928893000737
10133,2.43176,0.722098723317741
10134,2.432,1.6565608965946
10135,2.43224,1.60199801335629
10136,2.43248,0.97753884862854
10137,2.43272,2.36456492795271
10138,2.43296,0.996828916088981
10139,2.4332,1.21778752484485
10140,2.43344,2.36125138771986
10141,2.43368,0.638906907823373
10142,2.43392,1.81794646056689
10143,2.43416,1.40643016263122
10144,2.4344,1.50502420649665
10145,2.43464,1.45424374879195
10146,2.43488,1.18964442123095
10147,2.43512,2.10409836852708
10148,2.43536,1.45226984689668
10149,2.4356,1.31486317224668
10150,2.43584,2.10494130610084
10151,2.43608,1.09660891077509
10152,2.43632,1.07741459490231
10153,2.43656,1.38814186277502
10154,2.4368,1.367820239393
10155,2.43704,1.55989836326308
10156,2.43728,1.05103857065352
10157,2.43752,1.49785784842939
10158,2.43776,1.20427898553459
10159,2.438,1.42806263907518
10160,2.43824,1.74293489648296
10161,2.43848,1.33024720886316
10162,2.43872,1.31224575119591
10163,2.43896,1.26395273752293
10164,2.4392,0.87991071443888
10165,2.43944,2.04135159678133
10166,2.43968,0.562395221307011
10167,2.43992,1.61694463311872
10168,2.44016,1.32015458776351
10169,2.4404,1.17896186337249
10170,2.44064,1.85758264316522
10171,2.44088,1.2022919367807
10172,2.44112,1.42559748718932
10173,2.44136,1.49864956505681
10174,2.4416,0.630638552179931
10175,2.44184,2.27781559609765
10176,2.44208,0.790231116188519
10177,2.44232,1.73068022033689
10178,2.44256,1.55473227949149
10179,2.4428,0.44935208523863
10180,2.44304,2.10352727313653
10181,2.44328,1.32098739076651
10182,2.44352,0.941284968955671
10183,2.44376,2.22629814886184
10184,2.444,0.623238288512812
10185,2.44424,1.56165140358456
10186,2.44448,1.74208970795847
10187,2.44472,0.750983194166159
10188,2.44496,2.04423985045018
10189,2.4452,1.02547204245639
10190,2.44544,1.48644721228255
10191,2.44568,2.15375103856623
10192,2.44592,0.669727618248398
10193,2.44616,2.20050998127048
10194,2.4464,1.1779645803556
10195,2.44664,1.27632024671867
10196,2.44688,2.0721187125879
10197,2.44712,0.946766802858146
10198,2.44736,1.65109600523411
10199,2.4476,2.19747868718841
10200,2.44784,1.0644788736305
10201,2.44808,1.40458768132742
10202,2.44832,2.06673362025824
10203,2.44856,0.470957971106177
10204,2.4488,1.76933476404927
10205,2.44904,1.23528247359154
10206,2.44928,0.981983653076057
10207,2.44952,1.66893025529943
10208,2.44976,1.37318694411535
10209,2.45,1.11169232972663
10210,2.45024,1.9092752986042
10211,2.45048,1.2620018853968
10212,2.45072,1.12587347018651
10213,2.45096,1.55907224600219
10214,2.4512,0.69340552010633
10215,2.45144,1.74930870709206
10216,2.45168,0.983387419763932
10217,2.45192,1.44631333618496
10218,2.45216,1.75439007316366
10219,2.4524,0.405623032632541
10220,2.45264,2.06100089007685
10221,2.45288,1.28004285249916
10222,2.45312,0.901853042599417
10223,2.45336,2.18831360405546
10224,2.4536,0.586637555221435
10225,2.45384,1.65107986708724
10226,2.45408,1.71448129485859
10227,2.45432,0.724300669584685
10228,2.45456,2.01844317090859
10229,2.4548,1.0005217400014
10230,2.45504,1.10635280381366
10231,2.45528,2.02912797880234
10232,2.45552,0.778131051082211
10233,2.45576,1.48570731946101
10234,2.456,1.79843753951854
10235,2.45624,1.03901079249995
10236,2.45648,1.02264875263546
10237,2.45672,2.29332274659198
10238,2.45696,0.80421369002271
10239,2.4572,1.62467456958023
10240,2.45744,1.80376277799504
10241,2.45768,0.454453920918813
10242,2.45792,1.98947559726005
10243,2.45816,0.860419332765242
10244,2.4584,1.32015759477514
10245,2.45864,1.50994825499309
10246,2.45888,1.00776091519847
10247,2.45912,2.16265748885937
10248,2.45936,1.03084359142436
10249,2.4596,1.37208610489296
10250,2.45984,2.0353150654032
10251,2.46008,0.440573053913919
10252,2.46032,1.73993820967108
10253,2.46056,1.33107434087577
10254,2.4608,0.953338305507335
10255,2.46104,2.22691223884487
10256,2.46128,0.740575915791444
10257,2.46152,1.56368832854723
10258,2.46176,1.74531199330647
10259,2.462,0.3984272561146
10260,2.46224,1.935767230229
10261,2.46248,1.04902576204465
10262,2.46272,1.03115811066582
10263,2.46296,1.46650894271933
10264,2.4632,0.96609134106272
10265,2.46344,2.24206625406917
10266,2.46368,0.638698251701068
10267,2.46392,1.58029671747139
10268,2.46416,1.76113323208443
10269,2.4644,0.413493342832838
10270,2.46464,1.95010970273603
10271,2.46488,1.0626734831841
10272,2.46512,1.16750518568832
10273,2.46536,2.1980787673498
10274,2.4656,0.477125911380503
10275,2.46584,1.779136094997
10276,2.46608,1.47979170710121
10277,2.46632,0.61886928883863
10278,2.46656,2.15214710651832
10279,2.4668,0.788287637503596
10280,2.46704,1.4919020877259
10281,2.46728,1.67473711087456
10282,2.46752,0.685919239788538
10283,2.46776,1.98136665040684
10284,2.468,0.964693812963042
10285,2.46824,1.07171951558229
10286,2.46848,1.87581152061662
10287,2.46872,0.401484527311347
10288,2.46896,1.70231170840364
10289,2.4692,0.937941533980559
10290,2.46944,1.40235209251758
10291,2.46968,1.70794547733811
10292,2.46992,0.602137625600236
10293,2.47016,2.01445899317142
10294,2.4704,0.996279091199239
10295,2.47064,1.10186037440013
10296,2.47088,1.90456895401363
10297,2.47112,0.428915204011614
10298,2.47136,1.85180524455322
10299,2.4716,1.19572096151536
10300,2.47184,1.17408535114947
10301,2.47208,1.73956967754128
10302,2.47232,1.08852093283277
10303,2.47256,1.31588459853093
10304,2.4728,1.3928199066163
10305,2.47304,0.648360607978095
10306,2.47328,1.81844648995435
10307,2.47352,1.28371964760335
10308,2.47376,1.02543604778844
10309,2.474,1.82609144101287
10310,2.47424,1.18175330277773
10311,2.47448,1.0484328077391
10312,2.47472,1.12482283890611
10313,2.47496,1.10748843979679
10314,2.4752,1.6692674077465
10315,2.47544,1.37985393038673
10316,2.47568,0.763834945038788
10317,2.47592,2.03997977805461
10318,2.47616,0.681222024802829
10319,2.4764,1.14824307958148
10320,2.47664,1.34500349511702
10321,2.47688,1.32928821727527
10322,2.47712,1.8879135049583
10323,2.47736,1.12093309175698
10324,2.4776,0.986711794841969
10325,2.47784,2.1398264119881
10326,2.47808,0.425858346243145
10327,2.47832,1.37281480587108
10328,2.47856,1.44912562163974
10329,2.4788,1.19387525037423
10330,2.47904,1.99147978260382
10331,2.47928,0.866542788170789
10332,2.47952,1.21436341768692
10333,2.47976,1.88388535419455
10334,2.48,0.295161345980432
10335,2.48024,1.60028362586163
10336,2.48048,1.19692625004444
10337,2.48072,0.942516383686717
10338,2.48096,2.09485680094836
10339,2.4812,0.377945701616582
10340,2.48144,1.68382230131386
10341,2.48168,1.38817602228545
10342,2.48192,0.530789710031907
10343,2.48216,2.0674506513815
10344,2.4824,0.706826071214307
10345,2.48264,1.41353434736581
10346,2.48288,1.59932763639777
10347,2.48312,0.613336962640249
10348,2.48336,1.91148840894974
10349,2.4836,0.897399756421343
10350,2.48384,1.00689525754333
10351,2.48408,1.81334947155873
10352,2.48432,0.341279002093327
10353,2.48456,1.8834740717665
10354,2.4848,1.10757980275068
10355,2.48504,1.08939311007053
10356,2.48528,1.6581770196283
10357,2.48552,1.01028332140094
10358,2.48576,1.24066467380869
10359,2.486,1.32048672945881
10360,2.48624,0.578787428798126
10361,2.48648,1.75151355146688
10362,2.48672,1.22104565221605
10363,2.48696,0.965105790853957
10364,2.4872,1.76800268947241
10365,2.48744,1.12580505141323
10366,2.48768,0.994531323114532
10367,2.48792,1.19623785103051
10368,2.48816,1.30131066637731
10369,2.4884,1.74183318480262
10370,2.48864,1.0972121420292
10371,2.48888,0.963689864718299
10372,2.48912,1.87736182636997
10373,2.48936,0.288643464653998
10374,2.4896,1.59377102516441
10375,2.48984,0.952910530733129
10376,2.49008,1.17896446401158
10377,2.49032,1.73121142002587
10378,2.49056,0.268640649811997
10379,2.4908,2.04475523073894
10380,2.49104,0.561531200199018
10381,2.49128,1.03787578221659
10382,2.49152,1.60309973881751
10383,2.49176,0.374827387866405
10384,2.492,1.91098761040541
10385,2.49224,0.785175784233544
10386,2.49248,1.49487287514077
10387,2.49272,1.32947505081277
10388,2.49296,0.942370080587872
10389,2.4932,1.05156076581024
10390,2.49344,1.25062162374871
10391,2.49368,0.995443322948102
10392,2.49392,1.68526787778376
10393,2.49416,1.04646604923788
10394,2.4944,1.14975653489546
10395,2.49464,1.22786533988444
10396,2.49488,1.09686896416726
10397,2.49512,1.7788128135734
10398,2.49536,0.661810460946078
10399,2.4956,1.24977370208158
10400,2.49584,1.20754293277353
10401,2.49608,0.59761028957936
10402,2.49632,2.00496844328948
10403,2.49656,0.410012630757288
10404,2.4968,1.59719193008229
10405,2.49704,1.30484605932271
10406,2.49728,0.69029029127223
10407,2.49752,1.73800477851148
10408,2.49776,0.625709455824438
10409,2.498,1.22229843871697
10410,2.49824,1.78493746410682
10411,2.49848,1.02179657589339
10412,2.49872,1.01108784329106
10413,2.49896,1.45133486831126
10414,2.4992,0.705751132167514
10415,2.49944,0.814165796412537
10416,2.49968,1.25786512348813
10417,2.49992,1.24523872646211
10418,2.50016,1.68698035949756
10419,2.5004,1.0443791300629
10420,2.50064,0.912788906635569
10421,2.50088,1.82830906820045
10422,2.50112,0.24135725737562
10423,2.50136,1.78393146687217
10424,2.5016,0.665993327095276
10425,2.50184,1.13290195937
10426,2.50208,1.56694536022378
10427,2.50232,0.466296795852292
10428,2.50256,1.99900010925741
10429,2.5028,0.520899768179321
10430,2.50304,1.23562708074832
10431,2.50328,1.79752954299776
10432,2.50352,1.03368466290369
10433,2.50376,1.02230334717083
10434,2.504,1.46190795665313
10435,2.50424,0.835104505772164
10436,2.50448,0.825706694974238
10437,2.50472,1.26874985469398
10438,2.50496,1.25549615969589
10439,2.5052,1.45699119589152
10440,2.50544,0.707480886700308
10441,2.50568,1.17731875129331
10442,2.50592,1.36964472984484
10443,2.50616,0.8713786604695
10444,2.5064,1.32265131807972
10445,2.50664,1.04565175034745
10446,2.50688,0.914627454550696
10447,2.50712,1.71142445928644
10448,2.50736,0.250039220420452
10449,2.5076,1.78854085198842
10450,2.50784,0.78305256248613
10451,2.50808,0.778618205540381
10452,2.50832,1.70931448615096
10453,2.50856,0.830153007936385
10454,2.5088,0.941257102521144
10455,2.50904,1.50662794467962
10456,2.50928,0.520854820361139
10457,2.50952,1.3472301969285
10458,2.50976,1.18663857092776
10459,2.51,0.577123603513663
10460,2.51024,1.98017131572631
10461,2.51048,0.272152507915534
10462,2.51072,1.5803892281272
10463,2.51096,0.934057912697076
10464,2.5112,0.560038947253294
10465,2.51144,1.1471408511088
10466,2.51168,1.10887190567222
10467,2.51192,0.862243181147097
10468,2.51216,1.19523735236955
10469,2.5124,1.15447965678033
10470,2.51264,1.02611197746665
10471,2.51288,1.71057042816342
10472,2.51312,0.836954500431045
10473,2.51336,0.947903866314726
10474,2.5136,1.15088457713091
10475,2.51384,0.658739378951061
10476,2.51408,1.94309174623966
10477,2.51432,0.467495850485071
10478,2.51456,1.53399813129466
10479,2.5148,1.24383492019045
10480,2.51504,0.389489918875026
10481,2.51528,1.45017905263221
10482,2.51552,0.925310456799383
10483,2.51576,0.91539597375193
10484,2.516,1.36443886954903
10485,2.51624,0.965911568280772
10486,2.51648,1.19895206232172
10487,2.51672,0.920626031145501
10488,2.51696,0.906940322284441
10489,2.5172,1.71627293178768
10490,2.51744,0.955517280484838
10491,2.51768,1.06209704461902
10492,2.51792,1.49871779704032
10493,2.51816,0.159097634415347
10494,2.5184,1.58356310226841
10495,2.51864,0.936849840917833
10496,2.51888,0.684070368026289
10497,2.51912,1.61853571577494
10498,2.51936,0.85886864426153
10499,2.5196,1.33226982988494
10500,2.51984,1.17437944101447
10501,2.52008,1.0380194120322
10502,2.52032,1.48899537344826
10503,2.52056,0.977732568148242
10504,2.5208,0.849216637248263
10505,2.52104,1.65098861726845
10506,2.52128,0.192216116057091
10507,2.52152,1.61514169550591
10508,2.52176,0.852414860031853
10509,2.522,0.845891036105459
10510,2.52224,1.42549621800169
10511,2.52248,0.671555911078313
10512,2.52272,1.02651473701483
10513,2.52296,1.58780377755215
10514,2.5232,0.485575473809579
10515,2.52344,1.08214472899579
10516,2.52368,1.28583446805516
10517,2.52392,0.548398015064201
10518,2.52416,1.72910664808035
10519,2.5244,0.733988484565473
10520,2.52464,0.727923749350769
10521,2.52488,1.88953642866101
10522,2.52512,0.30393641254671
10523,2.52536,1.25955338442033
10524,2.5256,1.33782248410784
10525,2.52584,0.359662978009763
10526,2.52608,1.66272188087107
10527,2.52632,0.658110588338165
10528,2.52656,0.893430736136094
10529,2.5268,1.46946762684708
10530,2.52704,0.954443997777269
10531,2.52728,0.8272412241438
10532,2.52752,1.63104673524538
10533,2.52776,0.406958202256447
10534,2.528,1.58937229157649
10535,2.52824,0.708632772783107
10536,2.52848,1.06369429678719
10537,2.52872,1.15380068688231
10538,2.52896,0.657666478831859
10539,2.5292,1.59295441116681
10540,2.52944,0.718180846744736
10541,2.52968,0.833480282723609
10542,2.52992,1.64516358824305
10543,2.53016,0.29750188710592
10544,2.5304,1.25458057792005
10545,2.53064,1.45709661740405
10546,2.53088,0.473180698809249
10547,2.53112,1.06784403859765
10548,2.53136,1.02836597988572
10549,2.5316,0.657422650601466
10550,2.53184,1.24356363209856
10551,2.53208,0.966003820262849
10552,2.53232,0.721888455789186
10553,2.53256,1.06033053891319
10554,2.5328,1.02478065785108
10555,2.53304,0.659525237522834
10556,2.53328,1.59458736659904
10557,2.53352,0.605441167651262
10558,2.53376,0.721518443090239
10559,2.534,1.77155182551149
10560,2.53424,0.421725618737984
10561,2.53448,1.13918762467673
10562,2.53472,1.33702105055003
10563,2.53496,0.243091490971019
10564,2.5352,1.78623302412962
10565,2.53544,0.200393203764928
10566,2.53568,1.51357900147689
10567,2.53592,0.871509621757999
10568,2.53616,0.860190244522765
10569,2.5364,1.43869405678202
10570,2.53664,0.683701885647458
10571,2.53688,1.03765640344469
10572,2.53712,1.23982681038228
10573,2.53736,0.150047093362847
10574,2.5376,1.69715916635867
10575,2.53784,0.578273362824016
10576,2.53808,0.934725645010882
10577,2.53832,1.3887364126626
10578,2.53856,0.640692311571976
10579,2.5388,0.991162570915645
10580,2.53904,1.19580395041141
10581,2.53928,0.589351230575718
10582,2.53952,1.52378554141052
10583,2.53976,0.0625332496097264
10584,2.54,1.61507500309248
10585,2.54024,0.971967815670433
10586,2.54048,0.237569540114399
10587,2.54072,1.07481768188643
10588,2.54096,1.0347116202917
10589,2.5412,0.543343785751336
10590,2.54144,1.01428243750024
10591,2.54168,0.980807450555369
10592,2.54192,0.497824385577961
10593,2.54216,1.43962575267522
10594,2.5424,1.04255818128399
10595,2.54264,0.438306748790817
10596,2.54288,1.7373822801009
10597,2.54312,0.628837834112011
10598,2.54336,0.867791324866319
10599,2.5436,1.67752285986898
10600,2.54384,0.327993804738612
10601,2.54408,1.05242215678749
10602,2.54432,1.26579925541735
10603,2.54456,0.871039513340668
10604,2.5448,0.745550735315554
10605,2.54504,1.55231484823002
10606,2.54528,0.450891726229566
10607,2.54552,0.573291536346584
10608,2.54576,1.74919468402605
10609,2.546,0.399941295884354
10610,2.54624,0.996438911999467
10611,2.54648,1.56088245394291
10612,2.54672,0.10391210992599
10613,2.54696,1.17512157127888
10614,2.5472,0.778356453508921
10615,2.54744,0.890532252452378
10616,2.54768,1.10648654330483
10617,2.54792,0.835713298520002
10618,2.54816,0.596723871416304
10619,2.5484,1.18015301650095
10620,2.54864,0.909632942863071
10621,2.54888,0.543106496623612
10622,2.54912,1.59688772441783
10623,2.54936,0.130819436364362
10624,2.5496,1.32587029356983
10625,2.54984,0.691972002678987
10626,2.55008,1.0470222603897
10627,2.55032,1.01860729429165
10628,2.55056,0.40173071089084
10629,2.5508,0.995320040985544
10630,2.55104,0.841182395038339
10631,2.55128,0.836756913540796
10632,2.55152,1.05927072437015
10633,2.55176,0.908557172253516
10634,2.552,0.547617895570476
10635,2.55224,1.72093481736626
10636,2.55248,0.136500282705548
10637,2.55272,1.45188616025938
10638,2.55296,0.813215154855899
10639,2.5532,0.809949338231554
10640,2.55344,1.15168561124872
10641,2.55368,1.11886145995472
10642,2.55392,0.512114935581206
10643,2.55416,1.56707070893473
10644,2.5544,0.102125611943943
10645,2.55464,1.29825105018476
10646,2.55488,0.665380507900897
10647,2.55512,1.02141356137208
10648,2.55536,0.993938791637156
10649,2.5556,0.616309493658894
10650,2.55584,0.731949695314362
10651,2.55608,1.06013004415464
10652,2.55632,0.57366443510664
10653,2.55656,1.03972304645095
10654,2.5568,0.648217441811189
10655,2.55704,0.648440413276464
10656,2.55728,1.46767328449228
10657,2.55752,0.836227967325207
10658,2.55776,0.713127543313657
10659,2.558,1.40232642763384
10660,2.55824,0.661251398589548
10661,2.55848,0.42195391867898
10662,2.55872,1.71511606858274
10663,2.55896,0.131139838587683
10664,2.5592,1.08614929915325
10665,2.55944,1.04929252476713
10666,2.55968,0.321754744478906
10667,2.55992,1.2705997091192
10668,2.56016,0.518986129020144
10669,2.5604,0.878031581624677
10670,2.56064,1.21176262441808
10671,2.56088,0.234000150161033
10672,2.56112,1.19144403348415
10673,2.56136,0.914620404600944
10674,2.5616,0.791581347341277
10675,2.56184,1.24624089085532
10676,2.56208,0.385910243219057
10677,2.56232,0.859504025790258
10678,2.56256,0.951002347388036
10679,2.5628,0.350027320207376
10680,2.56304,1.65223817474508
10681,2.56328,0.0691010328320172
10682,2.56352,1.38572578142353
10683,2.56376,0.630633443283559
10684,2.564,0.990879286979907
10685,2.56424,1.08773616701272
10686,2.56448,0.705701880706049
10687,2.56472,0.7038814947058
10688,2.56496,1.39282124185659
10689,2.5652,0.301559147604399
10690,2.56544,1.4859605956738
10691,2.56568,0.260764601488175
10692,2.56592,0.622948920431944
10693,2.56616,1.43647890697347
10694,2.5664,0.0988046895431529
10695,2.56664,1.05841997249157
10696,2.56688,0.787189209624022
10697,2.56712,0.424624769204654
10698,2.56736,1.36873423403063
10699,2.5676,0.50239883053933
10700,2.56784,0.865432391857656
10701,2.56808,1.3223572335673
10702,2.56832,0.339525786620476
10703,2.56856,1.06165063373536
10704,2.5688,0.912569660030402
10705,2.56904,0.538004022355216
10706,2.56928,0.659217999862689
10707,2.56952,1.34994841280108
10708,2.56976,0.256479388635492
10709,2.57,0.853537370514008
10710,2.57024,0.82603941733484
10711,2.57048,0.465509232260717
10712,2.57072,1.40598993985118
10713,2.57096,0.419847731311693
10714,2.5712,1.02512615521216
10715,2.57144,0.881037740510559
10716,2.57168,0.755669471521482
10717,2.57192,0.97881754935771
10718,2.57216,0.951962091430043
10719,2.5724,0.234713080442066
10720,2.57264,1.18341963803899
10721,2.57288,0.674810772201478
10722,2.57312,0.315106243404626
10723,2.57336,1.62110700792602
10724,2.5736,0.272069985009529
10725,2.57384,1.23267001608488
10726,2.57408,0.60150042661892
10727,2.57432,0.598848018823999
10728,2.57456,1.18696695733952
10729,2.5748,0.681262305203293
10730,2.57504,0.562965270350854
10731,2.57528,1.37661310981949
10732,2.57552,0.281773437949338
10733,2.57576,0.75859364609514
10734,2.576,0.852198650041949
10735,2.57624,0.609326173968484
10736,2.57648,1.30974278841417
10737,2.57672,0.206850125083717
10738,2.57696,1.05082675067198
10739,2.5772,0.664009338431895
10740,2.57744,0.658138351834766
10741,2.57768,0.888817284019457
10742,2.57792,0.981984644565828
10743,2.57816,0.0217896802691711
10744,2.5784,1.33338624809772
10745,2.57864,0.580944484695743
10746,2.57888,0.340640101407922
10747,2.57912,1.2932187439463
10748,2.57936,0.542109041045351
10749,2.5796,0.549170482821211
10750,2.57984,1.13354848878656
10751,2.58008,0.750235098756992
10752,2.58032,0.510209647973783
10753,2.58056,1.4484189373604
10754,2.5808,-0.00491492807146532
10755,2.58104,1.31471929835303
10756,2.58128,0.444861841575628
10757,2.58152,0.686254836021098
10758,2.58176,0.908609215291268
10759,2.582,0.765101701883873
10760,2.58224,0.527881062132922
10761,2.58248,1.22773388529461
10762,2.58272,-0.103621722624838
10763,2.58296,1.21675589985582
10764,2.5832,0.586379135761987
10765,2.58344,0.464666186493246
10766,2.58368,0.818623782376902
10767,2.58392,0.670989211552405
10768,2.58416,0.432252959374412
10769,2.5844,0.902154094243839
10770,2.58464,0.994489306346915
10771,2.58488,0.273160059607347
10772,2.58512,1.21972363703952
10773,2.58536,0.479057706418661
10774,2.5856,0.72302481386236
10775,2.58584,1.18071030087176
10776,2.58608,0.0900644606611268
10777,2.58632,1.05327589074069
10778,2.58656,0.662594201524631
10779,2.5868,0.418069148257724
10780,2.58704,0.892832396161692
10781,2.58728,0.633004395142352
10782,2.58752,0.51634102269308
10783,2.58776,1.21301823552661
10784,2.588,0.479098132507066
10785,2.58824,0.599132999673379
10786,2.58848,1.29440930861753
10787,2.58872,-0.0379086085230302
10788,2.58896,0.921198738492433
10789,2.5892,0.6538171743661
10790,2.58944,0.41302524777862
10791,2.58968,1.24264863439472
10792,2.58992,0.377036547570468
10793,2.59016,0.743839324984464
10794,2.5904,0.840941476475343
10795,2.59064,0.354522468807433
10796,2.59088,0.827576520588589
10797,2.59112,0.922927237210364
10798,2.59136,0.204480901623959
10799,2.5916,1.15380123551085
10800,2.59184,0.77043886561953
10801,2.59208,0.292134242765555
10802,2.59232,1.47860833664616
10803,2.59256,0.138151143044565
10804,2.5928,0.983154830487867
10805,2.59304,0.835824106106592
10806,2.59328,0.471089014053995
10807,2.59352,0.589927096697763
10808,2.59376,0.809218424324432
10809,2.594,0.330499325017444
10810,2.59424,1.27945795013147
10811,2.59448,0.300129407304451
10812,2.59472,0.906216767633094
10813,2.59496,0.758647926986014
10814,2.5952,0.396758940050798
10815,2.59544,0.631209481406362
10816,2.59568,0.847819861093181
10817,2.59592,0.369926466503373
10818,2.59616,1.19380438832778
10819,2.5964,0.0952383036572959
10820,2.59664,0.943352448720168
10821,2.59688,0.801888245502138
10822,2.59712,0.318226351582983
10823,2.59736,0.676756139543938
10824,2.5976,0.655945611589374
10825,2.59784,0.29834799053162
10826,2.59808,1.36404892940943
10827,2.59832,0.145154877845975
10828,2.59856,0.990953231230306
10829,2.5988,0.725340904484382
10830,2.59904,0.363458305615056
10831,2.59928,0.955206168148065
10832,2.59952,0.812422361730579
10833,2.59976,-0.0248518553794581
10834,2.6,1.28799971448371
10835,2.60024,0.423035411123242
10836,2.60048,0.307742738915905
10837,2.60072,1.26095634442272
10838,2.60096,0.39765023717405
10839,2.6012,0.76617126165011
10840,2.60144,0.744671241996441
10841,2.60168,0.496036817326218
10842,2.60192,0.498004775679886
10843,2.60216,1.19717561126239
10844,2.6024,-0.131417571722693
10845,2.60264,0.952425919284474
10846,2.60288,0.447831030013548
10847,2.60312,0.568034364975689
10848,2.60336,0.796013393782526
10849,2.6036,0.536741888321784
10850,2.60384,0.425058064005399
10851,2.60408,1.00831226477902
10852,2.60432,0.0417214816394873
10853,2.60456,0.880864248283375
10854,2.6048,0.61909991402416
10855,2.60504,0.501610167260665
10856,2.60528,1.32639193128502
10857,2.60552,0.108860982246585
10858,2.60576,0.715870620800131
10859,2.606,0.933435781689413
10860,2.60624,0.20838359178783
10861,2.60648,0.687203835355588
10862,2.60672,1.02465927876204
10863,2.60696,-0.0530701185791047
10864,2.6072,1.26073240375226
10865,2.60744,0.0406938949292532
10866,2.60768,0.651128364670264
10867,2.60792,0.881443040568491
10868,2.60816,0.505439792791727
10869,2.6084,0.393551458853962
10870,2.60864,1.09479881093752
10871,2.60888,0.124269198334695
10872,2.60912,0.487301774820088
10873,2.60936,1.06816483936178
10874,2.6096,0.106154036981427
10875,2.60984,0.826407039231198
10876,2.61008,0.56236530494435
10877,2.61032,0.324766662176988
10878,2.61056,1.15744540810076
10879,2.6108,0.294752681107603
10880,2.61104,0.664347055037932
10881,2.61128,0.887459756451888
10882,2.61152,0.397803453386942
10883,2.61176,0.28433313381276
10884,2.612,1.34708193965106
10885,2.61224,-0.22283838054254
10886,2.61248,1.10077055909029
10887,2.61272,0.59548601166803
10888,2.61296,0.355079527490182
10889,2.6132,0.712700591437359
10890,2.61344,0.571172586957666
10891,2.61368,0.576204732583992
10892,2.61392,0.571202064321833
10893,2.61416,0.676899420399977
10894,2.6144,0.203920287077906
10895,2.61464,1.2666217437081
10896,2.61488,0.0521937364343923
10897,2.61512,0.66355402634106
10898,2.61536,1.0076892148105
10899,2.6156,0.0354450084973452
10900,2.61584,0.885362752330246
10901,2.61608,0.385797578883251
10902,2.61632,0.509492878648181
10903,2.61656,0.739520976197715
10904,2.6168,0.604690301186015
10905,2.61704,0.490336621157845
10906,2.61728,0.831917205085136
10907,2.61752,0.111695056952385
10908,2.61776,0.947701541859239
10909,2.618,0.688670805886088
10910,2.61824,0.0948202410712771
10911,2.61848,1.28193548744868
10912,2.61872,-0.0544612507874764
10913,2.61896,0.794921786859378
10914,2.6192,0.778904871883851
10915,2.61944,0.0504637059320594
10916,2.61968,0.659483747995604
10917,2.61992,0.52169839117399
10918,2.62016,0.52688967164892
10919,2.6204,0.754733997937026
10920,2.62064,0.735816756753266
10921,2.62088,0.0243982519026058
10922,2.62112,0.980443586133879
10923,2.62136,0.603510957271715
10924,2.6216,0.250751491369515
10925,2.62184,1.20564151889706
10926,2.62208,-0.00683802094141717
10927,2.62232,1.07997657325622
10928,2.62256,0.457141138527835
10929,2.6228,0.582701671697554
10930,2.62304,0.57662358625035
10931,2.62328,0.561876659648279
10932,2.62352,0.0901137942308068
10933,2.62376,1.04104797766199
10934,2.624,-0.285071060757357
10935,2.62424,0.92096675444632
10936,2.62448,0.659274642120572
10937,2.62472,0.181618077298133
10938,2.62496,0.900622478701361
10939,2.6252,0.280320736328849
10940,2.62544,0.289724570720976
10941,2.62568,0.889375386705879
10942,2.62592,0.273084403862034
10943,2.62616,0.64607217502881
10944,2.6264,0.632296185608455
10945,2.62664,0.387597068991462
10946,2.62688,0.394208334752457
10947,2.62712,0.8551156438805
10948,2.62736,0.13528152769854
10949,2.6276,0.37945879609078
10950,2.62784,0.964309623307677
10951,2.62808,-0.235311903575091
10952,2.62832,0.96925083502613
10953,2.62856,0.351962279240722
10954,2.6288,0.12230947816231
10955,2.62904,1.19580014014851
10956,2.62928,-0.137250487219095
10957,2.62952,0.715331821842444
10958,2.62976,0.822195397737565
10959,2.63,0.210860378771434
10960,2.63024,0.34231423454095
10961,2.63048,0.808762393812515
10962,2.63072,-0.153689260706445
10963,2.63096,0.692930975091394
10964,2.6312,0.794287084326428
10965,2.63144,-0.281734805929238
10966,2.63168,1.04062713462994
10967,2.63192,0.419589822342362
10968,2.63216,0.305473795902551
10969,2.6324,0.664511553914845
10970,2.63264,0.291720301901896
10971,2.63288,0.42486330564781
10972,2.63312,0.534221857143973
10973,2.63336,0.416815497331569
10974,2.6336,0.536909668122793
10975,2.63384,0.8798713575377
10976,2.63408,-0.0727558485600595
10977,2.63432,1.00732147177523
10978,2.63456,0.391622848769404
10979,2.6348,0.282487329230984
10980,2.63504,0.882081173978061
10981,2.63528,0.390828930848816
10982,2.63552,0.521252011179225
10983,2.63576,0.624183750578084
10984,2.636,0.270045677586803
10985,2.63624,0.508445506318441
10986,2.63648,0.735782060448374
10987,2.63672,0.0249975367484587
10988,2.63696,1.22138745901792
10989,2.6372,-0.344030852174397
10990,2.63744,0.864050237159317
10991,2.63768,0.604310469417161
10992,2.63792,-0.111600596497916
10993,2.63816,0.85144320851813
10994,2.6384,0.472855478980187
10995,2.63864,0.244136641534863
10996,2.63888,0.604289163815295
10997,2.63912,0.711871267801619
10998,2.63936,-0.116908698043851
10999,2.6396,1.08205729273144
11000,2.63984,0.114785999752136
11001,2.64008,0.485348613536424
11002,2.64032,0.950874888431931
11003,2.64056,-0.252993868053802
11004,2.6408,0.836384821847977
11005,2.64104,0.459550708750587
11006,2.64128,0.223958817519782
11007,2.64152,0.231898576338119
11008,2.64176,0.817784640438003
11009,2.642,0.0976831628008441
11010,2.64224,0.342042015299215
11011,2.64248,0.572047647591403
11012,2.64272,0.226813170912221
11013,2.64296,0.81935152512205
11014,2.6432,0.448594557756149
11015,2.64344,0.0994729018445319
11016,2.64368,1.1716692961243
11017,2.64392,-0.157433739183227
11018,2.64416,0.578246923600572
11019,2.6444,0.810314997137461
11020,2.64464,0.199336866087739
11021,2.64488,0.69154457164096
11022,2.64512,0.199270194660097
11023,2.64536,0.328203816277301
11024,2.6456,0.564578526294407
11025,2.64584,0.436213544802478
11026,2.64608,0.328045690239334
11027,2.64632,0.798011952772386
11028,2.64656,-0.161072985785523
11029,2.6468,0.568947550002166
11030,2.64704,0.318193896644207
11031,2.64728,0.0892817968602999
11032,2.64752,1.16348125388178
11033,2.64776,-0.165388109723139
11034,2.648,0.687692572816249
11035,2.64824,0.55537536770909
11036,2.64848,0.074354327093863
11037,2.64872,0.326916532339955
11038,2.64896,0.554971697692389
11039,2.6492,0.199431194871012
11040,2.64944,0.209438501658422
11041,2.64968,0.678879054211453
11042,2.64992,-0.0312079607884925
11043,2.65016,0.806270791734141
11044,2.6504,0.200942206764753
11045,2.65064,0.334672840300649
11046,2.65088,0.926159165547907
11047,2.65112,-0.0439382057600493
11048,2.65136,0.451617941847512
11049,2.6516,0.682402398844201
11050,2.65184,0.0784696814268524
11051,2.65208,0.213090369029988
11052,2.65232,0.92616378223042
11053,2.65256,-0.272755925476308
11054,2.6528,0.578183108132288
11055,2.65304,0.567804320993981
11056,2.65328,-0.141070123330309
11057,2.65352,0.820035514992614
11058,2.65376,0.204708614663033
11059,2.654,0.0972595241363172
11060,2.65424,0.818767320173226
11061,2.65448,0.0854222156542908
11062,2.65472,0.462448971555338
11063,2.65496,0.460788643386995
11064,2.6552,0.333492224421017
11065,2.65544,0.348866395685988
11066,2.65568,0.460629801883469
11067,2.65592,0.225696173160385
11068,2.65616,0.35365995259735
11069,2.6564,0.580810140039181
11070,2.65664,-0.247722259150058
11071,2.65688,0.71788606616447
11072,2.65712,0.46371672706403
11073,2.65736,0.113098774928017
11074,2.6576,0.479495321098345
11075,2.65784,0.587347531574621
11076,2.65808,-0.123832622696245
11077,2.65832,0.604520864604121
11078,2.65856,0.475540577562085
11079,2.6588,-0.113149612863306
11080,2.65904,1.09271457543238
11081,2.65928,-0.113748882729972
11082,2.65952,0.50307708894509
11083,2.65976,0.613221176505845
11084,2.66,-0.224197135751722
11085,2.66024,0.750721911385625
11086,2.66048,0.377256396014118
11087,2.66072,0.141414654165236
11088,2.66096,0.152166921064625
11089,2.6612,0.622245456204195
11090,2.66144,-0.209969115580806
11091,2.66168,0.399519395302987
11092,2.66192,0.391762479308271
11093,2.66216,-0.315452311562779
11094,2.6624,1.12829018959271
11095,2.66264,-0.195327377346183
11096,2.66288,0.300242625225434
11097,2.66312,0.772907668546301
11098,2.66336,-0.424131945586589
11099,2.6636,0.672235643653081
11100,2.66384,0.302047094697572
11101,2.66408,0.0693400514806545
11102,2.66432,0.0830904841740574
11103,2.66456,0.674535463559299
11104,2.6648,-0.0402509618555
11105,2.66504,0.209192562109466
11106,2.66528,0.560817115512795
11107,2.66552,-0.0262690596220136
11108,2.66576,0.690533456390846
11109,2.666,0.0891825615127562
11110,2.66624,0.10336138897591
11111,2.66648,0.937427936888108
11112,2.66672,-0.382390174934293
11113,2.66696,0.596128976518204
11114,2.6672,0.348493604447675
11115,2.66744,0.113626431464808
11116,2.66768,0.00984815869099154
11117,2.66792,0.723281931415245
11118,2.66816,-0.113587981016553
11119,2.6684,0.13848805597935
11120,2.66864,0.493053508242088
11121,2.66888,-0.0912207520256878
11122,2.66912,0.748097621110881
11123,2.66936,0.263923108709555
11124,2.6696,0.0385341427259476
11125,2.66984,0.992501750198582
11126,2.67008,-0.32986868316656
11127,2.67032,0.528574806494148
11128,2.67056,0.402258445549221
11129,2.6708,0.164471796499185
11130,2.67104,-0.057554265942418
11131,2.67128,0.900535515329713
11132,2.67152,-0.29805052468752
11133,2.67176,0.314430202833337
11134,2.672,0.30996315413268
11135,2.67224,-0.156209129086658
11136,2.67248,1.04747223138075
11137,2.67272,-0.273045248126444
11138,2.67296,0.22549098024962
11139,2.6732,0.820816165975002
11140,2.67344,-0.142094306160715
11141,2.67368,0.356823038259987
11142,2.67392,0.590821203046769
11143,2.67416,0.112868229451565
11144,2.6744,0.00929939103484334
11145,2.67464,0.847128292130711
11146,2.67488,-0.472592820080995
11147,2.67512,0.384429399959372
11148,2.67536,0.618983113722851
11149,2.6756,-0.451191612542503
11150,2.67584,0.997906760339365
11151,2.67608,-0.205124995492474
11152,2.67632,0.173564185196462
11153,2.67656,0.891281716689916
11154,2.6768,-0.423029869813408
11155,2.67704,0.5550930961056
11156,2.67728,0.307973156397666
11157,2.67752,-0.163477079727543
11158,2.67776,0.213703251627473
11159,2.678,0.687352634320638
11160,2.67824,-0.148373006874921
11161,2.67848,0.104795885740792
11162,2.67872,0.457723266868397
11163,2.67896,-0.009013195083313
11164,2.6792,0.476382377932573
11165,2.67944,0.355679386375965
11166,2.67968,-0.108488466086903
11167,2.67992,0.610450031921271
11168,2.68016,0.0119940628529012
11169,2.6804,0.0289418438531577
11170,2.68064,0.865656048616105
11171,2.68088,-0.447722593606736
11172,2.68112,0.531293980710112
11173,2.68136,0.28502976485217
11174,2.6816,-0.185601320280189
11175,2.68184,0.192363351408522
11176,2.68208,0.666763715434243
11177,2.68232,-0.168243503462793
11178,2.68256,0.0856131426195548
11179,2.6828,0.439198606449245
11180,2.68304,-0.0269084314594734
11181,2.68328,0.459089722435419
11182,2.68352,0.338962743416143
11183,2.68376,-0.124654030865439
11184,2.684,0.59481181341317
11185,2.68424,0.000330595506152553
11186,2.68448,0.0176169456462805
11187,2.68472,0.614984469078674
11188,2.68496,-0.334237334656425
11189,2.6852,0.40173705952406
11190,2.68544,0.396275727151649
11191,2.68568,-0.312944960551525
11192,2.68592,0.42509959322537
11193,2.68616,0.41685107627609
11194,2.6864,0.0657815537676587
11195,2.68664,0.317982901018403
11196,2.68688,0.431658428319358
11197,2.68712,-0.0342879525243236
11198,2.68736,0.21396825359308
11199,2.6876,0.451624072428825
11200,2.68784,-0.131634897348738
11201,2.68808,0.710424415935554
11202,2.68832,-0.243083477390777
11203,2.68856,0.132755731528144
11204,2.6888,0.487953049157938
11205,2.68904,-0.216699927821873
11206,2.68928,0.514416935887621
11207,2.68952,0.267760351729626
11208,2.68976,-0.197274840160772
11209,2.69,0.53556609577841
11210,2.69024,-0.0701850381274569
11211,2.69048,0.188843765977973
11212,2.69072,0.434664298965402
11213,2.69096,-0.0464073889888019
11214,2.6912,0.334802212936826
11215,2.69144,0.335446553257893
11216,2.69168,-0.257226606982861
11217,2.69192,0.483394098446706
11218,2.69216,-0.120200976286843
11219,2.6924,0.019380681352553
11220,2.69264,0.629386523052382
11221,2.69288,-0.334363331334125
11222,2.69312,0.288954901044309
11223,2.69336,0.29193283969502
11224,2.6936,0.0483224015027293
11225,2.69384,0.189541553457059
11226,2.69408,0.549789175991189
11227,2.69432,0.0731891958232089
11228,2.69456,-0.147572756923352
11229,2.6948,0.813447359539932
11230,2.69504,-0.382337855768678
11231,2.69528,0.117359793961564
11232,2.69552,0.596252471261933
11233,2.69576,-0.593602794445437
11234,2.696,0.860845290284742
11235,2.69624,-0.22117812296717
11236,2.69648,0.1604795716063
11237,2.69672,0.764172576878098
11238,2.69696,-0.433471031459623
11239,2.6972,0.429680883723944
11240,2.69744,0.428997628921977
11241,2.69768,-0.4019863030375
11242,2.69792,0.338996592651254
11243,2.69816,0.0952016553441855
11244,2.6984,-0.0101273140655901
11245,2.69864,0.00563697599129442
11246,2.69888,0.363770378524625
11247,2.69912,-0.0962583126148633
11248,2.69936,0.15417870864519
11249,2.6996,0.394325635786744
11250,2.69984,-0.186531176694612
11251,2.70008,0.420322351959171
11252,2.70032,0.0649744873426248
11253,2.70056,-0.274170245854185
11254,2.7008,0.568360394878213
11255,2.70104,-0.49983898899396
11256,2.70128,0.23958125226085
11257,2.70152,0.120723366183128
11258,2.70176,-0.219069970203846
11259,2.702,0.754296926183057
11260,2.70224,-0.207016497820504
11261,2.70248,0.0573764734058939
11262,2.70272,0.424304152599946
11263,2.70296,-0.17844221246371
11264,2.7032,0.325650498734317
11265,2.70344,0.327904225612814
11266,2.70368,0.092825603708784
11267,2.70392,-0.00541830724376302
11268,2.70416,0.59603643616979
11269,2.7044,-0.236827855273215
11270,2.70464,-0.0963829170363235
11271,2.70488,0.623234396469771
11272,2.70512,-0.325038597743788
11273,2.70536,0.170864008828922
11274,2.7056,0.411311780727529
11275,2.70584,-0.411890397769824
11276,2.70608,0.680388254275535
11277,2.70632,-0.156697980969675
11278,2.70656,-0.014494637859195
11279,2.7068,0.591164834597519
11280,2.70704,-0.59980793057547
11281,2.70728,0.502363287931598
11282,2.70752,0.020985057942551
11283,2.70776,-0.320362541145412
11284,2.708,0.417066260856397
11285,2.70824,-0.0671134212223858
11286,2.70848,0.0759675024903914
11287,2.70872,0.0875617038236496
11288,2.70896,0.206890416957003
11289,2.7092,-0.00930259825113922
11290,2.70944,0.358949116464812
11291,2.70968,0.121332045087041
11292,2.70992,-0.336105989997076
11293,2.71016,0.751853937495156
11294,2.7104,-0.202244934785617
11295,2.71064,0.179183207834488
11296,2.71088,0.301758620838597
11297,2.71112,-0.523850328968707
11298,2.71136,0.695957053568498
11299,2.7116,-0.26323344515896
11300,2.71184,0.00153194701324066
11301,2.71208,0.492083898158237
11302,2.71232,-0.341842550229145
11303,2.71256,0.164115632261387
11304,2.7128,-0.074039571542549
11305,2.71304,-0.297707178107767
11306,2.71328,0.0838038016985079
11307,2.71352,0.202991064347419
11308,2.71376,-0.0166540714512244
11309,2.714,5.06954404619897e-05
11310,2.71424,0.480656755526426
11311,2.71448,-0.338533468701376
11312,2.71472,0.396788070625389
11313,2.71496,0.0369684366862588
11314,2.7152,-0.300616987353416
11315,2.71544,0.673129984089377
11316,2.71568,-0.168457148207288
11317,2.71592,-0.14416715424757
11318,2.71616,0.469338926943355
11319,2.7164,-0.251403533725651
11320,2.71664,0.372114260922294
11321,2.71688,0.134735245633311
11322,2.71712,-0.0960161915764655
11323,2.71736,0.166773305897569
11324,2.7176,0.046022249643483
11325,2.71784,-0.174390686711903
11326,2.71808,-0.0390153589486459
11327,2.71832,0.0836634304016819
11328,2.71856,-0.253071399252079
11329,2.7188,0.237784797822435
11330,2.71904,0.124887296793709
11331,2.71928,-0.330966985172856
11332,2.71952,0.395960937544483
11333,2.71976,-0.0719876212154197
11334,2.72,-0.169451521651711
11335,2.72024,0.434541298181466
11336,2.72048,-0.268680947324575
11337,2.72072,0.110373939676918
11338,2.72096,0.351416862197035
11339,2.7212,-0.590083066933372
11340,2.72144,0.508442613242098
11341,2.72168,0.029312544234338
11342,2.72192,-0.308227698836926
11343,2.72216,0.665562761541168
11344,2.7224,-0.292307303188021
11345,2.72264,-0.0272363721005815
11346,2.72288,0.461064863604606
11347,2.72312,-0.491822022891853
11348,2.72336,0.253773644039683
11349,2.7236,0.137215457315206
11350,2.72384,-0.448211125382834
11351,2.72408,0.41480005275455
11352,2.72432,-0.183289271116536
11353,2.72456,-0.160873512721955
11354,2.7248,0.336194441075586
11355,2.72504,-0.140353450009721
11356,2.72528,-0.114214950721591
11357,2.72552,0.0182233880194502
11358,2.72576,0.146858231483699
11359,2.726,-0.427867328607978
11360,2.72624,0.422810598029876
11361,2.72648,-0.165575969389216
11362,2.72672,-0.140240766121497
11363,2.72696,0.470014689300026
11364,2.7272,-0.597187102006471
11365,2.72744,0.270462116945549
11366,2.72768,0.0348881763292153
11367,2.72792,-0.547590021990767
11368,2.72816,0.435925097060192
11369,2.7284,-0.161529418549009
11370,2.72864,-0.376901376280874
11371,2.72888,0.362082472604342
11372,2.72912,-0.475275633266223
11373,2.72936,-0.0874885949611035
11374,2.7296,0.284588692216057
11375,2.72984,-0.429125742762067
11376,2.73008,0.316913975412984
11377,2.73032,-0.040643128742301
11378,2.73056,-0.263921448035183
11379,2.7308,0.238671863385451
11380,2.73104,3.84410031184501e-05
11381,2.73128,0.0228811213791339
11382,2.73152,-0.0801293258727152
11383,2.73176,0.285161003695477
11384,2.732,-0.291436652872487
11385,2.73224,0.2022459420248
11386,2.73248,-0.0295550736722627
11387,2.73272,-0.363777949499161
11388,2.73296,0.365735214724332
11389,2.7332,-0.342074879799611
11390,2.73344,-0.196102741831767
11391,2.73368,0.41326040832623
11392,2.73392,-0.652229428312974
11393,2.73416,0.335157324025123
11394,2.7344,-0.139714096775887
11395,2.73464,-0.119638813765533
11396,2.73488,0.0248380680725941
11397,2.73512,-0.0905199508583838
11398,2.73536,-0.305769836148929
11399,2.7356,-0.0451667104644689
11400,2.73584,0.203347848013594
11401,2.73608,-0.61345558865161
11402,2.73632,0.368175401712068
11403,2.73656,-0.224439712804573
11404,2.7368,-0.196896423496647
11405,2.73704,0.301190191500169
11406,2.73728,-0.530794538966384
11407,2.73752,0.10046461675946
11408,2.73776,-0.0079222650108095
11409,2.738,-0.235137634043361
11410,2.73824,0.0332580879729192
11411,2.73848,0.0393409175435622
11412,2.73872,-0.181678913894803
11413,2.73896,-0.0372932237234014
11414,2.7392,-0.0307272511338093
11415,2.73944,-0.00301409105126393
11416,2.73968,0.0119681396648987
11417,2.73992,0.141107738756052
11418,2.74016,-0.192624326440095
11419,2.7404,0.1757299982596
11420,2.74064,-0.287026735484472
11421,2.74088,-0.146428616344745
11422,2.74112,0.339368761518977
11423,2.74136,-0.35850990454064
11424,2.7416,0.137678472861386
11425,2.74184,-0.091729372488297
11426,2.74208,-0.54349921639909
11427,2.74232,0.552066119129789
11428,2.74256,-0.27929456745845
11429,2.7428,-0.253220389572962
11430,2.74304,0.358214429912393
11431,2.74328,-0.705298456783126
11432,2.74352,0.163690409911984
11433,2.74376,0.0497144405819347
11434,2.744,-0.532812755952286
11435,2.74424,0.332973866591594
11436,2.74448,-0.380102358489307
11437,2.74472,-0.111671194282311
11438,2.74496,-0.211160282735213
11439,2.7452,0.275981930699227
11440,2.74544,-0.661627069337312
11441,2.74568,0.200103693406745
11442,2.74592,-0.269287124378185
11443,2.74616,-0.240217926324555
11444,2.7464,0.259325751943468
11445,2.74664,-0.214855163436298
11446,2.74688,-0.186455154935651
11447,2.74712,-0.0501017897975464
11448,2.74736,-0.0353796588633917
11449,2.7476,-0.486372446116218
11450,2.74784,0.490521997122221
11451,2.74808,-0.460900496639392
11452,2.74832,-0.0711002898653297
11453,2.74856,0.0632394463879014
11454,2.7488,-0.280430971648481
11455,2.74904,-0.249371689541385
11456,2.74928,0.121887180706737
11457,2.74952,-0.223071112721189
11458,2.74976,-0.315673244103172
11459,2.75,0.298156901400173
11460,2.75024,-0.763062179578009
11461,2.75048,0.344301408082291
11462,2.75072,-0.249349967377559
11463,2.75096,-0.226546961454716
11464,2.7512,-0.321749679409855
11465,2.75144,0.287545722842203
11466,2.75168,-0.770669825733303
11467,2.75192,0.0937641768058097
11468,2.75216,-0.137344805527931
11469,2.7524,-0.352624151159518
11470,2.75264,0.151527370726459
11471,2.75288,-0.201489197698187
11472,2.75312,-0.292889681346748
11473,2.75336,-0.153934920357017
11474,2.7536,0.0972325343946034
11475,2.75384,-0.596378673408098
11476,2.75408,0.385017825795354
11477,2.75432,-0.446205370282179
11478,2.75456,-0.175387893846251
11479,2.7548,0.443864580093813
11480,2.75504,-0.507599710845924
11481,2.75528,0.0037687105192743
11482,2.75552,-0.0994961376876511
11483,2.75576,0.0333331011618945
11484,2.756,-0.53781556316041
11485,2.75624,0.440523917519509
11486,2.75648,-0.386626694015948
11487,2.75672,-0.356523274266194
11488,2.75696,0.378147981980506
11489,2.7572,-0.685104119337403
11490,2.75744,0.065178343546725
11491,2.75768,-0.164574700404793
11492,2.75792,-0.382845334643367
11493,2.75816,0.00648326538514321
11494,2.7584,-0.344000304715692
11495,2.75864,-0.197597083513499
11496,2.75888,-0.293981642414374
11497,2.75912,0.197410307489504
11498,2.75936,-0.736979793646353
11499,2.7596,0.127399977575686
11500,2.75984,-0.100226325369359
11501,2.76008,-0.432988221583041
11502,2.76032,0.189370998752763
11503,2.76056,-0.521174485248031
11504,2.7608,-0.128878586832114
11505,2.76104,0.00741267673564106
11506,2.76128,-0.334395310542504
11507,2.76152,-0.301555248119141
11508,2.76176,0.313712092975998
11509,2.762,-0.270233985321907
11510,2.76224,-0.480776457007515
11511,2.76248,0.013337285680693
11512,2.76272,-0.680465119336453
11513,2.76296,-0.0526835883723074
11514,2.7632,-0.0417989992450141
11515,2.76344,-0.738899015429667
11516,2.76368,0.248263944647996
11517,2.76392,-0.338637524680817
11518,2.76416,-0.307369159318617
11519,2.7644,-0.0453816872257262
11520,2.76464,-0.276176805972413
11521,2.76488,-0.123456663302602
11522,2.76512,-0.221618302081318
11523,2.76536,-0.32972418501822
11524,2.7656,0.0618582052522099
11525,2.76584,-0.16421886344722
11526,2.76608,-0.38287474202395
11527,2.76632,-0.10980511497125
11528,2.76656,-0.337096595886422
11529,2.7668,-0.309445880050079
11530,2.76704,-0.16253310641343
11531,2.76728,-0.271154782588696
11532,2.76752,-0.360172898911973
11533,2.76776,-0.217188485406516
11534,2.768,0.037829426002743
11535,2.76824,-0.652120128224864
11536,2.76848,0.208169815927272
11537,2.76872,-0.256018691389317
11538,2.76896,-0.465240966193963
11539,2.7692,0.393434601811653
11540,2.76944,-0.547275703373112
11541,2.76968,-0.156944441927972
11542,2.76992,0.0961159832236886
11543,2.77016,-0.841739026779688
11544,2.7704,-0.0874085402578739
11545,2.77064,-0.0714737335354283
11546,2.77088,-0.410681603119743
11547,2.77112,-0.0207248842811034
11548,2.77136,-0.488673654061125
11549,2.7716,-0.215446363292304
11550,2.77184,-0.189147001670759
11551,2.77208,-0.0558433329360055
11552,2.77232,-0.384944047531545
11553,2.77256,-0.241102473084585
11554,2.7728,0.0143102907518777
11555,2.77304,-0.315360394304705
11556,2.77328,0.0633541248711986
11557,2.77352,-0.393872869599221
11558,2.77376,-0.483223908912105
11559,2.774,0.0104801977595874
11560,2.77424,-0.441412890883457
11561,2.77448,-0.174905830804828
11562,2.77472,0.0800921180352097
11563,2.77496,-0.489090607026514
11564,2.7752,0.011257383901522
11565,2.77544,-0.0921480697258596
11566,2.77568,-0.660503633604973
11567,2.77592,0.19896722370555
11568,2.77616,-0.61810112315446
11569,2.7764,-0.109099816602397
11570,2.77664,-0.213098037438946
11571,2.77688,-0.544738205240388
11572,2.77712,0.0817301407026569
11573,2.77736,-0.624886329923133
11574,2.7776,-0.10941808194771
11575,2.77784,-0.208760959996565
11576,2.77808,-0.550216254019519
11577,2.77832,-0.154890820122662
11578,2.77856,-0.258349050595559
11579,2.7788,-0.234675538177261
11580,2.77904,-0.3229230235981
11581,2.77928,-0.307490406716832
11582,2.77952,-0.515298150331063
11583,2.77976,-0.485472241925237
11584,2.78,0.0119733185236708
11585,2.78024,-0.801091119922147
11586,2.78048,0.0651320407749905
11587,2.78072,-0.277491266779343
11588,2.78096,-0.603990330480255
11589,2.7812,0.141661644546292
11590,2.78144,-0.557271116387544
11591,2.78168,-0.167056795910751
11592,2.78192,-0.268778719172931
11593,2.78216,-0.598241135373058
11594,2.7824,0.0303108622767005
11595,2.78264,-0.434643215806593
11596,2.78288,-0.279806841261677
11597,2.78312,-0.260845246160441
11598,2.78336,-0.237271560160288
11599,2.7836,-0.682917074870483
11600,2.78384,0.177166590891849
11601,2.78408,-0.639317857889492
11602,2.78432,-0.245651225953634
11603,2.78456,-0.348056998993443
11604,2.7848,-0.439305294918828
11605,2.78504,-0.172514116329666
11606,2.78528,-0.513726685904566
11607,2.78552,-0.237510584087706
11608,2.78576,0.0213416126628794
11609,2.786,-0.434631381575702
11610,2.78624,-0.40292520920551
11611,2.78648,-0.143344532685626
11612,2.78672,-0.712500408682944
11613,2.78696,0.274228415506892
11614,2.7872,-0.669545078045739
11615,2.78744,-0.272439132712899
11616,2.78768,-0.0112846315118384
11617,2.78792,-0.830224006271383
11618,2.78816,0.0461377657698021
11619,2.7884,-0.536701293654595
11620,2.78864,-0.385882506233563
11621,2.78888,-0.476299254642376
11622,2.78912,0.0212683869330861
11623,2.78936,-0.787435077190553
11624,2.7896,0.0777806375506489
11625,2.78984,-0.618756527260162
11626,2.79008,-0.226245085725332
11627,2.79032,-0.209034198190659
11628,2.79056,-0.781134320341044
11629,2.7908,0.0933440919101449
11630,2.79104,-0.609654886955546
11631,2.79128,-0.33249357592758
11632,2.79152,-0.425355483291296
11633,2.79176,-0.285679496350314
11634,2.792,-0.491156749386634
11635,2.79224,0.0111411183586343
11636,2.79248,-0.444683546947539
11637,2.79272,-0.529590585231183
11638,2.79296,0.0911435981671904
11639,2.7932,-0.721159168677476
11640,2.79344,-0.208453076333289
11641,2.79368,-0.308910235047802
11642,2.79392,-0.637167638974687
11643,2.79416,-0.00746430788046015
11644,2.7944,-0.709252537014088
11645,2.79464,-0.0728393189656937
11646,2.79488,-0.531421900917552
11647,2.79512,-0.381136906725152
11648,2.79536,-0.47206458057017
11649,2.7956,-0.330535073331216
11650,2.79584,-0.534238376892322
11651,2.79608,-0.0302424777018071
11652,2.79632,-0.484441910660664
11653,2.79656,-0.451038913822876
11654,2.7968,-0.189835420054245
11655,2.79704,-0.757440218608658
11656,2.79728,0.230772507729401
11657,2.79752,-0.590006827549013
11658,2.79776,-0.311031408738997
11659,2.798,-0.0495386291653324
11660,2.79824,-0.502987145266421
11661,2.79848,-0.46886579075252
11662,2.79872,-0.088476896660677
11663,2.79896,-1.01961594092753
11664,2.7992,-0.02226425503897
11665,2.79944,-0.60610101606146
11666,2.79968,-0.332954822138529
11667,2.79992,-0.302830255751694
11668,2.80016,-0.522304779465524
11669,2.8004,-0.246407250872115
11670,2.80064,-0.346907941184622
11671,2.80088,-0.435884135338903
11672,2.80112,-0.524262943679231
11673,2.80136,-0.0230378016892749
11674,2.8016,-0.830395699994547
11675,2.80184,0.0387549699960938
11676,2.80208,-0.656661317519754
11677,2.80232,-0.263082863866832
11678,2.80256,-0.361587824523533
11679,2.8028,-0.687976004593695
11680,2.80304,-0.0564824944751019
11681,2.80328,-0.756557091374166
11682,2.80352,-0.118503435311969
11683,2.80376,-0.575515343089883
11684,2.804,-0.423727578017483
11685,2.80424,-0.513216781016894
11686,2.80448,-0.370311231859004
11687,2.80472,-0.572698137403198
11688,2.80496,-0.0674421232851408
11689,2.8052,-0.520437527457544
11690,2.80544,-0.485882504334383
11691,2.80568,-0.343017409361013
11692,2.80592,-0.670344045684416
11693,2.80616,-0.039748227275477
11694,2.8064,-0.857004248837994
11695,2.80664,-0.0970822022777866
11696,2.80688,-0.555153852861757
11697,2.80712,-0.40438155180401
11698,2.80736,-0.370646046292627
11699,2.8076,-0.348692824120678
11700,2.80784,-0.670654999378869
11701,2.80808,-0.163911812342309
11702,2.80832,-0.497384588960023
11703,2.80856,-0.583359737541524
11704,2.8088,0.0394321926370589
11705,2.80904,-1.01018462490289
11706,2.80928,-0.371901639772667
11707,2.80952,-0.347482670580108
11708,2.80976,-0.674800476551725
11709,2.81,-0.0441978502239195
11710,2.81024,-0.861451448825323
11711,2.81048,-0.10152943291698
11712,2.81072,-0.55960301111275
11713,2.81096,-0.408837119125246
11714,2.8112,-0.614768930324314
11715,2.81144,-0.350586265879056
11716,2.81168,-0.554165495201669
11717,2.81192,-0.169879575421804
11718,2.81216,-0.619181285158962
11719,2.8124,-0.464345314431093
11720,2.81264,-0.200723933782923
11721,2.81288,-0.88799495562151
11722,2.81312,0.105140716096621
11723,2.81336,-0.830776134138292
11724,2.8136,-0.310258625233986
11725,2.81384,-0.525394067538854
11726,2.81408,-0.613317860627573
11727,2.81432,-0.456194126672323
11728,2.81456,-0.552472012087867
11729,2.8148,-0.512488021543164
11730,2.81504,-0.365053587862317
11731,2.81528,-0.336262977066599
11732,2.81552,-0.775996399716567
11733,2.81576,-0.146915727120676
11734,2.816,-0.6004700867251
11735,2.81624,-0.563782373837069
11736,2.81648,-0.296893046917712
11737,2.81672,-0.863773655261195
11738,2.81696,0.128150966715478
11739,2.8172,-0.927897587122628
11740,2.81744,-0.409866439697157
11741,2.81768,-0.385065923250494
11742,2.81792,-0.833975932124504
11743,2.81816,-0.197239297411669
11744,2.8184,-0.653982270177434
11745,2.81864,-0.25287400909991
11746,2.81888,-0.465074159644845
11747,2.81912,-0.316620843507667
11748,2.81936,-0.758707268075022
11749,2.8196,-0.372773873761308
11750,2.81984,-0.573929094553921
11751,2.82008,-0.424045781643283
11752,2.82032,-0.392916273558976
11753,2.82056,-0.715419380525697
11754,2.8208,-0.20850269986126
11755,2.82104,-0.892330662592754
11756,2.82128,-0.0213674950204632
11757,2.82152,-0.834470553942236
11758,2.82176,-0.436187755630719
11759,2.822,-0.41044247300828
11760,2.82224,-0.858449853035617
11761,2.82248,-0.220849942327978
11762,2.82272,-0.676767917342431
11763,2.82296,-0.156810624410656
11764,2.8232,-0.613046530124104
11765,2.82344,-0.458786565264997
11766,2.82368,-0.423853116269143
11767,2.82392,-0.400386124035783
11768,2.82416,-0.481608681894677
11769,2.8244,-0.333318364919414
11770,2.82464,-0.54209318955575
11771,2.82488,-0.74368230525042
11772,2.82512,-0.116397700529003
11773,2.82536,-0.923364971665015
11774,2.8256,-0.164527783826811
11775,2.82584,-0.622700748422476
11776,2.82608,-0.587124280883978
11777,2.82632,-0.433920284982561
11778,2.82656,-0.411010988251459
11779,2.8268,-0.729828744837298
11780,2.82704,-0.454966528534078
11781,2.82728,-0.428117382562461
11782,2.82752,-0.868665442381166
11783,2.82776,-0.230453661716109
11784,2.828,-0.924099985053196
11785,2.82824,-0.281663271868572
11786,2.82848,-0.616376224002115
11787,2.82872,-0.462220303612873
11788,2.82896,-0.782496861501825
11789,2.8292,-0.153763711469862
11790,2.82944,-0.723115766383814
11791,2.82968,-0.444665618377643
11792,2.82992,-0.537876349322304
11793,2.83016,-0.621232973485646
11794,2.8304,-0.224841542294343
11795,2.83064,-0.680971066672178
11796,2.83088,-0.279279336892066
11797,2.83112,-0.610748095914717
11798,2.83136,-0.456972337019045
11799,2.8316,-0.661329375860251
11800,2.83184,-0.274932297372004
11801,2.83208,-0.596489993156008
11802,2.83232,-0.327689520265282
11803,2.83256,-0.656499639136802
11804,2.8328,-0.856077225236417
11805,2.83304,-0.104909083391341
11806,2.83328,-1.02954842163679
11807,2.83352,-0.268233091960344
11808,2.83376,-0.601505807729124
11809,2.834,-0.682724633609539
11810,2.83424,-0.407627583831952
11811,2.83448,-0.741352929393894
11812,2.83472,-0.45750821136622
11813,2.83496,-0.546954534007854
11814,2.8352,-0.63494683841827
11815,2.83544,-0.594176523497164
11816,2.83568,-0.448460455188803
11817,2.83592,-0.889384936153356
11818,2.83616,-0.372235416649283
11819,2.8364,-0.585635770177997
11820,2.83664,-0.784918807239631
11821,2.83688,-0.150790088114469
11822,2.83712,-0.72413902787154
11823,2.83736,-0.441196266790174
11824,2.8376,-0.53495637684463
11825,2.83784,-0.498130374097207
11826,2.83808,-0.817751361815562
11827,2.83832,-0.306379671185345
11828,2.83856,-0.988523907942258
11829,2.8388,0.00778781796434935
11830,2.83904,-1.04406543614097
11831,2.83928,-0.4017337368897
11832,2.83952,-0.613660954231601
11833,2.83976,-0.698960032234711
11834,2.84,-0.655219001079652
11835,2.84024,-0.504846365334513
11836,2.84048,-0.582307486875088
11837,2.84072,-0.430417939460164
11838,2.84096,-0.635752459616082
11839,2.8412,-0.7177280882475
11840,2.84144,-0.208253616776427
11841,2.84168,-1.12922888083832
11842,2.84192,-0.248515115074601
11843,2.84216,-0.940344981736989
11844,2.8424,-0.656933238243599
11845,2.84264,-0.38336579160295
11846,2.84288,-0.949912624765967
11847,2.84312,-0.425195302635786
11848,2.84336,-0.75823851921069
11849,2.8436,-0.478798168245256
11850,2.84384,-0.682363558263244
11851,2.84408,-0.411073266404645
11852,2.84432,-0.970005933860562
11853,2.84456,0.0252269277841302
11854,2.8448,-1.02457986752022
11855,2.84504,-0.379910424099921
11856,2.84528,-0.711972832804937
11857,2.84552,-0.790226051168795
11858,2.84576,-0.510999562171393
11859,2.846,-0.601978782104849
11860,2.84624,-0.677672558617758
11861,2.84648,-0.523629387027107
11862,2.84672,-0.487274438904487
11863,2.84696,-0.923194229817895
11864,2.8472,-0.16672402783081
11865,2.84744,-0.858845695403378
11866,2.84768,-0.693826291025489
11867,2.84792,-0.538727254250239
11868,2.84816,-0.982391003579122
11869,2.8484,-0.340636574141191
11870,2.84864,-0.792585584536123
11871,2.84888,-0.508497193782026
11872,2.84912,-0.596413416235817
11873,2.84936,-0.800144953238448
11874,2.8496,-0.636115721350604
11875,2.84984,-0.726692928947871
11876,2.85008,-0.680340309204586
11877,2.85032,-0.524636892267887
11878,2.85056,-0.608232621697171
11879,2.8508,-0.925377080038945
11880,2.85104,-0.294052416155589
11881,2.85128,-1.09583253007729
11882,2.85152,-0.33249159524753
11883,2.85176,-0.785431298890961
11884,2.852,-0.742257842919818
11885,2.85224,-0.581339333584944
11886,2.85248,-0.549736348011158
11887,2.85272,-0.625420268622095
11888,2.85296,-0.592061552599781
11889,2.8532,-0.793120143211767
11890,2.85344,-0.63264036045018
11891,2.85368,-0.601081529012233
11892,2.85392,-1.16088138993551
11893,2.85416,-0.280239060514776
11894,2.8544,-0.967756248761383
11895,2.85464,-0.442772928886633
11896,2.85488,-0.773453390155518
11897,2.85512,-0.612865354630227
11898,2.85536,-0.573176281877825
11899,2.8556,-0.421367081114015
11900,2.85584,-0.978661776800853
11901,2.85608,-0.342680115426324
11902,2.85632,-1.02670627546657
11903,2.85656,-0.62172813976642
11904,2.8568,-0.226579798000613
11905,2.85704,-1.15403697721108
11906,2.85728,-0.268571152033258
11907,2.85752,-0.959917810264372
11908,2.85776,-0.55690972725212
11909,2.858,-0.757762541052374
11910,2.85824,-0.485644315058311
11911,2.85848,-1.16267558148131
11912,2.85872,-0.16232833362322
11913,2.85896,-1.09141279516112
11914,2.8592,-0.56426704786121
11915,2.85944,-0.768344986071192
11916,2.85968,-0.60864480891366
11917,2.85992,-0.925802821012394
11918,2.86016,-0.41162333572384
11919,2.8604,-1.08850703103362
11920,2.86064,-0.450559421038019
11921,2.86088,-0.89699160306567
11922,2.86112,-0.729623746298314
11923,2.86136,-0.811555363994626
11924,2.8616,-0.41871767378025
11925,2.86184,-1.0945131720529
11926,2.86208,-0.217145430155701
11927,2.86232,-1.14221961296198
11928,2.86256,-0.256665296747138
11929,2.8628,-0.826302451624505
11930,2.86304,-0.660768112913049
11931,2.86328,-0.743170029709391
11932,2.86352,-0.709423358673756
11933,2.86376,-0.662356245888749
11934,2.864,-0.627923949341656
11935,2.86424,-0.826196619557702
11936,2.86448,-0.664807667577243
11937,2.86472,-0.391422642911771
11938,2.86496,-1.31077634193045
11939,2.8652,-0.426312777933473
11940,2.86544,-0.99168778426992
11941,2.86568,-0.706309663069679
11942,2.86592,-0.670921546045454
11943,2.86616,-0.870047333634741
11944,2.8664,-0.588776706518961
11945,2.86664,-1.03649315404681
11946,2.86688,-0.628896486756579
11947,2.86712,-0.829215855971469
11948,2.86736,-0.552645620702699
11949,2.8676,-1.10657360150439
11950,2.86784,-0.228963037085731
11951,2.86808,-1.15205938799595
11952,2.86832,-0.625447524391993
11953,2.86856,-0.711304085504134
11954,2.8688,-0.786818469776389
11955,2.86904,-0.508868633728822
11956,2.86928,-0.955347182349846
11957,2.86952,-0.545756035330401
11958,2.86976,-0.86920468624225
11959,2.87,-0.706027961302683
11960,2.87024,-0.903112626356755
11961,2.87048,-0.508034891197336
11962,2.87072,-1.06227205057884
11963,2.87096,-0.425956389870388
11964,2.8712,-1.10706986684992
11965,2.87144,-0.45964348216903
11966,2.87168,-1.02831842826617
11967,2.87192,-0.742833176013158
11968,2.87216,-0.938395821191335
11969,2.8724,-0.663985394563181
11970,2.87264,-1.09729073758107
11971,2.87288,-0.45210529170024
11972,2.87312,-0.778840711587884
11973,2.87336,-1.09740088695393
11974,2.8736,-0.570803991230557
11975,2.87384,-0.775135049339942
11976,2.87408,-0.727829000486258
11977,2.87432,-0.806543891229927
11978,2.87456,-0.529620694840923
11979,2.8748,-1.08312128670306
11980,2.87504,-0.443507850930678
11981,2.87528,-1.12406139017353
11982,2.87552,-0.71576059925864
11983,2.87576,-0.437259654708677
11984,2.876,-1.355150425022
11985,2.87624,-0.586038037149849
11986,2.87648,-0.913243649185519
11987,2.87672,-0.631295127220181
11988,2.87696,-1.06594107583371
11989,2.8772,-0.548214686797007
11990,2.87744,-1.22169678384285
11991,2.87768,-0.339534386505018
11992,2.87792,-1.14149418590238
11993,2.87816,-0.492888146564565
11994,2.8784,-0.938817645093035
11995,2.87864,-0.77172206796242
11996,2.87888,-0.849598561001681
11997,2.87912,-0.571404195690267
11998,2.87936,-1.12329033539907
11999,2.8796,-0.3635803093418
12000,2.87984,-1.16327539492906
12001,2.88008,-0.516003382662244
12002,2.88032,-0.840723784491935
12003,2.88056,-0.793928595257135
12004,2.8808,-0.632562005219833
12005,2.88104,-0.834943139051911
12006,2.88128,-0.906625954570963
12007,2.88152,-0.510309937830957
12008,2.88176,-1.0688493114805
12009,2.882,-1.0201592837056
12010,2.88224,-0.500827572459785
12011,2.88248,-1.17922596326579
12012,2.88272,-0.529199912044602
12013,2.88296,-0.973771454331162
12014,2.8832,-0.805378119916096
12015,2.88344,-1.00184745143295
12016,2.88368,-0.603946984995704
12017,2.88392,-1.03743006753513
12018,2.88416,-0.27646680790595
12019,2.8844,-1.19608987473243
12020,2.88464,-0.547618859429659
12021,2.88488,-0.992791304722872
12022,2.88512,-0.703848947475835
12023,2.88536,-0.901776649712711
12024,2.8856,-0.742351871939063
12025,2.88584,-0.934175495486824
12026,2.88608,-0.775662227506458
12027,2.88632,-0.970334311244892
12028,2.88656,-0.92532985351089
12029,2.8868,-0.527055357999949
12030,2.88704,-1.19973792916669
12031,2.88728,-0.793559892613765
12032,2.88752,-0.753568165403868
12033,2.88776,-1.06519938912816
12034,2.888,-0.540719285246616
12035,2.88824,-1.10130546846827
12036,2.88848,-0.690696025582236
12037,2.88872,-1.0143697945244
12038,2.88896,-0.725967393773937
12039,2.8892,-0.922686853827929
12040,2.88944,-0.644891038825507
12041,2.88968,-1.0781561807866
12042,2.88992,-0.43554290055905
12043,2.89016,-1.234818111254
12044,2.8904,-0.943561086776169
12045,2.89064,-0.421434499180638
12046,2.89088,-1.34075375710168
12047,2.89112,-0.448338519434191
12048,2.89136,-1.13174898750043
12049,2.8916,-0.842710789035764
12050,2.89184,-0.917692013202401
12051,2.89208,-0.636760239432159
12052,2.89232,-1.06922693027079
12053,2.89256,-0.307292013323022
12054,2.8928,-1.2259888382063
12055,2.89304,-0.576632588556856
12056,2.89328,-0.898933412363403
12057,2.89352,-1.21325070957218
12058,2.89376,-0.563195286617524
12059,2.894,-1.00641747575336
12060,2.89424,-0.837585942162044
12061,2.89448,-1.03320267207607
12062,2.89472,-0.869353399222331
12063,2.89496,-1.06006526548572
12064,2.8952,-0.780162646036177
12065,2.89544,-0.973330803619112
12066,2.89568,-0.807059580931379
12067,2.89592,-0.886344089028315
12068,2.89616,-0.957717558723254
12069,2.8964,-0.549864441532041
12070,2.89664,-1.1127403428248
12071,2.89688,-0.701496484549828
12072,2.89712,-0.778086300179275
12073,2.89736,-0.733571112899653
12074,2.8976,-1.16298907414901
12075,2.89784,-0.759318763555277
12076,2.89808,-1.31086508399254
12077,2.89832,-0.422779023226354
12078,2.89856,-1.3424494822813
12079,2.8988,-0.687798870842882
12080,2.89904,-1.00691818583247
12081,2.89928,-0.838314307090598
12082,2.89952,-0.7909705660372
12083,2.89976,-1.23148775101163
12084,2.9,-0.817434536882753
12085,2.90024,-0.771016281225487
12086,2.90048,-0.60843954006341
12087,2.90072,-1.15977227317294
12088,2.90096,-0.636165564022693
12089,2.9012,-1.18975728826383
12090,2.90144,-0.779857634022203
12091,2.90168,-1.09815123287132
12092,2.90192,-1.04906831877934
12093,2.90216,-0.8767514261122
12094,2.9024,-0.9568509061011
12095,2.90264,-1.02677314674143
12096,2.90288,-0.858525985356264
12097,2.90312,-0.816049099906729
12098,2.90336,-1.12572894100285
12099,2.9036,-0.839042480469475
12100,2.90384,-0.917235860992053
12101,2.90408,-0.98645996655571
12102,2.90432,-0.826569664363951
12103,2.90456,-0.780276689453403
12104,2.9048,-1.08905924110653
12105,2.90504,-0.923876165436808
12106,2.90528,-1.11389676389251
12107,2.90552,-0.704050665207688
12108,2.90576,-1.14296224393697
12109,2.906,-0.729195840157806
12110,2.90624,-0.927052143939073
12111,2.90648,-0.7596755166805
12112,2.90672,-0.947009768951166
12113,2.90696,-0.904459282855029
12114,2.9072,-0.974741531937047
12115,2.90744,-1.04689209770753
12116,2.90768,-0.7624506975393
12117,2.90792,-1.07210643396028
12118,2.90816,-0.663327441247476
12119,2.9084,-1.22089674913387
12120,2.90864,-0.685277731336684
12121,2.90888,-1.12002733252145
12122,2.90912,-0.716509799579017
12123,2.90936,-1.26356568785723
12124,2.9096,-0.37763178651594
12125,2.90984,-1.41482903404101
12126,2.91008,-0.759789551889217
12127,2.91032,-0.956041640325914
12128,2.91056,-1.26871494972848
12129,2.9108,-0.974824967202286
12130,2.91104,-0.691063239356829
12131,2.91128,-1.23796268400394
12132,2.91152,-0.828205790946848
12133,2.91176,-1.02410361256158
12134,2.912,-1.33387630821009
12135,2.91224,-0.682518982933509
12136,2.91248,-0.99889149226266
12137,2.91272,-1.18833671896049
12138,2.91296,-0.903238451518309
12139,2.9132,-0.974713847670547
12140,2.91344,-0.686355877396534
12141,2.91368,-1.1237820986276
12142,2.91392,-0.950493890139374
12143,2.91416,-0.665845317946151
12144,2.9144,-0.978255047387343
12145,2.91464,-1.04532816876599
12146,2.91488,-0.519087082609075
12147,2.91512,-1.31115166848278
12148,2.91536,-0.781209939049618
12149,2.9156,-1.09923570946078
12150,2.91584,-0.926999191293391
12151,2.91608,-1.11979175033354
12152,2.91632,-0.834746073478857
12153,2.91656,-1.14427362591163
12154,2.9168,-0.494002555124839
12155,2.91704,-1.408854003098
12156,2.91728,-0.755752684240803
12157,2.91752,-0.95246615645257
12158,2.91776,-1.01682793439344
12159,2.918,-0.96826077122684
12160,2.91824,-0.922186204717512
12161,2.91848,-1.59099273133112
12162,2.91872,-0.818098027157733
12163,2.91896,-1.13468548507911
12164,2.9192,-0.841250771509615
12165,2.91944,-1.03487864803418
12166,2.91968,-0.748439144915204
12167,2.91992,-1.29640399500798
12168,2.92016,-0.768633649607328
12169,2.9204,-1.43768162987411
12170,2.92064,-0.542983755131687
12171,2.92088,-1.21887976146553
12172,2.92112,-0.800770851363558
12173,2.92136,-1.11213015966053
12174,2.9216,-0.824623145248001
12175,2.92184,-1.13227299803405
12176,2.92208,-0.847089107498683
12177,2.92232,-1.15724802835611
12178,2.92256,-0.986442624273083
12179,2.9228,-0.940716431146227
12180,2.92304,-1.00845524234354
12181,2.92328,-0.958783497476035
12182,2.92352,-1.03407044580881
12183,2.92376,-0.97794204577319
12184,2.924,-1.05078654558636
12185,2.92424,-0.882014360847307
12186,2.92448,-1.30801996814757
12187,2.92472,-0.420905234537311
12188,2.92496,-1.21644828995938
12189,2.9252,-0.800446900219807
12190,2.92544,-1.23537137010046
12191,2.92568,-0.941797667080185
12192,2.92592,-1.2511815807701
12193,2.92616,-0.843284354640713
12194,2.9264,-1.26972041947855
12195,2.92664,-0.97920461523958
12196,2.92688,-0.932660960113903
12197,2.92712,-1.23845029911224
12198,2.92736,-0.948038545795208
12199,2.9276,-0.781245481242803
12200,2.92784,-1.32639921391818
12201,2.92808,-0.917579060112981
12202,2.92832,-1.22714491689032
12203,2.92856,-0.694061860618969
12204,2.9288,-1.4879436227253
12205,2.92904,-0.592744123841376
12206,2.92928,-1.26687832706293
12207,2.92952,-0.849658289750639
12208,2.92976,-0.921398661517883
12209,2.93,-1.23087449867627
12210,2.93024,-1.0554561186854
12211,2.93048,-0.645026105618533
12212,2.93072,-1.31778632801688
12213,2.93096,-1.0214348061807
12214,2.9312,-0.854363002456596
12215,2.93144,-1.40301516936698
12216,2.93168,-0.86899916014633
12217,2.93192,-1.18489992148789
12218,2.93216,-0.890338639092195
12219,2.9324,-1.0807319601799
12220,2.93264,-1.14676264064911
12221,2.93288,-0.976504392313913
12222,2.93312,-1.04495816990666
12223,2.93336,-1.23161412553154
12224,2.9336,-1.06162835521984
12225,2.93384,-1.007393664104
12226,2.93408,-1.19800290935304
12227,2.93432,-1.02324584111814
12228,2.93456,-0.972620047095583
12229,2.9348,-1.28010145486918
12230,2.93504,-0.867509053123168
12231,2.93528,-1.17744314182807
12232,2.93552,-0.999758356010932
12233,2.93576,-1.19077892145035
12234,2.936,-1.01641797524945
12235,2.93624,-1.3226119731185
12236,2.93648,-0.912498089475067
12237,2.93672,-1.09721089596994
12238,2.93696,-0.807297826420642
12239,2.9372,-1.3574221855585
12240,2.93744,-0.94200353055684
12241,2.93768,-1.13514540082676
12242,2.93792,-1.44137401502863
12243,2.93816,-0.785286667133891
12244,2.9384,-1.45764663195226
12245,2.93864,-0.919722317573469
12246,2.93888,-0.988871941507552
12247,2.93912,-1.29586658127365
12248,2.93936,-0.760325233569648
12249,2.9396,-1.55185709401762
12250,2.93984,-0.893188205526537
12251,2.94008,-1.08502108656046
12252,2.94032,-1.14827610472314
12253,2.94056,-0.858422693355482
12254,2.9408,-1.28321290421099
12255,2.94104,-0.99191046444172
12256,2.94128,-1.6588033452756
12257,2.94152,-0.762926916578654
12258,2.94176,-1.31657376856238
12259,2.942,-1.14013869860756
12260,2.94224,-1.20989961994318
12261,2.94248,-1.03987575460681
12262,2.94272,-1.10346249129064
12263,2.94296,-0.813584252997731
12264,2.9432,-1.12099421099778
12265,2.94344,-1.3048516341833
12266,2.94368,-1.01275064910104
12267,2.94392,-1.07665071319313
12268,2.94416,-1.26561217856508
12269,2.9444,-0.968145428643324
12270,2.94464,-1.15749039697009
12271,2.94488,-0.982904582206491
12272,2.94512,-1.28836678067432
12273,2.94536,-0.878531908611057
12274,2.9456,-1.18365966153157
12275,2.94584,-1.01072174978622
12276,2.94608,-1.08011713327663
12277,2.94632,-1.26453839478574
12278,2.94656,-0.849284704334806
12279,2.9468,-1.4006617569001
12280,2.94704,-0.981150512280854
12281,2.94728,-1.28944034964168
12282,2.94752,-0.876552801181435
12283,2.94776,-1.41983708994832
12284,2.948,-0.767816279777009
12285,2.94824,-1.55681990392081
12286,2.94848,-0.897504042538056
12287,2.94872,-1.32933532166313
12288,2.94896,-1.27251925062548
12289,2.9492,-1.33726039494772
12290,2.94944,-0.924155147928607
12291,2.94968,-1.10681064605473
12292,2.94992,-1.05591018865491
12293,2.95016,-1.24511898453124
12294,2.9504,-1.3075426092928
12295,2.95064,-1.01528451837817
12296,2.95088,-1.44374495725352
12297,2.95112,-0.78333372106271
12298,2.95136,-1.21242437940657
12299,2.9516,-1.03578888226479
12300,2.95184,-1.45823236341696
12301,2.95208,-0.925403554618832
12302,2.95232,-1.22844094433671
12303,2.95256,-1.17545405836598
12304,2.9528,-0.997385895114272
12305,2.95304,-1.30572386380822
12306,2.95328,-1.12723510646246
12307,2.95352,-1.07477404496101
12308,2.95376,-1.37877022310698
12309,2.954,-0.842106223320072
12310,2.95424,-1.63082164409748
12311,2.95448,-0.971216728809657
12312,2.95472,-1.16040004197735
12313,2.95496,-1.46210066315722
12314,2.9552,-0.929261233952567
12315,2.95544,-1.23228982837814
12316,2.95568,-1.17929476749404
12317,2.95592,-1.00122055820469
12318,2.95616,-1.18841485749674
12319,2.9564,-1.25095901637742
12320,2.95664,-0.955329236524995
12321,2.95688,-1.50219702297053
12322,2.95712,-0.721953915015789
12323,2.95736,-1.39187535730649
12324,2.9576,-1.21126520639704
12325,2.95784,-0.919544122647989
12326,2.95808,-1.46150757734015
12327,2.95832,-1.0478417081629
12328,2.95856,-1.23078786861725
12329,2.9588,-1.29743905467592
12330,2.95904,-0.999326243819553
12331,2.95928,-1.18632460367628
12332,2.95952,-1.2491147928484
12333,2.95976,-0.953721950295996
12334,2.96,-1.50081891166305
12335,2.96024,-1.07853176789029
12336,2.96048,-1.38368128915915
12337,2.96072,-0.969504418702996
12338,2.96096,-1.15301003732388
12339,2.9612,-1.21876508862691
12340,2.96144,-1.52254253104593
12341,2.96168,-0.98218148573191
12342,2.96192,-1.17124892667712
12343,2.96216,-1.47152114474669
12344,2.9624,-0.938198938500719
12345,2.96264,-1.36059624344149
12346,2.96288,-1.18646857661287
12347,2.96312,-1.12827658673569
12348,2.96336,-1.31509935136945
12349,2.9636,-1.13672620533148
12350,2.96384,-1.08264180937074
12351,2.96408,-1.38682042574737
12352,2.96432,-1.20633541981871
12353,2.96456,-1.15011210241368
12354,2.9648,-0.976387299722595
12355,2.96504,-1.27877538474173
12356,2.96528,-0.863850380958793
12357,2.96552,-1.52885123942691
12358,2.96576,-0.748324304165101
12359,2.966,-1.41754307099769
12360,2.96624,-1.23626189334407
12361,2.96648,-0.943899241397506
12362,2.96672,-1.48257802148441
12363,2.96696,-1.06495307628127
12364,2.9672,-1.49304556679293
12365,2.96744,-1.1912149908645
12366,2.96768,-1.13796719051007
12367,2.96792,-1.20293179512676
12368,2.96816,-1.62323137738119
12369,2.9684,-0.725022008445487
12370,2.96864,-1.26895497590197
12371,2.96888,-1.44857665221891
12372,2.96912,-0.793311630657644
12373,2.96936,-1.69862112849429
12374,2.9696,-1.15930088970752
12375,2.96984,-1.22696054040137
12376,2.97008,-1.16651718465545
12377,2.97032,-1.34761564882916
12378,2.97056,-1.16960903912103
12379,2.9708,-1.5906053902562
12380,2.97104,-0.93186575671978
12381,2.97128,-1.47922972917425
12382,2.97152,-1.17690488397287
12383,2.97176,-1.3616033360823
12384,2.972,-1.18338538772289
12385,2.97224,-1.12279565736176
12386,2.97248,-1.42662228820175
12387,2.97272,-1.36676745214885
12388,2.97296,-1.42860327885802
12389,2.9732,-1.01272083869989
12390,2.97344,-1.43244768706692
12391,2.97368,-0.896629792459389
12392,2.97392,-1.55974823532575
12393,2.97416,-1.13736784595145
12394,2.9744,-1.44066053995654
12395,2.97464,-1.38029235444696
12396,2.97488,-1.44163542192545
12397,2.97512,-1.02527952921278
12398,2.97536,-1.44455172065024
12399,2.9756,-0.908297385072871
12400,2.97584,-1.57099674762225
12401,2.97608,-0.789141491377161
12402,2.97632,-1.695868407256
12403,2.97656,-1.03278465877311
12404,2.9768,-1.46005740245234
12405,2.97704,-1.27746063993545
12406,2.97728,-1.22350165223158
12407,2.97752,-1.27905385317709
12408,2.97776,-1.22205789980188
12409,2.978,-1.283854837035
12410,2.97824,-0.982520838187737
12411,2.97848,-1.40866245022298
12412,2.97872,-1.22873678893434
12413,2.97896,-1.1665130526997
12414,2.9792,-1.46877567977421
12415,2.97944,-1.05183638982579
12416,2.97968,-1.23180525347271
12417,2.97992,-1.17524477874736
12418,2.98016,-1.59821761771868
12419,2.9804,-1.17352472648365
12420,2.98064,-1.23717342641773
12421,2.98088,-1.2966920313828
12422,2.98112,-1.23690307643522
12423,2.98136,-1.30002462974227
12424,2.9816,-1.11799419540345
12425,2.98184,-1.3014033162862
12426,2.98208,-1.23874339676763
12427,2.98232,-1.0608516055419
12428,2.98256,-1.36124127230959
12429,2.9828,-1.17795106833693
12430,2.98304,-1.47991380034253
12431,2.98328,-1.05964438671434
12432,2.98352,-1.24036474970088
12433,2.98376,-1.30345654066574
12434,2.984,-1.12139768451255
12435,2.98424,-1.30477898719231
12436,2.98448,-1.24209252414885
12437,2.98472,-1.06417495921385
12438,2.98496,-1.36453999661135
12439,2.9852,-1.18122630640211
12440,2.98544,-1.48316603407219
12441,2.98568,-1.06376481072668
12442,2.98592,-1.36340121463706
12443,2.98616,-0.945843154625956
12444,2.9864,-1.36558939720903
12445,2.98664,-1.54278489192144
12446,2.98688,-1.12220320611668
12447,2.98712,-1.53954130217418
12448,2.98736,-1.12045896637233
12449,2.9876,-1.42380274013472
12450,2.98784,-1.36093118569736
12451,2.98808,-1.53883275201855
12452,2.98832,-1.11891349510926
12453,2.98856,-1.41487713120518
12454,2.9888,-1.11762255993937
12455,2.98904,-1.65904556003605
12456,2.98928,-0.99605499569901
12457,2.98952,-1.66182110728201
12458,2.98976,-1.23659575580768
12459,2.99,-1.53460041409422
12460,2.99024,-0.995175621043137
12461,2.99048,-1.65484047919852
12462,2.99072,-1.11060993365429
12463,2.99096,-1.65460865974401
12464,2.9912,-1.34782695366393
12465,2.99144,-1.28852542062422
12466,2.99168,-1.34811672677651
12467,2.99192,-1.04467441229024
12468,2.99216,-1.46879826369054
12469,2.9924,-1.2869440206181
12470,2.99264,-1.22287687684102
12471,2.99288,-1.5233752311257
12472,2.99312,-1.46033949675088
12473,2.99336,-1.27814314002233
12474,2.9936,-1.34181406903729
12475,2.99384,-1.5163915898025
12476,2.99408,-1.33352810184075
12477,2.99432,-1.5115591327875
12478,2.99456,-0.965809956457178
12479,2.9948,-1.38912117666742
12480,2.99504,-1.44485480411627
12481,2.99528,-1.26515230328974
12482,2.99552,-1.56605772066977
12483,2.99576,-1.14135365102578
12484,2.996,-1.5614529937356
12485,2.99624,-1.13872598061841
12486,2.99648,-1.31574134750636
12487,2.99672,-1.25635463297663
12488,2.99696,-1.19465130597666
12489,2.9972,-1.61245216268451
12490,2.99744,-1.55278796704578
12491,2.99768,-1.4882557574935
12492,2.99792,-1.30506039700302
12493,2.99816,-1.36777523278286
12494,2.9984,-1.4215928778174
12495,2.99864,-1.23822350501389
12496,2.99888,-1.53833765448845
12497,2.99912,-1.23307467103322
12498,2.99936,-1.2898069510355
12499,2.9996,-1.23342618590036
12500,2.99984,-1.40954249568948
12501,3.00008,-1.4664328038932
12502,3.00032,-1.045079164292
12503,3.00056,-1.58411221242524
12504,3.0008,-1.15976574454744
12505,3.00104,-1.45994345065989
12506,3.00128,-1.15477960511744
12507,3.00152,-1.57232400472636
12508,3.00176,-1.15117717713545
12509,3.002,-1.32788779166709
12510,3.00224,-1.26957157382275
12511,3.00248,-1.20588580344204
12512,3.00272,-1.26304026924673
12513,3.00296,-1.1997197401393
12514,3.0032,-1.37832098977157
12515,3.00344,-1.55440212741128
12516,3.00368,-1.48580651566345
12517,3.00392,-1.42019866084478
12518,3.00416,-1.35745871926823
12519,3.0044,-1.77590825415265
12520,3.00464,-1.34610863938152
12521,3.00488,-1.52584470209977
12522,3.00512,-1.34520769608286
12523,3.00536,-1.76167794269829
12524,3.0056,-1.33862706678506
12525,3.00584,-1.51961588099536
12526,3.00608,-1.33240271005969
12527,3.00632,-1.51156559110167
12528,3.00656,-1.08807051646511
12529,3.0068,-1.74581817214593
12530,3.00704,-1.19806337021729
12531,3.00728,-1.49814824509584
12532,3.00752,-1.67397925081309
12533,3.00776,-1.36596948516429
12534,3.008,-1.30705354861789
12535,3.00824,-1.72095727448691
12536,3.00848,-1.05493444942673
12537,3.00872,-1.47582423470482
12538,3.00896,-1.64842256766025
12539,3.0092,-1.34722241675986
12540,3.00944,-1.28133740241618
12541,3.00968,-1.57660471647418
12542,3.00992,-1.39397928690298
12543,3.01016,-1.68917154108969
12544,3.0104,-1.62809825842655
12545,3.01064,-1.32128190138184
12546,3.01088,-1.01613547037016
12547,3.01112,-1.55909989509196
12548,3.01136,-1.48985502668061
12549,3.0116,-1.30727526837994
12550,3.01184,-1.72477534631673
12551,3.01208,-1.41520020721279
12552,3.01232,-1.23408894468513
12553,3.01256,-1.40865673974812
12554,3.0128,-1.58439121201804
12555,3.01304,-1.52054336873192
12556,3.01328,-1.4548063197233
12557,3.01352,-1.6332921172119
12558,3.01376,-1.20876694157676
12559,3.014,-1.50262122655051
12560,3.01424,-1.559186806249
12561,3.01448,-1.49183120888816
12562,3.01472,-1.67009797973818
12563,3.01496,-1.36299075026793
12564,3.0152,-1.42011110944986
12565,3.01544,-1.47686532238508
12566,3.01568,-1.2889377632156
12567,3.01592,-1.58546875712656
12568,3.01616,-1.40102156768583
12569,3.0164,-1.69622138190269
12570,3.01664,-1.63213208210217
12571,3.01688,-1.44482864906991
12572,3.01712,-1.13895088286871
12573,3.01736,-1.68038094779122
12574,3.0176,-1.49027466883428
12575,3.01784,-1.30617335662374
12576,3.01808,-1.60117073008779
12577,3.01832,-1.05281196667812
12578,3.01856,-1.47343235569326
12579,3.0188,-1.64317290234848
12580,3.01904,-1.21939593749398
12581,3.01928,-1.75526645301846
12582,3.01952,-1.20505281935009
12583,3.01976,-1.26566165868443
12584,3.02,-1.67980172210609
12585,3.02024,-1.61359380416776
12586,3.02048,-1.4281400150541
12587,3.02072,-1.72237557769604
12588,3.02096,-1.6573633261512
12589,3.0212,-1.23216078166138
12590,3.02144,-1.52536795200542
12591,3.02168,-1.58131743074109
12592,3.02192,-1.51337314783996
12593,3.02216,-1.69107978640999
12594,3.0224,-1.3834384939075
12595,3.02264,-1.31583973661392
12596,3.02288,-1.85333598822399
12597,3.02312,-1.42151591929125
12598,3.02336,-1.4782241361032
12599,3.0236,-1.6522483400414
12600,3.02384,-1.22529854098629
12601,3.02408,-1.64006024828208
12602,3.02432,-1.57435125918695
12603,3.02456,-1.50683285468854
12604,3.0248,-1.68191451077947
12605,3.02504,-1.37565708408511
12606,3.02528,-1.42791862047715
12607,3.02552,-1.7244780809882
12608,3.02576,-1.2949096015592
12609,3.026,-1.59257929657878
12610,3.02624,-1.52471760360744
12611,3.02648,-1.2153998618173
12612,3.02672,-1.63370378740479
12613,3.02696,-1.44471768530648
12614,3.0272,-1.50061545304812
12615,3.02744,-1.67386392620025
12616,3.02768,-1.24617116255946
12617,3.02792,-1.66152126198406
12618,3.02816,-1.59421420683738
12619,3.0284,-1.40619557487779
12620,3.02864,-1.70391461321193
12621,3.02888,-1.513347940087
12622,3.02912,-1.3288118071051
12623,3.02936,-1.86305742896472
12624,3.0296,-1.19148971943893
12625,3.02984,-1.61100167021669
12626,3.03008,-1.54000255545642
12627,3.03032,-1.35135354895406
12628,3.03056,-1.64802982441586
12629,3.0308,-1.33836397395187
12630,3.03104,-1.63395299000518
12631,3.03128,-1.56541555869925
12632,3.03152,-1.49864388948131
12633,3.03176,-1.67268116180662
12634,3.032,-1.48437974244174
12635,3.03224,-1.53707958597214
12636,3.03248,-1.95349182131605
12637,3.03272,-1.6402398244795
12638,3.03296,-1.3344666335508
12639,3.0332,-1.86865626596502
12640,3.03344,-1.19703626498646
12641,3.03368,-1.37510368052361
12642,3.03392,-1.66621206080382
12643,3.03416,-1.2369599187688
12644,3.0344,-1.77498742813427
12645,3.03464,-1.58162342094219
12646,3.03488,-1.15474400449729
12647,3.03512,-1.56829488504492
12648,3.03536,-1.74122854258832
12649,3.0356,-1.31485475719137
12650,3.03584,-1.84400397037157
12651,3.03608,-1.29549881479706
12652,3.03632,-1.34999576550008
12653,3.03656,-1.8815547225528
12654,3.0368,-1.21425443201636
12655,3.03704,-1.86587263950056
12656,3.03728,-1.43243814700874
12657,3.03752,-1.36814737397555
12658,3.03776,-2.02052636057939
12659,3.038,-1.22877008979079
12660,3.03824,-1.76692783283906
12661,3.03848,-1.5740998163046
12662,3.03872,-1.38739651062287
12663,3.03896,-1.67990625592976
12664,3.0392,-1.24943320684577
12665,3.03944,-1.66690621755822
12666,3.03968,-1.59395492567239
12667,3.03992,-1.40474805362329
12668,3.04016,-1.81942273518265
12669,3.0404,-1.50714477585205
12670,3.04064,-1.56271030087306
12671,3.04088,-1.61108674952064
12672,3.04112,-1.41988070114115
12673,3.04136,-1.71410768435661
12674,3.0416,-1.40209718184542
12675,3.04184,-1.6954403296935
12676,3.04208,-1.74896824824951
12677,3.04232,-1.31873927276046
12678,3.04256,-1.73166295156687
12679,3.0428,-1.42327498699625
12680,3.04304,-2.07310654432917
12681,3.04328,-1.52417352626342
12682,3.04352,-1.33597911770692
12683,3.04376,-1.74519046391044
12684,3.044,-1.19921171443323
12685,3.04424,-1.85056158511769
12686,3.04448,-1.54103871026549
12687,3.04472,-1.59401933811331
12688,3.04496,-1.76025298655409
12689,3.0452,-1.09164076754703
12690,3.04544,-1.62479723120091
12691,3.04568,-1.67334380950046
12692,3.04592,-1.3672020699314
12693,3.04616,-2.02005357764892
12694,3.0464,-1.587794701497
12695,3.04664,-1.51938924795244
12696,3.04688,-1.69068426793811
12697,3.04712,-1.50151982070231
12698,3.04736,-1.91196536914612
12699,3.0476,-1.60165848875655
12700,3.04784,-1.41333359304109
12701,3.04808,-2.06385980531753
12702,3.04832,-1.2737419558416
12703,3.04856,-1.56690379547912
12704,3.0488,-1.85564638393975
12705,3.04904,-1.787068299621
12706,3.04928,-1.47536948412326
12707,3.04952,-1.767606908748
12708,3.04976,-1.69686585986721
12709,3.05,-1.86713214420253
12710,3.05024,-1.67784877478227
12711,3.05048,-1.60714163181668
12712,3.05072,-1.77741194088008
12713,3.05096,-1.34848951456301
12714,3.0512,-1.63813764315348
12715,3.05144,-2.05110908964643
12716,3.05168,-1.49666818223361
12717,3.05192,-1.66915863994667
12718,3.05216,-1.47774688424504
12719,3.0524,-1.64810889914394
12720,3.05264,-1.94044154221375
12721,3.05288,-1.38651738639249
12722,3.05312,-1.67763800899088
12723,3.05336,-1.60831698372525
12724,3.0536,-1.41657766493943
12725,3.05384,-1.59049796072354
12726,3.05408,-1.75692982026529
12727,3.05432,-1.56488016187797
12728,3.05456,-1.61731067660066
12729,3.0548,-1.42524670562293
12730,3.05504,-1.83417725131168
12731,3.05528,-1.5228281382318
12732,3.05552,-1.69004730852523
12733,3.05576,-1.85997205907665
12734,3.056,-1.42988497210672
12735,3.05624,-1.83734228173321
12736,3.05648,-1.28842736545843
12737,3.05672,-2.06024850395649
12738,3.05696,-1.62677192528503
12739,3.0572,-1.67665045653062
12740,3.05744,-1.84337072914473
12741,3.05768,-1.41453110925658
12742,3.05792,-1.94648971827273
12743,3.05816,-1.27009119059792
12744,3.0584,-1.68327103373823
12745,3.05864,-1.84934643019197
12746,3.05888,-1.17585445793824
12747,3.05912,-1.82892935211785
12748,3.05936,-1.87584317007334
12749,3.0596,-1.4448175614669
12750,3.05984,-1.85095240981446
12751,3.06008,-1.421903188689
12752,3.06032,-1.95366149494892
12753,3.06056,-1.27707155951257
12754,3.0608,-1.69006919332879
12755,3.06104,-1.85597033368865
12756,3.06128,-1.18231221124676
12757,3.06152,-1.95461074698561
12758,3.06176,-1.63839332129134
12759,3.062,-1.56990745891504
12760,3.06224,-1.85783212620252
12761,3.06248,-1.42166145420839
12762,3.06272,-1.95306485272611
12763,3.06296,-1.75680229307769
12764,3.0632,-1.56689940944639
12765,3.06344,-1.61794047547561
12766,3.06368,-1.6655219775644
12767,3.06392,-1.71402709304376
12768,3.06416,-1.88208448649265
12769,3.0644,-1.56915628439262
12770,3.06464,-1.62191335426158
12771,3.06488,-2.02759904827581
12772,3.06512,-1.35536748661055
12773,3.06536,-1.88593087715503
12774,3.0656,-1.93067299462087
12775,3.06584,-1.50104288169885
12776,3.06608,-2.14865598096457
12777,3.06632,-1.35446537314561
12778,3.06656,-1.88685356176083
12779,3.0668,-1.80917699794282
12780,3.06704,-1.49818585832386
12781,3.06728,-2.14639279486771
12782,3.06752,-1.35064530917525
12783,3.06776,-1.88498700513735
12784,3.068,-1.45055112215225
12785,3.06824,-1.73833861836704
12786,3.06848,-1.54817607690765
12787,3.06872,-1.7149614963101
12788,3.06896,-1.88145615268461
12789,3.0692,-1.44805809996094
12790,3.06944,-1.61619989884991
12791,3.06968,-1.7865539529897
12792,3.06992,-1.47240536243236
12793,3.07016,-1.88130015065896
12794,3.0704,-1.44671384878128
12795,3.07064,-1.85376694501727
12796,3.07088,-1.42383513918009
12797,3.07112,-1.95087956540096
12798,3.07136,-1.63661384252449
12799,3.0716,-1.44495325381644
12800,3.07184,-1.85084827600232
12801,3.07208,-1.78018435583246
12802,3.07232,-1.70612932438368
12803,3.07256,-1.87189991185299
12804,3.0728,-1.44171620902476
12805,3.07304,-2.20688193951671
12806,3.07328,-1.41179870091666
12807,3.07352,-1.70020645796848
12808,3.07376,-1.98352153443087
12809,3.074,-1.31408073894708
12810,3.07424,-2.2016136380474
12811,3.07448,-1.64566328935931
12812,3.07472,-1.6956030894593
12813,3.07496,-2.09858929881812
12814,3.0752,-1.42377127028792
12815,3.07544,-1.95185690606402
12816,3.07568,-1.75325370715193
12817,3.07592,-1.56497131693915
12818,3.07616,-1.73051136700624
12819,3.0764,-1.77644502654313
12820,3.07664,-1.70398384762308
12821,3.07688,-1.62906751161705
12822,3.07712,-1.91599611041752
12823,3.07736,-1.4828328385376
12824,3.0776,-1.76971226662715
12825,3.07784,-1.69760945564907
12826,3.07808,-1.74286819095191
12827,3.07832,-1.66933155047062
12828,3.07856,-1.71671752293615
12829,3.0788,-1.88236736712325
12830,3.07904,-1.80980894802691
12831,3.07928,-1.97446385199048
12832,3.07952,-1.65957145852623
12833,3.07976,-1.4673129857777
12834,3.08,-1.99203088202426
12835,3.08024,-1.19747523746163
12836,3.08048,-1.96705734595094
12837,3.08072,-2.01122166921731
12838,3.08096,-1.57841186033797
12839,3.0812,-1.98241425880333
12840,3.08144,-1.18833932129389
12841,3.08168,-1.95666539554089
12842,3.08192,-1.75814983610554
12843,3.08216,-1.44709662446605
12844,3.0824,-1.96930961399329
12845,3.08264,-1.53624464055369
12846,3.08288,-2.06415688709481
12847,3.08312,-1.3838852783448
12848,3.08336,-1.7933618844141
12849,3.0836,-1.9558926573695
12850,3.08384,-1.27900992352486
12851,3.08408,-1.68918126418884
12852,3.08432,-1.72989042085719
12853,3.08456,-1.65855348819079
12854,3.0848,-1.94375064832741
12855,3.08504,-1.5049719687216
12856,3.08528,-2.03388607554143
12857,3.08552,-1.83524175293127
12858,3.08576,-1.52105330544297
12859,3.086,-1.93035225407921
12860,3.08624,-1.49092063548036
12861,3.08648,-1.78042657663353
12862,3.08672,-1.82380102533047
12863,3.08696,-1.62695706305169
12864,3.0872,-2.03432829983921
12865,3.08744,-1.71505920345628
12866,3.08768,-1.88026925885987
12867,3.08792,-1.80604573256125
12868,3.08816,-1.48757843941642
12869,3.0884,-1.89713683333562
12870,3.08864,-1.69978175786456
12871,3.08888,-1.74417392705424
12872,3.08912,-1.90991961472252
12873,3.08936,-1.59135795259631
12874,3.0896,-1.99647049060234
12875,3.08984,-1.68196466133442
12876,3.09008,-1.60474699663808
12877,3.09032,-1.89339053562788
12878,3.09056,-1.57603819025012
12879,3.0908,-1.86078957990456
12880,3.09104,-1.785375411135
12881,3.09128,-1.5878023114747
12882,3.09152,-1.99228988322568
12883,3.09176,-1.55822923542427
12884,3.092,-1.72182555544331
12885,3.09224,-1.76930433353078
12886,3.09248,-1.57250175988276
12887,3.09272,-1.97690673976547
12888,3.09296,-1.66123314141095
12889,3.0932,-1.82430542570545
12890,3.09344,-1.9916113798392
12891,3.09368,-1.67321826142424
12892,3.09392,-1.9569474623734
12893,3.09416,-1.52412784786858
12894,3.0944,-2.16517823556783
12895,3.09464,-1.48844227553922
12896,3.09488,-2.0146949782617
12897,3.09512,-1.8138891135828
12898,3.09536,-1.50106552230245
12899,3.0956,-2.0215846637491
12900,3.09584,-1.58690311863637
12901,3.09608,-2.11326969511929
12902,3.09632,-1.43152033825562
12903,3.09656,-1.83958793841008
12904,3.0968,-2.0007708726665
12905,3.09704,-1.44244972227245
12906,3.09728,-2.21002284939395
12907,3.09752,-1.52804540013703
12908,3.09776,-1.93632657060473
12909,3.098,-1.73774924236848
12910,3.09824,-1.90038515992164
12911,3.09848,-1.82363316519414
12912,3.09872,-1.74460652004626
12913,3.09896,-2.03112908993533
12914,3.0992,-1.71171858276015
12915,3.09944,-1.99099995981737
12916,3.09968,-1.55652712535
12917,3.09992,-2.07922475122484
12918,3.10016,-1.76080537275591
12919,3.1004,-1.56517212341447
12920,3.10064,-2.08620486008009
12921,3.10088,-1.7714030320612
12922,3.10112,-2.17323449056372
12923,3.10136,-1.61111486929477
12924,3.1016,-1.77674068490225
12925,3.10184,-1.81624111140675
12926,3.10208,-1.62307276021936
12927,3.10232,-2.14690053734161
12928,3.10256,-1.34588490353926
12929,3.1028,-1.99373510751445
12930,3.10304,-1.66957417080287
12931,3.10328,-1.71768369040351
12932,3.10352,-1.99823158353426
12933,3.10376,-1.79985699654862
12934,3.104,-1.9661282725385
12935,3.10424,-1.64586520777633
12936,3.10448,-1.81190372826957
12937,3.10472,-1.85265233870601
12938,3.10496,-1.89424781693845
12939,3.1052,-1.81722098928931
12940,3.10544,-1.9775987368341
12941,3.10568,-1.53920191326716
12942,3.10592,-1.82584032189157
12943,3.10616,-1.74184882315164
12944,3.1064,-1.54819201857802
12945,3.10664,-1.83188268290316
12946,3.10688,-2.11151828081225
12947,3.10712,-1.31310191232889
12948,3.10736,-2.319516842532
12949,3.1076,-1.6358651036206
12950,3.10784,-1.56192188423174
12951,3.10808,-2.08082389310213
12952,3.10832,-1.64375117313913
12953,3.10856,-2.04667548366965
12954,3.1088,-1.84733869745605
12955,3.10904,-1.89197364549948
12956,3.10928,-1.81049024351752
12957,3.10952,-1.97482899007795
12958,3.10976,-1.77514596571542
12959,3.11,-1.93672486450933
12960,3.11024,-1.73958243804532
12961,3.11048,-2.01993622789792
12962,3.11072,-1.57994331464374
12963,3.11096,-2.10647134391571
12964,3.1112,-1.78482889913605
12965,3.11144,-1.83053623080107
12966,3.11168,-1.98716887000817
12967,3.11192,-1.67067175215646
12968,3.11216,-2.19376565051022
12969,3.1124,-1.39120405566107
12970,3.11264,-1.79791393065791
12971,3.11288,-1.95425121454307
12972,3.11312,-1.75781226541158
12973,3.11336,-2.03710225275186
12974,3.1136,-1.83752469790631
12975,3.11384,-1.88282346044878
12976,3.11408,-2.04163349481431
12977,3.11432,-1.84014557061295
12978,3.11456,-1.88360076918839
12979,3.1148,-1.80188232585177
12980,3.11504,-2.08320235503062
12981,3.11528,-1.64811214261913
12982,3.11552,-2.16627095045312
12983,3.11576,-1.84871842477956
12984,3.116,-2.00910393159328
12985,3.11624,-2.04881105198017
12986,3.11648,-1.8536560771088
12987,3.11672,-2.12935554874079
12988,3.11696,-1.69059526124685
12989,3.1172,-2.213069036265
12990,3.11744,-1.76770382143645
12991,3.11768,-1.93079479586378
12992,3.11792,-2.21149097388952
12993,3.11816,-1.64765665496075
12994,3.1184,-2.05438925844635
12995,3.11864,-1.73100480926499
12996,3.11888,-1.89404868315416
12997,3.11912,-2.0539534576715
12998,3.11936,-1.85175811057437
12999,3.1196,-1.89803096107722
13000,3.11984,-1.9366455043047
13001,3.12008,-2.0964481698166
13002,3.12032,-1.66060723260879
13003,3.12056,-2.05601054440455
13004,3.1208,-1.49729750699931
13005,3.12104,-2.02137504782738
13006,3.12128,-2.05862115991954
13007,3.12152,-1.37870859683215
13008,3.12176,-2.38298313402892
13009,3.122,-1.69728336746853
13010,3.12224,-1.86322674453204
13011,3.12248,-2.02067411010591
13012,3.12272,-1.82010169298113
13013,3.12296,-1.86136531203612
13014,3.1232,-1.89912926908143
13015,3.12344,-1.58140186398484
13016,3.12368,-2.22225356942412
13017,3.12392,-1.77896993412371
13018,3.12416,-1.82381715105332
13019,3.1244,-2.46374239872248
13020,3.12464,-1.65874670511498
13021,3.12488,-1.94328521974517
13022,3.12512,-2.1000529437132
13023,3.12536,-1.66254916073272
13024,3.1256,-2.18054917973998
13025,3.12584,-1.85943532925413
13026,3.12608,-1.90132242902219
13027,3.12632,-1.81810074727093
13028,3.12656,-1.73978571333055
13029,3.1268,-2.14426152054073
13030,3.12704,-1.69798650009095
13031,3.12728,-2.22368602488226
13032,3.12752,-1.78184133476209
13033,3.12776,-2.17757988791579
13034,3.128,-1.86015338198612
13035,3.12824,-2.25947301243383
13036,3.12848,-1.93461796562492
13037,3.12872,-1.73716966001843
13038,3.12896,-2.25208904053949
13039,3.1292,-1.56936434124655
13040,3.12944,-2.09422927721124
13041,3.12968,-1.88641948578826
13042,3.12992,-1.80966277702145
13043,3.13016,-1.96940107447103
13044,3.1304,-2.12570434198466
13045,3.13064,-1.92616364326315
13046,3.13088,-2.08392133950205
13047,3.13112,-1.87796272372135
13048,3.13136,-2.16158415595363
13049,3.1316,-1.83545126662531
13050,3.13184,-2.11571214340869
13051,3.13208,-1.67919561974507
13052,3.13232,-2.19420790603736
13053,3.13256,-1.87368182778077
13054,3.1328,-2.03293040512229
13055,3.13304,-1.82927607382131
13056,3.13328,-2.23366588163619
13057,3.13352,-1.90887852259252
13058,3.13376,-1.82962150691134
13059,3.134,-2.10940422016685
13060,3.13424,-2.02318730748084
13061,3.13448,-1.82437280891751
13062,3.13472,-2.22208133326779
13063,3.13496,-1.8974375516386
13064,3.1352,-2.30156354855758
13065,3.13544,-1.97392043282608
13066,3.13568,-2.0139176245055
13067,3.13592,-1.93105247888544
13068,3.13616,-1.96598300702442
13069,3.1364,-2.1288399726593
13070,3.13664,-1.92294848419462
13071,3.13688,-1.9595790758701
13072,3.13712,-1.88218836718124
13073,3.13736,-2.15680667941048
13074,3.1376,-1.83773967487384
13075,3.13784,-1.99664213631004
13076,3.13808,-2.03057204167749
13077,3.13832,-1.71178985777705
13078,3.13856,-2.35075334775331
13079,3.1388,-1.66252334111357
13080,3.13904,-2.30712040547898
13081,3.13928,-1.73974201523335
13082,3.13952,-2.02105922914346
13083,3.13976,-1.82041590692685
13084,3.14,-2.09389718430857
13085,3.14024,-2.01604238140931
13086,3.14048,-2.17213773645801
13087,3.14072,-1.6089473585046
13088,3.14096,-2.37319743668633
13089,3.1412,-1.68364644168216
13090,3.14144,-2.08648196206509
13091,3.14168,-1.88396937783047
13092,3.14192,-2.27899819685914
13093,3.14216,-1.83848328787917
13094,3.1424,-2.35534424694216
13095,3.14264,-1.78735811381418
13096,3.14288,-2.19097309793981
13097,3.14312,-1.86414042139792
13098,3.14336,-2.02391132786522
13099,3.1436,-1.82377989010709
13100,3.14384,-2.21803968549083
13101,3.14408,-1.65959138488619
13102,3.14432,-1.94031503027918
13103,3.14456,-2.09423305128254
13104,3.1448,-1.89286761287037
13105,3.14504,-2.29160797121428
13106,3.14528,-1.72349142315196
13107,3.14552,-2.12873480629449
13108,3.14576,-1.92373217396118
13109,3.146,-2.31635485032952
13110,3.14624,-1.87748183547742
13111,3.14648,-2.27170619583691
13112,3.14672,-1.94852360230407
13113,3.14696,-2.10523115311827
13114,3.1472,-2.01723913142018
13115,3.14744,-2.17841346071242
13116,3.14768,-1.97091085750264
13117,3.14792,-2.00600072221243
13118,3.14816,-1.92713570433913
13119,3.1484,-2.44000310553604
13120,3.14864,-1.75750067348767
13121,3.14888,-2.15747925481681
13122,3.14912,-1.94920530835258
13123,3.14936,-1.86981040542603
13124,3.1496,-2.5089888761954
13125,3.14984,-1.58083743971292
13126,3.15008,-2.34590059110449
13127,3.15032,-1.77738675212785
13128,3.15056,-2.05675626408454
13129,3.1508,-1.97888066549194
13130,3.15104,-2.01204801512699
13131,3.15128,-2.17407545409612
13132,3.15152,-1.9682418292108
13133,3.15176,-2.12176372738681
13134,3.152,-1.92215542655023
13135,3.15224,-2.31821014748856
13136,3.15248,-1.86692772639464
13137,3.15272,-2.1503603433958
13138,3.15296,-2.06110604067903
13139,3.1532,-2.09817503049341
13140,3.15344,-1.77981313627137
13141,3.15368,-2.29410266453437
13142,3.15392,-1.84872532877469
13143,3.15416,-2.12908713090568
13144,3.1544,-2.04082522302645
13145,3.15464,-1.59865124373661
13146,3.15488,-2.24116002084443
13147,3.15512,-1.91187529454311
13148,3.15536,-2.06929124258094
13149,3.1556,-1.8677764209558
13150,3.15584,-2.13914306237786
13151,3.15608,-1.81651942786487
13152,3.15632,-2.57120849794676
13153,3.15656,-1.76268401463684
13154,3.1568,-2.04429196489955
13155,3.15704,-2.07270831838729
13156,3.15728,-1.75129005121087
13157,3.15752,-2.26920475325092
13158,3.15776,-1.94059477183436
13159,3.158,-2.10035449110861
13160,3.15824,-2.25188875213949
13161,3.15848,-1.68609947625893
13162,3.15872,-2.20861865040381
13163,3.15896,-1.87745451348991
13164,3.1592,-2.03741368900855
13165,3.15944,-2.0740816687535
13166,3.15968,-2.34536651376886
13167,3.15992,-1.78602747718875
13168,3.16016,-2.42281520509226
13169,3.1604,-1.61308088440947
13170,3.16064,-2.37725184910633
13171,3.16088,-2.04493270444774
13172,3.16112,-1.84343754565845
13173,3.16136,-2.00151038842751
13174,3.1616,-2.15359120552686
13175,3.16184,-1.95047219635299
13176,3.16208,-2.10695877134714
13177,3.16232,-2.3769523605685
13178,3.16256,-1.8150783314966
13179,3.1628,-2.32827671043701
13180,3.16304,-1.7593866456685
13181,3.16328,-2.28156427951192
13182,3.16352,-1.94961094137757
13183,3.16376,-1.98681056035649
13184,3.164,-2.14314561048342
13185,3.16424,-2.05302255649838
13186,3.16448,-1.85218365894784
13187,3.16472,-2.48152134172756
13188,3.16496,-1.79800758503319
13189,3.1652,-2.31425083862886
13190,3.16544,-2.10561928443238
13191,3.16568,-1.66596965635321
13192,3.16592,-2.54053261659926
13193,3.16616,-1.61180162492027
13194,3.1664,-2.49308259467004
13195,3.16664,-1.91895042497233
13196,3.16688,-1.95591214389325
13197,3.16712,-1.99299369481193
13198,3.16736,-2.14399954721176
13199,3.1676,-1.94155786171013
13200,3.16784,-2.45517680643275
13201,3.16808,-1.76470604192533
13202,3.16832,-2.40541982478579
13203,3.16856,-1.95198057811304
13204,3.1688,-2.23075324108111
13205,3.16904,-1.90610152562797
13206,3.16928,-2.297149012388
13207,3.16952,-2.21669256141975
13208,3.16976,-2.00987734038578
13209,3.17,-2.16375667787346
13210,3.17024,-1.8433610341081
13211,3.17048,-2.5927738469525
13212,3.17072,-1.90427797253742
13213,3.17096,-1.94467157488374
13214,3.1712,-2.338484273664
13215,3.17144,-1.7726335990496
13216,3.17168,-2.53301823261461
13217,3.17192,-1.9587256206177
13218,3.17216,-2.23738017926223
13219,3.1724,-2.03155190014158
13220,3.17264,-2.29923366224848
13221,3.17288,-1.85544439988358
13222,3.17312,-2.61184846958565
13223,3.17336,-1.91960372436658
13224,3.1736,-2.08015989242759
13225,3.17384,-2.23070415214798
13226,3.17408,-1.90366282358277
13227,3.17432,-2.30244922195812
13228,3.17456,-2.08954767254844
13229,3.1748,-2.12557150451873
13230,3.17504,-2.40061177981997
13231,3.17528,-1.82921361847902
13232,3.17552,-2.3498405858134
13233,3.17576,-2.01683330891514
13234,3.176,-1.93187757258105
13235,3.17624,-2.33171669500637
13236,3.17648,-2.11587455435849
13237,3.17672,-2.15170133043932
13238,3.17696,-1.83085426607264
13239,3.1772,-2.22030432607342
13240,3.17744,-2.0193812002694
13241,3.17768,-2.17276263023918
13242,3.17792,-2.32123288454377
13243,3.17816,-1.99829145392501
13244,3.1784,-2.5116852666512
13245,3.17864,-1.81927051860142
13246,3.17888,-2.09947660995047
13247,3.17912,-2.1265542927321
13248,3.17936,-1.80386244422313
13249,3.1796,-2.32055970770429
13250,3.17984,-2.10668823468729
13251,3.18008,-1.78271380377191
13252,3.18032,-2.65897237245737
13253,3.18056,-1.72361288720219
13254,3.1808,-2.36543016966945
13255,3.18104,-2.03460574563399
13256,3.18128,-2.18751624148058
13257,3.18152,-1.8670762187582
13258,3.18176,-2.49660150536666
13259,3.182,-1.57228787683638
13260,3.18224,-2.45083822799805
13261,3.18248,-2.11596581046064
13262,3.18272,-2.27325524217204
13263,3.18296,-2.06551646977662
13264,3.1832,-2.3331063789466
13265,3.18344,-1.77373733685062
13266,3.18368,-2.52418279585456
13267,3.18392,-1.83496498877073
13268,3.18416,-2.47254303469525
13269,3.1844,-2.01609404476899
13270,3.18464,-1.93201789524474
13271,3.18488,-2.44818775386397
13272,3.18512,-1.99153608267833
13273,3.18536,-2.15217207235396
13274,3.1856,-2.18163255590553
13275,3.18584,-2.33142841817357
13276,3.18608,-1.88816617390131
13277,3.18632,-2.51873291227919
13278,3.18656,-1.59193056096443
13279,3.1868,-2.59185350953332
13280,3.18704,-2.01573458253971
13281,3.18728,-2.2926438205051
13282,3.18752,-2.08514493474875
13283,3.18776,-2.35253177416165
13284,3.188,-1.7890651937063
13285,3.18824,-2.53905733701086
13286,3.18848,-1.84940723166272
13287,3.18872,-2.48657209082952
13288,3.18896,-2.02972855387546
13289,3.1892,-1.94527655972728
13290,3.18944,-2.46108708698813
13291,3.18968,-2.00627333786709
13292,3.18992,-2.04620260928729
13293,3.19016,-2.55503004630933
13294,3.1904,-1.98460767010663
13295,3.19064,-2.02246103874835
13296,3.19088,-2.53278110322936
13297,3.19112,-1.7232603694108
13298,3.19136,-2.36471805715897
13299,3.1916,-2.26888845263738
13300,3.19184,-1.9423814917071
13301,3.19208,-2.58002773283628
13302,3.19232,-2.00162894166405
13303,3.19256,-2.0379783161961
13304,3.1928,-2.43097087039132
13305,3.19304,-2.21642219066296
13306,3.19328,-2.13321840525848
13307,3.19352,-2.39876619418426
13308,3.19376,-2.06932422132336
13309,3.194,-1.98469091958266
13310,3.19424,-2.37353107985583
13311,3.19448,-1.9275548786729
13312,3.19472,-2.68186413959472
13313,3.19496,-1.7449050513211
13314,3.1952,-2.26621852643138
13315,3.19544,-2.41408561786788
13316,3.19568,-2.08058834024871
13317,3.19592,-2.47971082700532
13318,3.19616,-2.14554261160018
13319,3.1964,-2.05597573256088
13320,3.19664,-2.33463138558847
13321,3.19688,-2.35886961724365
13322,3.19712,-2.26921591411477
13323,3.19736,-1.94640413206799
13324,3.1976,-2.45383342693714
13325,3.19784,-1.88468034405591
13326,3.19808,-2.40047503447901
13327,3.19832,-2.06242311068444
13328,3.19856,-2.3413072004419
13329,3.1988,-2.13222731430801
13330,3.19904,-2.39810600170678
13331,3.19928,-1.95390671323608
13332,3.19952,-2.46370580540651
13333,3.19976,-1.89070826079219
13334,3.2,-2.40895291011327
13335,3.20024,-2.3116074238785
13336,3.20048,-1.98364859398554
13337,3.20072,-2.38112779995723
13338,3.20096,-2.04186108628996
13339,3.2012,-2.1967075810915
13340,3.20144,-1.99011127345874
13341,3.20168,-2.61436747230514
13342,3.20192,-1.80878187785332
13343,3.20216,-2.68106180713252
13344,3.2024,-1.98198650189709
13345,3.20264,-2.38048216971804
13346,3.20288,-2.28668746631229
13347,3.20312,-2.0780215325859
13348,3.20336,-2.47325182782617
13349,3.2036,-2.13447030520161
13350,3.20384,-2.17257747357519
13351,3.20408,-2.20203703728529
13352,3.20432,-2.46510933679938
13353,3.20456,-2.02259043199467
13354,3.2048,-2.52964886185985
13355,3.20504,-1.95667446379851
13356,3.20528,-2.35113863738074
13357,3.20552,-2.25392291516779
13358,3.20576,-1.80494349049143
13359,3.206,-2.4422430127743
13360,3.20624,-2.10448952419117
13361,3.20648,-2.26210879317499
13362,3.20672,-2.40807172554039
13363,3.20696,-2.07752719386678
13364,3.2072,-2.23153262889997
13365,3.20744,-2.37669117696079
13366,3.20768,-1.93121675085804
13367,3.20792,-2.80235271235217
13368,3.20816,-1.86426460114867
13369,3.2084,-2.50390997767182
13370,3.20864,-2.2882223485294
13371,3.20888,-2.31639522513404
13372,3.20912,-1.99209864041978
13373,3.20936,-2.61664134618592
13374,3.2096,-1.80741321149948
13375,3.20984,-2.68054667689692
13376,3.21008,-1.86331318967145
13377,3.21032,-2.62072888620639
13378,3.21056,-2.04316888823313
13379,3.2108,-2.19670517730252
13380,3.21104,-2.10953709772219
13381,3.21128,-2.61273369443401
13382,3.21152,-1.80635853437675
13383,3.21176,-2.67962358295597
13384,3.212,-1.98107907998861
13385,3.21224,-2.38008713107077
13386,3.21248,-2.28545670332656
13387,3.21272,-2.19236646945866
13388,3.21296,-2.11204333879812
13389,3.2132,-2.61562917393208
13390,3.21344,-2.04193837183251
13391,3.21368,-2.31677789915671
13392,3.21392,-2.45940173184107
13393,3.21416,-1.77096640151504
13394,3.2144,-2.64546488198028
13395,3.21464,-2.18601065346044
13396,3.21488,-1.98010142154238
13397,3.21512,-2.61195195195972
13398,3.21536,-2.15180649915233
13399,3.2156,-2.30954094264318
13400,3.21584,-2.33360289990412
13401,3.21608,-2.35971348083894
13402,3.21632,-2.03387522780849
13403,3.21656,-2.53840800903612
13404,3.2168,-1.84665198377941
13405,3.21704,-2.72146184973721
13406,3.21728,-1.90278664579794
13407,3.21752,-2.42181810291979
13408,3.21776,-2.21014068455185
13409,3.218,-2.59119410396544
13410,3.21824,-1.90504637288718
13411,3.21848,-2.77042051892023
13412,3.21872,-1.83685291336569
13413,3.21896,-2.47469066942092
13414,3.2192,-2.25644504815465
13415,3.21944,-2.16972505288414
13416,3.21968,-2.32122537330896
13417,3.21992,-2.34151053755322
13418,3.22016,-2.25766342812936
13419,3.2204,-2.40273587216908
13420,3.22064,-2.19074517906643
13421,3.22088,-2.22284142302125
13422,3.22112,-2.60433710709774
13423,3.22136,-1.79315948903156
13424,3.2216,-2.54500433551956
13425,3.22184,-2.32645411377045
13426,3.22208,-2.00107715072374
13427,3.22232,-2.63236433781055
13428,3.22256,-2.05315787607677
13429,3.2228,-2.3318786773298
13430,3.22304,-2.23548213003391
13431,3.22328,-2.26403215441187
13432,3.22352,-2.1802049989044
13433,3.22376,-2.44164447532069
13434,3.224,-2.34968588382368
13435,3.22424,-2.02424676620435
13436,3.22448,-2.6454752434383
13437,3.22472,-1.95426861543161
13438,3.22496,-2.34936917987234
13439,3.2252,-2.49198613429475
13440,3.22544,-2.04191585509874
13441,3.22568,-2.90907832859598
13442,3.22592,-1.84738087106948
13443,3.22616,-2.48511678757893
13444,3.2264,-2.2684857174188
13445,3.22664,-2.29879008526261
13446,3.22688,-2.32995905125585
13447,3.22712,-2.47002110367546
13448,3.22736,-2.26502495907898
13449,3.2276,-2.29158761268222
13450,3.22784,-2.55495107570365
13451,3.22808,-2.11139669798007
13452,3.22832,-2.61571988828698
13453,3.22856,-2.04274376693524
13454,3.2288,-2.31826941582911
13455,3.22904,-2.46155364994302
13456,3.22928,-2.13107083674832
13457,3.22952,-2.64115204492677
13458,3.22976,-2.17694336344873
13459,3.23,-2.45280935409841
13460,3.23024,-2.35757819489355
13461,3.23048,-2.49836736930654
13462,3.23072,-1.93407133062169
13463,3.23096,-2.67979993465929
13464,3.2312,-1.98433644422264
13465,3.23144,-2.37884974226198
13466,3.23168,-2.40063466681333
13467,3.23192,-2.0703085712883
13468,3.23216,-2.58272842038171
13469,3.2324,-2.238382703367
13470,3.23264,-2.51387973538552
13471,3.23288,-2.29716438839215
13472,3.23312,-2.32392083501585
13473,3.23336,-2.36127553246457
13474,3.2336,-2.50199506827186
13475,3.23384,-2.40786803604706
13476,3.23408,-2.20324730916315
13477,3.23432,-2.58401602836875
13478,3.23456,-2.24846157057048
13479,3.2348,-2.28174130633356
13480,3.23504,-2.54454211333256
13481,3.23528,-1.97368724949852
13482,3.23552,-2.84078556055031
13483,3.23576,-2.02000713361271
13484,3.236,-2.29685022609759
13485,3.23624,-2.56165128754068
13486,3.23648,-2.10337875316345
13487,3.23672,-2.38188339956609
13488,3.23696,-2.40249578441076
13489,3.2372,-2.1908663819151
13490,3.23744,-2.22373906787107
13491,3.23768,-2.60598036612229
13492,3.23792,-1.7968348975869
13493,3.23816,-2.54888161941145
13494,3.2384,-2.32612479259792
13495,3.23864,-2.1174576588754
13496,3.23888,-2.62857604337171
13497,3.23912,-2.28255515987444
13498,3.23936,-2.43793862476896
13499,3.2396,-2.22485150997819
13500,3.23984,-2.36486086741165
13501,3.24008,-2.51840710002885
13502,3.24032,-2.53671792552913
13503,3.24056,-2.2017486327779
13504,3.2408,-2.11533332229862
13505,3.24104,-2.73642726480717
13506,3.24128,-1.80365670129463
13507,3.24152,-2.67453306865308
13508,3.24176,-1.97411639422574
13509,3.242,-2.48985553498752
13510,3.24224,-2.51038169496092
13511,3.24248,-2.17577615824213
13512,3.24272,-2.32894312533581
13513,3.24296,-2.58612814302057
13514,3.2432,-2.1371743726014
13515,3.24344,-2.40795614541019
13516,3.24368,-2.54716453561502
13517,3.24392,-2.09599426119787
13518,3.24416,-2.8453318261068
13519,3.2444,-2.02257720000338
13520,3.24464,-2.29753876025214
13521,3.24488,-2.80109329324963
13522,3.24512,-1.86090979033449
13523,3.24536,-2.6179103775181
13524,3.2456,-2.39508075889808
13525,3.24584,-2.42035588731772
13526,3.24608,-2.33296548858719
13527,3.24632,-2.35176572689429
13528,3.24656,-2.38461204358692
13529,3.2468,-2.17417929189982
13530,3.24704,-2.79257888881269
13531,3.24728,-1.98315724963793
13532,3.24752,-2.85085887795856
13533,3.24776,-2.14655148931395
13534,3.248,-2.30038169387365
13535,3.24824,-2.56559361377041
13536,3.24848,-2.10423801840483
13537,3.24872,-2.38195943854846
13538,3.24896,-2.52296464462293
13539,3.2492,-2.30708189635188
13540,3.24944,-2.21517876212071
13541,3.24968,-2.71427856628868
13542,3.24992,-2.14673548488845
13543,3.25016,-2.77036540301041
13544,3.2504,-2.19083616140064
13545,3.25064,-2.46399064570588
13546,3.25088,-2.48473556741102
13547,3.25112,-2.15165739351677
13548,3.25136,-2.89890130929382
13549,3.2516,-2.0741254834799
13550,3.25184,-2.46965579604904
13551,3.25208,-2.61177972985857
13552,3.25232,-2.14945990797651
13553,3.25256,-2.42669327646524
13554,3.2528,-2.446090382559
13555,3.25304,-2.46861774484682
13556,3.25328,-2.14151061337076
13557,3.25352,-2.64089852667472
13558,3.25376,-2.07108412054888
13559,3.254,-2.45940036148095
13560,3.25424,-2.59861354007663
13561,3.25448,-2.15090819871788
13562,3.25472,-3.01468650542042
13563,3.25496,-1.94975333151099
13564,3.2552,-2.58616055003859
13565,3.25544,-2.48629943954808
13566,3.25568,-2.50632774099214
13567,3.25592,-2.18036622750869
13568,3.25616,-2.68298583509348
13569,3.2564,-2.10402775760636
13570,3.25664,-2.37773224723081
13571,3.25688,-2.75805447299761
13572,3.25712,-1.70350976624367
13573,3.25736,-2.57639794593687
13574,3.2576,-2.47184172908372
13575,3.25784,-2.01584169350419
13576,3.25808,-2.76974616938287
13577,3.25832,-2.30295611371556
13578,3.25856,-2.33196757191502
13579,3.2588,-2.24289230780786
13580,3.25904,-2.85968858100834
13581,3.25928,-1.8064749658935
13582,3.25952,-2.67848439709612
13583,3.25976,-2.57570796683609
13584,3.26,-2.12359939603031
13585,3.26024,-2.98881238876857
13586,3.26048,-2.04419710948584
13587,3.26072,-2.55951333095796
13588,3.26096,-2.45976343681091
13589,3.2612,-2.35874504854335
13590,3.26144,-2.27344538483215
13591,3.26168,-2.65243511652223
13592,3.26192,-2.31517690655065
13593,3.26216,-2.22742672449472
13594,3.2624,-2.60497464461654
13595,3.26264,-2.15697095274524
13596,3.26288,-2.54196132695366
13597,3.26312,-2.44181483181749
13598,3.26336,-1.99439660447322
13599,3.2636,-2.97782761513841
13600,3.26384,-2.15240575718234
13601,3.26408,-2.54727531180916
13602,3.26432,-2.44822357306672
13603,3.26456,-2.5849355262662
13604,3.2648,-2.13745275762715
13605,3.26504,-2.64235501605873
13606,3.26528,-2.54056565110347
13607,3.26552,-2.09326817069722
13608,3.26576,-3.1962349812599
13609,3.266,-1.89425616003258
13610,3.26624,-2.76537431172875
13611,3.26648,-2.4185620257536
13612,3.26672,-2.20716499043833
13613,3.26696,-2.71567380816265
13614,3.2672,-2.3671604153928
13615,3.26744,-2.5201641545994
13616,3.26768,-2.42373976960975
13617,3.26792,-2.68016000949734
13618,3.26816,-1.9916156565751
13619,3.2684,-2.73481601788514
13620,3.26864,-2.15416641303717
13621,3.26888,-2.18833118640608
13622,3.26912,-2.92953636044686
13623,3.26936,-1.99183573917876
13624,3.2696,-2.38473092254522
13625,3.26984,-2.64291278444968
13626,3.27008,-1.82578572733557
13627,3.27032,-2.70180031692306
13628,3.27056,-2.4764683676078
13629,3.2708,-2.49935538009911
13630,3.27104,-2.17131079698939
13631,3.27128,-3.02797866392139
13632,3.27152,-1.9693373302315
13633,3.27176,-2.72370059662919
13634,3.272,-2.6190705632431
13635,3.27224,-2.28286279452055
13636,3.27248,-2.67111703502309
13637,3.27272,-2.08643632120741
13638,3.27296,-2.48240312514338
13639,3.2732,-2.62494426220866
13640,3.27344,-2.27893484107412
13641,3.27368,-2.6730833762954
13642,3.27392,-2.57028905599798
13643,3.27416,-2.58881746405408
13644,3.2744,-2.14112020496902
13645,3.27464,-3.11909252889018
13646,3.27488,-2.05663762460496
13647,3.27512,-2.57118641701048
13648,3.27536,-2.58839359885893
13649,3.2756,-2.25367801442159
13650,3.27584,-2.64335739490415
13651,3.27608,-2.17723929572194
13652,3.27632,-2.45089390309764
13653,3.27656,-2.59495724435537
13654,3.2768,-2.36717219566363
13655,3.27704,-2.40077703227923
13656,3.27728,-2.66164278919068
13657,3.27752,-2.55694498522043
13658,3.27776,-2.10776444627596
13659,3.278,-3.08995534992403
13660,3.27824,-2.02281529240485
13661,3.27848,-2.53726246992049
13662,3.27872,-2.91471298499956
13663,3.27896,-1.85435655374522
13664,3.2792,-2.72647714311158
13665,3.27944,-2.50138059024871
13666,3.27968,-2.17065138914556
13667,3.27992,-2.92011763909065
13668,3.28016,-2.21384956684098
13669,3.2804,-2.36624175798634
13670,3.28064,-2.63007677336904
13671,3.28088,-2.5225553136394
13672,3.28112,-2.31212860672356
13673,3.28136,-2.57704338115635
13674,3.2816,-2.59080535018288
13675,3.28184,-1.89631632525127
13676,3.28208,-2.88789726648512
13677,3.28232,-2.41706732338461
13678,3.28256,-2.44221426453841
13679,3.2828,-2.34943969343678
13680,3.28304,-2.96269572596485
13681,3.28328,-2.14708749136945
13682,3.28352,-2.41578086449282
13683,3.28376,-2.79092261650813
13684,3.284,-2.09872580597593
13685,3.28424,-3.08157610768465
13686,3.28448,-2.01813315396606
13687,3.28472,-2.53172223337289
13688,3.28496,-2.66871387771674
13689,3.2852,-2.32918599986305
13690,3.28544,-2.36304289486999
13691,3.28568,-2.9788955396289
13692,3.28592,-2.27645409073828
13693,3.28616,-2.54752275695654
13694,3.2864,-2.80373537674586
13695,3.28664,-2.21916670472461
13696,3.28688,-2.61171224769049
13697,3.28712,-2.504790140367
13698,3.28736,-2.52633244238049
13699,3.2876,-2.55517234597508
13700,3.28784,-2.44812803036402
13701,3.28808,-2.48001831976623
13702,3.28832,-2.50002486904687
13703,3.28856,-2.63598915149979
13704,3.2888,-2.30891650998866
13705,3.28904,-2.92726043254944
13706,3.28928,-2.34616505718379
13707,3.28952,-2.37770838089689
13708,3.28976,-2.87587994606188
13709,3.29,-1.93405895989301
13710,3.29024,-2.80802275648943
13711,3.29048,-2.5802620707291
13712,3.29072,-2.59866533419671
13713,3.29096,-2.50859696619778
13714,3.2912,-2.39978038994543
13715,3.29144,-2.54590435858919
13716,3.29168,-2.44942730671306
13717,3.29192,-2.70364732703699
13718,3.29216,-2.25614332350769
13719,3.2924,-2.75447233977187
13720,3.29264,-2.53312659161246
13721,3.29288,-2.20460278471952
13722,3.29312,-3.06342890777831
13723,3.29336,-2.00075341093785
13724,3.2936,-2.75431573662234
13725,3.29384,-2.52775538052235
13726,3.29408,-2.30980958659844
13727,3.29432,-2.46081990246901
13728,3.29456,-2.95298226169454
13729,3.2948,-2.25163491866837
13730,3.29504,-2.51978822709516
13731,3.29528,-2.89220106712973
13732,3.29552,-1.83098488818787
13733,3.29576,-2.82078171360236
13734,3.296,-2.71129851246176
13735,3.29624,-1.89765474092817
13736,3.29648,-3.24146920745076
13737,3.29672,-2.05439232498896
13738,3.29696,-2.68855245411867
13739,3.2972,-2.82319622877498
13740,3.29744,-2.12104538916327
13741,3.29768,-2.63466971813675
13742,3.29792,-2.64660971997608
13743,3.29816,-2.42977237866249
13744,3.2984,-2.3382332781274
13745,3.29864,-2.95225144189123
13746,3.29888,-1.89464927725782
13747,3.29912,-2.88444481992325
13748,3.29936,-2.5330563020427
13749,3.2996,-2.31510739221151
13750,3.29984,-2.82257199631685
13751,3.30008,-2.34972375115038
13752,3.30032,-2.61826019018114
13753,3.30056,-2.51903177766249
13754,3.3008,-2.65471680049557
13755,3.30104,-2.56618358024041
13756,3.30128,-2.45924114636601
13757,3.30152,-2.48166112810861
13758,3.30176,-2.51133517019824
13759,3.302,-2.52185449886306
13760,3.30224,-2.55030849180151
13761,3.30248,-2.45414810471455
13762,3.30272,-2.82584188409646
13763,3.30296,-2.25500783152508
13764,3.3032,-2.87634765771424
13765,3.30344,-2.52729593262808
13766,3.30368,-2.19606590404691
13767,3.30392,-3.17512343752268
13768,3.30416,-2.22702543467743
13769,3.3044,-2.7389613147217
13770,3.30464,-2.87000609405958
13771,3.30488,-2.05025315156597
13772,3.30512,-3.04268084255462
13773,3.30536,-2.33261054084828
13774,3.3056,-2.48404910914382
13775,3.30584,-2.86764270352619
13776,3.30608,-2.15914443100892
13777,3.30632,-2.67328823027854
13778,3.30656,-2.57194795152079
13779,3.3068,-2.467687778163
13780,3.30704,-2.37971104223517
13781,3.30728,-2.99579503753236
13782,3.30752,-2.4090520585724
13783,3.30776,-2.43780908491322
13784,3.308,-3.05402183480751
13785,3.30824,-1.98676167635845
13786,3.30848,-2.73810405246349
13787,3.30872,-2.74779013315463
13788,3.30896,-2.04683831436579
13789,3.3092,-3.03610770338105
13790,3.30944,-2.44240599779927
13791,3.30968,-2.22887236494556
13792,3.30992,-2.85425312549014
13793,3.31016,-2.38313709202064
13794,3.3104,-2.65632152815003
13795,3.31064,-2.79382842949939
13796,3.31088,-2.44868878943376
13797,3.31112,-2.6013793329378
13798,3.31136,-2.4933575365626
13799,3.3116,-2.51474134744242
13800,3.31184,-2.30376153755701
13801,3.31208,-2.79567776738515
13802,3.31232,-2.34074647723181
13803,3.31256,-2.60580495156961
13804,3.3128,-2.85716169623185
13805,3.31304,-2.04356567911716
13806,3.31328,-2.90635089871256
13807,3.31352,-2.55643504948212
13808,3.31376,-2.22611697053692
13809,3.314,-3.20431410539591
13810,3.31424,-2.25539277704769
13811,3.31448,-2.52773335055484
13812,3.31472,-3.1407467619245
13813,3.31496,-1.9566967925696
13814,3.3152,-2.82945608061112
13815,3.31544,-2.59972150558674
13816,3.31568,-2.26631359868915
13817,3.31592,-3.01321629347348
13818,3.31616,-2.30316834995494
13819,3.3164,-2.5753190448612
13820,3.31664,-2.71704684955589
13821,3.31688,-2.36896959814195
13822,3.31712,-2.52236426755568
13823,3.31736,-2.77972732709991
13824,3.3176,-2.55187959062542
13825,3.31784,-2.22234511023177
13826,3.31808,-3.2013373806895
13827,3.31832,-2.25009875482423
13828,3.31856,-2.63963354305625
13829,3.3188,-2.89326220581045
13830,3.31904,-2.30622770087439
13831,3.31928,-2.93650804244499
13832,3.31952,-2.58460847819483
13833,3.31976,-2.60411415247076
13834,3.32,-2.63100601774151
13835,3.32024,-2.87853242241598
13836,3.32048,-2.1815462234579
13837,3.32072,-2.80640506788187
13838,3.32096,-2.69472504421816
13839,3.3212,-2.00229693138448
13840,3.32144,-3.34265437209312
13841,3.32168,-2.15358483124486
13842,3.32192,-2.54572430850952
13843,3.32216,-2.79878222192803
13844,3.3224,-2.09879651134419
13845,3.32264,-2.96874455551147
13846,3.32288,-2.49576314492231
13847,3.32312,-2.4024963409997
13848,3.32336,-2.66664167690927
13849,3.3236,-2.55501958138272
13850,3.32384,-2.70498428491073
13851,3.32408,-2.60303001087184
13852,3.32432,-2.8546052840046
13853,3.32456,-2.4037154847712
13854,3.3248,-3.01951951979185
13855,3.32504,-2.55322661045042
13856,3.32528,-2.34160618783069
13857,3.32552,-3.19327324687661
13858,3.32576,-2.25101653096097
13859,3.326,-2.51706850927929
13860,3.32624,-3.00600321842727
13861,3.32648,-2.06843260496213
13862,3.32672,-3.0531633873704
13863,3.32696,-2.46084780556335
13864,3.3272,-2.25030910706034
13865,3.32744,-3.10863938581568
13866,3.32768,-2.04200516230212
13867,3.32792,-2.79483149863192
13868,3.32816,-2.80417278073567
13869,3.3284,-2.10420791302569
13870,3.32864,-2.97417736177025
13871,3.32888,-2.50121716090516
13872,3.32912,-2.40797180944926
13873,3.32936,-2.91179786066769
13874,3.3296,-2.31917096572803
13875,3.32984,-2.70971571834608
13876,3.33008,-2.84617272765275
13877,3.33032,-2.37714540115113
13878,3.33056,-2.88805467021616
13879,3.3308,-2.65858570996509
13880,3.33104,-2.43570060541614
13881,3.33128,-2.70265177904594
13882,3.33152,-2.82903994228287
13883,3.33176,-2.49509268307164
13884,3.332,-2.63444790412984
13885,3.33224,-2.88240319653756
13886,3.33248,-2.43198816840948
13887,3.33272,-2.80636806289108
13888,3.33296,-2.69828825697637
13889,3.3332,-2.36830675826513
13890,3.33344,-2.85919345175097
13891,3.33368,-2.39675980745582
13892,3.33392,-2.30604808435765
13893,3.33416,-3.15439518054191
13894,3.3344,-1.97321509313942
13895,3.33464,-2.72320225944782
13896,3.33488,-2.8523241281372
13897,3.33512,-2.15450232661314
13898,3.33536,-3.02300820150011
13899,3.3356,-2.30991626300359
13900,3.33584,-2.70071369569503
13901,3.33608,-2.59946791625829
13902,3.33632,-2.60945718761643
13903,3.33656,-2.3993932565214
13904,3.3368,-2.89344059504107
13905,3.33704,-2.66799701393326
13906,3.33728,-2.3359672049263
13907,3.33752,-3.06635591181436
13908,3.33776,-2.24735657709823
13909,3.338,-2.74937141871549
13910,3.33824,-2.87750313424505
13911,3.33848,-2.30247750308709
13912,3.33872,-3.27841511889579
13913,3.33896,-2.32733907697037
13914,3.3392,-2.59762105382785
13915,3.33944,-3.08841112777176
13916,3.33968,-2.0205881797283
13917,3.33992,-2.8916447891679
13918,3.34016,-2.77706068717403
13919,3.3404,-2.0762011516347
13920,3.34064,-3.18453237794421
13921,3.34088,-2.4681042958379
13922,3.34112,-2.37422035069752
13923,3.34136,-3.11402700812072
13924,3.3416,-2.27958224669747
13925,3.34184,-2.67196348866834
13926,3.34208,-2.80751345074398
13927,3.34232,-2.81613673659853
13928,3.34256,-2.36595669205595
13929,3.3428,-2.9806664219069
13930,3.34304,-2.51335685070066
13931,3.34328,-2.42322400475264
13932,3.34352,-3.27383597038752
13933,3.34376,-2.08524570648241
13934,3.344,-2.83865287608493
13935,3.34424,-2.7278028822019
13936,3.34448,-2.62450539028651
13937,3.34472,-2.5339247809011
13938,3.34496,-2.78322264406203
13939,3.3452,-2.32459173643356
13940,3.34544,-2.59134289650425
13941,3.34568,-3.07874369622055
13942,3.34592,-2.02161011835267
13943,3.34616,-3.00793349165166
13944,3.3464,-2.65456083448411
13945,3.34664,-2.20114196328558
13946,3.34688,-3.18053424148005
13947,3.34712,-2.46938107996451
13948,3.34736,-2.49722407222655
13949,3.3476,-3.23150762796879
13950,3.34784,-2.0449479056662
13951,3.34808,-3.03206951975631
13952,3.34832,-2.67727282351429
13953,3.34856,-2.5811622507915
13954,3.3488,-2.83864135703609
13955,3.34904,-2.60343335422163
13956,3.34928,-2.63209653494995
13957,3.34952,-2.87820192010363
13958,3.34976,-2.53546647540939
13959,3.35,-2.79974772057299
13960,3.35024,-2.92272343631652
13961,3.35048,-2.58550989123756
13962,3.35072,-2.72519077574455
13963,3.35096,-2.97001081477319
13964,3.3512,-2.51659541410319
13965,3.35144,-2.89156755074444
13966,3.35168,-2.78059738571475
13967,3.35192,-2.44784969620676
13968,3.35216,-3.17574856498935
13969,3.3524,-2.34739289956106
13970,3.35264,-2.49581299949794
13971,3.35288,-3.22427725018199
13972,3.35312,-2.03825553885736
13973,3.35336,-3.14834969997287
13974,3.3536,-2.66975551391241
13975,3.35384,-2.56939205486996
13976,3.35408,-2.59752468829663
13977,3.35432,-2.96213956806565
13978,3.35456,-2.14317385899442
13979,3.3548,-2.88750391502687
13980,3.35504,-2.8909750447775
13981,3.35528,-2.19234136327459
13982,3.35552,-3.06007091763316
13983,3.35576,-2.46168791584692
13984,3.356,-2.6088459728536
13985,3.35624,-2.7477489889602
13986,3.35648,-2.99181924491675
13987,3.35672,-2.05790668695831
13988,3.35696,-3.16030583322987
13989,3.3572,-2.564638628618
13990,3.35744,-2.47291793546168
13991,3.35768,-3.20912368155089
13992,3.35792,-2.4928268586355
13993,3.35816,-2.5245215213639
13994,3.3584,-2.89943865423396
13995,3.35864,-2.78841296806831
13996,3.35888,-2.21725215898244
13997,3.35912,-3.42871804247747
13998,3.35936,-2.23666873732833
13999,3.3596,-2.74928616624337
14000,3.35984,-3.00031961659612
14001,3.36008,-2.5315621542987
14002,3.36032,-2.6827660938972
14003,3.36056,-2.92713296415718
14004,3.3608,-2.46290082928443
14005,3.36104,-2.49248212281204
14006,3.36128,-3.22143833931076
14007,3.36152,-2.03588793143582
14008,3.36176,-3.14643233801436
14009,3.362,-2.66826891774935
14010,3.36224,-2.56831878428185
14011,3.36248,-2.5968464738055
14012,3.36272,-2.96183981920365
14013,3.36296,-2.14323763249958
14014,3.3632,-2.88791525002935
14015,3.36344,-2.89172027512611
14016,3.36368,-2.19340776742375
14017,3.36392,-3.06144455165094
14018,3.36416,-2.46335716083057
14019,3.3644,-2.61079997573504
14020,3.36464,-2.74997539971284
14021,3.36488,-2.99430906813568
14022,3.36512,-2.06065019722174
14023,3.36536,-3.28311820552646
14024,3.3656,-2.68243054845269
14025,3.36584,-2.2264508100803
14026,3.36608,-3.32626301051604
14027,3.36632,-2.36948859462803
14028,3.36656,-2.64091771453999
14029,3.3668,-3.01680284163542
14030,3.36704,-2.42255677034182
14031,3.36728,-2.81455694692797
14032,3.36752,-2.82081312388678
14033,3.36776,-2.71316910289432
14034,3.368,-2.26331093524842
14035,3.36824,-3.35332956380025
14036,3.36848,-2.40595197738946
14037,3.36872,-2.67056436974652
14038,3.36896,-3.15466001943425
14039,3.3692,-1.97234544731753
14040,3.36944,-3.20189064163739
14041,3.36968,-2.72340106479305
14042,3.36992,-2.38695194312626
14043,3.37016,-3.12743319064715
14044,3.3704,-2.40823789713708
14045,3.37064,-2.67773499812976
14046,3.37088,-2.81425917011828
14047,3.37112,-2.698740994556
14048,3.37136,-2.60830466117218
14049,3.3716,-3.09605896509919
14050,3.37184,-2.74609801332256
14051,3.37208,-2.29497706524281
14052,3.37232,-3.38378767280261
14053,3.37256,-2.315431877828
14054,3.3728,-2.82164437843448
14055,3.37304,-3.18471304588908
14056,3.37328,-2.00171704156722
14057,3.37352,-3.10726152382259
14058,3.37376,-2.8683975928175
14059,3.374,-2.1715404556299
14060,3.37424,-3.1599096227135
14061,3.37448,-2.6812552586564
14062,3.37472,-2.33943849649821
14063,3.37496,-3.08175648934491
14064,3.3752,-2.48195161953128
14065,3.37544,-2.50701968009895
14066,3.37568,-3.24250250788493
14067,3.37592,-2.28542974781788
14068,3.37616,-2.67330533388236
14069,3.3764,-3.28221318192349
14070,3.37664,-2.32868274433931
14071,3.37688,-3.19618267601074
14072,3.37712,-2.71824731756418
14073,3.37736,-2.3823278832503
14074,3.3776,-3.24576994097764
14075,3.37784,-2.76393847559549
14076,3.37808,-2.54720530405874
14077,3.37832,-2.92764255288091
14078,3.37856,-2.57042375428102
14079,3.3788,-2.72076683925129
14080,3.37904,-2.85486339005979
14081,3.37928,-2.86166365848935
14082,3.37952,-2.650305959891
14083,3.37976,-3.01673206347231
14084,3.38,-2.66924291947803
14085,3.38024,-2.57822063670164
14086,3.38048,-3.30340212822948
14087,3.38072,-2.35870639732996
14088,3.38096,-2.74136169401148
14089,3.3812,-2.98628977526397
14090,3.38144,-2.05366153156812
14091,3.38168,-3.03568933874838
14092,3.38192,-2.91791279932701
14093,3.38216,-2.09898640292784
14094,3.3824,-3.31658401290845
14095,3.38264,-2.47768701725944
14096,3.38288,-2.62696390413921
14097,3.38312,-3.23816528499925
14098,3.38336,-2.40230700773572
14099,3.3836,-3.0337769336051
14100,3.38384,-3.03944574474964
14101,3.38408,-2.45017793238906
14102,3.38432,-2.8350789487522
14103,3.38456,-2.95443222782026
14104,3.3848,-2.73666934347052
14105,3.38504,-2.87032309175926
14106,3.38528,-2.75687979236267
14107,3.38552,-2.30584115040758
14108,3.38576,-3.39518932234389
14109,3.386,-2.08417289338032
14110,3.38624,-3.19363769927001
14111,3.38648,-2.83427313860936
14112,3.38672,-2.25271087726797
14113,3.38696,-3.11561594141712
14114,3.3872,-2.63376947527164
14115,3.38744,-2.78171456051423
14116,3.38768,-2.91351726588698
14117,3.38792,-2.79876195563994
14118,3.38816,-2.5860917215345
14119,3.3884,-3.31125260358064
14120,3.38864,-2.2467123259239
14121,3.38888,-2.87247923112916
14122,3.38912,-3.11548280907365
14123,3.38936,-2.0559988124456
14124,3.3896,-3.27967034127188
14125,3.38984,-2.55943888836871
14126,3.39008,-2.58781143238062
14127,3.39032,-3.07939374392068
14128,3.39056,-2.60455808155598
14129,3.3908,-2.75385323527299
14130,3.39104,-2.87744337161495
14131,3.39128,-2.53736546070714
14132,3.39152,-2.6830313681126
14133,3.39176,-3.40497694418309
14134,3.392,-1.98222243025975
14135,3.39224,-3.20920772321413
14136,3.39248,-2.48948872744547
14137,3.39272,-2.63696741346382
14138,3.39296,-2.77311758828551
14139,3.3932,-2.89735422786206
14140,3.39344,-2.68501114510576
14141,3.39368,-2.93065750856506
14142,3.39392,-2.58748258444638
14143,3.39416,-2.73631677645761
14144,3.3944,-3.34057768325913
14145,3.39464,-2.39397179946264
14146,3.39488,-2.66017783623389
14147,3.39512,-3.38325312052651
14148,3.39536,-2.08141901552726
14149,3.3956,-3.30074108959543
14150,3.39584,-2.57983794952064
14151,3.39608,-2.48510831266051
14152,3.39632,-3.45598156825146
14153,3.39656,-2.14318549393881
14154,3.3968,-3.01129373825584
14155,3.39704,-2.89520054909219
14156,3.39728,-2.07787927973093
14157,3.39752,-3.30091918576649
14158,3.39776,-2.45935511065666
14159,3.398,-2.60484464138993
14160,3.39824,-3.33567488358956
14161,3.39848,-2.38071665090412
14162,3.39872,-3.13051501460563
14163,3.39896,-3.13302425899015
14164,3.3992,-2.18647865506119
14165,3.39944,-3.1747995678254
14166,3.39968,-2.81417289444442
14167,3.39992,-2.47415625494425
14168,3.40016,-2.97108260906262
14169,3.4004,-2.61726473256522
14170,3.40064,-3.00433129810743
14171,3.40088,-2.76358802829502
14172,3.40112,-2.66852643166878
14173,3.40136,-2.80668928518026
14174,3.4016,-2.92979997902804
14175,3.40184,-2.4771401856748
14176,3.40208,-3.20582339531347
14177,3.40232,-2.49938778303706
14178,3.40256,-2.52909932948766
14179,3.4028,-3.49653587307977
14180,3.40304,-2.07023992031016
14181,3.40328,-3.29383889722617
14182,3.40352,-2.57354078966284
14183,3.40376,-2.60185040618345
14184,3.404,-3.33303215719549
14185,3.40424,-2.3784071856412
14186,3.40448,-3.00781470220626
14187,3.40472,-3.00848196027321
14188,3.40496,-2.550401259878
14189,3.4052,-3.04550025825676
14190,3.40544,-2.8097773166083
14191,3.40568,-2.35724249866077
14192,3.40592,-3.44515755107066
14193,3.40616,-2.13277231036037
14194,3.4064,-3.2409265845776
14195,3.40664,-2.63931822199087
14196,3.40688,-2.54160454832172
14197,3.40712,-2.68595594547753
14198,3.40736,-3.16655904514507
14199,3.4076,-2.34744532624802
14200,3.40784,-2.96434079977692
14201,3.40808,-2.84859396031768
14202,3.40832,-2.39448155022185
14203,3.40856,-3.47955220746537
14204,3.4088,-2.05422916675094
14205,3.40904,-3.27875741118476
14206,3.40928,-2.67654973703951
14207,3.40952,-2.58209971883063
14208,3.40976,-3.31437684508457
14209,3.41,-2.36079910602308
14210,3.41024,-3.10754301363521
14211,3.41048,-2.74462310918323
14212,3.41072,-2.77017079774243
14213,3.41096,-2.90341187616308
14214,3.4112,-2.90593773323493
14215,3.41144,-2.57233882447634
14216,3.41168,-3.29638259211338
14217,3.41192,-2.23256231131814
14218,3.41216,-2.97534712571675
14219,3.4124,-2.85619156872216
14220,3.41264,-2.40021529519559
14221,3.41288,-3.49436184700735
14222,3.41312,-2.18054551769621
14223,3.41336,-3.17187545800738
14224,3.4136,-3.17315619672145
14225,3.41384,-2.22543399016193
14226,3.41408,-3.09368652420789
14227,3.41432,-2.73151279910477
14228,3.41456,-2.75777608661388
14229,3.4148,-2.89170233735587
14230,3.41504,-2.89488606955398
14231,3.41528,-2.56191746497717
14232,3.41552,-3.28656555480404
14233,3.41576,-2.34315842317693
14234,3.416,-3.20153790679673
14235,3.41624,-2.72283331359645
14236,3.41648,-2.50940043889369
14237,3.41672,-3.47779931287937
14238,3.41696,-2.16442830936575
14239,3.4172,-3.27164015919755
14240,3.41744,-2.54976094163769
14241,3.41768,-2.81456080906208
14242,3.41792,-3.18363312717329
14243,3.41816,-2.58988408358378
14244,3.4184,-2.85768379303467
14245,3.41864,-3.09593075766002
14246,3.41888,-2.51475871248679
14247,3.41912,-3.01195764427521
14248,3.41936,-2.8945800016281
14249,3.4196,-2.32126920558535
14250,3.41984,-3.53113300139119
14251,3.42008,-2.21598872170012
14252,3.42032,-3.20473801496952
14253,3.42056,-2.60525624555248
14254,3.4208,-2.6294144700737
14255,3.42104,-3.00798863297152
14256,3.42128,-2.76619633329905
14257,3.42152,-2.5567717138321
14258,3.42176,-2.81215158271413
14259,3.422,-3.17067204151854
14260,3.42224,-2.47522123002621
14261,3.42248,-3.56295493291576
14262,3.42272,-2.25043968507783
14263,3.42296,-3.11267186290618
14264,3.4232,-2.8711663037395
14265,3.42344,-2.65462027439461
14266,3.42368,-3.50498899736326
14267,3.42392,-2.42422788727766
14268,3.42416,-3.17310508255871
14269,3.4244,-2.81173095815875
14270,3.42464,-2.7107018216255
14271,3.42488,-3.08454027788411
14272,3.42512,-2.84567334824607
14273,3.42536,-2.75138430186602
14274,3.4256,-3.35311737833974
14275,3.42584,-2.40369440786822
14276,3.42608,-2.90554384104108
14277,3.42632,-3.02569612182337
14278,3.42656,-2.3279991678047
14279,3.4268,-3.53604503674731
14280,3.42704,-2.10153971048627
14281,3.42728,-3.20660114578836
14282,3.42752,-2.84304413196747
14283,3.42776,-2.50284384381241
14284,3.428,-3.23925594241124
14285,3.42824,-2.63909094599255
14286,3.42848,-2.90950882857184
14287,3.42872,-3.15021051731986
14288,3.42896,-2.5631312005617
14289,3.4292,-2.5932359892017
14290,3.42944,-3.43601334806739
14291,3.42968,-2.00597299864992
14292,3.42992,-3.46871629308757
14293,3.43016,-2.74356004125812
14294,3.4304,-2.52325158349398
14295,3.43064,-3.02622663772499
14296,3.43088,-2.90163278762415
14297,3.43112,-2.56117710196699
14298,3.43136,-2.93873460085874
14299,3.4316,-2.82109458068092
14300,3.43184,-2.60397082976801
14301,3.43208,-3.44900034706664
14302,3.43232,-2.37755428814516
14303,3.43256,-3.12441818795856
14304,3.4328,-2.87968334489149
14305,3.43304,-2.66096789241233
14306,3.43328,-2.924457768628
14307,3.43352,-3.04184763709524
14308,3.43376,-2.58343450721287
14309,3.434,-3.07821550329031
14310,3.43424,-2.84219556104724
14311,3.43448,-2.38937890012173
14312,3.43472,-3.59508137836849
14313,3.43496,-2.15833404067471
14314,3.4352,-3.26650419343142
14315,3.43544,-2.78343828288056
14316,3.43568,-2.8048077856761
14317,3.43592,-3.05779396923733
14318,3.43616,-2.93644281007318
14319,3.4364,-2.72322776453553
14320,3.43664,-3.32663390796846
14321,3.43688,-2.49864016254356
14322,3.43712,-2.99723078960552
14323,3.43736,-2.99707121591294
14324,3.4376,-2.30106661654575
14325,3.43784,-3.63056649974025
14326,3.43808,-2.19239695224752
14327,3.43832,-3.06347268229517
14328,3.43856,-2.94361616767772
14329,3.4388,-2.59509482004016
14330,3.43904,-2.85819231478466
14331,3.43928,-3.09549269060486
14332,3.43952,-2.51688168627107
14333,3.43976,-3.12719031938372
14334,3.44,-3.00951763234563
14335,3.44024,-2.55397312693259
14336,3.44048,-3.63507274145317
14337,3.44072,-2.0856992565591
14338,3.44096,-3.54452755150908
14339,3.4412,-2.58124635126838
14340,3.44144,-2.96801128493893
14341,3.44168,-3.21149029411009
14342,3.44192,-2.61833608643059
14343,3.44216,-2.76464261808783
14344,3.4424,-3.36254927609685
14345,3.44264,-2.17586868282686
14346,3.44288,-3.39640546573479
14347,3.44312,-2.55334863046171
14348,3.44336,-2.81983056172874
14349,3.4436,-3.18965274715894
14350,3.44384,-2.71209765324009
14351,3.44408,-2.7429111426532
14352,3.44432,-3.22678728141008
14353,3.44456,-2.5176032553414
14354,3.4448,-2.54815002449771
14355,3.44504,-3.63488338747548
14356,3.44528,-2.19679213152764
14357,3.44552,-3.18427862002486
14358,3.44576,-2.82240365550317
14359,3.446,-2.60276438913573
14360,3.44624,-3.33553689952478
14361,3.44648,-2.61641965786223
14362,3.44672,-3.00530570763958
14363,3.44696,-3.12360059156846
14364,3.4472,-2.41550267407271
14365,3.44744,-2.80220139473618
14366,3.44768,-3.28234988098804
14367,3.44792,-2.09937289555288
14368,3.44816,-3.55787301740616
14369,3.4484,-2.59427639304157
14370,3.44864,-2.98073958548259
14371,3.44888,-3.22392952210559
14372,3.44912,-2.63049979734723
14373,3.44936,-2.77654256818525
14374,3.4496,-3.37419718252353
14375,3.44984,-2.42827642342605
14376,3.45008,-3.28424637089521
14377,3.45032,-2.68341150852174
14378,3.45056,-2.58891755381833
14379,3.4508,-3.55514811679524
14380,3.45104,-2.47633134085986
14381,3.45128,-2.98782038980785
14382,3.45152,-2.9885103023507
14383,3.45176,-2.64248914556272
14384,3.452,-2.55194503460613
14385,3.45224,-3.63661956048377
14386,3.45248,-2.32204047731705
14387,3.45272,-3.07426690509202
14388,3.45296,-2.95447365057779
14389,3.4532,-2.60601477728843
14390,3.45344,-3.11015637454347
14391,3.45368,-2.86513814353385
14392,3.45392,-2.53065816551992
14393,3.45416,-3.26029103229663
14394,3.4544,-3.02190145130969
14395,3.45464,-2.56773695075553
14396,3.45488,-3.41781704782767
14397,3.45512,-2.70114813779683
14398,3.45536,-2.72756648525308
14399,3.4556,-3.56765894423765
14400,3.45584,-2.14030017909664
14401,3.45608,-3.3628760215938
14402,3.45632,-2.87598488850734
14403,3.45656,-2.77643725138562
14404,3.4568,-3.14863746740269
14405,3.45704,-2.90820191885585
14406,3.45728,-2.69258558714445
14407,3.45752,-3.41137537207333
14408,3.45776,-2.34081503005322
14409,3.458,-2.97259768563531
14410,3.45824,-2.97336796123502
14411,3.45848,-2.51624641284331
14412,3.45872,-3.25324387287737
14413,3.45896,-2.65364049510076
14414,3.4592,-3.04136342351278
14415,3.45944,-2.91801950416508
14416,3.45968,-2.68992776958533
14417,3.45992,-2.59845931122094
14418,3.46016,-3.67704404275291
14419,3.4604,-2.2446351255959
14420,3.46064,-3.46935657222444
14421,3.46088,-2.62288097289748
14422,3.46112,-2.76763958677877
14423,3.46136,-3.25543307084569
14424,3.4616,-2.77744521939343
14425,3.46184,-2.44397634496515
14426,3.46208,-3.64832662330562
14427,3.46232,-2.33144640257065
14428,3.46256,-2.72327872326305
14429,3.4628,-3.57080800065625
14430,3.46304,-2.48868427949306
14431,3.46328,-2.88159549022945
14432,3.46352,-3.12484348615183
14433,3.46376,-2.66003239191074
14434,3.464,-2.80008111786201
14435,3.46424,-3.16073828084357
14436,3.46448,-2.70479488457862
14437,3.46472,-3.42945137522201
14438,3.46496,-2.71568427032773
14439,3.4652,-2.86517778505743
14440,3.46544,-3.46741299789209
14441,3.46568,-2.50885924750019
14442,3.46592,-3.01859214888168
14443,3.46616,-3.38194535191522
14444,3.4664,-2.6646411857494
14445,3.46664,-2.9310091800103
14446,3.46688,-3.40754858933834
14447,3.46712,-2.33750961412276
14448,3.46736,-2.96013443839057
14449,3.4676,-3.0794846825123
14450,3.46784,-2.50259739857248
14451,3.46808,-3.47323092128193
14452,3.46832,-2.39511423846979
14453,3.46856,-3.26151644054029
14454,3.4688,-2.89801150202822
14455,3.46904,-2.55525286824223
14456,3.46928,-2.93754609665912
14457,3.46952,-3.17866802579838
14458,3.46976,-2.4842445449657
14459,3.47,-3.45179807877569
14460,3.47024,-2.85315462568357
14461,3.47048,-2.75675451763502
14462,3.47072,-3.4771979147229
14463,3.47096,-2.16720842473243
14464,3.4712,-3.2719614383249
14465,3.47144,-3.14297471773196
14466,3.47168,-2.67854021842632
14467,3.47192,-2.70699485565826
14468,3.47216,-3.42571254453388
14469,3.4724,-2.47490839310883
14470,3.47264,-2.98329399829199
14471,3.47288,-2.98414585283718
14472,3.47312,-2.40552142070804
14473,3.47336,-3.50041005393524
14474,3.4736,-2.54245974838196
14475,3.47384,-3.166446898529
14476,3.47408,-2.91973883661164
14477,3.47432,-2.58364041671451
14478,3.47456,-3.31172132563901
14479,3.4748,-2.83175720813219
14480,3.47504,-2.73995823901716
14481,3.47528,-3.58068122214423
14482,3.47552,-2.50511886805569
14483,3.47576,-3.25150968838588
14484,3.476,-2.88478700103123
14485,3.47624,-2.78775667780138
14486,3.47648,-3.27522251897181
14487,3.47672,-3.26837278453981
14488,3.47696,-2.33281519952231
14489,3.4772,-3.66146917922348
14490,3.47744,-2.2268943783194
14491,3.47768,-3.20896284476099
14492,3.47792,-2.96531930773381
14493,3.47816,-2.74672813370835
14494,3.4784,-3.5937926266531
14495,3.47864,-2.51122468610561
14496,3.47888,-2.66491613902432
14497,3.47912,-3.14994985929798
14498,3.47936,-2.68460548857523
14499,3.4796,-3.06249379071011
14500,3.47984,-3.06284058140965
14501,3.48008,-2.72582459561554
14502,3.48032,-3.4444640978284
14503,3.48056,-2.13578767755658
14504,3.4808,-3.59734647044611
14505,3.48104,-2.62883069129878
14506,3.48128,-2.77712058600072
14507,3.48152,-3.14364156751848
14508,3.48176,-3.01983814251699
14509,3.482,-2.56454272234852
14510,3.48224,-3.64497573273428
14511,3.48248,-2.21130951288378
14512,3.48272,-3.43348792195528
14513,3.48296,-2.58762829902418
14514,3.4832,-2.73339393148652
14515,3.48344,-3.46183996256909
14516,3.48368,-2.73858015371577
14517,3.48392,-3.12567409654333
14518,3.48416,-3.12157034374805
14519,3.4844,-2.65809591093565
14520,3.48464,-3.39027534070477
14521,3.48488,-2.79397354601486
14522,3.48512,-2.58171234447925
14523,3.48536,-3.78612867946496
14524,3.4856,-2.11198825612529
14525,3.48584,-3.21878009407129
14526,3.48608,-3.09743882617088
14527,3.48632,-2.39845312582262
14528,3.48656,-3.61305045284424
14529,3.4868,-2.64495727598188
14530,3.48704,-3.03325863477826
14531,3.48728,-3.27772665890459
14532,3.48752,-2.91211040987687
14533,3.48776,-2.58072462265891
14534,3.488,-3.42488130545067
14535,3.48824,-2.35484104706758
14536,3.48848,-2.85894844138576
14537,3.48872,-3.33468412867107
14538,3.48896,-2.15920143977106
14539,3.4892,-3.14072692817397
14540,3.48944,-3.13840209770996
14541,3.48968,-2.3187981680887
14542,3.48992,-3.18140485901792
14543,3.49016,-2.70064044532978
14544,3.4904,-2.97067429490241
14545,3.49064,-3.33042130857689
14546,3.49088,-2.73344860474663
14547,3.49112,-2.63947167748066
14548,3.49136,-3.71564674686804
14549,3.4916,-2.27922780241691
14550,3.49184,-3.14714986395097
14551,3.49208,-3.02391109036198
14552,3.49232,-2.56494260187964
14553,3.49256,-3.53373183399773
14554,3.4928,-2.45384905645171
14555,3.49304,-3.19961852173376
14556,3.49328,-2.83099108016708
14557,3.49352,-2.85240406664258
14558,3.49376,-3.22303385333557
14559,3.494,-3.09970924459195
14560,3.49424,-2.52675469200846
14561,3.49448,-3.49246949069008
14562,3.49472,-2.77397590822658
14563,3.49496,-2.92198317462347
14564,3.4952,-3.64218110670994
14565,3.49544,-2.55766621510159
14566,3.49568,-3.07071784771237
14567,3.49592,-2.9473856349941
14568,3.49616,-2.6047623928113
14569,3.4964,-3.34316192540149
14570,3.49664,-2.7409914117172
14571,3.49688,-3.01210520394458
14572,3.49712,-3.00987434979085
14573,3.49736,-2.664563784912
14574,3.4976,-2.81434224834158
14575,3.49784,-3.17458252747993
14576,3.49808,-2.58768748283655
14577,3.49832,-2.85454669958631
14578,3.49856,-3.21616469250602
14579,3.4988,-2.27930670765549
14580,3.49904,-3.85030455633998
14581,3.49928,-2.65056462242554
14582,3.49952,-2.91739692424169
14583,3.49976,-3.15818424540072
14584,3.5,-2.21471844924683
14585,3.50024,-3.31884157511394
14586,3.50048,-2.59627526795593
14587,3.50072,-2.99017922526554
14588,3.50096,-3.23476251856467
14589,3.5012,-2.52726414550741
14590,3.50144,-2.9084123192329
14591,3.50168,-3.26566043009765
14592,3.50192,-2.57162573381512
14593,3.50216,-3.5360420015009
14594,3.5024,-2.45811864982508
14595,3.50264,-2.6092152791411
14596,3.50288,-3.81520399649182
14597,3.50312,-2.14039508406032
14598,3.50336,-3.24654727944315
14599,3.5036,-2.7606965415427
14600,3.50384,-2.78551351063238
14601,3.50408,-3.27880988003448
14602,3.50432,-3.03703958901102
14603,3.50456,-2.82094843526911
14604,3.5048,-3.30012013744375
14605,3.50504,-2.11974383817517
14606,3.50528,-3.57938944383545
14607,3.50552,-2.61385218052944
14608,3.50576,-3.00715741995583
14609,3.506,-3.37367699685318
14610,3.50624,-2.77184269212442
14611,3.50648,-2.91816167527414
14612,3.50672,-3.39356117805379
14613,3.50696,-2.44534289997827
14614,3.5072,-3.061625763064
14615,3.50744,-2.93480959377849
14616,3.50768,-2.71857057785522
14617,3.50792,-3.68466038554495
14618,3.50816,-2.60224128609415
14619,3.5084,-3.22921113349567
14620,3.50864,-2.98133496706317
14621,3.50888,-2.7622778143035
14622,3.50912,-3.25021617935888
14623,3.50936,-3.00900301755326
14624,3.5096,-2.79124190375112
14625,3.50984,-3.62655119239076
14626,3.51008,-2.43519304115745
14627,3.51032,-2.70388331495808
14628,3.51056,-3.78266782190407
14629,3.5108,-2.22936244443028
14630,3.51104,-3.57198686752335
14631,3.51128,-2.72456897496873
14632,3.51152,-3.11023222948372
14633,3.51176,-3.59052128811634
14634,3.512,-2.74324322505891
14635,3.51224,-2.89149207282739
14636,3.51248,-3.01442064416209
14637,3.51272,-2.54913339499738
14638,3.51296,-3.05216668395403
14639,3.5132,-2.92854650735705
14640,3.51344,-2.59730253487564
14641,3.51368,-3.44596923974306
14642,3.51392,-2.84822632666641
14643,3.51416,-2.99362321904151
14644,3.5144,-3.23033914259383
14645,3.51464,-2.17226580012176
14646,3.51488,-3.27389510296053
14647,3.51512,-2.78995358858471
14648,3.51536,-2.94106143292106
14649,3.5156,-3.30291012189822
14650,3.51584,-2.35894043979013
14651,3.51608,-2.97928463412
14652,3.51632,-3.33434073585516
14653,3.51656,-2.15458007170518
14654,3.5168,-3.61352444420997
14655,3.51704,-2.64689180512468
14656,3.51728,-3.03914891626535
14657,3.51752,-3.40466477988706
14658,3.51776,-2.8018715761444
14659,3.518,-2.83139241838628
14660,3.51824,-3.55281475881488
14661,3.51848,-2.24335565702042
14662,3.51872,-3.46186978905574
14663,3.51896,-2.85572418594101
14664,3.5192,-2.76094253650749
14665,3.51944,-3.60530164959337
14666,3.51968,-2.75763673655456
14667,3.51992,-2.90551188403732
14668,3.52016,-3.02808204758729
14669,3.5204,-2.56245186488272
14670,3.52064,-3.06515667950529
14671,3.52088,-2.94122213688536
14672,3.52112,-2.60967765571605
14673,3.52136,-3.57787911965377
14674,3.5216,-2.85043053631694
14675,3.52184,-2.63523253730537
14676,3.52208,-3.59710995958054
14677,3.52232,-2.87368884509014
14678,3.52256,-2.78168004199419
14679,3.5228,-3.49929819254615
14680,3.52304,-2.31436137730772
14681,3.52328,-3.17565915297719
14682,3.52352,-3.04657528943952
14683,3.52376,-2.10965184033686
14684,3.524,-3.68885998739563
14685,3.52424,-2.8367865658695
14686,3.52448,-2.86026035004928
14687,3.52472,-3.4681861627129
14688,3.52496,-2.86720866781527
14689,3.5252,-2.89190040709242
14690,3.52544,-3.72684898925157
14691,3.52568,-2.17604595990893
14692,3.52592,-3.63737813905439
14693,3.52616,-2.55454935115222
14694,3.5264,-3.06483373640438
14695,3.52664,-3.06608040751168
14696,3.52688,-2.36063926135417
14697,3.52712,-2.86883803778505
14698,3.52736,-3.346713474025
14699,3.5276,-2.41210662863442
14700,3.52784,-3.85970516749079
14701,3.52808,-2.18728451390761
14702,3.52832,-3.05646039916494
14703,3.52856,-3.28828155952687
14704,3.5288,-2.70618611164025
14705,3.52904,-3.0787237311302
14706,3.52928,-3.19201274399502
14707,3.52952,-2.6162094617415
14708,3.52976,-3.81491636921715
14709,3.53,-2.13927801018311
14710,3.53024,-3.4860293021866
14711,3.53048,-2.99675637035194
14712,3.53072,-2.5328340915117
14713,3.53096,-3.03717138641838
14714,3.5312,-3.6263251161646
14715,3.53144,-2.19425738495773
14716,3.53168,-3.65675770048388
14717,3.53192,-3.04246720141275
14718,3.53216,-2.58404079904471
14719,3.5324,-3.08007671379036
14720,3.53264,-3.07666015041908
14721,3.53288,-2.86020894461282
14722,3.53312,-3.2161473284366
14723,3.53336,-2.27261183561372
14724,3.5336,-3.25807082405275
14725,3.53384,-3.12828723490312
14726,3.53408,-2.54680336777978
14727,3.53432,-3.39834972606528
14728,3.53456,-3.03254848821576
14729,3.5348,-2.57805957113897
14730,3.53504,-3.54285289069906
14731,3.53528,-2.82221841686605
14732,3.53552,-2.96639805612868
14733,3.53576,-3.08255786448479
14734,3.536,-2.6286063209538
14735,3.53624,-3.83833973623504
14736,3.53648,-2.15840493337294
14737,3.53672,-3.61697404335925
14738,3.53696,-2.53189806822822
14739,3.5372,-2.80435436773442
14740,3.53744,-3.5319149514106
14741,3.53768,-2.4588560908165
14742,3.53792,-3.08556616383378
14743,3.53816,-2.96087228336303
14744,3.5384,-2.14754334889612
14745,3.53864,-3.60225397061006
14746,3.53888,-2.52268447576571
14747,3.53912,-3.38591819425842
14748,3.53936,-2.77669389240814
14749,3.5396,-2.80155620233849
14750,3.53984,-3.88403376312157
14751,3.54008,-2.20835901377857
14752,3.54032,-3.5489256937718
14753,3.54056,-3.0568308050697
14754,3.5408,-2.23286277858342
14755,3.54104,-3.10047419850789
14756,3.54128,-3.09727447686409
14757,3.54152,-2.87981034060295
14758,3.54176,-3.2378440363159
14759,3.542,-2.42171427139852
14760,3.54224,-3.75390579522291
14761,3.54248,-2.907055458379
14762,3.54272,-2.69006891120636
14763,3.54296,-3.65023414083199
14764,3.5432,-2.68419354038409
14765,3.54344,-3.07168914547952
14766,3.54368,-3.30371243615026
14767,3.54392,-2.71487661335357
14768,3.54416,-2.86003900741924
14769,3.5444,-3.33358324991245
14770,3.54464,-2.39356635193242
14771,3.54488,-3.72707392926155
14772,3.54512,-2.87051008886464
14773,3.54536,-2.891908638973
14774,3.5456,-3.38190388330043
14775,3.54584,-3.13483250625041
14776,3.54608,-2.5620513331449
14777,3.54632,-3.76364685040074
14778,3.54656,-2.56836830977577
14779,3.5468,-2.95882373426333
14780,3.54704,-3.79589331398916
14781,3.54728,-2.47459202468272
14782,3.54752,-3.21990267115673
14783,3.54776,-3.56808776067779
14784,3.548,-2.13908586499556
14785,3.54824,-3.60451961593546
14786,3.54848,-2.75339691952944
14787,3.54872,-3.13816643985707
14788,3.54896,-3.3778854853497
14789,3.5492,-2.66573612998634
14790,3.54944,-2.81496922074264
14791,3.54968,-3.89370070927731
14792,3.54992,-2.21700835990112
14793,3.55016,-3.20498449435629
14794,3.5504,-3.55390541638849
14795,3.55064,-2.1256066452528
14796,3.55088,-3.5917121922787
14797,3.55112,-2.97736688780632
14798,3.55136,-2.88188023165082
14799,3.5516,-3.60652482188123
14800,3.55184,-2.53067713997778
14801,3.55208,-2.92294331943706
14802,3.55232,-3.76174323582158
14803,3.55256,-2.44209591264495
14804,3.5528,-2.95192317770392
14805,3.55304,-3.78514906171607
14806,3.55328,-2.23269960631856
14807,3.55352,-3.69245511287691
14808,3.55376,-2.6046337195143
14809,3.554,-3.1141045609797
14810,3.55424,-3.35503725923845
14811,3.55448,-2.64494296741545
14812,3.55472,-3.85455311884131
14813,3.55496,-2.17450288394598
14814,3.5552,-3.63296177818952
14815,3.55544,-2.66672043311443
14816,3.55568,-3.16864349541952
14817,3.55592,-3.16294578246577
14818,3.55616,-2.70254724618995
14819,3.5564,-3.29969031971557
14820,3.55664,-2.95760658644842
14821,3.55688,-3.07602800340159
14822,3.55712,-3.09278623213542
14823,3.55736,-3.3347395510714
14824,3.5576,-2.62562103154903
14825,3.55784,-3.59340784617886
14826,3.55808,-2.15883503830642
14827,3.55832,-3.85724941274552
14828,3.55856,-2.41378674087589
14829,3.5588,-3.3987090018885
14830,3.55904,-2.91206631755432
14831,3.55928,-3.17424184983676
14832,3.55952,-3.16841218338233
14833,3.55976,-2.71139007583248
14834,3.56,-3.30826153447257
14835,3.56024,-2.96944247721089
14836,3.56048,-3.08746689983386
14837,3.56072,-2.86594819649971
14838,3.56096,-3.34882944649479
14839,3.5612,-2.39955277025916
14840,3.56144,-3.85270715315571
14841,3.56168,-2.17294589880735
14842,3.56192,-3.63513322240684
14843,3.56216,-2.66900723179975
14844,3.5624,-3.17451794256928
14845,3.56264,-3.1687758975367
14846,3.56288,-2.71183768646035
14847,3.56312,-3.30878956014584
14848,3.56336,-2.97004772406079
14849,3.5636,-3.08814604050553
14850,3.56384,-2.8666985682884
14851,3.56408,-3.59239596536067
14852,3.56432,-2.39772747319695
14853,3.56456,-3.85327421794566
14854,3.5648,-2.41018158087108
14855,3.56504,-3.39199228912952
14856,3.56528,-2.90583646309142
14857,3.56552,-2.92749369808738
14858,3.56576,-3.40404129516783
14859,3.566,-2.82322968056312
14860,3.56624,-3.18182004085313
14861,3.56648,-3.08007795677705
14862,3.56672,-3.08016872964883
14863,3.56696,-2.85523025877188
14864,3.5672,-3.581520740624
14865,3.56744,-2.38742119678161
14866,3.56768,-3.84351275557284
14867,3.56792,-2.40094284406449
14868,3.56816,-3.38325417396421
14869,3.5684,-2.89757872820507
14870,3.56864,-2.57121593775761
14871,3.56888,-3.54261159547141
14872,3.56912,-2.81120145457331
14873,3.56936,-2.72048571154633
14874,3.5696,-3.33113968713887
14875,3.56984,-3.08703388211418
14876,3.57008,-2.87130533438806
14877,3.57032,-3.22793238627839
14878,3.57056,-3.12431275589279
14879,3.5708,-3.12260765735134
14880,3.57104,-2.89595198950716
14881,3.57128,-3.62059997348375
14882,3.57152,-2.42493005018238
14883,3.57176,-3.87951960826468
14884,3.572,-2.43551374119988
14885,3.57224,-3.07055085021926
14886,3.57248,-3.31309782199059
14887,3.57272,-3.0655207225883
14888,3.57296,-2.97512694901115
14889,3.5732,-3.578739053106
14890,3.57344,-2.73394917997395
14891,3.57368,-3.24445271708116
14892,3.57392,-3.35749364585376
14893,3.57416,-2.1777018819239
14894,3.5744,-3.75597291992869
14895,3.57464,-3.13871029879058
14896,3.57488,-2.31839645730703
14897,3.57512,-3.6561280328708
14898,3.57536,-3.16400094655946
14899,3.5756,-2.107294010992
14900,3.57584,-3.33307308682391
14901,3.57608,-2.73043066037457
14902,3.57632,-2.64601762910273
14903,3.57656,-3.61439136651624
14904,3.5768,-3.00871316515392
14905,3.57704,-2.79358137849032
14906,3.57728,-3.86972410717962
14907,3.57752,-2.30737514746244
14908,3.57776,-3.184305655258
14909,3.578,-3.06300103341231
14910,3.57824,-2.47786600692887
14911,3.57848,-2.86707774553418
14912,3.57872,-3.34579551729936
14913,3.57896,-2.89125195911806
14914,3.5792,-3.01324813180379
14915,3.57944,-3.03342637402765
14916,3.57968,-3.27864950659068
14917,3.57992,-2.57176556356146
14918,3.58016,-2.72603261527651
14919,3.5804,-3.68625934390468
14920,3.58064,-2.60739151311615
14921,3.58088,-2.99103088483388
14922,3.58112,-3.4644202883976
14923,3.58136,-2.64617930909587
14924,3.5816,-3.84869692052224
14925,3.58184,-2.40722610365136
14926,3.58208,-3.38967724371207
14927,3.58232,-2.66403797428695
14928,3.58256,-3.16689640164635
14929,3.5828,-2.92111090066031
14930,3.58304,-2.59415089649752
14931,3.58328,-3.56497410050487
14932,3.58352,-2.95463577583934
14933,3.58376,-2.9840130136623
14934,3.584,-3.35048580896215
14935,3.58424,-2.98481024953725
14936,3.58448,-3.01457745602667
14937,3.58472,-3.61116228413064
14938,3.58496,-2.1862255221145
14939,3.5852,-3.52869267067746
14940,3.58544,-3.15170925553729
14941,3.58568,-2.33113762059009
14942,3.58592,-3.66862239014257
14943,3.58616,-2.69517154901966
14944,3.5864,-2.72502650308098
14945,3.58664,-3.57041635690099
14946,3.58688,-2.73817143199396
14947,3.58712,-3.01046479870641
14948,3.58736,-3.1297321293188
14949,3.5876,-2.79386232958422
14950,3.58784,-3.40577385962429
14951,3.58808,-3.04218192253336
14952,3.58832,-2.8329394376412
14953,3.58856,-3.67368009370604
14954,3.5888,-2.83698875811389
14955,3.58904,-3.10502961170328
14956,3.58928,-3.22022980211912
14957,3.58952,-2.88047031795549
14958,3.58976,-3.48866176665438
14959,3.59,-2.88445875575443
14960,3.59024,-2.90776982965143
14961,3.59048,-3.14534947132859
14962,3.59072,-2.68674525147255
14963,3.59096,-3.52305227582995
14964,3.5912,-2.10297743198495
14965,3.59144,-3.44923996415363
14966,3.59168,-3.07588737182107
14967,3.59192,-2.50109574518833
14968,3.59216,-3.47621855224459
14969,3.5924,-2.62813255651145
14970,3.59264,-3.13816267733878
14971,3.59288,-3.49817360843512
14972,3.59312,-3.24967095561627
14973,3.59336,-2.91691161193536
14974,3.5936,-3.75632906686418
14975,3.59384,-2.55101427825286
14976,3.59408,-2.71017916746344
14977,3.59432,-3.55642930467607
14978,3.59456,-2.12454376964651
14979,3.5948,-3.47040220761785
14980,3.59504,-2.86267884955147
14981,3.59528,-3.01053679998851
14982,3.59552,-3.2571935713926
14983,3.59576,-2.55566459950727
14984,3.596,-3.89020306288793
14985,3.59624,-2.33185863656949
14986,3.59648,-2.97208416985625
14987,3.59672,-3.33941966731485
14988,3.59696,-3.2107573188759
14989,3.5972,-2.63576815291321
14990,3.59744,-3.95507778951024
14991,3.59768,-2.39394875709498
14992,3.59792,-3.03151320939385
14993,3.59816,-3.39630400129985
14994,3.5984,-3.02901830299503
14995,3.59864,-2.22281789131449
14996,3.59888,-3.80065846965292
14997,3.59912,-2.4819945585725
14998,3.59936,-3.11484529878509
14999,3.5996,-3.71310060052413
15000,3.59984,-2.86318858719701
15001,3.60008,-2.53744897889815
15002,3.60032,-3.86633829234413
15003,3.60056,-2.66818262113921
15004,3.6008,-3.18097708019161
15005,3.60104,-3.05872438828237
15006,3.60128,-2.83962032066118
15007,3.60152,-3.21284673976374
15008,3.60176,-3.08676658161958
15009,3.602,-2.03804814680859
15010,3.60224,-3.62316213654651
15011,3.60248,-3.00894430502422
15012,3.60272,-2.90925309401816
15013,3.60296,-3.51694004284825
15014,3.6032,-3.02468931945431
15015,3.60344,-3.05155433260048
15016,3.60368,-3.41562073431437
15017,3.60392,-2.93045203361214
15018,3.60416,-2.72121386112559
15019,3.6044,-3.2007938701432
15020,3.60464,-2.26354220147096
15021,3.60488,-3.13121982442106
15022,3.60512,-3.12856535998604
15023,3.60536,-2.55651437972522
15024,3.6056,-3.87948457521141
15025,3.60584,-2.32185350383948
15026,3.60608,-2.71426907448194
15027,3.60632,-2.62083040023065
15028,3.60656,-2.53145873794308
15029,3.6068,-2.44598199872871
15030,3.60704,-3.07136002640087
15031,3.60728,-3.65951332957714
15032,3.60752,-2.34676040705625
15033,3.60776,-2.98527155589141
15034,3.608,-3.10695246370033
15035,3.60824,-2.63789991141445
15036,3.60848,-3.02972806842626
15037,3.60872,-3.86286433329059
15038,3.60896,-3.01933364876045
15039,3.6092,-2.4469129764889
15040,3.60944,-3.65224168484811
15041,3.60968,-2.80609910868825
15042,3.60992,-2.83736404784954
15043,3.61016,-3.44356091037645
15044,3.6104,-2.96299322001052
15045,3.61064,-2.86798421149603
15046,3.61088,-3.46467931460118
15047,3.61112,-2.63896836260909
15048,3.61136,-3.61596555965043
15049,3.6116,-3.12000312521741
15050,3.61184,-2.29361282330311
15051,3.61208,-3.28220780557975
15052,3.61232,-3.27094627728567
15053,3.61256,-2.56218069013755
15054,3.6128,-2.24200129981112
15055,3.61304,-2.1692868352049
15056,3.61328,-2.09973319676604
15057,3.61352,-2.03320781503789
15058,3.61376,-2.68109327887503
15059,3.614,-3.8872361107166
15060,3.61424,-3.38960158598256
15061,3.61448,-2.44517885392512
15062,3.61472,-3.07690146401374
15063,3.61496,-3.31072928211418
15064,3.6152,-2.60552687691902
15065,3.61544,-3.11479176508975
15066,3.61568,-3.70385423634336
15067,3.61592,-2.85821513982374
15068,3.61616,-3.00584273105
15069,3.6164,-3.482443657207
15070,3.61664,-2.53495819508269
15071,3.61688,-3.51009230498205
15072,3.61712,-3.13476852121442
15073,3.61736,-2.67783866642913
15074,3.6176,-3.64677854875348
15075,3.61784,-2.91654286682988
15076,3.61808,-2.8277084874976
15077,3.61832,-3.43019184247851
15078,3.61856,-2.36693957905905
15079,3.6188,-3.46577017393915
15080,3.61904,-2.74303081511611
15081,3.61928,-3.01157607031908
15082,3.61952,-3.72551718843558
15083,3.61976,-2.41108696201198
15084,3.62,-3.51064871579011
15085,3.62024,-2.90189336923048
15086,3.62048,-3.16667261110447
15087,3.62072,-3.39890967999034
15088,3.62096,-2.69268714218359
15089,3.6212,-3.66237411278088
15090,3.62144,-2.81437003240267
15091,3.62168,-2.9653477126679
15092,3.62192,-3.5615134593191
15093,3.62216,-2.49177206872768
15094,3.6224,-3.47068658396447
15095,3.62264,-3.215736478693
15096,3.62288,-2.5188132912318
15097,3.62312,-3.73186339101321
15098,3.62336,-2.53536838135947
15099,3.6236,-3.28145395182242
15100,3.62384,-3.03521968241296
15101,3.62408,-2.82067917395745
15102,3.62432,-3.78400511836961
15103,3.62456,-2.46981850412845
15104,3.6248,-3.1015868675655
15105,3.62504,-3.09540992004444
15106,3.62528,-2.64040499901326
15107,3.62552,-3.61118528610861
15108,3.62576,-2.87877740885642
15109,3.626,-3.02577818428265
15110,3.62624,-3.49960162855304
15111,3.62648,-2.43442058662046
15112,3.62672,-3.41462536270698
15113,3.62696,-3.39795497239114
15114,3.6272,-2.45529833919628
15115,3.62744,-3.67036644696025
15116,3.62768,-2.70848175615692
15117,3.62792,-3.21447841466924
15118,3.62816,-3.20696884623982
15119,3.6284,-2.74893443138198
15120,3.62864,-3.71374949532354
15121,3.62888,-2.5142885064739
15122,3.62912,-3.14381866048082
15123,3.62936,-3.13592056826658
15124,3.6296,-2.67926915494556
15125,3.62984,-3.64847431563254
15126,3.63008,-2.9184923166197
15127,3.63032,-2.82990014791939
15128,3.63056,-3.43261402591814
15129,3.6308,-2.3695826753392
15130,3.63104,-3.46862388481971
15131,3.63128,-2.74608648525236
15132,3.63152,-3.01482490754894
15133,3.63176,-3.37034067303237
15134,3.632,-2.31092603204036
15135,3.63224,-3.53193278201268
15136,3.63248,-2.8084377122945
15137,3.63272,-2.95904350053806
15138,3.63296,-3.91656960564089
15139,3.6332,-2.59683664975393
15140,3.63344,-3.34093094005668
15141,3.63368,-3.2086988395131
15142,3.63392,-2.87098127728353
15143,3.63416,-3.83324613397463
15144,3.6344,-2.8626828085131
15145,3.63464,-2.89164343218378
15146,3.63488,-3.36802499663316
15147,3.63512,-2.30359280501861
15148,3.63536,-3.29229434222672
15149,3.6356,-3.04632014160272
15150,3.63584,-2.9540468952419
15151,3.63608,-3.43124499116968
15152,3.63632,-2.36928963539438
15153,3.63656,-3.58786683496124
15154,3.6368,-2.8620495646838
15155,3.63704,-3.01043577057746
15156,3.63728,-3.84556099933938
15157,3.63752,-2.64451128423567
15158,3.63776,-3.03678229920776
15159,3.638,-3.1531704226509
15160,3.63824,-2.69773194842843
15161,3.63848,-3.66502860364522
15162,3.63872,-2.46794071486449
15163,3.63896,-3.0997395593095
15164,3.6392,-3.0940107875134
15165,3.63944,-2.63943403320842
15166,3.63968,-3.6106228729762
15167,3.63992,-2.88253865645366
15168,3.64016,-2.79576142750525
15169,3.6404,-3.39975576387759
15170,3.64064,-2.21554379874263
15171,3.64088,-3.20606178173322
15172,3.64112,-3.79398540034313
15173,3.64136,-2.4776015022306
15174,3.6416,-3.3430034901789
15175,3.64184,-3.09459419643286
15176,3.64208,-2.99901729784697
15177,3.64232,-3.83564465180429
15178,3.64256,-2.51881281831192
15179,3.6428,-3.26653612597586
15180,3.64304,-3.13777535633059
15181,3.64328,-2.80337842405495
15182,3.64352,-3.7688193222897
15183,3.64376,-2.91719378903709
15184,3.644,-2.82900295473518
15185,3.64424,-3.43164676002284
15186,3.64448,-2.48623274236325
15187,3.64472,-3.46421231236523
15188,3.64496,-2.73869088272288
15189,3.6452,-2.89227707282044
15190,3.64544,-3.49222184614316
15191,3.64568,-2.30626855145651
15192,3.64592,-3.52871816052472
15193,3.64616,-3.15420093807285
15194,3.6464,-2.46055508774998
15195,3.64664,-3.67673822364654
15196,3.64688,-2.48015857950442
15197,3.64712,-2.99619124329105
15198,3.64736,-3.95462369822693
15199,3.6476,-2.7503672715867
15200,3.64784,-3.13827612167053
15201,3.64808,-3.25049289134889
15202,3.64832,-2.79106617966759
15203,3.64856,-3.87437097991623
15204,3.6488,-2.90458482595649
15205,3.64904,-3.05271617286736
15206,3.64928,-3.64405728642749
15207,3.64952,-2.33048626171506
15208,3.64976,-3.08179355687518
15209,3.65,-3.55206307704781
15210,3.65024,-2.24554596990627
15211,3.65048,-3.23459731128788
15212,3.65072,-3.34441803891387
15213,3.65096,-2.40382938379197
15214,3.6512,-3.50319267943221
15215,3.65144,-2.89334122076598
15216,3.65168,-2.92358786435273
15217,3.65192,-3.6430512249471
15218,3.65216,-2.45069527210286
15219,3.6524,-3.19904320566509
15220,3.65264,-3.1893252835315
15221,3.65288,-2.61415225871294
15222,3.65312,-3.58591827727077
15223,3.65336,-2.97078444307296
15224,3.6536,-2.75939474321955
15225,3.65384,-3.60411613997745
15226,3.65408,-2.41527602715177
15227,3.65432,-3.63230004775808
15228,3.65456,-2.90499369023303
15229,3.6548,-3.0532552590692
15230,3.65504,-3.64472048960834
15231,3.65528,-2.33126846623935
15232,3.65552,-3.08268895895855
15233,3.65576,-3.43236782062573
15234,3.656,-2.36998318133505
15235,3.65624,-3.59163824999078
15236,3.65648,-2.51276421329927
15237,3.65672,-3.26067264564375
15238,3.65696,-3.13251601234569
15239,3.6572,-2.67931303881834
15240,3.65744,-3.76376809517076
15241,3.65768,-2.67919048618365
15242,3.65792,-2.83520276803548
15243,3.65816,-3.79788716767737
15244,3.6584,-2.48351349378686
15245,3.65864,-3.23535880517349
15246,3.65888,-2.87266368370715
15247,3.65912,-3.02378885735917
15248,3.65936,-3.38043700281386
15249,3.6596,-2.43849224071164
15250,3.65984,-3.53655846830254
15251,3.66008,-3.04224281218672
15252,3.66032,-2.59129224347466
15253,3.66056,-3.56551471983111
15254,3.6608,-2.72272338612814
15255,3.66104,-2.87825100447344
15256,3.66128,-3.11883572344701
15257,3.66152,-2.66416980076753
15258,3.66176,-3.63740334686172
15259,3.662,-2.7910897994743
15260,3.66224,-2.82426707591114
15261,3.66248,-3.78402027374059
15262,3.66272,-2.46949205211202
15263,3.66296,-3.10309442181592
15264,3.6632,-2.98108116313241
15265,3.66344,-2.53329545107792
15266,3.66368,-3.51143211659268
15267,3.66392,-3.1376469829699
15268,3.66416,-2.682633276333
15269,3.6644,-3.6468438018808
15270,3.66464,-2.45461845835283
15271,3.66488,-3.20308961152034
15272,3.66512,-3.19348596750472
15273,3.66536,-2.7356595489742
15274,3.6656,-3.82220214827014
15275,3.66584,-2.85116255941854
15276,3.66608,-2.88139009668406
15277,3.66632,-3.3589831568265
15278,3.66656,-2.29571191631052
15279,3.6668,-3.28552225733133
15280,3.66704,-3.15651171285811
15281,3.66728,-2.70249235522772
15282,3.66752,-3.90599238177261
15283,3.66776,-2.81675139153851
15284,3.668,-2.85201029221668
15285,3.66824,-3.45422636359521
15286,3.66848,-2.26831477779267
15287,3.66872,-2.90600939747851
15288,3.66896,-3.62314958073852
15289,3.6692,-2.42945247681502
15290,3.66944,-3.29893895503996
15291,3.66968,-3.28658700450567
15292,3.66992,-2.34981328961508
15293,3.67016,-3.33217141528726
15294,3.6704,-2.84653338501064
15295,3.67064,-2.64093627471108
15296,3.67088,-3.3678703994337
15297,3.67112,-2.42672776489122
15298,3.67136,-3.52774826907977
15299,3.6716,-2.91994165166153
15300,3.67184,-2.71202932748212
15301,3.67208,-3.91608618538426
15302,3.67232,-2.59733182720659
15303,3.67256,-2.99248364199676
15304,3.6728,-3.11161422046708
15305,3.67304,-2.66273530247589
15306,3.67328,-3.63628997067158
15307,3.67352,-2.79028245432284
15308,3.67376,-2.82375075228401
15309,3.674,-3.78378100085863
15310,3.67424,-2.46951730505904
15311,3.67448,-3.10337126382439
15312,3.67472,-3.3353630293379
15313,3.67496,-2.27547192602403
15314,3.6752,-3.26243064906555
15315,3.67544,-3.37117709181351
15316,3.67568,-2.4308508348665
15317,3.67592,-3.76534747666037
15318,3.67616,-2.45011862861703
15319,3.6764,-3.43607649564316
15320,3.67664,-2.82841741200216
15321,3.67688,-2.97883428030276
15322,3.67712,-3.93871401287812
15323,3.67736,-2.73584130826599
15324,3.6776,-3.12507087985979
15325,3.67784,-3.23853751618222
15326,3.67808,-2.78424179066598
15327,3.67832,-3.38570596362807
15328,3.67856,-2.44265460258723
15329,3.6788,-3.77708646412003
15330,3.67904,-2.5760701636698
15331,3.67928,-2.85294128617988
15332,3.67952,-3.5717023346566
15333,3.67976,-2.26678541561256
15334,3.68,-3.3731978840561
15335,3.68024,-3.00497076814369
15336,3.68048,-2.67763657826172
15337,3.68072,-3.88337503464691
15338,3.68096,-2.56622931192234
15339,3.6812,-3.31278076797386
15340,3.68144,-2.7106028100624
15341,3.68168,-2.8658069621076
15342,3.68192,-3.71002194405295
15343,3.68216,-2.74772296977183
15344,3.6824,-2.90344660340303
15345,3.68264,-3.62098842222964
15346,3.68288,-2.31310157610155
15347,3.68312,-3.53390280155058
15348,3.68336,-2.92565881411669
15349,3.6836,-2.95519693089477
15350,3.68384,-3.43258421488019
15351,3.68408,-2.37258586504097
15352,3.68432,-3.47622878945124
15353,3.68456,-2.86921503770085
15354,3.6848,-2.78401511123423
15355,3.68504,-3.62443171556391
15356,3.68528,-2.31645049614404
15357,3.68552,-3.65567688025077
15358,3.68576,-2.57554628026301
15359,3.686,-2.85210858709038
15360,3.68624,-3.57197251499988
15361,3.68648,-2.38088226456178
15362,3.68672,-3.25286116259847
15363,3.68696,-3.24289349344367
15364,3.6872,-2.30840199531769
15365,3.68744,-3.53127659988779
15366,3.68768,-2.80382012983507
15367,3.68792,-2.71980937694849
15368,3.68816,-3.80624949943101
15369,3.6884,-2.37057260244075
15370,3.68864,-3.24303329476006
15371,3.68888,-3.23352649332691
15372,3.68912,-2.6580866191666
15373,3.68936,-3.62654743773205
15374,3.6896,-2.31856148666661
15375,3.68984,-3.31050483339143
15376,3.69008,-3.29984549065571
15377,3.69032,-2.36207692959587
15378,3.69056,-3.464135420133
15379,3.6908,-2.85512567695868
15380,3.69104,-3.00467885623105
15381,3.69128,-3.2430365430572
15382,3.69152,-2.30862128296354
15383,3.69176,-3.53156937619129
15384,3.692,-2.68959616681775
15385,3.69224,-2.84637555040888
15386,3.69248,-3.44937221720488
15387,3.69272,-2.2685403083983
15388,3.69296,-3.37428451472525
15389,3.6932,-3.00406295086186
15390,3.69344,-2.55548616076954
15391,3.69368,-3.52935249695597
15392,3.69392,-2.34462965366873
15393,3.69416,-3.33249878206074
15394,3.6944,-3.08261968840749
15395,3.69464,-2.75396251706768
15396,3.69488,-3.47648224450479
15397,3.69512,-2.29016243995218
15398,3.69536,-2.93052431067885
15399,3.6956,-3.16956167155607
15400,3.69584,-2.59620971653874
15401,3.69608,-3.69122217016987
15402,3.69632,-2.84329545013454
15403,3.69656,-2.87492904490541
15404,3.6968,-3.83320454920903
15405,3.69704,-2.51726538628168
15406,3.69728,-3.14951738295353
15407,3.69752,-3.02664070211529
15408,3.69776,-2.81812475201101
15409,3.698,-3.89827381348907
15410,3.69824,-2.45837901461011
15411,3.69848,-3.32892768115709
15412,3.69872,-3.08239917872019
15413,3.69896,-2.3965286898894
15414,3.6992,-3.50030759129619
15415,3.69944,-2.6589998794539
15416,3.69968,-3.17097509654563
15417,3.69992,-3.64020171512002
15418,3.70016,-2.33048303891714
15419,3.7004,-3.4367411484497
15420,3.70064,-3.18332245479888
15421,3.70088,-2.48961188951374
15422,3.70112,-3.70573089304843
15423,3.70136,-2.39102924499951
15424,3.7016,-3.3800506233448
15425,3.70184,-3.36659802744674
15426,3.70208,-2.55079833107727
15427,3.70232,-3.76121683640595
15428,3.70256,-2.56524145695563
15429,3.7028,-2.84699487960245
15430,3.70304,-3.45015011379048
15431,3.70328,-2.38845707931491
15432,3.70352,-3.60552857448352
15433,3.70376,-3.11219183885937
15434,3.704,-2.66086877607445
15435,3.70424,-3.98589390178153
15436,3.70448,-2.66476501776327
15437,3.70472,-3.05764438694256
15438,3.70496,-3.05653760073281
15439,3.7052,-2.84686769323567
15440,3.70544,-3.92591265880808
15441,3.70568,-2.72329936497125
15442,3.70592,-3.11453423501794
15443,3.70616,-3.58502827017899
15444,3.7064,-2.27829285771366
15445,3.70664,-3.38563347233164
15446,3.70688,-2.66580714565135
15447,3.70712,-3.17763898642708
15448,3.70736,-3.40750812277408
15449,3.7076,-2.34817863043121
15450,3.70784,-3.68733326201919
15451,3.70808,-2.72388525493533
15452,3.70832,-2.76315144348903
15453,3.70856,-3.60886856653535
15454,3.7088,-2.4209802672797
15455,3.70904,-3.64152534930374
15456,3.70928,-2.79510266792672
15457,3.70952,-2.94763252960126
15458,3.70976,-3.54611192076522
15459,3.71,-2.35705706099482
15460,3.71024,-3.112868139657
15461,3.71048,-3.10946399738344
15462,3.71072,-2.54162781798837
15463,3.71096,-3.87196846230964
15464,3.7112,-2.5559235361974
15465,3.71144,-3.30352663115955
15466,3.71168,-2.93982093932421
15467,3.71192,-2.73536138914532
15468,3.71216,-3.9392112640803
15469,3.7124,-2.38148944526656
15470,3.71264,-3.37069280263906
15471,3.71288,-2.88822112848612
15472,3.71312,-2.68512300327861
15473,3.71336,-3.65287474579592
15474,3.7136,-2.33985419397493
15475,3.71384,-3.33133745096417
15476,3.71408,-3.31848161667154
15477,3.71432,-2.50500701715789
15478,3.71456,-3.71764905484739
15479,3.7148,-2.5238018962508
15480,3.71504,-2.80626965100127
15481,3.71528,-3.16917532334588
15482,3.71552,-2.59622175992051
15483,3.71576,-3.8053293988432
15484,3.716,-2.71622117950323
15485,3.71624,-3.10972576140981
15486,3.71648,-3.22462880657312
15487,3.71672,-2.17084090307107
15488,3.71696,-3.39979127005331
15489,3.7172,-2.67953691132721
15490,3.71744,-3.19096012733052
15491,3.71768,-3.30325274355869
15492,3.71792,-2.48785684441662
15493,3.71816,-3.82113911366161
15494,3.7184,-2.61980100778344
15495,3.71864,-2.89863425111417
15496,3.71888,-3.8597652884978
15497,3.71912,-2.42414058084677
15498,3.71936,-2.9406014652346
15499,3.7196,-3.65944856586537
15500,3.71984,-2.34711655922884
15501,3.72008,-3.10354335790466
15502,3.72032,-3.1007270422012
15503,3.72056,-2.889421699324
15504,3.7208,-3.73115442221316
15505,3.72104,-2.53732568793369
15506,3.72128,-3.17002430739683
15507,3.72152,-3.04452674700617
15508,3.72176,-2.71803181402104
15509,3.722,-3.4457075909002
15510,3.72224,-2.26339845270626
15511,3.72248,-3.2514258583246
15512,3.72272,-2.88710928785949
15513,3.72296,-2.6829780057988
15514,3.7232,-3.41261714843115
15515,3.72344,-2.35293448882075
15516,3.72368,-3.57456069015728
15517,3.72392,-3.08073372437032
15518,3.72416,-2.6337788324925
15519,3.7244,-3.84531494142488
15520,3.72464,-2.75636216228975
15521,3.72488,-3.02886830670675
15522,3.72512,-3.62281694090015
15523,3.72536,-2.43025675515896
15524,3.7256,-3.17883503872211
15525,3.72584,-3.17414326354842
15526,3.72608,-2.48308631493208
15527,3.72632,-3.34571193024645
15528,3.72656,-3.09544156860724
15529,3.7268,-2.52590823530914
15530,3.72704,-3.73828684558677
15531,3.72728,-2.77213070121899
15532,3.72752,-2.8091978800868
15533,3.72776,-3.77442633201892
15534,3.728,-2.45811512652405
15535,3.72824,-3.09352571075106
15536,3.72848,-3.56533792699931
15537,3.72872,-2.25899041244235
15538,3.72896,-3.36889615791986
15539,3.7292,-3.23660702425752
15540,3.72944,-2.54595424147363
15541,3.72968,-3.75836980053689
15542,3.72992,-2.79532270622839
15543,3.73016,-3.06621088979738
15544,3.7304,-3.53882550494092
15545,3.73064,-2.11560858201483
15546,3.73088,-3.22698785080912
15547,3.73112,-3.33880130337617
15548,3.73136,-2.28248412804069
15549,3.7316,-3.50732876610856
15550,3.73184,-3.01658097856528
15551,3.73208,-2.57038948753263
15552,3.73232,-3.66243837727697
15553,3.73256,-2.2364953641774
15554,3.7328,-3.46071628976134
15555,3.73304,-3.09099035187759
15556,3.73328,-2.87947648908309
15557,3.73352,-3.96112245841092
15558,3.73376,-2.5217925964106
15559,3.734,-3.03820785467628
15560,3.73424,-3.63583867299757
15561,3.73448,-2.32394726388097
15562,3.73472,-3.31651259346794
15563,3.73496,-3.30469190364306
15564,3.7352,-2.37019277924373
15565,3.73544,-3.58996635648597
15566,3.73568,-2.39469216927085
15567,3.73592,-3.38464289908134
15568,3.73616,-2.89931570191803
15569,3.7364,-2.5759393528275
15570,3.73664,-3.66825427570993
15571,3.73688,-2.82294703770449
15572,3.73712,-2.85798218162025
15573,3.73736,-3.70098953118786
15574,3.7376,-2.15323383999457
15575,3.73784,-3.26570749112794
15576,3.73808,-3.13942180175847
15577,3.73832,-2.4491943319107
15578,3.73856,-3.54836129544371
15579,3.7388,-3.05859351181106
15580,3.73904,-2.84814427890001
15581,3.73928,-3.56783661514692
15582,3.73952,-2.26075530937217
15583,3.73976,-3.01737852304576
15584,3.74,-3.3755122023429
15585,3.74024,-2.43802118943998
15586,3.74048,-3.65668368342014
15587,3.74072,-2.8136709390227
15588,3.74096,-2.85093166062275
15589,3.7412,-3.45376231032726
15590,3.74144,-2.15168747750839
15591,3.74168,-3.14316060910928
15592,3.74192,-3.37516724301039
15593,3.74216,-2.19629469124542
15594,3.7424,-3.18760802009909
15595,3.74264,-2.9445000431665
15596,3.74288,-2.62100546005621
15597,3.74312,-3.83084214943006
15598,3.74336,-2.51584257310734
15599,3.7436,-2.91726863098428
15600,3.74384,-3.27977134871083
15601,3.74408,-2.22234978051436
15602,3.74432,-3.33321703781436
15603,3.74456,-2.61635366080601
15604,3.7448,-3.12926603232602
15605,3.74504,-3.48174830063601
15606,3.74528,-2.30354536398019
15607,3.74552,-3.52814511811328
15608,3.74576,-2.91954508403239
15609,3.746,-2.7126723690586
15610,3.74624,-3.67890922232816
15611,3.74648,-2.2507732165989
15612,3.74672,-3.00794194537536
15613,3.74696,-3.36659670767387
15614,3.7472,-2.42960259277379
15615,3.74744,-3.64874002125067
15616,3.74768,-2.45283723897026
15617,3.74792,-3.08797120436099
15618,3.74816,-3.20609822660242
15619,3.7484,-2.51710025940317
15620,3.74864,-3.61518704716217
15621,3.74888,-2.77153662099974
15622,3.74912,-2.57156036881802
15623,3.74936,-3.66515408426457
15624,3.7496,-2.35438276966335
15625,3.74984,-2.99338919426983
15626,3.75008,-2.99588617226973
15627,3.75032,-2.78834065034174
15628,3.75056,-3.75047117599828
15629,3.7508,-2.31710827849935
15630,3.75104,-3.19216055992222
15631,3.75128,-3.4247840299215
15632,3.75152,-2.36507263485804
15633,3.75176,-3.46680658272829
15634,3.752,-2.86273909915365
15635,3.75224,-2.77733980672107
15636,3.75248,-3.5020986921127
15637,3.75272,-2.19632356396238
15638,3.75296,-3.42393943193358
15639,3.7532,-2.9385139681124
15640,3.75344,-2.73438893697541
15641,3.75368,-3.45925302001663
15642,3.75392,-2.15713334149033
15643,3.75416,-3.38734277783774
15644,3.7544,-2.78720874058375
15645,3.75464,-2.58663407696533
15646,3.75488,-3.67965536383182
15647,3.75512,-2.36833717644411
15648,3.75536,-3.00682057405067
15649,3.7556,-3.60224760161389
15650,3.75584,-2.4145804109216
15651,3.75608,-3.05235885612128
15652,3.75632,-3.17044468059869
15653,3.75656,-2.23820379971674
15654,3.7568,-3.46535868400647
15655,3.75704,-3.09448857397844
15656,3.75728,-2.04400700852918
15657,3.75752,-3.16021776735157
15658,3.75776,-3.51066728263755
15659,3.758,-2.33098050986208
15660,3.75824,-3.43559642819662
15661,3.75848,-2.94931185646186
15662,3.75872,-2.26638762887883
15663,3.75896,-3.13898914648903
15664,3.7592,-3.13351881223248
15665,3.75944,-2.56547932394444
15666,3.75968,-3.7771085789779
15667,3.75992,-2.69653477295251
15668,3.76016,-2.50041355742287
15669,3.7604,-3.48178700759933
15670,3.76064,-2.87677789662411
15671,3.76088,-2.79263099976726
15672,3.76112,-3.75954383025137
15673,3.76136,-2.67975444034093
15674,3.7616,-3.07167428192431
15675,3.76184,-3.42775983868015
15676,3.76208,-2.49097869892901
15677,3.76232,-3.58955782898192
15678,3.76256,-2.63045963995062
15679,3.7628,-2.91043117226958
15680,3.76304,-3.51144302894147
15681,3.76328,-2.20979408907193
15682,3.76352,-3.32153088984736
15683,3.76376,-3.07423133909054
15684,3.764,-2.62777270651683
15685,3.76424,-3.71826684891333
15686,3.76448,-2.524374608905
15687,3.76472,-2.80546666013876
15688,3.76496,-3.64947424012029
15689,3.7652,-2.10437723911934
15690,3.76544,-3.10178748056176
15691,3.76568,-3.21957910386075
15692,3.76592,-2.40781830755152
15693,3.76616,-3.51007071804507
15694,3.7664,-2.90477552527821
15695,3.76664,-2.93716442310931
15696,3.76688,-3.53707291124182
15697,3.76712,-2.11453191255178
15698,3.76736,-3.3459257997235
15699,3.7676,-3.21658334089994
15700,3.76784,-2.16224865252619
15701,3.76808,-2.92402092469951
15702,3.76832,-3.52454149309783
15703,3.76856,-2.22150836811599
15704,3.7688,-3.33151570501458
15705,3.76904,-3.08297973662894
15706,3.76928,-2.51640385847046
15707,3.76952,-3.49721834982277
15708,3.76976,-2.89167482908563
15709,3.77,-2.80701710797733
15710,3.77024,-3.65229831007255
15711,3.77048,-2.45963693693727
15712,3.77072,-3.21420812961323
15713,3.77096,-2.97209725137582
15714,3.7712,-2.76505802605292
15715,3.77144,-3.61218018783187
15716,3.77168,-2.30409905080606
15717,3.77192,-3.18090127154968
15718,3.77216,-3.17906053300805
15719,3.7724,-2.2492783800067
15720,3.77264,-3.4761846467566
15721,3.77288,-2.75261716633513
15722,3.77312,-2.67318970282867
15723,3.77336,-3.88120625665138
15724,3.7736,-2.56185785748425
15725,3.77384,-2.95993318330925
15726,3.77408,-3.43741146882128
15727,3.77432,-2.26114451920743
15728,3.77456,-3.36819179173175
15729,3.7748,-2.88464563451395
15730,3.77504,-2.68099643663727
15731,3.77528,-3.77060225373386
15732,3.77552,-2.33758229877334
15733,3.77576,-3.09272734904529
15734,3.776,-3.09169154688767
15735,3.77624,-2.64291841495483
15736,3.77648,-3.73422817886746
15737,3.77672,-2.42261770550972
15738,3.77696,-3.06168465770092
15739,3.7772,-3.53913458051639
15740,3.77744,-2.11619942024995
15741,3.77768,-3.34811622563554
15742,3.77792,-3.33775397553099
15743,3.77816,-2.27829498875121
15744,3.7784,-3.15498900521382
15745,3.77864,-3.38746224276154
15746,3.77888,-2.20861588405695
15747,3.77912,-3.08793039881558
15748,3.77936,-2.84928804401797
15749,3.7796,-2.76661088897703
15750,3.77984,-3.73144945542799
15751,3.78008,-2.41957496813611
15752,3.78032,-2.70637419045125
15753,3.78056,-3.6760137748754
15754,3.7808,-2.59663745686176
15755,3.78104,-2.99462528114549
15756,3.78128,-3.4733267307354
15757,3.78152,-2.29470856237302
15758,3.78176,-3.40299012966521
15759,3.782,-2.91755712966495
15760,3.78224,-2.71304616409715
15761,3.78248,-3.5625864138422
15762,3.78272,-2.25681863205325
15763,3.78296,-3.13583331707572
15764,3.7832,-3.49118100255721
15765,3.78344,-2.07041458168109
15766,3.78368,-3.30440524708652
15767,3.78392,-3.17577582154416
15768,3.78416,-2.36747595939894
15769,3.7844,-3.47174094743887
15770,3.78464,-2.75031046771118
15771,3.78488,-2.78920823102234
15772,3.78512,-3.6345823777457
15773,3.78536,-2.32527820855351
15774,3.7856,-2.9677967335348
15775,3.78584,-3.4464064053878
15776,3.78608,-2.26509240855434
15777,3.78632,-2.91114525956392
15778,3.78656,-3.51421579546542
15779,3.7868,-2.09293964816696
15780,3.78704,-3.32554297468174
15781,3.78728,-2.96209689262405
15782,3.78752,-2.39970976383799
15783,3.78776,-3.50001634208608
15784,3.788,-2.77782333060728
15785,3.78824,-2.69752025839306
15786,3.78848,-3.55044893228837
15787,3.78872,-2.24439913066585
15788,3.78896,-3.12403799572046
15789,3.7892,-3.12181458666276
15790,3.78944,-2.19172946275226
15791,3.78968,-3.30370280031405
15792,3.78992,-2.70686850548722
15793,3.79016,-2.86620109752663
15794,3.7904,-3.5876276052125
15795,3.79064,-2.40108705612378
15796,3.79088,-2.9236161504399
15797,3.79112,-3.04559464771704
15798,3.79136,-2.36026304812153
15799,3.7916,-3.46317675636587
15800,3.79184,-2.857674447513
15801,3.79208,-2.41837855162534
15802,3.79232,-3.51792485164319
15803,3.79256,-2.79500423583702
15804,3.7928,-2.71399086059224
15805,3.79304,-3.67951157770101
15806,3.79328,-2.36878558414111
15807,3.79352,-3.01038852702402
15808,3.79376,-3.24976274430657
15809,3.794,-2.07580046072622
15810,3.79424,-3.1911519631192
15811,3.79448,-2.71339542661955
15812,3.79472,-2.75228511069221
15813,3.79496,-3.47827529466247
15814,3.7952,-2.41202311703041
15815,3.79544,-2.93412990763981
15816,3.79568,-3.05570436761538
15817,3.79592,-2.3699863901097
15818,3.79616,-3.47253040937499
15819,3.7964,-2.75384014854989
15820,3.79664,-2.43763588827963
15821,3.79688,-3.53639744551423
15822,3.79712,-2.8127265266887
15823,3.79736,-2.7309955687318
15824,3.7976,-3.81871055011582
15825,3.79784,-2.50371880370948
15826,3.79808,-2.90596085250301
15827,3.79832,-3.50767827055862
15828,3.79856,-2.32471076756099
15829,3.7988,-2.96698230047282
15830,3.79904,-3.32811434517847
15831,3.79928,-2.14993010309901
15832,3.79952,-3.26562164033933
15833,3.79976,-3.25868294265226
15834,3.8,-2.20949535909864
15835,3.80024,-3.43671733121151
15836,3.80048,-2.83417328772241
15837,3.80072,-2.63177398910409
15838,3.80096,-3.72384804830149
15839,3.8012,-2.41170012687099
15840,3.80144,-3.05064193274695
15841,3.80168,-3.28793750000289
15842,3.80192,-2.35686303368168
15843,3.80216,-3.57991612550649
15844,3.8024,-2.62478319956219
15845,3.80264,-2.78568511991023
15846,3.80288,-3.50986062567089
15847,3.80312,-2.2066296160174
15848,3.80336,-3.20221716564761
15849,3.8036,-2.96062784069084
15850,3.80384,-2.3985224137549
15851,3.80408,-3.62105166690809
15852,3.80432,-2.54304317723117
15853,3.80456,-2.94324726107568
15854,3.8048,-3.54513613201491
15855,3.80504,-2.24166992138232
15856,3.80528,-3.00049679682743
15857,3.80552,-3.00166971881133
15858,3.80576,-2.43782702809639
15859,3.806,-3.540141927445
15860,3.80624,-2.81728616845624
15861,3.80648,-2.50061771026098
15862,3.80672,-3.59939217700934
15863,3.80696,-2.40730182839467
15864,3.8072,-2.81124649032456
15865,3.80744,-3.65418212350778
15866,3.80768,-2.3442847896923
15867,3.80792,-2.9862331556067
15868,3.80816,-3.34622827661099
15869,3.8084,-2.29069664861137
15870,3.80864,-3.3968537872676
15871,3.80888,-2.67896473776873
15872,3.80912,-2.8384409002234
15873,3.80936,-3.5608423173412
15874,3.8096,-2.25282701049689
15875,3.80984,-3.01296037431398
15876,3.81008,-3.01495823028993
15877,3.81032,-2.45317085250249
15878,3.81056,-3.66902303726678
15879,3.8108,-2.7092502409122
15880,3.81104,-2.75070588153767
15881,3.81128,-3.59807603398184
15882,3.81152,-2.29242344422345
15883,3.81176,-3.05342386373524
15884,3.812,-3.05282716424225
15885,3.81224,-2.249305090009
15886,3.81248,-3.35732938278585
15887,3.81272,-3.11085509292983
15888,3.81296,-2.06430680557141
15889,3.8132,-3.29799028530918
15890,3.81344,-3.0523413325928
15891,3.81368,-2.36521967870331
15892,3.81392,-3.46992338705794
15893,3.81416,-2.6334746028899
15894,3.8144,-2.79627797524954
15895,3.81464,-3.64173117131469
15896,3.81488,-2.33025740506879
15897,3.81512,-2.85267605821486
15898,3.81536,-3.45643136454481
15899,3.8156,-2.27416885586938
15900,3.81584,-3.03342387356829
15901,3.81608,-3.39012687181862
15902,3.81632,-2.2142495674014
15903,3.81656,-3.32555146827407
15904,3.8168,-3.08049828515184
15905,3.81704,-2.39654002809278
15906,3.81728,-3.38360273281538
15907,3.81752,-2.89942668330008
15908,3.81776,-2.57717690424959
15909,3.818,-3.67267191189795
15910,3.81824,-2.59521809670468
15911,3.81848,-2.87736808869196
15912,3.81872,-3.36028813614818
15913,3.81896,-2.18309572767642
15914,3.8192,-3.0622590496869
15915,3.81944,-2.70757976479048
15916,3.81968,-2.62980491134662
15917,3.81992,-3.72002960198294
15918,3.82016,-2.40955375744557
15919,3.8204,-2.932047514651
15920,3.82064,-3.29362919387096
15921,3.82088,-2.00088944098763
15922,3.82112,-3.00171152606196
15923,3.82136,-3.24003195424175
15924,3.8216,-2.18926323971989
15925,3.82184,-3.30084941008117
15926,3.82208,-3.05735803747162
15927,3.82232,-2.25551882671803
15928,3.82256,-3.3633578387047
15929,3.8228,-2.99863964442836
15930,3.82304,-2.43511222878752
15931,3.82328,-3.42052789452253
15932,3.82352,-2.69958636969922
15933,3.82376,-2.62219942986788
15934,3.824,-3.71279499955618
15935,3.82424,-2.4026736786171
15936,3.82448,-2.92550641982158
15937,3.82472,-3.28741211177608
15938,3.82496,-1.99498227274732
15939,3.8252,-3.11593858485228
15940,3.82544,-3.23213468208582
15941,3.82568,-2.18175074743762
15942,3.82592,-3.413528410574
15943,3.82616,-2.93034987805484
15944,3.8264,-2.49091285599216
15945,3.82664,-3.47396266015293
15946,3.82688,-2.7563674520734
15947,3.82712,-2.55891009068931
15948,3.82736,-3.65619915772384
15949,3.8276,-2.57954109348709
15950,3.82784,-2.86248839798369
15951,3.82808,-3.4646451386065
15952,3.82832,-2.16364932482918
15953,3.82856,-3.16137236121253
15954,3.8288,-3.04164893011007
15955,3.82904,-2.35995354324348
15956,3.82928,-3.46680108708426
15957,3.82952,-2.51121410689141
15958,3.82976,-2.79632436720866
15959,3.83,-3.76259428248759
15960,3.83024,-2.45040507749038
15961,3.83048,-2.8544184388276
15962,3.83072,-3.33887106384231
15963,3.83096,-2.04423241704644
15964,3.8312,-3.04329343370349
15965,3.83144,-3.04285995462929
15966,3.83168,-2.11841636018086
15967,3.83192,-3.23579759920615
15968,3.83216,-3.23093333633449
15969,3.8324,-2.05690470306085
15970,3.83264,-3.05884940854217
15971,3.83288,-3.17849340926765
15972,3.83312,-2.00804956629977
15973,3.83336,-3.12676307818181
15974,3.8336,-2.88924893055138
15975,3.83384,-2.21156101543907
15976,3.83408,-3.44211303918791
15977,3.83432,-2.83836827182118
15978,3.83456,-2.3999581147776
15979,3.8348,-3.50032292705396
15980,3.83504,-2.54376144133276
15981,3.83528,-2.71028904122823
15982,3.83552,-3.56228454379672
15983,3.83576,-2.13944267346012
15984,3.836,-3.02414883152001
15985,3.83624,-3.14441531354379
15986,3.83648,-2.4574385045278
15987,3.83672,-3.5574817516884
15988,3.83696,-2.83417970037727
15989,3.8372,-2.51576204410585
15990,3.83744,-3.49392065857079
15991,3.83768,-2.6574998121807
15992,3.83792,-2.58294358578674
15993,3.83816,-3.55463796445031
15994,3.8384,-2.13346880671048
15995,3.83864,-3.13480051757094
15996,3.83888,-3.13479949253
15997,3.83912,-2.08705593152814
15998,3.83936,-3.08427216101517
15999,3.8396,-3.20286873787643
16000,3.83984,-2.15388616129597
16001,3.84008,-3.14910497055609
16002,3.84032,-2.79082170055845
16003,3.84056,-2.4734802485182
16004,3.8408,-3.69007626259204
16005,3.84104,-2.37759988752238
16006,3.84128,-2.78450873949694
16007,3.84152,-3.63244479119852
16008,3.84176,-2.32250729044644
16009,3.842,-2.84724560772585
16010,3.84224,-3.09463249644648
16011,3.84248,-2.40857603410931
16012,3.84272,-3.51163334376275
16013,3.84296,-2.67188869652394
16014,3.8432,-2.5962896667185
16015,3.84344,-3.57228244922486
16016,3.84368,-2.38086724035392
16017,3.84392,-2.66955921222644
16018,3.84416,-3.52340144236289
16019,3.8444,-2.10232535277727
16020,3.84464,-2.98871986910316
16021,3.84488,-3.11060060710863
16022,3.84512,-2.18551003926444
16023,3.84536,-3.29483006520271
16024,3.8456,-2.69720035509759
16025,3.84584,-2.62051866585693
16026,3.84608,-3.71397838266638
16027,3.84632,-2.40400769811761
16028,3.84656,-2.81019155340901
16029,3.8468,-3.29453231056775
16030,3.84704,-2.12351593552979
16031,3.84728,-3.23818570815689
16032,3.84752,-2.9976437433914
16033,3.84776,-2.31801993074066
16034,3.848,-3.3074541541653
16035,3.84824,-2.94539025515476
16036,3.84848,-2.38440107526287
16037,3.84872,-3.37224334759956
16038,3.84896,-2.65537339246174
16039,3.8492,-2.58012786948814
16040,3.84944,-3.67277065442535
16041,3.84968,-2.36460860386195
16042,3.84992,-2.88931432348914
16043,3.85016,-3.37283803685432
16044,3.8504,-1.96100920210622
16045,3.85064,-2.9638217742982
16046,3.85088,-3.20578397229263
16047,3.85112,-2.15676033323187
16048,3.85136,-3.38983892438972
16049,3.8516,-2.78851069391427
16050,3.85184,-2.35241169083096
16051,3.85208,-3.45498634214726
16052,3.85232,-2.49923318812168
16053,3.85256,-2.66608581512001
16054,3.8528,-3.7576148341183
16055,3.85304,-2.44405466877037
16056,3.85328,-2.7296053506343
16057,3.85352,-3.21967445834475
16058,3.85376,-2.28990384148215
16059,3.854,-3.51762527454793
16060,3.85424,-2.44458140123093
16061,3.85448,-2.73012521211619
16062,3.85472,-3.45942884792649
16063,3.85496,-2.16058696720889
16064,3.8552,-2.92339857856189
16065,3.85544,-2.92970424742132
16066,3.85568,-2.49053954427277
16067,3.85592,-3.70605124608156
16068,3.85616,-2.3956307027454
16069,3.8564,-2.80185037704028
16070,3.85664,-3.52843304230791
16071,3.85688,-2.2266439833107
16072,3.85712,-2.75475413584933
16073,3.85736,-3.36273078105317
16074,3.8576,-1.9474417602168
16075,3.85784,-2.95221692491267
16076,3.85808,-2.83791038501756
16077,3.85832,-2.27988668024828
16078,3.85856,-3.38566004554221
16079,3.8588,-2.66562573753984
16080,3.85904,-2.59177218063192
16081,3.85928,-3.56937380115169
16082,3.85952,-2.49410635274555
16083,3.85976,-2.54359469633052
16084,3.86,-3.52329669466677
16085,3.86024,-2.68446226294537
16086,3.86048,-2.72826372299093
16087,3.86072,-3.21844155862549
16088,3.86096,-1.93014878170987
16089,3.8612,-3.05330478658683
16090,3.86144,-3.1720850227851
16091,3.86168,-2.12634045875526
16092,3.86192,-3.24011952036396
16093,3.86216,-2.99916561925507
16094,3.8624,-2.19974637322083
16095,3.86264,-3.19443161295796
16096,3.86288,-3.07265052796492
16097,3.86312,-2.26745226453096
16098,3.86336,-3.49360953866108
16099,3.8636,-2.30753219412913
16100,3.86384,-2.71938649026629
16101,3.86408,-3.32934067523922
16102,3.86432,-2.03713631397187
16103,3.86456,-3.04018697920683
16104,3.8648,-3.28068122781705
16105,3.86504,-1.98883339698996
16106,3.86528,-2.99056139487875
16107,3.86552,-3.23319260514045
16108,3.86576,-2.06106224896941
16109,3.866,-2.83000500327956
16110,3.86624,-3.07830917694925
16111,3.86648,-2.39313010334076
16112,3.86672,-3.49702637710726
16113,3.86696,-2.31084201563453
16114,3.8672,-2.72079422619498
16115,3.86744,-3.45316729158027
16116,3.86768,-2.03358691246235
16117,3.86792,-2.80416796447207
16118,3.86816,-3.53423732397971
16119,3.8684,-2.22787674038495
16120,3.86864,-2.75561263639243
16121,3.86888,-3.12262187676383
16122,3.86912,-2.07559686998842
16123,3.86936,-3.30924727494158
16124,3.8696,-2.59347227888812
16125,3.86984,-2.64003742266203
16126,3.87008,-3.61340237809813
16127,3.87032,-2.30799838680635
16128,3.87056,-2.59998854380707
16129,3.8708,-3.57471230214534
16130,3.87104,-2.15112606476401
16131,3.87128,-2.68308369239206
16132,3.87152,-3.41274525098627
16133,3.87176,-2.11168584777773
16134,3.872,-3.11463216402309
16135,3.87224,-2.87699050636399
16136,3.87248,-2.31822703507205
16137,3.87272,-3.30693642395173
16138,3.87296,-2.59040939972472
16139,3.8732,-2.51990993043597
16140,3.87344,-3.50071843845781
16141,3.87368,-2.42851775640418
16142,3.87392,-2.60031461783478
16143,3.87416,-3.57891825711173
16144,3.8744,-2.50507725944854
16145,3.87464,-2.79159983549223
16146,3.87488,-3.1575272953663
16147,3.87512,-2.11162369841539
16148,3.87536,-3.22608937942565
16149,3.8756,-2.63164287307362
16150,3.87584,-2.55800648031735
16151,3.87608,-3.53587565633092
16152,3.87632,-2.46301305184112
16153,3.87656,-2.51351568233229
16154,3.8768,-3.61313471138446
16155,3.87704,-2.30512165330789
16156,3.87728,-2.71494961576889
16157,3.87752,-3.08377552049154
16158,3.87776,-2.03848775027331
16159,3.878,-3.27379889201934
16160,3.87824,-2.55961172203583
16161,3.87848,-2.36980883854007
16162,3.87872,-3.3549784872316
16163,3.87896,-2.52228097863439
16164,3.8792,-2.57016988021725
16165,3.87944,-3.54623659683072
16166,3.87968,-2.12393438556573
16167,3.87992,-3.00742039738077
16168,3.88016,-2.65557429761044
16169,3.8804,-2.34350129138218
16170,3.88064,-3.56645591126573
16171,3.88088,-2.2631074311582
16172,3.88112,-2.79416581592685
16173,3.88136,-3.52473727835729
16174,3.8816,-2.21885864175158
16175,3.88184,-2.74881918026827
16176,3.88208,-3.48134021085455
16177,3.88232,-2.17738275334222
16178,3.88256,-2.70912211743335
16179,3.8828,-3.44252122545985
16180,3.88304,-2.02474343861168
16181,3.88328,-2.91255945002321
16182,3.88352,-2.80011530802864
16183,3.88376,-2.24387199844108
16184,3.884,-3.47117526600034
16185,3.88424,-2.40292542517192
16186,3.88448,-2.57589874866067
16187,3.88472,-3.55432165607004
16188,3.88496,-2.47984018496212
16189,3.8852,-2.53008025905924
16190,3.88544,-3.51050115310925
16191,3.88568,-2.55732629259384
16192,3.88592,-2.48829211108772
16193,3.88616,-3.4705358596887
16194,3.8864,-2.39970723299771
16195,3.88664,-2.57193520287458
16196,3.88688,-3.54529358057954
16197,3.88712,-2.35881568645875
16198,3.88736,-2.76855134274618
16199,3.8876,-2.89849866953675
16200,3.88784,-2.34062948887438
16201,3.88808,-3.32798311656563
16202,3.88832,-2.49604363562096
16203,3.88856,-2.54512970114651
16204,3.8888,-3.52361326871289
16205,3.88904,-2.45133808854865
16206,3.88928,-2.50240253005599
16207,3.88952,-3.48272062434188
16208,3.88976,-2.41225668064277
16209,3.89,-2.703337642434
16210,3.89024,-3.31584549076081
16211,3.89048,-2.02085094950201
16212,3.89072,-3.14456962056399
16213,3.89096,-2.67003173799632
16214,3.8912,-2.23887209046615
16215,3.89144,-3.34787123988031
16216,3.89168,-2.51685556674348
16217,3.89192,-2.3302006367978
16218,3.89216,-3.31675964835756
16219,3.8924,-2.7183960425796
16220,3.89264,-2.28645086868128
16221,3.89288,-3.27487546273599
16222,3.89312,-2.67838016513784
16223,3.89336,-2.36795291302562
16224,3.8936,-3.47266788534361
16225,3.89384,-2.40440139328127
16226,3.89408,-2.6949416683856
16227,3.89432,-3.06517175513664
16228,3.89456,-1.90177039949829
16229,3.8948,-3.14400252353266
16230,3.89504,-2.67036502906852
16231,3.89528,-2.23787959435019
16232,3.89552,-3.34566547204097
16233,3.89576,-2.39489567705377
16234,3.896,-2.44887197202894
16235,3.89624,-3.43286681608844
16236,3.89648,-2.36371343429019
16237,3.89672,-2.53842438943007
16238,3.89696,-3.51981482585071
16239,3.8972,-2.56584054436532
16240,3.89744,-2.61497461066415
16241,3.89768,-3.46929327861014
16242,3.89792,-2.16939221294226
16243,3.89816,-3.05485949400439
16244,3.8984,-2.82085869375987
16245,3.89864,-2.26636034623439
16246,3.89888,-3.49359275597942
16247,3.89912,-2.42445237833541
16248,3.89936,-2.47710465875109
16249,3.8996,-3.45729559669966
16250,3.89984,-2.26987952733495
16251,3.90008,-2.56326673899477
16252,3.90032,-3.54097213915197
16253,3.90056,-2.23706932379134
16254,3.9008,-2.64993769015152
16255,3.90104,-3.62519802155223
16256,3.90128,-2.43614752452335
16257,3.90152,-2.7248965410327
16258,3.90176,-3.3348031122235
16259,3.902,-2.15883371790459
16260,3.90224,-3.04480533737065
16261,3.90248,-2.6914023725648
16262,3.90272,-2.37873243178082
16263,3.90296,-3.48475927117682
16264,3.9032,-2.29616658560204
16265,3.90344,-2.58885600284218
16266,3.90368,-3.56678565640785
16267,3.90392,-2.26264995371297
16268,3.90416,-2.55680028009861
16269,3.9044,-3.53612590835232
16270,3.90464,-2.11394459260202
16271,3.90488,-2.64852334825051
16272,3.90512,-3.6251787680996
16273,3.90536,-2.31586729982065
16274,3.9056,-2.72577086942344
16275,3.90584,-3.2149364921493
16276,3.90608,-1.92262418221117
16277,3.90632,-3.28163753739218
16278,3.90656,-2.68834557729146
16279,3.9068,-2.37801245342255
16280,3.90704,-3.48232191288097
16281,3.90728,-2.29646310374629
16282,3.90752,-2.58961427665314
16283,3.90776,-3.44417501911289
16284,3.908,-2.02863913077241
16285,3.90824,-2.79916592448071
16286,3.90848,-3.28863585496919
16287,3.90872,-1.87638018574984
16288,3.90896,-2.88576618130204
16289,3.9092,-3.13401343829524
16290,3.90944,-1.84523306607553
16291,3.90968,-2.97102542998145
16292,3.90992,-2.97767482431889
16293,3.91016,-2.0600088710073
16294,3.9104,-3.17687471477586
16295,3.91064,-2.58729351408669
16296,3.91088,-2.40029840107073
16297,3.91112,-3.26005734105698
16298,3.91136,-1.97016226563883
16299,3.9116,-2.86131805917568
16300,3.91184,-2.87054223102953
16301,3.91208,-1.95448865207882
16302,3.91232,-2.95871916078741
16303,3.91256,-3.08310833571521
16304,3.9128,-2.04057599645891
16305,3.91304,-3.04238372738905
16306,3.91328,-3.04637244035648
16307,3.91352,-2.12702041583467
16308,3.91376,-3.12639234288972
16309,3.914,-2.89100062602675
16310,3.91424,-2.0939073229125
16311,3.91448,-3.20797709656989
16312,3.91472,-2.73469937982136
16313,3.91496,-2.30297061640176
16314,3.9152,-3.41143310839663
16315,3.91544,-2.34502536079053
16316,3.91568,-2.63866213609629
16317,3.91592,-3.130768335179
16318,3.91616,-1.84564574404607
16319,3.9164,-2.97140275266935
16320,3.91664,-2.74061954420109
16321,3.91688,-2.19057310753
16322,3.91712,-3.18626809514145
16323,3.91736,-2.47824839097414
16324,3.9176,-2.41274840787906
16325,3.91784,-3.39836945462988
16326,3.91808,-2.21314881992772
16327,3.91832,-2.50771462961296
16328,3.91856,-3.48661738586457
16329,3.9188,-2.06702835585833
16330,3.91904,-2.72131094238953
16331,3.91928,-3.45384545497486
16332,3.91952,-2.15204168776684
16333,3.91976,-2.80132145463373
16334,3.92,-3.16828341765509
16335,3.92024,-1.87979080156764
16336,3.92048,-3.24066624377186
16337,3.92072,-2.64743451018208
16338,3.92096,-2.21692744649861
16339,3.9212,-3.44721350118284
16340,3.92144,-2.38232938538444
16341,3.92168,-2.55537725252947
16342,3.92192,-3.29076504494794
16343,3.92216,-1.99957498499477
16344,3.9224,-2.76961583835618
16345,3.92264,-3.01816054748252
16346,3.92288,-2.09875084178608
16347,3.92312,-3.09933913442609
16348,3.92336,-2.86516724152107
16349,3.9236,-2.19204775577904
16350,3.92384,-3.18599006476591
16351,3.92408,-2.71365561165121
16352,3.92432,-2.28416411998568
16353,3.92456,-3.39217672693768
16354,3.9248,-2.44379400389703
16355,3.92504,-2.37721927107174
16356,3.92528,-3.47897555495001
16357,3.92552,-2.17782434905879
16358,3.92576,-2.712724893231
16359,3.926,-2.96415310253791
16360,3.92624,-1.80177268803408
16361,3.92648,-3.0492744313334
16362,3.92672,-2.58118320461427
16363,3.92696,-2.15438626181823
16364,3.9272,-3.38654943927459
16365,3.92744,-2.32212382235415
16366,3.92768,-2.37928502063057
16367,3.92792,-3.48361473645949
16368,3.92816,-1.94783584905417
16369,3.9284,-2.72061023494352
16370,3.92864,-3.21308400430164
16371,3.92888,-1.80763194803023
16372,3.92912,-2.93552514193254
16373,3.92936,-2.94459083221753
16374,3.9296,-1.9064045956386
16375,3.92984,-3.0286492095828
16376,3.93008,-2.67774355132989
16377,3.93032,-2.24808814436791
16378,3.93056,-3.23997994730476
16379,3.9308,-2.76491253604959
16380,3.93104,-2.3327307964876
16381,3.93128,-3.43905701501499
16382,3.93152,-2.48909916841677
16383,3.93176,-2.54208491304967
16384,3.932,-3.27676277944199
16385,3.93224,-2.10465846638211
16386,3.93248,-2.87539965563302
16387,3.93272,-2.76467834765976
16388,3.93296,-2.0915941308885
16389,3.9332,-3.20928775601543
16390,3.93344,-2.49935432972553
16391,3.93368,-2.31316164176946
16392,3.93392,-3.3018089956685
16393,3.93416,-2.35609223213198
16394,3.9344,-2.53120472589869
16395,3.93464,-3.51298010202525
16396,3.93488,-2.21126032160945
16397,3.93512,-2.62484576518624
16398,3.93536,-3.24046075911831
16399,3.9356,-1.83033273330127
16400,3.93584,-2.8395540892052
16401,3.93608,-2.96787103844679
16402,3.93632,-2.04934413863777
16403,3.93656,-3.16886451855403
16404,3.9368,-2.69641546645123
16405,3.93704,-2.26679563642166
16406,3.93728,-3.37599648061149
16407,3.93752,-2.42878763096368
16408,3.93776,-2.48440230510545
16409,3.938,-3.22159403605072
16410,3.93824,-2.05189393533773
16411,3.93848,-2.82493419036437
16412,3.93872,-2.83492308541985
16413,3.93896,-1.9178038080372
16414,3.9392,-3.04393652192232
16415,3.93944,-2.57429292874926
16416,3.93968,-2.14738831684154
16417,3.93992,-3.26265458348859
16418,3.94016,-2.3177410440164
16419,3.9404,-2.37471300576413
16420,3.94064,-3.47919839034076
16421,3.94088,-2.06256898856066
16422,3.94112,-2.59768992258152
16423,3.94136,-3.21272470359737
16424,3.9416,-1.80729235885716
16425,3.94184,-2.93520441972558
16426,3.94208,-2.94516814421739
16427,3.94232,-2.03069518998057
16428,3.94256,-3.14884975494195
16429,3.9428,-2.55830713385071
16430,3.94304,-2.25061659196112
16431,3.94328,-3.35788526405118
16432,3.94352,-2.2929455902524
16433,3.94376,-2.58844836143101
16434,3.944,-3.32587251593396
16435,3.94424,-2.03183969387709
16436,3.94448,-2.8070354071463
16437,3.94472,-3.05830106491533
16438,3.94496,-1.89311789584909
16439,3.9452,-2.90527970897136
16440,3.94544,-2.91485575259396
16441,3.94568,-1.75850060906343
16442,3.94592,-3.00704080293779
16443,3.94616,-2.65795568106448
16444,3.9464,-1.98951281307061
16445,3.94664,-3.23058503762558
16446,3.94688,-2.52189244901233
16447,3.94712,-2.09685409452801
16448,3.94736,-3.33236939671816
16449,3.9476,-2.38837401029586
16450,3.94784,-2.20697774043802
16451,3.94808,-3.43684932561338
16452,3.94832,-2.13927276246684
16453,3.94856,-2.43926060812172
16454,3.9488,-3.30170296013325
16455,3.94904,-2.01130698176463
16456,3.94928,-2.54951735169063
16457,3.94952,-3.04766839739852
16458,3.94976,-1.7648549981283
16459,3.95,-2.7791393488178
16460,3.95024,-2.79195181406874
16461,3.95048,-2.00047359280901
16462,3.95072,-3.00403864767666
16463,3.95096,-2.53523838531152
16464,3.9512,-2.22983271401454
16465,3.95144,-3.22208956601569
16466,3.95168,-2.16044359157822
16467,3.95192,-2.69607954686174
16468,3.95216,-3.19134176608251
16469,3.9524,-1.78291721955368
16470,3.95264,-2.90964703710831
16471,3.95288,-2.79876027727617
16472,3.95312,-2.00696930120073
16473,3.95336,-3.24420586549982
16474,3.9536,-2.53493527651379
16475,3.95384,-2.22951284667812
16476,3.95408,-3.45663499870253
16477,3.95432,-2.27495597697563
16478,3.95456,-2.57250441216127
16479,3.9548,-3.30934862926903
16480,3.95504,-2.13580804557224
16481,3.95528,-2.67251616966315
16482,3.95552,-3.04550957020343
16483,3.95576,-1.8808638043714
16484,3.956,-2.89485156435524
16485,3.95624,-2.9056718723221
16486,3.95648,-1.74581924247568
16487,3.95672,-2.99573841756172
16488,3.95696,-2.76608751984087
16489,3.9572,-1.85455731412613
16490,3.95744,-3.09975148265075
16491,3.95768,-2.51222479901862
16492,3.95792,-2.08755953809881
16493,3.95816,-3.20495302574536
16494,3.9584,-2.49868845317703
16495,3.95864,-2.07679191656649
16496,3.95888,-3.31272891258578
16497,3.95912,-2.36956636406958
16498,3.95936,-2.18896680653439
16499,3.9596,-3.41784285772773
16500,3.95984,-2.23784133832012
16501,3.96008,-2.2986940989847
16502,3.96032,-3.28662297634679
16503,3.96056,-2.1101539275793
16504,3.9608,-2.41141341854392
16505,3.96104,-3.27197222976722
16506,3.96128,-2.10008567584216
16507,3.96152,-2.40127023571709
16508,3.96176,-3.14160654119859
16509,3.962,-1.97405846454821
16510,3.96224,-2.63368684577069
16511,3.96248,-3.01008243938682
16512,3.96272,-1.84695882303511
16513,3.96296,-2.62538331424419
16514,3.9632,-2.88057403276167
16515,3.96344,-1.72179241058263
16516,3.96368,-2.73700493340227
16517,3.96392,-2.87019184546444
16518,3.96416,-1.71573655892079
16519,3.9644,-2.84890067385112
16520,3.96464,-2.74190836109426
16521,3.96488,-1.83143283346048
16522,3.96512,-2.95951306146872
16523,3.96536,-2.61244926341575
16524,3.9656,-1.9459399687394
16525,3.96584,-3.07122312750515
16526,3.96608,-2.48490858739219
16527,3.96632,-2.06140241249183
16528,3.96656,-3.18123163864596
16529,3.9668,-2.47639323707962
16530,3.96704,-2.05543672463062
16531,3.96728,-3.29227226915821
16532,3.96752,-2.34996926243294
16533,3.96776,-2.17019162529176
16534,3.968,-3.40161142405681
16535,3.96824,-2.22228448916093
16536,3.96848,-2.28378250188881
16537,3.96872,-3.27232835706621
16538,3.96896,-2.09644934840214
16539,3.9692,-2.39827328509041
16540,3.96944,-3.26111622449329
16541,3.96968,-2.08966904695869
16542,3.96992,-2.39127382557995
16543,3.97016,-3.13201195347669
16544,3.9704,-1.96484815814056
16545,3.97064,-2.62484411042513
16546,3.97088,-2.99985985962031
16547,3.97112,-1.83714843643576
16548,3.97136,-2.61596711638937
16549,3.9716,-2.87153478525098
16550,3.97184,-1.71311333966085
16551,3.97208,-2.84849654859295
16552,3.97232,-2.86046818510459
16553,3.97256,-1.70640351520987
16554,3.9728,-2.83994084378018
16555,3.97304,-2.73330556537903
16556,3.97328,-1.82317095635207
16557,3.97352,-3.07095852074969
16558,3.97376,-2.60311967210832
16559,3.974,-1.93698328321435
16560,3.97424,-3.06262308760613
16561,3.97448,-2.59514394607689
16562,3.97472,-1.92935123519238
16563,3.97496,-3.17295747806622
16564,3.9752,-2.46668856925388
16565,3.97544,-2.04396754458055
16566,3.97568,-3.16186498176526
16567,3.97592,-2.45745145849009
16568,3.97616,-2.03724025249942
16569,3.9764,-3.27179768507851
16570,3.97664,-2.33031956335321
16571,3.97688,-2.27121190496269
16572,3.97712,-3.37880515234029
16573,3.97736,-2.20043440573758
16574,3.9776,-2.26284714448712
16575,3.97784,-3.24920623277334
16576,3.97808,-2.07652324235514
16577,3.97832,-2.61699916973801
16578,3.97856,-2.99407861986091
16579,3.9788,-1.83158851251485
16580,3.97904,-2.72999921678231
16581,3.97928,-2.86340003956038
16582,3.97952,-1.70875509923551
16583,3.97976,-2.95759324853464
16584,3.98,-2.61098489219834
16585,3.98024,-1.94448151368358
16586,3.98048,-3.18740794229014
16587,3.98072,-2.48136854260378
16588,3.98096,-2.17996731432509
16589,3.9812,-3.29062389900789
16590,3.98144,-2.11172653738978
16591,3.98168,-2.41283761509404
16592,3.98192,-3.27325533805055
16593,3.98216,-1.98402899818842
16594,3.9824,-2.76119255141447
16595,3.98264,-2.89494336883723
16596,3.98288,-1.7354625515691
16597,3.98312,-2.86983326988099
16598,3.98336,-2.76100230382242
16599,3.9836,-1.84959531888275
16600,3.98384,-3.09315158493618
16601,3.98408,-2.5062451026806
16602,3.98432,-2.08345913537736
16603,3.98456,-3.31597859649415
16604,3.9848,-2.25405005550766
16605,3.98504,-2.07797063068413
16606,3.98528,-3.07893066974236
16607,3.98552,-2.61112010772132
16608,3.98576,-2.18685078334434
16609,3.986,-3.29808587828935
16610,3.98624,-2.00121353015573
16611,3.98648,-2.42080872034057
16612,3.98672,-3.40333998524282
16613,3.98696,-1.98860373105403
16614,3.9872,-2.76513577264275
16615,3.98744,-2.89955056036212
16616,3.98768,-1.86625091717938
16617,3.98792,-2.87334966060963
16618,3.98816,-2.41101601065937
16619,3.9884,-2.2285071741791
16620,3.98864,-3.33705542577891
16621,3.98888,-2.04325705382338
16622,3.98912,-2.4662432891267
16623,3.98936,-3.08687886717141
16624,3.9896,-1.80397477759715
16625,3.98984,-2.70270088658568
16626,3.99008,-2.95792800469623
16627,3.99032,-1.80134592837481
16628,3.99056,-2.9310751163018
16629,3.9908,-2.58515862968482
16630,3.99104,-2.04174606973422
16631,3.99128,-3.16100857697043
16632,3.99152,-2.10187940640014
16633,3.99176,-2.40338446746601
16634,3.992,-3.26637819734833
16635,3.99224,-1.85803767130294
16636,3.99248,-2.75524385405107
16637,3.99272,-2.65136675056549
16638,3.99296,-1.74469702715047
16639,3.9932,-2.87601886591733
16640,3.99344,-2.64877853874741
16641,3.99368,-1.86469169160054
16642,3.99392,-2.99164795421879
16643,3.99416,-2.29016707180407
16644,3.9944,-2.11247828480751
16645,3.99464,-3.34497996546452
16646,3.99488,-2.04908782441085
16647,3.99512,-2.35194961410458
16648,3.99536,-3.3400670635039
16649,3.9956,-1.92978434976703
16650,3.99584,-2.70838719693049
16651,3.99608,-2.96421505978136
16652,3.99632,-1.68661793356353
16653,3.99656,-2.93636155101034
16654,3.9968,-2.47166469006227
16655,3.99704,-2.17016626506113
16656,3.99728,-3.04854851719069
16657,3.99752,-2.34633457059514
16658,3.99776,-2.17055178520285
16659,3.998,-3.28244616382848
16660,3.99824,-1.98620401230939
16661,3.99848,-2.64517486367
16662,3.99872,-3.02265406541255
16663,3.99896,-1.86411416777134
16664,3.9992,-2.99018387220235
16665,3.99944,-2.17112615708468
16666,3.99968,-2.2347306059118
16667,3.99992,-3.34382474700764
