1,8.000000000008e-05,1.96503711806507
2,0.000320000000000098,1.07623262892485
3,0.000560000000000116,1.29693607766233
4,0.000800000000000134,1.60263992593627
5,0.00103999999999993,0.620186251009129
6,0.00127999999999995,2.14791548956004
7,0.00151999999999997,0.903855812732076
8,0.00175999999999998,1.36426687713696
9,0.002,1.55195940449308
10,0.00224000000000002,0.687169586416342
11,0.00248000000000004,2.21675019806445
12,0.00272000000000006,0.613590378612405
13,0.00296000000000007,1.44134400678279
14,0.00320000000000009,1.3877318732513
15,0.00344000000000011,0.530046237357128
16,0.00368000000000013,2.06642122819148
17,0.00391999999999992,0.702012990684215
18,0.00415999999999994,1.4118154468561
19,0.00439999999999996,1.36895771848804
20,0.00463999999999998,0.751724762558142
21,0.00488,1.79688071349733
22,0.00512000000000001,0.682137732607626
23,0.00536000000000003,1.62884839251316
24,0.00560000000000005,1.09855275053573
25,0.00584000000000007,0.839499799342068
26,0.00608000000000009,1.64591822567246
27,0.0063200000000001,1.35515242561813
28,0.00656000000000012,0.858624591318748
29,0.00679999999999992,1.89862235937113
30,0.00703999999999994,0.897532715785231
31,0.00727999999999995,0.885273868584912
32,0.00751999999999997,1.20263576375872
33,0.00775999999999999,1.30717367235046
34,0.00800000000000001,1.62867915192642
35,0.00824000000000003,1.34038139570056
36,0.00848000000000004,0.72543351339684
37,0.00872000000000006,2.00260232683138
38,0.00896000000000008,0.644819416514685
39,0.0092000000000001,1.11277778511899
40,0.00944000000000011,1.3104308039568
41,0.00968000000000013,1.29556958802844
42,0.00991999999999993,1.85501523355549
43,0.0101599999999999,1.0888124474331
44,0.0104,0.955339316799359
45,0.01064,2.10916760236787
46,0.01088,0.395879276930874
47,0.01112,1.34349021245412
48,0.01136,1.42042233573281
49,0.0116000000000001,1.04593197777455
50,0.0118400000000001,2.0815976246126
51,0.0120800000000001,0.600414944884639
52,0.0123200000000001,1.42846032475047
53,0.0125600000000001,1.61479948588801
54,0.0127999999999999,0.272421713368953
55,0.0130399999999999,1.81407602775558
56,0.01328,0.93145506683905
57,0.01352,1.15807208107075
58,0.01376,1.82759193945323
59,0.014,0.356099679787137
60,0.01424,1.89887218326076
61,0.01448,1.1234915668493
62,0.0147200000000001,0.750636039143279
63,0.0149600000000001,1.8025447455051
64,0.0152000000000001,0.330353398603799
65,0.0154400000000001,1.87243419962034
66,0.0156799999999999,1.09642871530706
67,0.0159199999999999,1.07813477048247
68,0.01616,1.64682087309296
69,0.0164,0.998829633439052
70,0.01664,1.22911928328428
71,0.01688,1.07096385061532
72,0.01712,0.812783176810037
73,0.01736,1.74208534186599
74,0.0176000000000001,1.21143925768199
75,0.0178400000000001,0.955329448527714
76,0.0180800000000001,1.87922696350228
77,0.0183200000000001,0.878655104073553
78,0.0185600000000001,1.10394037363433
79,0.0187999999999999,1.30170536392253
80,0.0190399999999999,1.28695088647711
81,0.01928,1.72666079468128
82,0.01952,1.08211031608541
83,0.01976,0.948661084356087
84,0.02,1.86240151098234
85,0.02024,0.27374786064451
86,0.0204800000000001,1.81469778070519
87,0.0207200000000001,0.695203267927432
88,0.0209600000000001,1.16062841880465
89,0.0212000000000001,1.71308633950433
90,0.0214400000000001,0.250718026974365
91,0.0216799999999999,2.02702957093989
92,0.0219199999999999,0.543990810296948
93,0.02216,1.25840720957761
94,0.0224,1.34064454492841
95,0.02264,0.59732182321103
96,0.02288,1.89054998231855
97,0.02312,0.765041923790047
98,0.02336,1.47503092817782
99,0.0236000000000001,1.309914795917
100,0.0238400000000001,0.923075069511015
101,0.0240800000000001,0.90962605681526
102,0.0243200000000001,1.34878917813183
103,0.0245599999999999,0.854707454042803
104,0.0247999999999999,1.7827854558664
105,0.02504,0.78621033370086
106,0.02528,1.01531751481384
107,0.02552,1.3334595625143
108,0.02576,0.599007174892827
109,0.026,2.01189650994547
110,0.02624,0.298014338629995
111,0.0264800000000001,1.6063603036027
112,0.0267200000000001,1.0742912474214
113,0.0269600000000001,0.941994236752429
114,0.0272000000000001,1.51065898384137
115,0.0274400000000001,0.285675399882098
116,0.0276799999999999,1.82632062918883
117,0.0279199999999999,1.05370427605595
118,0.02816,0.922283689369666
119,0.0284,1.72666924371992
120,0.02864,0.614289618057751
121,0.02888,1.08744223138289
122,0.02912,1.04928214007981
123,0.0293600000000001,1.03394572402914
124,0.0296000000000001,1.47780709764818
125,0.0298400000000001,0.958836281746337
126,0.0300800000000001,1.06436298298143
127,0.0303200000000001,1.49967189967736
128,0.0305599999999999,0.285065328482927
129,0.0307999999999999,1.82521084610546
130,0.03104,0.704943821965795
131,0.03128,1.05858477587232
132,0.03152,1.61514333870409
133,0.03176,0.511867631963554
134,0.032,1.92223620664272
135,0.03224,0.330155734999741
136,0.0324800000000001,1.52008946239603
137,0.0327200000000001,1.23037491535986
138,0.0329600000000001,0.618334392046595
139,0.0332000000000001,1.66845727203071
140,0.0334400000000001,0.558460931126236
141,0.0336799999999999,1.38987839129433
142,0.03392,0.985045993197542
143,0.03416,0.730087746634497
144,0.0344,1.66377492465216
145,0.03464,0.776524724793316
146,0.03488,1.12884175177322
147,0.03512,1.57759773937961
148,0.0353600000000001,1.05801445388849
149,0.0356000000000001,0.927733557785231
150,0.0358400000000001,1.84887007996618
151,0.0360800000000001,0.37626648264637
152,0.0363200000000001,1.32881252909454
153,0.0365599999999999,1.40068131271033
154,0.0367999999999999,0.7815729645531
155,0.03704,1.23619110299579
156,0.03728,1.1932730288325
157,0.03752,0.818735459114347
158,0.03776,1.86003852364486
159,0.038,0.626988280989811
160,0.0382400000000001,1.0983548165557
161,0.0384800000000001,1.65644339404006
162,0.0387200000000001,0.189903801817318
163,0.0389600000000001,1.49818336846055
164,0.0392000000000001,1.20922608383427
165,0.0394399999999999,0.717306414759369
166,0.0396799999999999,1.29624123477566
167,0.03992,1.25541005942491
168,0.04016,0.883731352498096
169,0.0404,1.92560225631434
170,0.04064,0.450355211245668
171,0.04088,1.39954856095395
172,0.04112,1.23857779164067
173,0.0413600000000001,0.383202754296377
174,0.0416000000000001,1.68780578399911
175,0.0418400000000001,0.57318883242631
176,0.0420800000000001,1.04327982412317
177,0.0423200000000001,1.48036646593537
178,0.0425599999999999,0.498106941341696
179,0.0427999999999999,1.1993591864207
180,0.04304,1.39699558959013
181,0.04328,0.303274412650729
182,0.04352,1.49099970482631
183,0.04376,1.20221308700427
184,0.044,0.70611519421734
185,0.0442400000000001,1.0453123454945
186,0.0444800000000001,1.36425979268242
187,0.0447200000000001,0.274050812142452
188,0.0449600000000001,1.81074212784002
189,0.0452000000000001,0.692446143197488
190,0.0454399999999999,0.931712458478256
191,0.0456799999999999,1.26888155432316
192,0.04592,0.991164757057172
193,0.04616,0.982918872438699
194,0.0464,0.948770107741918
195,0.04664,0.937271414955542
196,0.04688,1.50640439512848
197,0.0471200000000001,1.10850418908461
198,0.0473600000000001,0.619655258052514
199,0.0476000000000001,1.90374858184371
200,0.0478400000000001,0.313324430344824
201,0.0480800000000001,1.4952201864912
202,0.0483199999999999,0.614877332381281
203,0.0485599999999999,1.20993894521487
204,0.0488,1.29606899050455
205,0.04904,0.667630118582659
206,0.04928,1.13687704084919
207,0.04952,1.33477522784898
208,0.04976,0.358609557619846
209,0.05,1.06569353917384
210,0.0502400000000001,1.38609893744451
211,0.0504800000000001,0.651249466894113
212,0.0507200000000001,1.70377356739171
213,0.0509600000000001,0.589515785257218
214,0.0512000000000001,1.30534299860575
215,0.0514399999999999,1.14720401229543
216,0.0516799999999999,0.648492629596286
217,0.05192,1.23088448588024
218,0.05216,1.19514099116298
219,0.0524,0.825690882071411
220,0.05264,1.75073806859085
221,0.05288,0.281873344069838
222,0.0531200000000001,1.23799587114882
223,0.0533600000000001,1.07622043457745
224,0.0536000000000001,0.702497468351692
225,0.0538400000000001,1.16002493713316
226,0.0540800000000001,1.12295112841163
227,0.0543199999999999,0.751338760496472
228,0.0545599999999999,1.91184821036365
229,0.0548,0.324754531165593
230,0.05504,1.27760229687747
231,0.05528,1.35456489662796
232,0.05552,0.616141602146921
233,0.05576,0.845995065239547
234,0.056,1.28999448433241
235,0.0562400000000001,0.320317130093809
236,0.0564800000000001,1.38312795590302
237,0.0567200000000001,0.860286408538851
238,0.0569600000000001,0.852308510010504
239,0.0571999999999999,1.42480817534889
240,0.0574399999999999,0.785208778881917
241,0.05768,1.02135276269771
242,0.05792,1.59260468230471
243,0.05816,0.956189334400343
244,0.0584,0.829620704520453
245,0.05864,1.75430719284112
246,0.05888,0.525192909233447
247,0.0591200000000001,1.00167112999584
248,0.0593600000000001,1.56330442920926
249,0.0596000000000001,0.100151964856531
250,0.0598400000000001,1.64742929384439
251,0.0600800000000001,0.881588137874229
252,0.0603199999999999,0.875600635932621
253,0.0605599999999999,1.21427534253833
254,0.0608,1.17812935729834
255,0.06104,0.569943623096337
256,0.06128,1.85751663329728
257,0.06152,0.149247010572186
258,0.06176,1.69521604107251
259,0.0620000000000001,0.69282800112521
260,0.0622400000000001,0.806979280597477
261,0.0624800000000001,1.38128936928493
262,0.0627200000000001,0.869425565985755
263,0.0629600000000001,0.744703095169502
264,0.0631999999999999,1.55010250385136
265,0.0634399999999999,0.214632918756988
266,0.06368,1.5223783442585
267,0.06392,0.76276405874988
268,0.06416,0.636735325754709
269,0.0644,1.57748763717657
270,0.06464,0.698742708969725
271,0.06488,0.934844414273021
272,0.0651200000000001,1.25954267288977
273,0.0653600000000001,0.644770874775686
274,0.0656000000000001,0.993327491865586
275,0.0658400000000001,1.19661919756766
276,0.0660799999999999,0.468618323850762
277,0.0663199999999999,1.17039578472507
278,0.06656,1.01651673636503
279,0.0668,0.892845524785244
280,0.06704,1.46411994775682
281,0.06728,0.708756474633868
282,0.06752,1.06682354677724
283,0.06776,1.27106231183117
284,0.0680000000000001,0.294882775795439
285,0.0682400000000001,1.59983817768171
286,0.0684800000000001,0.597036139704505
287,0.0687200000000001,0.834094035099156
288,0.0689600000000001,1.05446257174044
289,0.0691999999999999,1.01843368799436
290,0.0694399999999999,0.891066956760575
291,0.06968,1.46018429442574
292,0.06992,0.235213511679861
293,0.07016,1.19281809515748
294,0.0704,0.916150613375269
295,0.07064,0.908314507207584
296,0.0708800000000001,1.36374121630768
297,0.0711200000000001,0.612620124653834
298,0.0713600000000001,0.854522498569171
299,0.0716000000000001,1.19421373067326
300,0.0718400000000001,1.15942941759996
301,0.0720799999999999,0.79135206645141
302,0.0723199999999999,1.35692601866185
303,0.07256,0.61784902007848
304,0.0728,0.496788232122469
305,0.07304,1.78540262253851
306,0.07328,0.197965922275691
307,0.07352,1.50783687639287
308,0.07376,0.869205755415897
309,0.0740000000000001,0.619720186200733
310,0.0742400000000001,1.44014518309906
311,0.0744800000000001,0.80983400426196
312,0.0747200000000001,0.682526901580411
313,0.0749600000000001,1.12994862098147
314,0.0751999999999999,0.163126593539903
315,0.07544,1.70890120141805
316,0.07568,0.717323080587383
317,0.07592,0.474278457498655
318,0.07616,1.6504788837825
319,0.0764,0.185221825291165
320,0.07664,1.26374910277701
321,0.0768800000000001,0.987637245371934
322,0.0771200000000001,0.617008789780103
323,0.0773600000000001,1.1990964931846
324,0.0776000000000001,1.04360198566663
325,0.0778400000000001,0.0800149840332649
326,0.0780799999999999,1.39313801636295
327,0.0783199999999999,0.63867016841974
328,0.07856,0.753701065013745
329,0.0788,1.33196054534141
330,0.07904,0.940650558025313
331,0.07928,0.577474023793242
332,0.07952,1.74908220059035
333,0.0797600000000001,0.163012821212196
334,0.0800000000000001,1.47552693431582
335,0.0802400000000001,0.837627293892595
336,0.0804800000000001,0.707854760486057
337,0.0807200000000001,1.17081703420762
338,0.0809599999999999,0.783804580592843
339,0.0811999999999999,0.657414534075496
340,0.08144,1.10571305667119
341,0.08168,0.139729040665852
342,0.08192,1.68630529678914
343,0.08216,0.695492918332069
344,0.0824,0.453180212009954
345,0.08264,1.63008044233091
346,0.0828800000000001,0.165491187034588
347,0.0831200000000001,1.2446569798535
348,0.0833600000000001,0.969155025091699
349,0.0836000000000001,0.599108373573804
350,0.0838400000000001,1.18526898428243
351,0.0840799999999999,0.669742392697107
352,0.08432,0.788060233891907
353,0.08456,1.368588654954
354,0.0848,0.856506971058236
355,0.08504,0.491134654605489
356,0.08528,1.54343456967019
357,0.08552,0.0846361351060059
358,0.0857600000000001,1.39728990618913
359,0.0860000000000001,0.64237951572434
360,0.0862400000000001,0.998872865340988
361,0.0864800000000001,0.971841268550645
362,0.0867200000000001,0.594630359330151
363,0.0869599999999999,0.710676874106793
364,0.0871999999999999,1.03924229599691
365,0.08744,0.553144572572037
366,0.08768,1.01955978636686
367,0.08792,1.10726015383287
368,0.08816,0.264323330326335
369,0.0884,1.21522689400862
370,0.0886400000000001,0.821997422205421
371,0.0888800000000001,0.937889168320559
372,0.0891200000000001,1.15089548789031
373,0.0893600000000001,0.885195978693879
374,0.0896000000000001,0.404675197669929
375,0.0898399999999999,1.69805191236638
376,0.0900799999999999,0.114278288795514
377,0.09032,1.30826297289947
378,0.09056,0.790606893801559
379,0.0908,0.547017644013328
380,0.09104,1.13168002855982
381,0.09128,0.623553433143047
382,0.09152,0.861610799792417
383,0.0917600000000001,1.3136436787374
384,0.0920000000000001,0.0986376026131193
385,0.0922400000000001,1.41395563143653
386,0.0924800000000001,0.657191064993781
387,0.0927200000000001,0.412368987142997
388,0.0929599999999999,1.24117810183905
389,0.0931999999999999,0.734351860674637
390,0.09344,0.613667309414813
391,0.09368,1.66689021975182
392,0.09392,0.205486496835923
393,0.09416,0.926530306724355
394,0.0944,0.660588259564395
395,0.0946400000000001,0.776791895823071
396,0.0948800000000001,0.996605798660451
397,0.0951200000000001,0.965707666514276
398,0.0953600000000001,0.247613245435399
399,0.0956000000000001,0.95801317075894
400,0.0958399999999999,0.805782644916841
401,0.0960799999999999,0.560868061648915
402,0.09632,1.38049415540176
403,0.09656,0.158086295944226
404,0.0968,1.11462879618168
405,0.09704,0.840455714541036
406,0.09728,0.715624312189467
407,0.0975200000000001,0.945004558073185
408,0.0977600000000001,0.919309165350243
409,0.0980000000000001,0.319834129472698
410,0.0982400000000001,1.61661701561304
411,0.0984800000000001,0.0360994652447821
412,0.0987199999999999,0.994421356329038
413,0.0989599999999999,1.07879100032832
414,0.0992,0.228462217439879
415,0.09944,1.18054476403275
416,0.09968,0.788440424697212
417,0.09992,0.0670219684522126
418,0.10016,1.6143877379716
419,0.1004,0.268768013136097
420,0.10064,1.1084123705317
421,0.10088,0.715424173309645
422,0.10112,0.708777652535302
423,0.10136,1.28955969233861
424,0.1016,0.66572062002294
425,0.10184,0.425267805237964
426,0.10208,1.47811087220596
427,0.10232,-0.10174414967061
428,0.10256,1.21410691911314
429,0.1028,0.58112941620064
430,0.10304,0.699217460648329
431,0.10328,0.927793715107608
432,0.10352,1.01894631196812
433,0.10376,0.0568267962945606
434,0.104,1.36658482285776
435,0.10424,0.255968141715829
436,0.10448,0.861317180298642
437,0.10472,1.08016728528215
438,0.10496,0.817004741768011
439,0.1052,0.33891079348983
440,0.10544,1.39539448538067
441,0.10568,-0.0611525946999134
442,0.10592,1.25369360866687
443,0.10616,0.383224993123157
444,0.1064,0.746344342809405
445,0.10664,1.2067387798141
446,0.10688,0.580620251289566
447,0.10712,0.700993224853757
448,0.10736,1.03442641171212
449,0.1076,0.187037610702742
450,0.10784,1.02079402400187
451,0.10808,0.992230666480696
452,0.10832,0.627218328316647
453,0.10856,1.44705246328208
454,0.1088,0.224792916392136
455,0.10904,0.827286329330203
456,0.10928,1.03707115623811
457,0.10952,0.663610461911439
458,0.10976,0.659523536577619
459,0.11,0.992136319095214
460,0.11024,0.149520041236624
461,0.11048,1.33953293278852
462,0.11072,0.474826746266514
463,0.11096,0.59845359594467
464,0.1112,1.29870927243537
465,0.11144,0.314611082412751
466,0.11168,1.04037284680596
467,0.11192,0.772769327887665
468,0.11216,0.410276296281105
469,0.1124,0.880751490864507
470,0.11264,1.09346487722144
471,0.11288,0.254157501230411
472,0.11312,1.20116234937292
473,0.11336,0.574605229457097
474,0.1136,0.33646647797179
475,0.11384,1.51735918493505
476,0.11408,0.292703572436348
477,0.11432,0.539173510494229
478,0.11456,1.12205432266218
479,0.1148,0.379952291259027
480,0.11504,0.746353484946879
481,0.11528,0.843071260975236
482,0.11552,0.356279931806869
483,0.11576,0.951894453357491
484,0.116,0.926047198353639
485,0.11624,-0.0350731416543761
486,0.11648,1.28171635391759
487,0.11672,0.529857309254031
488,0.11696,0.529390874679183
489,0.1172,1.11960597620726
490,0.11744,0.615899726015894
491,0.11768,0.499518365101179
492,0.11792,1.55686210071469
493,0.11816,0.0993996367099754
494,0.1184,0.820738768464657
495,0.11864,0.558551563875206
496,0.11888,0.678346891639735
497,0.11912,0.901597737194985
498,0.11936,0.760281208900266
499,0.1196,0.518990018610892
500,0.11984,1.21376254288978
501,0.12008,0.00341682845358426
502,0.12032,1.19857954397069
503,0.12056,0.568777820924348
504,0.1208,0.449677030386007
505,0.12104,1.27588364752274
506,0.12128,0.413590038157403
507,0.12152,0.778223097898225
508,0.12176,0.993155460207616
509,0.122,0.145745595673211
510,0.12224,1.10062190521934
511,0.12248,0.714669799501838
512,0.12272,0.114613287715207
513,0.12296,1.06908973828449
514,0.1232,0.447086402006449
515,0.12344,0.452464277422877
516,0.12368,1.15126155510974
517,0.12392,0.0620272540251137
518,0.12416,1.02047782981764
519,0.1244,0.634469490713425
520,0.12464,0.396012791289996
521,0.12488,1.34515412672872
522,0.12512,0.362485954859124
523,0.12536,0.965382904614375
524,0.1256,0.818279063483107
525,0.12584,0.453759477479589
526,0.12608,0.572810653261367
527,0.12632,0.910865237492172
528,0.12656,0.193126634677855
529,0.1268,1.37589099212983
530,0.12704,0.280690664374879
531,0.12728,0.645235309655628
532,0.12752,1.22440482217638
533,0.12776,-0.1091410009695
534,0.128,0.975186921707806
535,0.12824,0.469326331637352
536,0.12848,0.590083265027248
537,0.12872,0.819003487665601
538,0.12896,0.797663608430617
539,0.1292,0.202429342458131
540,0.12944,1.51193705871261
541,0.12968,-0.0647045755466429
542,0.12992,0.902188277507319
543,0.13016,0.639945768936037
544,0.1304,0.520063210260277
545,0.13064,0.751965271307185
546,0.13088,0.849856477519992
547,0.13112,0.253535134515647
548,0.13136,1.43742133735779
549,0.1316,-0.138216522550768
550,0.13184,1.18558672902671
551,0.13208,0.558487106758512
552,0.13232,0.317015554482986
553,0.13256,0.555070667900651
554,0.1328,0.891407561382508
555,0.13304,0.290311478672033
556,0.13328,0.5286617153166
557,0.13352,0.865754339015049
558,0.13376,0.0286366021092506
559,0.134,1.33812168211591
560,0.13424,0.118350386571958
561,0.13448,0.846629160509976
562,0.13472,0.948309910460318
563,0.13496,0.332017162019631
564,0.1352,0.458734261446623
565,0.13544,1.15683587300569
566,0.13568,0.0669346969190043
567,0.13592,1.02474787454086
568,0.13616,0.762352247314487
569,0.1364,0.28342951377912
570,0.13664,1.3494902958423
571,0.13688,-0.220764210145296
572,0.13712,1.10644760146288
573,0.13736,0.601543113695988
574,0.1376,0.119634900324476
575,0.13784,0.960913667840587
576,0.13808,0.455399102155315
577,0.13832,0.577700180333407
578,0.13856,0.811622819317229
579,0.1388,0.790269018889256
580,0.13904,0.432862321730489
581,0.13928,1.25312145038829
582,0.13952,0.162810209336216
583,0.13976,0.768192354897179
584,0.14,0.869222637509809
585,0.14024,0.0261167569958056
586,0.14048,0.752007762542197
587,0.14072,0.610119905117135
588,0.14096,0.492448545011381
589,0.1412,0.72516925133663
590,0.14144,0.943618429766649
591,0.14168,0.107151373116581
592,0.14192,1.17983255300534
593,0.14216,0.557060708728712
594,0.1424,0.441161194428239
595,0.14264,1.0342894895256
596,0.14288,0.533372850130651
597,0.14312,0.541276779468742
598,0.14336,0.881212727308237
599,0.1436,0.273211411979987
600,0.14384,0.636110522916083
601,0.14408,0.97763370853938
602,0.14432,-0.102625578088529
603,0.14456,0.981694215988437
604,0.1448,0.356047082161626
605,0.14504,0.480653784173123
606,0.14528,0.711558282678785
607,0.14552,0.690804153440393
608,0.14576,0.336656032861729
609,0.146,1.0462176393944
610,0.14624,0.550290294263557
611,0.14648,0.196498453063152
612,0.14672,1.26596111574996
613,0.14696,-0.181211851679294
614,0.1472,1.14432577137273
615,0.14744,0.518463467570476
616,0.14768,0.158348626767559
617,0.14792,0.643311709910116
618,0.14816,0.621832519814759
619,0.1484,0.264595767891021
620,0.14864,0.624230013288371
621,0.14888,0.607984009469551
622,0.14912,0.132678056682255
623,0.14936,1.19787890864914
624,0.1496,-0.131806249474871
625,0.14984,0.952711538688593
626,0.15008,0.33205022027378
627,0.15032,0.578612149771764
628,0.15056,1.04603737534729
629,0.1508,0.428841848232312
630,0.15104,0.557748430273818
631,0.15128,1.01828767738276
632,0.15152,0.0501777727861363
633,0.15176,0.534927057244513
634,0.152,0.999051775097644
635,0.15224,-0.204445088760225
636,0.15248,0.881399891309954
637,0.15272,0.2637437637447
638,0.15296,0.630367749403994
639,0.1532,0.975218680450337
640,0.15344,0.357489747176279
641,0.15368,0.606633814424054
642,0.15392,0.831358531336517
643,0.15416,0.3432399190794
644,0.1544,0.23124725900514
645,0.15464,0.933344744161733
646,0.15488,-0.266078438939901
647,0.15512,1.05936909746523
648,0.15536,0.197701856818248
649,0.1556,0.444695745902602
650,0.15584,1.03718385832237
651,0.15608,0.18399499256968
652,0.15632,0.671908701806184
653,0.15656,0.529446626136411
654,0.1568,0.41338654336591
655,0.15704,0.648945883006739
656,0.15728,0.870112594855601
657,0.15752,0.0362466454275896
658,0.15776,1.11141883749084
659,0.158,0.374706670563634
660,0.15824,0.263027937814578
661,0.15848,1.09688978263635
662,0.15872,-0.111952102495907
663,0.15896,0.978769081477027
664,0.1592,0.478607787607591
665,0.15944,0.00123743867315951
666,0.15968,0.605876282012272
667,0.15992,0.585585072780565
668,0.16016,0.229484375052348
669,0.1604,0.590206375831092
670,0.16064,0.575000374756327
671,0.16088,-0.0169341578274664
672,0.16112,1.29352882295243
673,0.16136,-0.0407780673330533
674,0.1616,0.810166441106773
675,0.16184,0.553380436725393
676,0.16208,0.0726838531597086
677,0.16232,0.441024124668728
678,0.16256,0.78374959171521
679,0.1628,-0.0547548644941438
680,0.16304,0.787502790753661
681,0.16328,0.528290843845343
682,0.16352,-0.184124285181981
683,0.16376,1.13350221724635
684,0.164,0.157244488485879
685,0.16424,0.288362478250931
686,0.16448,1.00193726580767
687,0.16472,0.0292160227670837
688,0.16496,0.521846118794369
689,0.1652,0.507555686701112
690,0.16544,0.392128138028899
691,0.16568,0.624839792783333
692,0.16592,0.846726586648731
693,0.16616,0.0135484967465478
694,0.1664,1.08937839885914
695,0.16664,0.353293367585004
696,0.16688,0.124153239748893
697,0.16712,1.08354815618929
698,0.16736,0.229612551690948
699,0.1676,0.364860041732461
700,0.16784,0.59561701854633
701,0.16808,0.351658869949471
702,0.16832,0.358985106916083
703,0.16856,1.06155706519348
704,0.1688,-0.259454960369242
705,0.16904,0.706981079196021
706,0.16928,0.571232856599645
707,0.16952,-0.02427696225705
708,0.16976,0.941488024415656
709,0.17,0.0822641527881203
710,0.17024,0.694049306865772
711,0.17048,0.803201597900842
712,0.17072,-0.0421082574267555
713,0.17096,0.809805167887546
714,0.1712,0.434148451137351
715,0.17144,0.19708978548785
716,0.17168,0.206685715407438
717,0.17192,1.03553707894754
718,0.17216,-0.168123583070537
719,0.1724,0.439505903573968
720,0.17264,0.666983478208608
721,0.17288,-0.166015205701069
722,0.17312,1.15047364761706
723,0.17336,-0.0625999183651282
724,0.1736,0.551407486364123
725,0.17384,0.544626613747965
726,0.17408,0.530057308292824
727,0.17432,-0.0591549046708661
728,0.17456,1.01688863130657
729,0.1748,-0.309394377393071
730,0.17504,0.781027070104824
731,0.17528,0.641831932274813
732,0.17552,-0.196230489448053
733,0.17576,1.00989848794636
734,0.176,0.271175145727773
735,0.17624,0.40351371516066
736,0.17648,0.403925167566302
737,0.17672,0.51170464802943
738,0.17696,0.0448092835871776
739,0.1772,0.882200564388316
740,0.17744,0.276772951262803
741,0.17768,0.048735385932589
742,0.17792,1.11649210713942
743,0.17816,-0.207261109889105
744,0.1784,0.641088201273949
745,0.17864,0.626349026691735
746,0.17888,-0.0917474260414565
747,0.17912,0.637810134776707
748,0.17936,0.26241281964402
749,0.1796,0.272168156875915
750,0.17984,0.27861472743854
751,0.18008,0.627454680080676
752,0.18032,0.16062997906958
753,0.18056,0.639440482466171
754,0.1808,0.5085319347308
755,0.18104,0.279459066127016
756,0.18128,0.870347138560397
757,0.18152,-0.0924671163675761
758,0.18176,0.518525089554068
759,0.182,0.747764558488517
760,0.18224,-0.21499523171467
761,0.18248,0.758146409693323
762,0.18272,0.14423422309717
763,0.18296,0.276617078046817
764,0.1832,0.75594585202198
765,0.18344,0.26560249569039
766,0.18368,0.400416404373753
767,0.18392,0.752795312700076
768,0.18416,0.268664126024292
769,0.1844,0.0424435259322435
770,0.18464,1.11892734570797
771,0.18488,0.0261460996851421
772,0.18512,0.522988439082841
773,0.18536,0.636400841529539
774,0.1856,0.0317653754039462
775,0.18584,0.646789590226122
776,0.18608,0.390109174143841
777,0.18632,0.277680238081856
778,0.18656,0.5241613218477
779,0.1868,0.390082335192175
780,0.18704,0.163853789416978
781,0.18728,0.526392050458793
782,0.18752,0.633575937054042
783,0.18776,-0.198508972056565
784,0.188,0.886562298055661
785,0.18824,0.274799666547244
786,0.18848,0.0469543672770458
787,0.18872,1.12217411917836
788,0.18896,-0.201819044827543
789,0.1892,0.410140498162014
790,0.18944,0.758867168580421
791,0.18968,-0.317957621137595
792,0.18992,0.77353846737939
793,0.19016,0.280246106185129
794,0.1904,0.171143811148392
795,0.19064,0.180253094710533
796,0.19088,0.648756942167515
797,0.19112,0.0546967754950545
798,0.19136,0.299796811069294
799,0.1916,0.530505829783025
800,0.19184,0.0625861771779679
801,0.19208,0.895144853115778
802,0.19232,-0.0691766331597907
803,0.19256,0.303304346844773
804,0.1928,0.775480371077453
805,0.19304,-0.185400627137527
806,0.19328,0.431784128588866
807,0.19352,0.542759814308753
808,0.19376,0.0669596249305197
809,0.194,0.081349558058655
810,0.19424,0.672090913811258
811,0.19448,-0.0429354202085814
812,0.19472,0.444180544471391
813,0.19496,0.554293251772727
814,0.1952,0.0869884081592496
815,0.19544,0.684349894719941
816,0.19568,0.318205404133169
817,0.19592,-0.0273794267304115
818,0.19616,1.05168641096645
819,0.1964,-0.27652338736219
820,0.19664,0.462221901239405
821,0.19688,0.69808079963295
822,0.19712,0.0907210790210438
823,0.19736,0.58639422831135
824,0.1976,0.0974347820129593
825,0.19784,0.348046829159485
826,0.19808,0.591007253753179
827,0.19832,-0.136834445255325
828,0.19856,0.479878849187714
829,0.1988,0.47608691283728
830,0.19904,0.347622502133819
831,0.19928,-0.117016042995788
832,0.19952,0.96320401161952
833,0.19976,-0.122926682228698
834,0.2,0.256021434358267
835,0.20024,0.852840444638532
836,0.20048,-0.467298853735152
837,0.20072,0.62899045755956
838,0.20096,0.139859876086154
839,0.2012,0.0341826315418672
840,0.20144,0.997479167776274
841,0.20168,-0.212688625045021
842,0.20192,0.407191573342629
843,0.20216,0.406876482125283
844,0.2024,0.636819359071604
845,0.20264,-0.189531168674609
846,0.20288,0.896318067235684
847,0.20312,0.0447090583448813
848,0.20336,0.181916036562507
849,0.2036,0.190043556494085
850,0.20384,0.662909488107495
851,0.20408,-0.166759596848055
852,0.20432,0.439980400166563
853,0.20456,0.312838742236154
854,0.2048,0.205557385998519
855,0.20504,0.800863253072115
856,0.20528,-0.398232958049077
857,0.20552,0.695716090867496
858,0.20576,0.323251839351384
859,0.206,0.0918302297894589
860,0.20624,0.103766266929633
861,0.20648,0.815955314161694
862,0.20672,-0.257930057090486
863,0.20696,0.359261542957219
864,0.2072,0.593973658715982
865,0.20744,-0.00969415115960715
866,0.20768,0.129098314416818
867,0.20792,0.483173662656704
868,0.20816,0.1252654755877
869,0.2084,0.0189252709882335
870,0.20864,0.612747570560839
871,0.20888,-0.214930908145722
872,0.20912,0.629020642800648
873,0.20936,0.264736543178171
874,0.2096,-0.078190102671639
875,0.20984,0.999932992859869
876,0.21008,-0.20367555310521
877,0.21032,0.295122595271732
878,0.21056,0.532488820545295
879,0.2108,-0.0686425571217799
880,0.21104,0.0725749160384581
881,0.21128,0.791098771418621
882,0.21152,0.0671040982754705
883,0.21176,0.0821701806043502
884,0.212,0.799382422258179
885,0.21224,-0.278403820970096
886,0.21248,0.339432180885744
887,0.21272,0.334325643828986
888,0.21296,-0.252629130991411
889,0.2132,0.715268573378476
890,0.21344,0.109555354782125
891,0.21368,0.00724706025325217
892,0.21392,0.731115065074132
893,0.21416,-0.116304610883561
894,0.2144,0.385558306676645
895,0.21464,0.385681057392319
896,0.21488,0.499722706834694
897,0.21512,-0.20440954441932
898,0.21536,0.878981369169872
899,0.2156,-0.0869365287343304
900,0.21584,0.170448424148082
901,0.21608,0.770353662650599
902,0.21632,-0.308938717211569
903,0.21656,0.66961524530439
904,0.2168,-0.0572757093254757
905,0.21704,0.0794683917922727
906,0.21728,0.686765519541311
907,0.21752,-0.0425319103887098
908,0.21776,0.338362814291112
909,0.218,0.340404563023527
910,0.21824,0.456277111028654
911,0.21848,-0.2447975966244
912,0.21872,0.842816126237475
913,0.21896,-0.00533858805923382
914,0.2192,0.253209625973126
915,0.21944,0.257594065930781
916,0.21968,0.253705707684024
917,0.21992,0.153611346736728
918,0.22016,0.273434349190998
919,0.2204,0.0366263994060252
920,0.22064,0.294481032607524
921,0.22088,0.288403993499246
922,0.22112,-0.175316391337553
923,0.22136,0.313025894893163
924,0.2216,0.311020651972288
925,0.22184,-0.26968654683844
926,0.22208,0.816283400520649
927,0.22232,-0.148461155033361
928,0.22256,0.11350798635016
929,0.2228,0.478122163026025
930,0.22304,-0.00523659947797328
931,0.22328,0.376819916514263
932,0.22352,0.255411580645895
933,0.22376,0.0201027127984024
934,0.224,0.280275065746488
935,0.22424,0.0367180779519773
936,0.22448,0.0492581115044216
937,0.22472,0.0631586774495396
938,0.22496,0.302835285346718
939,0.2252,-0.0366661940319228
940,0.22544,0.325655373332987
941,0.22568,0.0902985130286256
942,0.22592,-0.129836916678375
943,0.22616,0.949880390450585
944,0.2264,-0.252204095387455
945,0.22664,0.248053176236186
946,0.22688,0.486816125290894
947,0.22712,-0.112981177859637
948,0.22736,0.506666015680357
949,0.2276,0.141967139836526
950,0.22784,-0.0881405394416339
951,0.22808,0.407926327000549
952,0.22832,-0.0770422350312481
953,0.22856,0.061388459597602
954,0.2288,0.427987165120767
955,0.22904,0.191941731500872
956,0.22928,0.0919046969703416
957,0.22952,0.20925056605112
958,0.22976,-0.0168791776331129
959,0.23,-0.000280536879250226
960,0.23024,0.717205141188965
961,0.23048,-0.590836322841285
962,0.23072,0.508751828279785
963,0.23096,0.143410903551901
964,0.2312,-0.202353480524553
965,0.23144,0.414023882226831
966,0.23168,0.168744213385584
967,0.23192,0.0667157114799235
968,0.23216,0.317924836810498
969,0.2324,0.313457919743298
970,0.23264,-0.0293630870045563
971,0.23288,0.453912982767285
972,0.23312,0.217420751572099
973,0.23336,-0.124410134058214
974,0.2336,0.596133610797377
975,0.23384,-0.353369287252513
976,0.23408,0.262501760844613
977,0.23432,0.381038891595698
978,0.23456,-0.442403086364644
979,0.2348,0.650551229382561
980,0.23504,-0.074002856011772
981,0.23528,-0.173965248176709
982,0.23552,0.55690958556226
983,0.23576,-0.167482068172005
984,0.236,0.216341907078168
985,0.23624,0.221649606815185
986,0.23648,0.102747315574514
987,0.23672,0.125722538646197
988,0.23696,0.126247210626129
989,0.2372,0.134362733552249
990,0.23744,-0.0873255224641447
991,0.23768,0.272447567554827
992,0.23792,-0.310643704650131
993,0.23816,0.182898167395318
994,0.2384,0.184964227401069
995,0.23864,-0.274176663004939
996,0.23888,0.693609404961602
997,0.23912,-0.140086582919266
998,0.23936,0.0013646132543077
999,0.2396,0.604615867894137
1000,0.23984,-0.587346086601864
1001,0.24008,0.395381305471991
1002,0.24032,0.153524127953556
1003,0.24056,-0.312897159009601
1004,0.2408,0.307478590910517
1005,0.24104,0.303008040929205
1006,0.24128,-0.0444518156452109
1007,0.24152,0.211209641425687
1008,0.24176,0.328191093495047
1009,0.242,-0.13459453211619
1010,0.24224,0.352877025315845
1011,0.24248,0.235858827688024
1012,0.24272,-0.224782594671576
1013,0.24296,0.499291093585158
1014,0.2432,-0.0925440128445443
1015,0.24344,-0.0727250427337618
1016,0.24368,0.529271630133604
1017,0.24392,-0.416878752992045
1018,0.24416,0.201345330595546
1019,0.2444,0.322133274338023
1020,0.24464,-0.499156245821652
1021,0.24488,0.595857607980776
1022,0.24512,-0.126727484058607
1023,0.24536,-0.224807252171133
1024,0.2456,0.507868512365215
1025,0.24584,-0.214802351017262
1026,0.24608,0.170666650699702
1027,0.24632,0.177547718194945
1028,0.24656,0.0601475719627356
1029,0.2468,0.0845588255235044
1030,0.24704,0.328308023742957
1031,0.24728,-0.0244565292856442
1032,0.24752,-0.242200632533919
1033,0.24776,0.601877219907306
1034,0.248,-0.468771983567093
1035,0.24824,0.393834843124617
1036,0.24848,0.0345823132871219
1037,0.24872,-0.306771890150485
1038,0.24896,0.55046974721107
1039,0.2492,-0.407736917158737
1040,0.24944,0.218695925262063
1041,0.24968,0.225521223554058
1042,0.24992,-0.243987803100003
1043,0.25016,0.0191598446076946
1044,0.2504,0.259535945639535
1045,0.25064,-0.0829597052701162
1046,0.25088,-0.063932612236046
1047,0.25112,0.536954248748809
1048,0.25136,-0.40463169332299
1049,0.2516,0.333004632462638
1050,0.25184,0.215065893725235
1051,0.25208,-0.482921050276749
1052,0.25232,0.610642514817313
1053,0.25256,-0.229225828177406
1054,0.2528,-0.0847933478279614
1055,0.25304,0.5255724614302
1056,0.25328,-0.42996593965519
1057,0.25352,0.435577479278264
1058,0.25376,-0.0434411638254679
1059,0.254,-0.266999993125157
1060,0.25424,0.234029617914327
1061,0.25448,-0.125016687197516
1062,0.25472,-0.0997844779258548
1063,0.25496,0.031792351369377
1064,0.2552,-0.0813832611444605
1065,0.25544,-0.175366274566822
1066,0.25568,0.432288865336735
1067,0.25592,-0.0373483384341891
1068,0.25616,-0.253169234562318
1069,0.2564,0.473320763496719
1070,0.25664,-0.351945734227298
1071,0.25688,0.0297826688742751
1072,0.25712,0.513457184544712
1073,0.25736,-0.427354607867447
1074,0.2576,0.311022565438478
1075,0.25784,0.193791906632314
1076,0.25808,-0.265623227600107
1077,0.25832,0.705792177174606
1078,0.25856,-0.370245755372927
1079,0.2588,0.0148840723570869
1080,0.25904,0.381011306497057
1081,0.25928,-0.568915558324616
1082,0.25952,0.295840049576977
1083,0.25976,0.0584340065025861
1084,0.26,-0.404256961600837
1085,0.26024,0.456751385629287
1086,0.26048,-0.260866120258655
1087,0.26072,0.00362351906776814
1088,0.26096,0.138303790957381
1089,0.2612,-0.217285092984439
1090,0.26144,-0.0698195665091244
1091,0.26168,0.0601718671915361
1092,0.26192,-0.169984566213778
1093,0.26216,-0.143207395089812
1094,0.2624,0.102380392872927
1095,0.26264,-0.121355125631426
1096,0.26288,-0.217931918925853
1097,0.26312,0.14508962824844
1098,0.26336,-0.0731383593522984
1099,0.2636,-0.0550729086173953
1100,0.26384,0.31096074365451
1101,0.26408,-0.264939381537016
1102,0.26432,0.466085334671373
1103,0.26456,-0.00801621933667551
1104,0.2648,-0.343963841079298
1105,0.26504,0.623188076679579
1106,0.26528,-0.326647409101764
1107,0.26552,-0.0635915333915538
1108,0.26576,0.421181308515541
1109,0.266,-0.643221445267096
1110,0.26624,0.217899156142022
1111,0.26648,-0.0181346096954917
1112,0.26672,-0.357967647705201
1113,0.26696,0.500727960874931
1114,0.2672,-0.336315559091815
1115,0.26744,0.0496741781574523
1116,0.26768,0.184648856998475
1117,0.26792,-0.0481660679938547
1118,0.26816,-0.26177066865185
1119,0.2684,0.230114659785839
1120,0.26864,-0.118867885101249
1121,0.26888,-0.332925961845786
1122,0.26912,0.517634245073084
1123,0.26936,-0.550266283429555
1124,0.2696,0.078406854481285
1125,0.26984,0.205131562251612
1126,0.27008,-0.498835613165658
1127,0.27032,0.128822030190811
1128,0.27056,-0.226002597416978
1129,0.2708,-0.203532121865346
1130,0.27104,-0.181422351812609
1131,0.27128,0.0646818194854835
1132,0.27152,-0.269795474184542
1133,0.27176,-0.0112503065534642
1134,0.272,0.232685934662562
1135,0.27224,-0.222895491058991
1136,0.27248,0.0335748702035372
1137,0.27272,0.158336209920131
1138,0.27296,-0.296263340209153
1139,0.2732,0.315900300867261
1140,0.27344,-0.389958564367872
1141,0.27368,-0.244790744462329
1142,0.27392,0.481492343915073
1143,0.27416,-0.699635153455378
1144,0.2744,0.402411740721799
1145,0.27464,-0.0733504344125564
1146,0.27488,-0.410304360562932
1147,0.27512,0.566679217253765
1148,0.27536,-0.388139659312477
1149,0.2756,-0.121908841982147
1150,0.27584,0.369256747022985
1151,0.27608,-0.580894154457264
1152,0.27632,0.167323463215608
1153,0.27656,-0.0661525843878268
1154,0.2768,-0.289709593988328
1155,0.27704,0.0958582396766572
1156,0.27728,-0.0194503020498622
1157,0.27752,-0.35838512227672
1158,0.27776,-0.216966552269419
1159,0.278,0.270081787313972
1160,0.27824,-0.425749933677128
1161,0.27848,0.0728346529968757
1162,0.27872,-0.037955397511154
1163,0.27896,-0.373135423882993
1164,0.2792,0.485691173757084
1165,0.27944,-0.467549816641871
1166,0.27968,0.0421216052962712
1167,0.27992,-0.0627615921483704
1168,0.28016,0.0685193272552722
1169,0.2804,-0.504105360632406
1170,0.28064,0.350343936650385
1171,0.28088,-0.357371343663848
1172,0.28112,-0.208615802474994
1173,0.28136,0.403312785092223
1174,0.2816,-0.662753579464065
1175,0.28184,0.207764406089645
1176,0.28208,-0.143622641325309
1177,0.28232,-0.12438055032392
1178,0.28256,-0.337570668802289
1179,0.2828,0.151386483482709
1180,0.28304,-0.548191886065009
1181,0.28328,-0.0413906680565199
1182,0.28352,0.0886831943388955
1183,0.28376,-0.610803065452524
1184,0.284,0.136601893813253
1185,0.28424,-0.337213155470513
1186,0.28448,-0.19111854187678
1187,0.28472,-0.287790413726239
1188,0.28496,0.202050358497516
1189,0.2852,-0.732973123611084
1190,0.28544,0.250651500775988
1191,0.28568,-0.221155544096667
1192,0.28592,-0.313757109267301
1193,0.28616,0.18835797959695
1194,0.2864,-0.283361613657884
1195,0.28664,-0.252602997649657
1196,0.28688,0.0045485371647449
1197,0.28712,0.0166740240785679
1198,0.28736,-0.555271797789848
1199,0.2876,0.423999780627249
1200,0.28784,-0.525146988682259
1201,0.28808,-0.0133329748390811
1202,0.28832,0.120912216888402
1203,0.28856,-0.225471769209729
1204,0.2888,-0.314612229672336
1205,0.28904,0.0588716793441799
1206,0.28928,-0.283957479441881
1207,0.28952,-0.255121866781494
1208,0.28976,0.358482212578149
1209,0.29,-0.70598105156668
1210,0.29024,0.16607131001436
1211,0.29048,-0.183847371891884
1212,0.29072,-0.163200944150375
1213,0.29096,-0.136677762469374
1214,0.2912,-0.128294976379754
1215,0.29144,-0.463077054929707
1216,0.29168,-0.197395374079961
1217,0.29192,0.17402383805392
1218,0.29216,-0.762672700946183
1219,0.2924,0.221521024076864
1220,0.29264,-0.249308587531139
1221,0.29288,-0.340975039348528
1222,0.29312,0.281431141316487
1223,0.29336,-0.310540293816048
1224,0.2936,-0.0401210143263566
1225,0.29384,-0.143746918373662
1226,0.29408,-0.00997012528407448
1227,0.29432,-0.579773265861744
1228,0.29456,0.27737887520332
1229,0.2948,-0.427749048811692
1230,0.29504,-0.279158862765883
1231,0.29528,0.335249999843001
1232,0.29552,-0.728442801879622
1233,0.29576,0.14434761831937
1234,0.296,-0.204864208999426
1235,0.29624,-0.183541474385798
1236,0.29648,-0.156370765032248
1237,0.29672,-0.1473681550996
1238,0.29696,-0.481557548355918
1239,0.2972,-0.215308435869995
1240,0.29744,0.156653426513984
1241,0.29768,-0.779524567771737
1242,0.29792,0.205165437932183
1243,0.29816,-0.265190070982137
1244,0.2984,-0.356403693730626
1245,0.29864,0.147039696785412
1246,0.29888,-0.323410915633331
1247,0.29912,-0.0526630955208864
1248,0.29936,-0.155975073941776
1249,0.2996,-0.0219001797437335
1250,0.29984,-0.591419066128658
1251,0.30008,0.266004337308511
1252,0.30032,-0.438866465660274
1253,0.30056,-0.290031345716163
1254,0.3008,0.324610881423788
1255,0.30104,-0.738861188634477
1256,0.30128,0.134139501750694
1257,0.30152,-0.214872264351041
1258,0.30176,-0.19336107976427
1259,0.302,-0.166010696334976
1260,0.30224,0.0845829710716908
1261,0.30248,-0.612922063263874
1262,0.30272,-0.104137654991071
1263,0.30296,0.0278307851673976
1264,0.3032,-0.669847966085671
1265,0.30344,0.0792854139871784
1266,0.30368,-0.152348495483029
1267,0.30392,-0.486642995921282
1268,0.30416,-0.220496650197775
1269,0.3044,0.151361303277079
1270,0.30464,-0.784921492998576
1271,0.30488,0.203573015096496
1272,0.30512,-0.264867630805865
1273,0.30536,-0.356422017453682
1274,0.3056,-0.0929670770189961
1275,0.30584,-0.322360557433421
1276,0.30608,-0.290769754894702
1277,0.30632,-0.151359623952785
1278,0.30656,-0.0160905826022466
1279,0.3068,-0.586190348482569
1280,0.30704,0.393154337865076
1281,0.30728,-0.433040637831271
1282,0.30752,-0.282155041996518
1283,0.30776,0.094767377321731
1284,0.308,-0.843555015806074
1285,0.30824,0.149993165464141
1286,0.30848,-0.198746589524279
1287,0.30872,-0.29331411473867
1288,0.30896,-0.387035188782463
1289,0.3092,-0.0125030648813296
1290,0.30944,-0.706571182362078
1291,0.30968,0.278298418390406
1292,0.30992,-0.427125707823763
1293,0.31016,-0.39423898320789
1294,0.3104,0.348700749934614
1295,0.31064,-0.599057173583693
1296,0.31088,0.0330333062777701
1297,0.31112,-0.192644104916809
1298,0.31136,-0.410924530525796
1299,0.3116,-0.137490398988734
1300,0.31184,-0.364434374757286
1301,0.31208,-0.336456022234427
1302,0.31232,-0.189223133779161
1303,0.31256,-0.297543368393294
1304,0.3128,-0.386274881380059
1305,0.31304,-0.243011327299755
1306,0.31328,-0.227393072759524
1307,0.31352,-0.435176816754673
1308,0.31376,0.184753956425042
1309,0.314,-0.516329993558578
1310,0.31424,-0.244922063758455
1311,0.31448,0.0111486521931252
1312,0.31472,-0.923828873580748
1313,0.31496,-0.0508499414002126
1314,0.3152,-0.396802978970803
1315,0.31544,-0.49174782649158
1316,0.31568,0.0163873199559392
1317,0.31592,-0.5711811690218
1318,0.31616,-0.177098976625946
1319,0.3164,-0.274041582479564
1320,0.31664,-0.497311211677735
1321,0.31688,-0.222022786499496
1322,0.31712,0.0359448266179483
1323,0.31736,-0.420876934540292
1324,0.3176,-0.389978213968297
1325,0.31784,0.225218823182936
1326,0.31808,-0.709179516350988
1327,0.31832,-0.32022726388607
1328,0.31856,-0.183930481436278
1329,0.3188,-0.637366378036825
1330,0.31904,-0.00756610883161368
1331,0.31928,-0.354139607275916
1332,0.31952,-0.199291557661686
1333,0.31976,-0.295412673975581
1334,0.32,-0.278210485981273
1335,0.32024,-0.366449126259305
1336,0.32048,0.0135595635796539
1337,0.32072,-0.442434964004297
1338,0.32096,-0.294422116266196
1339,0.3212,-0.155388805454708
1340,0.32144,-0.724377465680307
1341,0.32168,0.262513637240468
1342,0.32192,-0.681985246440512
1343,0.32216,-0.0467770872776485
1344,0.3224,-0.149648719329834
1345,0.32264,-0.609952376133621
1346,0.32288,-0.0960821881018581
1347,0.32312,-0.438229452235851
1348,0.32336,-0.292056786315808
1349,0.3236,-0.502376217580098
1350,0.32384,-0.00403144105023712
1351,0.32408,-0.693049054048198
1352,0.32432,0.290186577729229
1353,0.32456,-0.769775465158431
1354,0.3248,-0.133964031721312
1355,0.32504,-0.477157890100219
1356,0.32528,-0.329371358561566
1357,0.32552,-0.298485880661505
1358,0.32576,-0.285001662372069
1359,0.326,-0.252825463129188
1360,0.32624,-0.465816714160136
1361,0.32648,-0.207537426659864
1362,0.32672,-0.535261369623817
1363,0.32696,0.088449655559361
1364,0.3272,-0.609020094305556
1365,0.32744,-0.217399055328207
1366,0.32768,-0.440700024349763
1367,0.32792,-0.528643786282116
1368,0.32816,-0.258684006591119
1369,0.3284,-0.241302349684237
1370,0.32864,-0.567637852448024
1371,0.32888,-0.0650761837147182
1372,0.32912,-0.166370006918535
1373,0.32936,-0.730492641378012
1374,0.3296,0.134307331592156
1375,0.32984,-0.565274697985949
1376,0.33008,-0.2924356345319
1377,0.33032,-0.393652765400301
1378,0.33056,-0.48376830111081
1379,0.3308,-0.215886833776364
1380,0.33104,-0.556060743511642
1381,0.33128,-0.27884904463961
1382,0.33152,-0.0190410828185428
1383,0.33176,-0.47410534550022
1384,0.332,-0.441525472701071
1385,0.33224,-0.181109853780503
1386,0.33248,-0.749468683662819
1387,0.33272,0.238026219742559
1388,0.33296,-0.583441967260318
1389,0.3332,-0.305123064389598
1390,0.33344,-0.0442550876664483
1391,0.33368,-0.498304273128296
1392,0.33392,-0.464752835524559
1393,0.33416,0.152981340160316
1394,0.3344,-0.778992906580924
1395,0.33464,-0.264406596538177
1396,0.33488,-0.2445633173777
1397,0.33512,-0.696083073331676
1398,0.33536,-0.0644499687551703
1399,0.3356,-0.764391319039471
1400,0.33584,-0.00858346599785409
1401,0.33608,-0.589971702064378
1402,0.33632,-0.437771189643559
1403,0.33656,-0.526858921821418
1404,0.3368,-0.266382833964009
1405,0.33704,-0.592004975790426
1406,0.33728,-0.0887608188077373
1407,0.33752,-0.541045599780941
1408,0.33776,-0.389481531745169
1409,0.338,-0.369524702865263
1410,0.33824,-0.577358731619942
1411,0.33848,-0.305740150894941
1412,0.33872,-0.286772725586749
1413,0.33896,-0.611592272892753
1414,0.3392,-0.107580158365164
1415,0.33944,-0.559130304581076
1416,0.33968,-0.406863448663821
1417,0.33992,-0.386234345111079
1418,0.34016,-0.593425404182258
1419,0.3404,-0.321191761550889
1420,0.34064,-0.30163613189936
1421,0.34088,-0.625893234288271
1422,0.34112,-0.121343102786445
1423,0.34136,-0.456918061036647
1424,0.3416,-0.540060268157259
1425,0.34184,0.0862328148157614
1426,0.34208,-0.852770695247416
1427,0.34232,-0.216309999042434
1428,0.34256,-0.434674095346122
1429,0.3428,-0.523552340057569
1430,0.34304,-0.254488158452434
1431,0.34328,-0.5935354323447
1432,0.34352,-0.31524860888233
1433,0.34376,-0.293635259209336
1434,0.344,-0.385639687063152
1435,0.34424,-0.592804323209742
1436,0.34448,-0.0893028451809226
1437,0.34472,-0.894481540335801
1438,0.34496,-0.0232416679680052
1439,0.3452,-0.600770558462737
1440,0.34544,-0.444270681082607
1441,0.34568,-0.300754415695029
1442,0.34592,-0.870146985675722
1443,0.34616,0.00692466196712171
1444,0.3464,-0.812564047071113
1445,0.34664,-0.293851891095893
1446,0.34688,-0.38705267236144
1447,0.34712,-0.364926876620764
1448,0.34736,-0.568234259996688
1449,0.3476,-0.0638598449157233
1450,0.34784,-0.636680512064738
1451,0.34808,-0.48184431752889
1452,0.34832,-0.217806295231473
1453,0.34856,-0.785298087695092
1454,0.3488,0.203022484450931
1455,0.34904,-0.853400226858191
1456,0.34928,-0.215061109013085
1457,0.34952,-0.554073708716876
1458,0.34976,-0.64111036484218
1459,0.35,-0.367669246895298
1460,0.35024,-0.585349909943959
1461,0.35048,-0.307735208128577
1462,0.35072,-0.406590320058853
1463,0.35096,-0.493998943123091
1464,0.3512,-0.580871637164435
1465,0.35144,-0.197161466098682
1466,0.35168,-0.883348707189809
1467,0.35192,0.109100060328643
1468,0.35216,-0.827478597474851
1469,0.3524,-0.190404669220853
1470,0.35264,-0.529734686276295
1471,0.35288,-0.614944986560497
1472,0.35312,-0.342370835869922
1473,0.35336,-0.439716208444117
1474,0.3536,-0.642219131649889
1475,0.35384,-0.134907902509654
1476,0.35408,-0.704917180540162
1477,0.35432,-0.310333761628022
1478,0.35456,-0.407882965697351
1479,0.3548,-0.733364861615545
1480,0.35504,-0.101001367221031
1481,0.35528,-0.679110174912731
1482,0.35552,-0.159267786260844
1483,0.35576,-0.615606712456309
1484,0.356,-0.461443632815743
1485,0.35624,-0.66712901648529
1486,0.35648,-0.162665392768594
1487,0.35672,-0.726355040163643
1488,0.35696,-0.21550548328679
1489,0.3572,-0.666667254121128
1490,0.35744,-0.390630341518955
1491,0.35768,-0.486147063795089
1492,0.35792,-0.571710351889357
1493,0.35816,-0.17742381908178
1494,0.3584,-0.635566008979719
1495,0.35864,-0.235797384398764
1496,0.35888,-0.569100360548687
1497,0.35912,-0.417079616500578
1498,0.35936,-0.739001110389286
1499,0.3596,-0.354455094612766
1500,0.35984,-0.676761878773936
1501,0.36008,-0.402639375923661
1502,0.36032,-0.13907163105656
1503,0.36056,-0.946229724710694
1504,0.3608,-0.0734359336358026
1505,0.36104,-0.768901464834045
1506,0.36128,-0.611045226099943
1507,0.36152,-0.223931959210183
1508,0.36176,-0.913276634079934
1509,0.362,-0.273358424015587
1510,0.36224,-0.610319067539273
1511,0.36248,-0.568244838751695
1512,0.36272,-0.416629747588352
1513,0.36296,-0.509842850614316
1514,0.3632,-0.711464774379109
1515,0.36344,-0.0804103871775594
1516,0.36368,-1.01315388857235
1517,0.36392,-0.132742214370924
1518,0.36416,-0.589260019437231
1519,0.3644,-0.554260533098919
1520,0.36464,-0.517951674422582
1521,0.36488,-0.251265374760233
1522,0.36512,-0.692125079335633
1523,0.36536,-0.305609894627103
1524,0.3656,-0.752780998251415
1525,0.36584,-0.5958954688862
1526,0.36608,-0.330278479790099
1527,0.36632,-0.895371356580372
1528,0.36656,-0.02027948251048
1529,0.3668,-0.715709275380748
1530,0.36704,-0.433159394384568
1531,0.36728,-0.527288156925444
1532,0.36752,-0.732198700653131
1533,0.36776,-0.573666191079551
1534,0.368,-0.306506921742075
1535,0.36824,-0.990393746738426
1536,0.36848,-0.119104160412879
1537,0.36872,-0.809407893923065
1538,0.36896,-0.530329396713488
1539,0.3692,-0.503958833248545
1540,0.36944,-0.710847010469797
1541,0.36968,-0.310159003741522
1542,0.36992,-0.64509189463212
1543,0.37016,-0.490286073453763
1544,0.3704,-0.694069748297391
1545,0.37064,-0.306292713212041
1546,0.37088,-0.86921148023347
1547,0.37112,-0.114853207320593
1548,0.37136,-0.808991790282028
1549,0.3716,-0.528275014549691
1550,0.37184,-0.499516159692038
1551,0.37208,-0.824816683749903
1552,0.37232,-0.18924706883663
1553,0.37256,-0.764292803881595
1554,0.3728,-0.241524623209447
1555,0.37304,-0.575243156618992
1556,0.37328,-0.423629479761134
1557,0.37352,-0.862264155781861
1558,0.37376,-0.232044591734516
1559,0.374,-0.793514962287429
1560,0.37424,-0.280544443723886
1561,0.37448,-0.729685097771327
1562,0.37472,-0.809913890933549
1563,0.37496,-0.180740451188385
1564,0.3752,-1.22556501703437
1565,0.37544,-0.104233052841822
1566,0.37568,-0.918484195367276
1567,0.37592,-0.515493559459923
1568,0.37616,-0.603422445085953
1569,0.3764,-0.691274716011856
1570,0.37664,-0.648624303882564
1571,0.37688,-0.501102649686122
1572,0.37712,-0.70410632612339
1573,0.37736,-0.547682889435577
1574,0.3776,-0.517787552645939
1575,0.37784,-0.838237384255939
1576,0.37808,-0.202338809742088
1577,0.37832,-0.77575036738048
1578,0.37856,-0.491109009435924
1579,0.3788,-0.583236921246451
1580,0.37904,-0.786235627393754
1581,0.37928,-0.747461263930247
1582,0.37952,-0.238797994384878
1583,0.37976,-0.918762644198011
1584,0.38,-0.282490801505451
1585,0.38024,-0.732231840062091
1586,0.38048,-0.80990681372592
1587,0.38072,-0.175360013727042
1588,0.38096,-0.988026927793031
1589,0.3812,-0.464157525882969
1590,0.38144,-0.674374157625506
1591,0.38168,-0.517947594969705
1592,0.38192,-0.721058861929304
1593,0.38216,-0.333042496400405
1594,0.3824,-0.89403599290583
1595,0.38264,-0.261590402588173
1596,0.38288,-0.831774654820087
1597,0.38312,-0.668218665320882
1598,0.38336,-0.394693564077805
1599,0.3836,-0.961283712324655
1600,0.38384,-0.436603127273434
1601,0.38408,-0.769679403816347
1602,0.38432,-0.49027243172752
1603,0.38456,-0.69386270248661
1604,0.3848,-0.422598679413312
1605,0.38504,-0.981553492918257
1606,0.38528,0.0136616825934204
1607,0.38552,-1.03616341101502
1608,0.38576,-0.513992719559125
1609,0.386,-0.604096366336036
1610,0.38624,-0.803898315479802
1611,0.38648,-0.285780269422169
1612,0.38672,-0.737861913694637
1613,0.38696,-0.453035495885827
1614,0.3872,-0.541128919786197
1615,0.38744,-0.744190917172691
1616,0.38768,-0.823957789088951
1617,0.38792,-0.431305114975504
1618,0.38816,-0.9912899358498
1619,0.3884,0.00421461322046124
1620,0.38864,-1.04535432170757
1621,0.38888,-0.27971618892581
1622,0.38912,-0.732319909665073
1623,0.38936,-0.574593385780356
1624,0.3896,-0.775583255628225
1625,0.38984,-0.38513579018701
1626,0.39008,-0.945503589135863
1627,0.39032,-0.188705590198904
1628,0.39056,-0.88051529624216
1629,0.3908,-0.71519679643176
1630,0.39104,-0.559807108782211
1631,0.39128,-1.00319744254088
1632,0.39152,-0.361175457478503
1633,0.39176,-0.812869941910863
1634,0.392,-0.528538038077058
1635,0.39224,-0.616216496498364
1636,0.39248,-0.819725716917039
1637,0.39272,-0.773996920383493
1638,0.39296,-0.38256512761784
1639,0.3932,-0.825032646519508
1640,0.39344,-0.901538227456357
1641,0.39368,-0.511079945666467
1642,0.39392,-0.950625876664081
1643,0.39416,-0.432155559893939
1644,0.3944,-0.52138435638331
1645,0.39464,-1.07777629696067
1646,0.39488,-0.0788310338969584
1647,0.39512,-1.1281651645078
1648,0.39536,-0.361385506122079
1649,0.3956,-0.810747884790095
1650,0.39584,-0.649917047387847
1651,0.39608,-0.732042562569082
1652,0.39632,-0.341191778352786
1653,0.39656,-1.01833034670984
1654,0.3968,-0.49835113212948
1655,0.39704,-0.823156622786859
1656,0.39728,-0.779211203591283
1657,0.39752,-0.505378144453418
1658,0.39776,-1.06562606923994
1659,0.398,-0.307012283408179
1660,0.39824,-0.874635681509251
1661,0.39848,-0.83020026341193
1662,0.39872,-0.311524811014796
1663,0.39896,-0.881151082351078
1664,0.3992,-0.594645887727123
1665,0.39944,-0.683235848018823
1666,0.39968,-0.882849835484069
1667,0.39992,-0.483053461864486
1668,0.40016,-0.570323631638567
1669,0.4004,-0.767945006096094
1670,0.40064,-0.490878405346125
1671,0.40088,-0.938201546421046
1672,0.40112,-0.652698634962771
1673,0.40136,-0.612030574494973
1674,0.4016,-0.69984078971274
1675,0.40184,-0.774726892233817
1676,0.40208,-0.381922377660695
1677,0.40232,-0.943818683626182
1678,0.40256,-0.779832294977492
1679,0.4028,-0.744994564702426
1680,0.40304,-0.821380153087874
1681,0.40328,-0.418316280705845
1682,0.40352,-0.989659240725224
1683,0.40376,-0.581764714382793
1684,0.404,-0.662421421127547
1685,0.40424,-0.6287795212464
1686,0.40448,-0.945649784828702
1687,0.40472,-0.306327165805018
1688,0.40496,-0.99410532673909
1689,0.4052,-0.706367719697182
1690,0.40544,-0.786920963605175
1691,0.40568,-0.634655036483866
1692,0.40592,-0.469385788143895
1693,0.40616,-0.794728209288935
1694,0.4064,-0.635100790058774
1695,0.40664,-0.710936758276363
1696,0.40688,-0.677513747525903
1697,0.40712,-0.872135158291255
1698,0.40736,-0.596064005031769
1699,0.4076,-0.677854760887815
1700,0.40784,-1.11221246872957
1701,0.40808,-0.234832686977965
1702,0.40832,-1.0374152471445
1703,0.40856,-0.632605820195882
1704,0.4088,-0.718628063842472
1705,0.40904,-0.674865349695049
1706,0.40928,-0.75740174625183
1707,0.40952,-0.962129991378903
1708,0.40976,-0.794635301550983
1709,0.41,-0.641879690092704
1710,0.41024,-0.840304664911729
1711,0.41048,-0.916966586783309
1712,0.41072,-0.521346127166386
1713,0.41096,-1.07676178814544
1714,0.4112,-0.318273234892677
1715,0.41144,-1.00498703815376
1716,0.41168,-0.718000100943761
1717,0.41192,-0.679800936543756
1718,0.41216,-0.87928656062043
1719,0.4124,-0.475003401608403
1720,0.41264,-0.798924063995687
1721,0.41288,-0.870017042027304
1722,0.41312,-0.594293760135966
1723,0.41336,-0.676421709490766
1724,0.4136,-1.111104156084
1725,0.41384,-0.353864864588235
1726,0.41408,-1.15460515913175
1727,0.41432,-0.3863066768619
1728,0.41456,-0.954863296481666
1729,0.4148,-0.790410807890032
1730,0.41504,-0.867317485324159
1731,0.41528,-0.471467162009557
1732,0.41552,-1.14646700418197
1733,0.41576,-0.742501528824257
1734,0.416,-0.704625226338658
1735,0.41624,-1.01827834459558
1736,0.41648,-0.376331161342982
1737,0.41672,-1.05857933132878
1738,0.41696,-0.530319666266157
1739,0.4172,-0.735390494491767
1740,0.41744,-0.93487199272374
1741,0.41768,-0.647338473518177
1742,0.41792,-0.734504401037358
1743,0.41816,-0.931027132238932
1744,0.4184,-1.00408689253761
1745,0.41864,-0.607307792923804
1746,0.41888,-0.807212826543763
1747,0.41912,-1.00070777873611
1748,0.41936,-0.480765051413351
1749,0.4196,-1.27755986242021
1750,0.41984,-0.393521447542807
1751,0.42008,-1.07779725033307
1752,0.42032,-0.789823948924525
1753,0.42056,-0.991609103582614
1754,0.4208,-0.702953369435967
1755,0.42104,-0.66101638261054
1756,0.42128,-1.10672657337451
1757,0.42152,-0.697214450834142
1758,0.42176,-0.895695417447143
1759,0.422,-0.499298221975356
1760,0.42224,-1.1725754464392
1761,0.42248,-0.29322718422215
1762,0.42272,-1.21466934936959
1763,0.42296,-0.327381181537801
1764,0.4232,-1.25133575326677
1765,0.42344,-0.59811027235287
1766,0.42368,-0.916010531479583
1767,0.42392,-0.758966707989795
1768,0.42416,-0.830101683066436
1769,0.4244,-0.549655489671261
1770,0.42464,-0.989407403043916
1771,0.42488,-0.702457646950822
1772,0.42512,-0.545246010378535
1773,0.42536,-1.34210947596496
1774,0.4256,-0.45116121770952
1775,0.42584,-1.01741474670481
1776,0.42608,-0.850756937095858
1777,0.42632,-0.927282819520542
1778,0.42656,-0.649577144042466
1779,0.4268,-0.963986209493841
1780,0.42704,-0.683947713811033
1781,0.42728,-1.23867397732401
1782,0.42752,-0.58763256290018
1783,0.42776,-0.910524784566288
1784,0.428,-0.745985802401199
1785,0.42824,-1.05984150822998
1786,0.42848,-0.541617372630656
1787,0.42872,-1.21463622337104
1788,0.42896,-0.572987953240482
1789,0.4292,-0.893407716391126
1790,0.42944,-0.963762709434834
1791,0.42968,-0.440720059111466
1792,0.42992,-1.00441681010237
1793,0.43016,-0.713995087008955
1794,0.4304,-0.798840489947319
1795,0.43064,-0.993146670219498
1796,0.43088,-0.828781628363144
1797,0.43112,-0.549967656539183
1798,0.43136,-1.46412789808022
1799,0.4316,-0.695834385390264
1800,0.43184,-0.896936716551263
1801,0.43208,-0.968066739146088
1802,0.43232,-0.803604183714473
1803,0.43256,-0.883205177620379
1804,0.4328,-0.833929907022831
1805,0.43304,-0.915414479025538
1806,0.43328,-0.987098890292428
1807,0.43352,-0.822709131119674
1808,0.43376,-0.783467374418458
1809,0.434,-0.975585355874681
1810,0.43424,-0.452242917646398
1811,0.43448,-1.25273669708115
1812,0.43472,-0.481980402381705
1813,0.43496,-1.0446739294127
1814,0.4352,-0.998003786975972
1815,0.43544,-0.827992324412703
1816,0.43568,-0.909865037600225
1817,0.43592,-0.981918163659314
1818,0.43616,-0.815703952591838
1819,0.4364,-0.775173273753507
1820,0.43664,-1.08671605284946
1821,0.43688,-0.801807694158784
1822,0.43712,-0.881704669815863
1823,0.43736,-0.952555740387192
1824,0.4376,-0.794219705455225
1825,0.43784,-0.749414815681387
1826,0.43808,-1.06094722554524
1827,0.43832,-0.658203895158807
1828,0.43856,-1.08909219066795
1829,0.4388,-0.805039005851381
1830,0.43904,-0.881414241780346
1831,0.43928,-0.952360332169876
1832,0.43952,-0.669935460101849
1833,0.43976,-1.22587111471001
1834,0.44,-0.695388395460489
1835,0.44024,-1.25640772545865
1836,0.44048,-0.603780714099983
1837,0.44072,-0.800692321329698
1838,0.44096,-0.875144078368145
1839,0.4412,-1.18571826014671
1840,0.44144,-0.54329961644598
1841,0.44168,-1.0944229009432
1842,0.44192,-0.810302565439938
1843,0.44216,-0.766316891739001
1844,0.4424,-1.07599933413082
1845,0.44264,-0.791833290768255
1846,0.44288,-1.46595267996793
1847,0.44312,-0.693745589434713
1848,0.44336,-1.13384115818628
1849,0.4436,-0.718974946947151
1850,0.44384,-0.795536093013846
1851,0.44408,-1.10962514512784
1852,0.44432,-0.939952900815513
1853,0.44456,-0.777249614233118
1854,0.4448,-1.20892767316651
1855,0.44504,-0.4401598557259
1856,0.44528,-1.24128751202715
1857,0.44552,-0.947777494659356
1858,0.44576,-0.541218486744307
1859,0.446,-1.09917242671828
1860,0.44624,-0.687730745179546
1861,0.44648,-1.12701587349346
1862,0.44672,-0.837616290510743
1863,0.44696,-1.15098820499995
1864,0.4472,-0.62792010485594
1865,0.44744,-1.05934165214172
1866,0.44768,-0.895978751700019
1867,0.44792,-1.08774568422341
1868,0.44816,-0.676489884441515
1869,0.4484,-1.2361673372623
1870,0.44864,-0.826654395184266
1871,0.44888,-0.894811978299212
1872,0.44912,-0.732558367491329
1873,0.44936,-1.16507433705481
1874,0.4496,-0.757077720006918
1875,0.44984,-0.834765658486295
1876,0.45008,-1.02542123006727
1877,0.45032,-0.500679425961131
1878,0.45056,-1.17913042850649
1879,0.4508,-0.765683399897577
1880,0.45104,-1.08237393128396
1881,0.45128,-0.79601302665479
1882,0.45152,-1.2255828672955
1883,0.45176,-0.823298899421781
1884,0.452,-1.37274241408511
1885,0.45224,-0.482153598532525
1886,0.45248,-1.16022261635443
1887,0.45272,-0.746437672559934
1888,0.45296,-1.18346622868702
1889,0.4532,-1.0135017290833
1890,0.45344,-1.08464164254918
1891,0.45368,-0.799220736052318
1892,0.45392,-1.22910251659332
1893,0.45416,-0.581487179788549
1894,0.4544,-1.37642489555951
1895,0.45464,-0.724128712787595
1896,0.45488,-0.922467570959431
1897,0.45512,-0.988387478295809
1898,0.45536,-0.94130707171548
1899,0.4556,-0.896656951613542
1900,0.45584,-1.20383169715015
1901,0.45608,-0.557411646022072
1902,0.45632,-1.47244955298976
1903,0.45656,-0.575937879929838
1904,0.4568,-1.25542606057583
1905,0.45704,-0.84281862309432
1906,0.45728,-1.15602039502776
1907,0.45752,-0.752204560002655
1908,0.45776,-1.42220657896841
1909,0.458,-0.528418338722097
1910,0.45824,-1.20518387644374
1911,0.45848,-0.668527545909663
1912,0.45872,-1.10485327340561
1913,0.45896,-0.816578537726453
1914,0.4592,-1.24560675539037
1915,0.45944,-0.842806861241767
1916,0.45968,-1.39176033953758
1917,0.45992,-0.500703814762438
1918,0.46016,-0.936908667633317
1919,0.4604,-1.00424799893622
1920,0.46064,-0.959818668009793
1921,0.46088,-1.02916141469488
1922,0.46112,-1.09998501517191
1923,0.46136,-0.814276407194952
1924,0.4616,-1.12272378683095
1925,0.46184,-0.712784501876959
1926,0.46208,-1.26924878252453
1927,0.46232,-0.732575332653267
1928,0.46256,-1.16631101118774
1929,0.4628,-0.879931844440404
1930,0.46304,-1.18818027481557
1931,0.46328,-0.900119399520237
1932,0.46352,-0.975242762130716
1933,0.46376,-1.28294562375678
1934,0.464,-0.756283157568699
1935,0.46424,-1.1850446961229
1936,0.46448,-0.778170403406853
1937,0.46472,-1.44737736709805
1938,0.46496,-0.552827149512773
1939,0.4652,-1.22886299642621
1940,0.46544,-1.05409849750371
1941,0.46568,-0.767966260975409
1942,0.46592,-1.31519607941583
1943,0.46616,-0.663495420300944
1944,0.4664,-1.45894645058357
1945,0.46664,-0.801375276644265
1946,0.46688,-1.11333192410203
1947,0.46712,-0.826388027491285
1948,0.46736,-1.13466007623293
1949,0.4676,-1.0883364538608
1950,0.46784,-1.03650566544374
1951,0.46808,-0.746534954095329
1952,0.46832,-1.18242265062974
1953,0.46856,-1.00766242142702
1954,0.4688,-0.721602043842569
1955,0.46904,-1.03266727502292
1956,0.46928,-1.09845243780232
1957,0.46952,-0.689925636232753
1958,0.46976,-1.48216983112473
1959,0.47,-0.707934184599755
1960,0.47024,-1.02588101420044
1961,0.47048,-1.21484334205849
1962,0.47072,-1.04228431085024
1963,0.47096,-0.994878149364016
1964,0.4712,-1.18260735048806
1965,0.47144,-0.770515847773424
1966,0.47168,-1.32491940719431
1967,0.47192,-0.908755444180787
1968,0.47216,-0.980561349158104
1969,0.4724,-1.05436760617518
1970,0.47264,-1.11717419659137
1971,0.47288,-0.590334498878073
1972,0.47312,-1.50300459046585
1973,0.47336,-0.845627469128484
1974,0.4736,-1.15947401007422
1975,0.47384,-0.866449506746702
1976,0.47408,-1.05478545412352
1977,0.47432,-0.766377012679895
1978,0.47456,-1.31419099759479
1979,0.4748,-0.906103729167601
1980,0.47504,-1.45343381587943
1981,0.47528,-0.798774782428172
1982,0.47552,-1.35398967153738
1983,0.47576,-1.05781653220892
1984,0.476,-1.12853854933416
1985,0.47624,-1.07978623569415
1986,0.47648,-1.02569532514987
1987,0.47672,-0.976272154764459
1988,0.47696,-0.808604975191609
1989,0.4772,-1.35471759728605
1990,0.47744,-0.944999760715619
1991,0.47768,-1.13172088562056
1992,0.47792,-1.20197764718301
1993,0.47816,-0.907312806278371
1994,0.4784,-1.21874002682783
1995,0.47864,-0.926465338029612
1996,0.47888,-1.35032594189998
1997,0.47912,-0.940871238304425
1998,0.47936,-1.4868930224892
1999,0.4796,-0.830982060506453
2000,0.47984,-1.38499898555014
2001,0.48008,-0.967853526044056
2002,0.48032,-0.799977526238039
2003,0.48056,-1.35093170985759
2004,0.4808,-0.936306849802954
2005,0.48104,-1.25007252102212
2006,0.48128,-1.19666848667175
2007,0.48152,-1.14043741487785
2008,0.48176,-0.851330137171936
2009,0.482,-1.39579023566294
2010,0.48224,-0.865514796861872
2011,0.48248,-1.53177030508511
2012,0.48272,-0.634397471313028
2013,0.48296,-1.30773604614857
2014,0.4832,-0.767805675872956
2015,0.48344,-0.959599594818259
2016,0.48368,-1.14466842832807
2017,0.48392,-1.33137390372333
2018,0.48416,-1.04192838087849
2019,0.4844,-1.22824190289809
2020,0.48464,-0.814794698805573
2021,0.48488,-1.36790269653947
2022,0.48512,-0.950048811499759
2023,0.48536,-1.2603833838795
2024,0.4856,-1.08380918774736
2025,0.48584,-1.03317430426414
2026,0.48608,-1.1001428403087
2027,0.48632,-1.28537699869817
2028,0.48656,-1.11402698752339
2029,0.4868,-1.05849324256434
2030,0.48704,-1.24785319018709
2031,0.48728,-1.07190771665017
2032,0.48752,-1.0201403608857
2033,0.48776,-1.32653361782287
2034,0.488,-0.790414813579566
2035,0.48824,-1.58139348780343
2036,0.48848,-0.683419309059263
2037,0.48872,-1.35489926736159
2038,0.48896,-1.17754144480151
2039,0.4892,-0.887173069424135
2040,0.48944,-1.31147212994106
2041,0.48968,-1.0196959468295
2042,0.48992,-1.08391172083771
2043,0.49016,-1.27316912099897
2044,0.4904,-0.975992553925455
2045,0.49064,-1.16560901008928
2046,0.49088,-1.22917732857173
2047,0.49112,-1.05696715395079
2048,0.49136,-1.24519975973578
2049,0.4916,-1.06830092767203
2050,0.49184,-1.25746651824192
2051,0.49208,-1.08133689197424
2052,0.49232,-1.38583370262567
2053,0.49256,-1.09352837338276
2054,0.4928,-1.39786641924787
2055,0.49304,-0.74476201815858
2056,0.49328,-1.53182426026379
2057,0.49352,-0.875068326684288
2058,0.49376,-1.18631893531987
2059,0.494,-1.00730371899271
2060,0.49424,-1.0771650164407
2061,0.49448,-1.14262883052589
2062,0.49472,-1.32642261113162
2063,0.49496,-1.15369320257777
2064,0.4952,-1.09683986807099
2065,0.49544,-1.28493688250883
2066,0.49568,-1.10778363020652
2067,0.49592,-1.05486064605651
2068,0.49616,-1.36014899874471
2069,0.4964,-0.822973516495366
2070,0.49664,-1.61294197179794
2071,0.49688,-0.952778785084461
2072,0.49712,-1.14318098940364
2073,0.49736,-1.20506981428319
2074,0.4976,-0.913908374755831
2075,0.49784,-1.33745100631866
2076,0.49808,-1.16438635850722
2077,0.49832,-1.10721319693357
2078,0.49856,-1.29500439946283
2079,0.4988,-1.11755957519115
2080,0.49904,-1.06435795485284
2081,0.49928,-1.36938064295935
2082,0.49952,-0.831951592719247
2083,0.49976,-1.62167820286723
2084,0.5,-0.96128452950997
2085,0.50024,-1.15146687537183
2086,0.50048,-1.45280664147175
2087,0.50072,-0.920504648059255
2088,0.50096,-1.34387938508434
2089,0.5012,-1.1706834311171
2090,0.50144,-1.11338653648853
2091,0.50168,-1.30105975655142
2092,0.50192,-1.12350400881028
2093,0.50216,-1.07019685606139
2094,0.5024,-1.37512020431341
2095,0.50264,-0.837597136227272
2096,0.50288,-1.6272350225491
2097,0.50312,-0.966757866425136
2098,0.50336,-1.15686136595016
2099,0.5036,-1.45812724202852
2100,0.50384,-0.925755469278411
2101,0.50408,-1.58738980984614
2102,0.50432,-0.928739041469004
2103,0.50456,-1.47883119591546
2104,0.5048,-1.29849104447672
2105,0.50504,-1.00540007887793
2106,0.50528,-1.55080188741185
2107,0.50552,-0.891612433645977
2108,0.50576,-1.56100910486179
2109,0.506,-1.02025884865399
2110,0.50624,-1.08669715025572
2111,0.50648,-1.39110349775457
2112,0.50672,-0.853085607991059
2113,0.50696,-1.6422500699754
2114,0.5072,-0.981320132736325
2115,0.50744,-1.17099044637527
2116,0.50768,-1.22862324936038
2117,0.50792,-1.17361199090569
2118,0.50816,-1.3606610162519
2119,0.5084,-0.940295251782632
2120,0.50864,-1.24823083982806
2121,0.50888,-1.07296059917439
2122,0.50912,-1.49449453975146
2123,0.50936,-1.08023754382006
2124,0.5096,-1.26262136124175
2125,0.50984,-1.32872814905137
2126,0.51008,-1.03010047096603
2127,0.51032,-1.21659937722365
2128,0.51056,-1.27891617536971
2129,0.5108,-0.983066854045446
2130,0.51104,-1.52972833810961
2131,0.51128,-1.10702572476687
2132,0.51152,-1.41177178313316
2133,0.51176,-0.997213872302644
2134,0.512,-1.17946071172792
2135,0.51224,-1.12507696601254
2136,0.51248,-1.55013424092756
2137,0.51272,-1.00852475547019
2138,0.51296,-1.43660838715366
2139,0.5132,-1.49385781524014
2140,0.51344,-1.07633945955426
2141,0.51368,-1.50453522105066
2142,0.51392,-1.20280844283283
2143,0.51416,-1.14965443111974
2144,0.5144,-1.21470984922543
2145,0.51464,-1.75492527641282
2146,0.51488,-0.974903410144896
2147,0.51512,-1.51951656218466
2148,0.51536,-0.856875979756021
2149,0.5156,-1.28425845005819
2150,0.51584,-1.10776105102155
2151,0.51608,-1.52721389142833
2152,0.51632,-0.872222352620946
2153,0.51656,-1.29494585302529
2154,0.5168,-1.47498703492319
2155,0.51704,-1.05712788093928
2156,0.51728,-1.4770707479724
2157,0.51752,-0.940193790946282
2158,0.51776,-1.72566546134842
2159,0.518,-0.943992848452993
2160,0.51824,-1.37206525250707
2161,0.51848,-1.30950901852912
2162,0.51872,-1.37047374329935
2163,0.51896,-1.19215353989927
2164,0.5192,-1.61285105632987
2165,0.51944,-0.954258096701065
2166,0.51968,-1.49998356991271
2167,0.51992,-1.19798007407256
2168,0.52016,-1.14490002551195
2169,0.5204,-1.32369176261521
2170,0.52064,-1.02636589482399
2171,0.52088,-1.44912969500588
2172,0.52112,-0.909289478160608
2173,0.52136,-1.57511057642985
2174,0.5216,-1.15093085878769
2175,0.52184,-1.45426363486628
2176,0.52208,-1.03619733986771
2177,0.52232,-1.33710875548265
2178,0.52256,-0.920767552446327
2179,0.5228,-1.34167887570919
2180,0.52304,-1.51910150417416
2181,0.52328,-0.861728267317027
2182,0.52352,-1.76502266496656
2183,0.52376,-1.22377091590943
2184,0.524,-1.28957843773981
2185,0.52424,-1.22736640409773
2186,0.52448,-1.28734349380372
2187,0.52472,-1.3486800826655
2188,0.52496,-1.64823318027758
2189,0.5252,-1.22848954259117
2190,0.52544,-1.29236811725666
2191,0.52568,-1.4702854734808
2192,0.52592,-1.05482710791041
2193,0.52616,-1.47575099545149
2194,0.5264,-1.05259566801403
2195,0.52664,-1.47677606827463
2196,0.52688,-1.17560733221335
2197,0.52712,-1.47681493004226
2198,0.52736,-1.05937436455518
2199,0.5276,-1.35861030456316
2200,0.52784,-0.941587010055709
2201,0.52808,-1.36316518423419
2202,0.52832,-1.05830108353723
2203,0.52856,-1.36206476805119
2204,0.5288,-1.18280200236426
2205,0.52904,-1.24321435043419
2206,0.52928,-1.30670670015677
2207,0.52952,-1.12503673479321
2208,0.52976,-1.3087840177008
2209,0.53,-1.24645282306878
2210,0.53024,-1.06887137367275
2211,0.53048,-1.60882490447672
2212,0.53072,-1.06332091030924
2213,0.53096,-1.48681768644767
2214,0.5312,-1.06735057912214
2215,0.53144,-1.36692101890108
2216,0.53168,-0.949727030289626
2217,0.53192,-1.36982561358901
2218,0.53216,-1.54735577662149
2219,0.5324,-1.12709391960948
2220,0.53264,-1.54474024796061
2221,0.53288,-1.00566568840673
2222,0.53312,-1.78903644756575
2223,0.53336,-1.48467630973743
2224,0.5336,-1.41885659850077
2225,0.53384,-1.35590296222589
2226,0.53408,-1.29570079752932
2227,0.53432,-1.59720580163286
2228,0.53456,-1.53831207696336
2229,0.5348,-1.4745167796316
2230,0.53504,-1.29202132175726
2231,0.53528,-1.35540282148662
2232,0.53552,-1.41112581466593
2233,0.53576,-1.11374519632089
2234,0.536,-1.65769747845397
2235,0.53624,-1.23012590210188
2236,0.53648,-1.29233894457459
2237,0.53672,-1.35225409948014
2238,0.53696,-1.04912402232234
2239,0.5372,-1.47354049938604
2240,0.53744,-1.29196904169972
2241,0.53768,-1.22817188378389
2242,0.53792,-1.52892373019149
2243,0.53816,-1.46613464709608
2244,0.5384,-1.52515862975511
2245,0.53864,-1.10658667558171
2246,0.53888,-1.52374442865215
2247,0.53912,-1.10353506030167
2248,0.53936,-1.40399414878342
2249,0.5396,-1.09968294470844
2250,0.53984,-1.52203097309139
2251,0.54008,-1.33671774829478
2252,0.54032,-1.3979776065488
2253,0.54056,-1.45694729361392
2254,0.5408,-1.27368037528174
2255,0.54104,-1.45629530260861
2256,0.54128,-1.39074832272219
2257,0.54152,-1.44794659656863
2258,0.54176,-1.02770353129638
2259,0.542,-1.68631606635198
2260,0.54224,-1.2595440451756
2261,0.54248,-1.32075722183045
2262,0.54272,-1.37794811044394
2263,0.54296,-1.43620495106158
2264,0.5432,-1.01653872262009
2265,0.54344,-1.67570585420544
2266,0.54368,-1.25078161125344
2267,0.54392,-1.55039534616578
2268,0.54416,-1.12965521626414
2269,0.5444,-1.30591334719779
2270,0.54464,-1.12510288584302
2271,0.54488,-1.66373582011861
2272,0.54512,-1.35968221527851
2273,0.54536,-1.54004236067366
2274,0.5456,-1.59918204794863
2275,0.54584,-1.17466031752284
2276,0.54608,-1.11298576936704
2277,0.54632,-1.29136904641865
2278,0.54656,-1.46897031744115
2279,0.5468,-1.04586045219198
2280,0.54704,-1.46513474558893
2281,0.54728,-1.64308343502869
2282,0.54752,-1.09566158302886
2283,0.54776,-1.27618636747439
2284,0.548,-1.57568259677653
2285,0.54824,-1.63254679952585
2286,0.54848,-1.33050518998118
2287,0.54872,-1.38972179223525
2288,0.54896,-1.32574689785687
2289,0.5492,-1.50255294200087
2290,0.54944,-1.07981185904518
2291,0.54968,-1.73526524626915
2292,0.54992,-1.06846474392694
2293,0.55016,-1.61109241519125
2294,0.5504,-1.3096167991003
2295,0.55064,-1.72332863604706
2296,0.55088,-1.05926536469798
2297,0.55112,-1.83895478741574
2298,0.55136,-1.29192531652358
2299,0.5516,-1.35210235398065
2300,0.55184,-1.6471820721567
2301,0.55208,-1.10412011501602
2302,0.55232,-1.27968672247031
2303,0.55256,-1.57364210869853
2304,0.5528,-1.15139151728004
2305,0.55304,-1.6883993674519
2306,0.55328,-1.38152386857674
2307,0.55352,-1.20298733192305
2308,0.55376,-1.73821454219559
2309,0.554,-1.07146999796552
2310,0.55424,-1.37228129007165
2311,0.55448,-1.78690949354344
2312,0.55472,-1.60439741792672
2313,0.55496,-1.41840049479945
2314,0.5552,-1.11377063591597
2315,0.55544,-1.65639704074838
2316,0.55568,-1.46742958386344
2317,0.55592,-1.28794961357044
2318,0.55616,-1.58384746364636
2319,0.5564,-0.916949122406915
2320,0.55664,-1.34007991872419
2321,0.55688,-1.63205587925917
2322,0.55712,-1.20715045112405
2323,0.55736,-1.7458128402002
2324,0.5576,-1.31859323236839
2325,0.55784,-1.37490044167382
2326,0.55808,-1.79343881763209
2327,0.55832,-1.24435782807501
2328,0.55856,-1.54359802869523
2329,0.5588,-1.47855374149633
2330,0.55904,-1.0512411112009
2331,0.55928,-1.35318289761971
2332,0.55952,-1.64692757614087
2333,0.55976,-1.58317896049575
2334,0.56,-1.39835608660642
2335,0.56024,-1.45438465841589
2336,0.56048,-1.51009169159648
2337,0.56072,-1.44537570434374
2338,0.56096,-1.50377879938842
2339,0.5612,-1.55911224965663
2340,0.56144,-1.49230225618631
2341,0.56168,-1.66976183828484
2342,0.56192,-1.24425086377178
2343,0.56216,-1.17855869384199
2344,0.5624,-1.71871904167013
2345,0.56264,-1.52738662333075
2346,0.56288,-1.34563934578869
2347,0.56312,-1.63936488482915
2348,0.56336,-1.09373807914221
2349,0.5636,-1.63414251429206
2350,0.56384,-1.68532848265705
2351,0.56408,-1.14073631197567
2352,0.56432,-1.5549683152617
2353,0.56456,-1.48673094682334
2354,0.5648,-1.18517018436081
2355,0.56504,-1.72044216967911
2356,0.56528,-1.53659906372756
2357,0.56552,-1.59071087465468
2358,0.56576,-1.1632029454164
2359,0.566,-1.46412273695851
2360,0.56624,-1.6356789092929
2361,0.56648,-1.08772298775223
2362,0.56672,-1.50828235428312
2363,0.56696,-1.68056101955596
2364,0.5672,-1.25576235187958
2365,0.56744,-1.79065424087806
2366,0.56768,-1.00248571194591
2367,0.56792,-1.42244992554904
2368,0.56816,-1.83473316012982
2369,0.5684,-1.16754138697608
2370,0.56864,-1.34114048749962
2371,0.56888,-1.63321390706572
2372,0.56912,-1.20916805738517
2373,0.56936,-1.74445940338426
2374,0.5696,-1.55891873745054
2375,0.56984,-1.49375546372725
2376,0.57008,-1.3059913926728
2377,0.57032,-1.72421708921213
2378,0.57056,-1.29464168605027
2379,0.5708,-1.34961821219626
2380,0.57104,-1.76599050253296
2381,0.57128,-1.45533514038279
2382,0.57152,-1.39389096012675
2383,0.57176,-1.80537284178916
2384,0.572,-1.13703173906831
2385,0.57224,-1.67554509417416
2386,0.57248,-1.72534572054713
2387,0.57272,-1.18028221498504
2388,0.57296,-1.7170088490398
2389,0.5732,-1.40816558979237
2390,0.57344,-1.34361668104145
2391,0.57368,-1.87548262977866
2392,0.57392,-1.45077373619606
2393,0.57416,-1.50561522611187
2394,0.5744,-1.67664178293739
2395,0.57464,-1.37081443895421
2396,0.57488,-1.7830352013184
2397,0.57512,-1.47873862473471
2398,0.57536,-1.29143380957749
2399,0.5756,-1.58383925752536
2400,0.57584,-1.3989282744051
2401,0.57608,-1.57073535310947
2402,0.57632,-1.74549879817253
2403,0.57656,-1.31740780786425
2404,0.5768,-1.60784468343212
2405,0.57704,-1.1822672048408
2406,0.57728,-1.59448301688964
2407,0.57752,-1.76654240429014
2408,0.57776,-1.58070005664938
2409,0.578,-1.39391346353739
2410,0.57824,-1.68929203867157
2411,0.57848,-1.37837699248987
2412,0.57872,-1.67276900682718
2413,0.57896,-1.60654335754501
2414,0.5792,-1.53852735494438
2415,0.57944,-1.71137263427381
2416,0.57968,-1.28491029371196
2417,0.57992,-1.57691067006288
2418,0.58016,-1.63171195763335
2419,0.5804,-1.56266455250922
2420,0.58064,-1.61691989305418
2421,0.58088,-1.54890190342759
2422,0.58112,-1.23943279992774
2423,0.58136,-1.65760168624271
2424,0.5816,-1.5853110811449
2425,0.58184,-1.27691130553322
2426,0.58208,-1.93358088388341
2427,0.58232,-1.62182856337581
2428,0.58256,-1.31835252603114
2429,0.5828,-1.84912782511648
2430,0.58304,-1.29747170554166
2431,0.58328,-1.59337903174003
2432,0.58352,-1.76274741654467
2433,0.58376,-1.33516406854109
2434,0.584,-1.87174407633194
2435,0.58424,-1.32009628145902
2436,0.58448,-1.615513729845
2437,0.58472,-1.4262126470204
2438,0.58496,-1.59858098133658
2439,0.5852,-1.7720883410928
2440,0.58544,-1.34117298225924
2441,0.58568,-1.75343846397679
2442,0.58592,-1.44528015280876
2443,0.58616,-1.49571911343374
2444,0.5864,-1.79054197433562
2445,0.58664,-1.35930627596387
2446,0.58688,-1.76953674329952
2447,0.58712,-1.34221119997012
2448,0.58736,-1.87174376808703
2449,0.5876,-1.56330539278201
2450,0.58784,-1.37678626420851
2451,0.58808,-2.02904026031873
2452,0.58832,-1.24057890051617
2453,0.58856,-1.5353243350571
2454,0.5888,-1.70444153083906
2455,0.58904,-1.27784159104847
2456,0.58928,-2.05036347358617
2457,0.58952,-1.25804314872601
2458,0.58976,-1.7956640599383
2459,0.59,-1.60231742532357
2460,0.59024,-1.41512169730153
2461,0.59048,-1.70715948608914
2462,0.59072,-1.3960917171867
2463,0.59096,-1.9316671651586
2464,0.5912,-1.49800454662059
2465,0.59144,-1.54945359422316
2466,0.59168,-1.72194935216418
2467,0.59192,-1.40984402301614
2468,0.59216,-1.70523533109941
2469,0.5924,-1.51240706019056
2470,0.59264,-1.56197661238628
2471,0.59288,-1.61458151500926
2472,0.59312,-1.42267777091717
2473,0.59336,-1.83524046879002
2474,0.5936,-1.64765017781738
2475,0.59384,-1.81822180660448
2476,0.59408,-1.50899299834532
2477,0.59432,-1.32215189934143
2478,0.59456,-1.73266130844566
2479,0.5948,-1.9060762933008
2480,0.59504,-1.59048597202405
2481,0.59528,-1.52431677657261
2482,0.59552,-1.81402364477835
2483,0.59576,-1.38308138164045
2484,0.596,-1.67896624959232
2485,0.59624,-1.60689776016729
2486,0.59648,-1.53754216919264
2487,0.59672,-1.71081013538883
2488,0.59696,-1.39859553864385
2489,0.5972,-1.57360925904996
2490,0.59744,-1.98074367912885
2491,0.59768,-1.30862427537384
2492,0.59792,-1.84271171432079
2493,0.59816,-1.76665696962995
2494,0.5984,-1.33779993859774
2495,0.59864,-1.86891974549146
2496,0.59888,-1.31501283699221
2497,0.59912,-1.3686425847041
2498,0.59936,-1.89847133321332
2499,0.5996,-1.22477620061562
2500,0.59984,-1.64012836744205
2501,0.60008,-1.80827958485572
2502,0.60032,-1.13677930033528
2503,0.60056,-1.42788068544096
2504,0.6008,-1.7155735364541
2505,0.60104,-1.52615354140356
2506,0.60128,-1.6936439140238
2507,0.60152,-1.86257723937693
2508,0.60176,-1.67419305348744
2509,0.602,-1.9633882583008
2510,0.60224,-1.53363505189973
2511,0.60248,-1.58578062298652
2512,0.60272,-1.87452564746813
2513,0.60296,-1.4434171394135
2514,0.6032,-2.0935207670615
2515,0.60344,-1.3017171826847
2516,0.60368,-1.83639022137276
2517,0.60392,-1.76089879002145
2518,0.60416,-1.45200289951295
2519,0.6044,-2.10221283751231
2520,0.60464,-1.66742298418858
2521,0.60488,-1.35957784036878
2522,0.60512,-1.76854808776935
2523,0.60536,-1.57704029283599
2524,0.6056,-2.10595757377233
2525,0.60584,-1.31372770530298
2526,0.60608,-1.84799282607658
2527,0.60632,-1.77211093212294
2528,0.60656,-1.46284179751412
2529,0.6068,-2.11269452743825
2530,0.60704,-1.67756296094126
2531,0.60728,-1.36939108104953
2532,0.60752,-1.77804872592396
2533,0.60776,-1.58624227634571
2534,0.608,-2.11487384343128
2535,0.60824,-1.32237122183357
2536,0.60848,-1.85637575724987
2537,0.60872,-1.78024469373041
2538,0.60896,-1.47073810739533
2539,0.6092,-2.12036383503272
2540,0.60944,-1.6850155285733
2541,0.60968,-1.37663686547533
2542,0.60992,-1.90403592485573
2543,0.61016,-1.47199062110888
2544,0.6104,-1.99960432187063
2545,0.61064,-1.32770327736353
2546,0.61088,-2.10081320041768
2547,0.61112,-1.54351853541465
2548,0.61136,-1.59564570267927
2549,0.6116,-2.00334944392234
2550,0.61184,-1.44769876262973
2551,0.61208,-1.61993949220369
2552,0.61232,-1.90633523503918
2553,0.61256,-1.4747430198502
2554,0.6128,-1.88033281099839
2555,0.61304,-1.45076663072612
2556,0.61328,-1.98202867858995
2557,0.61352,-1.30496200580103
2558,0.61376,-1.71750954650165
2559,0.614,-1.88297512216222
2560,0.61424,-1.20890283343209
2561,0.61448,-1.98080550255406
2562,0.61472,-1.66420669904685
2563,0.61496,-1.59536198658376
2564,0.6152,-1.88294056750665
2565,0.61544,-1.44643863404879
2566,0.61568,-1.97753102958354
2567,0.61592,-1.78096552169338
2568,0.61616,-1.590777123297
2569,0.6164,-1.64154546613949
2570,0.61664,-1.92941415879738
2571,0.61688,-1.61516995074817
2572,0.61712,-1.66666466237665
2573,0.61736,-2.07113746122104
2574,0.6176,-1.39774640419355
2575,0.61784,-1.92719595986614
2576,0.61808,-1.97086985703291
2577,0.61832,-1.54021636836795
2578,0.61856,-1.70792448639284
2579,0.6188,-1.75544042873227
2580,0.61904,-1.92254592955544
2581,0.61928,-1.72853246688185
2582,0.61952,-1.53770118113983
2583,0.61976,-2.06335672405907
2584,0.62,-1.39041562849609
2585,0.62024,-1.9202979128014
2586,0.62048,-1.96438861764568
2587,0.62072,-1.53413698392838
2588,0.62096,-2.18115292353449
2589,0.6212,-1.38639527052058
2590,0.62144,-1.91824130001939
2591,0.62168,-1.84004361463088
2592,0.62192,-1.52856077590492
2593,0.62216,-2.17629473833279
2594,0.6224,-1.73913620645019
2595,0.62264,-1.42902615886983
2596,0.62288,-1.95213868378433
2597,0.62312,-1.51993437722037
2598,0.62336,-2.048667081022
2599,0.6236,-1.36917713038024
2600,0.62384,-1.54151280227784
2601,0.62408,-2.06764776866189
2602,0.62432,-1.27101816361934
2603,0.62456,-1.68165124421861
2604,0.6248,-1.96595998299043
2605,0.62504,-1.53584656831038
2606,0.62528,-2.06140283135697
2607,0.62552,-1.26681361382081
2608,0.62576,-1.91650175364348
2609,0.626,-1.47818659298013
2610,0.62624,-1.77010444367495
2611,0.62648,-1.93431214981114
2612,0.62672,-1.25860470012874
2613,0.62696,-1.90956135289818
2614,0.6272,-1.46987254299207
2615,0.62744,-1.76043521998414
2616,0.62768,-1.80481837347436
2617,0.62792,-1.60893980108505
2618,0.62816,-2.01723636672794
2619,0.6284,-1.69884732500121
2620,0.62864,-1.50627691380476
2621,0.62888,-2.15530166403547
2622,0.62912,-1.47536760829073
2623,0.62936,-1.88560228318142
2624,0.6296,-1.68888841624889
2625,0.62984,-1.7338938208445
2626,0.63008,-1.90022510586697
2627,0.63032,-1.58221815771822
2628,0.63056,-1.6305665452307
2629,0.6308,-2.03766569924645
2630,0.63104,-1.59870103177911
2631,0.63128,-1.88774329811979
2632,0.63152,-1.57076578406875
2633,0.63176,-1.85587496440361
2634,0.632,-1.90501531126129
2635,0.63224,-1.58689408905786
2636,0.63248,-1.63513363699519
2637,0.63272,-2.04212876441241
2638,0.63296,-1.60306486907885
2639,0.6332,-1.89201292557902
2640,0.63344,-1.57494532523642
2641,0.63368,-1.85996894718134
2642,0.63392,-1.66543156000025
2643,0.63416,-1.7086145576381
2644,0.6344,-1.99654505970107
2645,0.63464,-1.80004742175909
2646,0.63488,-1.84394938786678
2647,0.63512,-1.65059035218676
2648,0.63536,-1.8143110722407
2649,0.6356,-1.977877855155
2650,0.63584,-1.54690099909037
2651,0.63608,-1.83022552262015
2652,0.63632,-1.99748881646496
2653,0.63656,-1.68034564073943
2654,0.6368,-1.96441807696737
2655,0.63704,-1.53104258967303
2656,0.63728,-2.054785565968
2657,0.63752,-1.73736354069935
2658,0.63776,-1.54702798003871
2659,0.638,-1.94985154165403
2660,0.63824,-1.87625034044737
2661,0.63848,-1.67951150764769
2662,0.63872,-1.96327568820364
2663,0.63896,-1.53048595963679
2664,0.6392,-2.29315417153091
2665,0.63944,-1.49568721785242
2666,0.63968,-2.02323142846888
2667,0.63992,-2.06378001272411
2668,0.64016,-1.63013782571888
2669,0.6404,-2.15403674874443
2670,0.64064,-1.47685632903997
2671,0.64088,-2.00569981530204
2672,0.64112,-1.92462787112762
2673,0.64136,-1.61039774436201
2674,0.6416,-2.13565629325766
2675,0.64184,-1.57569206460902
2676,0.64208,-1.50414598909299
2677,0.64232,-2.02535127482932
2678,0.64256,-1.59090259776288
2679,0.6428,-2.11748903238793
2680,0.64304,-1.43594681718775
2681,0.64328,-1.84421473302364
2682,0.64352,-1.88529591498931
2683,0.64376,-1.44871583914644
2684,0.644,-1.97763240632455
2685,0.64424,-1.53580293747415
2686,0.64448,-1.82432067404392
2687,0.64472,-1.86674699618421
2688,0.64496,-1.66899742374885
2689,0.6452,-2.07550723589337
2690,0.64544,-1.75540830259481
2691,0.64568,-1.6814947924158
2692,0.64592,-2.08711668269027
2693,0.64616,-1.64321505377496
2694,0.6464,-1.93105159399427
2695,0.64664,-1.61292426655253
2696,0.64688,-2.01590750561936
2697,0.64712,-1.58035699611411
2698,0.64736,-1.86277285607906
2699,0.6476,-2.02917138787302
2700,0.64784,-1.70990382655772
2701,0.64808,-1.98931901972869
2702,0.64832,-1.55584166440996
2703,0.64856,-2.31785340097339
2704,0.6488,-1.51976335991512
2705,0.64904,-2.04671356773282
2706,0.64928,-1.84527283076713
2707,0.64952,-1.53184217919078
2708,0.64976,-2.41387393918753
2709,0.65,-1.49618668824486
2710,0.65024,-2.02160788414668
2711,0.65048,-1.57989770125572
2712,0.65072,-1.86856951361462
2713,0.65096,-1.90938174685338
2714,0.6512,-1.59284722117276
2715,0.65144,-2.11760122690563
2716,0.65168,-1.67570615571979
2717,0.65192,-2.08180509314094
2718,0.65216,-1.76131976651067
2719,0.6524,-2.04432569896093
2720,0.65264,-1.60998922012295
2721,0.65288,-2.01076032067304
2722,0.65312,-1.81582692115989
2723,0.65336,-1.85774337747563
2724,0.6536,-2.02029414996046
2725,0.65384,-1.58531403331798
2726,0.65408,-2.10530846980256
2727,0.65432,-1.42871038574099
2728,0.65456,-2.19387761795036
2729,0.6548,-1.51437332657605
2730,0.65504,-2.28148792966112
2731,0.65528,-1.4774876586001
2732,0.65552,-1.88453643362466
2733,0.65576,-1.92445148954181
2734,0.656,-1.60749064407058
2735,0.65624,-2.25342985674053
2736,0.65648,-1.56789788214618
2737,0.65672,-1.97457672993183
2738,0.65696,-1.89343200213565
2739,0.6572,-1.93606009414509
2740,0.65744,-1.74154304627578
2741,0.65768,-1.90237477360079
2742,0.65792,-2.06754284299696
2743,0.65816,-1.74709840548331
2744,0.6584,-2.02842146351967
2745,0.65864,-1.59112839153495
2746,0.65888,-2.11021850258766
2747,0.65912,-1.43363695049305
2748,0.65936,-2.19882014601118
2749,0.6596,-1.39643492909917
2750,0.65984,-2.0451545852735
2751,0.66008,-1.96063585120703
2752,0.66032,-1.76431548802831
2753,0.66056,-2.04371319910869
2754,0.6608,-1.48515282095976
2755,0.66104,-2.25207996133809
2756,0.66128,-1.56683645686498
2757,0.66152,-1.73238728651012
2758,0.66176,-2.13305710724286
2759,0.662,-1.6931527750838
2760,0.66224,-2.10031736051494
2761,0.66248,-2.01832957401186
2762,0.66272,-1.81830911772041
2763,0.66296,-1.86316861007457
2764,0.6632,-2.02068739123612
2765,0.66344,-1.46410897282629
2766,0.66368,-2.35017278824952
2767,0.66392,-1.6660320297359
2768,0.66416,-1.5916197799913
2769,0.6644,-2.34974321400315
2770,0.66464,-1.54841995604415
2771,0.66488,-2.19424666853522
2772,0.66512,-1.74745781229422
2773,0.66536,-1.91185656436775
2774,0.6656,-1.95410592735437
2775,0.66584,-2.11175902059862
2776,0.66608,-1.79496692424244
2777,0.66632,-2.3125270605942
2778,0.66656,-1.39132455198518
2779,0.6668,-2.15695048152713
2780,0.66704,-1.71098213982972
2781,0.66728,-1.75506965516938
2782,0.66752,-2.15852450834341
2783,0.66776,-1.71255146529177
2784,0.668,-1.9988682155981
2785,0.66824,-1.79865804341068
2786,0.66848,-2.1958699422816
2787,0.66872,-1.6389145177925
2788,0.66896,-2.27754432262805
2789,0.6692,-1.71664497284696
2790,0.66944,-1.87909319842381
2791,0.66968,-1.79616688963478
2792,0.66992,-2.20184560608645
2793,0.67016,-1.76109863236848
2794,0.6704,-2.15788977967057
2795,0.67064,-1.84146993741642
2796,0.67088,-2.2417493765842
2797,0.67112,-1.91781466044727
2798,0.67136,-1.6014171560132
2799,0.6716,-2.11981788435522
2800,0.67184,-1.56329708698242
2801,0.67208,-2.322603866356
2802,0.67232,-1.63962873436648
2803,0.67256,-2.28318271153411
2804,0.6728,-1.71699697411882
2805,0.67304,-2.00164763379922
2806,0.67328,-1.79984983390574
2807,0.67352,-2.07570867145107
2808,0.67376,-1.99834546053158
2809,0.674,-1.79800709688532
2810,0.67424,-1.95455928667026
2811,0.67448,-1.87989199897739
2812,0.67472,-2.03466178836939
2813,0.67496,-1.71423956876846
2814,0.6752,-2.23660084917103
2815,0.67544,-1.6690876237395
2816,0.67568,-2.07620859849049
2817,0.67592,-1.75667672550849
2818,0.67616,-2.2715809389479
2819,0.6764,-1.59493888558099
2820,0.67664,-2.35351526238345
2821,0.67688,-1.431033577853
2822,0.67712,-2.31615189852185
2823,0.67736,-1.62978791528545
2824,0.6776,-2.27444625935365
2825,0.67784,-1.94985006924816
2826,0.67808,-1.74874108015745
2827,0.67832,-1.91151502509286
2828,0.67856,-2.30866012075352
2829,0.6788,-1.50849737993438
2830,0.67904,-2.3903659254494
2831,0.67928,-1.70563580746272
2832,0.67952,-1.6302417676259
2833,0.67976,-2.38742555224468
2834,0.68,-1.58520739785204
2835,0.68024,-2.23017824126109
2836,0.68048,-1.90417918720837
2837,0.68072,-2.18583818212997
2838,0.68096,-1.86349395429688
2839,0.6812,-2.13824673117108
2840,0.68144,-1.70032811668013
2841,0.68168,-2.2174816106827
2842,0.68192,-1.89555999737463
2843,0.68216,-1.81903664721833
2844,0.6824,-2.33673495474857
2845,0.68264,-1.6501681781741
2846,0.68288,-2.2946308919701
2847,0.68312,-2.0870396019547
2848,0.68336,-2.00659203044712
2849,0.6836,-1.80720172195255
2850,0.68384,-1.96426212877984
2851,0.68408,-1.52488925744796
2852,0.68432,-2.4084510994564
2853,0.68456,-1.7218947826443
2854,0.6848,-2.12713722912849
2855,0.68504,-2.04506788892164
2856,0.68528,-2.19969630508806
2857,0.68552,-1.76232668980489
2858,0.68576,-2.28006268918374
2859,0.686,-1.95517600946969
2860,0.68624,-1.75769685915167
2861,0.68648,-2.27258625788485
2862,0.68672,-1.58983966391373
2863,0.68696,-2.11468306932636
2864,0.6872,-1.90685231358828
2865,0.68744,-1.70805936439233
2866,0.68768,-2.11013347660331
2867,0.68792,-1.90254945311656
2868,0.68816,-2.18464522584545
2869,0.6884,-1.98256408972253
2870,0.68864,-2.01762764650586
2871,0.68888,-1.93918981090654
2872,0.68912,-2.09729187831585
2873,0.68936,-2.24985125517236
2874,0.6896,-1.69155816212687
2875,0.68984,-2.56857004551357
2876,0.69008,-1.64347892079174
2877,0.69032,-2.28639884887643
2878,0.69056,-1.95843667609302
2879,0.6908,-1.99855794201986
2880,0.69104,-1.79683964997864
2881,0.69128,-2.19175698089766
2882,0.69152,-1.99253686286521
2883,0.69176,-2.14580101934318
2884,0.692,-1.94337891956508
2885,0.69224,-1.98289870693396
2886,0.69248,-2.01812532000165
2887,0.69272,-1.93893731623893
2888,0.69296,-2.33603479521122
2889,0.6932,-1.65215787605044
2890,0.69344,-2.29442273950476
2891,0.69368,-1.84378322062457
2892,0.69392,-2.00534803063584
2893,0.69416,-2.04271575402953
2894,0.6944,-2.07454132317065
2895,0.69464,-1.87796843440234
2896,0.69488,-2.27255813785902
2897,0.69512,-1.94972193238747
2898,0.69536,-1.75162397063075
2899,0.6956,-2.26722057466127
2900,0.69584,-1.70718068802753
2901,0.69608,-2.10708809204573
2902,0.69632,-2.01985219280242
2903,0.69656,-2.18176306060028
2904,0.6968,-1.85687414858815
2905,0.69704,-2.24985744376808
2906,0.69728,-1.93117226277936
2907,0.69752,-2.08738083495318
2908,0.69776,-2.24074266760202
2909,0.698,-1.80178771598642
2910,0.69824,-2.19985217521379
2911,0.69848,-1.99539576661351
2912,0.69872,-1.91659627348355
2913,0.69896,-2.43083815233131
2914,0.6992,-1.74355034936663
2915,0.69944,-2.02652676968304
2916,0.69968,-2.06147666427962
2917,0.69992,-1.61862794595478
2918,0.70016,-2.26049174485435
2919,0.7004,-1.80903809464061
2920,0.70064,-2.08748414288107
2921,0.70088,-1.8901904250214
2922,0.70112,-2.28278449704883
2923,0.70136,-1.59985819757075
2924,0.7016,-2.4818239850328
2925,0.70184,-1.90922638211881
2926,0.70208,-1.82823913640291
2927,0.70232,-2.23187200637254
2928,0.70256,-1.90417557131637
2929,0.7028,-1.94155454467488
2930,0.70304,-2.10104316547867
2931,0.70328,-1.89192776850444
2932,0.70352,-2.17213502511183
2933,0.70376,-2.08942299476529
2934,0.704,-2.36021243015009
2935,0.70424,-1.68061135996695
2936,0.70448,-2.43678078217413
2937,0.70472,-1.99093960192102
2938,0.70496,-1.79281347306664
2939,0.7052,-2.42952753838702
2940,0.70544,-1.61972376626573
2941,0.70568,-2.38382736828893
2942,0.70592,-1.93160378689615
2943,0.70616,-2.20934992096014
2944,0.7064,-1.88674914332706
2945,0.70664,-2.27848046479247
2946,0.70688,-1.8378336569332
2947,0.70712,-2.46961963130491
2948,0.70736,-1.54747095408907
2949,0.7076,-2.42808930508876
2950,0.70784,-1.97841493189829
2951,0.70808,-1.77924303111272
2952,0.70832,-2.53609437306865
2953,0.70856,-1.84687130845166
2954,0.7088,-2.24912825800552
2955,0.70904,-1.92099412448132
2956,0.70928,-1.9579564429541
2957,0.70952,-1.99503151290695
2958,0.70976,-2.1460283044728
2959,0.71,-2.06559860914874
2960,0.71024,-2.34297244650688
2961,0.71048,-2.13199185041728
2962,0.71072,-1.93368658321527
2963,0.71096,-2.44470391935919
2964,0.7112,-1.99882078791592
2965,0.71144,-2.03639491496063
2966,0.71168,-2.18827619869383
2967,0.71192,-2.10696249747903
2968,0.71216,-2.25884063676043
2969,0.7124,-1.93220067672056
2970,0.71264,-2.21241289299779
2971,0.71288,-1.88171423381393
2972,0.71312,-2.04212452620195
2973,0.71336,-2.07922051891736
2974,0.7136,-2.3509211505801
2975,0.71384,-1.79068169597313
2976,0.71408,-2.54250947278819
2977,0.71432,-1.61228937128826
2978,0.71456,-2.37535721968659
2979,0.7148,-1.80321688703278
2980,0.71504,-2.20243983608154
2981,0.71528,-1.87927640883482
2982,0.71552,-2.39071384364218
2983,0.71576,-1.7090354514593
2984,0.716,-2.58217071012177
2985,0.71624,-1.6525148613203
2986,0.71648,-2.29366099739306
2987,0.71672,-1.9635224777235
2988,0.71696,-1.8813110343705
2989,0.7172,-2.52085524738807
2990,0.71744,-1.70894787195963
2991,0.71768,-2.23180351038108
2992,0.71792,-2.02382490155323
2993,0.71816,-2.29292912356375
2994,0.7184,-2.09408626882851
2995,0.71864,-2.12831185376132
2996,0.71888,-2.04211266215223
2997,0.71912,-1.84156699888998
2998,0.71936,-2.7134454151865
2999,0.7196,-1.9046033620114
3000,0.71984,-1.9453639968251
3001,0.72008,-2.21793213113298
3002,0.72032,-1.89388290915148
3003,0.72056,-2.41014181441772
3004,0.7208,-1.8385378206393
3005,0.72104,-2.11972042161726
3006,0.72128,-2.27321500108461
3007,0.72152,-2.06144218319641
3008,0.72176,-1.86101564410661
3009,0.722,-2.37048302137516
3010,0.72224,-1.68472991315651
3011,0.72248,-2.44459803521388
3012,0.72272,-1.98921355600665
3013,0.72296,-2.38900705653917
3014,0.7232,-2.05982221078017
3015,0.72344,-2.21211618010938
3016,0.72368,-1.77037144625247
3017,0.72392,-2.63987217796036
3018,0.72416,-1.71025093607625
3019,0.7244,-2.47214464340245
3020,0.72464,-2.01737630450392
3021,0.72488,-2.17419143903212
3022,0.72512,-1.96947627971007
3023,0.72536,-2.35934921688279
3024,0.7256,-1.91739313868717
3025,0.72584,-2.43111650651885
3026,0.72608,-2.09982008337414
3027,0.72632,-2.02128947906982
3028,0.72656,-2.29131078317
3029,0.7268,-2.20404392946864
3030,0.72704,-1.76281800633683
3031,0.72728,-2.39315214888176
3032,0.72752,-1.82256758347261
3033,0.72776,-2.34311999954535
3034,0.728,-2.00960916971411
3035,0.72824,-2.28676359717713
3036,0.72848,-2.07949532378416
3037,0.72872,-2.34710464743005
3038,0.72896,-1.78645966273213
3039,0.7292,-2.65943436174272
3040,0.72944,-1.72704308538161
3041,0.72968,-2.48846228030724
3042,0.72992,-1.91560040171422
3043,0.73016,-2.19081377076618
3044,0.7304,-2.11069338328613
3045,0.73064,-2.25980228936473
3046,0.73088,-1.81764603101094
3047,0.73112,-2.56911618410293
3048,0.73136,-1.99807006512124
3049,0.7316,-2.1582183580591
3050,0.73184,-2.18896880861575
3051,0.73208,-2.22362984535062
3052,0.73232,-1.89988696608487
3053,0.73256,-2.52581515040725
3054,0.7328,-1.84166743456209
3055,0.73304,-2.35729997093342
3056,0.73328,-2.14240962259728
3057,0.73352,-2.06064208426117
3058,0.73376,-2.45522176826752
3059,0.734,-1.99992791226028
3060,0.73424,-2.04027325846475
3061,0.73448,-2.42967294486699
3062,0.73472,-2.10187520675626
3063,0.73496,-1.90077896248935
3064,0.7352,-2.53115642440375
3065,0.73544,-1.60417354582197
3066,0.73568,-2.60391974551983
3067,0.73592,-2.02762983717276
3068,0.73616,-2.30437668810542
3069,0.7364,-2.09670983100142
3070,0.73664,-2.36351675679461
3071,0.73688,-1.80339628526051
3072,0.73712,-2.55311976687022
3073,0.73736,-1.86321281999834
3074,0.7376,-2.37940168560666
3075,0.73784,-2.16376767350523
3076,0.73808,-2.08128866410644
3077,0.73832,-2.47518715022495
3078,0.73856,-2.01924186683164
3079,0.7388,-2.0589640142589
3080,0.73904,-2.44776707625385
3081,0.73928,-2.11939929096282
3082,0.73952,-1.91775761062397
3083,0.73976,-2.54715834926588
3084,0.74,-1.86240089466641
3085,0.74024,-2.73435677843067
3086,0.74048,-1.80140787384855
3087,0.74072,-2.32085253398823
3088,0.74096,-2.22643297832498
3089,0.7412,-2.14137366928758
3090,0.74144,-2.29313949671589
3091,0.74168,-1.95767231569757
3092,0.74192,-2.35802339983724
3093,0.74216,-2.14828998326515
3094,0.7424,-2.41311949581639
3095,0.74264,-1.97269300061434
3096,0.74288,-2.48175101490925
3097,0.74312,-1.91068823742596
3098,0.74336,-2.30697821417679
3099,0.7436,-2.21327223688205
3100,0.74384,-2.00951173155533
3101,0.74408,-2.52358202436676
3102,0.74432,-2.06667373427284
3103,0.74456,-2.10459849275029
3104,0.7448,-2.6115054835205
3105,0.74504,-2.15995310639424
3106,0.74528,-2.07750506402771
3107,0.74552,-2.46665501555261
3108,0.74576,-1.77914770507948
3109,0.746,-2.65323964891009
3110,0.74624,-1.95764297816042
3111,0.74648,-2.23836036636047
3112,0.74672,-2.38789385183528
3113,0.74696,-1.93221217993942
3114,0.7472,-2.45413921713642
3115,0.74744,-2.11889601454353
3116,0.74768,-2.15168461291857
3117,0.74792,-2.18476812582449
3118,0.74816,-2.33014980500664
3119,0.7484,-1.52364497866119
3120,0.74864,-2.64124463061863
3121,0.74888,-2.06393001865133
3122,0.74912,-2.2233540198027
3123,0.74936,-2.13139044363364
3124,0.7496,-2.39813894594866
3125,0.74984,-1.95432542210967
3126,0.75008,-2.82445610788002
3127,0.75032,-1.89108657601715
3128,0.75056,-2.2894547512585
3129,0.7508,-2.19598553149956
3130,0.75104,-2.22861212678513
3131,0.75128,-2.2619952824222
3132,0.75152,-2.28435141778995
3133,0.75176,-2.202918743802
3134,0.752,-2.35335855859249
3135,0.75224,-2.37832674749602
3136,0.75248,-1.81481837411852
3137,0.75272,-2.68417169963977
3138,0.75296,-1.74960740281114
3139,0.7532,-2.62704931362958
3140,0.75344,-2.16950828990183
3141,0.75368,-2.20296900028616
3142,0.75392,-2.36135825196091
3143,0.75416,-2.26183237735685
3144,0.7544,-2.0551312758056
3145,0.75464,-2.20819720653087
3146,0.75488,-2.47184796264779
3147,0.75512,-1.90569258067604
3148,0.75536,-2.77645985050897
3149,0.7556,-1.72166426296699
3150,0.75584,-2.48191646693203
3151,0.75608,-2.1449995199947
3152,0.75632,-2.29774132670534
3153,0.75656,-2.08912796175987
3154,0.7568,-2.47351888692477
3155,0.75704,-1.78755471898488
3156,0.75728,-2.6622339773139
3157,0.75752,-2.08444630413321
3158,0.75776,-2.12354638473414
3159,0.758,-2.27509542406692
3160,0.75824,-2.53947863928345
3161,0.75848,-1.8546315748545
3162,0.75872,-2.60312713723638
3163,0.75896,-2.02928584515789
3164,0.7592,-2.06646298688745
3165,0.75944,-2.69465096350566
3166,0.75968,-1.75691021308499
3167,0.75992,-2.51757944822932
3168,0.76016,-2.18015772934071
3169,0.7604,-2.21086145825754
3170,0.76064,-2.12167559268941
3171,0.76088,-2.50483147437067
3172,0.76112,-1.82030457901589
3173,0.76136,-2.68939167826999
3174,0.7616,-1.87485156706144
3175,0.76184,-2.39471800144639
3176,0.76208,-2.29892509597997
3177,0.76232,-1.84867673760305
3178,0.76256,-2.60763352929817
3179,0.7628,-2.1478936946089
3180,0.76304,-2.05939176273112
3181,0.76328,-2.45627254525447
3182,0.76352,-1.87985368016896
3183,0.76376,-2.51944662013405
3184,0.764,-2.30370597327867
3185,0.76424,-2.33183450641815
3186,0.76448,-2.00749199100269
3187,0.76472,-2.50995569022378
3188,0.76496,-1.82278867941599
3189,0.7652,-2.45881062090609
3190,0.76544,-2.35952369270092
3191,0.76568,-2.1504093241596
3192,0.76592,-2.54257399691281
3193,0.76616,-2.08235475989339
3194,0.7664,-2.36204275880579
3195,0.76664,-2.27046992555608
3196,0.76688,-2.4147659389439
3197,0.76712,-2.09132676844609
3198,0.76736,-2.59636074367795
3199,0.7676,-2.02145005353699
3200,0.76784,-2.29729009549388
3201,0.76808,-2.56027160434971
3202,0.76832,-1.86800211352857
3203,0.76856,-2.50352122593075
3204,0.7688,-2.04162541866582
3205,0.76904,-2.31842976037472
3206,0.76928,-2.10993290430896
3207,0.76952,-2.37156270840963
3208,0.76976,-2.16733219286478
3209,0.77,-2.67267857638222
3210,0.77024,-2.09633578724167
3211,0.77048,-2.13287459533718
3212,0.77072,-2.75870207305214
3213,0.77096,-1.94288846693591
3214,0.7712,-2.57963441575568
3215,0.77144,-2.23960758031357
3216,0.77168,-2.27128951518757
3217,0.77192,-2.42054758024901
3218,0.77216,-2.31975437353684
3219,0.7724,-2.23730248610762
3220,0.77264,-2.38370880888229
3221,0.77288,-2.17300091197827
3222,0.77312,-2.20632230951513
3223,0.77336,-2.58899321249779
3224,0.7736,-1.78025791997149
3225,0.77384,-2.53269474113037
3226,0.77408,-2.3151389151666
3227,0.77432,-2.22949420799383
3228,0.77456,-2.49702391433055
3229,0.7748,-2.27800420780126
3230,0.77504,-2.19399033977115
3231,0.77528,-2.45612259539074
3232,0.77552,-2.12430473061454
3233,0.77576,-2.27576331294703
3234,0.776,-2.53698678352327
3235,0.77624,-1.84609554909263
3236,0.77648,-2.72173261970652
3237,0.77672,-2.13915215337755
3238,0.77696,-2.29485679522894
3239,0.7772,-2.32655467217126
3240,0.77744,-2.34816287872188
3241,0.77768,-2.38280951381413
3242,0.77792,-2.52267108746562
3243,0.77816,-2.18983036100072
3244,0.7784,-2.10369130554722
3245,0.77864,-2.60828742339899
3246,0.77888,-1.92008617936517
3247,0.77912,-2.78956319782682
3248,0.77936,-1.96973471106695
3249,0.7796,-2.24662627425019
3250,0.77984,-2.75202448261227
3251,0.78008,-1.81619990502384
3252,0.78032,-2.5747767070701
3253,0.78056,-2.23538573713394
3254,0.7808,-2.26767220221558
3255,0.78104,-2.42055804455741
3256,0.78128,-2.44089469633228
3257,0.78152,-2.11436384975822
3258,0.78176,-2.73887908953069
3259,0.782,-2.16019827756943
3260,0.78224,-2.19449761085183
3261,0.78248,-2.81817960421992
3262,0.78272,-1.76065177245336
3263,0.78296,-2.63899390887142
3264,0.7832,-2.29952393371793
3265,0.78344,-2.33046186635627
3266,0.78368,-2.3613318019829
3267,0.78392,-2.38085882622657
3268,0.78416,-2.17733703412871
3269,0.7844,-2.44627764068551
3270,0.78464,-2.58590336430713
3271,0.78488,-1.89895198735885
3272,0.78512,-2.88858330762832
3273,0.78536,-1.94662006282849
3274,0.7856,-2.58430478730907
3275,0.78584,-2.3667372688825
3276,0.78608,-2.39312244907553
3277,0.78632,-2.06711182553818
3278,0.78656,-2.80764126165509
3279,0.7868,-1.8767135375781
3280,0.78704,-2.51138505516405
3281,0.78728,-2.41080895955341
3282,0.78752,-2.20046768672266
3283,0.78776,-2.5914589609271
3284,0.788,-2.24950353610614
3285,0.78824,-2.52597287463065
3286,0.78848,-2.31106683716967
3287,0.78872,-2.33170982175373
3288,0.78896,-2.36932821194312
3289,0.7892,-2.39091228330404
3290,0.78944,-2.18021959210277
3291,0.78968,-2.33336781837494
3292,0.78992,-2.59447862081635
3293,0.79016,-2.02460160465287
3294,0.7904,-2.89353491324446
3295,0.79064,-1.94987329196346
3296,0.79088,-2.46609724471342
3297,0.79112,-2.36982320993607
3298,0.79136,-2.27082445747448
3299,0.7916,-2.30732022093772
3300,0.79184,-2.45156272099671
3301,0.79208,-2.23487249097714
3302,0.79232,-2.14916670804137
3303,0.79256,-2.77005313153912
3304,0.7928,-1.83838616984444
3305,0.79304,-2.58958995264605
3306,0.79328,-2.36560020724028
3307,0.79352,-1.91387912710831
3308,0.79376,-2.78734950200444
3309,0.794,-2.20269709075579
3310,0.79424,-2.3564219421747
3311,0.79448,-2.50604990490756
3312,0.79472,-2.40430705265752
3313,0.79496,-2.43903459921101
3314,0.7952,-2.33932084750671
3315,0.79544,-2.48363697991258
3316,0.79568,-2.03732748689546
3317,0.79592,-2.77913399716513
3318,0.79616,-2.083429835166
3319,0.7964,-2.47814118533804
3320,0.79664,-2.49838301539642
3321,0.79688,-2.04498779309756
3322,0.79712,-2.7969863863478
3323,0.79736,-2.09353187064606
3324,0.7976,-2.60948527133902
3325,0.79784,-2.39136749939333
3326,0.79808,-2.53269426921053
3327,0.79832,-1.96891956776264
3328,0.79856,-2.95349609681844
3329,0.7988,-2.12874063393678
3330,0.79904,-2.40394755129997
3331,0.79928,-2.54693245815387
3332,0.79952,-2.21313104417515
3333,0.79976,-2.60368188332601
3334,0.8,-2.25955199230225
3335,0.80024,-2.41412453437509
3336,0.80048,-2.32009317592773
3337,0.80072,-2.69821244330586
3338,0.80096,-1.8920669182453
3339,0.8012,-2.88010883022871
3340,0.80144,-2.17500157328233
3341,0.80168,-2.33067464045099
3342,0.80192,-2.71663235492208
3343,0.80216,-2.13500579543498
3344,0.8024,-2.76915248397944
3345,0.80264,-2.30506290723096
3346,0.80288,-2.33313643223333
3347,0.80312,-2.36607266563551
3348,0.80336,-2.62242488751739
3349,0.8036,-2.17267666320698
3350,0.80384,-2.442694533533
3351,0.80408,-2.70098915408282
3352,0.80432,-2.01078730932617
3353,0.80456,-2.75457871829263
3354,0.8048,-2.05726625158642
3355,0.80504,-2.45176786184105
3356,0.80528,-2.59077079394916
3357,0.80552,-1.77554263077482
3358,0.80576,-2.53005309730238
3359,0.806,-2.54669632482868
3360,0.80624,-2.21144773543513
3361,0.80648,-2.36529956021245
3362,0.80672,-2.50112617169949
3363,0.80696,-2.17052454851209
3364,0.8072,-2.32097237881749
3365,0.80744,-2.69933415857255
3366,0.80768,-2.01021535469816
3367,0.80792,-2.87706395770238
3368,0.80816,-2.05471982468903
3369,0.8084,-2.33096254009029
3370,0.80864,-2.83398602902991
3371,0.80888,-2.12992370477566
3372,0.80912,-2.523653332483
3373,0.80936,-2.42567761318713
3374,0.8096,-2.32505158102824
3375,0.80984,-2.24055568177882
3376,0.81008,-2.50047194406301
3377,0.81032,-2.28593902562602
3378,0.81056,-2.19575406372251
3379,0.8108,-2.81413744038303
3380,0.81104,-2.00469927020182
3381,0.81128,-2.51284528980783
3382,0.81152,-2.52876450081007
3383,0.81176,-2.07777213160043
3384,0.812,-2.70786031171582
3385,0.81224,-2.35974483491229
3386,0.81248,-2.51312729997878
3387,0.81272,-2.41794820722939
3388,0.81296,-2.4341449085706
3389,0.8132,-2.46838741025031
3390,0.81344,-2.3682114365803
3391,0.81368,-2.39316066513284
3392,0.81392,-2.54771733660311
3393,0.81416,-2.44324275386331
3394,0.8144,-2.35385014668599
3395,0.81464,-2.26307028834152
3396,0.81488,-2.87738506782951
3397,0.81512,-2.06452246629408
3398,0.81536,-2.69271521535003
3399,0.8156,-2.58769665608481
3400,0.81584,-2.01666701179457
3401,0.81608,-3.12325705865387
3402,0.81632,-1.94022261270792
3403,0.81656,-2.69546955019225
3404,0.8168,-2.35197749515441
3405,0.81704,-2.3777790080508
3406,0.81728,-2.16973649837788
3407,0.81752,-2.90718448663285
3408,0.81776,-1.97331221773932
3409,0.818,-2.60516479964806
3410,0.81824,-2.74066792060944
3411,0.81848,-1.92386826210873
3412,0.81872,-2.793631558669
3413,0.81896,-2.21204238826606
3414,0.8192,-2.48451687659363
3415,0.81944,-2.62271799526225
3416,0.81968,-2.04815185890231
3417,0.81992,-2.91737750245951
3418,0.82016,-2.09075967936625
3419,0.8204,-2.60434555050849
3420,0.82064,-2.74434754147612
3421,0.82088,-2.16060651872479
3422,0.82112,-2.79446769557525
3423,0.82136,-2.44993561901484
3424,0.8216,-2.11783673613976
3425,0.82184,-2.8690761070654
3426,0.82208,-2.16228901968572
3427,0.82232,-2.43453525884969
3428,0.82256,-2.34060362913921
3429,0.8228,-2.71619447926608
3430,0.82304,-1.90763682167194
3431,0.82328,-2.89599190571233
3432,0.82352,-2.30619549655502
3433,0.82376,-2.45674667702602
3434,0.824,-2.36235236441797
3435,0.82424,-2.61545340166232
3436,0.82448,-2.16560747156686
3437,0.82472,-2.54927613398923
3438,0.82496,-2.56771136695713
3439,0.8252,-2.11863681374209
3440,0.82544,-2.97762563354562
3441,0.82568,-2.04104057944871
3442,0.82592,-2.43235926778572
3443,0.82616,-2.68902658742868
3444,0.8264,-1.99377966222745
3445,0.82664,-2.62774900658944
3446,0.82688,-2.6393170809302
3447,0.82712,-2.30360280836432
3448,0.82736,-2.45306402118646
3449,0.8276,-2.94854019770138
3450,0.82784,-2.01112812598367
3451,0.82808,-2.5228085775373
3452,0.82832,-2.65887460961511
3453,0.82856,-1.96723538646617
3454,0.8288,-2.83688531295627
3455,0.82904,-2.37105346703869
3456,0.82928,-2.16256278647913
3457,0.82952,-3.02723238119725
3458,0.82976,-2.08211146537891
3459,0.83,-2.59823206261174
3460,0.83024,-2.49793932032542
3461,0.83048,-2.51230913325099
3462,0.83072,-2.30426310836207
3463,0.83096,-2.9227039347542
3464,0.8312,-2.3382084982889
3465,0.83144,-2.24972933449572
3466,0.83168,-2.98779227674302
3467,0.83192,-1.93204685753788
3468,0.83216,-2.68090468105472
3469,0.8324,-2.57672086261513
3470,0.83264,-2.12762714898445
3471,0.83288,-2.99220055840758
3472,0.83312,-2.16595805096417
3473,0.83336,-2.5609424462413
3474,0.8336,-2.46242297355593
3475,0.83384,-2.83581547970348
3476,0.83408,-2.02514876020733
3477,0.83432,-3.0088623933089
3478,0.83456,-2.29961831898054
3479,0.8348,-2.33151359143256
3480,0.83504,-3.1916668010325
3481,0.83528,-2.12763410143506
3482,0.83552,-2.51865163476918
3483,0.83576,-2.53405213112041
3484,0.836,-2.20243669599649
3485,0.83624,-2.9510519719117
3486,0.83648,-2.24397220295971
3487,0.83672,-2.51806347749679
3488,0.83696,-2.42156180242216
3489,0.8372,-2.55589739518859
3490,0.83744,-2.22862144637728
3491,0.83768,-2.85066125008459
3492,0.83792,-2.38551527357455
3493,0.83816,-2.29746823515362
3494,0.8384,-2.91915961156651
3495,0.83864,-2.32904226981985
3496,0.83888,-2.72151227908755
3497,0.83912,-2.85808081444583
3498,0.83936,-2.15472431598804
3499,0.8396,-2.78747875563139
3500,0.83984,-2.31770065882471
3501,0.84008,-2.46848009632582
3502,0.84032,-2.61349382526122
3503,0.84056,-2.38576338865623
3504,0.8408,-2.41942126622674
3505,0.84104,-2.68033486782903
3506,0.84128,-2.57568636340971
3507,0.84152,-2.12655230107546
3508,0.84176,-3.10878590558824
3509,0.842,-2.04169040730298
3510,0.84224,-2.55618055114872
3511,0.84248,-3.05350353492964
3512,0.84272,-1.98840502271204
3513,0.84296,-2.73922008024695
3514,0.8432,-2.63074394372266
3515,0.84344,-2.17540975614309
3516,0.84368,-2.92509590173495
3517,0.84392,-2.33534358895072
3518,0.84416,-2.48640199296871
3519,0.8444,-2.86962920049098
3520,0.84464,-2.16077956198794
3521,0.84488,-2.6745848294431
3522,0.84512,-2.57291839085317
3523,0.84536,-2.70843448935203
3524,0.8456,-2.13952429751594
3525,0.84584,-3.11875887656657
3526,0.84608,-2.17299307787078
3527,0.84632,-2.44574162903392
3528,0.84656,-3.0617555820313
3529,0.8468,-1.88058052432392
3530,0.84704,-2.75260270619577
3531,0.84728,-2.52564736483811
3532,0.84752,-2.19490238399772
3533,0.84776,-2.94435238961482
3534,0.848,-2.1165095969146
3535,0.84824,-2.6306261465114
3536,0.84848,-2.88792159651284
3537,0.84872,-1.9462125112302
3538,0.84896,-2.82028239049834
3539,0.8492,-2.59262421840363
3540,0.84944,-2.61113371916122
3541,0.84968,-2.28018047082467
3542,0.84992,-3.13364184960868
3543,0.85016,-2.07193825332427
3544,0.8504,-2.58238146760348
3545,0.85064,-2.83359414294017
3546,0.85088,-1.77540716848681
3547,0.85112,-2.88357341910148
3548,0.85136,-2.65419475034524
3549,0.8516,-1.96290908513751
3550,0.85184,-3.30435761088094
3551,0.85208,-1.99954235411005
3552,0.85232,-2.75333375058085
3553,0.85256,-2.76623762973308
3554,0.8528,-2.06704222638409
3555,0.85304,-2.69896584164831
3556,0.85328,-2.58962681937121
3557,0.85352,-2.49557983768247
3558,0.85376,-2.40208090883323
3559,0.854,-2.89528217345525
3560,0.85424,-1.96047159909948
3561,0.85448,-2.82671162826378
3562,0.85472,-2.59511485250897
3563,0.85496,-2.2599109657596
3564,0.8552,-3.12406092781076
3565,0.85544,-2.29173873530784
3566,0.85568,-2.56282323104902
3567,0.85592,-2.69961865585273
3568,0.85616,-2.35816841703042
3569,0.8564,-2.86907829719275
3570,0.85664,-2.51936054831842
3571,0.85688,-2.30562626738414
3572,0.85712,-2.81317805932826
3573,0.85736,-2.34131482994638
3574,0.8576,-2.61209139041286
3575,0.85784,-2.51240461237972
3576,0.85808,-2.64369176733807
3577,0.85832,-2.55448024517164
3578,0.85856,-2.81028410876721
3579,0.8588,-2.58441011310661
3580,0.85904,-2.25418148490196
3581,0.85928,-2.98800645324696
3582,0.85952,-2.28600135739018
3583,0.85976,-2.67467258811213
3584,0.86,-2.92532104546712
3585,0.86024,-1.87049501506079
3586,0.86048,-2.97883088289756
3587,0.86072,-2.39100686841376
3588,0.86096,-2.42356382616064
3589,0.8612,-3.1636407361276
3590,0.86144,-2.09805964446871
3591,0.86168,-2.73207298616741
3592,0.86192,-2.74716635232741
3593,0.86216,-2.1642447553982
3594,0.8624,-2.67686954236918
3595,0.86264,-2.68785017656353
3596,0.86288,-2.47009599129825
3597,0.86312,-2.37723293522383
3598,0.86336,-3.10764545384871
3599,0.8636,-2.16704430182957
3600,0.86384,-2.55191295287263
3601,0.86408,-2.92094835917297
3602,0.86432,-1.98501554320602
3603,0.86456,-3.08505362788386
3604,0.8648,-2.37513418132312
3605,0.86504,-2.28608898310453
3606,0.86528,-3.02271608875547
3607,0.86552,-1.95951271715408
3608,0.86576,-2.83195753638799
3609,0.866,-2.4812017585913
3610,0.86624,-2.38892109605074
3611,0.86648,-2.893243912766
3612,0.86672,-2.30109334778993
3613,0.86696,-2.69209294761279
3614,0.8672,-2.58932319583612
3615,0.86744,-2.60132782643442
3616,0.86768,-2.63200134068886
3617,0.86792,-2.88483441311508
3618,0.86816,-2.54064720181529
3619,0.8684,-2.32949809161201
3620,0.86864,-3.18161568015058
3621,0.86888,-2.11862592363058
3622,0.86912,-2.62783609186186
3623,0.86936,-2.87786755096064
3624,0.8696,-1.81855113079973
3625,0.86984,-3.16662066833586
3626,0.87008,-2.33307698836272
3627,0.87032,-2.36332815429854
3628,0.87056,-3.10642724104997
3629,0.8708,-2.15571823497612
3630,0.87104,-2.66910591163357
3631,0.87128,-2.9257051806158
3632,0.87152,-2.22037495264688
3633,0.87176,-2.61461871237865
3634,0.872,-2.50669522977292
3635,0.87224,-2.52817688840655
3636,0.87248,-2.31728665178204
3637,0.87272,-2.92911131078974
3638,0.87296,-2.23505723503456
3639,0.8732,-2.85834536558082
3640,0.87344,-2.62836215341263
3641,0.87368,-2.17530527319171
3642,0.87392,-3.15680437453107
3643,0.87416,-2.20534193894871
3644,0.8744,-2.59645715229877
3645,0.87464,-2.85242713770287
3646,0.87488,-2.50470227138332
3647,0.87512,-2.53682694923379
3648,0.87536,-2.78623821791551
3649,0.8756,-2.44621499844579
3650,0.87584,-2.35491781645059
3651,0.87608,-2.96527833754533
3652,0.87632,-2.15167932887775
3653,0.87656,-2.89504382493449
3654,0.8768,-2.5485937073032
3655,0.87704,-2.33922215538322
3656,0.87728,-3.31632220867222
3657,0.87752,-2.25089778260694
3658,0.87776,-2.64186813419054
3659,0.878,-2.8959896163973
3660,0.87824,-1.95345095579486
3661,0.87848,-2.94436311537181
3662,0.87872,-2.47332639677558
3663,0.87896,-2.3767105768153
3664,0.8792,-2.64243647371741
3665,0.87944,-2.64864876093461
3666,0.87968,-2.55314289678889
3667,0.87992,-2.45780490095527
3668,0.88016,-3.06646934409877
3669,0.8804,-2.24820812843198
3670,0.88064,-2.7500718179484
3671,0.88088,-2.87805825806296
3672,0.88112,-2.18349086573386
3673,0.88136,-3.04116555718656
3674,0.8816,-2.56959672974399
3675,0.88184,-2.35776037745489
3676,0.88208,-3.3312062826641
3677,0.88232,-2.26226720677752
3678,0.88256,-2.65249066528532
3679,0.8828,-3.14165994645082
3680,0.88304,-1.95855460307467
3681,0.88328,-2.94812027465396
3682,0.88352,-2.59656736272926
3683,0.88376,-2.38368051399216
3684,0.884,-3.1264593694947
3685,0.88424,-2.29311545778738
3686,0.88448,-2.68476030854133
3687,0.88472,-3.06107571626094
3688,0.88496,-2.11207112656592
3689,0.8852,-2.86412682157117
3690,0.88544,-2.75418913916874
3691,0.88568,-2.17195212436003
3692,0.88592,-2.80070846484743
3693,0.88616,-2.56630766970903
3694,0.8864,-2.71389948896034
3695,0.88664,-2.61184895125663
3696,0.88688,-2.62019851507846
3697,0.88712,-2.6495498102636
3698,0.88736,-2.78171763283553
3699,0.8876,-2.67422075913337
3700,0.88784,-2.58312523412187
3701,0.88808,-2.83105858617312
3702,0.88832,-2.48962998768553
3703,0.88856,-2.51681661983223
3704,0.8888,-3.12328767843396
3705,0.88904,-2.06368918616516
3706,0.88928,-2.81099900078292
3707,0.88952,-2.81732815264221
3708,0.88976,-2.12143155819386
3709,0.89,-3.2283935094061
3710,0.89024,-2.39302506050008
3711,0.89048,-2.42153109165628
3712,0.89072,-3.15944478233602
3713,0.89096,-2.20728437888984
3714,0.8912,-2.72105197906899
3715,0.89144,-2.8546285569387
3716,0.89168,-2.74589051340317
3717,0.89192,-2.41656643354272
3718,0.89216,-2.90939557730876
3719,0.8924,-2.44534696414524
3720,0.89264,-2.47509981789239
3721,0.89288,-2.96632613610192
3722,0.89312,-2.02657854698683
3723,0.89336,-3.01536969844328
3724,0.8936,-2.54144565381084
3725,0.89384,-2.32745662370506
3726,0.89408,-3.18899962259973
3727,0.89432,-2.35594531314322
3728,0.89456,-2.50516014729845
3729,0.8948,-3.23916422044285
3730,0.89504,-2.05233591994195
3731,0.89528,-3.15858263270737
3732,0.89552,-2.44234781755048
3733,0.89576,-2.34911283394313
3734,0.896,-3.09039605206777
3735,0.89624,-2.25520805829013
3736,0.89648,-2.76535220188272
3737,0.89672,-3.01491481567006
3738,0.89696,-2.30460381113242
3739,0.8972,-3.05574650372568
3740,0.89744,-2.58109931218117
3741,0.89768,-2.4845145699965
3742,0.89792,-2.87010696491997
3743,0.89816,-2.51647554535223
3744,0.8984,-2.42840346247929
3745,0.89864,-2.80727658457797
3746,0.89888,-2.93227247291323
3747,0.89912,-2.11803115710876
3748,0.89936,-3.21724570608339
3749,0.8996,-2.50305346646052
3750,0.89984,-2.53238149556552
3751,0.90008,-3.2658539769273
3752,0.90032,-2.4314662214789
3753,0.90056,-2.58375959972049
3754,0.9008,-2.83611681815324
3755,0.90104,-2.72726862078908
3756,0.90128,-2.27625348070566
3757,0.90152,-3.36865058962114
3758,0.90176,-2.17906764298033
3759,0.902,-2.81124533086866
3760,0.90224,-2.94003623228166
3761,0.90248,-2.47374874495751
3762,0.90272,-2.50441806192825
3763,0.90296,-3.11412869343239
3764,0.9032,-2.28865061318439
3765,0.90344,-2.67905249115354
3766,0.90368,-3.04765741591311
3767,0.90392,-2.22247349667375
3768,0.90416,-2.73430726352978
3769,0.9044,-2.86084299277245
3770,0.90464,-2.39940220285778
3771,0.90488,-2.54798620807037
3772,0.90512,-3.15591515984308
3773,0.90536,-1.97311357691212
3774,0.9056,-2.96429518449887
3775,0.90584,-2.60939620653596
3776,0.90608,-2.51061083710476
3777,0.90632,-2.41823097190798
3778,0.90656,-3.14473902147401
3779,0.9068,-1.96509650861958
3780,0.90704,-2.95449954771118
3781,0.90728,-2.59923731509461
3782,0.90752,-2.50224918014465
3783,0.90776,-2.64908292890907
3784,0.908,-2.89411852991767
3785,0.90824,-2.19824499523182
3786,0.90848,-2.82459154408221
3787,0.90872,-2.71037219941135
3788,0.90896,-2.37417341146106
3789,0.9092,-2.88090780803
3790,0.90944,-2.64401613223337
3791,0.90968,-2.43188169682043
3792,0.90992,-2.57314715648007
3793,0.91016,-2.93971513982571
3794,0.9104,-2.12559203990544
3795,0.91064,-3.34866541336488
3796,0.91088,-2.39255330199069
3797,0.91112,-2.66288849686484
3798,0.91136,-2.80287567517588
3799,0.9116,-2.92943034537055
3800,0.91184,-2.11755052353767
3801,0.91208,-3.2177146830274
3802,0.91232,-2.50400614075545
3803,0.91256,-2.53379614272375
3804,0.9128,-3.27122369704264
3805,0.91304,-2.43711366529233
3806,0.91328,-2.58967221294752
3807,0.91352,-2.84228192076162
3808,0.91376,-2.73367705782472
3809,0.914,-2.28289457846396
3810,0.91424,-3.37551405094867
3811,0.91448,-2.18614622792215
3812,0.91472,-2.81852993739093
3813,0.91496,-2.94751821189121
3814,0.9152,-2.48142292525909
3815,0.91544,-2.75193658546293
3816,0.91568,-2.87469896560027
3817,0.91592,-2.41310968935802
3818,0.91616,-2.56155231238938
3819,0.9164,-3.16934805507876
3820,0.91664,-1.98642262102132
3821,0.91688,-3.21537917951377
3822,0.91712,-2.61649510204141
3823,0.91736,-2.51915430047602
3824,0.9176,-2.66565127132984
3825,0.91784,-2.91036781433192
3826,0.91808,-2.21419231791762
3827,0.91832,-2.9565629945205
3828,0.91856,-2.84053019490656
3829,0.9188,-2.26463581757455
3830,0.91904,-3.12992346054492
3831,0.91928,-2.65079987904099
3832,0.91952,-2.4387762586873
3833,0.91976,-2.81804391082966
3834,0.92,-2.94342022772687
3835,0.92024,-2.12954462430749
3836,0.92048,-3.35285690325577
3837,0.92072,-2.39479602994052
3838,0.92096,-2.66503380316609
3839,0.9212,-2.80226356665957
3840,0.92144,-2.92840567913598
3841,0.92168,-2.35664972902071
3842,0.92192,-3.20932698955196
3843,0.92216,-2.61755558921738
3844,0.9224,-2.40706531548387
3845,0.92264,-3.37959602832913
3846,0.92288,-2.18824714063088
3847,0.92312,-2.93808172408796
3848,0.92336,-3.06180452987483
3849,0.9236,-2.23681391546527
3850,0.92384,-2.98761175793086
3851,0.92408,-2.62900219255781
3852,0.92432,-2.53056172905643
3853,0.92456,-3.03461534407808
3854,0.9248,-2.79514612014235
3855,0.92504,-2.57795460221473
3856,0.92528,-2.7191374168954
3857,0.92552,-2.84161394857037
3858,0.92576,-2.50870455645321
3859,0.926,-3.00457173629991
3860,0.92624,-2.8893892623394
3861,0.92648,-2.19664151461487
3862,0.92672,-3.40988645137195
3863,0.92696,-2.57601318150315
3864,0.9272,-2.48472610386241
3865,0.92744,-3.21397983474079
3866,0.92768,-2.14244953068596
3867,0.92792,-3.00995388468167
3868,0.92816,-2.77345551659009
3869,0.9284,-2.31548439119373
3870,0.92864,-2.82515019239045
3871,0.92888,-3.0668869663825
3872,0.92912,-2.60491545463231
3873,0.92936,-2.74509818266955
3874,0.9296,-2.74941626031725
3875,0.92984,-2.29908851944145
3876,0.93008,-2.9171086597131
3877,0.93032,-3.03987360409292
3878,0.93056,-2.34251639944766
3879,0.9308,-3.1961724563251
3880,0.93104,-2.8406259804852
3881,0.93128,-2.50663228986334
3882,0.93152,-3.11394502152145
3883,0.93176,-2.41081642349205
3884,0.932,-2.67590558548524
3885,0.93224,-3.27808285709823
3886,0.93248,-2.33469448220843
3887,0.93272,-2.71859734025645
3888,0.93296,-3.0823580801603
3889,0.9332,-2.26691711516559
3890,0.93344,-3.12744395184164
3891,0.93368,-2.52961561510365
3892,0.93392,-2.55917119825117
3893,0.93416,-3.05188361450971
3894,0.9344,-2.5781298280459
3895,0.93464,-2.72845773339754
3896,0.93488,-2.97198909411862
3897,0.93512,-2.62679329125886
3898,0.93536,-2.77369292010184
3899,0.9356,-3.25670881603522
3900,0.93584,-2.43336145975998
3901,0.93608,-2.81353331980286
3902,0.93632,-3.05566067999055
3903,0.93656,-2.36047170329519
3904,0.9368,-3.21358762942901
3905,0.93704,-2.85752253683283
3906,0.93728,-2.52303226020278
3907,0.93752,-3.12986917559088
3908,0.93776,-2.42628545950168
3909,0.938,-2.69093866183577
3910,0.93824,-3.1741867148093
3911,0.93848,-2.23556373627367
3912,0.93872,-2.97783944458749
3913,0.93896,-2.98110228728859
3914,0.9392,-2.1663636105226
3915,0.93944,-3.38143823383797
3916,0.93968,-2.665219470379
3917,0.93992,-2.45336103149851
3918,0.94016,-3.30432264473123
3919,0.9404,-2.35052007376266
3920,0.94064,-2.98071231157639
3921,0.94088,-2.74159386955428
3922,0.94112,-2.39795014292443
3923,0.94136,-3.02392044115175
3924,0.9416,-2.78207990816828
3925,0.94184,-2.68597033377854
3926,0.94208,-2.82224312455609
3927,0.94232,-2.82763909399924
3928,0.94256,-2.3739299338349
3929,0.9428,-3.34088679329649
3930,0.94304,-2.15203050474138
3931,0.94328,-3.02058633927064
3932,0.94352,-3.02257652727976
3933,0.94376,-2.07984793030327
3934,0.944,-3.30627370849642
3935,0.94424,-2.46445088920633
3936,0.94448,-2.73216273523986
3937,0.94472,-2.86435810348448
3938,0.94496,-2.86847827424778
3939,0.9452,-2.53597744309167
3940,0.94544,-3.14255834959644
3941,0.94568,-2.43873040763728
3942,0.94592,-2.82604809255942
3943,0.94616,-3.30894047464318
3944,0.9464,-2.00221799494082
3945,0.94664,-3.2316928550273
3946,0.94688,-2.75137017139922
3947,0.94712,-2.65680262873632
3948,0.94736,-2.79454972656615
3949,0.9476,-2.91812565466896
3950,0.94784,-2.46377201351854
3951,0.94808,-3.19299341799714
3952,0.94832,-2.48707358896931
3953,0.94856,-2.5172770144827
3954,0.9488,-3.60502151865032
3955,0.94904,-2.29379162943678
3956,0.94928,-2.80213258998407
3957,0.94952,-3.28619565381893
3958,0.94976,-2.10043035127442
3959,0.95,-3.32269570474753
3960,0.95024,-2.48039434393279
3961,0.95048,-2.6251801105458
3962,0.95072,-3.23550283584889
3963,0.95096,-2.28468511452172
3964,0.9512,-3.0344975130041
3965,0.95144,-2.79258615659352
3966,0.95168,-2.69640991092982
3967,0.95192,-2.83261838525211
3968,0.95216,-2.83795447327732
3969,0.9524,-2.38418844938203
3970,0.95264,-3.46958773281472
3971,0.95288,-2.04457561456614
3972,0.95312,-3.26939790338067
3973,0.95336,-2.54760907621684
3974,0.9536,-2.69310787120791
3975,0.95384,-3.06834511288564
3976,0.95408,-2.71055482520864
3977,0.95432,-2.38139392662157
3978,0.95456,-3.23429205985084
3979,0.9548,-2.63748600507773
3980,0.95504,-2.54462770574568
3981,0.95528,-3.51159746760368
3982,0.95552,-2.08485623825757
3983,0.95576,-3.30802759165807
3984,0.956,-2.58732115700556
3985,0.95624,-2.61524025989959
3986,0.95648,-3.34604650334196
3987,0.95672,-2.39106450500276
3988,0.95696,-3.02012851986027
3989,0.9572,-3.0204671398308
3990,0.95744,-2.56207256105314
3991,0.95768,-3.05686920147234
3992,0.95792,-2.82085854689357
3993,0.95816,-2.36804661617147
3994,0.9584,-3.45569593550067
3995,0.95864,-2.14305761813359
3996,0.95888,-3.25096779288243
3997,0.95912,-2.53105028917988
3998,0.95936,-2.79643437381963
3999,0.9596,-2.926402199837
4000,0.95984,-2.81337495926552
4001,0.96008,-2.36095965025498
4002,0.96032,-3.56835561923828
4003,0.96056,-2.13932964285916
4004,0.9608,-3.1250116123601
4005,0.96104,-2.52572335340482
4006,0.96128,-2.79226716240059
4007,0.96152,-2.92248932036101
4008,0.96176,-2.92472397813797
4009,0.962,-2.47410692052347
4010,0.96224,-3.32325873321628
4011,0.96248,-2.7285568993995
4012,0.96272,-2.39670161286065
4013,0.96296,-3.48194035964248
4014,0.9632,-2.05677862870632
4015,0.96344,-3.28145913018276
4016,0.96368,-2.67939721510388
4017,0.96392,-2.58508684999892
4018,0.96416,-3.31749517085549
4019,0.9644,-2.36404480516001
4020,0.96464,-3.1109082670301
4021,0.96488,-2.74810295126446
4022,0.96512,-2.77376044097263
4023,0.96536,-2.9071041630132
4024,0.9656,-2.90973004890335
4025,0.96584,-2.57622491969599
4026,0.96608,-3.30166694666287
4027,0.96632,-2.35771514845884
4028,0.96656,-3.21557067194283
4029,0.9668,-2.61653966914957
4030,0.96704,-2.64359453739866
4031,0.96728,-3.13390932631997
4032,0.96752,-2.65786646460373
4033,0.96776,-2.80600454723215
4034,0.968,-3.04786761388813
4035,0.96824,-2.58868970971314
4036,0.96848,-3.08273612720127
4037,0.96872,-2.72662782801508
4038,0.96896,-2.51321323202732
4039,0.9692,-3.48162730885876
4040,0.96944,-2.1682705267224
4041,0.96968,-3.27549331133753
4042,0.96992,-2.55491911222436
4043,0.97016,-2.81967649247809
4044,0.9704,-3.18870500211589
4045,0.97064,-2.83589872046149
4046,0.97088,-2.62299745794913
4047,0.97112,-3.34528516126239
4048,0.97136,-2.27978815214336
4049,0.9716,-3.02096780477344
4050,0.97184,-2.78307658314778
4051,0.97208,-2.56731831642068
4052,0.97232,-3.41365533669903
4053,0.97256,-2.34346219403148
4054,0.9728,-3.09152414029617
4055,0.97304,-2.84793661678769
4056,0.97328,-2.75015711469891
4057,0.97352,-2.88571676529418
4058,0.97376,-2.89000436148543
4059,0.974,-2.67486326910339
4060,0.97424,-3.2760574512322
4061,0.97448,-2.0925217045388
4062,0.97472,-3.31606715342958
4063,0.97496,-2.71291825811097
4064,0.9752,-2.61756716494034
4065,0.97544,-3.35030049686386
4066,0.97568,-2.39584537853813
4067,0.97592,-3.02541120306018
4068,0.97616,-2.90463049279189
4069,0.9764,-2.56483515128031
4070,0.97664,-2.59269940920313
4071,0.97688,-3.55533038877066
4072,0.97712,-2.12358266092155
4073,0.97736,-3.23040227233596
4074,0.9776,-2.6310864248031
4075,0.97784,-2.65791679762171
4076,0.97808,-3.267851427091
4077,0.97832,-2.31666841315667
4078,0.97856,-3.06613139685658
4079,0.9788,-3.06266531498561
4080,0.97904,-2.71918045925912
4081,0.97928,-2.85543760581408
4082,0.97952,-3.09612909069037
4083,0.97976,-2.52105160198736
4084,0.98,-3.60632419854042
4085,0.98024,-2.29231289100092
4086,0.98048,-3.03763583333842
4087,0.98072,-2.91698444967994
4088,0.98096,-2.4582929734766
4089,0.9812,-3.429551099344
4090,0.98144,-2.35202858347057
4091,0.98168,-3.21899817469583
4092,0.98192,-2.85601194998873
4093,0.98216,-2.63404955645713
4094,0.9824,-3.01160962436874
4095,0.98264,-2.89220739342537
4096,0.98288,-2.79805576624403
4097,0.98312,-3.27919175553393
4098,0.98336,-2.33337968604576
4099,0.9836,-2.95196194591634
4100,0.98384,-3.07048017221529
4101,0.98408,-2.13463448717816
4102,0.98432,-3.59246139232707
4103,0.98456,-2.395546714332
4104,0.9848,-2.90739055955158
4105,0.98504,-3.1511602835955
4106,0.98528,-2.43929061045939
4107,0.98552,-2.82676279727179
4108,0.98576,-3.18477165684488
4109,0.986,-2.48284395700832
4110,0.98624,-3.21749308608588
4111,0.98648,-2.97600614462962
4112,0.98672,-2.27750052946534
4113,0.98696,-3.49696788694524
4114,0.9872,-2.53128650402088
4115,0.98744,-2.67919701895812
4116,0.98768,-3.17222165321272
4117,0.98792,-2.93627366992557
4118,0.98816,-2.60378965863877
4119,0.9884,-3.44828225297592
4120,0.98864,-2.3789705129066
4121,0.98888,-2.64764256013564
4122,0.98912,-3.61141238278371
4123,0.98936,-2.17419926114189
4124,0.9896,-3.28192109114416
4125,0.98984,-2.7984247885563
4126,0.99008,-2.81938160474804
4127,0.99032,-2.95168201935045
4128,0.99056,-2.83479805344749
4129,0.9908,-2.38261975556432
4130,0.99104,-3.58893445195249
4131,0.99128,-2.15277640478345
4132,0.99152,-3.25801664477127
4133,0.99176,-2.77523053387705
4134,0.992,-2.79856510198109
4135,0.99224,-3.29052015825914
4136,0.99248,-2.68877090998355
4137,0.99272,-2.95767292466272
4138,0.99296,-3.07797085217218
4139,0.9932,-2.6145161872008
4140,0.99344,-2.75586010364104
4141,0.99368,-3.23452455706839
4142,0.99392,-2.05355767160534
4143,0.99416,-3.5152892727202
4144,0.9944,-2.67153645779504
4145,0.99464,-2.81667272693659
4146,0.99488,-3.30399327492784
4147,0.99512,-2.7074522171495
4148,0.99536,-2.8500853157783
4149,0.9956,-3.08807274172979
4150,0.99584,-2.51012039206703
4151,0.99608,-3.36247498292768
4152,0.99632,-2.64184294222582
4153,0.99656,-2.7900326783479
4154,0.9968,-3.39492529870553
4155,0.99704,-2.67989364048912
4156,0.99728,-2.94495839973491
4157,0.99752,-3.06207435439733
4158,0.99776,-2.36239053905641
4159,0.998,-3.22122627288116
4160,0.99824,-2.85972440656184
4161,0.99848,-2.40417072575264
4162,0.99872,-3.60982419230979
4163,0.99896,-2.18044060573636
4164,0.9992,-3.16708650180874
4165,0.99944,-2.80798862182126
4166,0.99968,-2.59218344683095
4167,0.99992,-3.43847350870292
4168,1.00016,-2.12814371297695
4169,1.0004,-3.35416393995861
4170,1.00064,-2.86791158083388
4171,1.00088,-2.77029493878945
4172,1.00112,-2.90512284482409
4173,1.00136,-2.90655467851838
4174,1.0016,-2.45163803657204
4175,1.00184,-3.53593866318291
4176,1.00208,-2.10597521021775
4177,1.00232,-3.33303360585738
4178,1.00256,-2.8477796637909
4179,1.0028,-2.74766673374224
4180,1.00304,-2.88356048995802
4181,1.00328,-3.12390917937798
4182,1.00352,-2.54850569838605
4183,1.00376,-3.63346807403463
4184,1.004,-2.31916624048402
4185,1.00424,-2.94830543836707
4186,1.00448,-2.95006891327169
4187,1.00472,-2.37231753379363
4188,1.00496,-3.46804146666868
4189,1.0052,-2.3901689080633
4190,1.00544,-3.25814325269999
4191,1.00568,-2.89437529867648
4192,1.00592,-2.54871862284546
4193,1.00616,-2.93002919362937
4194,1.0064,-3.17107086426628
4195,1.00664,-2.35500195644916
4196,1.00688,-3.56918984597414
4197,1.00712,-2.61162880064596
4198,1.00736,-2.87872345024327
4199,1.0076,-3.24091748022309
4200,1.00784,-2.41137003448756
4201,1.00808,-3.03707537427998
4202,1.00832,-3.03250961414225
4203,1.00856,-2.33408310492422
4204,1.0088,-3.30783398785734
4205,1.00904,-2.7028556172535
4206,1.00928,-2.72774111367413
4207,1.00952,-3.3358105634705
4208,1.00976,-2.62034467756667
4209,1.01,-2.88846890972891
4210,1.01024,-3.36668826559855
4211,1.01048,-2.29825523493856
4212,1.01072,-3.15992743081103
4213,1.01096,-2.91788454706761
4214,1.0112,-2.70082631927955
4215,1.01144,-3.55070137929547
4216,1.01168,-2.70825209555374
4217,1.01192,-2.85980982263692
4218,1.01216,-3.10402209227206
4219,1.0124,-2.64013533142324
4220,1.01264,-2.78106593353049
4221,1.01288,-3.14256862400903
4222,1.01312,-2.68743291800618
4223,1.01336,-3.41286145652928
4224,1.0136,-2.69983373008555
4225,1.01384,-2.85003292919408
4226,1.01408,-3.45294209477644
4227,1.01432,-2.4950339476796
4228,1.01456,-3.00538243499328
4229,1.0148,-3.36932323699192
4230,1.01504,-2.65258164985822
4231,1.01528,-2.91948521743674
4232,1.01552,-3.39653638761734
4233,1.01576,-2.32698609124022
4234,1.016,-2.95007624161452
4235,1.01624,-3.06987094024635
4236,1.01648,-2.49340728366102
4237,1.01672,-3.46444412148606
4238,1.01696,-2.38671277583018
4239,1.0172,-3.25348115481309
4240,1.01744,-2.89030285796632
4241,1.01768,-2.66816119787896
4242,1.01792,-3.0455482018595
4243,1.01816,-2.92598579826594
4244,1.0184,-2.7144808365539
4245,1.01864,-3.43891753935272
4246,1.01888,-2.72493941400699
4247,1.01912,-2.87422997915719
4248,1.01936,-3.35643497031068
4249,1.0196,-2.40422848281498
4250,1.01984,-3.03066278350062
4251,1.02008,-3.38452476146227
4252,1.02032,-2.4389672999765
4253,1.02056,-3.29528444201493
4254,1.0208,-2.69125955300779
4255,1.02104,-2.71705554388785
4256,1.02128,-3.44582700466597
4257,1.02152,-2.72288293491026
4258,1.02176,-2.75429899548387
4259,1.022,-3.4771118235313
4260,1.02224,-2.52410319381354
4261,1.02248,-2.55544284055814
4262,1.02272,-3.64294924888087
4263,1.02296,-2.56726014958465
4264,1.0232,-2.71875388538588
4265,1.02344,-3.56038429566476
4266,1.02368,-2.48568998201003
4267,1.02392,-3.10871571321589
4268,1.02416,-2.86105357301077
4269,1.0244,-2.52448915094627
4270,1.02464,-3.37723264872453
4271,1.02488,-3.13018197068729
4272,1.02512,-2.43201664022484
4273,1.02536,-3.63741493693092
4274,1.0256,-2.32153925745872
4275,1.02584,-2.71433150479546
4276,1.02608,-3.56412075894251
4277,1.02632,-2.60353627083651
4278,1.02656,-2.99234404049929
4279,1.0268,-3.23171817527045
4280,1.02704,-2.28955878471789
4281,1.02728,-2.91163479161549
4282,1.02752,-2.79251827499493
4283,1.02776,-2.93878110010189
4284,1.028,-3.29908260200816
4285,1.02824,-2.22894103385647
4286,1.02848,-3.33476821813642
4287,1.02872,-2.84693112800717
4288,1.02896,-2.51421198627563
4289,1.0292,-3.24552499739611
4290,1.02944,-2.88104754121917
4291,1.02968,-2.54375568552336
4292,1.02992,-3.62505603738426
4293,1.03016,-2.19221945276371
4294,1.0304,-3.41518978649392
4295,1.03064,-2.92695004631973
4296,1.03088,-2.58689414232209
4297,1.03112,-3.32515603217803
4298,1.03136,-2.72328066643509
4299,1.0316,-3.1109976731148
4300,1.03184,-3.1074891309375
4301,1.03208,-2.64458303468882
4302,1.03232,-3.13852631696075
4303,1.03256,-3.01412431256441
4304,1.0328,-2.55872910059923
4305,1.03304,-3.52398064418924
4306,1.03328,-2.56495746704198
4307,1.03352,-2.95568902825484
4308,1.03376,-3.1969030777265
4309,1.034,-2.37589838427222
4310,1.03424,-3.46809821131121
4311,1.03448,-2.86929438853388
4312,1.03472,-2.77625358828867
4313,1.03496,-3.49639561800213
4314,1.0352,-2.18611640224692
4315,1.03544,-3.05395646134205
4316,1.03568,-3.40735063306034
4317,1.03592,-2.46134746041213
4318,1.03616,-3.31723778325112
4319,1.0364,-2.71280651527579
4320,1.03664,-2.7382150180978
4321,1.03688,-3.58599876043534
4322,1.03712,-2.50411513399957
4323,1.03736,-3.01575337148149
4324,1.0376,-3.13511035975158
4325,1.03784,-2.55137412680472
4326,1.03808,-3.04958041537883
4327,1.03832,-3.28522369047867
4328,1.03856,-2.11018754552986
4329,1.0388,-3.56882142112336
4330,1.03904,-2.83980521792987
4331,1.03928,-2.86329955992163
4332,1.03952,-3.46651667240784
4333,1.03976,-2.50890065086386
4334,1.04,-3.13147705113589
4335,1.04024,-2.76618354699845
4336,1.04048,-2.79466759814628
4337,1.04072,-3.28237445555712
4338,1.04096,-3.27575853877988
4339,1.0412,-2.34042374075594
4340,1.04144,-3.66928992605711
4341,1.04168,-2.23492049011675
4342,1.04192,-3.21718381331112
4343,1.04216,-2.97372822133021
4344,1.0424,-2.7553182606051
4345,1.04264,-3.36024459191456
4346,1.04288,-2.29146384283068
4347,1.04312,-3.27522059888402
4348,1.04336,-2.79184323863816
4349,1.0436,-2.70338156042148
4350,1.04384,-3.18729599467546
4351,1.04408,-2.48166645741423
4352,1.04432,-2.74912568859281
4353,1.04456,-3.22988030238601
4354,1.0448,-2.53632570405876
4355,1.04504,-3.74394918846285
4356,1.04528,-2.19185239958851
4357,1.04552,-3.53563109237973
4358,1.04576,-2.68931502398504
4359,1.046,-2.83636928219675
4360,1.04624,-3.56472170987249
4361,1.04648,-2.84099172162661
4362,1.04672,-3.10425680500631
4363,1.04696,-3.45583819596919
4364,1.0472,-2.26843971969337
4365,1.04744,-3.36575849805861
4366,1.04768,-2.7595929988289
4367,1.04792,-3.024766449674
4368,1.04816,-3.02684497760122
4369,1.0484,-2.44337005513526
4370,1.04864,-2.95056016003966
4371,1.04888,-3.18598441575945
4372,1.04912,-2.48057371009627
4373,1.04936,-2.98310112260298
4374,1.0496,-3.1026079788942
4375,1.04984,-2.52587211896739
4376,1.05008,-3.7354229384014
4377,1.05032,-2.294095291647
4378,1.05056,-3.04847058695872
4379,1.0508,-3.41129093542588
4380,1.05104,-3.04820766761613
4381,1.05128,-2.8324511701008
4382,1.05152,-3.42780526191131
4383,1.05176,-2.36161760630484
4384,1.052,-3.81674438215703
4385,1.05224,-2.37717118303526
4386,1.05248,-3.00987532353201
4387,1.05272,-3.61413584268526
4388,1.05296,-2.53155850344381
4389,1.0532,-3.04253329986028
4390,1.05344,-3.28063559259888
4391,1.05368,-2.33725609323434
4392,1.05392,-3.19913593983413
4393,1.05416,-2.95382191093827
4394,1.0544,-2.73667783135742
4395,1.05464,-3.70190096258369
4396,1.05488,-2.37987691622786
4397,1.05512,-3.24824627084272
4398,1.05536,-2.99946642904852
4399,1.0556,-2.77954412127647
4400,1.05584,-3.27318952529537
4401,1.05608,-3.03175691503536
4402,1.05632,-2.81688075357481
4403,1.05656,-3.65449917508623
4404,1.0568,-2.10494448917277
4405,1.05704,-3.56532806544098
4406,1.05728,-2.600500377908
4407,1.05752,-2.75483713948468
4408,1.05776,-3.12458511329506
4409,1.058,-3.00254461731814
4410,1.05824,-2.55199753003013
4411,1.05848,-3.75938208334692
4412,1.05872,-2.20705546872507
4413,1.05896,-3.55061348211866
4414,1.0592,-2.70408662260403
4415,1.05944,-2.85093978907672
4416,1.05968,-3.57909905410995
4417,1.05992,-2.85518650514818
4418,1.06016,-3.00152396740515
4419,1.0604,-3.23554275090467
4420,1.06064,-2.53271571800746
4421,1.06088,-3.26428839968666
4422,1.06112,-3.02123098902128
4423,1.06136,-2.80348768218565
4424,1.0616,-3.16120868270985
4425,1.06184,-2.33876044244597
4426,1.06208,-3.20476003868022
4427,1.06232,-3.07660907428622
4428,1.06256,-2.61606910550509
4429,1.0628,-3.11227201059777
4430,1.06304,-2.9900312889838
4431,1.06328,-2.53670263116973
4432,1.06352,-3.62286780840373
4433,1.06376,-2.30802783092867
4434,1.064,-3.29528151026008
4435,1.06424,-2.68920821796726
4436,1.06448,-2.83602791750821
4437,1.06472,-3.32096704776603
4438,1.06496,-2.95441783066529
4439,1.0652,-2.62213675865038
4440,1.06544,-3.34997280031336
4441,1.06568,-2.63797511465172
4442,1.06592,-2.78562482777535
4443,1.06616,-3.50377673854438
4444,1.0664,-2.08092658639523
4445,1.06664,-3.66116678300849
4446,1.06688,-2.80832218069228
4447,1.06712,-2.83153866036571
4448,1.06736,-3.20611035625237
4449,1.0676,-2.84770934614387
4450,1.06784,-2.75670115667998
4451,1.06808,-3.35893088734954
4452,1.06832,-2.88671847846872
4453,1.06856,-2.79442179140115
4454,1.0688,-3.15277628265399
4455,1.06904,-2.21155223348837
4456,1.06928,-3.43541181546553
4457,1.06952,-2.82686779429239
4458,1.06976,-2.60967544503536
4459,1.07,-3.10726326824577
4460,1.07024,-3.10705804941708
4461,1.07048,-2.65144368957222
4462,1.07072,-3.48972810010422
4463,1.07096,-2.18311623642974
4464,1.0712,-3.40435324725153
4465,1.07144,-2.91405719326115
4466,1.07168,-2.69572588455354
4467,1.07192,-3.54302605595384
4468,1.07216,-2.69817633581268
4469,1.0724,-2.84874324441063
4470,1.07264,-3.21312032631029
4471,1.07288,-2.617998305266
4472,1.07312,-3.00291515896879
4473,1.07336,-3.11531740296833
4474,1.0736,-2.65345934068599
4475,1.07384,-3.50700285370829
4476,1.07408,-2.899084040748
4477,1.07432,-2.68497561437881
4478,1.07456,-3.65661041846014
4479,1.0748,-2.57292371046255
4480,1.07504,-3.08329450703874
4481,1.07528,-3.32465692738994
4482,1.07552,-2.61407956920526
4483,1.07576,-2.76481607595364
4484,1.076,-3.84498691481176
4485,1.07624,-2.29083197310159
4486,1.07648,-3.27924420029679
4487,1.07672,-2.79493226822027
4488,1.07696,-2.93755656325652
4489,1.0772,-3.42501631105314
4490,1.07744,-2.82601969892584
4491,1.07768,-2.85260322369377
4492,1.07792,-3.80831371694405
4493,1.07816,-2.61051922497551
4494,1.0784,-3.00341674940568
4495,1.07864,-3.00564668786982
4496,1.07888,-2.54175075612538
4497,1.07912,-3.04650290106295
4498,1.07936,-2.92149576819172
4499,1.0796,-2.59110259310171
4500,1.07984,-3.55560545025688
4501,1.08008,-2.47998634678518
4502,1.08032,-3.23152746561202
4503,1.08056,-3.1053780574536
4504,1.0808,-2.64417684615662
4505,1.08104,-3.01949053849715
4506,1.08128,-3.1354363165805
4507,1.08152,-2.56217277204712
4508,1.08176,-3.76330891740206
4509,1.082,-2.08999441710859
4510,1.08224,-3.43896707422467
4511,1.08248,-2.95181867890292
4512,1.08272,-2.48992908723634
4513,1.08296,-2.99620808147664
4514,1.0832,-3.5872195319285
4515,1.08344,-2.15692836369153
4516,1.08368,-3.62112616660631
4517,1.08392,-3.00845912891115
4518,1.08416,-2.67053761738805
4519,1.0844,-3.87839540991656
4520,1.08464,-2.67775647504856
4521,1.08488,-3.06793326015216
4522,1.08512,-3.06756208753503
4523,1.08536,-2.60118121891039
4524,1.0856,-2.7510260193226
4525,1.08584,-3.58894859178444
4526,1.08608,-2.03883669471606
4527,1.08632,-3.6215316195786
4528,1.08656,-2.77279607875162
4529,1.0868,-2.91753786880405
4530,1.08704,-3.40269137553553
4531,1.08728,-3.03415313719175
4532,1.08752,-2.34094135108048
4533,1.08776,-3.79811603393927
4534,1.088,-2.35657712445593
4535,1.08824,-3.34818755466046
4536,1.08848,-2.86209023451028
4537,1.08872,-2.77121206986485
4538,1.08896,-3.5002651162597
4539,1.0892,-2.42863458406018
4540,1.08944,-2.93121727899023
4541,1.08968,-3.04863991619216
4542,1.08992,-2.59624039052716
4543,1.09016,-3.92253750761209
4544,1.0904,-2.48003820809524
4545,1.09064,-3.34517328352281
4546,1.09088,-3.09718853846069
4547,1.09112,-2.87764164274288
4548,1.09136,-3.36814400151405
4549,1.0916,-3.00123575876424
4550,1.09184,-2.55100177125144
4551,1.09208,-3.40170944760537
4552,1.09232,-2.68829802909763
4553,1.09256,-2.83326496708526
4554,1.0928,-3.78549374099337
4555,1.09304,-2.23662094986313
4556,1.09328,-3.46013636049633
4557,1.09352,-3.32537594172445
4558,1.09376,-2.38133330330059
4559,1.094,-3.24038286121268
4560,1.09424,-2.9945816110443
4561,1.09448,-2.54205070219945
4562,1.09472,-3.62901762186873
4563,1.09496,-2.4277653031822
4564,1.0952,-3.05963662232124
4565,1.09544,-3.53886588651196
4566,1.09568,-3.17254031426952
4567,1.09592,-2.47828001590826
4568,1.09616,-3.67916735895847
4569,1.0964,-2.59955072797414
4570,1.09664,-2.98250408012978
4571,1.09688,-3.45606150869142
4572,1.09712,-2.87238784146664
4573,1.09736,-3.22824002112367
4574,1.0976,-3.00405078630614
4575,1.09784,-3.12016151882592
4576,1.09808,-2.29366210279337
4577,1.09832,-3.15885169152076
4578,1.09856,-3.1533395556549
4579,1.0988,-2.6931171955875
4580,1.09904,-3.2904295043142
4581,1.09928,-2.94850683909756
4582,1.09952,-3.06708156232133
4583,1.09976,-3.08398599201888
4584,1.1,-3.08422498739264
4585,1.10024,-2.61711009114268
4586,1.10048,-2.6460333341465
4587,1.10072,-3.24544136346647
4588,1.10096,-2.06892697200337
4589,1.1012,-3.41544708053071
4590,1.10144,-2.80876220712728
4591,1.10168,-2.83260239165705
4592,1.10192,-3.55504537566028
4593,1.10216,-2.12673708304269
4594,1.1024,-3.58278234030787
4595,1.10264,-2.85262864187851
4596,1.10288,-2.88110090440373
4597,1.10312,-3.13127102395865
4598,1.10336,-2.88530481624792
4599,1.1036,-2.91360955850708
4600,1.10384,-3.03383730708535
4601,1.10408,-3.0523233138158
4602,1.10432,-3.29592780740605
4603,1.10456,-2.58838840677614
4604,1.1048,-3.55768408897547
4605,1.10504,-2.36421424571422
4606,1.10528,-3.81868854729356
4607,1.10552,-2.62128158529194
4608,1.10576,-2.89293344442844
4609,1.106,-3.01412189032783
4610,1.10624,-3.0335277876386
4611,1.10648,-3.27801252721859
4612,1.10672,-2.57131611003571
4613,1.10696,-3.78417468860071
4614,1.1072,-2.10723185159092
4615,1.10744,-3.56866122822023
4616,1.10768,-2.60526140152562
4617,1.10792,-3.34999853715135
4618,1.10816,-2.86542132613458
4619,1.1084,-3.12957078670017
4620,1.10864,-3.12562964208863
4621,1.10888,-2.67041216106994
4622,1.10912,-3.26900972454282
4623,1.10936,-2.0917084510341
4624,1.1096,-3.5547333202446
4625,1.10984,-2.59200467911328
4626,1.11008,-3.09728638533808
4627,1.11032,-3.09480274963488
4628,1.11056,-2.63747725600869
4629,1.1108,-3.23756056240962
4630,1.11104,-2.89828909796709
4631,1.11128,-3.01939968317383
4632,1.11152,-3.03873116229296
4633,1.11176,-3.28314443056341
4634,1.112,-2.57637994212148
4635,1.11224,-3.78917320962193
4636,1.11248,-2.11216833973148
4637,1.11272,-3.57353834918145
4638,1.11296,-2.61008223285382
4639,1.1132,-3.11466768021674
4640,1.11344,-3.11151729771142
4641,1.11368,-2.65355378505459
4642,1.11392,-3.25302623305199
4643,1.11416,-2.91317020926369
4644,1.1144,-3.03372133553835
4645,1.11464,-3.05251746242933
4646,1.11488,-3.05456555348467
4647,1.11512,-2.59186692089769
4648,1.11536,-3.80407636570901
4649,1.1156,-2.12651294007248
4650,1.11584,-3.8256732579803
4651,1.11608,-2.38377983507314
4652,1.11632,-3.13010356831275
4653,1.11656,-3.12637379066736
4654,1.1168,-2.90840247935273
4655,1.11704,-3.38577997588393
4656,1.11728,-2.92909955441449
4657,1.11752,-3.04905241127334
4658,1.11776,-3.06727641919654
4659,1.118,-3.31063002755334
4660,1.11824,-2.60285214982078
4661,1.11848,-3.81467585720904
4662,1.11872,-2.13674395608303
4663,1.11896,-3.59722720954272
4664,1.1192,-2.63292333955432
4665,1.11944,-3.13669809826707
4666,1.11968,-3.1327727727206
4667,1.11992,-2.67406842063701
4668,1.12016,-3.27283274424103
4669,1.1204,-2.93230012321872
4670,1.12064,-3.0522043998902
4671,1.12088,-3.07038294149072
4672,1.12112,-3.3136934064997
4673,1.12136,-2.60587534382885
4674,1.1216,-3.81766094649956
4675,1.12184,-2.13969369459872
4676,1.12208,-3.60014350523973
4677,1.12232,-2.6358087142122
4678,1.12256,-3.13955432691511
4679,1.1228,-3.13560215555862
4680,1.12304,-2.67687262331351
4681,1.12328,-3.27561374552155
4682,1.12352,-2.93505975402064
4683,1.12376,-3.05494407449401
4684,1.124,-2.35278672050366
4685,1.12424,-2.98260188996372
4686,1.12448,-3.81511099939456
4687,1.12472,-2.26197546566117
4688,1.12496,-3.48094760700021
4689,1.1252,-2.87180076714464
4690,1.12544,-2.90010967592712
4691,1.12568,-3.62466062085095
4692,1.12592,-2.42889755009647
4693,1.12616,-3.88339615305553
4694,1.1264,-2.4393030021084
4695,1.12664,-3.42015568892157
4696,1.12688,-2.93308552412082
4697,1.12712,-2.95386730779992
4698,1.12736,-3.42957941680574
4699,1.1276,-2.84796848218102
4700,1.12784,-3.20579482240501
4701,1.12808,-3.10332364080722
4702,1.12832,-3.10271614090381
4703,1.12856,-2.63611153035584
4704,1.1288,-2.78573998685346
4705,1.12904,-3.86008021323033
4706,1.12928,-2.42147691368962
4707,1.12952,-2.93298593229076
4708,1.12976,-3.52640013343457
4709,1.13,-2.57690332333129
4710,1.13024,-3.19408465999696
4711,1.13048,-2.94260103005375
4712,1.13072,-2.2446387812233
4713,1.13096,-3.23274844016892
4714,1.1312,-3.33994906548981
4715,1.13144,-2.63827361817106
4716,1.13168,-3.49423100652444
4717,1.13192,-3.24549111752795
4718,1.13216,-2.18928950592751
4719,1.1324,-3.76724697111241
4720,1.13264,-3.14968546344709
4721,1.13288,-2.32908676785288
4722,1.13312,-3.66654518262673
4723,1.13336,-3.17415792263112
4724,1.1336,-2.11720314001449
4725,1.13384,-3.34274386111786
4726,1.13408,-2.73987507779704
4727,1.13432,-2.89226088523302
4728,1.13456,-3.4958403586097
4729,1.1348,-3.2449689106591
4730,1.13504,-2.54872326853756
4731,1.13528,-3.86665143655641
4732,1.13552,-2.54428809120328
4733,1.13576,-3.17842809241963
4734,1.136,-3.05756978011613
4735,1.13624,-2.59536956523649
4736,1.13648,-3.21192181329886
4737,1.13672,-3.08760013943149
4738,1.13696,-2.87541852957229
4739,1.1372,-2.99828942523168
4740,1.13744,-3.01930644332691
4741,1.13768,-3.26533103844954
4742,1.13792,-2.80197496085296
4743,1.13816,-3.53116111549234
4744,1.1384,-2.58169559480126
4745,1.13864,-2.7357308314428
4746,1.13888,-3.93451312464296
4747,1.13912,-2.61324222236692
4748,1.13936,-2.99682301357676
4749,1.1396,-3.47015872201002
4750,1.13984,-2.65186635127155
4751,1.14008,-3.85433517106369
4752,1.14032,-2.41281992752868
4753,1.14056,-3.04932729295581
4754,1.1408,-3.41310595235188
4755,1.14104,-3.16820899023941
4756,1.14128,-2.83889751201866
4757,1.14152,-3.68161316463368
4758,1.14176,-2.7239645683322
4759,1.142,-2.86928420367134
4760,1.14224,-3.94035548234364
4761,1.14248,-2.49862505742001
4762,1.14272,-3.00714207377314
4763,1.14296,-3.59769299059264
4764,1.1432,-2.41059954532307
4765,1.14344,-3.63151182152408
4766,1.14368,-2.65984232473297
4767,1.14392,-2.69140236089279
4768,1.14416,-3.53842335027405
4769,1.1444,-2.70774128928759
4770,1.14464,-2.85645459267171
4771,1.14488,-3.93031379691777
4772,1.14512,-2.36578068918818
4773,1.14536,-3.00272241405046
4774,1.1456,-3.36212661745941
4775,1.14584,-2.77226971045357
4776,1.14608,-2.92123945509067
4777,1.14632,-3.27906266832344
4778,1.14656,-2.70287766360267
4779,1.1468,-3.67148960803085
4780,1.14704,-2.82769633852105
4781,1.14728,-2.50515845417404
4782,1.14752,-3.48020754253192
4783,1.14776,-2.8686443569453
4784,1.148,-3.2567642146238
4785,1.14824,-3.13283036037997
4786,1.14848,-2.66769373830796
4787,1.14872,-3.87756981407536
4788,1.14896,-2.43965546774918
4789,1.1492,-3.89434092087022
4790,1.14944,-2.56722614807292
4791,1.14968,-3.08006218947682
4792,1.14992,-3.44275639846689
4793,1.15016,-3.19682350507387
4794,1.1504,-2.86652134070568
4795,1.15064,-3.70828918312468
4796,1.15088,-2.74973564437926
4797,1.15112,-2.89897672169252
4798,1.15136,-3.25790874104981
4799,1.1516,-2.20170365949879
4800,1.15184,-3.77965820741514
4801,1.15208,-3.16211847905106
4802,1.15232,-2.45959639248668
4803,1.15256,-2.96571108228532
4804,1.1528,-3.32093387019071
4805,1.15304,-2.26595480934615
4806,1.15328,-3.84200468558931
4807,1.15352,-2.40047106198494
4808,1.15376,-3.27091458103206
4809,1.154,-3.38141197059936
4810,1.15424,-2.55783011625521
4811,1.15448,-2.7133352628927
4812,1.15472,-3.91352430771854
4813,1.15496,-2.46982660837789
4814,1.1552,-3.3372897802452
4815,1.15544,-3.44493751715924
4816,1.15568,-2.61863114615246
4817,1.15592,-2.77153091755559
4818,1.15616,-3.8493919663506
4819,1.1564,-2.28868590440807
4820,1.15664,-2.92928661401523
4821,1.15688,-3.53185946033538
4822,1.15712,-3.16064275216404
4823,1.15736,-3.06702370527501
4824,1.1576,-3.66754790265047
4825,1.15784,-2.94406666289964
4826,1.15808,-2.85239072624179
4827,1.15832,-3.6888637966886
4828,1.15856,-2.14130790607135
4829,1.1588,-3.3664692642624
4830,1.15904,-2.88262281626476
4831,1.15928,-2.79278811963593
4832,1.15952,-3.87154836862503
4833,1.15976,-2.31826054000097
4834,1.16,-3.31139537114812
4835,1.16024,-3.1836828500415
4836,1.16048,-2.95935464561441
4837,1.16072,-3.32758147859037
4838,1.16096,-3.19671785722696
4839,1.1612,-2.98043851881125
4840,1.16144,-3.21612094838134
4841,1.16168,-2.87403877499387
4842,1.16192,-3.47914599183539
4843,1.16216,-3.1103527066943
4844,1.1624,-2.05737440447482
4845,1.16264,-3.40614661665581
4846,1.16288,-2.80129078120529
4847,1.16312,-2.47811817157233
4848,1.16336,-3.80990093741096
4849,1.1636,-2.49160098262001
4850,1.16384,-2.64682443102086
4851,1.16408,-3.61832348275834
4852,1.16432,-3.24569633991924
4853,1.16456,-2.66882470687451
4854,1.1648,-3.28293577658049
4855,1.16504,-3.50961673141109
4856,1.16528,-2.43844107477719
4857,1.16552,-3.31015123721327
4858,1.16576,-3.18049424652309
4859,1.166,-2.47356758192756
4860,1.16624,-3.4583501815614
4861,1.16648,-2.96413731630732
4862,1.16672,-2.50151432263054
4863,1.16696,-3.12514623630258
4864,1.1672,-3.35484320178663
4865,1.16744,-2.53058385757661
4866,1.16768,-3.28154525587868
4867,1.16792,-3.27432508109881
4868,1.16816,-2.56728571390721
4869,1.1684,-3.31670005973343
4870,1.16864,-3.42606074276841
4871,1.16888,-2.7115810874804
4872,1.16912,-2.74671594588974
4873,1.16936,-3.70832440523064
4874,1.1696,-2.75193335105659
4875,1.16984,-2.42366043141104
4876,1.17008,-2.34320481561391
4877,1.17032,-2.26624733938282
4878,1.17056,-2.1926406959139
4879,1.1708,-2.83594701790097
4880,1.17104,-3.68082579633597
4881,1.17128,-2.94833182361192
4882,1.17152,-2.97361079910499
4883,1.17176,-3.81078490534742
4884,1.172,-2.96635741544798
4885,1.17224,-2.51985727700462
4886,1.17248,-3.49491318475779
4887,1.17272,-3.24150777304161
4888,1.17296,-2.42447846039932
4889,1.1732,-2.34404283467325
4890,1.17344,-2.2671044365943
4891,1.17368,-2.19351595048917
4892,1.17392,-2.71876258230326
4893,1.17416,-3.68733396515415
4894,1.1744,-2.83826153529458
4895,1.17464,-3.10672825263457
4896,1.17488,-3.33945828137034
4897,1.17512,-2.51993416372318
4898,1.17536,-3.61614741357793
4899,1.1756,-2.88875046600313
4900,1.17584,-3.03562687223599
4901,1.17608,-3.74992665761915
4902,1.17632,-2.55181274877278
4903,1.17656,-3.18087538474529
4904,1.1768,-3.05451974440194
4905,1.17704,-2.83916003048679
4906,1.17728,-3.80170006645672
4907,1.17752,-2.48675947982308
4908,1.17776,-3.23543541314106
4909,1.178,-2.99168145879052
4910,1.17824,-2.77952775869213
4911,1.17848,-3.2609985619016
4912,1.17872,-2.56132982544231
4913,1.17896,-3.53472112363083
4914,1.1792,-2.92287527046966
4915,1.17944,-2.71289188819929
4916,1.17968,-3.68185540529126
4917,1.17992,-3.06626986981295
4918,1.18016,-2.97031039517099
4919,1.1804,-3.80955401691946
4920,1.18064,-2.72224099787028
4921,1.18088,-2.99153898152815
4922,1.18112,-3.22683705667663
4923,1.18136,-2.64941309735768
4924,1.1816,-3.85607106966394
4925,1.18184,-2.53843870076317
4926,1.18208,-3.28455237647898
4927,1.18232,-3.03877511689249
4928,1.18256,-2.82468498450503
4929,1.1828,-3.90738106986363
4930,1.18304,-2.70388390537403
4931,1.18328,-3.09296653568603
4932,1.18352,-3.56662319118337
4933,1.18376,-2.37535166773537
4934,1.184,-3.24495574689047
4935,1.18424,-3.11643424130076
4936,1.18448,-3.01840730336041
4937,1.18472,-3.61253497800174
4938,1.18496,-2.54084989898858
4939,1.1852,-3.51790408156205
4940,1.18544,-3.37882055311367
4941,1.18568,-2.55698803695703
4942,1.18592,-3.76734407519816
4943,1.18616,-2.68508180369644
4944,1.1864,-3.19226242487668
4945,1.18664,-3.18587653649085
4946,1.18688,-2.72979262675519
4947,1.18712,-3.8154300877521
4948,1.18736,-2.84787563331923
4949,1.1876,-2.99684045987115
4950,1.18784,-3.71313628168401
4951,1.18808,-2.51693104140835
4952,1.18832,-3.14781756531718
4953,1.18856,-3.02320569007373
4954,1.1888,-2.33415881900864
4955,1.18904,-3.4348938340638
4956,1.18928,-2.59503046450796
4957,1.18952,-3.10577316645688
4958,1.18976,-3.10322592987424
4959,1.19,-2.65081480891908
4960,1.19024,-3.73602800074035
4961,1.19048,-2.77157111204286
4962,1.19072,-2.92393208505629
4963,1.19096,-4.00251902307894
4964,1.1912,-2.79509144913116
4965,1.19144,-3.18172355283723
4966,1.19168,-3.64914199586777
4967,1.19192,-2.33856375082619
4968,1.19216,-3.32242448460967
4969,1.1924,-3.3083512957642
4970,1.19264,-2.48976471975229
4971,1.19288,-3.58472232757724
4972,1.19312,-2.50576113078924
4973,1.19336,-3.25358749960692
4974,1.1936,-3.00945081974417
4975,1.19384,-2.79693075304852
4976,1.19408,-3.87675656135823
4977,1.19432,-2.67488147493163
4978,1.19456,-3.06551829603795
4979,1.1948,-3.65960264525789
4980,1.19504,-2.46589809628686
4981,1.19528,-3.44774712221507
4982,1.19552,-2.72514109945312
4983,1.19576,-2.9982146776695
4984,1.196,-3.95648049476203
4985,1.19624,-2.74685230168051
4986,1.19648,-3.01548741772648
4987,1.19672,-3.36953017800608
4988,1.19696,-2.78807716349856
4989,1.1972,-3.75551960313689
4990,1.19744,-2.78689633826479
4991,1.19768,-3.05819448433588
4992,1.19792,-3.41301483914349
4993,1.19816,-2.46931333610223
4994,1.1984,-3.56574849628971
4995,1.19864,-3.18963123208803
4996,1.19888,-2.49445668167449
4997,1.19912,-3.70917657001707
4998,1.19936,-2.51120026516804
4999,1.1996,-2.91000757549378
5000,1.19984,-3.39159482865583
5001,1.20008,-2.4488801694285
5002,1.20032,-3.42857386224668
5003,1.20056,-3.05849434598167
5004,1.2008,-2.72768651097938
5005,1.20104,-3.69655947626918
5006,1.20128,-2.73059029377791
5007,1.20152,-2.76566698553592
5008,1.20176,-3.84616856483687
5009,1.202,-2.75781075699073
5010,1.20224,-3.02610774382421
5011,1.20248,-3.86087626879477
5012,1.20272,-2.5427157407282
5013,1.20296,-3.28917609895522
5014,1.2032,-3.04372939511241
5015,1.20344,-2.82995450099269
5016,1.20368,-3.91295033904172
5017,1.20392,-2.70974057169986
5018,1.20416,-3.10040669638791
5019,1.2044,-3.57035676722088
5020,1.20464,-2.37945523856422
5021,1.20488,-3.24941192689256
5022,1.20512,-3.00535626187957
5023,1.20536,-2.44034820913273
5024,1.2056,-3.53776715843278
5025,1.20584,-2.58054394966104
5026,1.20608,-3.09103347505891
5027,1.20632,-3.44421998154192
5028,1.20656,-2.3804018950136
5029,1.2068,-3.3649781177111
5030,1.20704,-3.11369258748886
5031,1.20728,-2.77975367958099
5032,1.20752,-3.50293703602822
5033,1.20776,-2.19868487043786
5034,1.208,-3.30403156737454
5035,1.20824,-3.05457347800786
5036,1.20848,-2.60426635804233
5037,1.20872,-3.81443367134638
5038,1.20896,-2.6121048220423
5039,1.2092,-3.24069482173167
5040,1.20944,-3.58743835533114
5041,1.20968,-2.39762759546305
5042,1.20992,-3.61638491535447
5043,1.21016,-3.12112795082693
5044,1.2104,-2.54904695936486
5045,1.21064,-3.52376846105565
5046,1.21088,-2.91146328830719
5047,1.21112,-2.70277821897411
5048,1.21136,-3.42675846595017
5049,1.2116,-2.48498382582623
5050,1.21184,-3.69954916193504
5051,1.21208,-2.73675555606284
5052,1.21232,-3.12643311632147
5053,1.21256,-3.59676285507632
5054,1.2128,-2.17003036110798
5055,1.21304,-3.1604081228384
5056,1.21328,-3.27022557397581
5057,1.21352,-2.33397571841704
5058,1.21376,-3.67236923066154
5059,1.214,-2.35828181993421
5060,1.21424,-3.3452664494409
5061,1.21448,-2.97872882587926
5062,1.21472,-2.76804465718374
5063,1.21496,-3.84962612203052
5064,1.2152,-2.5300414836299
5065,1.21544,-2.92661042316299
5066,1.21568,-3.64751552837547
5067,1.21592,-2.33805290317435
5068,1.21616,-3.32858477702226
5069,1.2164,-2.72754428843195
5070,1.21664,-2.99965550000739
5071,1.21688,-3.23504508828297
5072,1.21712,-2.53790733106173
5073,1.21736,-3.63217946637719
5074,1.2176,-2.90027476384127
5075,1.21784,-2.6922200264214
5076,1.21808,-3.54362691407054
5077,1.21832,-2.58385209909218
5078,1.21856,-2.97991713974131
5079,1.2188,-3.09944662399211
5080,1.21904,-2.64788867542292
5081,1.21928,-3.73785219208496
5082,1.21952,-2.77443587676931
5083,1.21976,-2.92866208865524
5084,1.22,-3.64477140261351
5085,1.22024,-2.33551535532481
5086,1.22048,-3.55500746888833
5087,1.22072,-2.59522354028156
5088,1.22096,-2.99084762125767
5089,1.2212,-3.10995477032229
5090,1.22144,-2.77999494169499
5091,1.22168,-3.62374089508614
5092,1.22192,-2.31409022970958
5093,1.22216,-3.42041310030692
5094,1.2224,-3.28644909960895
5095,1.22264,-2.34968258966467
5096,1.22288,-3.57038006607896
5097,1.22312,-2.61123703225234
5098,1.22336,-2.88813234747634
5099,1.2236,-3.61086452542276
5100,1.22384,-2.41818900299358
5101,1.22408,-3.16880910826353
5102,1.22432,-3.04497043832204
5103,1.22456,-2.59589930178508
5104,1.2248,-3.80413465908752
5105,1.22504,-2.60179383042334
5106,1.22528,-3.22855741282533
5107,1.22552,-2.86424255623661
5108,1.22576,-2.65792811747347
5109,1.226,-3.6316903923157
5110,1.22624,-2.78588024656419
5111,1.22648,-2.81953670594075
5112,1.22672,-3.7797455927946
5113,1.22696,-2.46565185153733
5114,1.2272,-3.44823436902388
5115,1.22744,-3.07748737566468
5116,1.22768,-2.86278008254082
5117,1.22792,-3.82067769021735
5118,1.22816,-2.62116681146181
5119,1.2284,-3.24844456659423
5120,1.22864,-3.12038168981475
5121,1.22888,-2.42803596765318
5122,1.22912,-3.4119060865851
5123,1.22936,-3.27843894522058
5124,1.2296,-2.57968224718281
5125,1.22984,-3.67240638057025
5126,1.23008,-2.94078242125086
5127,1.23032,-2.85234712608919
5128,1.23056,-3.45475463100867
5129,1.2308,-2.26902798273924
5130,1.23104,-2.90689970835856
5131,1.23128,-3.62420841328891
5132,1.23152,-2.43067590070203
5133,1.23176,-3.30031897926093
5134,1.232,-3.28811742461947
5135,1.23224,-2.35149049461103
5136,1.23248,-3.57232137634923
5137,1.23272,-2.49480357220183
5138,1.23296,-3.24662526909722
5139,1.2332,-2.88390894085199
5140,1.23344,-2.91344574733706
5141,1.23368,-3.63266517672953
5142,1.23392,-2.43881200741709
5143,1.23416,-3.30814893946046
5144,1.2344,-3.29565551890946
5145,1.23464,-2.35875097066125
5146,1.23488,-3.57931651485574
5147,1.23512,-2.50154629522313
5148,1.23536,-3.01479197090328
5149,1.2356,-3.60940684502912
5150,1.23584,-2.30068139972456
5151,1.23608,-3.40788866675088
5152,1.23632,-3.15537726903071
5153,1.23656,-2.46253376912525
5154,1.2368,-3.67948080036843
5155,1.23704,-2.36556993876147
5156,1.23728,-3.23683282349745
5157,1.23752,-2.87682654367626
5158,1.23776,-2.90714637525369
5159,1.238,-3.6228285831503
5160,1.23824,-2.313563551177
5161,1.23848,-3.42025528889259
5162,1.23872,-3.16725267892676
5163,1.23896,-2.47394123466114
5164,1.2392,-3.69044111823174
5165,1.23944,-2.37610484909703
5166,1.23968,-3.12802038526226
5167,1.23992,-3.4803254047434
5168,1.24016,-2.29583696960725
5169,1.2404,-3.51968322740322
5170,1.24064,-3.02755042329744
5171,1.24088,-2.57784218558808
5172,1.24112,-3.67045749083769
5173,1.24136,-2.24068762522539
5174,1.2416,-3.46737315358725
5175,1.24184,-2.62989554095695
5176,1.24208,-3.13901188522938
5177,1.24232,-3.3697524881049
5178,1.24256,-2.55356079106875
5179,1.2428,-3.52877289198192
5180,1.24304,-2.9169331100475
5181,1.24328,-2.70869166322839
5182,1.24352,-3.55642046036079
5183,1.24376,-2.37045776597984
5184,1.244,-3.35714119429266
5185,1.24424,-3.22636802378717
5186,1.24448,-2.53018834032969
5187,1.24472,-3.62537637903954
5188,1.24496,-2.89611034090492
5189,1.2452,-2.80993032200676
5190,1.24544,-3.41449478532287
5191,1.24568,-2.35415000987183
5192,1.24592,-3.57250942302547
5193,1.24616,-3.08040459265075
5194,1.2464,-2.63025846974414
5195,1.24664,-3.83746285521808
5196,1.24688,-2.6341356432149
5197,1.24712,-2.90879378944325
5198,1.24736,-3.14876016089445
5199,1.2476,-2.57629533896438
5200,1.24784,-3.7858693259019
5201,1.24808,-2.81832743387989
5202,1.24832,-2.85102827461272
5203,1.24856,-3.81032287278372
5204,1.2488,-2.49535682180435
5205,1.24904,-3.12853828708454
5206,1.24928,-3.00654888055302
5207,1.24952,-2.79888007377248
5208,1.24976,-3.76392506133705
5209,1.25,-2.79957824764194
5210,1.25024,-2.95334294795654
5211,1.25048,-3.66900950529044
5212,1.25072,-2.23994896218593
5213,1.25096,-3.1160791731923
5214,1.2512,-2.99466884721513
5215,1.25144,-2.78755403298581
5216,1.25168,-3.75312899707545
5217,1.25192,-2.78928930790691
5218,1.25216,-2.94353925607729
5219,1.2524,-3.65966993335923
5220,1.25264,-2.3504351340895
5221,1.25288,-3.33944673121041
5222,1.25312,-2.61974393737822
5223,1.25336,-3.01405911843357
5224,1.2536,-3.01475719265868
5225,1.25384,-2.68698173504672
5226,1.25408,-3.89447812792108
5227,1.25432,-2.33847015715264
5228,1.25456,-3.44609558988882
5229,1.2548,-2.96012353790984
5230,1.25504,-2.39683450167688
5231,1.25528,-3.61614538203122
5232,1.25552,-2.42083378533793
5233,1.25576,-3.40857345180145
5234,1.256,-3.39389511543774
5235,1.25624,-2.45228670598068
5236,1.25648,-3.5506715125813
5237,1.25672,-2.93815295228348
5238,1.25696,-2.72926172291126
5239,1.2572,-3.57636797199061
5240,1.25744,-2.38980962579482
5241,1.25768,-3.61162517404596
5242,1.25792,-3.1175793806534
5243,1.25816,-2.78761387657353
5244,1.2584,-3.50888112866262
5245,1.25864,-2.32136373456664
5246,1.25888,-2.96057886058815
5247,1.25912,-3.19851922440288
5248,1.25936,-2.62411775078139
5249,1.2596,-3.83184002411726
5250,1.25984,-2.86252888968225
5251,1.26008,-2.89353880397837
5252,1.26032,-3.8512166891972
5253,1.26056,-2.53470660797556
5254,1.2608,-3.1664122983014
5255,1.26104,-2.92494654740719
5256,1.26128,-2.95675744087911
5257,1.26152,-3.79231055497939
5258,1.26176,-2.59339776933013
5259,1.262,-3.22389141799058
5260,1.26224,-3.45222034785531
5261,1.26248,-2.39010568394112
5262,1.26272,-3.4943772904713
5263,1.26296,-2.53677003694397
5264,1.2632,-3.28737759708298
5265,1.26344,-3.27595277839867
5266,1.26368,-2.46118788085117
5267,1.26392,-3.79550169032562
5268,1.26416,-2.5951496489049
5269,1.2644,-2.75597158936391
5270,1.26464,-3.48222248188007
5271,1.26488,-2.41930133785113
5272,1.26512,-3.63782923692543
5273,1.26536,-2.7916251689467
5274,1.2656,-2.9443633433018
5275,1.26584,-3.54304197661147
5276,1.26608,-2.35417811380718
5277,1.26632,-2.99210548879129
5278,1.26656,-3.23013450405303
5279,1.2668,-2.77691931920101
5280,1.26704,-3.49923843997943
5281,1.26728,-2.31843866407304
5282,1.26752,-3.42326999113115
5283,1.26776,-2.8200222586093
5284,1.268,-2.73669402025634
5285,1.26824,-3.94011089010718
5286,1.26848,-2.62074162893091
5287,1.26872,-3.01662037209291
5288,1.26896,-3.37085574348939
5289,1.2692,-2.31239724289179
5290,1.26944,-3.53607865638739
5291,1.26968,-2.69438618529752
5292,1.26992,-2.9699390513764
5293,1.27016,-3.21072489350251
5294,1.2704,-2.51572217446378
5295,1.27064,-3.61203429243007
5296,1.27088,-2.8838440549433
5297,1.27112,-2.79737182373109
5298,1.27136,-3.16072343723919
5299,1.2716,-2.58819557192603
5300,1.27184,-3.68094592135513
5301,1.27208,-2.82995135856596
5302,1.27232,-2.98418056995773
5303,1.27256,-3.34117349991091
5304,1.2728,-2.04401393214592
5305,1.27304,-3.2772322348184
5306,1.27328,-2.79633772380716
5307,1.27352,-3.06878192030144
5308,1.27376,-3.54107555917376
5309,1.274,-2.23740875346087
5310,1.27424,-3.58075915911295
5311,1.27448,-2.85531488711103
5312,1.27472,-2.53354949172323
5313,1.27496,-3.62831007472383
5314,1.2752,-3.13432478346178
5315,1.27544,-2.68237934814807
5316,1.27568,-3.65303063178916
5317,1.27592,-2.69134721843422
5318,1.27616,-2.85166962321711
5319,1.2764,-3.33560724761245
5320,1.27664,-2.51763556979445
5321,1.27688,-3.61312214834151
5322,1.27712,-2.76473870055804
5323,1.27736,-2.68052386442724
5324,1.2776,-3.76540623103655
5325,1.27784,-2.56927603717022
5326,1.27808,-3.31918149158888
5327,1.27832,-3.07134006207491
5328,1.27856,-2.62436416521133
5329,1.2788,-3.83243037122856
5330,1.27904,-2.51617323356062
5331,1.27928,-3.26755249573218
5332,1.27952,-3.25987733381688
5333,1.27976,-2.2047385861611
5334,1.28,-3.31561969661322
5335,1.28024,-3.18519329986366
5336,1.28048,-2.37469560903926
5337,1.28072,-3.35797866484177
5338,1.28096,-2.98912252343188
5339,1.2812,-2.77890762985724
5340,1.28144,-3.74194775054525
5341,1.28168,-2.19224037188914
5342,1.28192,-3.42136251237614
5343,1.28216,-3.05284847066524
5344,1.2824,-2.72307869546949
5345,1.28264,-3.44805542640321
5346,1.28288,-2.26755318797826
5347,1.28312,-3.49515949227191
5348,1.28336,-3.00490686156421
5349,1.2836,-2.67681942069978
5350,1.28384,-3.52496794975903
5351,1.28408,-2.33851194584507
5352,1.28432,-3.09508505521701
5353,1.28456,-3.57035671431746
5354,1.2848,-2.38019407571552
5355,1.28504,-3.13411597070507
5356,1.28528,-3.13101688286817
5357,1.28552,-2.4423647908435
5358,1.28576,-3.6611244554638
5359,1.286,-2.23303383840571
5360,1.28624,-3.34281861307555
5361,1.28648,-3.32980686141836
5362,1.28672,-2.39636217261563
5363,1.28696,-3.6175635836436
5364,1.2872,-3.00485439201503
5365,1.28744,-2.79839304929916
5366,1.28768,-3.76113904824001
5367,1.28792,-2.56404912042217
5368,1.28816,-3.31129948909749
5369,1.2884,-3.29969710574621
5370,1.28864,-2.36541013550461
5371,1.28888,-3.34880241149021
5372,1.28912,-3.0985646337764
5373,1.28936,-2.52906148649167
5374,1.2896,-3.74146772059945
5375,1.28984,-2.77533802276301
5376,1.29008,-2.93226250547883
5377,1.29032,-3.29269634954033
5378,1.29056,-2.59974020495668
5379,1.2908,-3.80995257870824
5380,1.29104,-2.84479783004635
5381,1.29128,-2.40570014990338
5382,1.29152,-3.3895479750766
5383,1.29176,-3.02215568179495
5384,1.292,-2.45513302260319
5385,1.29224,-3.67080233881736
5386,1.29248,-2.71084166500713
5387,1.29272,-2.51376470266252
5388,1.29296,-3.49422396519265
5389,1.2932,-3.00773716375605
5390,1.29344,-2.56376656176356
5391,1.29368,-3.77518449318324
5392,1.29392,-2.57843760561227
5393,1.29416,-2.62286497298944
5394,1.2944,-3.59989189667478
5395,1.29464,-2.63957635058928
5396,1.29488,-2.91702816659616
5397,1.29512,-3.15882615092214
5398,1.29536,-2.70921443623459
5399,1.2956,-3.79796642533229
5400,1.29584,-2.59504974360931
5401,1.29608,-2.99164675996049
5402,1.29632,-3.7082393889625
5403,1.29656,-2.2778414209909
5404,1.2968,-3.50219609916567
5405,1.29704,-2.89599381786616
5406,1.29728,-2.57287028048345
5407,1.29752,-3.55082565572045
5408,1.29776,-3.06194451429403
5409,1.298,-2.37779268181809
5410,1.29824,-3.59912552025854
5411,1.29848,-2.87020357765497
5412,1.29872,-2.54822530858837
5413,1.29896,-3.52727614578768
5414,1.2992,-3.03944285627054
5415,1.29944,-2.35629357247153
5416,1.29968,-3.57858515956616
5417,1.29992,-2.8505805794687
5418,1.30016,-2.52947982137073
5419,1.3004,-3.50937003523924
5420,1.30064,-2.78355981716782
5421,1.30088,-2.93850639842503
5422,1.30112,-3.65616370311455
5423,1.30136,-2.46601930049518
5424,1.3016,-2.74983100431119
5425,1.30184,-3.83867406286483
5426,1.30208,-2.40183654119088
5427,1.30232,-3.27403780617108
5428,1.30256,-3.3840975986101
5429,1.3028,-2.20365210486457
5430,1.30304,-2.84570425026628
5431,1.30328,-3.6872702654509
5432,1.30352,-2.26052716647822
5433,1.30376,-3.3672259099474
5434,1.304,-3.11642501563645
5435,1.30424,-2.06488462377219
5436,1.30448,-3.06246571698724
5437,1.30472,-3.41877949372501
5438,1.30496,-2.48221632018506
5439,1.3052,-3.58100366549137
5440,1.30544,-2.85433509082159
5441,1.30568,-2.29306684549912
5442,1.30592,-3.2803150020538
5443,1.30616,-3.0333160381739
5444,1.3064,-2.7060993680858
5445,1.30664,-3.91237572259365
5446,1.30688,-2.7111884320172
5447,1.30712,-2.51432162572369
5448,1.30736,-3.49498132063977
5449,1.3076,-2.76990646976632
5450,1.30784,-2.92555539667781
5451,1.30808,-3.64388392122319
5452,1.30832,-2.45438103253821
5453,1.30856,-2.73880579113134
5454,1.3088,-3.82823447339397
5455,1.30904,-2.39195699027722
5456,1.30928,-3.26469349859303
5457,1.30952,-3.25587022996726
5458,1.30976,-2.19963973192658
5459,1.31,-2.9595991161634
5460,1.31024,-3.55838488524064
5461,1.31048,-2.37659495207381
5462,1.31072,-3.47919829950763
5463,1.31096,-2.99098911959011
5464,1.3112,-2.30622381774477
5465,1.31144,-3.17706358546739
5466,1.31168,-3.16990856667886
5467,1.31192,-2.60025681628394
5468,1.31216,-3.81034410984888
5469,1.3124,-2.37796487039122
5470,1.31264,-3.13587553480695
5471,1.31288,-3.60981107895056
5472,1.31312,-2.30031768192771
5473,1.31336,-3.17228326276638
5474,1.3136,-3.16712293026541
5475,1.31384,-2.47908135537716
5476,1.31408,-3.57817444984473
5477,1.31432,-2.73407454190284
5478,1.31456,-2.65179941505672
5479,1.3148,-3.85968472458673
5480,1.31504,-2.30625231629057
5481,1.31528,-3.29781174352245
5482,1.31552,-2.93390465533347
5483,1.31576,-2.72919061967787
5484,1.316,-3.57514010262701
5485,1.31624,-2.15083950921182
5486,1.31648,-3.14484332102229
5487,1.31672,-3.61673193576642
5488,1.31696,-2.30826434023414
5489,1.3172,-3.18084469921306
5490,1.31744,-3.05771589226935
5491,1.31768,-2.49042876212485
5492,1.31792,-3.47012490408568
5493,1.31816,-3.21812319523552
5494,1.3184,-2.52665057328597
5495,1.31864,-3.62370648097599
5496,1.31888,-2.54637577591972
5497,1.31912,-3.06264381194482
5498,1.31936,-3.65622775753182
5499,1.3196,-2.46592309662116
5500,1.31984,-2.86722637200197
5501,1.32008,-3.71157911355196
5502,1.32032,-2.40036981311204
5503,1.32056,-2.92087415286617
5504,1.3208,-3.28097897625413
5505,1.32104,-2.10616913828146
5506,1.32128,-3.33791884869925
5507,1.32152,-3.20803293225123
5508,1.32176,-2.15406306873428
5509,1.322,-3.03468487476572
5510,1.32224,-3.62778566404091
5511,1.32248,-2.20391405196247
5512,1.32272,-3.31335836333867
5513,1.32296,-3.06650396354631
5514,1.3232,-2.14071891236595
5515,1.32344,-3.13745401935833
5516,1.32368,-3.25374588404124
5517,1.32392,-2.44055076117411
5518,1.32416,-3.54143107687647
5519,1.3244,-2.93482398499988
5520,1.32464,-2.96595801404483
5521,1.32488,-3.56466617501332
5522,1.32512,-2.14097767960788
5523,1.32536,-3.37127371489031
5524,1.3256,-3.00561967878067
5525,1.32584,-2.44112043717652
5526,1.32608,-3.6592422212072
5527,1.32632,-2.58177028731742
5528,1.32656,-2.86092770531556
5529,1.3268,-3.58189604770223
5530,1.32704,-2.15792110874596
5531,1.32728,-3.26940510343579
5532,1.32752,-2.90821530587737
5533,1.32776,-2.46564923498721
5534,1.328,-3.56416846234418
5535,1.32824,-2.48610120921523
5536,1.32848,-2.76809887777247
5537,1.32872,-3.61341378476209
5538,1.32896,-2.18762748064983
5539,1.3292,-3.18241094764653
5540,1.32944,-3.17616094686731
5541,1.32968,-2.36769832471333
5542,1.32992,-3.35377278537747
5543,1.33016,-2.98893862874063
5544,1.3304,-2.66400496291109
5545,1.33064,-3.75436311778053
5546,1.33088,-2.43667971090314
5547,1.33112,-2.95440200164801
5548,1.33136,-3.55372114032854
5549,1.3316,-2.24954017700674
5550,1.33184,-3.35712697394988
5551,1.33208,-2.99040713797151
5552,1.33232,-2.66501676467185
5553,1.33256,-3.64078140665679
5554,1.3328,-2.44658333550005
5555,1.33304,-3.20004786793992
5556,1.33328,-3.07591783525385
5557,1.33352,-2.38993242535892
5558,1.33376,-3.60952646393638
5559,1.334,-2.65282215577643
5560,1.33424,-2.81398169197721
5561,1.33448,-3.65997787922645
5562,1.33472,-2.58563206898552
5563,1.33496,-2.6303329668545
5564,1.3352,-3.84031637027673
5565,1.33544,-2.40607561587649
5566,1.33568,-3.16178210856411
5567,1.33592,-3.27549802787443
5568,1.33616,-2.22314835079351
5569,1.3364,-3.33194870291328
5570,1.33664,-2.73024882467836
5571,1.33688,-2.76999947940215
5572,1.33712,-3.61356280136143
5573,1.33736,-2.30906156605881
5574,1.3376,-3.18493211150623
5575,1.33784,-3.17956684190594
5576,1.33808,-2.49133111768174
5577,1.33832,-3.58891593281383
5578,1.33856,-2.39483683377271
5579,1.3388,-3.15154910509131
5580,1.33904,-3.14938971689804
5581,1.33928,-2.34311645954987
5582,1.33952,-3.56611006139079
5583,1.33976,-2.49201096591663
5584,1.34,-3.12814992894318
5585,1.34024,-3.12528576119868
5586,1.34048,-2.55927601201756
5587,1.34072,-3.65611644579595
5588,1.34096,-2.5789755306286
5589,1.3412,-2.85844824595033
5590,1.34144,-3.57971678397644
5591,1.34168,-2.15734888978516
5592,1.34192,-3.26731270132528
5593,1.34216,-2.90640823000202
5594,1.3424,-2.46411414514177
5595,1.34264,-3.56418501556425
5596,1.34288,-2.48631083844446
5597,1.34312,-2.88879223919424
5598,1.34336,-3.73251902012564
5599,1.3436,-2.41811164745831
5600,1.34384,-2.93767714276487
5601,1.34408,-3.53615286545139
5602,1.34432,-2.34967549671733
5603,1.34456,-3.10883891258248
5604,1.3448,-3.46457035161576
5605,1.34504,-2.04725516734706
5606,1.34528,-3.28188865073784
5607,1.34552,-3.15434491816607
5608,1.34576,-2.34574181048421
5609,1.346,-3.45017787705289
5610,1.34624,-2.61035964457749
5611,1.34648,-2.77177804031184
5612,1.34672,-3.6171295130379
5613,1.34696,-2.31259243693464
5614,1.3472,-3.18842890289428
5615,1.34744,-3.30241296398531
5616,1.34768,-2.3680200274941
5617,1.34792,-3.47063968158377
5618,1.34816,-2.8674322363893
5619,1.3484,-2.5480211237996
5620,1.34864,-3.64366033935144
5621,1.34888,-2.68480566995318
5622,1.34912,-2.60774419212031
5623,1.34936,-3.69994676167439
5624,1.3496,-2.38485997978125
5625,1.34984,-2.90640948424432
5626,1.35008,-3.38560691957295
5627,1.35032,-2.08550161253737
5628,1.35056,-3.20308252088101
5629,1.3508,-3.08030988578295
5630,1.35104,-2.63187862304619
5631,1.35128,-3.72654490420028
5632,1.35152,-2.41467226606573
5633,1.35176,-2.93538134480641
5634,1.352,-3.53493201323216
5635,1.35224,-2.1124269704207
5636,1.35248,-3.22406852037625
5637,1.35272,-2.98148756564132
5638,1.35296,-2.42102543546148
5639,1.3532,-3.52137958122029
5640,1.35344,-2.8005944803502
5641,1.35368,-2.60222569785623
5642,1.35392,-3.69472267212821
5643,1.35416,-2.379917282423
5644,1.3544,-2.90173565166387
5645,1.35464,-3.38118999392753
5646,1.35488,-2.08133037324454
5647,1.35512,-3.19914605300723
5648,1.35536,-3.07659793334528
5649,1.3556,-2.50944064290383
5650,1.35584,-3.6077304291654
5651,1.35608,-2.41526035332577
5652,1.35632,-3.0540528172409
5653,1.35656,-3.41102895469758
5654,1.3568,-2.11295178436388
5655,1.35704,-3.22765564453766
5656,1.35728,-2.75058641007242
5657,1.35752,-2.67248950096185
5658,1.35776,-3.64039187130515
5659,1.358,-2.32885218615528
5660,1.35824,-3.31958100495208
5661,1.35848,-2.83804430405047
5662,1.35872,-2.51569151576283
5663,1.35896,-3.72875923343168
5664,1.3592,-2.41776348814222
5665,1.35944,-3.05516545575396
5666,1.35968,-3.29187655778852
5667,1.35992,-2.11751513354356
5668,1.36016,-3.23032511475618
5669,1.3604,-2.75141900205243
5670,1.36064,-2.67332313163849
5671,1.36088,-3.76280667353923
5672,1.36112,-2.45163476292224
5673,1.36136,-2.85671951981937
5674,1.3616,-3.22447162927416
5675,1.36184,-2.41302732294019
5676,1.36208,-3.51558034237097
5677,1.36232,-2.67484917848266
5678,1.36256,-2.95302836278122
5679,1.3628,-3.55452759006954
5680,1.36304,-2.13174945441625
5681,1.36328,-3.24746090010186
5682,1.36352,-3.12160577879
5683,1.36376,-2.43535380677842
5684,1.364,-3.53781627319377
5685,1.36424,-2.70054496769007
5686,1.36448,-2.62381123849061
5687,1.36472,-3.3568657466054
5688,1.36496,-2.30219398474628
5689,1.3652,-3.40874656234228
5690,1.36544,-2.92605048367051
5691,1.36568,-2.36465552110561
5692,1.36592,-3.58702066558903
5693,1.36616,-2.39597349806927
5694,1.3664,-2.91722488406884
5695,1.36664,-3.2789398116181
5696,1.36688,-2.1026187313884
5697,1.36712,-3.10237303453304
5698,1.36736,-3.2199214115272
5699,1.3676,-2.04747363551026
5700,1.36784,-3.16427106459439
5701,1.36808,-3.04342780139638
5702,1.36832,-2.23990870600638
5703,1.36856,-3.46902866466556
5704,1.3688,-2.98330924997185
5705,1.36904,-2.4224890806806
5706,1.36928,-3.52167617270366
5707,1.36952,-2.68382501214702
5708,1.36976,-2.72467095004696
5709,1.37,-3.5758431955127
5710,1.37024,-2.26855561669072
5711,1.37048,-3.14656401631593
5712,1.37072,-3.2626265812608
5713,1.37096,-2.20995602995207
5714,1.3712,-3.08613976790482
5715,1.37144,-3.32162273404172
5716,1.37168,-2.02801352361041
5717,1.37192,-3.02719908387107
5718,1.37216,-3.02733293535741
5719,1.3724,-2.4629073787088
5720,1.37264,-3.67973506311892
5721,1.37288,-2.48430739243748
5722,1.37312,-2.88629225558866
5723,1.37336,-3.48907029043216
5724,1.3736,-2.07143820111426
5725,1.37384,-3.30708940153823
5726,1.37408,-3.06286172644368
5727,1.37432,-2.37969447032212
5728,1.37456,-3.48209894879375
5729,1.3748,-2.64426973242177
5730,1.37504,-2.57100498852682
5731,1.37528,-3.66942831989307
5732,1.37552,-2.70886967196604
5733,1.37576,-2.63278055662448
5734,1.376,-3.6026019313863
5735,1.37624,-2.29289678318534
5736,1.37648,-2.81875045887254
5737,1.37672,-3.66370568130874
5738,1.37696,-2.35310758515137
5739,1.3772,-2.8758704111099
5740,1.37744,-3.47914173900716
5741,1.37768,-2.06021769550519
5742,1.37792,-3.29639608099142
5743,1.37816,-3.05267332725205
5744,1.3784,-2.36998819065843
5745,1.37864,-3.59224844556802
5746,1.37888,-2.3997850623384
5747,1.37912,-2.80555200112507
5748,1.37936,-3.41273224872278
5749,1.3796,-2.11309505242607
5750,1.37984,-3.11251730733475
5751,1.38008,-3.22974825533217
5752,1.38032,-2.05699777909415
5753,1.38056,-3.17350569819421
5754,1.3808,-2.81796069766326
5755,1.38104,-2.50103539968609
5756,1.38128,-3.59994944601148
5757,1.38152,-2.52307848254043
5758,1.38176,-2.68999411455073
5759,1.382,-3.78069092877505
5760,1.38224,-2.46590456285748
5761,1.38248,-2.86880141793994
5762,1.38272,-3.11511783518438
5763,1.38296,-2.30864270066858
5764,1.3832,-3.53532847947372
5765,1.38344,-2.93273277553727
5766,1.38368,-2.49275435608677
5767,1.38392,-3.58945757459882
5768,1.38416,-2.51655554116292
5769,1.3844,-2.79964280765703
5770,1.38464,-3.4089083193735
5771,1.38488,-2.23189010654677
5772,1.38512,-3.3451851002305
5773,1.38536,-3.09980949154579
5774,1.3856,-1.93016554685219
5775,1.38584,-3.16854468374749
5776,1.38608,-3.16441309951404
5777,1.38632,-2.11702127859214
5778,1.38656,-3.23096340523498
5779,1.3868,-2.75404276141282
5780,1.38704,-2.79415129606867
5781,1.38728,-3.6398627166469
5782,1.38752,-2.32863757395765
5783,1.38776,-2.85129278347786
5784,1.388,-3.4552752945611
5785,1.38824,-2.27322994228308
5786,1.38848,-3.03269265810477
5787,1.38872,-3.03491843169346
5788,1.38896,-2.23198719222277
5789,1.3892,-3.46206201832278
5790,1.38944,-2.74288014257665
5791,1.38968,-2.66454119153975
5792,1.38992,-3.51636765998441
5793,1.39016,-2.09506523033778
5794,1.3904,-3.0945568109411
5795,1.39064,-3.21347383283171
5796,1.39088,-2.28470315866612
5797,1.39112,-3.39308996971718
5798,1.39136,-2.79110023293549
5799,1.3916,-2.47411557542983
5800,1.39184,-3.45536183208692
5801,1.39208,-2.7356276088673
5802,1.39232,-2.65766020381411
5803,1.39256,-3.62609274752598
5804,1.3928,-2.20180455057959
5805,1.39304,-3.20015284578794
5806,1.39328,-3.19729934913644
5807,1.39352,-2.14682733636818
5808,1.39376,-3.14143493158652
5809,1.394,-3.02140044587414
5810,1.39424,-2.33716422941146
5811,1.39448,-3.32569440433814
5812,1.39472,-2.61120128314442
5813,1.39496,-3.01094328629891
5814,1.3952,-3.49215588301338
5815,1.39544,-2.42576126364816
5816,1.39568,-2.83403411568683
5817,1.39592,-3.44014588153758
5818,1.39616,-2.13856520296109
5819,1.3964,-2.90395790404063
5820,1.39664,-3.14886726001296
5821,1.39688,-2.33928850690918
5822,1.39712,-3.44538401485542
5823,1.39736,-2.60804036119483
5824,1.3976,-2.77182046942565
5825,1.39784,-3.50312221243924
5826,1.39808,-2.19794095750483
5827,1.39832,-2.96122704495391
5828,1.39856,-2.96706180994771
5829,1.3988,-2.40333629515019
5830,1.39904,-3.50751530302117
5831,1.39928,-2.78644184347278
5832,1.39952,-2.47015832520709
5833,1.39976,-3.45035650714074
5834,1.4,-2.49605097550306
5835,1.40024,-2.54491144465197
5836,1.40048,-3.64296106568211
5837,1.40072,-2.21799203444547
5838,1.40096,-3.098476852777
5839,1.4012,-3.21560675611811
5840,1.40144,-2.16698904980654
5841,1.40168,-3.28147198190831
5842,1.40192,-2.80377840994788
5843,1.40216,-2.48675749525999
5844,1.4024,-3.46492975360689
5845,1.40264,-2.04683911096596
5846,1.40288,-3.28381256236749
5847,1.40312,-3.04085043129942
5848,1.40336,-2.35889332636689
5849,1.4036,-3.46245446476446
5850,1.40384,-2.7438115218295
5851,1.40408,-2.43031151855201
5852,1.40432,-3.41486294071575
5853,1.40456,-2.69656554354264
5854,1.4048,-2.62126078620476
5855,1.40504,-3.59183196852055
5856,1.40528,-2.28459673202262
5857,1.40552,-2.9308872496111
5858,1.40576,-3.41390597914009
5859,1.406,-1.99941039990981
5860,1.40624,-3.11995217897623
5861,1.40648,-2.88280513055367
5862,1.40672,-2.32455855432306
5863,1.40696,-3.31502364809226
5864,1.4072,-2.60154748824374
5865,1.40744,-2.88238870917773
5866,1.40768,-3.36626690615731
5867,1.40792,-2.07320475358634
5868,1.40816,-3.18793391880806
5869,1.4084,-2.83068560096069
5870,1.40864,-2.51343653577064
5871,1.40888,-3.61379853134968
5872,1.40912,-2.1910226993083
5873,1.40936,-3.18821110730913
5874,1.4096,-3.18600116799963
5875,1.40984,-2.13614470583403
5876,1.41008,-3.13134045614705
5877,1.41032,-3.01186848441756
5878,1.41056,-2.08851020640107
5879,1.4108,-3.08798126627188
5880,1.41104,-2.85186857826153
5881,1.41128,-2.29497176436439
5882,1.41152,-3.52119998948252
5883,1.41176,-2.45104668297314
5884,1.412,-2.8583369537538
5885,1.41224,-3.58333236532735
5886,1.41248,-2.27828456118687
5887,1.41272,-2.92311263237319
5888,1.41296,-3.16730678253286
5889,1.4132,-2.23942083673791
5890,1.41344,-3.35127090763729
5891,1.41368,-2.6362590095696
5892,1.41392,-2.68172336196933
5893,1.41416,-3.5316464616769
5894,1.4144,-2.22797686121052
5895,1.41464,-2.87369182614452
5896,1.41488,-3.23860731095154
5897,1.41512,-2.18821205706434
5898,1.41536,-3.30058149827746
5899,1.4156,-2.58733250700826
5900,1.41584,-2.63491949461179
5901,1.41608,-3.48559002612135
5902,1.41632,-2.30371551729277
5903,1.41656,-2.830708763523
5904,1.4168,-3.55693362887454
5905,1.41704,-2.37068244240945
5906,1.41728,-2.77801790717898
5907,1.41752,-3.50915706777212
5908,1.41776,-2.20648610373968
5909,1.418,-2.85490637062361
5910,1.41824,-3.10168522672587
5911,1.41848,-2.17710356099077
5912,1.41872,-3.40978695910751
5913,1.41896,-2.81292661868988
5914,1.4192,-2.2586108898761
5915,1.41944,-3.36663651832826
5916,1.41968,-2.88579025126602
5917,1.41992,-2.44858269798566
5918,1.42016,-3.43376284525189
5919,1.4204,-2.71820532636656
5920,1.42064,-2.40593128344497
5921,1.42088,-3.62606490951623
5922,1.42112,-2.20196614397134
5923,1.42136,-2.9682582182355
5924,1.4216,-3.09116849179652
5925,1.42184,-2.0472348594368
5926,1.42208,-3.04636975464519
5927,1.42232,-3.28530915519505
5928,1.42256,-2.11218771863379
5929,1.4228,-2.99481294021251
5930,1.42304,-3.11832274648814
5931,1.42328,-2.06971345630631
5932,1.42352,-3.07139914487791
5933,1.42376,-2.83647140889958
5934,1.424,-2.27946614168985
5935,1.42424,-3.50335785959174
5936,1.42448,-2.43365394118563
5937,1.42472,-2.6038770702838
5938,1.42496,-3.69777258251836
5939,1.4252,-2.38518120109545
5940,1.42544,-2.67339933011176
5941,1.42568,-3.64491972526336
5942,1.42592,-2.2182708352586
5943,1.42616,-2.74729873035486
5944,1.4264,-3.23538211942745
5945,1.42664,-1.94203478800404
5946,1.42688,-3.18329558369674
5947,1.42712,-2.70739716943268
5948,1.42736,-2.39389859287855
5949,1.4276,-3.37930580765881
5950,1.42784,-2.42696240613465
5951,1.42808,-2.4790039813207
5952,1.42832,-3.46025857719095
5953,1.42856,-2.62248750447268
5954,1.4288,-2.55055334998602
5955,1.42904,-3.64808734290153
5956,1.42928,-2.34028793227415
5957,1.42952,-2.86749640321487
5958,1.42976,-3.11247411159382
5959,1.43,-2.06765789462048
5960,1.43024,-3.30121713947738
5961,1.43048,-2.7034910554638
5962,1.43072,-2.39058341753477
5963,1.43096,-3.37572792067333
5964,1.4312,-2.8949827594672
5965,1.43144,-2.338067969863
5966,1.43168,-3.44531350465787
5967,1.43192,-2.60950825569245
5968,1.43216,-2.53645361583742
5969,1.4324,-3.51432887065607
5970,1.43264,-2.21151542268193
5971,1.43288,-2.97524179593644
5972,1.43312,-2.9785360096274
5973,1.43336,-2.17922765146182
5974,1.4336,-3.17268404184234
5975,1.43384,-2.81496024845197
5976,1.43408,-2.26151252429447
5977,1.43432,-3.25229178426618
5978,1.43456,-2.89239259615063
5979,1.4348,-2.45541196649117
5980,1.43504,-3.43557057701645
5981,1.43528,-2.13879339676944
5982,1.43552,-3.02554838232351
5983,1.43576,-2.91121581251764
5984,1.436,-2.11481854783067
5985,1.43624,-3.227897324983
5986,1.43648,-2.98800097911284
5987,1.43672,-2.1891703726334
5988,1.43696,-3.18308322030751
5989,1.4372,-2.94516758258019
5990,1.43744,-2.02485937720705
5991,1.43768,-3.02724693463712
5992,1.43792,-3.14942030221901
5993,1.43816,-2.09953216111462
5994,1.4384,-3.09911406245921
5995,1.43864,-2.86265988418673
5996,1.43888,-2.42614627786451
5997,1.43912,-3.527392978381
5998,1.43936,-2.33994134797526
5999,1.4396,-2.74873075781849
6000,1.43984,-3.47777127684466
6001,1.44008,-2.06156722204891
6002,1.44032,-2.82925503472841
6003,1.44056,-3.31691836974119
6004,1.4408,-1.90376687961255
6005,1.44104,-2.91058565359538
6006,1.44128,-3.27401863040154
6007,1.44152,-2.10324424320414
6008,1.44176,-3.3388426224899
6009,1.442,-2.62449313502393
6010,1.44224,-2.55257115463658
6011,1.44248,-3.6500973177492
6012,1.44272,-2.33963980301364
6013,1.44296,-2.6286506707799
6014,1.4432,-3.60216392855665
6015,1.44344,-2.2973309425369
6016,1.44368,-2.58986740918148
6017,1.44392,-3.56511246874195
6018,1.44416,-2.14202591450325
6019,1.4444,-2.67446041929882
6020,1.44464,-3.5274648309092
6021,1.44488,-2.22237569612785
6022,1.44512,-2.98834621290232
6023,1.44536,-2.87260257830484
6024,1.4456,-2.19343656778874
6025,1.44584,-3.3048411095677
6026,1.44608,-2.58980280280504
6027,1.44632,-2.39914556152545
6028,1.44656,-3.50205642203202
6029,1.4468,-2.42988443092793
6030,1.44704,-2.48188746057887
6031,1.44728,-3.46575164902773
6032,1.44752,-2.39513272570383
6033,1.44776,-2.44864916687145
6034,1.448,-3.54984676148021
6035,1.44824,-2.4764725475258
6036,1.44848,-2.76476872481527
6037,1.44872,-3.01645034103725
6038,1.44896,-1.97503185497046
6039,1.4492,-3.21271128003122
6040,1.44944,-2.50169270092511
6041,1.44968,-2.31487962620466
6042,1.44992,-3.42146680483956
6043,1.45016,-2.70442183506226
6044,1.4504,-2.39287718793652
6045,1.45064,-3.3806257000779
6046,1.45088,-2.54638061583388
6047,1.45112,-2.35806489453619
6048,1.45136,-3.3433814273802
6049,1.4516,-2.51125408854379
6050,1.45184,-2.56320656640264
6051,1.45208,-3.4206301973291
6052,1.45232,-2.12197471314135
6053,1.45256,-3.00950021253923
6054,1.4528,-2.7774636262895
6055,1.45304,-2.10416690377291
6056,1.45328,-3.33845044570616
6057,1.45352,-2.50871194240156
6058,1.45376,-2.32242818560014
6059,1.454,-3.30934110924589
6060,1.45424,-2.59281095338815
6061,1.45448,-2.40248444617731
6062,1.45472,-3.3871785989446
6063,1.45496,-2.55269703037509
6064,1.4552,-2.4839085790187
6065,1.45544,-3.58445091344475
6066,1.45568,-2.27952831123662
6067,1.45592,-2.80948780200329
6068,1.45616,-2.93772161465053
6069,1.4564,-2.01868145641189
6070,1.45664,-3.2566946360737
6071,1.45688,-2.66404607533918
6072,1.45712,-2.35338807160643
6073,1.45736,-3.45745524414716
6074,1.4576,-2.26962196977349
6075,1.45784,-2.56388878120258
6076,1.45808,-3.54421233490665
6077,1.45832,-2.23840995710317
6078,1.45856,-2.53316500345576
6079,1.4588,-3.51087849341268
6080,1.45904,-2.43968213548802
6081,1.45928,-2.72915803944998
6082,1.45952,-3.33971855419759
6083,1.45976,-2.16094473454114
6084,1.46,-3.046794294806
6085,1.46024,-2.81315804992135
6086,1.46048,-2.25900928273661
6087,1.46072,-3.48657556135155
6088,1.46096,-2.41775414103405
6089,1.4612,-2.47071229595209
6090,1.46144,-3.45119456269619
6091,1.46168,-2.26405835901341
6092,1.46192,-2.55771213048294
6093,1.46216,-3.53567317666908
6094,1.4624,-2.23201424845086
6095,1.46264,-2.52703586023081
6096,1.46288,-3.50636037999026
6097,1.46312,-2.55472796246326
6098,1.46336,-2.60351343152115
6099,1.4636,-3.58081100137912
6100,1.46384,-2.2743122911062
6101,1.46408,-2.68558815633048
6102,1.46432,-3.17563214433106
6103,1.46456,-1.88591078121523
6104,1.4648,-3.13104465871747
6105,1.46504,-2.53949721775704
6106,1.46528,-2.35067337014151
6107,1.46552,-3.45529048836716
6108,1.46576,-2.27106192612184
6109,1.466,-2.56485455900831
6110,1.46624,-3.54383820480036
6111,1.46648,-2.12132991795179
6112,1.46672,-2.6555964869115
6113,1.46696,-3.39229230942896
6114,1.4672,-2.09227030985989
6115,1.46744,-2.62606683062164
6116,1.46768,-3.59976066449405
6117,1.46792,-2.29377986655168
6118,1.46816,-2.82315111472847
6119,1.4684,-3.19086792061818
6120,1.46864,-2.01859501572672
6121,1.46888,-3.14245966837788
6122,1.46912,-2.67029238223655
6123,1.46936,-2.35939565187081
6124,1.4696,-3.58261556187704
6125,1.46984,-2.27783940795609
6126,1.47008,-2.57129915214609
6127,1.47032,-3.30512710341599
6128,1.47056,-1.89216033604609
6129,1.4708,-2.90086676945783
6130,1.47104,-3.14846325707323
6131,1.47128,-1.8647282797551
6132,1.47152,-2.8716054220475
6133,1.47176,-3.11829560820835
6134,1.472,-1.95749147951783
6135,1.47224,-3.19820701109956
6136,1.47248,-2.72442971746238
6137,1.47272,-2.17247817893655
6138,1.47296,-3.40296576711495
6139,1.4732,-2.45455951603609
6140,1.47344,-2.38880848511276
6141,1.47368,-3.24904520461902
6142,1.47392,-2.0777378513168
6143,1.47416,-2.73107835084013
6144,1.4744,-2.98213846006269
6145,1.47464,-1.94314055013847
6146,1.47488,-2.95048436413961
6147,1.47512,-3.07566536561148
6148,1.47536,-2.03432703136541
6149,1.4756,-3.03511748753611
6150,1.47584,-3.03898660213366
6151,1.47608,-2.12041907199532
6152,1.47632,-3.11876248961701
6153,1.47656,-2.76390355636948
6154,1.4768,-2.21023805319484
6155,1.47704,-3.20204522297445
6156,1.47728,-2.60878421662244
6157,1.47752,-2.42128807795879
6158,1.47776,-3.52460474959001
6159,1.478,-2.33867924355662
6160,1.47824,-2.63301989565984
6161,1.47848,-3.2469460116573
6162,1.47872,-2.07354027569468
6163,1.47896,-2.84604070216949
6164,1.4792,-2.85643806083328
6165,1.47944,-1.94227314644895
6166,1.47968,-3.18280656705678
6167,1.47992,-2.47315028509642
6168,1.48016,-2.28720714898956
6169,1.4804,-3.27961392583974
6170,1.48064,-2.33220211052915
6171,1.48088,-2.38852975414763
6172,1.48112,-3.37388228613217
6173,1.48136,-2.42325660304553
6174,1.4816,-2.5954325647651
6175,1.48184,-3.57439963586405
6176,1.48208,-2.26867305481645
6177,1.48232,-2.79915563694695
6178,1.48256,-3.28864687654423
6179,1.4828,-1.99536364600435
6180,1.48304,-3.00175178270179
6181,1.48328,-3.00711237601577
6182,1.48352,-1.96660537064152
6183,1.48376,-3.20560610897198
6184,1.484,-2.73245524643547
6185,1.48424,-2.18186090721043
6186,1.48448,-3.53046400797774
6187,1.48472,-2.22967862672874
6188,1.48496,-2.64468088701315
6189,1.4852,-3.25985314321443
6190,1.48544,-1.97085232848665
6191,1.48568,-2.74262430702197
6192,1.48592,-2.99448415346626
6193,1.48616,-2.07786210884238
6194,1.4864,-3.07806758569545
6195,1.48664,-2.72498950750629
6196,1.48688,-2.17475229788431
6197,1.48712,-3.16811274322732
6198,1.48736,-2.57633669092889
6199,1.4876,-2.39026117651394
6200,1.48784,-3.37687155925428
6201,1.48808,-2.4296153639619
6202,1.48832,-2.48430517190983
6203,1.48856,-3.46466038030393
6204,1.4888,-2.28437712910876
6205,1.48904,-2.57934737207548
6206,1.48928,-3.19430028158656
6207,1.48952,-1.90379738693019
6208,1.48976,-2.91638576121995
6209,1.49,-2.80693218715858
6210,1.49024,-2.01479805625574
6211,1.49048,-3.25432339786102
6212,1.49072,-2.31066675438016
6213,1.49096,-2.36837223295087
6214,1.4912,-3.47531366018243
6215,1.49144,-2.17694826427662
6216,1.49168,-2.47481261361956
6217,1.49192,-3.57497911120793
6218,1.49216,-2.15329574599497
6219,1.4924,-2.45223764640278
6220,1.49264,-3.43614613490747
6221,1.49288,-2.2523198715101
6222,1.49312,-2.54651430456716
6223,1.49336,-3.52369296342651
6224,1.4936,-2.10560001491195
6225,1.49384,-2.75689568588221
6226,1.49408,-3.12883170414127
6227,1.49432,-1.84296257945827
6228,1.49456,-2.96796155604801
6229,1.4948,-2.85495381628437
6230,1.49504,-2.17969031398486
6231,1.49528,-3.17455615478729
6232,1.49552,-2.58249909004123
6233,1.49576,-2.39441563401273
6234,1.496,-3.3747140019879
6235,1.49624,-2.19575748807575
6236,1.49648,-2.73028747274067
6237,1.49672,-3.10211147411914
6238,1.49696,-1.93631284568357
6239,1.4972,-2.94617077313962
6240,1.49744,-2.59711526627859
6241,1.49768,-2.16877196768136
6242,1.49792,-3.28397495320376
6243,1.49816,-2.33769451752391
6244,1.4984,-2.39422332330013
6245,1.49864,-3.49873730178152
6246,1.49888,-2.08080337552895
6247,1.49912,-2.61598955364674
6248,1.49936,-3.23064533240388
6249,1.4996,-1.82396631962179
6250,1.49984,-2.8321983365798
6251,1.50008,-2.96211440366199
6252,1.50032,-2.0469002688458
6253,1.50056,-3.1652331481196
6254,1.5008,-2.69378243188852
6255,1.50104,-2.26514582952738
6256,1.50128,-3.3730889916856
6257,1.50152,-2.30659869085469
6258,1.50176,-2.48124985080558
6259,1.502,-3.3388137992571
6260,1.50224,-2.0429022058701
6261,1.50248,-2.81719139148414
6262,1.50272,-3.0679839364305
6263,1.50296,-1.78516614927407
6264,1.5032,-3.03382544407657
6265,1.50344,-2.68398602925233
6266,1.50368,-2.01311175082796
6267,1.50392,-3.2522671807062
6268,1.50416,-2.5435502870476
6269,1.5044,-2.11838481641102
6270,1.50464,-3.35210791263492
6271,1.50488,-2.28915459380675
6272,1.50512,-2.34735557713391
6273,1.50536,-3.33362687002239
6274,1.5056,-2.04184477797521
6275,1.50584,-2.57828412800444
6276,1.50608,-3.07431149544308
6277,1.50632,-1.79122328910145
6278,1.50656,-2.91981883315089
6279,1.5068,-2.69037194478343
6280,1.50704,-2.1412048183759
6281,1.50728,-3.13864316132393
6282,1.50752,-2.31327385479512
6283,1.50776,-2.48935039226941
6284,1.508,-3.46900861539966
6285,1.50824,-2.05152437833862
6286,1.50848,-2.82455798197227
6287,1.50872,-3.07545223987021
6288,1.50896,-1.79057658618427
6289,1.5092,-3.03725347029083
6290,1.50944,-2.80533609398119
6291,1.50968,-2.01239857057116
6292,1.50992,-3.12999855186077
6293,1.51016,-2.65970321709321
6294,1.5104,-2.11226343066759
6295,1.51064,-3.34448798499267
6296,1.51088,-2.39862865367892
6297,1.51112,-2.33570802960862
6298,1.51136,-3.31769016661993
6299,1.5116,-2.14249624524474
6300,1.51184,-2.67891218167376
6301,1.51208,-3.05163335963657
6302,1.51232,-1.88540040673916
6303,1.51256,-2.66263299639386
6304,1.5128,-3.03560245289669
6305,1.51304,-1.87401387024037
6306,1.51328,-2.76801499099794
6307,1.51352,-2.78133629627815
6308,1.51376,-1.86784272640453
6309,1.514,-2.99654765712649
6310,1.51424,-2.64703183431337
6311,1.51448,-1.97772059995438
6312,1.51472,-3.10121860050884
6313,1.51496,-2.51535205978408
6314,1.5152,-2.09142325662454
6315,1.51544,-3.32758872335512
6316,1.51568,-2.26437234438955
6317,1.51592,-2.32366114196546
6318,1.51616,-3.4333754109314
6319,1.5164,-2.13638196664426
6320,1.51664,-2.55365557449512
6321,1.51688,-3.17318790038953
6322,1.51712,-1.88708760961903
6323,1.51736,-2.77920009488756
6324,1.5176,-2.67264094037601
6325,1.51784,-2.24490707116128
6326,1.51808,-3.23910442918783
6327,1.51832,-2.2938935041682
6328,1.51856,-2.35489159562417
6329,1.5188,-3.46153624145232
6330,1.51904,-1.92669771620066
6331,1.51928,-2.93518151006603
6332,1.51952,-2.94381947194952
6333,1.51976,-1.90733518895746
6334,1.52,-3.14759963576573
6335,1.52024,-2.32487595476379
6336,1.52048,-2.38496802586421
6337,1.52072,-3.36960964251199
6338,1.52096,-2.30586418461472
6339,1.5212,-2.60162551620746
6340,1.52144,-2.9776876710752
6341,1.52168,-1.81464993273939
6342,1.52192,-2.71257339055178
6343,1.52216,-3.08378951664527
6344,1.5224,-1.79894011273051
6345,1.52264,-3.04740728414375
6346,1.52288,-2.58016791471213
6347,1.52312,-1.9137750237402
6348,1.52336,-3.04131183186679
6349,1.5236,-2.80965873517619
6350,1.52384,-1.89749451751314
6351,1.52408,-3.13817838050295
6352,1.52432,-2.43435716193154
6353,1.52456,-2.01393081522039
6354,1.5248,-3.25344600463974
6355,1.52504,-2.54417206681674
6356,1.52528,-2.11852302438832
6357,1.52552,-3.35086842270262
6358,1.52576,-2.17246350093173
6359,1.526,-2.23569929702203
6360,1.52624,-3.34661174794554
6361,1.52648,-2.40235241460821
6362,1.52672,-2.34057628144897
6363,1.52696,-3.20463575456093
6364,1.5272,-2.03434910506425
6365,1.52744,-2.33795601488964
6366,1.52768,-3.32065376454039
6367,1.52792,-2.14399315130977
6368,1.52816,-2.56266700552999
6369,1.5284,-2.94040256086442
6370,1.52864,-1.77896498256368
6371,1.52888,-2.56078360832221
6372,1.52912,-3.17603165552413
6373,1.52936,-2.00828444618698
6374,1.5296,-2.7844205371855
6375,1.52984,-2.79917756589781
6376,1.53008,-1.64649769373084
6377,1.53032,-2.78308226714514
6378,1.53056,-2.9141970560456
6379,1.5308,-1.75521078139469
6380,1.53104,-3.00555076944656
6381,1.53128,-2.54010247919413
6382,1.53152,-1.87542250199147
6383,1.53176,-3.00459735197063
6384,1.532,-2.77447573108376
6385,1.53224,-1.98366155054442
6386,1.53248,-3.22142141600667
6387,1.53272,-2.28085546289078
6388,1.53296,-2.10364920074846
6389,1.5332,-3.22027859608693
6390,1.53344,-2.3930212195125
6391,1.53368,-2.21052189989283
6392,1.53392,-3.31943201020759
6393,1.53416,-2.14542900562675
6394,1.5344,-2.21019721585629
6395,1.53464,-3.31872742418333
6396,1.53488,-2.25714795509194
6397,1.53512,-2.55498096979926
6398,1.53536,-2.93302436361012
6399,1.5356,-1.77188125047991
6400,1.53584,-2.55398126509886
6401,1.53608,-3.17081384362361
6402,1.53632,-1.88171090125865
6403,1.53656,-2.89514217930291
6404,1.5368,-2.6693310076086
6405,1.53704,-1.76063891367708
6406,1.53728,-2.89393564671583
6407,1.53752,-2.90430784748837
6408,1.53776,-1.86948182310032
6409,1.538,-3.11133323908164
6410,1.53824,-2.4086285981689
6411,1.53848,-1.98926978235456
6412,1.53872,-3.10996828646507
6413,1.53896,-2.52103253843893
6414,1.5392,-1.97915573455397
6415,1.53944,-3.09811280669011
6416,1.53968,-2.39207575212726
6417,1.53992,-2.32895566393482
6418,1.54016,-3.19302884618637
6419,1.5404,-1.90729757456142
6420,1.54064,-2.68780393155289
6421,1.54088,-2.82475132610694
6422,1.54112,-1.66832707414492
6423,1.54136,-2.80562131648927
6424,1.5416,-2.69958562288338
6425,1.54184,-1.79085217784816
6426,1.54208,-3.03696492126668
6427,1.54232,-2.45250312792376
6428,1.54256,-2.03034053283707
6429,1.5428,-3.15012606008179
6430,1.54304,-2.32764841429348
6431,1.54328,-2.26862827779462
6432,1.54352,-3.37630542788412
6433,1.54376,-2.08123121838904
6434,1.544,-2.38365448395896
6435,1.54424,-3.24532779970253
6436,1.54448,-1.95730110224466
6437,1.54472,-2.73561247783495
6438,1.54496,-2.87046073566613
6439,1.5452,-1.71422649812909
6440,1.54544,-2.96583383806776
6441,1.54568,-2.61753468476047
6442,1.54592,-1.71105966787045
6443,1.54616,-2.72752239064218
6444,1.5464,-2.9825469346075
6445,1.54664,-1.70418217357043
6446,1.54688,-2.95319113582573
6447,1.54712,-2.48779176682738
6448,1.54736,-2.18562156905436
6449,1.5476,-3.0633611304269
6450,1.54784,-2.47729819684597
6451,1.54808,-2.29497241401713
6452,1.54832,-3.40237422869451
6453,1.54856,-1.98982547626679
6454,1.5488,-2.52838833059127
6455,1.54904,-2.90924830068274
6456,1.54928,-1.8750660651569
6457,1.54952,-3.00069124673277
6458,1.54976,-2.41646710570969
6459,1.55,-1.99627797307863
6460,1.55024,-3.23384506929192
6461,1.55048,-2.17459512561381
6462,1.55072,-2.23761355844985
6463,1.55096,-3.34574162024554
6464,1.5512,-1.93564712466802
6465,1.55144,-2.59682535063486
6466,1.55168,-2.97469485409877
6467,1.55192,-1.69799112619223
6468,1.55216,-2.95029202913085
6469,1.5524,-2.60261817072516
6470,1.55264,-1.93644389941016
6471,1.55288,-2.94045307271693
6472,1.55312,-2.47516376702065
6473,1.55336,-2.17221062064275
6474,1.5536,-3.16244641834553
6475,1.55384,-1.9934697414778
6476,1.55408,-2.53749083075632
6477,1.55432,-2.9179599523007
6478,1.55456,-1.64064590146366
6479,1.5548,-2.77908487550333
6480,1.55504,-2.67586344018664
6481,1.55528,-1.88968297487646
6482,1.55552,-3.01553302958431
6483,1.55576,-2.43151369564435
6484,1.556,-2.131761791593
6485,1.55624,-3.13032182278116
6486,1.55648,-2.18967264043789
6487,1.55672,-2.25205712434366
6488,1.55696,-3.35905913335876
6489,1.5572,-1.9461896857211
6490,1.55744,-2.72450736569663
6491,1.55768,-2.86063027659841
6492,1.55792,-1.8289635203528
6493,1.55816,-2.95568792998653
6494,1.5584,-2.37122697497638
6495,1.55864,-2.19038920550957
6496,1.55888,-3.30053517043264
6497,1.55912,-2.0082648286458
6498,1.55936,-2.43271230880672
6499,1.5596,-3.05474486103715
6500,1.55984,-1.77317704376056
6501,1.56008,-2.67318071057581
6502,1.56032,-2.69085553014515
6503,1.56056,-1.90488790240381
6504,1.5608,-3.03004585611332
6505,1.56104,-2.32684501664812
6506,1.56128,-2.14751133808996
6507,1.56152,-3.13878012588838
6508,1.56176,-1.73592953183821
6509,1.562,-2.87018466048055
6510,1.56224,-2.64577910527201
6511,1.56248,-1.74015612001909
6512,1.56272,-2.9875208325193
6513,1.56296,-2.17158671136695
6514,1.5632,-1.99899825179527
6515,1.56344,-3.12004351972207
6516,1.56368,-2.06261914859939
6517,1.56392,-2.36575420960662
6518,1.56416,-3.23030736484534
6519,1.5644,-1.82345708296649
6520,1.56464,-2.72208911114162
6521,1.56488,-2.5010691630864
6522,1.56512,-1.84050305393231
6523,1.56536,-3.08348273351796
6524,1.5656,-2.26335504218463
6525,1.56584,-2.0867557884193
6526,1.56608,-3.08721836633527
6527,1.56632,-2.14838865070336
6528,1.56656,-2.21251299080375
6529,1.5668,-3.3233778539819
6530,1.56704,-1.91331356640561
6531,1.56728,-2.69298166310447
6532,1.56752,-2.59170316469888
6533,1.56776,-1.80783127020776
6534,1.568,-2.7014342585777
6535,1.56824,-2.36236678267815
6536,1.56848,-2.18185206303397
6537,1.56872,-3.17247045677389
6538,1.56896,-1.76853470994202
6539,1.5692,-2.66953357147716
6540,1.56944,-2.68775343569742
6541,1.56968,-1.90097031263152
6542,1.56992,-3.02624391555303
6543,1.57016,-2.09224921123199
6544,1.5704,-2.51341080183116
6545,1.57064,-2.89392539810273
6546,1.57088,-1.6188721407175
6547,1.57112,-2.75816177008663
6548,1.57136,-2.65575382984395
6549,1.5716,-1.87035118941605
6550,1.57184,-2.99694520726156
6551,1.57208,-2.41363717700152
6552,1.57232,-1.87755285327361
6553,1.57256,-3.00382356392667
6554,1.5728,-2.18405523650222
6555,1.57304,-2.246583369724
6556,1.57328,-2.99554019332121
6557,1.57352,-1.71824216765774
6558,1.57376,-2.61874183118541
6559,1.574,-2.63786795697063
6560,1.57424,-1.85278389728281
6561,1.57448,-3.09602381367714
6562,1.57472,-2.04263133540166
6563,1.57496,-2.11123637258097
6564,1.5752,-3.22779038845106
6565,1.57544,-1.8222548236683
6566,1.57568,-2.72086895612618
6567,1.57592,-2.50067250691178
6568,1.57616,-1.96075988054399
6569,1.5764,-3.08426392343971
6570,1.57664,-2.14812663915285
6571,1.57688,-2.33241765717335
6572,1.57712,-2.83926673598616
6573,1.57736,-1.80795879440742
6574,1.5776,-2.93633286261223
6575,1.57784,-2.11947711232783
6576,1.57808,-2.1851877398982
6577,1.57832,-3.17601765414886
6578,1.57856,-1.77143128963389
6579,1.5788,-2.6722284032597
6580,1.57904,-2.45327898244221
6581,1.57928,-2.03258614682096
6582,1.57952,-3.26843114770095
6583,1.57976,-1.98002810523218
6584,1.58,-2.40600538714105
6585,1.58024,-2.90832521072512
6586,1.58048,-1.63433139102426
6587,1.58072,-2.8892239141629
6588,1.58096,-2.31185223546698
6589,1.5812,-2.13344778831835
6590,1.58144,-3.12608365402231
6591,1.58168,-1.84257878513821
6592,1.58192,-2.50761692977089
6593,1.58216,-2.76805909721188
6594,1.5824,-1.7389220195063
6595,1.58264,-2.99054520238814
6596,1.58288,-2.1752013231363
6597,1.58312,-2.23845081886329
6598,1.58336,-2.98726679459668
6599,1.5836,-1.70892143182585
6600,1.58384,-2.61241033055863
6601,1.58408,-2.63171439167349
6602,1.58432,-1.84726413917415
6603,1.58456,-2.97476923076689
6604,1.5848,-2.04290839239494
6605,1.58504,-2.46611102719319
6606,1.58528,-2.84857747112487
6607,1.58552,-1.57539045365344
6608,1.58576,-2.71646498830836
6609,1.586,-2.615763748699
6610,1.58624,-1.83199294318306
6611,1.58648,-2.96014748660804
6612,1.58672,-2.0289076809071
6613,1.58696,-2.45270376119102
6614,1.5872,-2.71635154159328
6615,1.58744,-1.5678619026689
6616,1.58768,-2.70574158539294
6617,1.58792,-2.3663433568839
6618,1.58816,-1.94849954054113
6619,1.5884,-3.18746893974542
6620,1.58864,-1.78358959469087
6621,1.58888,-2.68378810776593
6622,1.58912,-2.46510718904489
6623,1.58936,-1.80465082479301
6624,1.5896,-2.93396553341902
6625,1.58984,-2.11710852139504
6626,1.59008,-2.18242139737275
6627,1.59032,-3.05476288811591
6628,1.59056,-1.65536043754313
6629,1.5908,-2.79291342528295
6630,1.59104,-2.33464919127782
6631,1.59128,-1.91902555488337
6632,1.59152,-3.15971823792972
6633,1.59176,-1.98838949355273
6634,1.592,-2.41347797458577
6635,1.59224,-2.67923786100013
6636,1.59248,-1.89354540585227
6637,1.59272,-3.01896664054646
6638,1.59296,-1.96572679415936
6639,1.5932,-2.27286381159711
6640,1.59344,-3.02052286105556
6641,1.59368,-1.74198281714542
6642,1.59392,-2.64129507577435
6643,1.59416,-2.30465115861073
6644,1.5944,-1.88944123693564
6645,1.59464,-3.13092966464904
6646,1.59488,-1.96039875752329
6647,1.59512,-2.03289755808644
6648,1.59536,-3.15049681887239
6649,1.5956,-2.21217314002962
6650,1.59584,-2.27634479555148
6651,1.59608,-2.90531295363997
6652,1.59632,-1.63045116828811
6653,1.59656,-2.64747122491095
6654,1.5968,-2.54884826523986
6655,1.59704,-1.88905005274205
6656,1.59728,-3.13227934729443
6657,1.59752,-1.84487759980588
6658,1.59776,-2.62686604607109
6659,1.598,-2.52997168076813
6660,1.59824,-1.98688859547841
6661,1.59848,-2.99276258951627
6662,1.59872,-2.17587036125646
6663,1.59896,-2.24203003652352
6664,1.5992,-2.87290928671084
6665,1.59944,-1.71839086885783
6666,1.59968,-2.85137498181095
6667,1.59992,-2.27504882161433
6668,1.60016,-2.21616894769594
6669,1.6004,-3.08607477907938
6670,1.60064,-1.68347887466064
6671,1.60088,-2.58529361040358
6672,1.60112,-2.48934243368915
6673,1.60136,-1.83209924370126
6674,1.6016,-3.07777200934199
6675,1.60184,-2.02364615286439
6676,1.60208,-2.09637607951793
6677,1.60232,-3.21160101625732
6678,1.60256,-1.92199054250074
6679,1.6028,-2.46531475862712
6680,1.60304,-2.84681163839458
6681,1.60328,-1.69163316743852
6682,1.60352,-2.36042749892782
6683,1.60376,-2.86499105376345
6684,1.604,-1.59179990783567
6685,1.60424,-2.49890248561984
6686,1.60448,-2.52297773604093
6687,1.60472,-1.74309031954494
6688,1.60496,-2.87366725206916
6689,1.6052,-2.17869408264088
6690,1.60544,-1.88870612436825
6691,1.60568,-2.89615574812519
6692,1.60592,-2.31782603618218
6693,1.60616,-2.02265003120794
6694,1.6064,-3.02032518475968
6695,1.60664,-1.73686177548063
6696,1.60688,-2.63894248054397
6697,1.60712,-2.54144098926651
6698,1.60736,-1.75988739617943
6699,1.6076,-2.89099748543887
6700,1.60784,-2.31287570981715
6701,1.60808,-2.13685014760536
6702,1.60832,-2.89030018067839
6703,1.60856,-1.61162367041176
6704,1.6088,-2.62893268606167
6705,1.60904,-2.53101000818688
6706,1.60928,-1.63398865520121
6707,1.60952,-2.88821047947827
6708,1.60976,-2.19430079363912
6709,1.61,-2.02211729418757
6710,1.61024,-3.14179258343422
6711,1.61048,-1.85646083415844
6712,1.61072,-2.52239820576452
6713,1.61096,-2.6643306339577
6714,1.6112,-1.75844579032747
6715,1.61144,-3.00723442492812
6716,1.61168,-2.1909475777387
6717,1.61192,-2.25454718074119
6718,1.61216,-2.76321881725355
6719,1.6124,-1.49089110977278
6720,1.61264,-2.75045673909024
6721,1.61288,-2.29341071295753
6722,1.61312,-1.87987497135581
6723,1.61336,-3.00571305531895
6724,1.6136,-1.9528723646897
6725,1.61384,-2.26039237784237
6726,1.61408,-2.7696412586135
6727,1.61432,-1.49964617192362
6728,1.61456,-2.64377400126513
6729,1.6148,-2.42705950653269
6730,1.61504,-1.65037666973856
6731,1.61528,-2.78532782236967
6732,1.61552,-2.09277908269032
6733,1.61576,-1.8060116509178
6734,1.616,-2.93503789305053
6735,1.61624,-2.23856850936387
6736,1.61648,-1.71018721331328
6737,1.61672,-2.95970576235714
6738,1.61696,-2.02952430019411
6739,1.6172,-2.09838871910243
6740,1.61744,-2.97460640897494
6741,1.61768,-1.69474476470348
6742,1.61792,-2.3637176181347
6743,1.61816,-2.7499332362356
6744,1.6184,-1.48030478079255
6745,1.61864,-2.73937927350367
6746,1.61888,-2.28319629590274
6747,1.61912,-1.86784830876057
6748,1.61936,-2.99374127753251
6749,1.6196,-1.82850241373725
6750,1.61984,-2.25811879792625
6751,1.62008,-2.76697991399085
6752,1.62032,-1.49789764904042
6753,1.62056,-2.63725946666674
6754,1.6208,-2.42031908011241
6755,1.62104,-1.88351987543796
6756,1.62128,-3.01000184569197
6757,1.62152,-1.84491377967899
6758,1.62176,-2.27640527675273
6759,1.622,-2.9051316450121
6760,1.62224,-1.63003882950661
6761,1.62248,-2.53396150326223
6762,1.62272,-2.44005839813752
6763,1.62296,-1.90323045798406
6764,1.6232,-3.02448607490232
6765,1.62344,-1.97332587816094
6766,1.62368,-1.92910925922001
6767,1.62392,-2.68926721568962
6768,1.62416,-1.54205814107035
6769,1.6244,-2.68336477483497
6770,1.62464,-2.11322273224604
6771,1.62488,-2.18142862920161
6772,1.62512,-2.93496837294037
6773,1.62536,-1.65591406284683
6774,1.6256,-2.32689100753278
6775,1.62584,-2.4772046557441
6776,1.62608,-1.45945847139759
6777,1.62632,-2.72068102578859
6778,1.62656,-2.1493452220784
6779,1.6268,-1.97894533022613
6780,1.62704,-3.10032569252144
6781,1.62728,-1.81662309404359
6782,1.62752,-2.36517116276477
6783,1.62776,-2.63181632128036
6784,1.628,-1.48838878431496
6785,1.62824,-2.74917268782623
6786,1.62848,-2.41139727721783
6787,1.62872,-1.87490129864199
6788,1.62896,-3.00167348121587
6789,1.6292,-1.83423309833852
6790,1.62944,-2.146747139106
6791,1.62968,-2.89954901076983
6792,1.62992,-1.62025301749003
6793,1.63016,-2.29319412266694
6794,1.6304,-2.6836501874721
6795,1.63064,-1.41634245415733
6796,1.63088,-2.32951113829805
6797,1.63112,-2.59726023517617
6798,1.63136,-1.69407963072343
6799,1.6316,-2.59122425109596
6800,1.63184,-2.14353525152829
6801,1.63208,-1.85569093909048
6802,1.63232,-2.98148721371807
6803,1.63256,-1.81754374739364
6804,1.6328,-2.13155858768864
6805,1.63304,-2.88413204352103
6806,1.63328,-1.6106673655406
6807,1.63352,-2.40120843371978
6808,1.63376,-2.6684118724564
6809,1.634,-1.51980212773177
6810,1.63424,-2.19664426574565
6811,1.63448,-2.94853343358086
6812,1.63472,-1.55157081160078
6813,1.63496,-2.10890321506915
6814,1.6352,-2.62280409038665
6815,1.63544,-1.35718579400198
6816,1.63568,-2.50513013319305
6817,1.63592,-2.41271117488353
6818,1.63616,-1.63645535467222
6819,1.6364,-2.77129755996629
6820,1.63664,-2.08048733446602
6821,1.63688,-1.91377457299024
6822,1.63712,-3.15424051868101
6823,1.63736,-1.86851222172315
6824,1.6376,-2.29879283544368
6825,1.63784,-2.68846801535757
6826,1.63808,-1.42436412079837
6827,1.63832,-2.56799156665895
6828,1.63856,-2.47242116785665
6829,1.6388,-1.57716260388772
6830,1.63904,-2.71635150425416
6831,1.63928,-2.26355151328819
6832,1.63952,-1.49635847080816
6833,1.63976,-2.75491845538275
6834,1.64,-2.06342515312838
6835,1.64024,-1.77722252559103
6836,1.64048,-3.02356736360713
6837,1.64072,-1.85678473101429
6838,1.64096,-2.28492467365948
6839,1.6412,-2.6734197850393
6840,1.64144,-1.4073012762523
6841,1.64168,-2.67017875618937
6842,1.64192,-2.45331049151457
6843,1.64216,-1.43466976882578
6844,1.6424,-2.69809299564979
6845,1.64264,-1.89356516352886
6846,1.64288,-2.20638161021838
6847,1.64312,-2.60046020144784
6848,1.64336,-1.57717654099316
6849,1.6436,-2.71496156418824
6850,1.64384,-2.26173948741139
6851,1.64408,-1.61308581399214
6852,1.64432,-2.86998019048813
6853,1.64456,-1.59264913262938
6854,1.6448,-2.26528379357535
6855,1.64504,-2.41806669711138
6856,1.64528,-1.64403305648391
6857,1.64552,-2.77629818885876
6858,1.64576,-1.96878421952841
6859,1.646,-1.80425627140631
6860,1.64624,-3.04934974541618
6861,1.64648,-1.88224973042191
6862,1.64672,-2.31356309134153
6863,1.64696,-2.58265495822839
6864,1.6472,-1.68166533182165
6865,1.64744,-2.81440853539262
6866,1.64768,-1.88541777013874
6867,1.64792,-2.07780674420544
6868,1.64816,-2.95279894182318
6869,1.6484,-1.6718114661521
6870,1.64864,-2.10876256526726
6871,1.64888,-2.38546899824321
6872,1.64912,-1.60935254630262
6873,1.64936,-2.86334321048916
6874,1.6496,-1.8197383944724
6875,1.64984,-2.25156886358736
6876,1.65008,-2.64314105477489
6877,1.65032,-1.37869246749235
6878,1.65056,-2.64398461058429
6879,1.6508,-2.19028673444982
6880,1.65104,-1.66141906751829
6881,1.65128,-2.68088775624608
6882,1.65152,-1.9942134824766
6883,1.65176,-1.94786861349558
6884,1.652,-2.95222922696134
6885,1.65224,-1.78886382446469
6886,1.65248,-1.98625776623823
6887,1.65272,-2.86517543031794
6888,1.65296,-1.70689487402207
6889,1.6532,-2.02638017743637
6890,1.65344,-2.66475375148604
6891,1.65368,-1.39798426964322
6892,1.65392,-1.96004578545275
6893,1.65416,-2.72243444227002
6894,1.6544,-1.452267440012
6895,1.65464,-2.36354174264399
6896,1.65488,-2.39552952749229
6897,1.65512,-1.50170918604225
6898,1.65536,-2.64568096640433
6899,1.6556,-2.42970050786737
6900,1.65584,-1.28856865839271
6901,1.65608,-2.43574225760419
6902,1.65632,-1.99143637707088
6903,1.65656,-1.82798125291508
6904,1.6568,-2.8313338997965
6905,1.65704,-1.55815551216237
6906,1.65728,-1.99948597535511
6907,1.65752,-2.8825363000521
6908,1.65776,-1.48858438688161
6909,1.658,-2.2819211080293
6910,1.65824,-2.31829467946165
6911,1.65848,-1.54582865722261
6912,1.65872,-2.68348707808811
6913,1.65896,-1.87808919257185
6914,1.6592,-1.83583814665723
6915,1.65944,-2.96303515102316
6916,1.65968,-2.15199168250354
6917,1.65992,-1.74535914647558
6918,1.66016,-2.75225083552179
6919,1.6604,-1.48333345744708
6920,1.66064,-2.39580376887417
6921,1.66088,-2.30652102124489
6922,1.66112,-1.41690872091232
6923,1.66136,-2.79758377986385
6924,1.6616,-1.75495793737405
6925,1.66184,-1.71845068010702
6926,1.66208,-2.61543977309126
6927,1.66232,-1.81469696288997
6928,1.66256,-2.13065270598969
6929,1.6628,-2.76872429477584
6930,1.66304,-1.38092035004353
6931,1.66328,-2.29566032401727
6932,1.66352,-2.80407764871641
6933,1.66376,-1.53285123244593
6934,1.664,-2.32720152986359
6935,1.66424,-2.24174556482883
6936,1.66448,-1.83199438463419
6937,1.66472,-2.83727284314506
6938,1.66496,-1.56107866881625
6939,1.6652,-2.47011238915418
6940,1.66544,-2.02507201380788
6941,1.66568,-1.86087339865258
6942,1.66592,-2.6234583533553
6943,1.66616,-1.3583055691576
6944,1.6664,-2.27787464836613
6945,1.66664,-2.19363371963998
6946,1.66688,-1.54761786633657
6947,1.66712,-2.68941271930795
6948,1.66736,-1.65271930416279
6949,1.6676,-2.20695201750201
6950,1.66784,-2.48173370211612
6951,1.66808,-1.34472877896239
6952,1.66832,-2.49448352093553
6953,1.66856,-2.52058709705686
6954,1.6688,-1.37661555344524
6955,1.66904,-2.2883870486749
6956,1.66928,-2.08469179472988
6957,1.66952,-1.68041751593681
6958,1.66976,-2.9296482570105
6959,1.67,-1.65286312455111
6960,1.67024,-2.09378086716929
6961,1.67048,-2.37038723451271
6962,1.67072,-1.23860630637647
6963,1.67096,-2.27441672141156
6964,1.6712,-2.31091613141028
6965,1.67144,-1.53857002264245
6966,1.67168,-2.67634321964665
6967,1.67192,-1.52336207627711
6968,1.67216,-2.08187325580293
6969,1.6724,-2.48225407342336
6970,1.67264,-1.3385717242881
6971,1.67288,-2.37220468620062
6972,1.67312,-1.93082869430555
6973,1.67336,-1.65124738241239
6974,1.6736,-2.78535716458097
6975,1.67384,-1.51478729312574
6976,1.67408,-2.31150039913322
6977,1.67432,-2.22656408385202
6978,1.67456,-1.57941724862467
6979,1.6748,-2.83691506989156
6980,1.67504,-1.56142633202426
6981,1.67528,-2.35524382958368
6982,1.67552,-2.38815902360303
6983,1.67576,-1.1326249200025
6984,1.676,-2.17081971456104
6985,1.67624,-2.44875950067084
6986,1.67648,-1.43158728032686
6987,1.67672,-2.57741678755875
6988,1.67696,-1.89268001675801
6989,1.6772,-1.73099433595381
6990,1.67744,-2.98185018763335
6991,1.67768,-1.7000112725357
6992,1.67792,-1.78459756103956
6993,1.67816,-2.67714800545797
6994,1.6784,-1.75626098481976
6995,1.67864,-1.95602018895044
6996,1.67888,-2.59484577376607
6997,1.67912,-1.45232045350922
6998,1.67936,-2.47998939020976
6999,1.6796,-2.03519239060386
7000,1.67984,-1.87116767851868
7001,1.68008,-2.99346303511877
7002,1.68032,-1.83133028254996
7003,1.68056,-1.91016562613525
7004,1.6808,-2.55666936094076
7005,1.68104,-1.29330165710415
7006,1.68128,-2.20850432851466
7007,1.68152,-2.24467597339214
7008,1.68176,-1.59666043958874
7009,1.682,-2.61451295305129
7010,1.68224,-2.16340008524344
7011,1.68248,-1.63779647124429
7012,1.68272,-2.65433120193438
7013,1.68296,-1.50213977419919
7014,1.6832,-2.06140646180935
7015,1.68344,-2.46250965641251
7016,1.68368,-1.31951761765031
7017,1.68392,-2.23660817940967
7018,1.68416,-2.1538737262216
7019,1.6844,-1.38949158267945
7020,1.68464,-2.41545162935891
7021,1.68488,-2.09101218818405
7022,1.68512,-1.56635305614698
7023,1.68536,-2.70619432728848
7024,1.6856,-1.55212440052058
7025,1.68584,-2.10787528231472
7026,1.68608,-2.26508828000361
7027,1.68632,-1.49453546680937
7028,1.68656,-2.6374748686086
7029,1.6868,-1.94997324513447
7030,1.68704,-1.78564288598389
7031,1.68728,-2.91590867616864
7032,1.68752,-1.75703768060616
7033,1.68776,-1.83899037306071
7034,1.688,-2.72813461725332
7035,1.68824,-1.459362410137
7036,1.68848,-2.13585587046565
7037,1.68872,-2.64908141883406
7038,1.68896,-1.26438047090644
7039,1.6892,-2.17939257144446
7040,1.68944,-2.09908724704372
7041,1.68968,-1.57359302192505
7042,1.68992,-2.47645104418893
7043,1.69016,-1.91351455176492
7044,1.6904,-1.51459652629075
7045,1.69064,-2.53588964971202
7046,1.69088,-1.97257111879852
7047,1.69112,-1.45168645427506
7048,1.69136,-2.4791942287292
7049,1.6916,-2.0333280284838
7050,1.69184,-1.74767146152387
7051,1.69208,-2.87470477844259
7052,1.69232,-1.59903297056189
7053,1.69256,-2.03848208109154
7054,1.6928,-2.08186758013347
7055,1.69304,-1.3165677404906
7056,1.69328,-2.46800438884155
7057,1.69352,-1.6718663038008
7058,1.69376,-1.87549488764949
7059,1.694,-2.64355612041892
7060,1.69424,-1.26072952983937
7061,1.69448,-2.41590433673286
7062,1.69472,-1.62027570970197
7063,1.69496,-2.17769374133701
7064,1.6952,-2.21366956799628
7065,1.69544,-1.20421641333821
7066,1.69568,-2.47510869446577
7067,1.69592,-1.91345896433987
7068,1.69616,-1.87081077141406
7069,1.6964,-2.64033153972022
7070,1.69664,-1.37178127314488
7071,1.69688,-2.1695842444813
7072,1.69712,-2.20675924242218
7073,1.69736,-1.43985139852005
7074,1.6976,-2.46646866812835
7075,1.69784,-2.02194535975703
7076,1.69808,-1.26001682788728
7077,1.69832,-2.41034880569234
7078,1.69856,-2.20217663176062
7079,1.6988,-1.43414781898925
7080,1.69904,-2.5777368844269
7081,1.69928,-2.01290531924199
7082,1.69952,-1.84952692476931
7083,1.69976,-2.49659077210061
7084,1.7,-1.59634811297347
7085,1.70024,-2.61259315612501
7086,1.70048,-1.46542661959556
7087,1.70072,-1.90965963167636
7088,1.70096,-2.31361006506155
7089,1.7012,-1.06483942024354
7090,1.70144,-2.10469021181232
7091,1.70168,-2.26483105272729
7092,1.70192,-1.3724296547938
7093,1.70216,-2.51561688656966
7094,1.7024,-1.60136552199141
7095,1.70264,-2.1572854064896
7096,1.70288,-2.19446268691703
7097,1.70312,-1.66673533092291
7098,1.70336,-2.91911829612663
7099,1.7036,-1.64220037118647
7100,1.70384,-1.96107048649103
7101,1.70408,-2.60233117769848
7102,1.70432,-1.45729041900674
7103,1.70456,-2.01943566795755
7104,1.7048,-2.42113291707465
7105,1.70504,-1.28134544108711
7106,1.70528,-2.43368844057673
7107,1.70552,-2.3437655833662
7108,1.70576,-1.33068547337847
7109,1.706,-2.48042921753711
7110,1.70624,-1.79943604559628
7111,1.70648,-1.7615776001224
7112,1.70672,-2.65375817618642
7113,1.70696,-1.50381792496908
7114,1.7072,-1.82820708352204
7115,1.70744,-2.83383524724004
7116,1.70768,-1.44162375176407
7117,1.70792,-2.12250801593351
7118,1.70816,-2.51878578490536
7119,1.7084,-1.13986121549838
7120,1.70864,-2.05996638117119
7121,1.70888,-2.34049162683197
7122,1.70912,-1.09042022790279
7123,1.70936,-2.12902773077603
7124,1.7096,-2.28797971476024
7125,1.70984,-1.15478083703128
7126,1.71008,-1.96311275030969
7127,1.71032,-2.60680011400272
7128,1.71056,-1.34032150142221
7129,1.7108,-2.25692014218651
7130,1.71104,-1.93757636640998
7131,1.71128,-2.13065920836627
7132,1.71152,-2.05383399663872
7133,1.71176,-1.41097805744949
7134,1.712,-2.67431053000347
7135,1.71224,-1.4044376206306
7136,1.71248,-2.43540518701184
7137,1.71272,-1.64036260564677
7138,1.71296,-2.31425266966079
7139,1.7132,-1.87782884395922
7140,1.71344,-1.36157082819055
7141,1.71368,-2.62702802302019
7142,1.71392,-1.35918514738703
7143,1.71416,-1.69107936307192
7144,1.7144,-2.58840780280182
7145,1.71464,-1.43897224482404
7146,1.71488,-2.2348596547604
7147,1.71512,-1.80012096428824
7148,1.71536,-1.99907782294495
7149,1.7156,-2.04507662721969
7150,1.71584,-1.64087991003215
7151,1.71608,-2.65447194853523
7152,1.71632,-1.26734170783961
7153,1.71656,-2.30158001900989
7154,1.7168,-2.21720925697717
7155,1.71704,-1.20416366427703
7156,1.71728,-2.12657162525314
7157,1.71752,-1.81278147327346
7158,1.71776,-2.01117484259403
7159,1.718,-1.93767509688964
7160,1.71824,-1.1782125090248
7161,1.71848,-2.3352319882402
7162,1.71872,-1.54443129828014
7163,1.71896,-1.7531637341202
7164,1.7192,-2.28380942654424
7165,1.71944,-1.15193761636186
7166,1.71968,-2.1898407551837
7167,1.71992,-1.98959229272322
7168,1.72016,-1.70705337585069
7169,1.7204,-2.84016170861926
7170,1.72064,-1.6840088483773
7171,1.72088,-1.53067398795841
7172,1.72112,-2.30669649302809
7173,1.72136,-1.29451282683135
7174,1.7216,-2.55965636544307
7175,1.72184,-1.17826863372583
7176,1.72208,-2.45197882324331
7177,1.72232,-1.5423291965868
7178,1.72256,-1.63082334588181
7179,1.7228,-2.28699017146882
7180,1.72304,-1.03551128244494
7181,1.72328,-2.19603941464136
7182,1.72352,-1.76282291534242
7183,1.72376,-1.48661387711156
7184,1.724,-2.74556484753749
7185,1.72424,-1.35558088912835
7186,1.72448,-2.15359104303174
7187,1.72472,-2.31163572754931
7188,1.72496,-1.29562727427014
7189,1.7252,-2.10060272373652
7190,1.72544,-1.78778330639016
7191,1.72568,-1.86946813330178
7192,1.72592,-2.03812747861771
7193,1.72616,-1.63661615893655
7194,1.7264,-2.16960325085928
7195,1.72664,-1.40205761839248
7196,1.72688,-2.42276796069126
7197,1.72712,-1.16620137824358
7198,1.72736,-2.55621851759083
7199,1.7276,-1.29118689498135
7200,1.72784,-2.09193714603651
7201,1.72808,-2.01601674059917
7202,1.72832,-1.37755199740643
7203,1.72856,-2.5226222938729
7204,1.7288,-1.26253150920058
7205,1.72904,-1.94943360567583
7206,1.72928,-1.87623944174126
7207,1.72952,-1.35621778616012
7208,1.72976,-2.50440549920903
7209,1.73,-1.826708623998
7210,1.73024,-1.54979722042816
7211,1.73048,-2.56882106924241
7212,1.73072,-1.18685353946382
7213,1.73096,-2.22430707349812
7214,1.7312,-1.90730199576761
7215,1.73144,-1.51094267792928
7216,1.73168,-2.41092373952014
7217,1.73192,-1.15476161005534
7218,1.73216,-1.72781681156549
7219,1.7324,-2.62011822989277
7220,1.73264,-1.35348605251142
7221,1.73288,-2.152734210715
7222,1.73312,-1.95730434917657
7223,1.73336,-1.19536242522743
7224,1.7336,-2.22932958350073
7225,1.73384,-1.9121048039686
7226,1.73408,-1.03530678014189
7227,1.73432,-2.07797526087104
7228,1.73456,-2.23910983202323
7229,1.7348,-1.35030824105979
7230,1.73504,-2.49601585450816
7231,1.73528,-1.58419095532479
7232,1.73552,-1.67060589066944
7233,1.73576,-2.20192668387942
7234,1.736,-1.43278675005288
7235,1.73624,-2.45197238661455
7236,1.73648,-1.19394616251797
7237,1.73672,-2.58256766472447
7238,1.73696,-1.31619959821974
7239,1.7372,-2.23418877694944
7240,1.73744,-1.68092643007305
7241,1.73768,-2.00010408540964
7242,1.73792,-1.92668849767056
7243,1.73816,-1.76460573413514
7244,1.7384,-2.17416553893496
7245,1.73864,-1.64840430368914
7246,1.73888,-2.30349161240449
7247,1.73912,-1.41091933923646
7248,1.73936,-2.5543264682539
7249,1.7396,-1.17281806965626
7250,1.73984,-2.44468987452154
7251,1.74008,-1.41605261814447
7252,1.74032,-1.51013005240182
7253,1.74056,-2.53288714617659
7254,1.7408,-1.7361271164959
7255,1.74104,-1.58360229740258
7256,1.74128,-2.48462994953044
7257,1.74152,-1.69082177395047
7258,1.74176,-2.00991379296288
7259,1.742,-1.93599312648163
7260,1.74224,-1.77342703831319
7261,1.74248,-2.18252445298186
7262,1.74272,-1.6563207565794
7263,1.74296,-2.31098476505767
7264,1.7432,-1.0580674363962
7265,1.74344,-1.86823471419495
7266,1.74368,-2.51540411851465
7267,1.74392,-1.25225588741599
7268,1.74416,-1.81954324857989
7269,1.7444,-2.34682562540621
7270,1.74464,-1.09231307198982
7271,1.74488,-2.13099161599313
7272,1.74512,-1.93325566909109
7273,1.74536,-0.932011100664859
7274,1.7456,-1.9768087802454
7275,1.74584,-2.26063339493685
7276,1.74608,-1.01118311790713
7277,1.74632,-2.29081993494411
7278,1.74656,-1.97369918557175
7279,1.7468,-1.09397299803344
7280,1.74704,-2.13384189481302
7281,1.74728,-2.29229879916886
7282,1.74752,-1.16127507035819
7283,1.74776,-2.31583379934575
7284,1.748,-1.99759563068484
7285,1.74824,-0.879344982347953
7286,1.74848,-2.04355079415875
7287,1.74872,-1.61820125228346
7288,1.74896,-1.46761400997909
7289,1.7492,-2.49072731076207
7290,1.74944,-1.69255637358427
7291,1.74968,-1.65851663274047
7292,1.74992,-2.54999419042128
7293,1.75016,-1.40373486852618
7294,1.7504,-1.61622760185356
7295,1.75064,-2.15484807644126
7296,1.75088,-1.14868916468067
7297,1.75112,-2.1856454437298
7298,1.75136,-1.63643718140804
7299,1.7516,-1.60261324711104
7300,1.75184,-2.0189558311426
7301,1.75208,-1.49968030703562
7302,1.75232,-2.16096981842762
7303,1.75256,-0.914387733732035
7304,1.7528,-1.73061375849741
7305,1.75304,-2.50428371806924
7306,1.75328,-1.12553840642013
7307,1.75352,-2.04669995750113
7308,1.75376,-1.73523601728627
7309,1.754,-1.699260362659
7310,1.75424,-2.47427080385087
7311,1.75448,-1.21532049803108
7312,1.75472,-1.55266323173726
7313,1.75496,-2.45475913253857
7314,1.7552,-1.42710881184294
7315,1.75544,-1.63844652197655
7316,1.75568,-2.65443389164287
7317,1.75592,-1.5065323931914
7318,1.75616,-1.36065264552035
7319,1.7564,-2.38826861465522
7320,1.75664,-1.71424174849671
7321,1.75688,-1.56234418128636
7322,1.75712,-2.46397100920056
7323,1.75736,-1.31956110642771
7324,1.7576,-1.65314504310591
7325,1.75784,-1.95040455032395
7326,1.75808,-1.07145251197396
7327,1.75832,-2.1120613574901
7328,1.75856,-2.15316065891669
7329,1.7588,-1.26978794285435
7330,1.75904,-2.537891445503
7331,1.75928,-1.39281562864345
7332,1.75952,-1.48925837469867
7333,1.75976,-2.27154366647428
7334,1.76,-1.13805804593103
7335,1.76024,-1.82847742692994
7336,1.76048,-1.88231914993589
7337,1.76072,-1.48687943353396
7338,1.76096,-2.14853187274129
7339,1.7612,-1.26223704965212
7340,1.76144,-2.41164822558288
7341,1.76168,-1.15877963554677
7342,1.76192,-2.43207495359405
7343,1.76216,-1.40919485118239
7344,1.7624,-1.50611992423846
7345,1.76264,-2.4100671901274
7346,1.76288,-1.3841867551958
7347,1.76312,-1.59721685989046
7348,1.76336,-2.61482253019539
7349,1.7636,-1.46846755065257
7350,1.76384,-1.32406648868849
7351,1.76408,-2.35309663716792
7352,1.76432,-1.67996519022654
7353,1.76456,-0.931198719813133
7354,1.7648,-2.0936569187276
7355,1.76504,-1.43181159236872
7356,1.76528,-1.4074914696788
7357,1.76552,-2.43286105177552
7358,1.76576,-1.75622842652486
7359,1.766,-1.00411333999612
7360,1.76624,-2.16336915872531
7361,1.76648,-1.49846092094635
7362,1.76672,-1.47121139348746
7363,1.76696,-2.25411920945883
7364,1.7672,-1.00405726389364
7365,1.76744,-2.04563873038125
7366,1.76768,-1.73437033410554
7367,1.76792,-0.741285864171931
7368,1.76816,-1.79388948584363
7369,1.7684,-2.20323451341388
7370,1.76864,-1.19852510140011
7371,1.76888,-2.3501241338052
7372,1.76912,-1.32497624494837
7373,1.76936,-2.00924419833686
7374,1.7696,-1.70081435625688
7375,1.76984,-1.66377838199529
7376,1.77008,-2.55807960473898
7377,1.77032,-1.29335797013024
7378,1.77056,-1.7445868100148
7379,1.7708,-2.27759501188966
7380,1.77104,-1.02771339614048
7381,1.77128,-1.83902113152842
7382,1.77152,-1.7732016237477
7383,1.77176,-1.14223739174261
7384,1.772,-2.29709192312536
7385,1.77224,-1.04240285913409
7386,1.77248,-1.85304540510233
7387,1.77272,-2.14297700720852
7388,1.77296,-1.0139288306091
7389,1.7732,-1.82664183031251
7390,1.77344,-1.88027705130348
7391,1.77368,-1.00230234366233
7392,1.77392,-2.16146215791016
7393,1.77416,-1.37706490321646
7394,1.7744,-1.70604312042075
7395,1.77464,-2.23670447768878
7396,1.77488,-0.984155248544065
7397,1.77512,-1.79509206768962
7398,1.77536,-2.0861742575113
7399,1.7756,-0.960860260155537
7400,1.77584,-2.00544701880836
7401,1.77608,-1.81249122992848
7402,1.77632,-0.815817559160146
7403,1.77656,-1.86498901608271
7404,1.7768,-2.27281812223896
7405,1.77704,-1.14108298196802
7406,1.77728,-1.6013671232654
7407,1.77752,-1.90257635016122
7408,1.77776,-1.02001627032642
7409,1.778,-1.59581823151463
7410,1.77824,-2.25233116844051
7411,1.77848,-1.59029312197455
7412,1.77872,-1.32127063645832
7413,1.77896,-2.34881499975317
7414,1.7792,-1.68076152460849
7415,1.77944,-1.17122372308622
7416,1.77968,-2.20304865619174
7417,1.77992,-1.65944816313818
7418,1.78016,-1.62745882517853
7419,1.7804,-2.04426052585548
7420,1.78064,-1.161576837601
7421,1.78088,-1.37122097061648
7422,1.78112,-1.33735892139012
7423,1.78136,-1.3049645053681
7424,1.7816,-1.27396870660796
7425,1.78184,-2.19720870726623
7426,1.78208,-1.64501597865789
7427,1.78232,-1.24196617287458
7428,1.78256,-2.0502507648799
7429,1.7828,-1.86214517957953
7430,1.78304,-1.4552692902195
7431,1.78328,-0.951912967874795
7432,1.78352,-2.46993741423093
7433,1.78376,-1.32719960145188
7434,1.784,-1.41903817869092
7435,1.78424,-1.97412892749153
7436,1.78448,-1.67133432802552
7437,1.78472,-1.62432257439669
7438,1.78496,-1.57935394751748
7439,1.7852,-1.5363341914152
7440,1.78544,-1.02115238086907
7441,1.78568,-2.06200943706031
7442,1.78592,-1.51165796623753
7443,1.78616,-0.994482857020733
7444,1.7864,-1.56979351785857
7445,1.78664,-2.34408764786431
7446,1.78688,-0.853413975966277
7447,1.78712,-2.25582961509523
7448,1.78736,-1.8206878605468
7449,1.7876,-0.942372924611584
7450,1.78784,-2.34176099002448
7451,1.78808,-1.30947537875008
7452,1.78832,-1.40330605539174
7453,1.78856,-2.55427112327433
7454,1.7888,-0.823919613997981
7455,1.78904,-1.63135353068636
7456,1.78928,-1.44966248556564
7457,1.78952,-1.78480142087116
7458,1.78976,-1.72604783240535
7459,1.79,-0.84915827443357
7460,1.79024,-2.48784024389985
7461,1.79048,-0.99213157606542
7462,1.79072,-1.80585518815423
7463,1.79096,-1.74552204111115
7464,1.7912,-1.47898144078923
7465,1.79144,-2.3821291126842
7466,1.79168,-1.24664714079225
7467,1.79192,-1.34157916905744
7468,1.79216,-2.48038916587817
7469,1.7924,-0.988928346137723
7470,1.79264,-1.44446546001318
7471,1.79288,-1.86686978369741
7472,1.79312,-1.11920130743638
7473,1.79336,-2.39049477608059
7474,1.7936,-1.60711913884457
7475,1.79384,-2.05804833999155
7476,1.79408,-1.63003562774865
7477,1.79432,-1.11845275942657
7478,1.79456,-2.51001833777346
7479,1.7948,-0.777071065597499
7480,1.79504,-2.18612534354878
7481,1.79528,-1.87539714982952
7482,1.79552,-0.643686800287586
7483,1.79576,-2.29032148202092
7484,1.796,-1.49882764757141
7485,1.79624,-1.1123075255201
7486,1.79648,-2.51063436983693
7487,1.79672,-1.01775263006763
7488,1.79696,-1.47193048891586
7489,1.7972,-1.89303692133547
7490,1.79744,-1.14412824207464
7491,1.79768,-2.41336513106182
7492,1.79792,-1.04456925816117
7493,1.79816,-1.3777185145034
7494,1.7984,-1.55885514020026
7495,1.79864,-1.53438275040087
7496,1.79888,-1.96516708533438
7497,1.79912,-1.42717751820202
7498,1.79936,-1.40566580432852
7499,1.7996,-1.71042134675188
7500,1.79984,-0.721094876611037
7501,1.80008,-2.36510931558877
7502,1.80032,-0.870124513028633
7503,1.80056,-1.80787354214011
7504,1.8008,-1.7439823397292
7505,1.80104,-0.757509202464432
7506,1.80128,-2.28138860387771
7507,1.80152,-1.14605758728875
7508,1.80176,-1.24511283692975
7509,1.802,-2.62576758265437
7510,1.80224,-0.896791635836162
7511,1.80248,-1.70424356126326
7512,1.80272,-1.76174326839103
7513,1.80296,-1.85377123069676
7514,1.8032,-2.03264341152056
7515,1.80344,-0.670164124238847
7516,1.80368,-2.31544767337785
7517,1.80392,-1.76229789012178
7518,1.80416,-0.77060619329985
7519,1.8044,-2.41235904533051
7520,1.80464,-0.915211018945526
7521,1.80488,-1.85089136492628
7522,1.80512,-2.02599230717519
7523,1.80536,-0.552632360786979
7524,1.8056,-2.07922023926394
7525,1.80584,-1.42101892729689
7526,1.80608,-1.27798127469446
7527,1.80632,-2.30239930528392
7528,1.80656,-1.17001660671448
7529,1.8068,-1.14807871474718
7530,1.80704,-1.81479660575574
7531,1.80728,-1.18763295619024
7532,1.80752,-2.2228881275823
7533,1.80776,-1.21379393271238
7534,1.808,-1.43129399726647
7535,1.80824,-1.37490102843348
7536,1.80848,-1.34859791318779
7537,1.80872,-1.90440526920186
7538,1.80896,-1.36880723843657
7539,1.8092,-1.34958331077463
7540,1.80944,-2.25833972004975
7541,1.80968,-1.47678006917895
7542,1.80992,-1.33121604682193
7543,1.81016,-2.35321794202338
7544,1.8104,-1.21852382641821
7545,1.81064,-1.19437552744176
7546,1.81088,-1.85897914126378
7547,1.81112,-1.22979315686931
7548,1.81136,-2.26311429890277
7549,1.8116,-1.25216952797074
7550,1.81184,-1.467899890525
7551,1.81208,-1.40981398025302
7552,1.81232,-1.26514492613687
7553,1.81256,-1.94044124442961
7554,1.8128,-1.15774071084602
7555,1.81304,-1.49849569819504
7556,1.81328,-1.81151497623034
7557,1.81352,-1.05236461248009
7558,1.81376,-1.51513291963893
7559,1.814,-1.34077108691502
7560,1.81424,-1.31580504153796
7561,1.81448,-1.87292163153268
7562,1.81472,-1.57685273266713
7563,1.81496,-1.31705340399947
7564,1.8152,-2.10725101551499
7565,1.81544,-1.33522485456196
7566,1.81568,-1.54724046793876
7567,1.81592,-1.48560023522649
7568,1.81616,-1.33753031946332
7569,1.8164,-2.00957359966813
7570,1.81664,-1.34799368424996
7571,1.81688,-1.5652850288328
7572,1.81712,-1.63258556077852
7573,1.81736,-1.1164538324294
7574,1.8176,-1.79808991670823
7575,1.81784,-1.01575046100809
7576,1.81808,-1.47756490156504
7577,1.81832,-2.14566987866544
7578,1.81856,-0.542578833975379
7579,1.8188,-1.95727810787707
7580,1.81904,-1.65116066305164
7581,1.81928,-0.783761884088249
7582,1.81952,-2.31084313382686
7583,1.81976,-0.81772574920914
7584,1.82,-1.40572832981297
7585,1.82024,-1.83505486069032
7586,1.82048,-0.840233522932199
7587,1.82072,-2.12993936756418
7588,1.82096,-1.1060385636452
7589,1.8212,-0.966923622496822
7590,1.82144,-2.00924700589897
7591,1.82168,-1.1095710563757
7592,1.82192,-1.45218164505515
7593,1.82216,-2.00662440862746
7594,1.8224,-0.996459300780468
7595,1.82264,-1.45711247056375
7596,1.82288,-1.64227911092808
7597,1.82312,-0.886313428181079
7598,1.82336,-1.46099323559356
7599,1.8236,-1.64443410804331
7600,1.82384,-1.1370276339238
7601,1.82408,-2.40631698717206
7602,1.82432,-0.912864122477723
7603,1.82456,-1.49076068135445
7604,1.8248,-2.14946374276287
7605,1.82504,-0.550397597377879
7606,1.82528,-1.84562603905034
7607,1.82552,-1.30856097009443
7608,1.82576,-1.28713540466121
7609,1.826,-2.31327001145864
7610,1.82624,-0.588076318191085
7611,1.82648,-1.88603166243233
7612,1.82672,-1.58105966503694
7613,1.82696,-0.474642589301244
7614,1.8272,-2.12782434295531
7615,1.82744,-1.10643487098251
7616,1.82768,-1.20809110962538
7617,1.82792,-1.76429507554207
7618,1.82816,-0.410650600090929
7619,1.8284,-1.94281623744535
7620,1.82864,-1.28995330414218
7621,1.82888,-1.14941831301522
7622,1.82912,-2.29517375086023
7623,1.82936,-0.694009180570165
7624,1.8296,-1.39675799057124
7625,1.82984,-1.82233687422403
7626,1.83008,-0.472654839036575
7627,1.83032,-2.2456398284771
7628,1.83056,-0.878387265958366
7629,1.8308,-1.21790792831586
7630,1.83104,-1.4051440985716
7631,1.83128,-1.14243942804655
7632,1.83152,-1.93886592212583
7633,1.83176,-1.28655679503289
7634,1.832,-1.27030852007036
7635,1.83224,-2.30570268490028
7636,1.83248,-1.29274936977429
7637,1.83272,-1.27091278824514
7638,1.83296,-2.29493213006655
7639,1.8332,-0.925959533924316
7640,1.83344,-1.38320875264181
7641,1.83368,-1.57061925914898
7642,1.83392,-1.66754573065566
7643,1.83416,-1.85370538630266
7644,1.8344,-0.857698494367558
7645,1.83464,-2.14627050979159
7646,1.83488,-1.36003630018963
7647,1.83512,-0.736686642126284
7648,1.83536,-2.2653851104352
7649,1.8356,-0.773816337507824
7650,1.83584,-1.24215586653449
7651,1.83608,-1.80189991263577
7652,1.83632,-1.50834683247677
7653,1.83656,-0.887514737385512
7654,1.8368,-2.15905595337865
7655,1.83704,-1.03210225568534
7656,1.83728,-1.0153585977879
7657,1.83752,-1.68704699622865
7658,1.83776,-0.464188049648504
7659,1.838,-2.00203351340944
7660,1.83824,-0.993357798764061
7661,1.83848,-1.4558918181534
7662,1.83872,-1.75968996769003
7663,1.83896,-0.76764549720902
7664,1.8392,-2.06000458406929
7665,1.83944,-1.04037617793719
7666,1.83968,-1.14457368366371
7667,1.83992,-1.94595851816444
7668,1.84016,-0.469041246019167
7669,1.8404,-1.8907231797634
7670,1.84064,-1.47269858531609
7671,1.84088,-0.967194782629391
7672,1.84112,-1.8960904151281
7673,1.84136,-1.00080024903161
7674,1.8416,-1.34760922617765
7675,1.84184,-1.78624444636708
7676,1.84208,-0.78601085089347
7677,1.84232,-1.37161129325012
7678,1.84256,-2.04065168032141
7679,1.8428,-0.571316617902155
7680,1.84304,-1.86514587359057
7681,1.84328,-1.4509839053736
7682,1.84352,-0.831591647869462
7683,1.84376,-2.10536013593181
7684,1.844,-0.744327232535433
7685,1.84424,-1.79827784409335
7686,1.84448,-1.03366608526303
7687,1.84472,-1.37661047777332
7688,1.84496,-2.16736405649088
7689,1.8452,-0.683727612415349
7690,1.84544,-1.62005044124985
7691,1.84568,-1.56635367656711
7692,1.84592,-1.06563937690064
7693,1.84616,-1.97576633207015
7694,1.8464,-0.503480491657663
7695,1.84664,-2.15047558409579
7696,1.84688,-0.911640745312864
7697,1.84712,-1.13910091507144
7698,1.84736,-2.17106844634595
7699,1.8476,-0.451449287941028
7700,1.84784,-1.75473503659111
7701,1.84808,-1.45661083824823
7702,1.84832,-0.955454821845493
7703,1.84856,-2.23459793275861
7704,1.8488,-0.516986139287302
7705,1.84904,-1.70055295864612
7706,1.84928,-0.936464905497981
7707,1.84952,-1.40114605832447
7708,1.84976,-1.7069991714141
7709,1.85,-0.716920426392387
7710,1.85024,-2.01116068169549
7711,1.85048,-0.993331715702674
7712,1.85072,-1.09925044746616
7713,1.85096,-1.90228254991495
7714,1.8512,-0.426940491327695
7715,1.85144,-1.85012960491144
7716,1.85168,-1.43354635141231
7717,1.85192,-0.929420163377201
7718,1.85216,-1.85963380004524
7719,1.8524,-0.965603002521574
7720,1.85264,-1.31361585893228
7721,1.85288,-1.75340287552105
7722,1.85312,-0.75426889867093
7723,1.85336,-1.34092100899664
7724,1.8536,-1.1725594990259
7725,1.85384,-1.1520953727314
7726,1.85408,-1.71870134908105
7727,1.85432,-1.06872892134001
7728,1.85456,-1.6517979665119
7729,1.8548,-1.48077343679762
7730,1.85504,-0.619777799186277
7731,1.85528,-2.15298354338845
7732,1.85552,-0.553294601864634
7733,1.85576,-1.61878299391043
7734,1.856,-1.44308212015113
7735,1.85624,-0.938413563133195
7736,1.85648,-1.86810763895497
7737,1.85672,-0.973577761172566
7738,1.85696,-1.32111171335364
7739,1.8572,-1.64061599015108
7740,1.85744,-0.411346896526443
7741,1.85768,-1.83110522249356
7742,1.85792,-1.17509517980445
7743,1.85816,-1.15438601731869
7744,1.8584,-1.72075693513605
7745,1.85864,-1.0705570576843
7746,1.85888,-1.2987332596913
7747,1.85912,-1.3764462285865
7748,1.85936,-0.632731554720681
7749,1.8596,-1.80353010399062
7750,1.85984,-1.26948580572442
7751,1.86008,-1.01185579352306
7752,1.86032,-1.81313677736356
7753,1.86056,-1.16939808934552
7754,1.8608,-1.03665144802767
7755,1.86104,-1.59158573674742
7756,1.86128,-0.724345384381433
7757,1.86152,-1.30544516968902
7758,1.86176,-1.37867323162978
7759,1.862,-0.881747887379393
7760,1.86224,-1.92136385495876
7761,1.86248,-0.919915937495203
7762,1.86272,-0.90730949470416
7763,1.86296,-1.70101714405937
7764,1.8632,-0.596675238560242
7765,1.86344,-1.89227799457058
7766,1.86368,-1.11625256600828
7767,1.86392,-1.09794035439429
7768,1.86416,-1.66660344776006
7769,1.8644,-1.01859453242842
7770,1.86464,-1.60218868945041
7771,1.86488,-1.07356322798626
7772,1.86512,-0.816110176652072
7773,1.86536,-1.62405450431416
7774,1.8656,-1.33475308194545
7775,1.86584,-0.839623216387697
7776,1.86608,-1.88095597148546
7777,1.86632,-0.881148611414572
7778,1.86656,-1.21952657862624
7779,1.8668,-1.29505976929216
7780,1.86704,-1.28143557484483
7781,1.86728,-1.84206114794581
7782,1.86752,-1.07699381365315
7783,1.86776,-0.944602500308669
7784,1.868,-2.09946749650567
7785,1.86824,-0.507000024211399
7786,1.86848,-1.68256571983808
7787,1.86872,-1.15973648648353
7788,1.86896,-1.02716689885907
7789,1.8692,-2.06421270141119
7790,1.86944,-0.584354229137223
7791,1.86968,-1.41366301095196
7792,1.86992,-1.6012132668804
7793,1.87016,-0.61903577121739
7794,1.8704,-2.02720181876573
7795,1.87064,-0.667878826820039
7796,1.87088,-1.13527261567024
7797,1.87112,-1.8063537565716
7798,1.87136,-0.336357114264128
7799,1.8716,-1.88055708527854
7800,1.87184,-1.10654455562743
7801,1.87208,-1.09227371149131
7802,1.87232,-1.77084358905995
7803,1.87256,-0.300601470089057
7804,1.8728,-1.60533600244333
7805,1.87304,-1.31124031108289
7806,1.87328,-0.811813252122705
7807,1.87352,-1.74652205018698
7808,1.87376,-0.856788569313363
7809,1.874,-1.56354593935317
7810,1.87424,-1.27683781156473
7811,1.87448,-0.537020012702571
7812,1.87472,-1.83359670063132
7813,1.87496,-1.06070545137351
7814,1.8752,-1.04619541388512
7815,1.87544,-1.49345070342921
7816,1.87568,-1.09019217071465
7817,1.87592,-0.957857714926167
7818,1.87616,-1.51577119048785
7819,1.8764,-0.650466559133851
7820,1.87664,-1.47183914396243
7821,1.87688,-1.30735317088569
7822,1.87712,-0.694072636841455
7823,1.87736,-1.9728363322964
7824,1.8776,-0.616580829664555
7825,1.87784,-1.32350178648567
7826,1.87808,-1.401590877165
7827,1.87832,-1.02820423421244
7828,1.87856,-2.064925627941
7829,1.8788,-0.584754685613628
7830,1.87904,-1.41376423770517
7831,1.87928,-1.60102693314372
7832,1.87952,-0.259532112029881
7833,1.87976,-1.80202830822069
7834,1.88,-0.683582650410484
7835,1.88024,-1.39099108421305
7836,1.88048,-1.57921223102242
7837,1.88072,-0.593790389487774
7838,1.88096,-1.77265302927575
7839,1.8812,-0.881559302290177
7840,1.88144,-1.22972773559649
7841,1.88168,-1.0718843038298
7842,1.88192,-0.814004429254562
7843,1.88216,-1.74359092313724
7844,1.8824,-1.21321881079593
7845,1.88264,-0.957370307258596
7846,1.88288,-1.88151399433947
7847,1.88312,-0.881181907542068
7848,1.88336,-1.10669111060449
7849,1.8836,-1.42757031238299
7850,1.88384,-1.05289029016458
7851,1.88408,-1.85004122413118
7852,1.88432,-0.498930881542702
7853,1.88456,-1.56237269527407
7854,1.8848,-1.03591493211153
7855,1.88504,-0.788124419534029
7856,1.88528,-1.83857808247419
7857,1.88552,-0.364997245367911
7858,1.88576,-1.90574559871994
7859,1.886,-0.777757856164999
7860,1.88624,-1.24796306005949
7861,1.88648,-1.56504023194461
7862,1.88672,-0.814516870891082
7863,1.88696,-1.04240018427267
7864,1.8872,-1.24166568753163
7865,1.88744,-0.986683526517104
7866,1.88768,-1.43703659755295
7867,1.88792,-1.03627697686232
7868,1.88816,-1.13897132160972
7869,1.8884,-1.21736422139017
7870,1.88864,-1.08663959056146
7871,1.88888,-1.76884377450355
7872,1.88912,-0.652089245524712
7873,1.88936,-1.24029009133397
7874,1.8896,-1.19828589926104
7875,1.88984,-0.588569797864729
7876,1.89008,-1.9961351126274
7877,1.89032,-0.401376370263595
7878,1.89056,-1.58874437627159
7879,1.8908,-1.29657810386988
7880,1.89104,-0.440320782262196
7881,1.89128,-1.9767716326871
7882,1.89152,-0.496104030641319
7883,1.89176,-0.974891308160004
7884,1.892,-1.54332375141458
7885,1.89224,-1.25845859358191
7886,1.89248,-0.765848932505831
7887,1.89272,-1.80959311986621
7888,1.89296,-0.812087784996604
7889,1.8932,-1.40158342339243
7890,1.89344,-1.47431445187945
7891,1.89368,-0.732719483256504
7892,1.89392,-1.54343181201409
7893,1.89416,-0.899887586720644
7894,1.8944,-1.13225778488349
7895,1.89464,-1.81929268954513
7896,1.89488,-0.820815520834944
7897,1.89512,-0.811539066621726
7898,1.89536,-1.97008164726698
7899,1.8956,-0.258215349962484
7900,1.89584,-1.56848787079774
7901,1.89608,-1.03826292162071
7902,1.89632,-1.02668393973648
7903,1.89656,-1.47852540106173
7904,1.8968,-1.19724507886385
7905,1.89704,-0.589967894411157
7906,1.89728,-1.88354736927468
7907,1.89752,-0.530087352904491
7908,1.89776,-0.88245151641303
7909,1.898,-1.92626241307259
7910,1.89824,-0.570487371747599
7911,1.89848,-1.28225987751575
7912,1.89872,-1.47465289516488
7913,1.89896,-0.1363082000382
7914,1.8992,-1.67964205529227
7915,1.89944,-0.562467113716306
7916,1.89968,-1.6310278299557
7917,1.89992,-1.22253104060991
7918,1.90016,-0.723944468887398
7919,1.9004,-0.958828350019863
7920,1.90064,-1.76216153788007
7921,1.90088,-0.296219477466278
7922,1.90112,-1.48478489994239
7923,1.90136,-0.847913702192156
7924,1.9016,-0.837244676095638
7925,1.90184,-1.75568228482593
7926,1.90208,-0.292173991974262
7927,1.90232,-1.83735090716191
7928,1.90256,-0.829863461345767
7929,1.9028,-1.17921892841554
7930,1.90304,-1.50570650577015
7931,1.90328,-1.22217970000772
7932,1.90352,-0.969548094471424
7933,1.90376,-1.77232056111042
7934,1.904,-0.30584403072905
7935,1.90424,-1.61285435308708
7936,1.90448,-1.20500346875844
7937,1.90472,-0.467373332484151
7938,1.90496,-1.64399250385788
7939,1.9052,-0.883285684973834
7940,1.90544,-1.35569214968312
7941,1.90568,-1.19685014306184
7942,1.90592,-1.0595796460081
7943,1.90616,-1.50968495093107
7944,1.9064,-0.997589082065979
7945,1.90664,-0.86827666236388
7946,1.90688,-1.66928661210433
7947,1.90712,-0.209785548471951
7948,1.90736,-1.63201432455054
7949,1.9076,-0.868621276514305
7950,1.90784,-0.861460477636314
7951,1.90808,-1.44045664054249
7952,1.90832,-1.03796270408479
7953,1.90856,-0.788829346116991
7954,1.9088,-1.83418298318851
7955,1.90904,-0.367028408287423
7956,1.90928,-1.19889268927634
7957,1.90952,-1.40026303160364
7958,1.90976,-0.425196557634399
7959,1.91,-1.72335670145694
7960,1.91024,-0.728563794186043
7961,1.91048,-0.722810607547521
7962,1.91072,-1.88472171848468
7963,1.91096,-0.180024220670958
7964,1.9112,-1.49362629320005
7965,1.91144,-0.851103264943953
7966,1.91168,-0.840676233295826
7967,1.91192,-1.41432255313124
7968,1.91216,-1.13444369284459
7969,1.9124,-0.644408657400582
7970,1.91264,-1.81445348182559
7971,1.91288,-0.343678536041294
7972,1.91312,-0.940752160734833
7973,1.91336,-1.74792430044115
7974,1.9136,-0.395945853836478
7975,1.91384,-1.46520777284627
7976,1.91408,-1.17768152598113
7977,1.91432,-0.325855938913582
7978,1.91456,-1.87003277816508
7979,1.9148,-0.280840577096591
7980,1.91504,-1.46921254217849
7981,1.91528,-0.944894536243229
7982,1.91552,-0.936774236754653
7983,1.91576,-1.39146522492264
7984,1.916,-0.994837354105748
7985,1.91624,-0.626185133213748
7986,1.91648,-1.79254694860453
7987,1.91672,-0.330880400381186
7988,1.91696,-1.40458953647617
7989,1.9172,-1.1234485866304
7990,1.91744,-0.744136869911694
7991,1.91768,-0.737882589500568
7992,1.91792,-1.54163265883207
7993,1.91816,-0.20541349238935
7994,1.9184,-1.39653111191716
7995,1.91864,-0.875187311870702
7996,1.91888,-0.982861783109329
7997,1.91912,-1.43502649027972
7998,1.91936,-0.925754973158136
7999,1.9196,-0.799144633166889
8000,1.91984,-1.60273971194644
8001,1.92008,-0.145710382285177
8002,1.92032,-1.57030407833328
8003,1.92056,-0.809171988048016
8004,1.9208,-0.681691455487219
8005,1.92104,-1.62105106174102
8006,1.92128,-0.390251743333954
8007,1.92152,-1.22638703477296
8008,1.92176,-1.06705354024464
8009,1.922,-0.57452052362444
8010,1.92224,-1.0443443587065
8011,1.92248,-1.0098021134875
8012,1.92272,-0.766737262121686
8013,1.92296,-1.34322884940326
8014,1.9232,-1.06434567832246
8015,1.92344,-0.459385916110282
8016,1.92368,-1.7577835887927
8017,1.92392,-0.648591589081635
8018,1.92416,-0.886925978395553
8019,1.9244,-1.69606549304897
8020,1.92464,-0.345971704569643
8021,1.92488,-1.18440157113527
8022,1.92512,-1.02979065346174
8023,1.92536,-0.292985712406063
8024,1.9256,-1.24732933915782
8025,1.92584,-1.32572358641735
8026,1.92608,-0.588670258379957
8027,1.92632,-0.819828947308237
8028,1.92656,-1.26507879868556
8029,1.9268,-0.296594816888835
8030,1.92704,-1.60196350111837
8031,1.92728,-0.960846279276394
8032,1.92752,-1.07450919471926
8033,1.92776,-1.28620093571827
8034,1.928,-1.01535259563446
8035,1.92824,-0.530332952377683
8036,1.92848,-1.81940583786741
8037,1.92872,-0.467276598381327
8038,1.92896,-0.942876668687668
8039,1.9292,-1.38391300991132
8040,1.92944,-0.168349017710921
8041,1.92968,-1.47835235108287
8042,1.92992,-0.481237609168425
8043,1.93016,-1.07836377145306
8044,1.9304,-1.28633942337649
8045,1.93064,-0.305958183936
8046,1.93088,-1.2609017977458
8047,1.93112,-0.981690726067264
8048,1.93136,-0.612381049336559
8049,1.9316,-1.08024535547877
8050,1.93184,-0.927509435283565
8051,1.93208,-0.805340909564848
8052,1.93232,-1.49578793910463
8053,1.93256,-0.0355983259152139
8054,1.9328,-1.58570396955597
8055,1.93304,-0.943715124742473
8056,1.93328,-0.330212567267524
8057,1.93352,-1.40338962732793
8058,1.93376,-0.765783240129045
8059,1.934,-0.397934098838455
8060,1.93424,-1.22844589183092
8061,1.93448,-0.714900374383326
8062,1.93472,-0.715661742112606
8063,1.93496,-1.29396951632961
8064,1.9352,-1.01988674821915
8065,1.93544,-0.658720741024321
8066,1.93568,-1.47350618506329
8067,1.93592,-0.729689414571822
8068,1.93616,-0.727855348410332
8069,1.9364,-1.53745140016372
8070,1.93664,-0.317640592321375
8071,1.93688,-0.91495256045038
8072,1.93712,-1.35824663802643
8073,1.93736,-0.143535204662285
8074,1.9376,-1.454352034302
8075,1.93784,-0.814861523498228
8076,1.93808,-0.206802091510032
8077,1.93832,-1.16271669935424
8078,1.93856,-0.88405876381506
8079,1.9388,-0.517851162100956
8080,1.93904,-1.45847569716837
8081,1.93928,-0.588809826930828
8082,1.93952,-0.948658918885382
8083,1.93976,-1.27963431873086
8084,1.94,-0.422149876802273
8085,1.94024,-0.897131473281806
8086,1.94048,-0.864426968207798
8087,1.94072,-0.382613181279162
8088,1.94096,-1.56523759927858
8089,1.9412,-0.817672842261875
8090,1.94144,-0.455866022604661
8091,1.94168,-1.74946709598601
8092,1.94192,-0.0496025372088957
8093,1.94216,-1.36782911028536
8094,1.9424,-0.969367971793465
8095,1.94264,-0.599776878568094
8096,1.94288,-1.06475551515668
8097,1.94312,-0.792056724112611
8098,1.94336,-0.55072263140009
8099,1.9436,-1.72727240873259
8100,1.94384,-0.378634878830325
8101,1.94408,-0.97572117451548
8102,1.94432,-1.29972826019365
8103,1.94456,-0.328738719982296
8104,1.9448,-1.03641317626876
8105,1.94504,-0.881578838557793
8106,1.94528,-0.754011782729419
8107,1.94552,-1.3324530701197
8108,1.94576,-0.705553256612469
8109,1.946,-0.822962406202548
8110,1.94624,-1.15224616351826
8111,1.94648,-0.300426486921466
8112,1.94672,-1.60494926164339
8113,1.94696,-0.375662099681077
8114,1.9472,-0.976742994368927
8115,1.94744,-1.54852714949312
8116,1.94768,-0.323011274278858
8117,1.94792,-1.04041888622762
8118,1.94816,-1.36370130470055
8119,1.9484,-0.624227823194092
8120,1.94864,-0.502784024316221
8121,1.94888,-1.67297261395814
8122,1.94912,-0.211905032829597
8123,1.94936,-0.933268778926155
8124,1.9496,-0.783988599420749
8125,1.94984,-0.660507820926974
8126,1.95008,-1.4790450016437
8127,1.95032,-0.490029120206978
8128,1.95056,-0.737044555365608
8129,1.9508,-1.1957749496244
8130,1.95104,-0.929354684829058
8131,1.95128,-0.447278562449677
8132,1.95152,-1.50127250309906
8133,1.95176,-0.278517794602499
8134,1.952,-0.643992081965559
8135,1.95224,-1.58390916093577
8136,1.95248,-0.593735296023176
8137,1.95272,-0.951956830330652
8138,1.95296,-1.0387981829786
8139,1.9532,-0.552950273772964
8140,1.95344,-0.897607069910026
8141,1.95368,-0.871062399549009
8142,1.95392,-0.629823325610556
8143,1.95416,-1.32583271370765
8144,1.9544,-0.587796004131156
8145,1.95464,-0.467726322998577
8146,1.95488,-1.63922884536527
8147,1.95512,-0.179416782581761
8148,1.95536,-0.901981217383765
8149,1.9556,-1.23405031854105
8150,1.95584,-0.145696039376618
8151,1.95608,-1.45925377657332
8152,1.95632,-0.704766394015699
8153,1.95656,-0.220670050007971
8154,1.9568,-1.17186621774922
8155,1.95704,-0.546727746018537
8156,1.95728,-0.905516930988239
8157,1.95752,-1.23433621002893
8158,1.95776,-0.500157725110594
8159,1.958,-0.503612571817121
8160,1.95824,-1.43854354417437
8161,1.95848,-0.0997631901780764
8162,1.95872,-1.41437903236534
8163,1.95896,-0.540562510149235
8164,1.9592,-0.779452244595993
8165,1.95944,-1.36025215220327
8166,1.95968,-0.376065375582419
8167,1.95992,-0.978825850370973
8168,1.96016,-0.950872000837713
8169,1.9604,-0.579321005764942
8170,1.96064,-0.811423862731522
8171,1.96088,-0.904660250743
8172,1.96112,-0.546742825222911
8173,1.96136,-1.36549193169273
8174,1.9616,-0.0284708423367337
8175,1.96184,-1.3434304425369
8176,1.96208,-0.832138433633219
8177,1.96232,-0.228100136543162
8178,1.96256,-1.41754099891898
8179,1.9628,-0.548382590565721
8180,1.96304,-0.55047320127544
8181,1.96328,-1.24612812021078
8182,1.96352,-0.511228034415502
8183,1.96376,-0.753236838646171
8184,1.964,-1.44832709562079
8185,1.96424,-0.226575002180444
8186,1.96448,-0.707923745624316
8187,1.96472,-1.27773928104686
8188,1.96496,0.0555811920216436
8189,1.9652,-1.26291679245975
8190,1.96544,-0.630742139003137
8191,1.96568,-0.26764903263529
8192,1.96592,-1.10271039308089
8193,1.96616,-0.240153747899626
8194,1.9664,-1.08124778108974
8195,1.96664,-0.930177023259393
8196,1.96688,-0.442032085077025
8197,1.96712,-0.80191499400373
8198,1.96736,-1.01286545147133
8199,1.9676,-0.286201027970101
8200,1.96784,-1.11604286539289
8201,1.96808,-0.728208112854918
8202,1.96832,-0.490589638222567
8203,1.96856,-1.31585779257426
8204,1.9688,-0.333278082393738
8205,1.96904,-1.05522080271831
8206,1.96928,-0.787465248887419
8207,1.96952,-0.423534863358401
8208,1.96976,-1.01332363671913
8209,1.97,-0.865200174881705
8210,1.97024,-0.264617990088514
8211,1.97048,-1.32933062419682
8212,1.97072,0.00644461598564061
8213,1.97096,-1.19688792664715
8214,1.9712,-0.807438994697441
8215,1.97144,-0.199426914301648
8216,1.97168,-0.800640901587422
8217,1.97192,-1.01147682450636
8218,1.97216,-0.406301731101005
8219,1.9724,-0.640748760990943
8220,1.97264,-0.857356943440568
8221,1.97288,-0.379461263036771
8222,1.97312,-1.32316228553491
8223,1.97336,-0.340100505489767
8224,1.9736,-0.94482525277548
8225,1.97384,-0.923087314728595
8226,1.97408,-0.546975141691678
8227,1.97432,-0.550425436998115
8228,1.97456,-1.24566689097809
8229,1.9748,-0.510373504989738
8230,1.97504,-0.629095221408747
8231,1.97528,-1.20461676868947
8232,1.97552,0.120268990710811
8233,1.97576,-1.4350874657253
8234,1.976,-0.328888979741557
8235,1.97624,-0.694845015875635
8236,1.97648,-1.15751756093149
8237,1.97672,-0.533583450037431
8238,1.97696,-0.780303886613203
8239,1.9772,-0.875859799627303
8240,1.97744,-0.268136324438625
8241,1.97768,-0.507971717665482
8242,1.97792,-1.20243160763445
8243,1.97816,0.00133325285117492
8244,1.9784,-1.31040101879357
8245,1.97864,-0.683190610159049
8246,1.97888,-0.443208526270215
8247,1.97912,-1.39088751478073
8248,1.97936,-0.406825002294528
8249,1.9796,-0.77089070388961
8250,1.97984,-1.10476100704104
8251,1.98008,-0.375415617578459
8252,1.98032,-0.73511525141245
8253,1.98056,-0.952051256232222
8254,1.9808,-0.233543819167695
8255,1.98104,-1.4190482810728
8256,1.98128,-0.198806168417226
8257,1.98152,-0.804602390428182
8258,1.98176,-1.14341449526288
8259,1.982,-0.0471295003143255
8260,1.98224,-0.893038748331967
8261,1.98248,-0.990048709540735
8262,1.98272,-0.0193597291376881
8263,1.98296,-0.984913552897949
8264,1.9832,-0.716251116536506
8265,1.98344,-0.349255155504065
8266,1.98368,-0.828023527397505
8267,1.98392,-0.682147713953165
8268,1.98416,-0.683022550361892
8269,1.9844,-0.674043040209998
8270,1.98464,-0.653040045374274
8271,1.98488,-0.416257862391871
8272,1.98512,-1.35704600893542
8273,1.98536,-0.0182053651208107
8274,1.9856,-0.985062339160189
8275,1.98584,-0.481893890662861
8276,1.98608,-0.605157291515349
8277,1.98632,-1.07270313668161
8278,1.98656,-0.448174412110055
8279,1.9868,-0.693942210039641
8280,1.98704,-0.795508742396953
8281,1.98728,-0.542594980352217
8282,1.98752,-0.426315622472321
8283,1.98776,-1.00323606566635
8284,1.988,0.0784778219869517
8285,1.98824,-1.24016926121291
8286,1.98848,-0.61166073602211
8287,1.98872,-0.130009610726129
8288,1.98896,-0.971527839963028
8289,1.9892,-0.702818880059641
8290,1.98944,-0.583212946351578
8291,1.98968,-0.817587817011641
8292,1.98992,-0.797552541764932
8293,1.99016,-0.203041029546948
8294,1.9904,-1.38607262264066
8295,1.99064,-0.0457696762036022
8296,1.99088,-0.891414941925997
8297,1.99112,-0.871821597313307
8298,1.99136,-0.139960140330404
8299,1.9916,-0.745707838287251
8300,1.99184,-0.962068475446643
8301,1.99208,-0.235867274024921
8302,1.99232,-0.713590189223203
8303,1.99256,-1.04999905708538
8304,1.9928,-0.0911052390469493
8305,1.99304,-1.16518661820902
8306,1.99328,-0.41908742219594
8307,1.99352,-0.662860863178667
8308,1.99376,-1.12761385838095
8309,1.994,-0.507869794460418
8310,1.99424,-0.634334261925541
8311,1.99448,-1.09253809774088
8312,1.99472,-0.122199253970796
8313,1.99496,-0.604812616798313
8314,1.9952,-1.0668962518077
8315,1.99544,0.1398724344108
8316,1.99568,-0.946764161980653
8317,1.99592,-0.679289940150202
8318,1.99616,-0.438473880439403
8319,1.9964,-0.674959857541447
8320,1.99664,-0.772825653066334
8321,1.99688,-0.297752205901495
8322,1.99712,-1.00971167573776
8323,1.99736,-0.507317968803361
8324,1.9976,-0.511756456614008
8325,1.99784,-1.21651560990713
8326,1.99808,-0.238921170791665
8327,1.99832,-0.847091416933401
8328,1.99856,-0.823531493212508
8329,1.9988,-0.21859638116518
8330,1.99904,-0.459801067431372
8331,1.99928,-0.921124516326769
8332,1.99952,0.0367455452225558
8333,1.99976,-1.28314710003789
8334,2,-0.182673260687088
8335,2.00024,-0.671286300267553
8336,2.00048,-1.13502461728123
8337,2.00072,-0.15735857899911
8338,2.00096,-0.885769117569719
8339,2.0012,-0.386303677292596
8340,2.00144,-0.511859108775807
8341,2.00168,-0.744952620219144
8342,2.00192,-0.60340848402479
8343,2.00216,-0.370375861533399
8344,2.0024,-0.957799777574289
8345,2.00264,-0.465396827669388
8346,2.00288,-0.233433806440747
8347,2.00312,-1.05908671413016
8348,2.00336,0.145012019664533
8349,2.0036,-1.17596009889397
8350,2.00384,-0.310013512958367
8351,2.00408,-0.194316626972555
8352,2.00432,-0.791488496249431
8353,2.00456,-0.413809789188298
8354,2.0048,-0.544014304241973
8355,2.00504,-0.648823581275515
8356,2.00528,-0.408993696304705
8357,2.00552,-0.646421777873117
8358,2.00576,-0.745184103984766
8359,2.006,-0.151126537246096
8360,2.00624,-1.22295477789561
8361,2.00648,-0.126639090578336
8362,2.00672,-0.497144040878581
8363,2.00696,-1.08803863380795
8364,2.0072,-0.23334493388261
8365,2.00744,-0.841420204535506
8366,2.00768,-0.578096174398235
8367,2.00792,-0.455864458060462
8368,2.00816,-0.45543023541281
8369,2.0084,-0.795890612936693
8370,2.00864,-0.0806172841744284
8371,2.00888,-0.801575922127514
8372,2.00912,-0.424542810655027
8373,2.00936,-0.432135165168797
8374,2.0096,-1.01875822995792
8375,2.00984,-0.403155877761252
8376,2.01008,-0.654322471102309
8377,2.01032,-0.757642071630928
8378,2.01056,-0.155124882527604
8379,2.0108,-0.398644493236277
8380,2.01104,-0.743726598074609
8381,2.01128,-0.27105858847422
8382,2.01152,-1.096461883465
8383,2.01176,-0.125302251540055
8384,2.012,-0.732212983636072
8385,2.01224,-0.714867392198963
8386,2.01248,-0.1119613594355
8387,2.01272,-0.479306754294601
8388,2.01296,-0.82108368881518
8389,2.0132,0.0183244734586738
8390,2.01344,-0.823064971324437
8391,2.01368,-0.563027069893533
8392,2.01392,0.15017712271594
8393,2.01416,-1.16669248458468
8394,2.0144,-0.0672320231490418
8395,2.01464,-0.438349283042696
8396,2.01488,-1.0314957195295
8397,2.01512,-0.178943770820768
8398,2.01536,-0.311910496347467
8399,2.0156,-0.779807381915658
8400,2.01584,-0.180450947945487
8401,2.01608,-0.775611883234768
8402,2.01632,-0.756307219000744
8403,2.01656,-0.0406802963532529
8404,2.0168,-1.11864975184373
8405,2.01704,-0.259962961339965
8406,2.01728,-0.270511376468665
8407,2.01752,-0.870852511096571
8408,2.01776,-0.255226344185843
8409,2.018,-0.628851318669499
8410,2.01824,-0.612233511954468
8411,2.01848,-0.368263238955064
8412,2.01872,-0.375573013758259
8413,2.01896,-0.837149693215859
8414,2.0192,0.00319793322784023
8415,2.01944,-0.720987077816159
8416,2.01968,-0.464228021832237
8417,2.01992,-0.111512616538407
8418,2.02016,-1.30517869580332
8419,2.0204,-0.0888161104030398
8420,2.02064,-0.580714329735046
8421,2.02088,-0.927762300511271
8422,2.02112,-0.19274671294175
8423,2.02136,-0.448301520618323
8424,2.0216,-0.799787958190157
8425,2.02184,-0.666866676594091
8426,2.02208,-0.0768128947580136
8427,2.02232,-1.27105744208844
8428,2.02256,0.296411156204966
8429,2.0228,-0.794246878286417
8430,2.02304,-0.655277826180346
8431,2.02328,0.182565380380604
8432,2.02352,-1.02376790651866
8433,2.02376,-0.402865830095888
8434,2.024,-0.407442793454876
8435,2.02424,-0.408480132992956
8436,2.02448,-0.632728752141012
8437,2.02472,-0.0428640507539639
8438,2.02496,-0.881136936825073
8439,2.0252,-0.388552522833546
8440,2.02544,-0.0396936101044256
8441,2.02568,-1.10864228140402
8442,2.02592,0.213967235273811
8443,2.02616,-0.750936715655117
8444,2.0264,-0.496097484391035
8445,2.02664,-0.263780750072019
8446,2.02688,-0.86405347634094
8447,2.02712,-0.133789581037995
8448,2.02736,-0.745417579514982
8449,2.0276,-0.367431250647401
8450,2.02784,-0.496244287748115
8451,2.02808,-0.49327800180115
8452,2.02832,-0.48150453408466
8453,2.02856,-0.0125852148630008
8454,2.0288,-0.966238759066962
8455,2.02904,0.114973640679889
8456,2.02928,-0.730003756789598
8457,2.02952,-0.712177572150067
8458,2.02976,0.241271056937707
8459,2.03,-1.07940457251022
8460,2.03024,-0.221461673204893
8461,2.03048,-0.475019966630093
8462,2.03072,-0.473321209406772
8463,2.03096,-0.461877504626483
8464,2.0312,-0.115322980766562
8465,2.03144,-0.830365404900284
8466,2.03168,-0.227320653509959
8467,2.03192,-0.356198880574235
8468,2.03216,-0.821578269586103
8469,2.0324,0.0151247761329065
8470,2.03264,-0.587890652556582
8471,2.03288,-0.693292359661844
8472,2.03312,0.140498294564931
8473,2.03336,-0.94470381552218
8474,2.0336,-0.209688959994539
8475,2.03384,-0.342952540255847
8476,2.03408,-0.823587885539906
8477,2.03432,-0.0934748109607138
8478,2.03456,-0.710100337388848
8479,2.0348,-0.577729953982621
8480,2.03504,-0.336780762061721
8481,2.03528,-0.228484874214386
8482,2.03552,-1.05573088089525
8483,2.03576,0.26846238790549
8484,2.036,-0.704128335491159
8485,2.03624,-0.451721144342617
8486,2.03648,-0.212715900379913
8487,2.03672,-0.345075895226371
8488,2.03696,-0.573247831918876
8489,2.0372,-0.102716621198043
8490,2.03744,-0.584485326510251
8491,2.03768,-0.456410175523259
8492,2.03792,-0.230043018119869
8493,2.03816,-0.943344886096813
8494,2.0384,-0.0980562263185001
8495,2.03864,-0.231894057987469
8496,2.03888,-0.947688906275957
8497,2.03912,0.0229053246364039
8498,2.03936,-0.593362103428291
8499,2.0396,-0.342560342595467
8500,2.03984,-0.10466470181104
8501,2.04008,-0.59104355635597
8502,2.04032,-0.21625197990346
8503,2.04056,-0.351959079068692
8504,2.0408,-0.58614537530147
8505,2.04104,-0.339344215056227
8506,2.04128,0.00627598600122736
8507,2.04152,-1.07275620950043
8508,2.04176,0.255479071573293
8509,2.042,-0.483241239902634
8510,2.04224,-0.837618066789012
8511,2.04248,0.128738575070062
8512,2.04272,-0.846223277768557
8513,2.04296,-0.352112271149414
8514,2.0432,9.64199463580062e-05
8515,2.04344,-0.965715530670023
8516,2.04368,0.00896479658768934
8517,2.04392,-0.366083736907888
8518,2.04416,-0.367277188067402
8519,2.0444,-0.476660316703124
8520,2.04464,-0.0112951431512265
8521,2.04488,-0.733848522300654
8522,2.04512,-0.482565495856461
8523,2.04536,0.105979395168492
8524,2.0456,-1.0892190589002
8525,2.04584,0.232907203610705
8526,2.04608,-0.496726941133444
8527,2.04632,-0.723615934840153
8528,2.04656,0.111150484579173
8529,2.0468,-0.859344743248531
8530,2.04704,-0.2446639523544
8531,2.04728,-0.255190478697675
8532,2.04752,-0.262367775437125
8533,2.04776,-0.733865933474353
8534,2.048,0.337153349856981
8535,2.04824,-0.756004599064297
8536,2.04848,-0.142261744448449
8537,2.04872,-0.274804844278834
8538,2.04896,-0.754281470875294
8539,2.0492,-0.0265771573022824
8540,2.04944,-0.642011542061167
8541,2.04968,-0.512000143153713
8542,2.04992,-0.0323250396049688
8543,2.05016,-0.286174568872528
8544,2.0504,-0.757319691752875
8545,2.05064,0.200640558467206
8546,2.05088,-0.414992000111645
8547,2.05112,-0.768049261114998
8548,2.05136,0.195657182013816
8549,2.0516,-0.661114559752757
8550,2.05184,-0.169420102963008
8551,2.05208,-0.17952648927394
8552,2.05232,-0.425076821473719
8553,2.05256,-0.296760108048008
8554,2.0528,-0.312524778954083
8555,2.05304,-0.547929012169785
8556,2.05328,-0.304912355830131
8557,2.05352,0.0392985179091638
8558,2.05376,-1.0380640188532
8559,2.054,0.166264747465253
8560,2.05424,-0.331843255840698
8561,2.05448,-0.808208417708364
8562,2.05472,0.157374542579305
8563,2.05496,-0.578665640061266
8564,2.0552,-0.0904621498427542
8565,2.05544,-0.222792166545303
8566,2.05568,-0.703824491249139
8567,2.05592,-0.215545621541168
8568,2.05616,-0.352332729641706
8569,2.0564,-0.706598801087318
8570,2.05664,-0.224275460103127
8571,2.05688,0.000219381064640922
8572,2.05712,-0.958088574061221
8573,2.05736,0.366218078926589
8574,2.0576,-0.493006595750211
8575,2.05784,-0.607119762304689
8576,2.05808,0.34985139683425
8577,2.05832,-0.865438484524613
8578,2.05856,-0.0173834023527881
8579,2.0588,-0.152756956853312
8580,2.05904,-0.636699660126041
8581,2.05928,0.0862988407536456
8582,2.05952,-0.533639151466122
8583,2.05976,-0.528207898715232
8584,2.06,-0.285778092504332
8585,2.06024,0.0578699195139944
8586,2.06048,-1.02003304360966
8587,2.06072,0.183777849096123
8588,2.06096,-0.31482689830712
8589,2.0612,-0.789957797817128
8590,2.06144,0.527193894838219
8591,2.06168,-0.68740997310866
8592,2.06192,0.0410396711780348
8593,2.06216,-0.215678704146497
8594,2.0624,-0.817928053787884
8595,2.06264,0.265627765180202
8596,2.06288,-0.473974036802801
8597,2.06312,-0.46969445047777
8598,2.06336,0.00868437650903542
8599,2.0636,-0.130514857679017
8600,2.06384,-0.727273025518505
8601,2.06408,0.110083912297822
8602,2.06432,-0.148089875933682
8603,2.06456,-0.746664556673205
8604,2.0648,0.216648537983723
8605,2.06504,-0.521562024362292
8606,2.06528,-0.153495612490603
8607,2.06552,-0.0434668290511794
8608,2.06576,-0.531890610363999
8609,2.066,-0.0453935627584008
8610,2.06624,-0.424510812257086
8611,2.06648,-0.664087749703072
8612,2.06672,0.175870183896618
8613,2.06696,-0.32432281772952
8614,2.0672,-0.559540417672652
8615,2.06744,-0.0827516850782012
8616,2.06768,0.019703747117505
8617,2.06792,-0.93901214551005
8618,2.06816,0.38490432604265
8619,2.0684,-0.352213328115142
8620,2.06864,-0.706470151446926
8621,2.06888,0.487531653005948
8622,2.06912,-0.962949982842968
8623,2.06936,0.122865615687676
8624,2.0696,-0.255165808645256
8625,2.06984,-0.855390527380599
8626,2.07008,0.34556699598323
8627,2.07032,-0.51441590857386
8628,2.07056,-0.389545284683259
8629,2.0708,-0.15227277560236
8630,2.07104,0.0696993257938383
8631,2.07128,-0.888438468570663
8632,2.07152,0.310107511846332
8633,2.07176,-0.309425415224351
8634,2.072,-0.546379850693134
8635,2.07224,0.0551387580974898
8636,2.07248,-0.562858739130804
8637,2.07272,-0.195727277050836
8638,2.07296,0.0362850954945489
8639,2.0732,-0.458390118460201
8640,2.07344,-0.0915363399134388
8641,2.07368,-0.350270081251073
8642,2.07392,-0.592761599427824
8643,2.07416,0.128949127167169
8644,2.0744,-0.492221027936105
8645,2.07464,-0.36902640461101
8646,2.07488,0.105457676616141
8647,2.07512,-0.153359124068322
8648,2.07536,-0.629256692623142
8649,2.0756,0.204322425426051
8650,2.07584,-0.172928261976727
8651,2.07608,-0.531173523197852
8652,2.07632,0.423257495408048
8653,2.07656,-0.55480010590571
8654,2.0768,-0.188282764974307
8655,2.07704,0.0435793634357127
8656,2.07728,-0.451239191884907
8657,2.07752,0.03491940790213
8658,2.07776,-0.102375652854562
8659,2.078,-0.467883134088011
8660,2.07824,0.0101830614100082
8661,2.07848,-0.369440628140802
8662,2.07872,-0.244040902816159
8663,2.07896,0.105346650067592
8664,2.0792,-0.26918148599819
8665,2.07944,-0.262769636974745
8666,2.07968,0.0779040807385829
8667,2.07992,-0.294110108999642
8668,2.08016,-0.410359371270914
8669,2.0804,0.41305548945511
8670,2.08064,-0.556553180173945
8671,2.08088,-0.0740084757993433
8672,2.08112,0.146144765400981
8673,2.08136,-0.820099298593171
8674,2.0816,0.137517625930938
8675,2.08184,-0.00131631167472546
8676,2.08208,-0.481850400033701
8677,2.08232,0.465039138797306
8678,2.08256,-0.511986283939417
8679,2.0828,-0.148949330773969
8680,2.08304,0.191744155850848
8681,2.08328,-0.540668604100752
8682,2.08352,0.0654986991217865
8683,2.08376,-0.198353625434819
8684,2.084,-0.20650448785496
8685,2.08424,-0.561303520997902
8686,2.08448,0.381314558414358
8687,2.08472,-0.709650546602416
8688,2.08496,0.0168112273749221
8689,2.0852,-0.0017114564119427
8690,2.08544,-0.609699998168268
8691,2.08568,0.232642329353965
8692,2.08592,-0.268854268605986
8693,2.08616,-0.510922096102831
8694,2.0864,0.443039649081306
8695,2.08664,-0.657513366654391
8696,2.08688,-0.0543492993589787
8697,2.08712,0.167342860546631
8698,2.08736,-0.803925328952056
8699,2.0876,0.155902337120511
8700,2.08784,-0.106422098681472
8701,2.08808,-0.471369541514944
8702,2.08832,0.245647129140548
8703,2.08856,-0.378281816387463
8704,2.0888,-0.258573090689222
8705,2.08904,-0.0262393996243711
8706,2.08928,-0.047363351875414
8707,2.08952,-0.527286073202524
8708,2.08976,0.30244166805202
8709,2.09,0.0435345376760483
8710,2.09024,-0.555865007762595
8711,2.09048,0.389349389535333
8712,2.09072,-0.463316423703822
8713,2.09096,-0.105575731019256
8714,2.0912,0.234482012713465
8715,2.09144,-0.853273700483286
8716,2.09168,0.460503424392267
8717,2.09192,-0.161227293097671
8718,2.09216,-0.402561336195927
8719,2.0924,0.540869821998369
8720,2.09264,-0.436862058393143
8721,2.09288,-0.0766523894765698
8722,2.09312,0.382487963274181
8723,2.09336,-0.710764104523885
8724,2.0936,0.371660858906632
8725,2.09384,-0.0126649502292566
8726,2.09408,-0.381431052640362
8727,2.09432,-0.0179410872717916
8728,2.09456,-0.281567206657344
8729,2.0948,-0.283892498364697
8730,2.09504,-0.0471156267521828
8731,2.09528,-0.0661959248018282
8732,2.09552,-0.184678560990562
8733,2.09576,0.161127600119887
8734,2.096,-0.213357953202458
8735,2.09624,-0.334233413941631
8736,2.09648,0.124935283606273
8737,2.09672,-0.360812356504139
8738,2.09696,-0.127566175913537
8739,2.0972,0.210751453764359
8740,2.09744,-0.3915856174839
8741,2.09768,0.075708541073052
8742,2.09792,0.0566525909267956
8743,2.09816,-0.663186358872773
8744,2.0984,0.402942759368894
8745,2.09864,-0.335386463325721
8746,2.09888,-0.213258192389072
8747,2.09912,0.369230525061978
8748,2.09936,-0.607708878885199
8749,2.0996,0.115838753914562
8750,2.09984,-0.0257928954910405
8751,2.10008,-0.277825068150995
8752,2.10032,0.0814137342830281
8753,2.10056,-0.182810072290672
8754,2.1008,-0.189173197026945
8755,2.10104,0.043737280395677
8756,2.10128,-0.100232330792593
8757,2.10152,-0.100645772018488
8758,2.10176,0.241759635145939
8759,2.102,0.103665567968046
8760,2.10224,-0.25953087444029
8761,2.10248,0.437629754886258
8762,2.10272,-0.414004398399005
8763,2.10296,0.179141761125507
8764,2.1032,0.0359305494544848
8765,2.10344,-0.569003232353224
8766,2.10368,0.621347528783435
8767,2.10392,-0.362917734309257
8768,2.10416,-0.122529740719381
8769,2.1044,0.342484573891298
8770,2.10464,-0.279231466770311
8771,2.10488,0.0812335638250428
8772,2.10512,0.0602739993819729
8773,2.10536,-0.195275380771909
8774,2.1056,0.0438441199518906
8775,2.10584,-0.10045508214335
8776,2.10608,-0.110173334867139
8777,2.10632,0.00406681934009967
8778,2.10656,-0.0207582334692602
8779,2.1068,-0.14289908810424
8780,2.10704,0.20157600506162
8781,2.10728,0.180925792155866
8782,2.10752,-0.30259076536978
8783,2.10776,0.515616634653652
8784,2.108,-0.339178422271952
8785,2.10824,-0.105482476099708
8786,2.10848,0.350397836780325
8787,2.10872,-0.620506795558517
8788,2.10896,0.210204511085293
8789,2.1092,0.0659013296197066
8790,2.10944,-0.66034691077811
8791,2.10968,0.525972186571124
8792,2.10992,-0.216800292758521
8793,2.11016,-0.339886354745137
8794,2.1104,0.601133235562092
8795,2.11064,-0.497852447711962
8796,2.11088,-0.0191629116698764
8797,2.11112,0.0791774556756619
8798,2.11136,-0.531215695467149
8799,2.1116,0.424292905412504
8800,2.11184,-0.201615396537229
8801,2.11208,-0.206273724733558
8802,2.11232,0.382150591369517
8803,2.11256,-0.362531410352754
8804,2.1128,0.115651689591849
8805,2.11304,0.2159951055894
8806,2.11328,-0.283478748351417
8807,2.11352,0.0740116947788774
8808,2.11376,0.169689170697722
8809,2.114,0.034827159831853
8810,2.11424,-0.212018007317418
8811,2.11448,0.483594307003681
8812,2.11472,-0.36951925993437
8813,2.11496,0.101074355006298
8814,2.1152,0.195721880988484
8815,2.11544,-0.536782192293484
8816,2.11568,0.533311528898434
8817,2.11592,-0.215247073225263
8818,2.11616,-0.101469478252429
8819,2.1164,0.48389300407779
8820,2.11664,-0.143904642948508
8821,2.11688,-0.145633013874257
8822,2.11712,0.0795511856369411
8823,2.11736,0.0550408331247558
8824,2.1176,-0.067722744679239
8825,2.11784,0.154104119493601
8826,2.11808,0.13339591024786
8827,2.11832,-0.113588487566419
8828,2.11856,0.0994374292261022
8829,2.1188,-0.271843549762519
8830,2.11904,-0.159146010519686
8831,2.11928,0.174942259011459
8832,2.11952,-0.552560121066561
8833,2.11976,0.0403715401154563
8834,2.12,0.374517392112575
8835,2.12024,-0.714181610436336
8836,2.12048,0.239216962955429
8837,2.12072,0.0958980389561348
8838,2.12096,-0.391055881653244
8839,2.1212,0.556160410838847
8840,2.12144,-0.186104337156241
8841,2.12168,-0.0694747278019092
8842,2.12192,0.511268545464489
8843,2.12216,-0.467362385732013
8844,2.1224,0.25018461914179
8845,2.12264,0.22532890622166
8846,2.12288,-0.627956828514236
8847,2.12312,0.446476009966865
8848,2.12336,-0.0613773938423221
8849,2.1236,-0.190573296317333
8850,2.12384,0.158016099589913
8851,2.12408,0.131661950966468
8852,2.12432,-0.115272074996932
8853,2.12456,0.228775358026445
8854,2.1248,0.203749536255306
8855,2.12504,-0.404954474728051
8856,2.12528,0.657677916527144
8857,2.12552,-0.208246328268692
8858,2.12576,0.0258590083940036
8859,2.126,0.365120752866641
8860,2.12624,-0.259245110919647
8861,2.12648,0.336573692316885
8862,2.12672,0.0697243290606743
8863,2.12696,0.170723522806763
8864,2.1272,0.0431932788401941
8865,2.12744,0.375286523158608
8866,2.12768,-0.240745235501908
8867,2.12792,-0.0104766695982164
8868,2.12816,0.442125161620913
8869,2.1284,-0.531916677512306
8870,2.12864,0.295796906299724
8871,2.12888,0.270655413467449
8872,2.12912,-0.458898852256775
8873,2.12936,0.479865992712261
8874,2.1296,-0.260465874891663
8875,2.12984,0.0936727105063433
8876,2.13008,0.426711903862117
8877,2.13032,-0.551381195381794
8878,2.13056,0.640306425692793
8879,2.1308,-0.22641147540693
8880,2.13104,0.00920553072555541
8881,2.13128,0.47318334765666
8882,2.13152,-0.390088157232447
8883,2.13176,0.32363341375451
8884,2.132,0.29599307259677
8885,2.13224,-0.322912560556282
8886,2.13248,0.392663085472847
8887,2.13272,0.123240242101512
8888,2.13296,-0.13340820766897
8889,2.1332,0.220986147380118
8890,2.13344,-0.166826758463779
8891,2.13368,0.0628571813171588
8892,2.13392,0.0465906931657918
8893,2.13416,0.257809973903572
8894,2.1344,-0.352807617300168
8895,2.13464,0.354994168942719
8896,2.13488,0.209015865305091
8897,2.13512,-0.400349863486382
8898,2.13536,0.663375546200991
8899,2.1356,-0.0811693844248933
8900,2.13584,-0.0883491470110582
8901,2.13608,0.490798275918781
8902,2.13632,-0.373438203889441
8903,2.13656,0.341545684862503
8904,2.1368,0.0749403037786316
8905,2.13704,-0.0634775476893628
8906,2.13728,0.0484096533074405
8907,2.13752,0.380743867431779
8908,2.13776,-0.116078198634689
8909,2.138,0.112717950138753
8910,2.13824,0.325948734602852
8911,2.13848,-0.531017486833792
8912,2.13872,0.539895311223918
8913,2.13896,-0.0911777980174862
8914,2.1392,0.0156517607645905
8915,2.13944,0.00169304381342217
8916,2.13968,0.453451905145015
8917,2.13992,-0.279149644838573
8918,2.14016,0.425707891243812
8919,2.1404,0.156608911242614
8920,2.14064,-0.216193482422592
8921,2.14088,0.48856418444788
8922,2.14112,-0.0220104828820813
8923,2.14136,-0.0314261506625286
8924,2.1416,0.309742527068472
8925,2.14184,0.281963745361108
8926,2.14208,-0.330252418214097
8927,2.14232,0.732512832101988
8928,2.14256,-0.137193261354926
8929,2.1428,0.214463652088623
8930,2.14304,0.192021992028746
8931,2.14328,0.165120003930268
8932,2.14352,-0.0842209876337849
8933,2.14376,0.612316729713277
8934,2.144,0.107883049354683
8935,2.14424,-0.0230414376241583
8936,2.14448,0.672606269867848
8937,2.14472,-0.312028442739211
8938,2.14496,0.399774966424331
8939,2.1452,0.249994659107104
8940,2.14544,-0.00985597043854614
8941,2.14568,0.100079766377021
8942,2.14592,0.189129923343462
8943,2.14616,0.0531187410190075
8944,2.1464,0.0387286024767577
8945,2.14664,0.489159791757131
8946,2.14688,-0.486989334670302
8947,2.14712,0.457721151891574
8948,2.14736,0.187540755939979
8949,2.1476,-0.186294913052132
8950,2.14784,0.517477369730317
8951,2.14808,-0.234133190230176
8952,2.14832,0.236618827668752
8953,2.14856,0.213024996857157
8954,2.1488,0.185455847983282
8955,2.14904,0.175137440470191
8956,2.14928,0.387834074521488
8957,2.14952,0.124789215024893
8958,2.14976,-0.00662191230693865
8959,2.15,0.687282136068687
8960,2.15024,-0.297741154629358
8961,2.15048,0.291209040459033
8962,2.15072,0.381737189653007
8963,2.15096,-0.238314000680391
8964,2.1512,0.590763630795687
8965,2.15144,-0.0419584951051817
8966,2.15168,0.0632942088426114
8967,2.15192,0.286202061892325
8968,2.15216,0.0145567140966161
8969,2.1524,0.00404654918575775
8970,2.15264,0.222143311318043
8971,2.15288,0.434009215425139
8972,2.15312,-0.0579913386000555
8973,2.15336,0.637833248755239
8974,2.1536,0.250763607462347
8975,2.15384,-0.122510480616338
8976,2.15408,0.814500058834612
8977,2.15432,0.303008078126998
8978,2.15456,-0.191450247953377
8979,2.1548,0.748590961042857
8980,2.15504,-0.000539535631950638
8981,2.15528,-0.0129558687964411
8982,2.15552,0.680143613143325
8983,2.15576,-0.181442098945854
8984,2.156,0.281506822454304
8985,2.15624,0.489543289212214
8986,2.15648,-0.490093527730789
8987,2.15672,0.454322337466734
8988,2.15696,0.421772764098361
8989,2.1572,-0.315236408680301
8990,2.15744,0.622026156214888
8991,2.15768,0.112503140997607
8992,2.15792,0.099268152184351
8993,2.15816,0.794121484569743
8994,2.1584,-0.195190491144163
8995,2.15864,0.272469435308212
8996,2.15888,0.482272457070287
8997,2.15912,-0.141791311744385
8998,2.15936,0.567126412075398
8999,2.1596,0.173274894628009
9000,2.15984,0.0354958249009354
9001,2.16008,0.614260224743865
9002,2.16032,0.0990794260288055
9003,2.16056,0.204653334596353
9004,2.1608,0.422663648989466
9005,2.16104,0.0322289328962986
9006,2.16128,0.499718338184434
9007,2.16152,0.227348178156595
9008,2.16176,0.44024873528635
9009,2.162,-0.0564824978593803
9010,2.16224,0.634078359718423
9011,2.16248,-0.347678424178561
9012,2.16272,0.476206075617193
9013,2.16296,0.323111376587193
9014,2.1632,-0.175744991115543
9015,2.16344,0.764000579653285
9016,2.16368,0.0110633494578851
9017,2.16392,0.238278108010618
9018,2.16416,0.693786019459912
9019,2.1644,-0.177591898981922
9020,2.16464,0.528372510092268
9021,2.16488,0.25404725149724
9022,2.16512,0.349622636480822
9023,2.16536,0.212540217059694
9024,2.1656,0.420496653652526
9025,2.16584,-0.199266264220513
9026,2.16608,0.501976115781862
9027,2.16632,0.230722409254649
9028,2.16656,-0.0251991211927587
9029,2.1668,0.909919232631776
9030,2.16704,-0.0836130026309445
9031,2.16728,0.261960419932811
9032,2.16752,0.59155363767389
9033,2.16776,-0.0368750923866632
9034,2.168,0.42819604039709
9035,2.16824,0.273470881250123
9036,2.16848,0.134788770838374
9037,2.16872,0.355768396310483
9038,2.16896,0.322828435665755
9039,2.1692,-0.0558958334252293
9040,2.16944,0.401322680353099
9041,2.16968,0.370808361474216
9042,2.16992,-0.125904879489636
9043,2.17016,0.811981452414119
9044,2.1704,0.0607888721096264
9045,2.17064,0.285176095528947
9046,2.17088,0.613908617959171
9047,2.17112,-0.0153403686492986
9048,2.17136,0.448949229814691
9049,2.1716,0.175416839518323
9050,2.17184,0.278178590707441
9051,2.17208,0.369312011626837
9052,2.17232,0.459753543697228
9053,2.17256,0.0820825650590213
9054,2.1728,0.773148873114045
9055,2.17304,-0.214588688422903
9056,2.17328,0.488091936611637
9057,2.17352,0.332746340488905
9058,2.17376,0.0688397309470736
9059,2.174,0.530871509104538
9060,2.17424,0.253894123765253
9061,2.17448,-0.00568525332023651
9062,2.17472,0.44959386597557
9063,2.17496,0.300900817525835
9064,2.1752,0.161215582125996
9065,2.17544,0.729580597246526
9066,2.17568,-0.257903954064142
9067,2.17592,0.686025463020155
9068,2.17616,0.0502739281916271
9069,2.1764,0.512112429954884
9070,2.17664,0.36232016261705
9071,2.17688,0.453717636151735
9072,2.17712,0.197196027138083
9073,2.17736,0.643797127361253
9074,2.1776,0.137329373555293
9075,2.17784,0.11855666402417
9076,2.17808,0.684161223251236
9077,2.17832,-0.179219668076009
9078,2.17856,0.637177890565486
9079,2.1788,0.243850875733821
9080,2.17904,0.346580204702239
9081,2.17928,0.557964998537804
9082,2.17952,0.0470174303143407
9083,2.17976,0.508977220464006
9084,2.18,0.233213586160181
9085,2.18024,0.0946201145289605
9086,2.18048,0.310033316824378
9087,2.18072,0.635655983500074
9088,2.18096,0.13613832653723
9089,2.1812,0.824775134847164
9090,2.18144,0.192050695757989
9091,2.18168,0.293173777742133
9092,2.18192,0.622066313162988
9093,2.18216,-0.00703091866697392
9094,2.1824,0.695335238499273
9095,2.18264,0.177533864136304
9096,2.18288,0.274644937818596
9097,2.18312,0.612225317481248
9098,2.18336,0.214932048873202
9099,2.1836,0.316509673224367
9100,2.18384,0.406515845702328
9101,2.18408,0.495880060086946
9102,2.18432,-0.00440255493404407
9103,2.18456,0.803856245116229
9104,2.1848,-0.0644325002015831
9105,2.18504,0.631807225086291
9106,2.18528,0.239016082287079
9107,2.18552,0.338273382183986
9108,2.18576,0.665379851166357
9109,2.186,0.0345732020925174
9110,2.18624,0.735303092955521
9111,2.18648,0.0978751062165588
9112,2.18672,0.558109530959069
9113,2.18696,0.406784323409534
9114,2.1872,0.496715216515511
9115,2.18744,0.11630688626245
9116,2.18768,0.802659222840912
9117,2.18792,-0.187450153100327
9118,2.18816,0.753969190617474
9119,2.1884,0.115816653422582
9120,2.18864,0.575357931765255
9121,2.18888,0.423369847700356
9122,2.18912,0.512666686911835
9123,2.18936,0.131652038431411
9124,2.1896,0.817424624130895
9125,2.18984,-0.173239324559757
9126,2.19008,0.76764993563818
9127,2.19032,0.128990583285364
9128,2.19056,0.468224496378114
9129,2.1908,0.320989297082705
9130,2.19104,0.763832944483168
9131,2.19128,-0.0989292015131493
9132,2.19152,0.714999667594234
9133,2.19176,0.441774635530865
9134,2.192,0.178670526184671
9135,2.19224,0.747053717404325
9136,2.19248,-0.240411118771254
9137,2.19272,0.816825580674809
9138,2.19296,0.17926667438671
9139,2.1932,0.399192968955586
9140,2.19344,0.608959081996704
9141,2.19368,0.336123915614958
9142,2.19392,0.554377175201763
9143,2.19416,0.277309808891377
9144,2.1944,0.376689754025459
9145,2.19464,0.464592806440125
9146,2.19488,0.551943574682559
9147,2.19512,0.0497339565996247
9148,2.19536,0.856149351704285
9149,2.1956,-0.0139041866819538
9150,2.19584,0.680648043916484
9151,2.19608,0.402997820779786
9152,2.19632,0.258187715797632
9153,2.19656,0.82894012233313
9154,2.1968,-0.0468253144491018
9155,2.19704,0.772147452043948
9156,2.19728,0.251691792710165
9157,2.19752,0.466096655265822
9158,2.19776,0.318866688844517
9159,2.198,0.762138402263962
9160,2.19824,0.13944675866001
9161,2.19848,0.589939532958152
9162,2.19872,0.436246268357123
9163,2.19896,0.293116010052396
9164,2.1992,0.859868255435628
9165,2.19944,-0.132181603560476
9166,2.19968,0.803453240112783
9167,2.19992,0.166362912239529
9168,2.20016,0.506111449055198
9169,2.2004,0.59171951278526
9170,2.20064,0.319532374296706
9171,2.20088,0.417246099644696
9172,2.20112,0.378681338831456
9173,2.20136,0.354140807420148
9174,2.2016,0.443341895124478
9175,2.20184,0.53193761965632
9176,2.20208,0.148548097149557
9177,2.20232,0.832049169549512
9178,2.20256,-0.036627657065234
9179,2.2028,0.778658692394036
9180,2.20304,0.380732108489483
9181,2.20328,0.356155991413811
9182,2.20352,0.683323760227642
9183,2.20376,0.0525775443705638
9184,2.204,0.869695983632458
9185,2.20424,0.109645363515093
9186,2.20448,0.567596263087136
9187,2.20472,0.414970749013
9188,2.20496,0.620422893412151
9189,2.2052,0.235065009404975
9190,2.20544,0.798594160511169
9191,2.20568,0.168573391495799
9192,2.20592,0.6212248525082
9193,2.20616,0.583670707685475
9194,2.2064,0.315949786640868
9195,2.20664,0.763077820240608
9196,2.20688,0.12898194987411
9197,2.20712,0.705429690911328
9198,2.20736,0.306468071281744
9199,2.2076,0.520665609973219
9200,2.20784,0.370193966512957
9201,2.20808,0.693602658288306
9202,2.20832,0.187553065253264
9203,2.20856,0.74972523221923
9204,2.2088,0.237428514349447
9205,2.20904,0.450580857041603
9206,2.20928,0.771337128416552
9207,2.20952,0.0215197968629486
9208,2.20976,0.718246128986506
9209,2.21,0.440439147555815
9210,2.21024,0.414470115324643
9211,2.21048,0.742438451726885
9212,2.21072,-0.0139116577696465
9213,2.21096,0.804307112686075
9214,2.2112,0.282627993270174
9215,2.21144,0.493696516921125
9216,2.21168,0.463117875519955
9217,2.21192,0.783064524889741
9218,2.21216,0.0345803951312023
9219,2.2124,1.08466722958619
9220,2.21264,0.0842678803702457
9221,2.21288,0.660846095282166
9222,2.21312,0.503672326362363
9223,2.21336,0.591031617932782
9224,2.2136,0.4461189300029
9225,2.21384,0.524972309681742
9226,2.21408,0.257155338674977
9227,2.21432,0.82530183087637
9228,2.21456,0.425440639685337
9229,2.2148,0.520537589102511
9230,2.21504,0.722510370456825
9231,2.21528,-0.0323021928835328
9232,2.21552,0.903637105661318
9233,2.21576,0.262008525269315
9234,2.216,0.717316254271051
9235,2.21624,0.560425033416514
9236,2.21648,0.645029753789446
9237,2.21672,0.257790797707968
9238,2.21696,0.937622641261752
9239,2.2172,0.0650013407732479
9240,2.21744,0.757100586517583
9241,2.21768,0.596935187589057
9242,2.21792,0.327897001601704
9243,2.21816,0.894869210122127
9244,2.2184,0.3701413615207
9245,2.21864,0.466585094254941
9246,2.21888,0.670219339376453
9247,2.21912,0.513960032511656
9248,2.21936,0.368379999272016
9249,2.2196,0.932796597514861
9250,2.21984,-0.0614853379262943
9251,2.22008,0.992311189274996
9252,2.22032,0.472127390386624
9253,2.22056,0.445268587273157
9254,2.2208,0.892214511966762
9255,2.22104,0.253599113945715
9256,2.22128,0.708548195009847
9257,2.22152,0.427326564841432
9258,2.22176,0.517984166823262
9259,2.222,0.48596277067263
9260,2.22224,0.682520950343926
9261,2.22248,0.415204767654422
9262,2.22272,0.621267786977679
9263,2.22296,0.585873648973763
9264,2.2232,0.438614075667927
9265,2.22344,0.761840808957967
9266,2.22368,0.1286016521107
9267,2.22392,1.05925179117762
9268,2.22416,0.176839110188765
9269,2.2244,0.631443724006802
9270,2.22464,0.594611542439941
9271,2.22488,0.556554144959298
9272,2.22512,0.288193111487621
9273,2.22536,0.967113182106464
9274,2.2256,0.0936174866998418
9275,2.22584,1.02282416437868
9276,2.22608,0.500317126623942
9277,2.22632,0.471598542824915
9278,2.22656,1.03445167908717
9279,2.2268,0.274429847461205
9280,2.22704,0.730125082433886
9281,2.22728,0.570595729822104
9282,2.22752,0.65527828730226
9283,2.22776,0.386636402727863
9284,2.228,0.826493654570918
9285,2.22824,0.311790021211138
9286,2.22848,0.759265902803512
9287,2.22872,0.479706700883568
9288,2.22896,0.571857277365434
9289,2.2292,0.654202919094497
9290,2.22944,0.256844288285073
9291,2.22968,0.712051265134523
9292,2.22992,0.427977562147142
9293,2.23016,0.633618711468
9294,2.2304,0.480213229066228
9295,2.23064,0.91708115799118
9296,2.23088,0.285663603628575
9297,2.23112,0.850284473436131
9298,2.23136,0.572614220995008
9299,2.2316,0.303459811388127
9300,2.23184,1.10310716382409
9301,2.23208,0.224000114736717
9302,2.23232,0.675505502132365
9303,2.23256,0.635011761831771
9304,2.2328,0.362444443499123
9305,2.23304,1.05153212399884
9306,2.23328,0.284918346759733
9307,2.23352,0.736587334665721
9308,2.23376,0.577953766662487
9309,2.234,0.778078239720949
9310,2.23424,0.386795332895675
9311,2.23448,1.18861884377716
9312,2.23472,0.544266610628519
9313,2.23496,0.51494545501405
9314,2.2352,0.959540006226332
9315,2.23544,0.318675681994738
9316,2.23568,0.771476342810519
9317,2.23592,0.488202538154376
9318,2.23616,0.576897736127009
9319,2.2364,0.781374319911603
9320,2.23664,0.495151030525311
9321,2.23688,0.706415996161
9322,2.23712,0.78457832601556
9323,2.23736,0.626393473446618
9324,2.2376,0.475456638305408
9325,2.23784,0.914943658049741
9326,2.23808,0.0377830331278317
9327,2.23832,1.08681028130804
9328,2.23856,0.440503941222555
9329,2.2388,0.771020098975908
9330,2.23904,0.612015064695252
9331,2.23928,0.689763832612676
9332,2.23952,0.297334657325936
9333,2.23976,0.855379340585279
9334,2.24,0.339973258371605
9335,2.24024,0.90400213339759
9336,2.24048,0.501941347662058
9337,2.24072,0.712173962726
9338,2.24096,0.790702791735565
9339,2.2412,0.511745483675323
9340,2.24144,0.602989304797585
9341,2.24168,0.799662590824968
9342,2.24192,0.286779354858439
9343,2.24216,0.851466971567811
9344,2.2424,0.690577855780903
9345,2.24264,0.658705079710504
9346,2.24288,0.73792459393901
9347,2.24312,0.337577508840901
9348,2.24336,0.66612892413305
9349,2.2436,0.74165609268985
9350,2.24384,0.705493416344215
9351,2.24408,0.433296693898794
9352,2.24432,0.990496980420894
9353,2.24456,0.236728878168757
9354,2.2448,1.04121889628309
9355,2.24504,0.39636561138415
9356,2.24528,0.848075078552934
9357,2.24552,0.686050607404864
9358,2.24576,0.766599373078312
9359,2.246,0.374166022772951
9360,2.24624,1.04991785440888
9361,2.24648,0.173825164769226
9362,2.24672,0.982025603067902
9363,2.24696,0.696689873314939
9364,2.2472,0.661339542089243
9365,2.24744,0.860495509042969
9366,2.24768,0.579251748460502
9367,2.24792,0.667883882023471
9368,2.24816,0.743558183597023
9369,2.2484,0.469639048244813
9370,2.24864,0.910350645538899
9371,2.24888,0.747216914664333
9372,2.24912,0.232145251794278
9373,2.24936,1.15253563484653
9374,2.2496,0.387155328923897
9375,2.24984,0.716543072218961
9376,2.25008,0.794051465758502
9377,2.25032,0.515404831101579
9378,2.25056,0.721944048246118
9379,2.2508,0.795841977846691
9380,2.25104,0.403401743124505
9381,2.25128,0.965648567414674
9382,2.25152,0.561456712553314
9383,2.25176,0.769649176410041
9384,2.252,1.08810704269013
9385,2.25224,0.442446839967787
9386,2.25248,0.649766456698292
9387,2.25272,1.08934740404475
9388,2.25296,0.205751570307253
9389,2.2532,1.13318952761213
9390,2.25344,0.485998492418388
9391,2.25368,0.57253330752282
9392,2.25392,1.13232798333291
9393,2.25416,0.36540561817826
9394,2.2544,0.933965789391202
9395,2.25464,0.771234753433292
9396,2.25488,0.849798832803033
9397,2.25512,0.455082840062611
9398,2.25536,0.892005503951021
9399,2.2556,0.254630236842766
9400,2.25584,1.1778346297872
9401,2.25608,0.290935451491346
9402,2.25632,0.860180719513992
9403,2.25656,0.69640804331339
9404,2.2568,0.653684323139886
9405,2.25704,0.739508402294949
9406,2.25728,0.812492244351985
9407,2.25752,0.538579292661183
9408,2.25776,0.740524828289802
9409,2.258,0.813947463735472
9410,2.25824,0.535646702130689
9411,2.25848,1.21447309177531
9412,2.25872,0.332238063051852
9413,2.25896,1.01823804205185
9414,2.2592,0.851775242669822
9415,2.25944,0.574924011772233
9416,2.25968,1.01332951992001
9417,2.25992,0.370890023771784
9418,2.26016,1.05748673306286
9419,2.2604,0.769476446464079
9420,2.26064,0.608743207833724
9421,2.26088,0.693641489653171
9422,2.26112,0.644599382121379
9423,2.26136,0.844016279609143
9424,2.2616,0.68911598085518
9425,2.26184,0.881679072961218
9426,2.26208,0.840292586212715
9427,2.26232,0.56223654493607
9428,2.26256,1.11552785869137
9429,2.2628,0.355012182075006
9430,2.26304,0.920819648932875
9431,2.26328,0.874650621444729
9432,2.26352,0.354321861962555
9433,2.26376,1.0382607917134
9434,2.264,0.869405318897698
9435,2.26424,0.474404110482121
9436,2.26448,0.793660542491212
9437,2.26472,0.866859510283676
9438,2.26496,0.347359814824716
9439,2.2652,1.26918962789243
9440,2.26544,0.379175325355989
9441,2.26568,0.826547891600087
9442,2.26592,0.900880313507084
9443,2.26616,0.974747332867769
9444,2.2664,0.697195958621567
9445,2.26664,0.893120491703425
9446,2.26688,0.372140247714412
9447,2.26712,1.0554549198992
9448,2.26736,0.646341236155193
9449,2.2676,0.733123123198507
9450,2.26784,0.929275209108439
9451,2.26808,1.00198426366667
9452,2.26832,0.604871120523669
9453,2.26856,0.804453883233656
9454,2.2688,0.997643784512758
9455,2.26904,0.477410794641264
9456,2.26928,1.39375250283031
9457,2.26952,0.506406001305192
9458,2.26976,1.06902370648321
9459,2.27,0.781008415579112
9460,2.27024,0.982756668737225
9461,2.27048,0.694062944502533
9462,2.27072,0.652095296250066
9463,2.27096,0.735199593870067
9464,2.2712,0.568070498520137
9465,2.27144,1.01096372995179
9466,2.27168,0.726748896692078
9467,2.27192,0.682996297177535
9468,2.27216,0.764821698616629
9469,2.2724,0.596469412689781
9470,2.27264,0.799427432195654
9471,2.27288,0.994680934496892
9472,2.27312,0.828647859035106
9473,2.27336,0.79004031830923
9474,2.2736,0.862883979485162
9475,2.27384,0.82204181728248
9476,2.27408,1.13928922086275
9477,2.27432,0.608357104801508
9478,2.27456,1.05087752675142
9479,2.2748,0.640905358522659
9480,2.27504,0.839439180486078
9481,2.27528,0.793396555794515
9482,2.27552,1.10510253710238
9483,2.27576,0.584819168852152
9484,2.276,0.895929569722238
9485,2.27624,0.7343495034598
9486,2.27648,0.813216962996744
9487,2.27672,0.886135340160841
9488,2.27696,0.605602480391964
9489,2.2772,1.16334601113189
9490,2.27744,0.631523342875827
9491,2.27768,0.712452668058531
9492,2.27792,1.14792499834213
9493,2.27816,0.500933541416319
9494,2.2784,1.06380631668071
9495,2.27864,0.652610330126323
9496,2.27888,0.851681499370197
9497,2.27912,0.688120861654947
9498,2.27936,1.1183010646255
9499,2.2796,0.597663289083862
9500,2.27984,1.1502183862562
9501,2.28008,0.624360257080663
9502,2.28032,1.06119634819198
9503,2.28056,0.892594751051192
9504,2.2808,0.730916100779987
9505,2.28104,1.16356693238339
9506,2.28128,0.517333468889238
9507,2.28152,1.08005658305412
9508,2.28176,0.908863628484665
9509,2.282,0.502965287791286
9510,2.28224,1.18488144848038
9511,2.28248,0.651844163791059
9512,2.28272,0.851136341082057
9513,2.28296,0.924808416656007
9514,2.2832,0.998471882062659
9515,2.28344,0.597847722874894
9516,2.28368,1.15058707719728
9517,2.28392,0.624904118485269
9518,2.28416,1.18308580915434
9519,2.2844,0.891234674479588
9520,2.28464,0.48623322739845
9521,2.28488,1.16417802797842
9522,2.28512,0.63261842413533
9523,2.28536,0.952696293229437
9524,2.2856,0.784598186567657
9525,2.28584,0.97824483351717
9526,2.28608,0.577281962990107
9527,2.28632,1.13108293678929
9528,2.28656,0.486521699180347
9529,2.2868,1.16453976766502
9530,2.28704,0.755564086140689
9531,2.28728,0.954869627941201
9532,2.28752,0.905268460324338
9533,2.28776,0.619193860855597
9534,2.288,1.05880690350112
9535,2.28824,0.888060412738164
9536,2.28848,0.607493849439328
9537,2.28872,1.15744979566034
9538,2.28896,0.870477381616652
9539,2.2892,0.827743667372129
9540,2.28944,1.49974348035093
9541,2.28968,0.729904445514817
9542,2.28992,0.929103268502855
9543,2.29016,0.879454605074157
9544,2.2904,0.594625368410793
9545,2.29064,1.15350877143618
9546,2.29088,0.74127166980348
9547,2.29112,1.06295884715621
9548,2.29136,0.89466247848348
9549,2.2916,0.969627141141058
9550,2.29184,0.687819117414106
9551,2.29208,1.11720606850357
9552,2.29232,0.831720627413389
9553,2.29256,0.670150113619965
9554,2.2928,1.22021728007524
9555,2.29304,0.335910124132257
9556,2.29328,1.3746322905617
9557,2.29352,0.721050601148617
9558,2.29376,0.798858717145754
9559,2.294,1.23134649297137
9560,2.29424,0.583227292402327
9561,2.29448,1.02168118630448
9562,2.29472,0.849295500618503
9563,2.29496,1.04538689107772
9564,2.2952,0.999227837590221
9565,2.29544,1.18745639917574
9566,2.29568,0.663711030578221
9567,2.29592,1.3335883014991
9568,2.29616,0.802682795412114
9569,2.2964,0.999465338403018
9570,2.29664,1.19025763585002
9571,2.29688,0.543633076801395
9572,2.29712,1.10161934828087
9573,2.29736,0.689758356743868
9574,2.2976,1.12864472449596
9575,2.29784,0.838858945669257
9576,2.29808,1.15186661186654
9577,2.29832,0.628447697926551
9578,2.29856,1.17803517728656
9579,2.2988,0.410427304062294
9580,2.29904,1.20784576455601
9581,2.29928,0.792712436699034
9582,2.29952,0.868133613240703
9583,2.29976,0.945394001790251
9584,2.3,1.01150615264749
9585,2.30024,0.48783334434333
9586,2.30048,1.28367209449118
9587,2.30072,0.870181393193936
9588,2.30096,0.82593433415709
9589,2.3012,1.49860346462144
9590,2.30144,0.725012175748997
9591,2.30168,0.92280296086667
9592,2.30192,0.988196072588402
9593,2.30216,0.940616325744579
9594,2.3024,0.895486948186826
9595,2.30264,1.44537173550964
9596,2.30288,0.435389631916633
9597,2.30312,1.23191977932639
9598,2.30336,0.69749521363973
9599,2.3036,1.25572383985827
9600,2.30384,0.842603381123435
9601,2.30408,1.15531983128705
9602,2.30432,0.751037120157201
9603,2.30456,1.42059099309624
9604,2.3048,0.770429979209144
9605,2.30504,0.963334232829466
9606,2.30528,1.03112407534302
9607,2.30552,0.624519009210197
9608,2.30576,1.29788889944679
9609,2.306,0.644805785267647
9610,2.30624,1.20501411332329
9611,2.30648,1.03391597722805
9612,2.30672,1.10397407070622
9613,2.30696,0.81751758530609
9614,2.3072,1.24640843386118
9615,2.30744,0.597848433621645
9616,2.30768,1.39188123454615
9617,2.30792,0.738721798659307
9618,2.30816,0.936236369981425
9619,2.3084,1.00136724354928
9620,2.30864,1.07295478080323
9621,2.30888,0.787049572364543
9622,2.30912,1.33283420922211
9623,2.30936,0.566427950348606
9624,2.3096,1.35928882325088
9625,2.30984,0.703284481273149
9626,2.31008,1.26112837845538
9627,2.31032,0.848083125809661
9628,2.31056,1.04106016548088
9629,2.3108,0.754433232464248
9630,2.31104,1.183229952805
9631,2.31128,0.894935972808013
9632,2.31152,1.56510584692678
9633,2.31176,0.789122845052258
9634,2.312,0.984625366500495
9635,2.31224,0.92800830213562
9636,2.31248,0.882711424895142
9637,2.31272,1.3103211106527
9638,2.31296,0.537189440601428
9639,2.3132,1.21347585439129
9640,2.31344,0.797526503642431
9641,2.31368,1.11181615512958
9642,2.31392,0.938181133805867
9643,2.31416,1.12781818003176
9644,2.3144,0.720833539018616
9645,2.31464,1.2697687909914
9646,2.31488,0.620551696963788
9647,2.31512,1.29412153105942
9648,2.31536,0.880892154102314
9649,2.3156,1.19599581424298
9650,2.31584,1.14386556307134
9651,2.31608,0.730683295884383
9652,2.31632,1.28587354940848
9653,2.31656,0.870363527966585
9654,2.3168,1.18291513830929
9655,2.31704,0.775822324259042
9656,2.31728,1.3224991513729
9657,2.31752,0.673726151363135
9658,2.31776,1.22875573521773
9659,2.318,0.812382237176299
9660,2.31824,1.24695152809845
9661,2.31848,1.07199355982675
9662,2.31872,0.783231387087629
9663,2.31896,1.33622959482925
9664,2.3192,0.919587249471464
9665,2.31944,0.990478834406622
9666,2.31968,1.06340201295521
9667,2.31992,1.1253641177624
9668,2.32016,0.597718612517996
9669,2.3204,1.50961358661998
9670,2.32064,0.614035136149586
9671,2.32088,1.28779175674972
9672,2.32112,0.992718088599745
9673,2.32136,1.18386966141751
9674,2.3216,1.00962649734091
9675,2.32184,1.08107722792811
9676,2.32208,0.90963030399449
9677,2.32232,1.33574869475053
9678,2.32256,0.806867617242115
9679,2.3228,1.23350804239363
9680,2.32304,1.06343902480803
9681,2.32328,1.00912195777051
9682,2.32352,1.20050711500363
9683,2.32376,1.14856048267543
9684,2.324,1.33168248475063
9685,2.32424,0.803050593199225
9686,2.32448,1.4682570000233
9687,2.32472,0.813028629945372
9688,2.32496,1.24740536772005
9689,2.3252,0.710211435156982
9690,2.32544,0.90380667849337
9691,2.32568,1.32937445444176
9692,2.32592,0.556927559725631
9693,2.32616,1.23078564935754
9694,2.3264,0.814732267481624
9695,2.32664,1.00819830085321
9696,2.32688,0.955623941566681
9697,2.32712,1.38084446343769
9698,2.32736,0.850672982381011
9699,2.3276,1.27564601946696
9700,2.32784,0.984545501990709
9701,2.32808,1.4119687099323
9702,2.32832,0.635610903904965
9703,2.32856,1.30837288998599
9704,2.3288,1.13047834387586
9705,2.32904,0.841354523670034
9706,2.32928,1.38579951837884
9707,2.32952,0.974507006401169
9708,2.32976,1.15971911469105
9709,2.33,1.10910894806594
9710,2.33024,1.41661074841163
9711,2.33048,0.760034886215813
9712,2.33072,1.31200887346601
9713,2.33096,1.13405911858053
9714,2.3312,0.844883731645943
9715,2.33144,1.38928109741974
9716,2.33168,0.977944071732888
9717,2.33192,1.16311553845675
9718,2.33216,1.23189576778363
9719,2.3324,0.935816042556217
9720,2.33264,1.12475891213118
9721,2.33288,1.18940554957587
9722,2.33312,1.017824599666
9723,2.33336,1.32379104062356
9724,2.3336,0.789012361810443
9725,2.33384,1.57953156013125
9726,2.33408,0.921651968664044
9727,2.33432,1.11248585574906
9728,2.33456,1.41576441584308
9729,2.3348,0.884434493421744
9730,2.33504,1.18890537753923
9731,2.33528,1.13728997741929
9732,2.33552,1.44383002341172
9733,2.33576,0.906114540810107
9734,2.336,1.09771501211636
9735,2.33624,0.918430092402694
9736,2.33648,1.22945681745733
9737,2.33672,1.05183285977293
9738,2.33696,1.35703668119936
9739,2.3372,0.94645373331858
9740,2.33744,1.37122777271262
9741,2.33768,0.597126797375233
9742,2.33792,1.38833595786143
9743,2.33816,1.08972947862643
9744,2.3384,1.03778654009688
9745,2.33864,1.10478883366162
9746,2.33888,1.40775763144274
9747,2.33912,0.876570461137009
9748,2.33936,1.41951244051236
9749,2.3396,0.764552802144818
9750,2.33984,1.43265767914585
9751,2.34008,1.0150599126598
9752,2.34032,1.20567068185938
9753,2.34056,1.50949180087872
9754,2.3408,1.09383422432717
9755,2.34104,1.16161763829448
9756,2.34128,0.983252275065373
9757,2.34152,1.17188568775675
9758,2.34176,1.23493609417996
9759,2.342,0.941531242294695
9760,2.34224,1.48879058160315
9761,2.34248,0.710673727303793
9762,2.34272,1.38088057640433
9763,2.34296,1.20230466785168
9764,2.3432,0.910772340419954
9765,2.34344,1.33395778613849
9766,2.34368,1.16055427073757
9767,2.34392,1.10305133673014
9768,2.34416,1.29138880008213
9769,2.3444,0.993331116013017
9770,2.34464,1.0605237092234
9771,2.34488,1.36522186234111
9772,2.34512,0.827483213224879
9773,2.34536,1.61691335146574
9774,2.3456,0.956234908629283
9775,2.34584,1.14614564819355
9776,2.34608,1.44722427529556
9777,2.34632,0.914673649058201
9778,2.34656,1.33780831719554
9779,2.3468,1.16438608744544
9780,2.34704,1.1068677814322
9781,2.34728,1.29433486207725
9782,2.34752,1.11657669054668
9783,2.34776,1.06308017396857
9784,2.348,1.36781980558053
9785,2.34824,0.830122399529106
9786,2.34848,1.61959378108744
9787,2.34872,0.958956770025996
9788,2.34896,1.14890864866199
9789,2.3492,1.45002871647539
9790,2.34944,0.91751907774039
9791,2.34968,1.57901932482324
9792,2.34992,0.920243667786727
9793,2.35016,1.47021745669333
9794,2.3504,1.28976021712674
9795,2.35064,0.996561931072179
9796,2.35088,1.30220000863683
9797,2.35112,1.24376200794617
9798,2.35136,1.31000545248148
9799,2.3516,1.0115014989847
9800,2.35184,1.19812428246676
9801,2.35208,1.26055424915825
9802,2.35232,0.964815661782803
9803,2.35256,1.51158102008912
9804,2.3528,0.731241279609593
9805,2.35304,1.40107140098576
9806,2.35328,1.22037576009671
9807,2.35352,0.928573873202687
9808,2.35376,1.46778963494479
9809,2.354,1.05067893477516
9810,2.35424,1.47926379366657
9811,2.35448,1.17790434000882
9812,2.35472,1.12510736277306
9813,2.35496,1.19050344388266
9814,2.3552,1.37200980811377
9815,2.35544,1.19754504606145
9816,2.35568,1.13903044001414
9817,2.35592,1.32554342156679
9818,2.35616,1.14687395892163
9819,2.3564,1.09250519044116
9820,2.35664,1.39641167581625
9821,2.35688,1.21566590132477
9822,2.35712,1.15919220536713
9823,2.35736,0.985228253371257
9824,2.3576,1.2873873623346
9825,2.35784,0.872242617030702
9826,2.35808,1.53703371964123
9827,2.35832,1.11668936332461
9828,2.35856,1.66334855570844
9829,2.3588,1.2396102055537
9830,2.35904,1.18392157774334
9831,2.35928,1.37032216857574
9832,2.35952,0.949333901194755
9833,2.35976,1.25667889693499
9834,2.36,1.08084247361245
9835,2.36024,1.62031137148589
9836,2.36048,0.961153301652438
9837,2.36072,1.505457718914
9838,2.36096,1.08397048645341
9839,2.3612,1.38945428037785
9840,2.36144,1.21310569734688
9841,2.36168,1.27063905205357
9842,2.36192,0.978421468960796
9843,2.36216,1.75907268988328
9844,2.3624,1.21816312133452
9845,2.36264,1.28162072102991
9846,2.36288,1.09911670290036
9847,2.36312,1.16564501135699
9848,2.36336,1.46669743132891
9849,2.3636,1.04836449901173
9850,2.36384,1.59473290649689
9851,2.36408,1.1716540519607
9852,2.36432,1.23247980534646
9853,2.36456,1.29540909611248
9854,2.3648,1.11239750844619
9855,2.36504,1.17843882600208
9856,2.36528,1.47902329874312
9857,2.36552,1.06024119362905
9858,2.36576,1.48634398907677
9859,2.366,1.18398404307611
9860,2.36624,1.36904656166785
9861,2.36648,1.06785618370375
9862,2.36672,1.25276930982771
9863,2.36696,1.19198163085308
9864,2.3672,1.13618342252829
9865,2.36744,1.31668642050751
9866,2.36768,1.37570896646731
9867,2.36792,0.957212678945681
9868,2.36816,1.50072341905013
9869,2.3684,1.44023904326679
9870,2.36864,1.02549889375736
9871,2.36888,1.80443620141453
9872,2.36912,1.26188627514037
9873,2.36936,1.08678997311725
9874,2.3696,1.62777182622056
9875,2.36984,0.966997354893531
9876,2.37008,1.5137350559504
9877,2.37032,1.09099289068525
9878,2.37056,1.39138452790808
9879,2.3708,1.21200259343337
9880,2.37104,1.63168516106355
9881,2.37128,0.972125881367383
9882,2.37152,1.51692909645623
9883,2.37176,1.57354415226099
9884,2.372,1.03679583443581
9885,2.37224,1.45591848189969
9886,2.37248,1.27865762517834
9887,2.37272,1.33690366486817
9888,2.37296,1.40018344700769
9889,2.3732,1.3385673894296
9890,2.37344,1.5159148398632
9891,2.37368,1.09813575621657
9892,2.37392,1.63709932036474
9893,2.37416,0.977017368773887
9894,2.3744,1.52175165033557
9895,2.37464,1.57830046818929
9896,2.37488,1.04148825861501
9897,2.37512,1.34115444728597
9898,2.37536,1.64403057968487
9899,2.3756,1.21938448776492
9900,2.37584,1.51794346367484
9901,2.37608,0.97904771533514
9902,2.37632,1.63964752554969
9903,2.37656,0.978695344739406
9904,2.3768,1.52526572079298
9905,2.37704,1.57909388677112
9906,2.37728,1.03802092873424
9907,2.37752,1.81947432432745
9908,2.37776,1.03395270385969
9909,2.378,1.45834245078597
9910,2.37824,1.27283769827757
9911,2.37848,1.33606905887934
9912,2.37872,1.51720573707137
9913,2.37896,1.33398764137008
9914,2.3792,1.27345994759231
9915,2.37944,1.09258403508832
9916,2.37968,1.3920536326071
9917,2.37992,1.21309249375893
9918,2.38016,1.2706169040007
9919,2.3804,1.21290665895457
9920,2.38064,1.15281142956954
9921,2.38088,1.32761133076444
9922,2.38112,1.26919107010745
9923,2.38136,1.32962886334814
9924,2.3816,1.38699743419995
9925,2.38184,0.968706959752654
9926,2.38208,1.38907177775113
9927,2.38232,1.08304739565626
9928,2.38256,1.38570452090411
9929,2.3828,1.20538251537071
9930,2.38304,1.86216268991554
9931,2.38328,1.07813330122109
9932,2.38352,1.61891105056876
9933,2.38376,0.952600536528414
9934,2.384,1.37647549235742
9935,2.38424,1.43275100199457
9936,2.38448,1.25356798598289
9937,2.38472,1.67569207594886
9938,2.38496,1.24970160055911
9939,2.3852,1.54873096464944
9940,2.38544,1.12608649620773
9941,2.38568,1.30453435193286
9942,2.38592,1.36545047377399
9943,2.38616,1.18131107373958
9944,2.3864,1.48337471227992
9945,2.38664,1.18215857911624
9946,2.38688,1.59739438277542
9947,2.38712,1.17629940505407
9948,2.38736,1.59755148910396
9949,2.3876,1.17117697606049
9950,2.38784,1.47291114343704
9951,2.38808,1.28728914268873
9952,2.38832,1.46538990426242
9953,2.38856,1.04401954927628
9954,2.3888,1.58478529962188
9955,2.38904,1.27711617472454
9956,2.38928,1.21777344528657
9957,2.38952,1.51571299412378
9958,2.38976,1.45078997099406
9959,2.39,1.03012232394055
9960,2.39024,1.68920833797875
9961,2.39048,1.14483032004362
9962,2.39072,1.56417804924331
9963,2.39096,1.14204483493312
9964,2.3912,1.43897587395874
9965,2.39144,1.01538126136072
9966,2.39168,1.67475415156497
9967,2.39192,1.36985190279672
9968,2.39216,1.42820162414129
9969,2.3924,1.12884693727555
9970,2.39264,1.18589149638575
9971,2.39288,1.00218614057984
9972,2.39312,1.18197422367672
9973,2.39336,1.47858912396641
9974,2.3936,1.0555737167345
9975,2.39384,1.59653747932249
9976,2.39408,1.53399183685544
9977,2.39432,1.58536320885011
9978,2.39456,1.40349149549955
9979,2.3948,1.10009028272577
9980,2.39504,1.15421067979431
9981,2.39528,1.57068762676209
9982,2.39552,1.38813815149995
9983,2.39576,1.68294849939174
9984,2.396,1.49907953755987
9985,2.39624,1.43301595504941
9986,2.39648,1.36983289487512
9987,2.39672,1.30941503097505
9988,2.39696,1.36880997576675
9989,2.3972,1.6671079460545
9990,2.39744,1.6017330425531
9991,2.39768,1.30032224093317
9992,2.39792,1.71409953249506
9993,2.39816,1.05009987551299
9994,2.3984,1.82985054422119
9995,2.39864,1.52077995131881
9996,2.39888,1.10002406550188
9997,2.39912,1.15560472732939
9998,2.39936,1.45244228783371
9999,2.3996,1.63037255536096
10000,2.39984,1.20369496008057
10001,2.40008,1.62348750338229
10002,2.40032,1.31905815504664
10003,2.40056,1.37306825618307
10004,2.4008,1.67129622890326
10005,2.40104,1.24332295593263
10006,2.40128,1.54251471876538
10007,2.40152,1.47610589699724
10008,2.40176,1.29240161932509
10009,2.402,1.59072271403063
10010,2.40224,1.28262917324425
10011,2.40248,1.34305079888984
10012,2.40272,1.75562120185721
10013,2.40296,1.08832086273207
10014,2.4032,1.50798668943593
10015,2.40344,1.44063454274631
10016,2.40368,1.13696418913954
10017,2.40392,1.7981581905681
10018,2.40416,1.36830740443857
10019,2.4044,1.42689926239611
10020,2.40464,1.60272584749959
10021,2.40488,1.2938120373007
10022,2.40512,1.23487715941041
10023,2.40536,1.76775762959533
10024,2.4056,1.10135071436043
10025,2.40584,1.51885034256797
10026,2.40608,1.45158587042934
10027,2.40632,1.15095463304491
10028,2.40656,1.68712086450051
10029,2.4068,1.62043632083942
10030,2.40704,1.43452267113812
10031,2.40728,1.7283157850737
10032,2.40752,1.42447171655212
10033,2.40776,1.23933110421556
10034,2.408,1.29419078929076
10035,2.40824,1.95224745923292
10036,2.40848,1.64273269837
10037,2.40872,1.10039289670174
10038,2.40896,1.51508084645725
10039,2.4092,1.68952390457351
10040,2.40944,1.26458980427062
10041,2.40968,1.7990249527837
10042,2.40992,1.13319244991712
10043,2.41016,1.54736203950012
10044,2.4104,1.35923396972953
10045,2.41064,1.29729106028542
10046,2.41088,1.95191450252453
10047,2.41112,1.64514652096866
10048,2.41136,1.22223799033207
10049,2.4116,1.63530099993184
10050,2.41184,1.4507324351274
10051,2.41208,1.74406442616634
10052,2.41232,1.68035322972763
10053,2.41256,1.25423050490503
10054,2.4128,1.54655486377022
10055,2.41304,1.12278248218736
10056,2.41328,1.53673089259165
10057,2.41352,1.71044913634401
10058,2.41376,1.284821753013
10059,2.414,1.81859320486886
10060,2.41424,1.15212652728206
10061,2.41448,1.56568947934092
10062,2.41472,1.37698090592289
10063,2.41496,1.31448393671871
10064,2.4152,1.96857719111142
10065,2.41544,1.17845971371586
10066,2.41568,1.71818291221003
10067,2.41592,1.52685266670336
10068,2.41616,1.10191964148325
10069,2.4164,1.51733413430932
10070,2.41664,1.69205228705786
10071,2.41688,1.26738635934261
10072,2.41712,1.79817072308184
10073,2.41736,1.25122958694068
10074,2.4176,1.30722321620205
10075,2.41784,1.84021491367253
10076,2.41808,1.17428413412551
10077,2.41832,1.71087812536834
10078,2.41856,1.40190917434587
10079,2.4188,1.3372398662303
10080,2.41904,1.86899362992514
10081,2.41928,1.44417562805401
10082,2.41952,1.49891617325499
10083,2.41976,1.66984683810414
10084,2.42,1.36435733603078
10085,2.42024,1.65533244194814
10086,2.42048,1.22853166899777
10087,2.42072,2.00383434090685
10088,2.42096,1.21074137700602
10089,2.4212,1.50967503097264
10090,2.42144,1.67933581015218
10091,2.42168,1.12956735424801
10092,2.42192,1.54839100208919
10093,2.42216,1.71901340948263
10094,2.4224,1.29262978875601
10095,2.42264,1.82600650876731
10096,2.42288,1.27340518729071
10097,2.42312,1.33173029393628
10098,2.42336,1.98464741999396
10099,2.4236,1.43609738803616
10100,2.42384,1.36844492939364
10101,2.42408,2.02023126121144
10102,2.42432,1.47316794283238
10103,2.42456,1.28676258064568
10104,2.4248,1.69768645541305
10105,2.42504,1.51107216296173
10106,2.42528,1.80244596408218
10107,2.42552,1.73559887752382
10108,2.42576,1.42670093690307
10109,2.426,1.35790057955109
10110,2.42624,1.89425220156618
10111,2.42648,1.46133724681979
10112,2.42672,1.3941150325284
10113,2.42696,1.80867121478501
10114,2.4272,1.49628251419018
10115,2.42744,1.43317929479255
10116,2.42768,1.84307724838625
10117,2.42792,1.17057570779953
10118,2.42816,1.4680834335373
10119,2.4284,1.87955622559344
10120,2.42864,1.20945613613392
10121,2.42888,1.8630836362492
10122,2.42912,1.54970904593564
10123,2.42936,1.24552633468319
10124,2.4296,1.77872546315375
10125,2.42984,1.70920496474223
10126,2.43008,1.52058229719064
10127,2.43032,1.81178402678042
10128,2.43056,1.7438723050173
10129,2.4308,1.31589649141611
10130,2.43104,1.60644921873031
10131,2.43128,1.65986242784886
10132,2.43152,1.34894748349729
10133,2.43176,1.52519982688823
10134,2.432,1.69386380527052
10135,2.43224,1.26596948302039
10136,2.43248,2.04022817045177
10137,2.43272,1.24613782909973
10138,2.43296,1.30182764594484
10139,2.4332,1.83363397218515
10140,2.43344,1.16183303729902
10141,2.43368,1.57899294180224
10142,2.43392,1.62685590136148
10143,2.43416,1.19849286507406
10144,2.4344,1.61062366421341
10145,2.43464,1.54077491525898
10146,2.43488,1.59379170287494
10147,2.43512,1.76005949263741
10148,2.43536,1.09147962430899
10149,2.4356,1.6246665890781
10150,2.43584,1.67324193432195
10151,2.43608,1.36712743196688
10152,2.43632,2.02000455092796
10153,2.43656,1.58776983343428
10154,2.4368,1.51938714431335
10155,2.43704,1.69070355783938
10156,2.43728,1.50155930365777
10157,2.43752,1.91202373860185
10158,2.43776,1.60173466047755
10159,2.438,1.41342642795888
10160,2.43824,2.06396822679553
10161,2.43848,1.27386504340163
10162,2.43872,1.56704053118538
10163,2.43896,1.85579587970841
10164,2.4392,1.78722973615556
10165,2.43944,1.47554193909809
10166,2.43968,1.76778976388781
10167,2.43992,1.69705822032023
10168,2.44016,1.74750719499875
10169,2.4404,1.55774819959896
10170,2.44064,1.84786282915193
10171,2.44088,1.53705333957905
10172,2.44112,1.34869989790634
10173,2.44136,1.75776069130083
10174,2.4416,1.92978491483695
10175,2.44184,1.3758521489815
10176,2.44208,1.66907940284449
10177,2.44232,1.4776862609346
10178,2.44256,1.64806582499692
10179,2.4428,1.94041500891077
10180,2.44304,1.3865062943106
10181,2.44328,1.6776414845876
10182,2.44352,1.60833410778541
10183,2.44376,1.4166075022309
10184,2.444,1.59053981591017
10185,2.44424,1.75698280722268
10186,2.44448,1.5649435630743
10187,2.44472,1.61738382368553
10188,2.44496,1.42532882009379
10189,2.4452,1.83426778319446
10190,2.44544,1.52206265914835
10191,2.44568,1.45009718512143
10192,2.44592,1.74376446784748
10193,2.44616,1.43121975285028
10194,2.4464,1.84037594565984
10195,2.44664,1.52883140597298
10196,2.44688,1.57603106591183
10197,2.44712,1.50826957241553
10198,2.44736,1.43739514997714
10199,2.4476,1.6031960036964
10200,2.44784,1.53604183630845
10201,2.44808,1.82524204920171
10202,2.44832,1.39029354796707
10203,2.44856,1.92286838620718
10204,2.4488,1.72772721387197
10205,2.44904,1.53889918544259
10206,2.44928,1.59096983413333
10207,2.44952,1.88008870796254
10208,2.44976,1.56703710262661
10209,2.45,1.61967282386873
10210,2.45024,2.02524015791973
10211,2.45048,1.35289064741726
10212,2.45072,1.8833388305945
10213,2.45096,1.56848566075197
10214,2.4512,1.74268572997805
10215,2.45144,1.66797433332995
10216,2.45168,1.59820724309436
10217,2.45192,1.64611011641028
10218,2.45216,1.57433003401205
10219,2.4524,1.98628395118507
10220,2.45264,1.43171903591236
10221,2.45288,1.72137209136771
10222,2.45312,1.6506472815905
10223,2.45336,1.45756363734726
10224,2.4536,1.63019897430107
10225,2.45384,1.5565644627594
10226,2.45408,1.60466599436011
10227,2.45432,1.65587111630976
10228,2.45456,1.46263393929964
10229,2.4548,1.87044416351069
10230,2.45504,1.55802425082886
10231,2.45528,1.724218455806
10232,2.45552,1.8931659816562
10233,2.45576,1.46214432401007
10234,2.456,1.74759786142961
10235,2.45624,1.3172576588626
10236,2.45648,1.96762718345452
10237,2.45672,1.41056698166638
10238,2.45696,1.70260818424411
10239,2.4572,1.74840993298498
10240,2.45744,1.55388718974713
10241,2.45768,1.96347585040717
10242,2.45792,1.64632826935798
10243,2.45816,1.57696467173551
10244,2.4584,1.98521187823209
10245,2.45864,1.4300857370411
10246,2.45888,1.95930426895374
10247,2.45912,1.64325567456381
10248,2.45936,1.57493873999387
10249,2.4596,1.86302757612141
10250,2.45984,1.42701780009172
10251,2.46008,1.95858219765374
10252,2.46032,1.76247463607705
10253,2.46056,1.32953559193966
10254,2.4608,1.97999438732825
10255,2.46104,1.42261241846843
10256,2.46128,1.7143468142514
10257,2.46152,1.75985509650726
10258,2.46176,1.5650520860462
10259,2.462,1.97437370482582
10260,2.46224,1.65697060879464
10261,2.46248,1.46533862106907
10262,2.46272,2.11526304192539
10263,2.46296,1.43878640717083
10264,2.4632,1.96784286861749
10265,2.46344,1.4102294576744
10266,2.46368,1.5823459947258
10267,2.46392,1.74660683563086
10268,2.46416,1.55249205400602
10269,2.4644,1.96247675533461
10270,2.46464,1.6457095812497
10271,2.46488,1.45469069589477
10272,2.46512,1.86245004713164
10273,2.46536,1.42586650192228
10274,2.4656,1.83749649745514
10275,2.46584,1.64212352275329
10276,2.46608,1.68841193801253
10277,2.46632,1.85597064122427
10278,2.46656,1.53914370323317
10279,2.4668,1.58861825417523
10280,2.46704,1.87432848611126
10281,2.46728,1.6783302481668
10282,2.46752,1.72698591285848
10283,2.46776,1.53130787698009
10284,2.468,1.93678265796402
10285,2.46824,1.62212830670277
10286,2.46848,1.66635009427082
10287,2.46872,1.95526980863057
10288,2.46896,1.75972377405578
10289,2.4692,1.68683596619929
10290,2.46944,1.73175196904014
10291,2.46968,1.65710055568462
10292,2.46992,1.94690852362427
10293,2.47016,1.5099841971744
10294,2.4704,1.91650026063664
10295,2.47064,1.60284647864518
10296,2.47088,1.64802877506242
10297,2.47112,1.9378741735682
10298,2.47136,1.50181648570064
10299,2.4716,1.90702998582853
10300,2.47184,1.47533863336923
10301,2.47208,2.00069830653003
10302,2.47232,1.68482251112
10303,2.47256,1.49162152913563
10304,2.4728,1.89604243882142
10305,2.47304,1.8239699043205
10306,2.47328,1.86750718708007
10307,2.47352,1.67208494372431
10308,2.47376,1.7213449040707
10309,2.474,2.12368136527416
10310,2.47424,1.4482464174107
10311,2.47448,1.97574290427997
10312,2.47472,2.01754935713149
10313,2.47496,1.58511102044456
10314,2.4752,2.10843681603019
10315,2.47544,1.43286262466828
10316,2.47568,2.20203350371531
10317,2.47592,1.64097030884685
10318,2.47616,1.68948939988432
10319,2.4764,2.09374276868967
10320,2.47664,1.53479001118224
10321,2.47688,1.46421202786316
10322,2.47712,1.98634586071636
10323,2.47736,1.55278155155965
10324,2.4776,2.08021582452392
10325,2.47784,1.39948667484697
10326,2.47808,1.80852682010172
10327,2.47832,1.9706394082915
10328,2.47856,1.29335717058684
10329,2.4788,1.70314658883584
10330,2.47904,1.74349029303063
10331,2.47928,1.67180548022592
10332,2.47952,1.95666974286589
10333,2.47976,1.51757299061627
10334,2.48,2.04618462940345
10335,2.48024,1.84725041446226
10336,2.48048,1.41160694421343
10337,2.48072,2.18019796217536
10338,2.48096,1.49919339119544
10339,2.4812,1.90840273750158
10340,2.48144,1.71071274070527
10341,2.48168,1.75478434493926
10342,2.48192,1.92022334981632
10343,2.48216,1.60136730906909
10344,2.4824,1.64890230206811
10345,2.48264,1.93275680382891
10346,2.48288,1.73498470163207
10347,2.48312,1.78194693878651
10348,2.48336,1.58464859652727
10349,2.4836,1.98857727582275
10350,2.48384,1.67244637971285
10351,2.48408,1.71525579827138
10352,2.48432,2.00282940372824
10353,2.48456,1.68442257684656
10354,2.4848,1.96815636231506
10355,2.48504,1.53445965906472
10356,2.48528,2.05789913575238
10357,2.48552,1.74018753279915
10358,2.48576,1.5452301860214
10359,2.486,1.94797004000393
10360,2.48624,1.87429064376743
10361,2.48648,1.91629013622691
10362,2.48672,1.71593050426169
10363,2.48696,1.76392715090343
10364,2.4872,2.1650555545483
10365,2.48744,1.48846966281821
10366,2.48768,2.01486628678636
10367,2.48792,1.81419887232533
10368,2.48816,1.50150869165644
10369,2.4884,2.26181649245685
10370,2.48864,1.58416485790403
10371,2.48888,2.11078916227622
10372,2.48912,1.5486983436656
10373,2.48936,2.07641852603679
10374,2.4896,1.87663180911059
10375,2.48984,1.56090773432066
10376,2.49008,2.08643958769105
10377,2.49032,1.52370449969038
10378,2.49056,2.17240560838103
10379,2.4908,1.73146266452814
10380,2.49104,2.01515464467938
10381,2.49128,1.70041721318587
10382,2.49152,1.86219562095451
10383,2.49176,2.02826540061289
10384,2.492,1.70868894547081
10385,2.49224,1.9908371799392
10386,2.49248,1.55433604766785
10387,2.49272,2.07591313677011
10388,2.49296,1.27883609853616
10389,2.4932,2.04600426297711
10390,2.49344,1.84424348896536
10391,2.49368,1.53225971427984
10392,2.49392,2.17342116621661
10393,2.49416,1.49679582388667
10394,2.4944,2.26108032823708
10395,2.49464,1.58024974065318
10396,2.49488,1.74824887333259
10397,2.49512,2.02620513046883
10398,2.49536,1.59049716048513
10399,2.4956,2.11416664498875
10400,2.49584,1.67425820548144
10401,2.49608,2.08141185604405
10402,2.49632,1.63947735980137
10403,2.49656,1.80632860854197
10404,2.4968,1.84743074071098
10405,2.49704,1.88631177600924
10406,2.49728,1.93088233350675
10407,2.49752,1.85112165117585
10408,2.49776,1.77391357856404
10409,2.498,1.58026163862374
10410,2.49824,2.0983892387218
10411,2.49848,1.66099225982306
10412,2.49872,1.94509669971742
10413,2.49896,1.98505509153917
10414,2.4992,1.54651257702823
10415,2.49944,2.31365659781222
10416,2.49968,1.6303663381622
10417,2.49992,1.55676842733174
10418,2.50016,2.31567349360008
10419,2.5004,1.63625692572925
10420,2.50064,2.16119238662271
10421,2.50088,1.59748577480157
10422,2.50112,2.12366214012537
10423,2.50136,1.80255480647301
10424,2.5016,1.72682237801118
10425,2.50184,2.13070770592603
10426,2.50208,1.80629258250016
10427,2.50232,2.09121624858311
10428,2.50256,1.76900065986796
10429,2.5028,2.05119468065656
10430,2.50304,1.6169652848251
10431,2.50328,2.13374552906336
10432,2.50352,1.69505954390599
10433,2.50376,1.97793015374718
10434,2.504,2.01670756094839
10435,2.50424,1.33825887711132
10436,2.50448,2.34393405164314
10437,2.50472,1.65957374231181
10438,2.50496,1.58495217726708
10439,2.5052,2.10320443220239
10440,2.50544,1.66551072184099
10441,2.50568,2.06784017544681
10442,2.50592,1.86618941253983
10443,2.50616,1.66937106985636
10444,2.5064,2.43022878058553
10445,2.50664,1.38880071854929
10446,2.50688,2.2747374254517
10447,2.50712,1.59046068399563
10448,2.50736,2.23666900413783
10449,2.5076,1.9127054969055
10450,2.50784,1.95448989417745
10451,2.50808,1.87855083085755
10452,2.50832,2.03776379930866
10453,2.50856,1.8362160939188
10454,2.5088,1.88310683504056
10455,2.50904,2.03825176149312
10456,2.50928,1.7225486565997
10457,2.50952,2.12218082583702
10458,2.50976,1.5597027850715
10459,2.51,2.32546993682389
10460,2.51024,1.51975757797967
10461,2.51048,1.92516596310293
10462,2.51072,1.72689849312661
10463,2.51096,2.12469492477176
10464,2.5112,1.68900108565185
10465,2.51144,2.21091956135391
10466,2.51168,1.76759184939866
10467,2.51192,1.8119599806478
10468,2.51216,2.45229365183041
10469,2.5124,1.64768954858216
10470,2.51264,1.81363731136903
10471,2.51288,2.08963096358985
10472,2.51312,1.52957781693298
10473,2.51336,2.29380551410155
10474,2.5136,1.72929240075191
10475,2.51384,2.25606375533868
10476,2.51408,1.6901585808477
10477,2.51432,1.97288464386945
10478,2.51456,1.89124629624667
10479,2.5148,1.92910936687392
10480,2.51504,2.09301219522533
10481,2.51528,2.01146698567929
10482,2.51552,2.16659113673281
10483,2.51576,1.72969374067194
10484,2.516,2.48841322931319
10485,2.51624,1.68371802275134
10486,2.51648,1.84743326689234
10487,2.51672,2.24417771387661
10488,2.51696,1.80791254646756
10489,2.5172,2.20420912708599
10490,2.51744,1.76315719987333
10491,2.51768,2.16402356746717
10492,2.51792,1.83894914469367
10493,2.51816,2.24266735986328
10494,2.5184,1.80004925552324
10495,2.51864,2.19504626102384
10496,2.51888,1.87690885364029
10497,2.51912,2.03673452638856
10498,2.51936,1.95168238357558
10499,2.5196,1.63371078822541
10500,2.51984,2.1506051114144
10501,2.52008,1.59264190708832
10502,2.52032,2.35057084792459
10503,2.52056,1.42789394023989
10504,2.5208,2.3128290073801
10505,2.52104,1.62629171263376
10506,2.52128,2.27078396832588
10507,2.52152,1.82709570984207
10508,2.52176,2.10254013758542
10509,2.522,1.6652651879724
10510,2.52224,2.18348375452771
10511,2.52248,1.74186314340074
10512,2.52272,2.02581913865446
10513,2.52296,1.8211710483807
10514,2.5232,1.74306574196837
10515,2.52344,1.90632230539537
10516,2.52368,2.06029757692871
10517,2.52392,1.98360198050481
10518,2.52416,2.01878325340673
10519,2.5244,1.69901697925899
10520,2.52464,2.34185688820853
10521,2.52488,1.65336106823702
10522,2.52512,1.81579985026129
10523,2.52536,1.97554131391773
10524,2.5256,2.00896416627899
10525,2.52584,2.05052352427338
10526,2.52608,1.84801137586731
10527,2.52632,2.24259816922662
10528,2.52656,1.68529511931807
10529,2.5268,2.20027425220715
10530,2.52704,1.63567609961055
10531,2.52728,2.15930967084315
10532,2.52752,1.83271656512127
10533,2.52776,1.99397957728149
10534,2.528,2.03106368922934
10535,2.52824,2.18550790666958
10536,2.52848,1.74754611399655
10537,2.52872,2.14356818479314
10538,2.52896,1.94366394212066
10539,2.5292,2.10107530888598
10540,2.52944,1.89780973805941
10541,2.52968,1.94305817094003
10542,2.52992,1.97549119196686
10543,2.53016,2.01564280848418
10544,2.5304,1.81526651734581
10545,2.53064,1.96829613801668
10546,2.53088,1.65061111083121
10547,2.53112,2.17034155915781
10548,2.53136,2.08402134018879
10549,2.5316,1.64456367038163
10550,2.53184,2.16156264644633
10551,2.53208,1.83597717850583
10552,2.53232,1.87924409909534
10553,2.53256,2.51765664418043
10554,2.5328,1.71121781480949
10555,2.53304,1.99439797061521
10556,2.53328,2.14980642848028
10557,2.53352,1.82654118953063
10558,2.53376,2.22937045011638
10559,2.534,1.78106917801839
10560,2.53424,1.82292754303164
10561,2.53448,2.10178225229691
10562,2.53472,1.89571584920072
10563,2.53496,2.17752883451804
10564,2.5352,1.85228205440715
10565,2.53544,2.01137972161827
10566,2.53568,1.80927279057871
10567,2.53592,2.20426281357212
10568,2.53616,1.76371293777186
10569,2.5364,2.27834993546755
10570,2.53664,1.83330256124749
10571,2.53688,2.11397883750054
10572,2.53712,1.90750324664533
10573,2.53736,2.18892065965162
10574,2.5376,1.86329353075738
10575,2.53784,2.13880320849194
10576,2.53808,1.70076875525478
10577,2.53832,2.45530600499661
10578,2.53856,1.65055197289602
10579,2.5388,2.29224772395226
10580,2.53904,1.72428010938287
10581,2.53928,2.12657384310503
10582,2.53952,1.91878827662885
10583,2.53976,2.20025549077637
10584,2.54,1.87600773423262
10585,2.54024,2.26785205995687
10586,2.54048,1.82912348556997
10587,2.54072,2.22523484033657
10588,2.54096,2.13699446460947
10589,2.5412,1.57586431619898
10590,2.54144,2.33598479094979
10591,2.54168,1.88869389504018
10592,2.54192,2.05040563203255
10593,2.54216,2.20380883840739
10594,2.5424,1.75572980890586
10595,2.54264,2.15902491215004
10596,2.54288,1.95260508749523
10597,2.54312,1.869319967296
10598,2.54336,2.03020927961447
10599,2.5436,2.05950689601821
10600,2.54384,2.09666148184995
10601,2.54408,1.65855465472086
10602,2.54432,2.53286235382189
10603,2.54456,1.72415746942323
10604,2.5448,2.24744282894386
10605,2.54504,1.91787696957767
10606,2.54528,1.83663696288713
10607,2.54552,2.23960561261782
10608,2.54576,1.91127448416402
10609,2.546,1.94804214160108
10610,2.54624,2.10694868086081
10611,2.54648,1.89727649501943
10612,2.54672,2.17694767362104
10613,2.54696,2.09372685744498
10614,2.5472,2.36402750379301
10615,2.54744,1.683959110839
10616,2.54768,2.55950894508018
10617,2.54792,1.87098193045661
10618,2.54816,1.91350785705934
10619,2.5484,2.42788618908318
10620,2.54864,1.73813918247028
10621,2.54888,2.38131168709649
10622,2.54912,1.92888669353641
10623,2.54936,2.20643833774507
10624,2.5496,1.88365600800518
10625,2.54984,2.27521286815929
10626,2.55008,1.83440121698358
10627,2.55032,2.466031395876
10628,2.55056,1.78339262372007
10629,2.5508,2.30004964227652
10630,2.55104,2.09181314027104
10631,2.55128,1.65254056169557
10632,2.55152,2.52746401841816
10633,2.55176,1.59907646537484
10634,2.552,2.24102506751725
10635,2.55224,1.91207898073159
10636,2.55248,2.06982428205452
10637,2.55272,1.86600061055185
10638,2.55296,2.25676242075401
10639,2.5532,1.81431739568409
10640,2.55344,2.45003019043427
10641,2.55368,1.63926788654554
10642,2.55392,2.40245541046033
10643,2.55416,1.94935760536775
10644,2.5544,2.22626585406041
10645,2.55464,1.90286763391275
10646,2.55488,2.29383531427703
10647,2.55512,1.85246020443504
10648,2.55536,2.48355120764893
10649,2.5556,1.67796135990854
10650,2.55584,2.43693618233797
10651,2.55608,1.98681409717778
10652,2.55632,1.78721520263235
10653,2.55656,2.54366199991712
10654,2.5568,2.09371303486218
10655,2.55704,2.0145624420816
10656,2.55728,2.40382299374136
10657,2.55752,1.71637637605585
10658,2.55776,2.23798934873828
10659,2.558,2.14651105514495
10660,2.55824,1.70038698263484
10661,2.55848,2.46244273364252
10662,2.55872,1.88974201597352
10663,2.55896,2.04792279095991
10664,2.5592,2.20269917317089
10665,2.55944,2.11154209123609
10666,2.55968,2.03002749008448
10667,2.55992,2.18519017986966
10668,2.56016,2.09657570604177
10669,2.5604,2.01661520909776
10670,2.56064,2.28481159834268
10671,2.56088,1.96180160873668
10672,2.56112,2.11693146797272
10673,2.56136,2.14725533303956
10674,2.5616,1.9439957015988
10675,2.56184,2.33786678136635
10676,2.56208,1.77207148718661
10677,2.56232,2.52904144425666
10678,2.56256,1.83774710281496
10679,2.5628,2.23846991179547
10680,2.56304,2.02958734114391
10681,2.56328,2.18537767390104
10682,2.56352,1.97968464655642
10683,2.56376,2.25098375783289
10684,2.564,1.80846599174803
10685,2.56424,2.56000576243927
10686,2.56448,1.75154025051759
10687,2.56472,2.39053325068264
10688,2.56496,1.93676679761942
10689,2.5652,2.21519638668401
10690,2.56544,2.24710650732609
10691,2.56568,2.0410128577695
10692,2.56592,2.32063056832276
10693,2.56616,1.98586472889145
10694,2.5664,2.02301673286078
10695,2.56664,2.17751130049615
10696,2.56688,2.20546877879952
10697,2.56712,2.12369828902284
10698,2.56736,2.27514235817912
10699,2.5676,2.06616671438183
10700,2.56784,1.98612421049084
10701,2.56808,2.37363999062628
10702,2.56832,2.04711727783816
10703,2.56856,1.96444205197796
10704,2.5688,2.47191835948666
10705,2.56904,1.66749290308115
10706,2.56928,2.42625957273378
10707,2.56952,1.97114532698904
10708,2.56976,1.88877469847436
10709,2.57,2.40484585920718
10710,2.57024,1.95201018752512
10711,2.57048,2.23308013342968
10712,2.57072,2.38077933086788
10713,2.57096,2.05450306599852
10714,2.5712,1.85311829359621
10715,2.57144,2.36382017984617
10716,2.57168,1.79909839609225
10717,2.57192,2.67299146261555
10718,2.57216,1.85911585399657
10719,2.5724,2.13951119532659
10720,2.57264,2.29225619510682
10721,2.57288,2.07976743323692
10722,2.57312,2.36021651394672
10723,2.57336,2.14780634854423
10724,2.5736,2.18042616083723
10725,2.57384,1.97499001445913
10726,2.57408,2.36461665197772
10727,2.57432,1.92113969667969
10728,2.57456,2.43162876707574
10729,2.5748,1.86193450854434
10730,2.57504,2.38069875940918
10731,2.57528,2.0468005892793
10732,2.57552,1.96141644214012
10733,2.57576,2.36086111073795
10734,2.576,2.02743008000271
10735,2.57624,2.06625964332786
10736,2.57648,2.33437885500855
10737,2.57672,2.24529011661995
10738,2.57696,1.92301819369184
10739,2.5772,2.55165495871368
10740,2.57744,1.74677118798314
10741,2.57768,2.62147916035485
10742,2.57792,1.92646884524859
10743,2.57816,2.32757136704434
10744,2.5784,2.11772408454348
10745,2.57864,2.38329914319632
10746,2.57888,2.06169609161547
10747,2.57912,2.21378290441531
10748,2.57936,2.12442249186079
10749,2.5796,2.04286757109102
10750,2.57984,2.55314874362092
10751,2.58008,1.73919395676991
10752,2.58032,2.49931157677851
10753,2.58056,1.92214019283235
10754,2.5808,2.19980939035408
10755,2.58104,1.99476608159377
10756,2.58128,2.50068265001035
10757,2.58152,1.93612727077351
10758,2.58176,2.80626361828301
10759,2.582,1.87289198086672
10760,2.58224,2.27125636922368
10761,2.58248,2.17778307954919
10762,2.58272,2.21301224762415
10763,2.58296,2.00662025312335
10764,2.5832,2.39315618697464
10765,2.58344,1.82948658966846
10766,2.58368,2.46423531192707
10767,2.58392,2.25046426239404
10768,2.58416,1.92878462144688
10769,2.5844,2.68302834057559
10770,2.58464,1.98566806090334
10771,2.58488,2.2646957214381
10772,2.58512,2.41261477069359
10773,2.58536,1.95885889822026
10774,2.5856,2.11790521364646
10775,2.58584,2.14279239311966
10776,2.58608,2.06032985462605
10777,2.58632,2.21282754516297
10778,2.58656,2.47809176126853
10779,2.5868,1.79410564736233
10780,2.58704,2.54695110856261
10781,2.58728,1.85345935397408
10782,2.58752,2.37320179027681
10783,2.58776,2.27729120144399
10784,2.588,1.82692290213387
10785,2.58824,2.58576742799018
10786,2.58848,2.12591814847121
10787,2.58872,2.1606561109163
10788,2.58896,2.31370446685591
10789,2.5892,2.33680632617747
10790,2.58944,2.01423183265476
10791,2.58968,2.4024401927088
10792,2.58992,2.18903159701258
10793,2.59016,2.10514826659281
10794,2.5904,2.49292430727505
10795,2.59064,1.92479279764045
10796,2.59088,2.67950816714674
10797,2.59112,1.98260195641973
10798,2.59136,2.26206495679792
10799,2.5916,2.41040054710513
10800,2.59184,1.95356955331163
10801,2.59208,2.47439732170626
10802,2.59232,2.13810402324289
10803,2.59256,2.16988444485983
10804,2.5928,2.20200648241713
10805,2.59304,2.34646749077762
10806,2.59328,1.53908082701258
10807,2.59352,2.65583938137447
10808,2.59376,2.07771942005913
10809,2.594,2.23637313515316
10810,2.59424,2.38332642040434
10811,2.59448,2.05373019868598
10812,2.59472,2.20688710298756
10813,2.59496,2.35298268469726
10814,2.5952,1.90840543495845
10815,2.59544,2.78040029422433
10816,2.59568,1.84313444131465
10817,2.59592,2.36111167106245
10818,2.59616,2.3846307710176
10819,2.5964,2.29429101597573
10820,2.59664,1.97082260627772
10821,2.59688,2.47762398696327
10822,2.59712,1.90787212634239
10823,2.59736,2.54247620407669
10824,2.5976,2.08496490653031
10825,2.59784,2.36329371696449
10826,2.59808,2.26742201318241
10827,2.59832,2.06027590909561
10828,2.59856,2.09481037176942
10829,2.5988,2.47954799536006
10830,2.59904,2.03224162359122
10831,2.59928,2.54390799784535
10832,2.59952,1.96617898657033
10833,2.59976,2.48555966479403
10834,2.6,2.27246241533001
10835,2.60024,2.41597934693087
10836,2.60048,2.21294144135265
10837,2.60072,2.35947595426557
10838,2.60096,2.14670724378251
10839,2.6012,2.06302597013879
10840,2.60144,2.68890683829414
10841,2.60168,1.63695292508001
10842,2.60192,2.63438315561228
10843,2.60216,2.17306839067397
10844,2.6024,2.20640421986592
10845,2.60264,2.11974081347952
10846,2.60288,2.6225512066784
10847,2.60312,1.93608840414483
10848,2.60336,2.80334859203843
10849,2.6036,2.10689165328451
10850,2.60384,2.26341775801694
10851,2.60408,2.41052845968036
10852,2.60432,2.07891245984994
10853,2.60456,2.47331580101833
10854,2.6048,2.13505407923245
10855,2.60504,2.29216855838129
10856,2.60528,2.31563514370668
10857,2.60552,2.10674219084677
10858,2.60576,2.26161870178688
10859,2.606,2.40500478211156
10860,2.60624,1.95651062343572
10861,2.60648,2.71060242203609
10862,2.60672,1.89020510964252
10863,2.60696,2.52870993222051
10864,2.6072,2.31408657719995
10865,2.60744,2.45963473675412
10866,2.60768,1.8977056756612
10867,2.60792,2.76379663621167
10868,2.60816,1.94595877717165
10869,2.6084,2.4626675702654
10870,2.60864,2.3638518872311
10871,2.60888,2.03448972247701
10872,2.60912,2.67113479383512
10873,2.60936,2.09005251087732
10874,2.6096,2.12383661715909
10875,2.60984,2.39538019891913
10876,2.61008,2.41592595100357
10877,2.61032,2.09090778852725
10878,2.61056,2.47677698525546
10879,2.6108,2.26113478622912
10880,2.61104,2.17511553266851
10881,2.61128,2.67892573178967
10882,2.61152,1.74508501390213
10883,2.61176,2.62409536525846
10884,2.612,2.16413628577068
10885,2.61224,2.31293655453669
10886,2.61248,2.10402707140422
10887,2.61272,2.60491783096937
10888,2.61296,1.91883619932484
10889,2.6132,2.55110851338676
10890,2.61344,2.33235976247874
10891,2.61368,1.88564017792419
10892,2.61392,2.87497848178807
10893,2.61416,1.81639851579802
10894,2.6144,2.69155841835997
10895,2.61464,2.23051086693967
10896,2.61488,2.37826603545141
10897,2.61512,2.17491340064185
10898,2.61536,2.43663671418699
10899,2.6156,2.10705841929293
10900,2.61584,2.1403818112594
10901,2.61608,2.64289945383571
10902,2.61632,1.95359278633326
10903,2.61656,2.82071530099634
10904,2.6168,1.88314215630101
10905,2.61704,2.39992011341347
10906,2.61728,2.30337948685102
10907,2.61752,2.2162997543524
10908,2.61776,2.60579774608385
10909,2.618,1.90510987110697
10910,2.61824,2.66155684885498
10911,2.61848,2.32184700203353
10912,2.61872,2.34863725842549
10913,2.61896,2.02345790083922
10914,2.6192,2.64493688476408
10915,2.61944,2.19274782383228
10916,2.61968,2.34454352410944
10917,2.61992,2.48584840920911
10918,2.62016,2.03625128251905
10919,2.6204,2.90386813242393
10920,2.62064,2.08226957935061
10921,2.62088,2.35880076763844
10922,2.62112,2.50432815005465
10923,2.62136,2.04481341558394
10924,2.6216,2.32429717735637
10925,2.62184,2.46699056779545
10926,2.62208,2.25272148983206
10927,2.62232,2.16236267174315
10928,2.62256,2.54440005224555
10929,2.6228,1.85707453185334
10930,2.62304,2.84503933916819
10931,2.62328,2.023949234939
10932,2.62352,2.54059770197197
10933,2.62376,2.32187763469892
10934,2.624,2.35150739228033
10935,2.62424,2.3811308650009
10936,2.62448,2.39946543337977
10937,2.62472,2.19480420497525
10938,2.62496,2.4626582727328
10939,2.6252,2.48404264612778
10940,2.62544,2.03781438821642
10941,2.62568,2.54566905758623
10942,2.62592,2.21009103656
10943,2.62616,2.12483670807786
10944,2.6264,2.74748605648495
10945,2.62664,1.69416711685662
10946,2.62688,2.68852440480265
10947,2.62712,2.34632738556492
10948,2.62736,1.89482523398809
10949,2.6276,2.76850783022436
10950,2.62784,2.18405698452585
10951,2.62808,2.3379710324174
10952,2.62832,2.36795903608874
10953,2.62856,2.38792992958498
10954,2.6288,2.42275586118846
10955,2.62904,2.32313771658408
10956,2.62928,2.35035710157561
10957,2.62952,2.02558869405954
10958,2.62976,2.76730026663698
10959,2.63,2.07149984616506
10960,2.63024,2.46611957248024
10961,2.63048,2.48627306996388
10962,2.63072,2.15437706218248
10963,2.63096,2.5467558243624
10964,2.6312,2.20437477448278
10965,2.63144,2.47654175061817
10966,2.63168,2.26359713356627
10967,2.63192,2.64081406630011
10968,2.63216,2.07347227854974
10969,2.6324,2.6999159584352
10970,2.63264,2.23897675660615
10971,2.63288,2.27215356470966
10972,2.63312,2.65468159828174
10973,2.63336,1.72380963364484
10974,2.6336,2.83485202060025
10975,2.63384,2.01031117342838
10976,2.63408,2.40518966235394
10977,2.63432,2.3113662947363
10978,2.63456,2.33104686138287
10979,2.6348,2.12764611814909
10980,2.63504,2.63202856076654
10981,2.63528,2.0547562037683
10982,2.63552,2.44684313194773
10983,2.63576,2.46677719960562
10984,2.636,2.01744327059716
10985,2.63624,2.88662070852971
10986,2.63648,1.94318681085836
10987,2.63672,2.57946657212868
10988,2.63696,2.24070882664492
10989,2.6372,2.38734875916967
10990,2.63744,2.41603042692957
10991,2.63768,2.43346658457123
10992,2.63792,2.34474554847417
10993,2.63816,2.49079582482834
10994,2.6384,2.38955571006361
10995,2.63864,2.06266155016852
10996,2.63888,2.69249641193326
10997,2.63912,1.98857530813183
10998,2.63936,2.50534437671676
10999,2.6396,2.52857021058708
11000,2.63984,2.19218112051605
11001,2.64008,2.46827847401571
11002,2.64032,2.48527776616173
11003,2.64056,2.27328260155887
11004,2.6408,2.18464374227177
11005,2.64104,2.80143965130721
11006,2.64128,1.74864196706991
11007,2.64152,2.74261999962942
11008,2.64176,2.51726912480933
11009,2.642,2.06296242474868
11010,2.64224,2.93303588081913
11011,2.64248,1.991357318638
11012,2.64272,2.26803379616088
11013,2.64296,2.77322980854722
11014,2.6432,1.95009646638073
11015,2.64344,2.58680561531818
11016,2.64368,2.48552712173807
11017,2.64392,2.50723110393987
11018,2.64416,2.061718200922
11019,2.6444,2.92237966381889
11020,2.64464,2.22094555400722
11021,2.64488,2.2528617408998
11022,2.64512,2.75184818697366
11023,2.64536,2.06002843656695
11024,2.6456,2.92602173494291
11025,2.64584,1.9852316307753
11026,2.64608,2.49892946031156
11027,2.64632,2.51662800712431
11028,2.64656,2.18238463706337
11029,2.6468,2.4526762827154
11030,2.64704,2.47069512449359
11031,2.64728,2.50277202169735
11032,2.64752,2.40052436118811
11033,2.64776,2.42347745826128
11034,2.648,2.09637707995042
11035,2.64824,2.95568227727723
11036,2.64848,2.01896696634421
11037,2.64872,2.53262711900892
11038,2.64896,2.67056071659767
11039,2.6492,1.85608503074387
11040,2.64944,2.84835590139182
11041,2.64968,2.14465385542489
11042,2.64992,2.41981729531842
11043,2.65016,2.80369966051374
11044,2.6504,2.10286598376263
11045,2.65064,2.49836645999461
11046,2.65088,2.63437890905634
11047,2.65112,2.2978573592552
11048,2.65136,2.33021322930903
11049,2.6516,2.82916134487321
11050,2.65184,2.1286115142136
11051,2.65208,2.52394480219469
11052,2.65232,2.41968311848379
11053,2.65256,2.20497370200363
11054,2.6528,2.59615339045301
11055,2.65304,2.13147152348007
11056,2.65328,2.40650037477572
11057,2.65352,2.55187968535025
11058,2.65376,2.56677614148752
11059,2.654,2.35883042037819
11060,2.65424,2.62090601351419
11061,2.65448,2.51736298757717
11062,2.65472,2.06928599027597
11063,2.65496,3.05253255739523
11064,2.6552,2.10884010353543
11065,2.65544,2.38271622767837
11066,2.65568,2.76147520402851
11067,2.65592,1.70716592008044
11068,2.65616,2.81777758310219
11069,2.6564,2.23294416687244
11070,2.65664,2.38737179592666
11071,2.65688,2.53374123637703
11072,2.65712,2.54696076823778
11073,2.65736,2.09774107373247
11074,2.6576,2.72429402671657
11075,2.65784,2.37760542928229
11076,2.65808,2.28917648081601
11077,2.65832,2.55578480357514
11078,2.65856,2.32886473405057
11079,2.6588,2.36285098293238
11080,2.65904,2.38531187051502
11081,2.65928,2.52537204894916
11082,2.65952,2.31767750446906
11083,2.65976,2.69551336981797
11084,2.66,2.12318101707735
11085,2.66024,2.27334112766185
11086,2.66048,2.88889735191105
11087,2.66072,1.83276571615995
11088,2.66096,2.82397109439204
11089,2.6612,2.47745339744332
11090,2.66144,2.26543274755422
11091,2.66168,2.77420519638111
11092,2.66192,2.30787014702824
11093,2.66216,2.58301948180964
11094,2.6624,2.48404226642005
11095,2.66264,2.50448671565838
11096,2.66288,2.53797041246797
11097,2.66312,2.55297943883672
11098,2.66336,2.33907806087191
11099,2.6636,2.25035003676656
11100,2.66384,2.86705898907172
11101,2.66408,1.81202887330206
11102,2.66432,2.80428681667439
11103,2.66456,2.57728907483781
11104,2.6648,2.12140871202901
11105,2.66504,2.98997522882818
11106,2.66528,2.1636222761149
11107,2.66552,2.55718462443895
11108,2.66576,2.81596548682076
11109,2.666,2.11487811394744
11110,2.66624,2.75023106569304
11111,2.66648,2.4045039000451
11112,2.66672,2.42816136665875
11113,2.66696,2.21980627095489
11114,2.6672,2.95739447400957
11115,2.66744,1.89858665260696
11116,2.66768,2.77175410675737
11117,2.66792,2.66527787988356
11118,2.66816,2.08588436231718
11119,2.6684,2.95571580291672
11120,2.66864,2.13100369804524
11121,2.66888,2.52613566341917
11122,2.66912,2.90625101082225
11123,2.66936,1.96303806484007
11124,2.6696,2.71714079582613
11125,2.66984,2.49154007668518
11126,2.67008,2.51417424106456
11127,2.67032,2.18588829932041
11128,2.67056,3.04232724486573
11129,2.6708,1.98214015224724
11130,2.67104,2.73592357875185
11131,2.67128,2.50957143031888
11132,2.67152,2.29181664333041
11133,2.67176,2.79946615720685
11134,2.672,2.33248467184462
11135,2.67224,2.488073502514
11136,2.67248,2.5074443266468
11137,2.67272,2.5273269439368
11138,2.67296,2.56027187606798
11139,2.6732,2.69460205592561
11140,2.67344,2.3547138585128
11141,2.67368,2.38560337912572
11142,2.67392,2.88314994868187
11143,2.67416,1.94073026552297
11144,2.6744,2.81412154773909
11145,2.67464,2.46597595022857
11146,2.67488,2.48906892567684
11147,2.67512,2.51939399711245
11148,2.67536,2.29131125304372
11149,2.6756,2.56171058652751
11150,2.67584,2.46426400913978
11151,2.67608,2.60164879358252
11152,2.67632,2.5147401434912
11153,2.67656,2.40935012863153
11154,2.6768,2.43324940335342
11155,2.67704,2.224677667912
11156,2.67728,2.96032265205959
11157,2.67752,2.02472686039054
11158,2.67776,2.6549319493346
11159,2.678,2.6672729774767
11160,2.67824,2.08824702162683
11161,2.67848,2.95843155335198
11162,2.67872,2.48962757614156
11163,2.67896,2.27743707912974
11164,2.6792,3.02091099880631
11165,2.67944,2.07228616262765
11166,2.67968,2.58767132604127
11167,2.67992,2.84618708761926
11168,2.68016,2.14442531101258
11169,2.6804,2.77913271471896
11170,2.68064,2.43278822600606
11171,2.68088,2.45586361890267
11172,2.68112,2.24650269293907
11173,2.68136,2.98139151352408
11174,2.6816,2.04507178386986
11175,2.68184,2.67458338761361
11176,2.68208,2.68626032736885
11177,2.68232,2.10659902181501
11178,2.68256,2.97617519608214
11179,2.6828,2.50678900546909
11180,2.68304,2.29404159734038
11181,2.68328,3.03698230278063
11182,2.68352,2.08784777030465
11183,2.68376,2.60274528225964
11184,2.684,2.86079427383017
11185,2.68424,2.15684716130952
11186,2.68448,2.79119511051119
11187,2.68472,2.56303619014796
11188,2.68496,2.22677333960619
11189,2.6852,2.49687455045473
11190,2.68544,2.74912563020047
11191,2.68568,2.29545572867373
11192,2.68592,2.56172142139774
11193,2.68616,2.813363157897
11194,2.6864,1.99436263084363
11195,2.68664,2.86202324384892
11196,2.68688,2.51065339792746
11197,2.68712,2.29791810577399
11198,2.68736,3.15981187601564
11199,2.6876,2.20899317181887
11200,2.68784,2.60158347720254
11201,2.68808,2.61625149082326
11202,2.68832,2.27781698233564
11203,2.68856,2.90751973046766
11204,2.6888,2.43744351090385
11205,2.68904,2.34605629530234
11206,2.68928,2.6115765622567
11207,2.68952,2.62286890666335
11208,2.68976,2.41366814930535
11209,2.69,2.67497634616163
11210,2.69024,2.68746674127271
11211,2.69048,2.11814821588379
11212,2.69072,2.97711096002105
11213,2.69096,2.39086619368675
11214,2.6912,2.30288647121519
11215,2.69144,2.91766637812932
11216,2.69168,2.21813383039929
11217,2.69192,2.48800675307001
11218,2.69216,2.86034871315891
11219,2.6924,2.16985970457174
11220,2.69264,2.67238188819246
11221,2.69288,2.68817894512495
11222,2.69312,2.12022832557509
11223,2.69336,3.10038497066447
11224,2.6936,2.39257485412436
11225,2.69384,2.42185856323631
11226,2.69408,3.03857640873985
11227,2.69432,2.0907379971596
11228,2.69456,2.84172120625752
11229,2.6948,2.61182177874429
11230,2.69504,2.3906765722112
11231,2.69528,2.77960521602717
11232,2.69552,2.42692953741144
11233,2.69576,2.57249390614623
11234,2.696,2.47548030597622
11235,2.69624,2.72918857125548
11236,2.69648,2.28119502589561
11237,2.69672,2.77905493125652
11238,2.69696,2.55726346892719
11239,2.6972,2.22831304696233
11240,2.69744,2.84181801506101
11241,2.69768,2.26482329929408
11242,2.69792,2.53253458594319
11243,2.69816,2.90537444644416
11244,2.6984,1.97006666581973
11245,2.69864,2.95699984042413
11246,2.69888,2.48567241994374
11247,2.69912,2.2728236530368
11248,2.69936,3.13635034249317
11249,2.6996,2.18491721197073
11250,2.69984,2.57824628613735
11251,2.70008,3.07513742338284
11252,2.70032,2.24711848082986
11253,2.70056,2.88219763552324
11254,2.7008,2.5335665779882
11255,2.70104,2.43725414420667
11256,2.70128,2.70763365968222
11257,2.70152,2.47736683304293
11258,2.70176,2.38920073952064
11259,2.702,2.53009170468857
11260,2.70224,2.54378188516701
11261,2.70248,2.33551487136227
11262,2.70272,2.95374658715411
11263,2.70296,2.60568282034995
11264,2.7032,2.27358983714057
11265,2.70344,3.25013443637102
11266,2.70368,2.1806466604432
11267,2.70392,2.68975338829464
11268,2.70416,2.82114662958763
11269,2.7044,2.23659666408224
11270,2.70464,2.98601848221104
11271,2.70488,2.51278170681306
11272,2.70512,2.17656370825362
11273,2.70536,2.92338664494934
11274,2.7056,2.32918720784246
11275,2.70584,2.47902358011665
11276,2.70608,2.73992229737341
11277,2.70632,2.51281854207924
11278,2.70656,2.54573161677314
11279,2.7068,2.6782429364256
11280,2.70704,2.46084966047063
11281,2.70728,2.36878019546047
11282,2.70752,2.85897126181513
11283,2.70776,2.40501581474046
11284,2.708,2.66749436415217
11285,2.70824,2.79831084857806
11286,2.70848,2.10472033981398
11287,2.70872,3.08622578195539
11288,2.70896,2.37487217905999
11289,2.7092,2.4047513752968
11290,2.70944,3.02288238328929
11291,2.70968,2.31302561614376
11292,2.70992,2.8249452106389
11293,2.71016,2.71714182395786
11294,2.7104,2.37226516815795
11295,2.71064,2.64370555222676
11296,2.71088,2.65058009917645
11297,2.71112,2.43587536386929
11298,2.71136,2.46094914014598
11299,2.7116,2.83230474436079
11300,2.71184,2.26242484700773
11301,2.71208,3.00055362624349
11302,2.71232,2.41771442888094
11303,2.71256,2.4475919430629
11304,2.7128,3.18032807989647
11305,2.71304,2.12040385687179
11306,2.71328,2.74802119525005
11307,2.71352,2.75876148579756
11308,2.71376,2.0614495096053
11309,2.714,3.04767837086782
11310,2.71424,2.33514313744678
11311,2.71448,2.48335862544247
11312,2.71472,2.74403039602884
11313,2.71496,2.63347702117779
11314,2.7152,2.54344657179953
11315,2.71544,2.67950575436709
11316,2.71568,2.80796438802739
11317,2.71592,2.35740113199907
11318,2.71616,2.85409799025679
11319,2.7164,2.74317030074358
11320,2.71664,2.17081936917523
11321,2.71688,3.26306121311068
11322,2.71712,2.19664441592516
11323,2.71736,2.70605219493657
11324,2.7176,2.83558339564736
11325,2.71784,2.13815846959736
11326,2.71808,3.2436600315834
11327,2.71832,2.52936560791854
11328,2.71856,2.43791685198546
11329,2.7188,3.17789777388444
11330,2.71904,2.22596895397949
11331,2.71928,2.73773389122917
11332,2.71952,2.99147318414235
11333,2.71976,2.04462627252128
11334,2.72,2.91551414406393
11335,2.72024,2.68350691119082
11336,2.72048,2.2237383772331
11337,2.72072,2.85023237630034
11338,2.72096,2.61675555375083
11339,2.7212,2.64232426804374
11340,2.72144,2.54295859521498
11341,2.72168,2.6710744847012
11342,2.72192,2.57970100212611
11343,2.72216,2.7144754887628
11344,2.7224,2.72537117736177
11345,2.72264,2.51441148772456
11346,2.72288,2.8847364498796
11347,2.72312,2.54053239009087
11348,2.72336,2.44872977785209
11349,2.7236,2.93655973718481
11350,2.72384,2.23761513469966
11351,2.72408,2.62352838852862
11352,2.72432,2.9913959381958
11353,2.72456,2.17679807712725
11354,2.7248,2.9192093051859
11355,2.72504,2.68644762140849
11356,2.72528,2.23462616983853
11357,2.72552,3.33625106046208
11358,2.72576,2.26353315814782
11359,2.726,2.65631716244377
11360,2.72624,3.0337255066414
11361,2.72648,2.32454343609725
11362,2.72672,2.59790582719508
11363,2.72696,2.7290238718579
11364,2.7272,2.62577829242973
11365,2.72744,2.29515078827967
11366,2.72768,3.02730836091678
11367,2.72792,2.32723086082261
11368,2.72816,2.47282057231683
11369,2.7284,2.84131483510948
11370,2.72864,2.50798551694881
11371,2.72888,2.76688544607087
11372,2.72912,2.89648703068881
11373,2.72936,2.44439484079441
11374,2.7296,3.05904776133062
11375,2.72984,2.59165594796215
11376,2.73008,2.49880293035785
11377,2.73032,3.10764371801269
11378,2.73056,2.04641931190098
11379,2.7308,2.7908591345441
11380,2.73104,2.79791612281338
11381,2.73128,1.98246213138463
11382,2.73152,3.2033840645543
11383,2.73176,2.36809708923993
11384,2.732,2.39754002697198
11385,2.73224,3.136354919752
11386,2.73248,2.42255768056149
11387,2.73272,2.69410947049033
11388,2.73296,2.94681747862367
11389,2.7332,2.47966190114685
11390,2.73344,2.87032424110208
11391,2.73368,2.63389144533554
11392,2.73392,2.53334805977804
11393,2.73416,2.32338539608767
11394,2.7344,3.17140884262019
11395,2.73464,1.98992035860788
11396,2.73488,2.73961175520421
11397,2.73512,2.86845125981656
11398,2.73536,2.17036081540266
11399,2.7356,3.03860908740379
11400,2.73584,2.44071907504261
11401,2.73608,2.58834521123467
11402,2.73632,2.73034079676069
11403,2.73656,2.73721182002374
11404,2.7368,2.2858574286708
11405,2.73704,3.02404845142257
11406,2.73728,2.79292422868072
11407,2.73752,2.22105698408349
11408,2.73776,3.43925621677864
11409,2.738,2.36957257874929
11410,2.73824,2.51854048276987
11411,2.73848,3.13207610374706
11412,2.73872,2.06707835704978
11413,2.73896,2.81488385764239
11414,2.7392,2.70183443810497
11415,2.73944,2.24645974818193
11416,2.73968,3.22574386361729
11417,2.73992,2.15145983644593
11418,2.74016,2.78064371643738
11419,2.7404,3.02947536274893
11420,2.74064,2.08360480080273
11421,2.74088,3.18852742292612
11422,2.74112,2.47102408487649
11423,2.74136,2.37657356807317
11424,2.7416,3.11669556854191
11425,2.74184,2.40415122787187
11426,2.74208,2.91656279914134
11427,2.74232,2.80616531402981
11428,2.74256,2.57428324033947
11429,2.7428,2.84445147092978
11430,2.74304,2.60953905567038
11431,2.74328,2.51045404052049
11432,2.74352,2.53980976202913
11433,2.74376,3.02540407200579
11434,2.744,2.32346703923456
11435,2.74424,2.70651587276468
11436,2.74448,2.9527047312316
11437,2.74472,2.01821781454319
11438,2.74496,3.24556559092198
11439,2.7452,2.52707881357266
11440,2.74544,2.55281806473399
11441,2.74568,2.9320533295571
11442,2.74592,2.69789241887838
11443,2.74616,2.24865508951027
11444,2.7464,2.98887314274173
11445,2.74664,2.75401617468998
11446,2.74688,2.30019292364879
11447,2.74712,3.39640069739985
11448,2.74736,2.20348048769052
11449,2.7476,2.71790645525575
11450,2.74784,2.85211368636824
11451,2.74808,2.85945733420827
11452,2.74832,2.4080542786769
11453,2.74856,3.1379391542571
11454,2.7488,2.31148146935621
11455,2.74904,2.58418030470523
11456,2.74928,3.19576405732488
11457,2.74952,2.3642003514948
11458,2.74976,2.87560882170783
11459,2.75,2.63964121828846
11460,2.75024,2.53954385836145
11461,2.75048,2.44591305534409
11462,2.75072,3.17036383953077
11463,2.75096,1.9870020436195
11464,2.7512,3.21554446087099
11465,2.75144,2.61626579136467
11466,2.75168,2.51854766344099
11467,2.75192,2.90305740046527
11468,2.75216,2.90439915256822
11469,2.7524,2.20809391115178
11470,2.75264,2.95034364415922
11471,2.75288,2.83419533908032
11472,2.75312,2.25819127720815
11473,2.75336,3.35999048965735
11474,2.7536,2.40116548474666
11475,2.75384,2.67067115550735
11476,2.75408,2.80720288642995
11477,2.75432,2.93267342703175
11478,2.75456,2.36027546925559
11479,2.7548,2.85545960728406
11480,2.75504,2.8625165113226
11481,2.75528,2.17032199398176
11482,2.75552,3.38409644347781
11483,2.75576,2.30973463861227
11484,2.756,2.70180506033049
11485,2.75624,2.83402323979823
11486,2.75648,2.60153275045825
11487,2.75672,2.87111639372199
11488,2.75696,2.75503805398286
11489,2.7572,2.64933166688072
11490,2.75744,2.55863145126935
11491,2.75768,3.28411914833218
11492,2.75792,2.21988886523642
11493,2.75816,2.84595331790067
11494,2.7584,3.08923993152065
11495,2.75864,2.02956614469529
11496,2.75888,3.2570109276794
11497,2.75912,2.53730397644785
11498,2.75936,2.56233229711573
11499,2.7596,2.94174147321155
11500,2.75984,2.58353721942965
11501,2.76008,2.49326695132536
11502,2.76032,2.98942199813308
11503,2.76056,2.87451258444182
11504,2.7608,2.42082166018774
11505,2.76104,3.15067688333548
11506,2.76128,2.32419413698398
11507,2.76152,2.59686948938137
11508,2.76176,3.08728241033388
11509,2.762,2.37468757001928
11510,2.76224,3.12364539948984
11511,2.76248,2.7667352303468
11512,2.76272,2.3086621868093
11513,2.76296,2.81823634582669
11514,2.7632,3.05988420156132
11515,2.76344,2.59782544093416
11516,2.76368,2.73792738118222
11517,2.76392,2.74216526725371
11518,2.76416,2.29176096272276
11519,2.7644,3.15068461483532
11520,2.76464,2.79274773630101
11521,2.76488,2.09834570582964
11522,2.76512,3.31565042946626
11523,2.76536,2.71789761225181
11524,2.7656,2.26336570309224
11525,2.76584,3.35367870102532
11526,2.76608,2.28675941587306
11527,2.76632,2.79434506753831
11528,2.76656,3.15872649243086
11529,2.7668,1.97698581225873
11530,2.76704,3.0837302579299
11531,2.76728,2.84601375646469
11532,2.76752,2.2700921652562
11533,2.76776,3.36846821756731
11534,2.768,2.41032113685177
11535,2.76824,2.68043765778598
11536,2.76848,3.05506632454822
11537,2.76872,2.45962062976479
11538,2.76896,2.85047360885382
11539,2.7692,2.85563230169797
11540,2.76944,2.50639668161342
11541,2.76968,2.77625590037608
11542,2.76992,2.89839708739683
11543,2.77016,2.55693396429622
11544,2.7704,2.4673016844678
11545,2.77064,3.43567515730254
11546,2.77088,2.24378563092911
11547,2.77112,2.8693386692518
11548,2.77136,2.99406807750474
11549,2.7716,2.058926881643
11550,2.77184,3.0407101926063
11551,2.77208,2.68127449950581
11552,2.77232,2.22600575697731
11553,2.77256,3.32649835085609
11554,2.7728,2.36598411793444
11555,2.77304,2.63297331964945
11556,2.77328,3.24389343124793
11557,2.77352,2.29228866522783
11558,2.77376,3.16163009298824
11559,2.774,2.80353164756827
11560,2.77424,2.2231802394914
11561,2.77448,3.08724353491088
11562,2.77472,2.487567195074
11563,2.77496,2.51275816754999
11564,2.7752,3.24835755498917
11565,2.77544,2.29139722865529
11566,2.77568,3.04151485616636
11567,2.77592,3.04691268094177
11568,2.77616,2.45738186241852
11569,2.7764,2.84555279847776
11570,2.77664,2.96451796346086
11571,2.77688,2.50760121859039
11572,2.77712,3.00381448941746
11573,2.77736,2.88896124906875
11574,2.7776,2.19652877198225
11575,2.77784,3.4100747039792
11576,2.77808,2.57648900354658
11577,2.77832,2.48547795747564
11578,2.77856,3.33393508859024
11579,2.7788,2.14506244270039
11580,2.77904,3.013605197648
11581,2.77928,2.89707034099538
11582,2.77952,2.19958017560077
11583,2.77976,3.18734263766165
11584,2.78,2.82704630824096
11585,2.78024,2.608047397203
11586,2.78048,2.98631778118631
11587,2.78072,2.5102609901054
11588,2.78096,2.78178082001407
11589,2.7812,3.03399340768591
11590,2.78144,2.56114565169056
11591,2.78168,2.82911136714574
11592,2.78192,2.94900627750578
11593,2.78216,2.49297795272609
11594,2.7824,2.99003981303469
11595,2.78264,2.75222927265794
11596,2.78288,2.41847648380081
11597,2.78312,3.39118254520085
11598,2.78336,2.20000188049455
11599,2.7836,3.07247127720567
11600,2.78384,3.0768379147486
11601,2.78408,2.48632318503146
11602,2.78432,2.75764808173124
11603,2.78456,3.24156965922246
11604,2.7848,2.29926142938347
11605,2.78504,3.1586934256678
11606,2.78528,2.68099354445789
11607,2.78552,2.46852093395983
11608,2.78576,3.31889595521387
11609,2.786,2.3645317761371
11610,2.78624,2.99418868945781
11611,2.78648,2.75498282420992
11612,2.78672,2.77948956759737
11613,2.78696,2.91173579346099
11614,2.7872,2.91676442896384
11615,2.78744,2.46447112830562
11616,2.78768,3.31333691025865
11617,2.78792,2.72182895079595
11618,2.78816,2.38956716067803
11619,2.7884,3.47441584674714
11620,2.78864,2.04887734159778
11621,2.78888,3.27319886852811
11622,2.78912,2.55093175254799
11623,2.78936,2.69597316718314
11624,2.7896,3.07077615806275
11625,2.78984,2.59666156036637
11626,2.79008,2.8634119931301
11627,2.79032,3.1041828684372
11628,2.79056,2.40207096905899
11629,2.7908,2.78361062963631
11630,2.79104,3.0274709225749
11631,2.79128,2.09382105198539
11632,2.79152,3.31629408332304
11633,2.79176,2.59491826852237
11634,2.792,2.62219783387509
11635,2.79224,3.35239497918056
11636,2.79248,2.3968288720588
11637,2.79272,2.90856809965188
11638,2.79296,3.03197394654625
11639,2.7932,2.44334514765566
11640,2.79344,2.83280419630888
11641,2.79368,2.95300267795555
11642,2.79392,2.49726838659719
11643,2.79416,2.99461232802624
11644,2.7944,2.87737496853146
11645,2.79464,2.30420062677017
11646,2.79488,3.51241908892925
11647,2.79512,2.08548645484082
11648,2.79536,3.30847563789217
11649,2.7956,2.58759341493412
11650,2.79584,2.61534354994478
11651,2.79608,3.34598948796696
11652,2.79632,2.39085129805045
11653,2.79656,3.01976736554112
11654,2.7968,2.77985284394936
11655,2.79704,2.80368266095559
11656,2.79728,2.93528094858962
11657,2.79752,2.70049034175641
11658,2.79776,2.48765131072138
11659,2.798,3.33767428726854
11660,2.79824,2.38297408532422
11661,2.79848,3.01230878913305
11662,2.79872,2.89130832261654
11663,2.79896,2.55130089862964
11664,2.7992,2.69703362757888
11665,2.79944,3.41904517404655
11666,2.79968,2.11619371973162
11667,2.79992,3.09660559097427
11668,2.80016,2.73896585330107
11669,2.8004,2.52456364736931
11670,2.80064,3.37220213894111
11671,2.80088,2.06316197664138
11672,2.80112,3.29042189073457
11673,2.80136,2.56746424508549
11674,2.8016,2.71228291252299
11675,2.80184,3.08554844248733
11676,2.80208,2.61128406326458
11677,2.80232,2.8778939214531
11678,2.80256,2.99649226241127
11679,2.8028,2.53922590136118
11680,2.80304,3.0351023863646
11681,2.80328,2.91646025464127
11682,2.80352,2.34194121262409
11683,2.80376,3.54887196381595
11684,2.804,2.12070740788109
11685,2.80424,3.34251719746726
11686,2.80448,2.62050680362295
11687,2.80472,2.64717767600495
11688,2.80496,3.37679051343109
11689,2.8052,2.42066527778737
11690,2.80544,3.04863691914354
11691,2.80568,3.04793037542639
11692,2.80592,2.58853629285989
11693,2.80616,3.08237825394197
11694,2.8064,2.84545428733612
11695,2.80664,2.39177074530432
11696,2.80688,3.59664148372255
11697,2.80712,2.16650843154368
11698,2.80736,3.15113382622001
11699,2.8076,2.67066425431186
11700,2.80784,2.57675385333396
11701,2.80808,3.31086588125039
11702,2.80832,2.47320291654153
11703,2.80856,2.98355392510223
11704,2.8088,2.74526476800587
11705,2.80904,2.64339695107218
11706,2.80928,2.79076684935568
11707,2.80952,3.03192881819024
11708,2.80976,2.5733844385627
11709,2.81,3.06804035771686
11710,2.81024,2.83189834905749
11711,2.81048,2.37896421620674
11712,2.81072,3.58455372905817
11713,2.81096,2.15511124321559
11714,2.8112,3.26022418425011
11715,2.81144,2.65927240440501
11716,2.81168,2.68453444552598
11717,2.81192,3.29296878880174
11718,2.81216,2.34034436480964
11719,2.8124,3.08842923122281
11720,2.81264,2.84486539622939
11721,2.81288,2.74711010787559
11722,2.81312,2.8818093948846
11723,2.81336,2.8857303244146
11724,2.8136,2.55346504973488
11725,2.81384,3.63783972514888
11726,2.81408,2.32210979602421
11727,2.81432,3.06578826430967
11728,2.81456,2.82725079548693
11729,2.8148,2.3729782288083
11730,2.81504,3.46875415569236
11731,2.81528,2.26847211122471
11732,2.81552,2.78149359678629
11733,2.81576,3.27344526264768
11734,2.816,2.67168889754018
11735,2.81624,2.9405853022002
11736,2.81648,3.06087815509213
11737,2.81672,2.71725230579968
11738,2.81696,2.85337851059623
11739,2.8172,3.09394596902298
11740,2.81744,2.75667357966326
11741,2.81768,3.35824158372608
11742,2.81792,2.40866114387106
11743,2.81816,2.91035970035789
11744,2.8184,3.03036799147366
11745,2.81864,2.21445922918111
11746,2.81888,3.66717971154996
11747,2.81912,2.22746182144358
11748,2.81936,3.09662674973484
11749,2.8196,2.97846535110206
11750,2.81984,2.27947186431387
11751,2.82008,3.37950285198223
11752,2.82032,2.18329223557265
11753,2.82056,3.17076138992508
11754,2.8208,2.8088684531052
11755,2.82104,2.71124293664531
11756,2.82128,3.08528576354286
11757,2.82152,2.84661504931566
11758,2.82176,2.75251343033764
11759,2.822,3.35442571243762
11760,2.82224,2.40517515460706
11761,2.82248,2.90718912057823
11762,2.82272,3.0274995133404
11763,2.82296,2.32995432841463
11764,2.8232,3.5381454629528
11765,2.82344,2.10378045338144
11766,2.82368,3.08478916690714
11767,2.82392,2.9620929175997
11768,2.82416,2.38293713842926
11769,2.8244,3.47732110821013
11770,2.82464,2.39816314501546
11771,2.82488,3.14857334540435
11772,2.82512,2.90717971019537
11773,2.82536,2.67861672389864
11774,2.8256,2.58669898476296
11775,2.82584,3.42738846686766
11776,2.82608,2.24111148740937
11777,2.82632,3.34087247042643
11778,2.82656,2.85729133553565
11779,2.8268,2.397838408366
11780,2.82704,3.259887752346
11781,2.82728,2.77371036775254
11782,2.82752,2.55888920876335
11783,2.82776,3.05485792983304
11784,2.828,2.93630104503168
11785,2.82824,2.36274768534821
11786,2.82848,3.69129341613962
11787,2.82872,2.25047015698119
11788,2.82896,2.88328519795354
11789,2.8292,3.37132432001778
11790,2.82944,2.65035137246875
11791,2.82968,2.79953690732245
11792,2.82992,3.28076645756848
11793,2.83016,2.33504361883324
11794,2.8304,2.9537119606047
11795,2.83064,3.07231223038141
11796,2.83088,2.25505932192639
11797,2.83112,3.58666115423449
11798,2.83136,2.1504996345565
11799,2.8316,3.25573798747806
11800,2.83184,2.77295237101869
11801,2.83208,2.67381511888594
11802,2.83232,3.52406201964584
11803,2.83256,2.68196694616316
11804,2.8328,3.07004335419472
11805,2.83304,2.95177843329082
11806,2.83328,2.60219576848374
11807,2.83352,2.86513258896944
11808,2.83376,3.10228015413413
11809,2.834,2.52352383448111
11810,2.83424,3.37511042185384
11811,2.83448,2.89472183229152
11812,2.83472,2.3193369498503
11813,2.83496,3.53367905790323
11814,2.8352,2.57364091630681
11815,2.83544,2.84184600973504
11816,2.83568,3.20510633749371
11817,2.83592,2.25852567860005
11818,2.83616,3.00582117674891
11819,2.8364,3.00207973631359
11820,2.83664,2.66482480063427
11821,2.83688,3.15653487002994
11822,2.83712,2.79468129487568
11823,2.83736,2.57928572664484
11824,2.8376,3.42597154153643
11825,2.83784,2.23019388553005
11826,2.83808,3.21937095680542
11827,2.83832,2.8568966681567
11828,2.83856,2.75614053308216
11829,2.8388,2.8914207341169
11830,2.83904,3.13117918061367
11831,2.83928,2.5552118041769
11832,2.83952,3.63963424887987
11833,2.83976,2.32481373180315
11834,2.84,2.95345746065015
11835,2.84024,2.95474664910449
11836,2.84048,2.37653980505766
11837,2.84072,3.47182952913648
11838,2.84096,2.39353892198339
11839,2.8412,3.26111452897141
11840,2.84144,2.8969647224269
11841,2.84168,2.55094033422339
11842,2.84192,2.93190186215359
11843,2.84216,3.17260706177556
11844,2.8424,2.59764128382512
11845,2.84264,3.44632183282925
11846,2.84288,2.73177349692909
11847,2.84312,2.75675302985783
11848,2.84336,3.35757343779117
11849,2.8436,2.05167210006979
11850,2.84384,3.51243568704445
11851,2.84408,2.54661132048014
11852,2.84432,2.93537087579348
11853,2.84456,3.06306287324485
11854,2.8448,2.94437982964465
11855,2.84504,2.72794978508518
11856,2.84528,3.3279089266517
11857,2.84552,2.38419327272694
11858,2.84576,3.24227215927954
11859,2.846,2.99635843962606
11860,2.84624,2.41830682169168
11861,2.84648,3.51544909066137
11862,2.84672,2.31652294110399
11863,2.84696,2.82995670272407
11864,2.8472,3.08261194253563
11865,2.84744,2.96094995108573
11866,2.84768,2.62980165566763
11867,2.84792,3.35743817908653
11868,2.84816,2.40904083666688
11869,2.8484,2.91187026059915
11870,2.84864,3.03296371630957
11871,2.84888,2.45599748706544
11872,2.84912,3.66492523647499
11873,2.84936,2.58770935899699
11874,2.8496,2.97259990107139
11875,2.84984,3.09322926653102
11876,2.85008,2.27098380003222
11877,2.85032,3.37121295508763
11878,2.85056,2.41180955638819
11879,2.8508,3.04147409668539
11880,2.85104,3.16260433160738
11881,2.85128,2.57226371660154
11882,2.85152,2.83716617808444
11883,2.85176,3.31409450520885
11884,2.852,2.13021436789441
11885,2.85224,3.2313838977564
11886,2.85248,2.74651917674521
11887,2.85272,2.53118871202862
11888,2.85296,3.50035677108203
11889,2.8532,2.42434877294383
11890,2.85344,3.17031017287419
11891,2.85368,3.04542022451505
11892,2.85392,2.70473878881299
11893,2.85416,3.08116132550808
11894,2.8544,2.95981478535568
11895,2.85464,2.62499966320143
11896,2.85488,3.58839872341223
11897,2.85512,2.15653462338039
11898,2.85536,3.13729434291031
11899,2.8556,2.77207744128721
11900,2.85584,2.79632374599089
11901,2.85608,3.28915152771163
11902,2.85632,2.80940527921368
11903,2.85656,2.71823749120799
11904,2.8568,3.32121006298166
11905,2.85704,2.96513938124462
11906,2.85728,2.62838939369884
11907,2.85752,3.586541191533
11908,2.85776,2.04025919355097
11909,2.858,3.50204226116044
11910,2.85824,2.89228881932548
11911,2.85848,2.79418075660153
11912,2.85872,2.92983280353736
11913,2.85896,3.28498788517994
11914,2.8592,2.22989402400897
11915,2.85944,3.68521423178778
11916,2.85968,2.24624571964566
11917,2.85992,3.23418530051275
11918,2.86016,2.8710186341115
11919,2.8604,2.77217616241103
11920,2.86064,3.26487635054272
11921,2.86088,3.02074950627555
11922,2.86112,2.32931860341536
11923,2.86136,3.54636994305385
11924,2.8616,2.69781829962178
11925,2.86184,2.96169163892473
11926,2.86208,3.32722805236235
11927,2.86232,2.97022613885166
11928,2.86256,2.63302246187598
11929,2.8628,3.35017791308854
11930,2.86304,2.28631212291215
11931,2.86328,3.50399823109886
11932,2.86352,3.01511324105703
11933,2.86376,2.55584612685327
11934,2.864,3.52435007542385
11935,2.86424,2.4441908491723
11936,2.86448,3.18969541154742
11937,2.86472,2.9419163709244
11938,2.86496,2.59875467857668
11939,2.8652,2.98325723084807
11940,2.86544,2.98291768761549
11941,2.86568,2.77085483699751
11942,2.86592,3.37362050727549
11943,2.86616,2.30536065709568
11944,2.8664,3.16720112500952
11945,2.86664,3.28263805275458
11946,2.86688,2.10201949071494
11947,2.86712,3.56053852926263
11948,2.86736,2.59481587366853
11949,2.8676,2.98494424865301
11950,2.86784,3.34968052027803
11951,2.86808,2.98842414808131
11952,2.86832,3.01191014244963
11953,2.86856,3.1271520315928
11954,2.8688,2.54729366767522
11955,2.86904,3.3991298366052
11956,2.86928,3.15121247904353
11957,2.86952,2.33370726416626
11958,2.86976,3.66676113283102
11959,2.87,2.22853427018271
11960,2.87024,3.33394859303609
11961,2.87048,2.84917344044507
11962,2.87072,2.87060429907452
11963,2.87096,3.35939087757091
11964,2.8712,2.87712426485441
11965,2.87144,2.66372251805582
11966,2.87168,3.74239024081702
11967,2.87192,2.07000104224355
11968,2.87216,3.17846729422639
11969,2.8724,3.2961940204523
11970,2.87264,2.34699176830364
11971,2.87288,2.85426987486022
11972,2.87312,3.44798088011954
11973,2.87336,2.61771350398784
11974,2.8736,3.00387928569961
11975,2.87384,3.00244814727046
11976,2.87408,2.18502498238293
11977,2.87432,3.41015176105284
11978,2.87456,2.8019883898521
11979,2.8748,2.82562015936154
11980,2.87504,3.3178578050234
11981,2.87528,2.83754739055381
11982,2.87552,2.74583900525074
11983,2.87576,3.22845929829027
11984,2.876,2.87321872893874
11985,2.87624,2.78036149769139
11986,2.87648,3.73863798856624
11987,2.87672,2.41867646492463
11988,2.87696,3.28864518129252
11989,2.8772,2.9258547175327
11990,2.87744,2.82350302882468
11991,2.87768,3.19560261468983
11992,2.87792,2.95421681382946
11993,2.87816,2.73769044315561
11994,2.8784,3.57542976671078
11995,2.87864,2.14411407700258
11996,2.87888,3.36767435722542
11997,2.87912,2.76103980356549
11998,2.87936,2.78660253087452
11999,2.8796,3.39652993575821
12000,2.87984,2.79746424849599
12001,2.88008,2.94117471693088
12002,2.88032,3.17670283822928
12003,2.88056,2.35673900011837
12004,2.8808,3.44993154919824
12005,2.88104,2.72700436987737
12006,2.88128,2.87652492325734
12007,2.88152,3.47917247731017
12008,2.88176,2.75851713633792
12009,2.882,3.02868690804529
12010,2.88224,3.39378633415345
12011,2.88248,2.91041676159776
12012,2.88272,2.69595864176367
12013,2.88296,3.53567580073622
12014,2.8832,2.10625210969198
12015,2.88344,3.57128184732651
12016,2.88368,2.72280931561141
12017,2.88392,2.86742659923588
12018,2.88416,3.11060102724651
12019,2.8844,2.75595951497721
12020,2.88464,2.9016422033679
12021,2.88488,3.37695253853965
12022,2.88512,2.07434619367507
12023,2.88536,3.53470585914973
12024,2.8856,2.80560265680399
12025,2.88584,2.83075060813716
12026,2.88608,3.55493516896402
12027,2.88632,2.47774430986305
12028,2.88656,3.46178156357796
12029,2.8868,2.97245025626533
12030,2.88704,2.51107825895714
12031,2.88728,3.13638796952797
12032,2.88752,3.01067412620994
12033,2.88776,2.55246555822618
12034,2.888,3.28967921238261
12035,2.88824,2.92738010396962
12036,2.88848,2.83222078053734
12037,2.88872,3.43138320264507
12038,2.88896,2.12389524675224
12039,2.8892,3.58659046158883
12040,2.88944,2.97425931106115
12041,2.88968,2.75518812732214
12042,2.88992,3.24311439544568
12043,2.89016,3.00189046253297
12044,2.8904,2.79160956968426
12045,2.89064,3.15947474759815
12046,2.89088,3.15546000429174
12047,2.89112,2.46046393853582
12048,2.89136,3.78046142493995
12049,2.8916,2.10709803586035
12050,2.89184,3.33579059433081
12051,2.89208,2.72750878971801
12052,2.89232,2.87221516648171
12053,2.89256,3.11547471544155
12054,2.8928,2.76091698189856
12055,2.89304,2.90667988218929
12056,2.89328,3.49881797463692
12057,2.89352,2.66704516258733
12058,2.89376,2.81299069195964
12059,2.894,3.65108563094168
12060,2.89424,2.21788789532762
12061,2.89448,3.67845247998024
12062,2.89472,2.59483962844919
12063,2.89496,2.98501033776331
12064,2.8952,3.467482445587
12065,2.89544,2.39089838026248
12066,2.89568,3.13982428571193
12067,2.89592,3.25046026598768
12068,2.89616,2.30844147404017
12069,2.8964,2.93065162203559
12070,2.89664,3.64476575226926
12071,2.89688,2.09559718299541
12072,2.89712,3.32059306731221
12073,2.89736,2.4792378939954
12074,2.8976,2.99090502454062
12075,2.89784,3.23568403247318
12076,2.89808,2.52837239569445
12077,2.89832,2.91314979337606
12078,2.89856,3.27042195164544
12079,2.8988,2.33586430224551
12080,2.89904,3.66547272894537
12081,2.89928,2.23181437577267
12082,2.89952,3.21475853495595
12083,2.89976,3.32927054364345
12084,2.9,2.15127167844012
12085,2.90024,3.13383993942156
12086,2.90048,2.76818442756102
12087,2.90072,2.7941790043211
12088,2.90096,3.52481476286734
12089,2.9012,2.80326778325768
12090,2.90144,2.71393945110227
12091,2.90168,3.67511972808882
12092,2.90192,2.4825539916225
12093,2.90216,2.87387067076589
12094,2.9024,3.7170115342185
12095,2.90264,2.3980025663894
12096,2.90288,3.14684901071695
12097,2.90312,3.0177388481997
12098,2.90336,2.55974808708774
12099,2.9036,3.41699251320323
12100,2.90384,2.8126123152782
12101,2.90408,2.95918594047244
12102,2.90432,3.67839709009353
12103,2.90456,2.47399712763951
12104,2.9048,2.74823136625403
12105,2.90504,3.47749437139743
12106,2.90528,2.40606188555295
12107,2.90552,3.03432816054252
12108,2.90576,3.15210060375285
12109,2.906,2.33625319809294
12110,2.90624,3.7859195624943
12111,2.90648,2.34595445137332
12112,2.90672,2.73902417115787
12113,2.90696,3.70802056981265
12114,2.9072,2.38652392970665
12115,2.90744,3.25496656206251
12116,2.90768,3.00625566112504
12117,2.90792,2.54762257605534
12118,2.90816,3.1641398795598
12119,2.9084,3.15958016986091
12120,2.90864,2.10381142074188
12121,2.90888,3.68308652533171
12122,2.90912,2.8310781807913
12123,2.90936,2.85461509955494
12124,2.9096,3.22205551359396
12125,2.90984,3.09961429124588
12126,2.91008,2.52750457668692
12127,2.91032,3.61385278597575
12128,2.91056,2.77763229879823
12129,2.9108,2.92632262828422
12130,2.91104,3.04493094177505
12131,2.91128,2.34154855360062
12132,2.91152,2.97019686637962
12133,2.91176,3.32485305895232
12134,2.912,2.50124334703582
12135,2.91224,3.00357494741084
12136,2.91248,2.88191572445708
12137,2.91272,3.26716817590796
12138,2.91296,3.38145001287785
12139,2.9132,2.43427649252901
12140,2.91344,3.29033568886177
12141,2.91368,3.04167457180324
12142,2.91392,2.70540914365019
12143,2.91416,3.55232095195896
12144,2.9144,2.7070981675311
12145,2.91464,2.85730894229947
12146,2.91488,3.22134563333337
12147,2.91512,2.62589658467032
12148,2.91536,3.01050263000167
12149,2.9156,3.60061463260998
12150,2.91584,2.16946329698881
12151,2.91608,3.63284053457388
12152,2.91632,3.01938886043351
12153,2.91656,2.56176444258452
12154,2.9168,3.0585678423954
12155,2.91704,3.05588493797596
12156,2.91728,2.84013522645457
12157,2.91752,3.1967443896772
12158,2.91776,2.25384963389979
12159,2.918,3.23992154388033
12160,2.91824,3.11072358648307
12161,2.91848,2.64959887848202
12162,2.91872,2.91651961108577
12163,2.91896,3.51083135413991
12164,2.9192,2.20353326167486
12165,2.91944,3.65940342757191
12166,2.91968,2.68941291613333
12167,2.91992,3.07719833191962
12168,2.92016,3.08017023967657
12169,2.9204,2.61258978815536
12170,2.92064,2.6410700203697
12171,2.92088,3.24005275422954
12172,2.92112,2.06312983847837
12173,2.92136,3.40926089466359
12174,2.9216,2.80220186467668
12175,2.92184,2.70582573185056
12176,2.92208,3.55646859260744
12177,2.92232,2.71004487574442
12178,2.92256,3.09604538625121
12179,2.9228,3.32664024211038
12180,2.92304,2.38087813807998
12181,2.92328,3.35940900929369
12182,2.92352,3.11108329369682
12183,2.92376,2.29060233937745
12184,2.924,3.51146076684817
12185,2.92424,2.78160038329198
12186,2.92448,2.92498965489379
12187,2.92472,3.28986118264089
12188,2.92496,3.04208345017779
12189,2.9252,2.58717373366759
12190,2.92544,3.79123716911488
12191,2.92568,2.11508024528583
12192,2.92592,3.46305277153921
12193,2.92616,2.97494604076882
12194,2.9264,2.39231645441622
12195,2.92664,3.25632200769033
12196,2.92688,3.12322540835659
12197,2.92712,2.66142170969727
12198,2.92736,3.51501672783895
12199,2.9276,2.78379357876928
12200,2.92784,2.80999090248684
12201,2.92808,3.42406294361829
12202,2.92832,2.93563671315647
12203,2.92856,2.9551224990625
12204,2.9288,3.42959292377812
12205,2.92904,2.7274113714887
12206,2.92928,3.32290475724133
12207,2.92952,2.14130604696419
12208,2.92976,3.36536374567966
12209,2.93,2.87954264937235
12210,2.93024,2.5530405522051
12211,2.93048,3.16570559296664
12212,2.93072,3.04199628992143
12213,2.93096,2.82823801955217
12214,2.9312,3.55051860094164
12215,2.93144,2.82971831460721
12216,2.93168,2.85654934111602
12217,2.93192,3.81249789153153
12218,2.93216,2.13384541289801
12219,2.9324,3.59364245916726
12220,2.93264,2.6286789886083
12221,2.93288,3.37192144789444
12222,2.93312,2.7665327852183
12223,2.93336,2.7984372808674
12224,2.9336,3.52643076841272
12225,2.93384,2.33395792504689
12226,2.93408,3.79160581793714
12227,2.93432,2.35052190677181
12228,2.93456,3.33425411694969
12229,2.9348,2.84993497062625
12230,2.93504,3.1143328408394
12231,2.93528,2.99080730184472
12232,2.93552,2.29969923287171
12233,2.93576,3.75888700826026
12234,2.936,2.3192750176641
12235,2.93624,3.31273043999544
12236,2.93648,2.8283993226217
12237,2.93672,2.49168937038864
12238,2.93696,3.3486239654329
12239,2.9372,2.98143341163866
12240,2.93744,2.8855044786573
12241,2.93768,3.59937351659415
12242,2.93792,2.76465416199218
12243,2.93816,2.55572286452092
12244,2.9384,3.87702800445747
12245,2.93864,2.08642716405038
12246,2.93888,3.31315320756951
12247,2.93912,2.82988398503998
12248,2.93936,2.85430193895932
12249,2.9396,3.33348955915518
12250,2.93984,2.75520215454598
12251,2.94008,3.11620635297342
12252,2.94032,2.89694523508943
12253,2.94056,3.0177706257248
12254,2.9408,2.79893033002506
12255,2.94104,3.28437391397621
12256,2.94128,2.81640123933258
12257,2.94152,2.8410074902027
12258,2.94176,3.55480995340407
12259,2.942,2.48858851462233
12260,2.94224,3.70487972382492
12261,2.94248,2.97021808065303
12262,2.94272,2.75386562256079
12263,2.94296,3.59958200924355
12264,2.9432,2.75321690969197
12265,2.94344,2.78601346601756
12266,2.94368,3.27210953235633
12267,2.94392,2.32590599363734
12268,2.94416,3.78199939552901
12269,2.9444,2.10504738239637
12270,2.94464,3.56992109863923
12271,2.94488,2.48742527507551
12272,2.94512,3.11697909125131
12273,2.94536,3.35432598609934
12274,2.9456,2.51827025800349
12275,2.94584,3.26325395929606
12276,2.94608,3.36836309618136
12277,2.94632,2.66468887852456
12278,2.94656,3.27732814993969
12279,2.9468,3.269059729327
12280,2.94704,2.09167680115914
12281,2.94728,3.43782520019381
12282,2.94752,2.94536891176407
12283,2.94776,2.9638647779369
12284,2.948,3.45108267646922
12285,2.94824,3.2013555611265
12286,2.94848,2.62603420609137
12287,2.94872,3.82519966427411
12288,2.94896,2.62759797737112
12289,2.9492,3.14092417510534
12290,2.94944,3.01918099852607
12291,2.94968,2.31724353611266
12292,2.94992,3.3015550111001
12293,2.95016,3.28880770276965
12294,2.9504,2.70766199045376
12295,2.95064,3.55996797592387
12296,2.95088,3.30773424247204
12297,2.95112,2.01247425562306
12298,2.95136,3.59269512613083
12299,2.9516,2.50942178246934
12300,2.95184,3.02324033736583
12301,2.95208,3.02647626692273
12302,2.95232,2.56491104379217
12303,2.95256,3.53544848476381
12304,2.9528,2.10350502071058
12305,2.95304,3.80443299721356
12306,2.95328,2.36337317723957
12307,2.95352,3.35059266881678
12308,2.95376,2.86614602430286
12309,2.954,2.89292754683856
12310,2.95424,3.37088707357429
12311,2.95448,2.79494045218398
12312,2.95472,3.15466989455408
12313,2.95496,3.05666306377947
12314,2.9552,3.05853552823104
12315,2.95544,2.59566733980757
12316,2.95568,3.56495890141685
12317,2.95592,2.13182497281806
12318,2.95616,3.59328999990603
12319,2.9564,2.62906868697913
12320,2.95664,3.13292322341138
12321,2.95688,3.12907248722723
12322,2.95712,2.67044032642936
12323,2.95736,3.269272619459
12324,2.9576,2.92880485335138
12325,2.95784,3.048771601076
12326,2.95808,3.06700876746567
12327,2.95832,3.31037632035894
12328,2.95856,2.60261174897053
12329,2.9588,3.81444961461292
12330,2.95904,2.13653132773203
12331,2.95928,3.59702916812592
12332,2.95952,2.63273935703628
12333,2.95976,3.13652928709816
12334,2.96,3.13261859986924
12335,2.96024,2.32282085067537
12336,2.96048,3.66016104411184
12337,2.96072,2.80725981728469
12338,2.96096,2.83173235714482
12339,2.9612,3.67197865053725
12340,2.96144,2.8348172601582
12341,2.96168,2.8609999853867
12342,2.96192,3.21807018678731
12343,2.96216,3.11487405056555
12344,2.9624,3.11357377858773
12345,2.96264,2.88730496625985
12346,2.96288,3.61232277796176
12347,2.96312,2.41700628637682
12348,2.96336,3.87193374386087
12349,2.9636,2.42825080870432
12350,2.96384,3.40949760202786
12351,2.96408,2.92280440063268
12352,2.96432,2.5954684348051
12353,2.96456,3.56593311849853
12354,2.9648,2.8336333124813
12355,2.96504,2.74206726435912
12356,2.96528,3.35190777688421
12357,2.96552,3.22509034953918
12358,2.96576,2.76340392833791
12359,2.966,3.35846118012308
12360,2.96624,3.01438383798361
12361,2.96648,3.13089868037561
12362,2.96672,2.42551754499608
12363,2.96696,3.05225079303053
12364,2.9672,3.88181156517266
12365,2.96744,2.20602283736798
12366,2.96768,3.19528626012473
12367,2.96792,3.30402262385059
12368,2.96816,2.71797045519667
12369,2.9684,3.09405457603405
12370,2.96864,2.73063431110084
12371,2.96888,3.11983395427363
12372,2.96912,3.59744863764427
12373,2.96936,3.2295806699863
12374,2.9696,2.89727228401962
12375,2.96984,3.73712244219594
12376,2.97008,2.53222051035529
12377,2.97032,2.93056216158385
12378,2.97056,3.29269079753807
12379,2.9708,2.70543804919773
12380,2.97104,2.85211323735628
12381,2.97128,3.92230348436476
12382,2.97152,2.24621123600365
12383,2.97176,3.70797219797825
12384,2.972,2.97183507452088
12385,2.97224,2.51756731227925
12386,2.97248,3.84680270682253
12387,2.97272,2.64897725477685
12388,2.97296,3.16208795358404
12389,2.9732,3.04013853500539
12390,2.97344,2.82132307113966
12391,2.97368,3.19482639249789
12392,2.97392,3.07206599754244
12393,2.97416,2.62435105209339
12394,2.9744,3.94899233961059
12395,2.97464,2.74677212344038
12396,2.97488,3.25567899124104
12397,2.97512,3.12970824432018
12398,2.97536,2.9070459996352
12399,2.9756,3.27686979372864
12400,2.97584,3.15058952636201
12401,2.97608,2.69244332996644
12402,2.97632,3.41026762089411
12403,2.97656,2.8297537458817
12404,2.9768,3.30845291427547
12405,2.97704,2.96686546405216
12406,2.97728,3.20558932881192
12407,2.97752,2.26413995671943
12408,2.97776,3.25159380381619
12409,2.978,3.35816443756272
12410,2.97824,2.05452828148519
12411,2.97848,3.6385259403624
12412,2.97872,2.9056044074715
12413,2.97896,2.4544114114998
12414,2.9792,3.78658618463527
12415,2.97944,2.92874192676486
12416,2.97968,2.59119867868187
12417,2.97992,3.56230475950293
12418,2.98016,3.31084070509783
12419,2.9804,2.1361313360477
12420,2.98064,3.36104121599763
12421,2.98088,2.75756851326749
12422,2.98112,2.67236212927424
12423,2.98136,3.52014241573639
12424,2.9816,2.08972423291925
12425,2.98184,3.55378521857657
12426,2.98208,2.35283836138813
12427,2.98232,3.10127549580522
12428,2.98256,2.97533681722041
12429,2.9828,2.28632300910875
12430,2.98304,3.62591637375113
12431,2.98328,2.77168081309159
12432,2.98352,2.79836433482937
12433,2.98376,3.64072478506085
12434,2.984,2.20512361204996
12435,2.98424,3.66422776912138
12436,2.98448,2.45854070548555
12437,2.98472,3.20244456426689
12438,2.98496,3.07217074715367
12439,2.9852,2.37901127772853
12440,2.98544,3.71463988366864
12441,2.98568,2.86101144935946
12442,2.98592,2.76885889355488
12443,2.98616,3.37813692607093
12444,2.9864,2.77192350656354
12445,2.98664,3.16423016686402
12446,2.98688,3.04429300389907
12447,2.98712,2.46046535841847
12448,2.98736,3.08625752631543
12449,2.9876,3.6734988457986
12450,2.98784,2.47844209896156
12451,2.98808,3.23206380753961
12452,2.98832,3.10749342479159
12453,2.98856,2.28301739971063
12454,2.9888,3.14922393485661
12455,2.98904,3.14559862574118
12456,2.98928,2.57262112165281
12457,2.98952,3.89470881677081
12458,2.98976,2.33623640562767
12459,2.99,2.97634122878051
12460,2.99024,3.34356116696329
12461,2.99048,3.21478911966308
12462,2.99072,2.87714419123951
12463,2.99096,3.5929505712133
12464,2.9912,2.28641789680846
12465,2.99144,3.27327891769065
12466,2.99168,3.37928201720842
12467,2.99192,2.07510391185927
12468,2.99216,3.65858210545777
12469,2.9924,2.9251642243769
12470,2.99264,2.47349745498793
12471,2.99288,3.80521827353669
12472,2.99312,2.60977064396078
12473,2.99336,3.00006181930852
12474,2.9936,3.83609448028238
12475,2.99384,2.75223195887116
12476,2.99408,3.13853230714213
12477,2.99432,3.48836028188644
12478,2.99456,2.06445565474007
12479,2.9948,3.64365706527396
12480,2.99504,2.67834982147604
12481,2.99528,3.06788902486019
12482,2.99552,3.66048492993157
12483,2.99576,2.11105869835136
12484,2.996,3.69307027870997
12485,2.99624,2.83974711084639
12486,2.99648,2.50652841689701
12487,2.99672,3.48176870621395
12488,2.99696,2.98669858453615
12489,2.9972,3.129447766071
12490,2.99744,3.73025993027231
12491,2.99768,2.53733953293042
12492,2.99792,2.93090486547448
12493,2.99816,3.77006816256768
12494,2.9984,2.80113127418973
12495,2.99864,2.4778583540639
12496,2.99888,3.80954541650341
12497,2.99912,2.49115305250069
12498,2.99936,2.64628837955401
12499,2.9996,3.61770385014301
12500,2.99984,3.24499560308771
12501,3.00008,2.66804663921633
12502,3.00032,3.28208473210114
12503,3.00056,3.26991925879856
12504,3.0008,2.09359196843621
12505,3.00104,3.79326218871588
12506,3.00128,2.82293138607998
12507,3.00152,2.96722446835177
12508,3.00176,3.20528311749047
12509,3.002,2.49282032511225
12510,3.00224,3.47667560206439
12511,3.00248,2.98509044217992
12512,3.00272,2.40467846567908
12513,3.00296,3.38450743632277
12514,3.0032,3.01721012758041
12515,3.00344,2.32474971623173
12516,3.00368,2.24844827046525
12517,3.00392,2.17546170809175
12518,3.00416,2.10565085650158
12519,3.0044,2.27808511159171
12520,3.00464,3.61814375818492
12521,3.00488,3.24503514422261
12522,3.00512,2.54268347966151
12523,3.00536,3.40453279278139
12524,3.0056,3.26993559142863
12525,3.00584,2.56215029561309
12526,3.00608,3.30558511889749
12527,3.00632,3.6532732314242
12528,3.00656,2.81205921546499
12529,3.0068,2.36563398426442
12530,3.00704,3.46581437196738
12531,3.00728,3.33072490757218
12532,3.00752,2.62777782384492
12533,3.00776,3.83549824325118
12534,3.008,2.63345665583643
12535,3.00824,3.1389606688544
12536,3.00848,3.60724785487683
12537,3.00872,2.29793113543502
12538,3.00896,3.4023828184505
12539,3.0092,2.79830319807692
12540,3.00944,3.06755347713421
12541,3.00968,3.30406571068471
12542,3.00992,2.60193090947999
12543,3.01016,3.57552670192816
12544,3.0104,2.73125994479066
12545,3.01064,2.88581131297404
12546,3.01088,3.36556985023339
12547,3.01112,2.30606509953857
12548,3.01136,3.29169894198517
12549,3.0116,3.28022071252095
12550,3.01184,2.34252953332339
12551,3.01208,3.56234656616729
12552,3.01232,2.83636171448944
12553,3.01256,3.21901151453541
12554,3.0128,3.20764863279419
12555,3.01304,2.74768576809716
12556,3.01328,3.71372545723576
12557,3.01352,2.98071846016021
12558,3.01376,2.88923434803822
12559,3.014,3.48872946342813
12560,3.01424,2.54030265783537
12561,3.01448,3.51540113624467
12562,3.01472,2.78712260096671
12563,3.01496,2.93807143378863
12564,3.0152,3.41784992506069
12565,3.01544,2.47340612122243
12566,3.01568,3.569084254054
12567,3.01592,3.0755415400957
12568,3.01616,2.74340510555965
12569,3.0164,3.71100960544005
12570,3.01664,2.86145357795176
12571,3.01688,2.89374363525218
12572,3.01712,3.37289290523015
12573,3.01736,2.3123571028201
12574,3.0176,3.4137876432733
12575,3.01784,2.69441673328647
12576,3.01808,2.9653026496048
12577,3.01832,3.67971752617071
12578,3.01856,2.36707771567696
12579,3.0188,3.46440526423068
12580,3.01904,2.97596274189363
12581,3.01928,3.0002212720855
12582,3.01952,3.71228756613324
12583,3.01976,2.40003602302011
12584,3.02,3.26720602047408
12585,3.02024,3.13808014944997
12586,3.02048,2.80333489133252
12587,3.02072,3.76844378813961
12588,3.02096,2.91650075711541
12589,3.0212,2.82800656510122
12590,3.02144,3.43036135525698
12591,3.02168,2.48467065422848
12592,3.02192,3.46238591588612
12593,3.02216,2.73661130646254
12594,3.0224,2.88995527666405
12595,3.02264,3.4896686913658
12596,3.02288,2.42331870056136
12597,3.02312,3.40547560809435
12598,3.02336,3.15362524968314
12599,3.0236,2.45966563732034
12600,3.02384,3.437652604643
12601,3.02408,3.18137202208597
12602,3.02432,2.72284739683146
12603,3.02456,3.69026188901049
12604,3.0248,2.95507767459053
12605,3.02504,2.74388970739323
12606,3.02528,3.58880402175623
12607,3.02552,2.39750992505343
12608,3.02576,3.37782474206234
12609,3.026,2.88936467033753
12610,3.02624,2.80087101229799
12611,3.02648,3.64291471641014
12612,3.02672,2.33163507656894
12613,3.02696,3.43640396516632
12614,3.0272,3.18331155150668
12615,3.02744,2.48816373608687
12616,3.02768,3.46501394113326
12617,3.02792,2.85474322789694
12618,3.02816,2.76694543912981
12619,3.0284,3.49288080973897
12620,3.02864,2.30847859985043
12621,3.02888,3.41036667899203
12622,3.02912,2.69143596779128
12623,3.02936,3.08256654502276
12624,3.0296,3.55428755914271
12625,3.02984,2.24694616671252
12626,3.03008,3.23478182333727
12627,3.03032,3.58135705854924
12628,3.03056,2.39138575579836
12629,3.0308,3.60999268655403
12630,3.03104,3.11459234874149
12631,3.03128,2.66001761562844
12632,3.03152,3.6303468697116
12633,3.03176,2.89971302590609
12634,3.032,2.93072963563006
12635,3.03224,3.41127053335405
12636,3.03248,2.4697462758749
12637,3.03272,3.68455347876158
12638,3.03296,2.72199069824404
12639,3.0332,3.11188946950587
12640,3.03344,3.58243277324196
12641,3.03368,2.15590185279273
12642,3.03392,3.1464744154098
12643,3.03416,3.37673639947483
12644,3.0344,2.31647179811815
12645,3.03464,3.41815996505363
12646,3.03488,2.57920994699527
12647,3.03512,3.09082428813899
12648,3.03536,3.08910975832138
12649,3.0356,2.63749503090827
12650,3.03584,3.72346870377965
12651,3.03608,2.6403416305748
12652,3.03632,2.79774065100592
12653,3.03656,3.88069181625593
12654,3.0368,2.56286212942134
12655,3.03704,3.19155863968312
12656,3.03728,3.78025416119598
12657,3.03752,2.58139362852384
12658,3.03776,3.20974372875853
12659,3.038,3.08270740283364
12660,3.03824,2.39134201014548
12661,3.03848,3.48986047167419
12662,3.03872,2.76770286816626
12663,3.03896,3.03592421313944
12664,3.0392,3.62884033150152
12665,3.03944,2.31849040995409
12666,3.03968,3.30344788955197
12667,3.03992,3.29042087444665
12668,3.04016,2.35300455381778
12669,3.0404,3.57308385249761
12670,3.04064,2.6133513203607
12671,3.04088,3.12232126904319
12672,3.04112,3.47405217399347
12673,3.04136,2.28900897680017
12674,3.0416,3.51232781367715
12675,3.04184,3.02143157649928
12676,3.04208,2.4535206451213
12677,3.04232,3.43223192333841
12678,3.04256,2.82374019198635
12679,3.0428,2.9737916060043
12680,3.04304,3.93332255286394
12681,3.04328,2.84253457912343
12682,3.04352,2.87282176578527
12683,3.04376,3.35047260992127
12684,3.044,2.28725621290238
12685,3.04424,3.27712015993491
12686,3.04448,3.03225919214824
12687,3.04472,2.81904639327384
12688,3.04496,3.898209307674
12689,3.0452,2.57631041682895
12690,3.04544,2.97066550361641
12691,3.04568,3.80795626695519
12692,3.04592,2.49220637861927
12693,3.04616,3.12464328627083
12694,3.0464,3.00194459658511
12695,3.04664,2.91210126219277
12696,3.04688,3.27440673551967
12697,3.04712,2.57536135184259
12698,3.04736,3.43164942424859
12699,3.0476,2.82682950536095
12700,3.04784,2.86139472967912
12701,3.04808,3.82593850522714
12702,3.04832,2.62231554903822
12703,3.04856,2.89669400996664
12704,3.0488,3.13639567155782
12705,3.04904,2.68306021131138
12706,3.04928,3.53211801446846
12707,3.04952,2.34474458896937
12708,3.04976,3.32792688339029
12709,3.05,2.96114407250781
12710,3.05024,2.63309235797478
12711,3.05048,3.60504120530022
12712,3.05072,2.87595408521253
12713,3.05096,2.78994736095797
12714,3.0512,3.3946801755498
12715,3.05144,2.45432198406652
12716,3.05168,3.55130296037879
12717,3.05192,2.47687517276487
12718,3.05216,3.22516538296721
12719,3.0524,3.21886483499841
12720,3.05264,2.40513374672939
12721,3.05288,3.50473095844001
12722,3.05312,3.01268631836471
12723,3.05336,2.56306467278162
12724,3.0536,3.65576631646162
12725,3.05384,2.2260794508474
12726,3.05408,3.33040084672983
12727,3.05432,3.31828869977592
12728,3.05456,2.37913365716881
12729,3.0548,3.47986806724313
12730,3.05504,2.86959245053027
12731,3.05528,2.66284631045396
12732,3.05552,3.75166561675955
12733,3.05576,2.66947118128012
12734,3.056,2.94588743505331
12735,3.05624,3.78754260271623
12736,3.05648,2.70515652950754
12737,3.05672,3.21483669308103
12738,3.05696,3.08844650273163
12739,3.0572,2.87306873147138
12740,3.05744,3.95453116914289
12741,3.05768,2.74985614865852
12742,3.05792,3.13912040535191
12743,3.05816,3.60773100028331
12744,3.0584,2.29919237452824
12745,3.05864,3.40481025377988
12746,3.05888,2.80053840660515
12747,3.05912,3.07174507823571
12748,3.05936,3.18732661379854
12749,3.0596,2.73199403740558
12750,3.05984,3.93686234146725
12751,3.06008,2.73301300210526
12752,3.06032,3.12306691869347
12753,3.06056,3.59243267727322
12754,3.0608,2.2846166554632
12755,3.06104,3.39092553695396
12756,3.06128,2.78731469563378
12757,3.06152,2.93975836917135
12758,3.06176,3.77964413825916
12759,3.062,2.58050248629572
12760,3.06224,3.21077837974779
12761,3.06248,3.43889982358635
12762,3.06272,2.37658102316714
12763,3.06296,3.4806599232372
12764,3.0632,2.75858503329554
12765,3.06344,2.55812608963862
12766,3.06368,3.4080966777773
12767,3.06392,2.46523889804312
12768,3.06416,3.56461901895374
12769,3.0644,2.95524371934132
12770,3.06464,2.74583121522946
12771,3.06488,3.94845336237516
12772,3.06512,2.62832705142177
12773,3.06536,3.02216685003231
12774,3.0656,3.14004273745174
12775,3.06584,2.68996397259004
12776,3.06608,3.66237122219382
12777,3.06632,2.81526651003185
12778,3.06656,2.8476856710116
12779,3.0668,3.8067125734476
12780,3.06704,2.49148962183807
12781,3.06728,3.1244262896087
12782,3.06752,3.00177592549393
12783,3.06776,2.3146047714924
12784,3.068,3.30342468091337
12785,3.06824,3.17469015361015
12786,3.06848,2.48045934604227
12787,3.06872,3.57751245382348
12788,3.06896,2.85002760259894
12789,3.0692,3.11932632363205
12790,3.06944,3.11582735390401
12791,3.06968,2.42459568908857
12792,3.06992,3.64308704852484
12793,3.07016,2.3332406365244
12794,3.0704,3.32044174459101
12795,3.07064,3.07077858313213
12796,3.07088,2.61860677496759
12797,3.07112,3.71055635269164
12798,3.07136,2.74468872169611
12799,3.0716,2.77986245913136
12800,3.07184,3.2621858310826
12801,3.07208,2.44657858291842
12802,3.07232,3.42712526383932
12803,3.07256,3.05785752454645
12804,3.0728,2.60844381197101
12805,3.07304,3.81634897498508
12806,3.07328,2.61369182388948
12807,3.07352,2.88899105575614
12808,3.07376,3.48729617601415
12809,3.074,2.18698964664892
12810,3.07424,3.29648919880988
12811,3.07448,2.93253443019958
12812,3.07472,2.7243207706367
12813,3.07496,3.92808669427827
12814,3.0752,2.60905265286888
12815,3.07544,3.00393453613387
12816,3.07568,3.35982874996445
12817,3.07592,2.30388974127723
12818,3.07616,3.4070342934756
12819,3.0764,3.1563378086714
12820,3.07664,2.70096473195451
12821,3.07688,3.6683325781686
12822,3.07712,2.47562781524436
12823,3.07736,3.10773726671054
12824,3.0776,2.98380562702671
12825,3.07784,2.5359673018724
12826,3.07808,3.75020071990157
12827,3.07832,2.5539533086999
12828,3.07856,3.06591672393235
12829,3.0788,3.0627627968925
12830,3.07904,2.6137037606651
12831,3.07928,3.70693850536176
12832,3.07952,2.74138809219478
12833,3.07976,2.77686570232994
12834,3.08,3.49825598631225
12835,3.08024,2.30956800556606
12836,3.08048,3.18161929399057
12837,3.08072,2.93777008086926
12838,3.08096,2.85146125995194
12839,3.0812,3.33128363569575
12840,3.08144,2.14988601793083
12841,3.08168,3.37704984424894
12842,3.08192,3.00972145109955
12843,3.08216,2.80179713866696
12844,3.0824,3.88251174511187
12845,3.08264,2.68149414971776
12846,3.08288,3.07425502774556
12847,3.08312,3.54620852572127
12848,3.08336,2.24086688907264
12849,3.0836,3.34954067325554
12850,3.08384,2.74819119207157
12851,3.08408,2.90236858977619
12852,3.08432,3.73997108006944
12853,3.08456,2.54301806143266
12854,3.0848,3.17538627758906
12855,3.08504,3.40550873888364
12856,3.08528,2.34510590223014
12857,3.08552,3.45101661432488
12858,3.08576,2.84483522427009
12859,3.086,2.64149926718857
12860,3.08624,3.61121672319307
12861,3.08648,2.41858352986209
12862,3.08672,3.28908311607905
12863,3.08696,3.27770059352764
12864,3.0872,2.34185611034963
12865,3.08744,3.56343663943638
12866,3.08768,2.83779635827325
12867,3.08792,2.75246782647748
12868,3.08816,3.59798707547946
12869,3.0884,2.29003349586781
12870,3.08864,3.39797984669794
12871,3.08888,3.14617552785921
12872,3.08912,2.45400865609191
12873,3.08936,3.67160413008881
12874,3.0896,2.70817376455396
12875,3.08984,2.86381131478635
12876,3.09008,3.46616485938919
12877,3.09032,2.28251645334113
12878,3.09056,3.50716743710529
12879,3.0908,3.01580419467394
12880,3.09104,2.56683270836245
12881,3.09128,3.66015354896161
12882,3.09152,2.69945673064804
12883,3.09176,2.97531082930647
12884,3.092,3.33493276287407
12885,3.09224,2.39583538752564
12886,3.09248,3.49662323173602
12887,3.09272,2.88640182352838
12888,3.09296,2.6797083660234
12889,3.0932,3.40908080180775
12890,3.09344,2.3491442549028
12891,3.09368,3.56789563460952
12892,3.09392,3.07616577407585
12893,3.09416,2.62637955961489
12894,3.0944,3.95287469538462
12895,3.09464,2.63315174874883
12896,3.09488,3.02737588067811
12897,3.09512,3.02755526949948
12898,3.09536,2.81911549227031
12899,3.0956,3.89933703247886
12900,3.09584,2.69784897722278
12901,3.09608,3.09016009900538
12902,3.09632,3.56168341176795
12903,3.09656,2.25593241405031
12904,3.0968,3.36421450292586
12905,3.09704,2.64528856016273
12906,3.09728,3.15798156565544
12907,3.09752,3.62789450484078
12908,3.09776,2.31883298436952
12909,3.098,3.42571926601075
12910,3.09824,3.05353172521166
12911,3.09848,2.60307320391056
12912,3.09872,3.57513856132012
12913,3.09896,2.38869179470933
12914,3.0992,3.6106137769772
12915,3.09944,3.11492298191549
12916,3.09968,2.66140491485764
12917,3.09992,3.75206522256597
12918,3.10016,2.78496577351999
12919,3.1004,2.81896131035338
12920,3.10064,3.18120348729658
12921,3.10088,2.60761533617176
12922,3.10112,3.81611612418066
12923,3.10136,2.72642713727124
12924,3.1016,3.11937622784535
12925,3.10184,3.23374779435258
12926,3.10208,2.17945123439217
12927,3.10232,3.29113765657822
12928,3.10256,2.80946967278534
12929,3.1028,3.08117405515571
12930,3.10304,3.55276127251609
12931,3.10328,2.24841831159429
12932,3.10352,3.59112328777121
12933,3.10376,2.86506178169755
12934,3.104,2.54270605041436
12935,3.10424,3.75673692695241
12936,3.10448,2.32412750806116
12937,3.10472,3.54766807608227
12938,3.10496,2.93895682229988
12939,3.1052,2.85001963216951
12940,3.10544,3.56873255232626
12941,3.10568,2.3787736244933
12942,3.10592,3.01565454617824
12943,3.10616,3.60909702842774
12944,3.1064,2.1829802699348
12945,3.10664,3.17480277150522
12946,3.10688,3.40796653106688
12947,3.10712,2.22374104523854
12948,3.10736,3.21768664524077
12949,3.1076,2.97413990897341
12950,3.10784,2.88413283157662
12951,3.10808,3.60184177641853
12952,3.10832,2.41268845161348
12953,3.10856,3.28299204402622
12954,3.1088,2.91722895405254
12955,3.10904,2.71253606712901
12956,3.10928,3.68003720404455
12957,3.10952,2.24956528267521
12958,3.10976,3.35968618814477
12959,3.11,2.99059211191144
12960,3.11024,2.66248792042731
12961,3.11048,3.63260454968464
12962,3.11072,2.43995893962896
12963,3.11096,3.19233247741881
12964,3.1112,2.95038119635661
12965,3.11144,2.74210896605824
12966,3.11168,3.82467297587321
12967,3.11192,2.50955366210247
12968,3.11216,3.25979171714389
12969,3.1124,2.77967354355346
12970,3.11264,2.93303572915259
12971,3.11288,3.64957932770836
12972,3.11312,2.21965424330198
12973,3.11336,3.56379354545463
12974,3.1136,2.83910378639552
12975,3.11384,2.63789798964431
12976,3.11408,3.72855817196444
12977,3.11432,2.9971320388522
12978,3.11456,2.78688553637027
12979,3.1148,3.75475152088456
12980,3.11504,2.55640108805665
12981,3.11528,2.83718502982221
12982,3.11552,3.1989102713633
12983,3.11576,2.62482692762121
12984,3.116,3.71609001449971
12985,3.11624,2.75084065698992
12986,3.11648,2.78747565521042
12987,3.11672,3.74832149119653
12988,3.11696,2.55295227850754
12989,3.1172,3.30139449895267
12990,3.11744,3.52841975832304
12991,3.11768,2.4624270330686
12992,3.11792,3.44360075866602
12993,3.11816,3.07713806619067
12994,3.1184,2.51272859467772
12995,3.11864,3.72833675127751
12996,3.11888,2.29723127728167
12997,3.11912,3.40413402072791
12998,3.11936,3.0363509030329
12999,3.1196,2.46981890761388
13000,3.11984,3.68773818999184
13001,3.12008,2.60832059533709
13002,3.12032,2.88736776833432
13003,3.12056,3.7250022031533
13004,3.1208,2.29455871886089
13005,3.12104,3.04952345387044
13006,3.12128,3.52588426769148
13007,3.12152,2.21869947949648
13008,3.12176,3.21312814287445
13009,3.122,2.9700432874904
13010,3.12224,2.64520649054964
13011,3.12248,3.73831667731014
13012,3.12272,2.65413659578913
13013,3.12296,3.16694556091998
13014,3.1232,3.28138017287164
13015,3.12344,2.3447780393486
13016,3.12368,3.33025576190715
13017,3.12392,2.84552500468017
13018,3.12416,2.64246989385108
13019,3.1244,3.61721452014558
13020,3.12464,2.7732074127131
13021,3.12488,3.0447112790785
13022,3.12512,3.04468730545256
13023,3.12536,2.59685392286027
13024,3.1256,3.69081932451525
13025,3.12584,2.72902465148654
13026,3.12608,2.88484279309134
13027,3.12632,3.48523554915258
13028,3.12656,2.30145380786538
13029,3.1268,3.17604847184418
13030,3.12704,3.05228729136119
13031,3.12728,2.36318825312793
13032,3.12752,3.34668316613307
13033,3.12776,3.09654319265601
13034,3.128,2.52713431630444
13035,3.12824,3.73963154356204
13036,3.12848,2.77358909919402
13037,3.12872,2.81076481836528
13038,3.12896,3.89547821593183
13039,3.1292,2.57495158218074
13040,3.12944,2.97191666595926
13041,3.12968,3.68751980539081
13042,3.12992,2.14033863304698
13043,3.13016,3.25470117245775
13044,3.1304,3.24779639541618
13045,3.13064,2.55376701854647
13046,3.13088,3.6483873656034
13047,3.13112,2.91901678674876
13048,3.13136,2.83096823505381
13049,3.1316,3.67737290122793
13050,3.13184,2.4818319746107
13051,3.13208,2.76311904516039
13052,3.13232,3.84602511449072
13053,3.13256,2.5303168667345
13054,3.1328,3.27914962056767
13055,3.13304,3.26906153861204
13056,3.13328,2.33622313354324
13057,3.13352,3.55933650414764
13058,3.13376,2.36723595739763
13059,3.134,3.35630711327939
13060,3.13424,3.22612976634384
13061,3.13448,2.53571960586256
13062,3.13472,3.75144822231036
13063,3.13496,2.7867365652308
13064,3.1352,2.94153258950868
13065,3.13544,3.78276030919242
13066,3.13568,2.46811781356443
13067,3.13592,3.45196931032028
13068,3.13616,3.20045833975634
13069,3.1364,2.50901319550358
13070,3.13664,3.60526960892509
13071,3.13688,2.64128670862398
13072,3.13712,2.92052562560726
13073,3.13736,3.52127813605579
13074,3.1376,2.21894068817672
13075,3.13784,3.33002058178359
13076,3.13808,3.08209147515839
13077,3.13832,2.51261419520837
13078,3.13856,3.49455616167066
13079,3.1388,2.88748965298547
13080,3.13904,2.80266604405174
13081,3.13928,3.5262552752719
13082,3.13952,2.33830260326104
13083,3.13976,3.09389933881962
13084,3.14,3.33031762061191
13085,3.14024,2.51697438666441
13086,3.14048,3.61554363913965
13087,3.14072,2.53834120541901
13088,3.14096,3.05473076801418
13089,3.1412,3.52860483660567
13090,3.14144,2.22818999353151
13091,3.14168,3.34066355632077
13092,3.14192,3.09449279431756
13093,3.14216,2.6448155640604
13094,3.1424,3.73653231507528
13095,3.14264,2.65104716173392
13096,3.14288,2.81098156590488
13097,3.14312,3.65845411187152
13098,3.14336,2.22823470704246
13099,3.1436,3.33988082344239
13100,3.14384,3.09203375540448
13101,3.14408,2.04160286560188
13102,3.14432,3.04024534409377
13103,3.14456,3.39757493712367
13104,3.1448,2.33908677337243
13105,3.14504,3.56005608769958
13106,3.14528,2.83434809244603
13107,3.14552,2.27399907194925
13108,3.14576,3.38019895222819
13109,3.146,3.13196915837052
13110,3.14624,2.68419705655035
13111,3.14648,3.89147777961637
13112,3.14672,2.57403337254057
13113,3.14696,3.32120352233369
13114,3.1472,3.19146893773347
13115,3.14744,2.50059358349476
13116,3.14768,3.59739456162264
13117,3.14792,2.63393243696584
13118,3.14816,2.91366900255595
13119,3.1484,3.63472302657645
13120,3.14864,2.3289435779271
13121,3.14888,3.20359318611055
13122,3.14912,3.19706116089068
13123,3.14936,2.38483358048076
13124,3.1496,3.37121794442756
13125,3.14984,2.65161846748593
13126,3.15008,2.81250342001025
13127,3.15032,3.53584030469762
13128,3.15056,2.35112711186725
13129,3.1508,2.99173036312422
13130,3.15104,3.11251828632396
13131,3.15128,2.42472048652384
13132,3.15152,3.52879562343388
13133,3.15176,2.8031942938191
13134,3.152,2.48439035631376
13135,3.15224,3.70090080040055
13136,3.15248,2.85150422784761
13137,3.15272,2.76847253060427
13138,3.15296,3.73297283949175
13139,3.1532,2.42077436488405
13140,3.15344,2.58743094867626
13141,3.15368,3.68226684570469
13142,3.15392,2.4838490356874
13143,3.15416,3.12003102513551
13144,3.1544,3.35422225585193
13145,3.15464,2.17530385857672
13146,3.15488,2.8188158161841
13147,3.15512,3.66177848628511
13148,3.15536,2.23374041593935
13149,3.1556,3.34532444629859
13150,3.15584,3.21636505887346
13151,3.15608,2.64131782627128
13152,3.15632,3.851482537819
13153,3.15656,2.65053010819258
13154,3.1568,2.92789676786581
13155,3.15704,3.40663179843699
13156,3.15728,2.10609770647579
13157,3.15752,3.21974572574427
13158,3.15776,2.97563521465822
13159,3.158,2.6498387032139
13160,3.15824,3.74071738633866
13161,3.15848,2.31192845279681
13162,3.15872,3.07243235192392
13163,3.15896,3.19155875093253
13164,3.1592,2.13742327185166
13165,3.15944,3.36828021986178
13166,3.15968,2.88329786802516
13167,3.15992,2.56243683067446
13168,3.16016,3.54253347086001
13169,3.1604,2.70147905759132
13170,3.16064,2.86034143906381
13171,3.16088,3.70417579497455
13172,3.16112,2.27615955338709
13173,3.16136,3.0338994770929
13174,3.1616,3.39175218812107
13175,3.16184,2.33376533443294
13176,3.16208,3.44021238732064
13177,3.16232,2.95213983062613
13178,3.16256,2.62830943700531
13179,3.1628,3.72149750517079
13180,3.16304,2.64001677926681
13181,3.16328,3.03599126509602
13182,3.16352,3.51276754453519
13183,3.16376,2.20897153918408
13184,3.164,3.31826260969583
13185,3.16424,2.83730256962954
13186,3.16448,2.87226809662393
13187,3.16472,3.4724813365975
13188,3.16496,2.17399611372569
13189,3.1652,3.28479605714216
13190,3.16544,2.92295156526512
13191,3.16568,2.47976020367929
13192,3.16592,3.57768206396982
13193,3.16616,2.49904466409533
13194,3.1664,2.90032356326414
13195,3.16664,3.62006817157393
13196,3.16688,2.30949784823587
13197,3.16712,3.18481663759761
13198,3.16736,3.17848181870447
13199,3.1676,2.49065064033326
13200,3.16784,3.58944978495868
13201,3.16808,2.63013172999706
13202,3.16832,2.90679763873759
13203,3.16856,3.50560305271433
13204,3.1688,2.32552455539714
13205,3.16904,3.1958269801408
13206,3.16928,2.95422185517612
13207,3.16952,2.51100920809967
13208,3.16976,3.61158418568385
13209,3.17,2.53364557625547
13210,3.17024,2.69562827179455
13211,3.17048,3.9018777712811
13212,3.17072,2.58521795824783
13213,3.17096,2.74975376733198
13214,3.1712,3.59766033768836
13215,3.17144,2.17093774919878
13216,3.17168,3.05103777209846
13217,3.17192,3.40745396475816
13218,3.17216,2.23169255195879
13219,3.1724,3.34270606291421
13220,3.17264,3.21410071459826
13221,3.17288,2.40280146764242
13222,3.17312,3.62487561339309
13223,3.17336,2.66188962416861
13224,3.1736,2.70243293022002
13225,3.17384,3.7938533236819
13226,3.17408,2.47755687162272
13227,3.17432,2.994461243843
13228,3.17456,3.35249983959334
13229,3.1748,2.41884577407748
13230,3.17504,3.40281268491655
13231,3.17528,2.68437467152864
13232,3.17552,2.72351702218065
13233,3.17576,3.57091789119782
13234,3.176,2.3845936287927
13235,3.17624,2.90603033836951
13236,3.17648,3.62520957527313
13237,3.17672,2.31802346281168
13238,3.17696,2.84237916343834
13239,3.1772,3.32467732145465
13240,3.17744,2.27333900807311
13241,3.17768,3.38348388795902
13242,3.17792,3.01748069720285
13243,3.17816,2.45399496451021
13244,3.1784,3.55279387547245
13245,3.17864,2.59520825897831
13246,3.17888,2.87527645430934
13247,3.17912,3.35659592105021
13248,3.17936,2.05853507158956
13249,3.1796,3.17454848955941
13250,3.17984,3.1697004068507
13251,3.18008,2.23881762276649
13252,3.18032,3.34786381109751
13253,3.18056,2.98217431171848
13254,3.1808,2.54049468789965
13255,3.18104,3.75409632695317
13256,3.18128,2.3228261869302
13257,3.18152,2.84528344887716
13258,3.18176,3.44689447828662
13259,3.182,2.03124374462498
13260,3.18224,3.14978878164248
13261,3.18248,3.2654592896047
13262,3.18272,2.21497506922214
13263,3.18296,3.32251141847031
13264,3.1832,2.84117821109572
13265,3.18344,2.52288135804527
13266,3.18368,3.7354930444589
13267,3.18392,2.42406126607101
13268,3.18416,3.06104560917397
13269,3.1844,3.29735833688231
13270,3.18464,2.12261392239469
13271,3.18488,3.23505856826597
13272,3.18512,3.10958811228129
13273,3.18536,2.42497858526206
13274,3.1856,3.64320946991366
13275,3.18584,2.56540306212752
13276,3.18608,2.84777990218968
13277,3.18632,3.45280582565972
13278,3.18656,2.03215699049528
13279,3.1868,3.03394726253793
13280,3.18704,3.39129415946827
13281,3.18728,2.21642313141435
13282,3.18752,3.32828779751333
13283,3.18776,2.84628172018633
13284,3.188,2.52348063350531
13285,3.18824,3.73611923610114
13286,3.18848,2.42471343227194
13287,3.18872,3.06172273359269
13288,3.18896,3.29805936070743
13289,3.1892,2.12333833805189
13290,3.18944,3.2358053506923
13291,3.18968,2.75657103478347
13292,3.18992,2.55792791581423
13293,3.19016,3.65144980635898
13294,3.1904,2.57686799896109
13295,3.19064,2.74200802131467
13296,3.19088,3.4702127620222
13297,3.19112,2.28413030413344
13298,3.19136,2.9286078423062
13299,3.1916,3.52760849094963
13300,3.19184,2.22443573425276
13301,3.19208,3.22270809547374
13302,3.19232,3.21941214000441
13303,3.19256,2.28824288239863
13304,3.1928,3.51382174988586
13305,3.19304,2.79292227372894
13306,3.19328,2.7121083799379
13307,3.19352,3.67913732715828
13308,3.19376,2.36677562339336
13309,3.194,3.00902759530514
13310,3.19424,3.13133936329955
13311,3.19448,2.32390141155364
13312,3.19472,3.54966729306235
13313,3.19496,2.8263652014959
13314,3.1952,2.50927120740584
13315,3.19544,3.60500204971699
13316,3.19568,2.64577165650457
13317,3.19592,2.8075409831306
13318,3.19616,3.65719752512238
13319,3.1964,2.46736178793254
13320,3.19664,2.75191313403022
13321,3.19688,3.59830378494519
13322,3.19712,2.40843516534282
13323,3.19736,2.93216042131249
13324,3.1976,3.29661720670638
13325,3.19784,2.24236122310775
13326,3.19808,3.35408490387127
13327,3.19832,3.10767788755034
13328,3.19856,2.30258954313241
13329,3.1988,3.41083256272374
13330,3.19904,2.92536161260331
13331,3.19928,2.48118158394143
13332,3.19952,3.58165404539926
13333,3.19976,2.5067152379514
13334,3.2,2.90894366252191
13335,3.20024,3.50889682666254
13336,3.20048,2.20663418296921
13337,3.20072,3.08639583234564
13338,3.20096,3.20543541595987
13339,3.2012,2.15122222236482
13340,3.20144,3.26480449081329
13341,3.20168,3.13818684687576
13342,3.20192,2.33097254572804
13343,3.20216,3.43363669755763
13344,3.2024,2.82964171756435
13345,3.20264,2.63056023127566
13346,3.20288,3.60257922318111
13347,3.20312,2.17817170070992
13348,3.20336,3.0574685890005
13349,3.2036,3.17607119346504
13350,3.20384,2.24912662497917
13351,3.20408,3.47521895832391
13352,3.20432,2.99094652316262
13353,3.20456,2.55006383592621
13354,3.2048,3.64759638576108
13355,3.20504,2.57116948246906
13356,3.20528,3.08786193290226
13357,3.20552,3.32585867132321
13358,3.20576,2.1488175779948
13359,3.206,3.14704439684405
13360,3.20624,2.90800679092855
13361,3.20648,2.58705690743676
13362,3.20672,3.68212275120216
13363,3.20696,2.37238863978956
13364,3.2072,3.12910065520273
13365,3.20744,3.12696556580533
13366,3.20768,2.31986616878353
13367,3.20792,3.42570581783327
13368,3.20816,2.70447102659838
13369,3.2084,2.6268037991237
13370,3.20864,3.71713142997288
13371,3.20888,2.40675368508584
13372,3.20912,2.92934127819343
13373,3.20936,3.17162616817525
13374,3.2096,2.36174542223057
13375,3.20984,3.46925895222417
13376,3.21008,2.63067068630648
13377,3.21032,2.79149499697724
13378,3.21056,3.51649813559191
13379,3.2108,2.0950463959448
13380,3.21104,3.09220757759673
13381,3.21128,3.08954512583104
13382,3.21152,2.28455013497115
13383,3.21176,3.39280573430394
13384,3.212,2.79069137711045
13385,3.21224,2.593410210156
13386,3.21248,3.56847135010915
13387,3.21272,2.37702230530004
13388,3.21296,2.66524877397777
13389,3.2132,3.75785747022893
13390,3.21344,2.32768452712847
13391,3.21368,2.97139436439874
13392,3.21392,3.33086359270572
13393,3.21416,2.0356350491107
13394,3.2144,3.15389003202694
13395,3.21464,3.03317147294608
13396,3.21488,2.34828108316347
13397,3.21512,3.33618652394559
13398,3.21536,2.85286170853897
13399,3.2156,2.53267330291472
13400,3.21584,3.74654720052172
13401,3.21608,2.43146708700976
13402,3.21632,2.95439293500321
13403,3.21656,3.31808478481219
13404,3.2168,2.02343731049965
13405,3.21704,3.14140867401858
13406,3.21728,3.02037042388775
13407,3.21752,2.3386708967167
13408,3.21776,3.44162752098973
13409,3.218,2.83740436845018
13410,3.21824,2.63818950049727
13411,3.21848,3.73114842286412
13412,3.21872,2.30264137522858
13413,3.21896,2.94660934063838
13414,3.2192,3.30722939034001
13415,3.21944,2.13550392981163
13416,3.21968,3.24949409912486
13417,3.21992,3.00830231361665
13418,3.22016,2.56594982171469
13419,3.2204,3.66383298435239
13420,3.22064,2.23737161791312
13421,3.22088,3.11776151067994
13422,3.22112,3.23389932367008
13423,3.22136,2.05842556287323
13424,3.2216,3.29122881562298
13425,3.22184,2.92975010325286
13426,3.22208,2.37100123935776
13427,3.22232,3.35799004607607
13428,3.22256,2.6420237340405
13429,3.2228,2.56894827871042
13430,3.22304,3.54165228531321
13431,3.22328,2.23645561951408
13432,3.22352,2.88469678668703
13433,3.22376,3.48853447358467
13434,3.224,2.30371810787638
13435,3.22424,2.82746653496362
13436,3.22448,3.43249239809749
13437,3.22472,2.13206364814081
13438,3.22496,3.01619055131854
13439,3.2252,3.01740933252415
13440,3.22544,2.57253580469608
13441,3.22568,3.66754908244585
13442,3.22592,2.7067776309546
13443,3.22616,2.63001935490328
13444,3.2264,3.36220439996717
13445,3.22664,2.06700862281157
13446,3.22688,3.30301728667589
13447,3.22712,2.9397235330536
13448,3.22736,2.25946631478813
13449,3.2276,3.48533959317339
13450,3.22784,2.64750165422033
13451,3.22808,2.5742683334559
13452,3.22832,3.67097659706287
13453,3.22856,2.2447236566021
13454,3.2288,2.89218307421645
13455,3.22904,3.255238658558
13456,3.22928,2.32509685527027
13457,3.22952,3.4300503027038
13458,3.22976,2.94626441051796
13459,3.23,2.50624519748403
13460,3.23024,3.488737490545
13461,3.23048,2.7706079595132
13462,3.23072,2.45587525324379
13463,3.23096,3.6718942107347
13464,3.2312,2.36545941218563
13465,3.23144,2.89135332182321
13466,3.23168,3.37604253021472
13467,3.23192,2.07986904603392
13468,3.23216,3.19466164563439
13469,3.2324,2.95553102723013
13470,3.23264,2.51556288900316
13471,3.23288,3.61662219221412
13472,3.23312,2.31301422304571
13473,3.23336,2.84252627624152
13474,3.2336,3.5694256625022
13475,3.23384,2.38117267090287
13476,3.23408,2.78793555307795
13477,3.23432,3.63573202332857
13478,3.23456,2.32566108675617
13479,3.2348,2.850271787843
13480,3.23504,3.09753664279138
13481,3.23528,2.41136351934159
13482,3.23552,3.51430930708619
13483,3.23576,2.67445797642966
13484,3.236,2.59875704628373
13485,3.23624,3.57465229237928
13486,3.23648,2.38314395839266
13487,3.23672,2.67174684891719
13488,3.23696,3.52550387332397
13489,3.2372,2.10434644570223
13490,3.23744,2.99066313370067
13491,3.23768,3.11246953955276
13492,3.23792,1.9476476142727
13493,3.23816,3.18583677312181
13494,3.2384,3.18285607148299
13495,3.23864,2.13654077460727
13496,3.23888,3.24977252876465
13497,3.23912,3.00829472341201
13498,3.23936,2.32907005937779
13499,3.2396,3.43829630214606
13500,3.23984,2.72156535024759
13501,3.24008,2.76280687815557
13502,3.24032,3.60913528182185
13503,3.24056,2.30202667510684
13504,3.2408,2.94579170845402
13505,3.24104,3.19111359907061
13506,3.24128,2.14100389687459
13507,3.24152,3.25578994422249
13508,3.24176,2.66338957079849
13509,3.242,2.70846091624414
13510,3.24224,3.55630349202918
13511,3.24248,2.25236618305075
13512,3.24272,3.01419167517254
13513,3.24296,3.25570177523271
13514,3.2432,2.08776232336719
13515,3.24344,3.08724508294274
13516,3.24368,3.08725167165969
13517,3.24392,2.28219906695203
13518,3.24416,3.51024578778525
13519,3.2444,2.67280995113322
13520,3.24464,2.59944033375356
13521,3.24488,3.69257327107172
13522,3.24512,2.26334175868891
13523,3.24536,2.79029231262027
13524,3.2456,3.51697377513725
13525,3.24584,2.21562364705198
13526,3.24608,2.86143538203403
13527,3.24632,2.98717828950771
13528,3.24656,2.0640186748959
13529,3.2468,3.18482994498402
13530,3.24704,3.06209891218
13531,3.24728,2.25816417269606
13532,3.24752,3.36482550571781
13533,3.24776,2.76422901465852
13534,3.248,2.44857545444229
13535,3.24824,3.43109491426076
13536,3.24848,2.59711440203413
13537,3.24872,2.52619723068684
13538,3.24896,3.62603561464337
13539,3.2492,2.20144367938706
13540,3.24944,3.19996180281019
13541,3.24968,2.84133014827414
13542,3.24992,2.52369073794474
13543,3.25016,3.5029272973886
13544,3.2504,2.43142728910554
13545,3.25064,2.71756582579082
13546,3.25088,3.20819703308783
13547,3.25112,2.27896441565175
13548,3.25136,3.50720042914225
13549,3.2516,2.66730776163363
13550,3.25184,2.47180228958565
13551,3.25208,3.56924401491224
13552,3.25232,2.37678363931273
13553,3.25256,2.66577635075003
13554,3.2528,3.51990602163931
13555,3.25304,2.21413184392961
13556,3.25328,2.74242849360128
13557,3.25352,3.10997375591857
13558,3.25376,2.06346130000969
13559,3.254,3.29760184311809
13560,3.25424,2.58229523420076
13561,3.25448,2.51036212779936
13562,3.25472,3.60829820721571
13563,3.25496,2.65032175033811
13564,3.2552,2.57712369663713
13565,3.25544,3.55671320271174
13566,3.25568,2.60314960399379
13567,3.25592,2.41265047481167
13568,3.25616,3.51659305656932
13569,3.2564,2.44803644227988
13570,3.25664,2.73699221600748
13571,3.25688,3.22549962329648
13572,3.25712,1.93606202666688
13573,3.25736,3.05769326298226
13574,3.2576,3.29743173489752
13575,3.25784,2.12205822452105
13576,3.25808,3.00511707388165
13577,3.25832,3.2479993369406
13578,3.25856,1.95408874365643
13579,3.2588,2.95995495859589
13580,3.25904,3.20434683840106
13581,3.25928,1.91672884133705
13582,3.25952,3.04096205473987
13583,3.25976,2.92505027887781
13584,3.26,2.4844449137254
13585,3.26024,3.58354051535723
13586,3.26048,2.50772073510576
13587,3.26072,2.55534806989792
13588,3.26096,3.53200946411965
13589,3.2612,2.34121750658684
13590,3.26144,2.63137653995745
13591,3.26168,3.48617255577536
13592,3.26192,2.18279691924944
13593,3.26216,2.83057350548962
13594,3.2624,2.95732259319339
13595,3.26264,2.1571650366219
13596,3.26288,3.38728171505568
13597,3.26312,2.55266821589558
13598,3.26336,2.482497070845
13599,3.2636,3.46273100316367
13600,3.26384,2.62531341860632
13601,3.26408,2.43342701027192
13602,3.26432,3.4154138535679
13603,3.26456,2.69985152486264
13604,3.2648,2.26818218100538
13605,3.26504,3.37846227725035
13606,3.26528,2.54555900997105
13607,3.26552,2.47527987804195
13608,3.26576,3.69546915052985
13609,3.266,2.26929869685024
13610,3.26624,3.0304987111682
13611,3.26648,3.15034864886955
13612,3.26672,2.10562671738716
13613,3.26696,3.22038358786094
13614,3.2672,2.9803644804936
13615,3.26744,2.3025355064917
13616,3.26768,3.29414362625404
13617,3.26792,2.81825577356084
13618,3.26816,2.26556361459686
13619,3.2684,3.49187567761611
13620,3.26864,2.42446254695001
13621,3.26888,2.59689457132517
13622,3.26912,3.4505963911222
13623,3.26936,2.03422581320574
13624,3.2696,2.92159408203406
13625,3.26984,3.16773514694235
13626,3.27008,1.99677468034447
13627,3.27032,2.76812806785871
13628,3.27056,3.49591654722165
13629,3.2708,2.19562619127922
13630,3.27104,2.72525428575874
13631,3.27128,3.45486981075253
13632,3.27152,2.1550905636058
13633,3.27176,2.68601223010556
13634,3.272,3.29710796302691
13635,3.27224,2.00286044757316
13636,3.27248,3.24195374982125
13637,3.27272,2.52960899757312
13638,3.27296,2.3402076226551
13639,3.2732,3.44348630920907
13640,3.27344,2.48840692334869
13641,3.27368,2.65764265451154
13642,3.27392,3.63382137558389
13643,3.27416,2.3240546170546
13644,3.2744,2.6150192420732
13645,3.27464,3.58910734138411
13646,3.27488,2.28350445522174
13647,3.27512,2.69602840582363
13648,3.27536,3.18772836065938
13649,3.2756,1.89825458950508
13650,3.27584,3.14191475714273
13651,3.27608,2.66832778382317
13652,3.27632,2.23589122776045
13653,3.27656,3.34372360580391
13654,3.2768,2.62652212521419
13655,3.27704,2.43424511294991
13656,3.27728,3.41883940867301
13657,3.27752,2.58291832949216
13658,3.27776,2.51279295457088
13659,3.278,3.49526381606051
13660,3.27824,2.54232264748679
13661,3.27848,2.5924448824604
13662,3.27872,3.44770843177827
13663,3.27896,2.14871085762764
13664,3.2792,2.91653650380696
13665,3.27944,2.92201407192655
13666,3.27968,2.0036195403419
13667,3.27992,3.24225042912876
13668,3.28016,2.64887198219539
13669,3.2804,2.33840650244843
13670,3.28064,3.32588698920881
13671,3.28088,2.84737580386518
13672,3.28112,2.1706018709981
13673,3.28136,3.1666867603594
13674,3.2816,2.92906333465184
13675,3.28184,2.00819850582384
13676,3.28208,3.01264205572303
13677,3.28232,3.25530821871503
13678,3.28256,1.96119054040192
13679,3.2828,2.9668587385949
13680,3.28304,3.21106097158173
13681,3.28328,2.04176496475907
13682,3.28352,3.04695749170004
13683,3.28376,2.81320957634968
13684,3.284,2.25646291352935
13685,3.28424,3.60173215948881
13686,3.28448,2.29606872276357
13687,3.28472,2.70719048649666
13688,3.28496,3.43897895812419
13689,3.2852,2.14037504277217
13690,3.28544,2.67290359558422
13691,3.28568,3.645819850584
13692,3.28592,2.33733701849074
13693,3.28616,2.62774542620119
13694,3.2864,3.60265882636724
13695,3.28664,2.17796979315614
13696,3.28688,2.70930142801068
13697,3.28712,3.3220393573211
13698,3.28736,2.0250353282469
13699,3.2876,2.91202353617898
13700,3.28784,2.7996392587206
13701,3.28808,2.24434724217316
13702,3.28832,3.47123320486235
13703,3.28856,2.40520455558328
13704,3.2888,2.57855943881295
13705,3.28904,3.55559394893163
13706,3.28928,2.13603190626018
13707,3.28952,2.6691946615205
13708,3.28976,3.40394861140326
13709,3.29,1.98664501655378
13710,3.29024,2.75940234607649
13711,3.29048,3.49155258934322
13712,3.29072,2.18718258059063
13713,3.29096,2.83532513247876
13714,3.2912,3.08181103817275
13715,3.29144,2.0349332963906
13716,3.29168,3.38989404168924
13717,3.29192,2.55921294059779
13718,3.29216,2.49061480923462
13719,3.2924,3.59000446437887
13720,3.29264,2.16850052117375
13721,3.29288,2.70072367492264
13722,3.29312,3.43540951377951
13723,3.29336,2.13615966977029
13724,3.2936,2.66841688527446
13725,3.29384,3.40063193986715
13726,3.29408,1.98474930177762
13727,3.29432,2.75587452852884
13728,3.29456,3.48554733345518
13729,3.2948,2.1832123735986
13730,3.29504,2.83109379146263
13731,3.29528,3.31916156919459
13732,3.29552,2.02451702535038
13733,3.29576,3.02960313647308
13734,3.296,2.91520297924764
13735,3.29624,2.11746138985427
13736,3.29648,3.46880697678365
13737,3.29672,2.28355978574014
13738,3.29696,2.5763499276134
13739,3.2972,3.30994301074778
13740,3.29744,2.01786478880171
13741,3.29768,2.78885299264119
13742,3.29792,3.27876514565989
13743,3.29816,1.86996414842678
13744,3.2984,2.87965048379403
13745,3.29864,3.12812775587905
13746,3.29888,1.84226220171067
13747,3.29912,2.85005975857657
13748,3.29936,3.33560766815186
13749,3.2996,1.92256888003429
13750,3.29984,3.04585690933714
13751,3.30008,2.92944959231096
13752,3.30032,2.12888874072628
13753,3.30056,3.47978915742208
13754,3.3008,2.41342444128599
13755,3.30104,2.70451830879684
13756,3.30128,3.31618899075935
13757,3.30152,2.02514934694482
13758,3.30176,2.91392763836428
13759,3.302,3.04069736888245
13760,3.30224,2.12158907362824
13761,3.30248,3.121193741883
13762,3.30272,2.886904833793
13763,3.30296,2.21283686695682
13764,3.3032,3.20582651815299
13765,3.30344,2.61280180440365
13766,3.30368,2.42469887366171
13767,3.30392,3.40888710070729
13768,3.30416,2.34216247339077
13769,3.3044,2.75397270250172
13770,3.30464,3.12473528382212
13771,3.30488,1.95664093487757
13772,3.30512,2.96601865771358
13773,3.30536,2.73592702615171
13774,3.3056,2.06577575900768
13775,3.30584,3.30092752497632
13776,3.30608,2.35260147297865
13777,3.30632,2.40803267122981
13778,3.30656,3.39517520112436
13779,3.3068,2.21093045525745
13780,3.30704,2.50692022272036
13781,3.30728,3.48711457688369
13782,3.30752,2.41653201089515
13783,3.30776,2.58810511223375
13784,3.308,3.56609408551867
13785,3.30824,2.26158686768934
13786,3.30848,2.79192640107689
13787,3.30872,3.28131649251537
13788,3.30896,1.9892092975975
13789,3.3092,2.99542599954235
13790,3.30944,3.00106724167924
13791,3.30968,1.96210802447388
13792,3.30992,3.32026943732284
13793,3.31016,2.49136287333891
13794,3.3104,2.42444675553669
13795,3.31064,3.52851922954925
13796,3.31088,2.22867849581062
13797,3.31112,2.64372943194367
13798,3.31136,3.25806247021237
13799,3.3116,1.96956821403144
13800,3.31184,2.74095398294719
13801,3.31208,3.11185084205799
13802,3.31232,1.95045848914641
13803,3.31256,2.95620155836554
13804,3.3128,2.84455723095472
13805,3.31304,2.04949433994516
13806,3.31328,3.16550584848432
13807,3.31352,2.57424846809164
13808,3.31376,2.38610380597797
13809,3.314,3.37198413103423
13810,3.31424,2.30687774758864
13811,3.31448,2.60218235439265
13812,3.31472,3.21831135322304
13813,3.31496,2.04486341499816
13814,3.3152,2.81904289613003
13815,3.31544,2.83061590589619
13816,3.31568,1.9162886702063
13817,3.31592,3.15880774836656
13818,3.31616,2.57046790790782
13819,3.3164,2.14541909304806
13820,3.31664,3.25991991276979
13821,3.31688,2.3129435015089
13822,3.31712,2.3705457500726
13823,3.31736,3.35800780798127
13824,3.3176,2.29043901960471
13825,3.31784,2.46839627820422
13826,3.31808,3.45289189348729
13827,3.31832,2.3855718313552
13828,3.31856,2.55803624276675
13829,3.3188,3.53604317903802
13830,3.31904,2.11431308278231
13831,3.31928,2.76653891833399
13832,3.31952,3.25877082422655
13833,3.31976,1.96458002802082
13834,3.32,2.85425852460669
13835,3.32024,3.10302056485967
13836,3.32048,1.81737186847861
13837,3.32072,3.18096703635129
13838,3.32096,2.70841655049823
13839,3.3212,2.15848483397771
13840,3.32144,3.50807872345545
13841,3.32168,2.3263698812358
13842,3.32192,2.50185522936527
13843,3.32216,3.11843503960993
13844,3.3224,1.8347226706703
13845,3.32264,2.96403245138985
13846,3.32288,2.85382349841692
13847,3.32312,2.06135805163019
13848,3.32336,3.06098355242791
13849,3.3236,2.59057960271787
13850,3.32384,2.28277212287512
13851,3.32408,3.27537878300622
13852,3.32432,2.44577928957695
13853,3.32456,2.38041008908013
13854,3.3248,3.36612264851811
13855,3.32504,2.18404348843819
13856,3.32528,2.5992772854807
13857,3.32552,3.33450133891688
13858,3.32576,1.92287891104444
13859,3.326,2.93331904177292
13860,3.32624,2.94247826051063
13861,3.32648,1.90306103329038
13862,3.32672,3.26376730372474
13863,3.32696,2.55455299018407
13864,3.3272,2.24830608909238
13865,3.32744,3.35434380754125
13866,3.32768,2.05950331195375
13867,3.32792,2.59559805323179
13868,3.32816,3.08961227775718
13869,3.3284,1.80715431192909
13870,3.32864,2.9376620946239
13871,3.32888,2.82859868968492
13872,3.32912,2.03722883088554
13873,3.32936,3.15772580945528
13874,3.3296,2.44916424569426
13875,3.32984,2.26381310889044
13876,3.33008,3.37316234742941
13877,3.33032,2.18946088100194
13878,3.33056,2.60489232537912
13879,3.3308,3.34381695636439
13880,3.33104,1.93002219192495
13881,3.33128,2.93796303465738
13882,3.33152,2.9460678004187
13883,3.33176,2.02979330612158
13884,3.332,3.1479895870644
13885,3.33224,2.67687752172436
13886,3.33248,2.24986191911932
13887,3.33272,3.47786580629284
13888,3.33296,2.29395058781802
13889,3.3332,2.47047870306274
13890,3.33344,3.20911127639375
13891,3.33368,2.03735454164062
13892,3.33392,2.69294292926095
13893,3.33416,3.06460349293505
13894,3.3344,1.9017642602442
13895,3.33464,2.79456871637058
13896,3.33488,2.80674609138288
13897,3.33512,1.8921586651715
13898,3.33536,3.01981736217481
13899,3.3356,2.43315949284953
13900,3.33584,2.24895567212687
13901,3.33608,3.24302600912383
13902,3.33632,2.29894985616288
13903,3.33656,2.35672271516627
13904,3.3368,3.46197390878714
13905,3.33704,2.04607684727072
13906,3.33728,2.58189823054522
13907,3.33752,3.07776465497286
13908,3.33776,1.91830344042363
13909,3.338,3.04133154750753
13910,3.33824,2.68984019263757
13911,3.33848,2.38076484805328
13912,3.33872,3.36686946576762
13913,3.33896,2.30197663942387
13914,3.3392,2.59748603206965
13915,3.33944,3.33540642267777
13916,3.33968,2.04008336399088
13917,3.33992,2.81446266671545
13918,3.34016,3.06497637897452
13919,3.3404,1.78228064811782
13920,3.34064,3.03018855871356
13921,3.34088,2.79905051706475
13922,3.34112,2.00765307014535
13923,3.34136,3.24443050429477
13924,3.3416,2.41795359849629
13925,3.34184,2.23440779416126
13926,3.34208,3.34541508321754
13927,3.34232,2.40124546878894
13928,3.34256,2.33955650583899
13929,3.3428,3.32527387571227
13930,3.34304,2.14845377424664
13931,3.34328,2.44759487789891
13932,3.34352,3.18633005852219
13933,3.34376,2.01426119530566
13934,3.344,2.55319750405415
13935,3.34424,3.17189018040182
13936,3.34448,2.00432497429243
13937,3.34472,2.6622138579692
13938,3.34496,2.91755516676179
13939,3.3452,1.75847029709628
13940,3.34544,2.77169725588212
13941,3.34568,2.78439814500942
13942,3.34592,1.872963992007
13943,3.34616,2.87943489664999
13944,3.3464,2.65266652923095
13945,3.34664,2.2258088427236
13946,3.34688,3.21995479358744
13947,3.34712,2.27779406172361
13948,3.34736,2.4553911597073
13949,3.3476,3.31886047119475
13950,3.34784,1.78939611052851
13951,3.34808,2.80036305443877
13952,3.34832,2.93034856223711
13953,3.34856,2.13585674568332
13954,3.3488,3.13221538196122
13955,3.34904,2.42429424926385
13956,3.34928,2.59815460668802
13957,3.34952,3.21226140966015
13958,3.34976,1.92443947468031
13959,3.35,2.93302350217253
13960,3.35024,2.94131965642234
13961,3.35048,2.02522824229968
13962,3.35072,3.14532480653809
13963,3.35096,2.67430468404028
13964,3.3512,2.24737735201777
13965,3.35144,3.47719667780406
13966,3.35168,2.29328607877948
13967,3.35192,2.46981879061288
13968,3.35216,3.32827811883225
13969,3.3524,2.15263638363473
13970,3.35264,2.56963886554409
13971,3.35288,3.06427419944163
13972,3.35312,1.89750445175934
13973,3.35336,2.7931061949812
13974,3.3536,3.04366398455043
13975,3.35384,1.88166840960804
13976,3.35408,2.77668076050428
13977,3.35432,2.90810188752111
13978,3.35456,1.75074295578643
13979,3.3548,3.00087159205724
13980,3.35504,2.77051677401021
13981,3.35528,1.85747976330234
13982,3.35552,2.9866212955538
13983,3.35576,2.63752284819393
13984,3.356,1.96861065025229
13985,3.35624,3.09116352714694
13986,3.35648,2.62249188064513
13987,3.35672,1.9572978671634
13988,3.35696,3.19841797747335
13989,3.3572,2.49201023212958
13990,3.35744,2.06905275519874
13991,3.35768,3.30313045289631
13992,3.35792,2.3590434072268
13993,3.35816,2.17846993754882
13994,3.3584,3.41127409715141
13995,3.35864,2.23021785283072
13996,3.35888,2.29097434231256
13997,3.35912,3.39641787541337
13998,3.35936,2.21910111467209
13999,3.3596,2.28069943083093
14000,3.35984,3.26504223278312
14001,3.36008,2.09210524020853
14002,3.36032,2.5130565074003
14003,3.36056,3.13084591509932
14004,3.3608,1.9624502103422
14005,3.36104,2.50317397913557
14006,3.36128,3.00067895796295
14007,3.36152,1.83665338922389
14008,3.36176,2.73487937178821
14009,3.362,2.98794665749304
14010,3.36224,1.82835098362482
14011,3.36248,2.72565839609132
14012,3.36272,2.85927420852258
14013,3.36296,1.70401384679812
14014,3.3632,2.95614934434968
14015,3.36344,2.72771363789713
14016,3.36368,1.81651180089232
14017,3.36392,2.94740835059283
14018,3.36416,2.59998782553451
14019,3.3644,1.93268029930134
14020,3.36464,3.056767458197
14021,3.36488,2.58956330449105
14022,3.36512,1.92577213095241
14023,3.36536,3.04839963440809
14024,3.3656,2.69615662512178
14025,3.36584,1.90877387125459
14026,3.36608,3.15022631007001
14027,3.36632,2.44718536184427
14028,3.36656,2.02743651083757
14029,3.3668,3.26243574571533
14030,3.36704,2.20287868232831
14031,3.36728,2.38458320536393
14032,3.36752,3.24848831341012
14033,3.36776,2.07362942607175
14034,3.368,2.37642761371853
14035,3.36824,3.23845879708498
14036,3.36848,1.83093860421874
14037,3.36872,2.84703337769057
14038,3.36896,2.85986895724029
14039,3.3692,1.70194315954916
14040,3.36944,2.8378009642701
14041,3.36968,2.7303921771465
14042,3.36992,1.82034524000891
14043,3.37016,3.06520204290236
14044,3.3704,2.47953938005608
14045,3.37064,2.05622806995558
14046,3.37088,3.17491551023176
14047,3.37112,2.3513873454453
14048,3.37136,2.29136304016948
14049,3.3716,3.39807972398907
14050,3.37184,2.10208706794435
14051,3.37208,2.40363241131342
14052,3.37232,3.26446553541139
14053,3.37256,1.97563627018075
14054,3.3728,2.7531796217063
14055,3.37304,2.88729356749027
14056,3.37328,1.73035763624974
14057,3.37352,2.98129323264672
14058,3.37376,2.6323524009483
14059,3.374,1.72526369513769
14060,3.37424,2.74113931226803
14061,3.37448,2.99560309537209
14062,3.37472,1.71670162874873
14063,3.37496,2.96519764319488
14064,3.3752,2.61826015832989
14065,3.37544,2.07210801625583
14066,3.37568,3.30598926199235
14067,3.37592,2.24364788768947
14068,3.37616,2.42220510625588
14069,3.3764,3.40731923738111
14070,3.37664,1.99416461212355
14071,3.37688,2.77002099129555
14072,3.37712,2.66553868310811
14073,3.37736,1.75829025608039
14074,3.3776,2.88862676253614
14075,3.37784,2.78069858438
14076,3.37808,1.75123605025927
14077,3.37832,2.99821710564232
14078,3.37856,2.41543896340193
14079,3.3788,2.11643842798708
14080,3.37904,3.23335814636152
14081,3.37928,2.29264783629441
14082,3.37952,2.35451254546575
14083,3.37976,3.21879180610328
14084,3.38,1.93059694553965
14085,3.38024,2.59159213527492
14086,3.38048,3.08867803898369
14087,3.38072,1.68763164312925
14088,3.38096,2.94085745863254
14089,3.3812,2.47904838767438
14090,3.38144,1.82000579287773
14091,3.38168,2.82911114182001
14092,3.38192,2.72201793755322
14093,3.38216,1.93258668394519
14094,3.3824,3.05353930719289
14095,3.38264,2.23135044188838
14096,3.38288,2.29191397123203
14097,3.38312,3.28266824366457
14098,3.38336,2.10584728369153
14099,3.3836,2.41063091009399
14100,3.38384,3.27422067417414
14101,3.38408,1.86639848972245
14102,3.38432,2.76063802655044
14103,3.38456,2.77456231926864
14104,3.3848,2.10439015766157
14105,3.38504,3.22180902309509
14106,3.38528,2.04455552313109
14107,3.38552,2.34855250662269
14108,3.38576,3.21392930692561
14109,3.386,1.80786750297375
14110,3.38624,2.70725288762218
14111,3.38648,2.84159440771902
14112,3.38672,1.80814098982506
14113,3.38696,2.93755530696781
14114,3.3872,2.47281919312485
14115,3.38744,2.17128331625631
14116,3.38768,3.28577830973594
14117,3.38792,2.10922717950525
14118,3.38816,2.529756183046
14119,3.3884,3.02949936661413
14120,3.38864,1.75083136859992
14121,3.38888,2.7698898472226
14122,3.38912,2.66619820180377
14123,3.38936,1.75847721848756
14124,3.3896,2.88828996503679
14125,3.38984,2.30678363588524
14126,3.39008,2.12877079737066
14127,3.39032,3.2416188835973
14128,3.39056,2.06697806569041
14129,3.3908,2.4889013417694
14130,3.39104,2.869727356881
14131,3.39128,1.59578774878663
14132,3.39152,2.73620107500682
14133,3.39176,2.87182138217082
14134,3.392,1.60001435274785
14135,3.39224,2.73670443722572
14136,3.39248,2.51466843489568
14137,3.39272,1.85355340665409
14138,3.39296,2.97750449927762
14139,3.3932,2.27836306700971
14140,3.39344,2.34077992053773
14141,3.39368,2.96592706461868
14142,3.39392,1.68866260014031
14143,3.39416,2.47207625909086
14144,3.3944,3.09410903030008
14145,3.39464,1.69233016220314
14146,3.39488,2.71433891695332
14147,3.39512,2.85088845561912
14148,3.39536,1.81962888867592
14149,3.3956,2.94499816416847
14150,3.39584,2.36098584682195
14151,3.39608,2.29909378393274
14152,3.39632,3.29076022399746
14153,3.39656,1.88214907652051
14154,3.3968,2.6632062825427
14155,3.39704,2.56325645087483
14156,3.39728,1.78065508116183
14157,3.39752,2.91206244909411
14158,3.39776,2.44881482409553
14159,3.398,2.1469358874218
14160,3.39824,3.37876771422066
14161,3.39848,1.96674246463571
14162,3.39872,2.51101975832242
14163,3.39896,3.01154475161464
14164,3.3992,1.61464119949065
14165,3.39944,2.63435232851714
14166,3.39968,2.77440230934625
14167,3.39992,1.86710821355347
14168,3.40016,2.99128433681614
14169,3.4004,2.0592742695179
14170,3.40064,2.59909506816064
14171,3.40088,2.62040386306765
14172,3.40112,1.83657460751954
14173,3.40136,2.96467339659445
14174,3.4016,2.26603887234109
14175,3.40184,2.21000843975969
14176,3.40208,3.07956239917566
14177,3.40232,1.79731412886062
14178,3.40256,2.34502916837421
14179,3.4028,2.97427058637789
14180,3.40304,1.69793170011989
14181,3.40328,2.83028847168161
14182,3.40352,2.25121784090627
14183,3.40376,2.07553437248543
14184,3.404,3.31043393488512
14185,3.40424,1.90134266383013
14186,3.40448,2.56389720708013
14187,3.40472,2.70608229946881
14188,3.40496,1.91938706114915
14189,3.4052,3.04384906371074
14190,3.40544,1.98969231839064
14191,3.40568,2.29595303246947
14192,3.40592,3.16349473337619
14193,3.40616,1.75950301249173
14194,3.4064,2.66086818933698
14195,3.40664,2.678597343359
14196,3.40688,1.53181848566756
14197,3.40712,2.67142020598878
14198,3.40736,2.68821778066285
14199,3.4076,1.90229104406376
14200,3.40784,2.90940877854336
14201,3.40808,2.09374197099873
14202,3.40832,2.39545412847935
14203,3.40856,2.89914794016246
14204,3.4088,1.62603778332872
14205,3.40904,2.76148211182808
14206,3.40928,2.41975473073624
14207,3.40952,1.99968321637614
14208,3.40976,3.23784295457127
14209,3.41,1.83186941581353
14210,3.41024,2.73006481927738
14211,3.41048,2.5094682743886
14212,3.41072,1.96917306728433
14213,3.41096,3.09231174920195
14214,3.4112,2.15582474901153
14215,3.41144,2.33978213282125
14216,3.41168,2.84631149468493
14217,3.41192,1.57503852034693
14218,3.41216,2.83253246125614
14219,3.4124,2.37220246022344
14220,3.41264,1.95376724129769
14221,3.41288,3.1930120415314
14222,3.41312,1.78853959560176
14223,3.41336,2.45461981038735
14224,3.4136,2.95749446504237
14225,3.41384,1.56283818997846
14226,3.41408,2.70365322751071
14227,3.41432,2.48417696395067
14228,3.41456,1.94495281602177
14229,3.4148,3.0691153712826
14230,3.41504,2.13360737922235
14231,3.41528,2.31850037520968
14232,3.41552,2.82592460801415
14233,3.41576,1.7951667844056
14234,3.416,2.92406646188127
14235,3.41624,2.10771323850661
14236,3.41648,2.17390420550233
14237,3.41672,3.16519326812652
14238,3.41696,1.7610456798208
14239,3.4172,2.66226203053041
14240,3.41744,2.44500590706146
14241,3.41768,2.02464059611477
14242,3.41792,3.26079855206912
14243,3.41816,1.85419283112341
14244,3.4184,2.51870659100406
14245,3.41864,2.779948945158
14246,3.41888,1.75027588767753
14247,3.41912,2.88199166102873
14248,3.41936,2.06743425700876
14249,3.4196,2.13494697858173
14250,3.41984,3.24905187283481
14251,3.42008,1.84208635535135
14252,3.42032,2.5070941663721
14253,3.42056,2.53140988314384
14254,3.4208,1.63058983553813
14255,3.42104,2.882548070441
14256,3.42128,2.18600886171749
14257,3.42152,1.89672731053298
14258,3.42176,2.9053013296006
14259,3.422,2.32583372727913
14260,3.42224,2.14986148276575
14261,3.42248,3.02317310604557
14262,3.42272,1.62341307861418
14263,3.42296,2.75887894580055
14264,3.4232,2.42108218498971
14265,3.42344,2.1215398585132
14266,3.42368,3.23882266718823
14267,3.42392,1.94685049550532
14268,3.42416,2.49180857499712
14269,3.4244,2.636993852809
14270,3.42464,1.8505392795762
14271,3.42488,3.09422361021755
14272,3.42512,2.04118590033803
14273,3.42536,2.34415851734088
14274,3.4256,2.97066020079543
14275,3.42584,1.57229732697903
14276,3.42608,2.71085442697079
14277,3.42632,2.37423636189664
14278,3.42656,2.19568241326462
14279,3.4268,2.94671357277933
14280,3.42704,1.66572554590661
14281,3.42728,2.56447562547407
14282,3.42752,2.70478178817548
14283,3.42776,1.80031474016203
14284,3.428,3.04701767772537
14285,3.42824,1.99515593280478
14286,3.42848,2.30403854943187
14287,3.42872,2.93226769586893
14288,3.42896,1.53510462441646
14289,3.4292,2.44609385851125
14290,3.42944,2.83021205350609
14291,3.42968,1.5542698677451
14292,3.42992,2.81033835465296
14293,3.43016,2.58832865103508
14294,3.4304,1.56555933779275
14295,3.43064,2.70613237769619
14296,3.43088,2.60537343052434
14297,3.43112,1.69909659109499
14298,3.43136,2.95104427680508
14299,3.4316,2.13730693253969
14300,3.43184,2.20209326371599
14301,3.43208,2.95237928117808
14302,3.43232,1.67543996355545
14303,3.43256,2.58027386047775
14304,3.4328,2.60216164037753
14305,3.43304,1.57922534401497
14306,3.43328,2.59847944431113
14307,3.43352,2.619120828966
14308,3.43376,1.8359903079105
14309,3.434,2.96386110167283
14310,3.43424,1.91296307073237
14311,3.43448,2.22233913350394
14312,3.43472,2.97213901236248
14313,3.43496,1.68997383078493
14314,3.4352,2.59414089766878
14315,3.43544,2.4986451999622
14316,3.43568,1.95689976538285
14317,3.43592,2.96405373530989
14318,3.43616,2.14838525273783
14319,3.4364,2.21571628392517
14320,3.43664,2.84771533133893
14321,3.43688,1.69426857028027
14322,3.43712,2.82827740697907
14323,3.43736,2.25293128169976
14324,3.4376,2.07956096300659
14325,3.43784,3.07520990291121
14326,3.43808,1.78853510474318
14327,3.43832,2.22085741856534
14328,3.43856,2.85004619324265
14329,3.4388,1.57615224018108
14330,3.43904,2.60029372352713
14331,3.43928,2.50406269499974
14332,3.43952,1.84398670676628
14333,3.43976,3.20674660030952
14334,3.44,2.03409673210561
14335,3.44024,2.33899768767364
14336,3.44048,2.84315372528198
14337,3.44072,1.69075118155603
14338,3.44096,2.94295127702575
14339,3.4412,2.24845297704986
14340,3.44144,2.07475343700232
14341,3.44168,3.06887830937637
14342,3.44192,1.66825390147822
14343,3.44216,2.45656306614253
14344,3.4424,2.71987033481832
14345,3.44264,1.57105611294618
14346,3.44288,2.70862516030955
14347,3.44312,2.25437336066802
14348,3.44336,1.84252108409435
14349,3.4436,3.08639747859022
14350,3.44384,1.9181128180013
14351,3.44408,2.1104015571027
14352,3.44432,2.86456857376019
14353,3.44456,1.58960921850401
14354,3.4448,2.14602839328888
14355,3.44504,3.01934206650384
14356,3.44528,1.7350327612699
14357,3.44552,2.40227630612065
14358,3.44576,2.54947726508503
14359,3.446,1.88949676206194
14360,3.44624,3.13215301698381
14361,3.44648,1.84548035331161
14362,3.44672,2.39423304330965
14363,3.44696,2.78047710129435
14364,3.4472,1.50739009190654
14365,3.44744,2.41763994294182
14366,3.44768,2.44471723087587
14367,3.44792,1.66470589184463
14368,3.44816,2.91797094754231
14369,3.4484,2.22448787445917
14370,3.44864,2.05175926804507
14371,3.44888,3.04681273685095
14372,3.44912,1.64707624158235
14373,3.44936,2.4362346368345
14374,3.4496,2.70035402443344
14375,3.44984,1.6747735837126
14376,3.45008,2.80862503254378
14377,3.45032,2.11684502493876
14378,3.45056,2.06646584789837
14379,3.4508,3.06214194161005
14380,3.45104,1.77852401487116
14381,3.45128,2.2112007771399
14382,3.45152,2.72258196131313
14383,3.45176,1.45284382788433
14384,3.452,2.12842956078846
14385,3.45224,3.00198824850676
14386,3.45248,1.60288566667818
14387,3.45272,2.15817037231238
14388,3.45296,2.78994600771122
14389,3.4532,1.51852561736638
14390,3.45344,2.66353263476676
14391,3.45368,2.32914914050978
14392,3.45392,1.79460594199027
14393,3.45416,3.03997443321115
14394,3.4544,1.9899128359118
14395,3.45464,1.94109672306384
14396,3.45488,3.06330240110286
14397,3.45512,1.78043647651631
14398,3.45536,2.33017000078748
14399,3.4556,2.71692036101202
14400,3.45584,1.45133180998524
14401,3.45608,2.59396974193694
14402,3.45632,2.49745552490999
14403,3.45656,1.72023687434492
14404,3.4568,2.9692947926496
14405,3.45704,1.92139574135483
14406,3.45728,2.34912006147376
14407,3.45752,2.85660291981967
14408,3.45776,1.58274067685162
14409,3.458,2.25868183996262
14410,3.45824,2.41198159844682
14411,3.45848,1.63760352945567
14412,3.45872,2.8910884027806
14413,3.45896,1.84571151824449
14414,3.4592,2.39431912099424
14415,3.45944,2.66279338210031
14416,3.45968,1.63258726206002
14417,3.45992,2.30459877755097
14418,3.46016,2.81135568393069
14419,3.4604,1.53940862382208
14420,3.46064,2.68339344402939
14421,3.46088,2.22955683657282
14422,3.46112,1.93540684261347
14423,3.46136,3.05867487551085
14424,3.4616,1.89097262820089
14425,3.46184,2.08557218999584
14426,3.46208,2.84104778756959
14427,3.46232,1.8026499081801
14428,3.46256,1.9997137960148
14429,3.4628,3.1179948498175
14430,3.46304,1.83090163576198
14431,3.46328,2.02806411130297
14432,3.46352,2.66795170378814
14433,3.46376,1.52159773153044
14434,3.464,2.66372185691749
14435,3.46424,2.09436082620703
14436,3.46448,2.04347699077709
14437,3.46472,2.92144993071096
14438,3.46496,1.64551721054617
14439,3.4652,2.08292627133102
14440,3.46544,3.07728728429446
14441,3.46568,1.67693007448191
14442,3.46592,2.11078761085959
14443,3.46616,2.98717663571163
14444,3.4664,1.70749598223131
14445,3.46664,2.37793049354437
14446,3.46688,2.76465682836916
14447,3.46712,1.49468044047827
14448,3.46736,2.52115202226875
14449,3.4676,2.1923717646398
14450,3.46784,1.90236073905267
14451,3.46808,2.90497522470179
14452,3.46832,1.62623359470772
14453,3.46856,2.41387540471173
14454,3.4688,2.56463657261767
14455,3.46904,1.30416291839469
14456,3.46928,2.57117481325855
14457,3.46952,2.12473025336124
14458,3.46976,1.95746934779768
14459,3.47,2.96027757851716
14460,3.47024,1.91438506748886
14461,3.47048,2.22458556516935
14462,3.47072,2.73470526445782
14463,3.47096,1.34744585815405
14464,3.4712,2.61297198839091
14465,3.47144,2.5162674309009
14466,3.47168,1.37290020506536
14467,3.47192,2.2887612884343
14468,3.47216,2.79868797502155
14469,3.4724,1.40732487009373
14470,3.47264,2.20355698184517
14471,3.47288,2.35907160820377
14472,3.47312,1.70708797530174
14473,3.47336,2.95779124150435
14474,3.4736,1.56206789000641
14475,3.47384,2.58859531742762
14476,3.47408,2.25722624454035
14477,3.47432,1.72556715760783
14478,3.47456,2.97369443779488
14479,3.4748,1.80952773276919
14480,3.47504,2.12599447666365
14481,3.47528,2.87912587236477
14482,3.47552,1.60490658008309
14483,3.47576,2.51407357190153
14484,3.476,2.3022376013628
14485,3.47624,1.88927529464602
14486,3.47648,3.01436487176155
14487,3.47672,2.08147163854183
14488,3.47696,1.79531734057987
14489,3.4772,2.79983113549398
14490,3.47744,1.52906466449521
14491,3.47768,2.55388936883419
14492,3.47792,2.22445149453484
14493,3.47816,1.93290342175442
14494,3.4784,3.0539052624837
14495,3.47864,1.7694135696856
14496,3.47888,1.84970182920777
14497,3.47912,2.61305364912044
14498,3.47936,1.4688980525238
14499,3.4796,2.72903454474773
14500,3.47984,1.80678758591259
14501,3.48008,2.35728381804825
14502,3.48032,2.50814076275562
14503,3.48056,1.48532562601911
14504,3.4808,2.74773442119575
14505,3.48104,2.05645945522538
14506,3.48128,1.77046524552836
14507,3.48152,3.01700915689337
14508,3.48176,1.8486661019456
14509,3.482,2.16206929724372
14510,3.48224,2.67519213692566
14511,3.48248,1.40717681338874
14512,3.48272,2.55228462952799
14513,3.48296,2.10304683599581
14514,3.4832,1.81672762656394
14515,3.48344,3.06211868592598
14516,3.48368,1.7780594937494
14517,3.48392,2.32974901237182
14518,3.48416,2.48135223530158
14519,3.4844,1.70192560342595
14520,3.48464,2.95445096244946
14521,3.48488,1.5578649530894
14522,3.48512,1.99582254942877
14523,3.48536,2.7549191736096
14524,3.4856,1.36617994528124
14525,3.48584,2.27732848620791
14526,3.48608,2.19288222274006
14527,3.48632,1.66387399048856
14528,3.48656,2.79734225588665
14529,3.4868,2.10690638472477
14530,3.48704,1.9401645098124
14531,3.48728,2.94395291056366
14532,3.48752,2.01619333117562
14533,3.48776,1.85169619840536
14534,3.488,2.61527373879179
14535,3.48824,1.35153409934606
14536,3.48848,2.50120995599641
14537,3.48872,2.17213927690957
14538,3.48896,1.40697837338865
14539,3.4892,2.43307671783023
14540,3.48944,2.22634737352569
14541,3.48968,1.4579424701607
14542,3.48992,2.60294920594631
14543,3.49016,1.80283549929506
14544,3.4904,2.11939119853664
14545,3.49064,2.99769641619353
14546,3.49088,1.60001394759443
14547,3.49112,2.27350289060896
14548,3.49136,2.78296590329299
14549,3.4916,1.51274072092716
14550,3.49184,2.3080476576625
14551,3.49208,2.22350717162535
14552,3.49232,1.81463148161287
14553,3.49256,2.8207469914713
14554,3.4928,1.54535392843953
14555,3.49304,2.45515357452987
14556,3.49328,2.2452362265248
14557,3.49352,1.71384728831628
14558,3.49376,2.96616653421287
14559,3.494,1.80161950016514
14560,3.49424,1.87985542540716
14561,3.49448,2.88530034209339
14562,3.49472,1.60968439617776
14563,3.49496,2.0482734482663
14564,3.4952,2.92436650687138
14565,3.49544,1.64443191055101
14566,3.49568,2.08414166737464
14567,3.49592,2.36173337269104
14568,3.49616,1.46663747758386
14569,3.4964,2.72839175569736
14570,3.49664,1.68961504412738
14571,3.49688,2.00839584717582
14572,3.49712,2.52627732243994
14573,3.49736,1.26450604748032
14574,3.4976,2.06490934374788
14575,3.49784,2.58467708027632
14576,3.49808,1.20313589238569
14577,3.49832,2.24017368614073
14578,3.49856,2.03820251034771
14579,3.4988,1.7527806471005
14580,3.49904,2.88305677090795
14581,3.49928,1.72685145490389
14582,3.49952,2.04436848872657
14583,3.49976,2.32450751717377
14584,3.5,1.31025979512905
14585,3.50024,2.57786480884723
14586,3.50048,1.66060805130435
14587,3.50072,1.86426494097261
14588,3.50096,2.51120726107252
14589,3.5012,1.25090800104741
14590,3.50144,2.52066822249204
14591,3.50168,1.95702899666878
14592,3.50192,1.79356101880675
14593,3.50216,2.79822718451851
14594,3.5024,1.52454259396342
14595,3.50264,1.96715103618173
14596,3.50288,2.73290965443636
14597,3.50312,1.34486387673027
14598,3.50336,2.25667262383109
14599,3.5036,2.17330313581104
14600,3.50384,1.64487789304538
14601,3.50408,2.78326780926956
14602,3.50432,1.74415238255186
14603,3.50456,2.17805261243459
14604,3.5048,2.21569869288937
14605,3.50504,1.4488227263394
14606,3.50528,2.71073810806367
14607,3.50552,1.67172373494911
14608,3.50576,1.87481385539496
14609,3.506,2.76483142530467
14610,3.50624,1.72824455398126
14611,3.50648,2.16369877167092
14612,3.50672,2.55962567681178
14613,3.50696,1.53767431224887
14614,3.5072,2.55955212305341
14615,3.50744,2.11352264494211
14616,3.50768,1.82636801820452
14617,3.50792,2.83345995539611
14618,3.50816,1.55902997801147
14619,3.5084,2.23314831582276
14620,3.50864,2.26791326295474
14621,3.50888,1.61808149045587
14622,3.50912,2.75101687744652
14623,3.50936,1.71280893973215
14624,3.5096,2.14581090860789
14625,3.50984,2.54116665364243
14626,3.51008,1.39882695542563
14627,3.51032,2.07945240067603
14628,3.51056,2.59747531741715
14629,3.5108,1.45486995069584
14630,3.51104,2.48246152888522
14631,3.51128,2.0375911386402
14632,3.51152,1.87349569596161
14633,3.51176,2.99572361874722
14634,3.512,1.83352625726464
14635,3.51224,1.91229975013884
14636,3.51248,2.31996848074216
14637,3.51272,1.18325545186081
14638,3.51296,2.33465708435202
14639,3.5132,1.89439364302307
14640,3.51344,1.73480559109282
14641,3.51368,2.86739221855192
14642,3.51392,1.47415434486348
14643,3.51416,2.27127631991836
14644,3.5144,2.18709855723586
14645,3.51464,1.30236769641868
14646,3.51488,2.56965039404433
14647,3.51512,1.77059864970292
14648,3.51536,1.85246430069667
14649,3.5156,2.37986470090309
14650,3.51584,1.36559614819054
14651,3.51608,2.39482142570001
14652,3.51632,2.19150561177732
14653,3.51656,1.42506535193765
14654,3.5168,2.68740179191922
14655,3.51704,1.64922007276575
14656,3.51728,1.85310707215048
14657,3.51752,2.7438870963772
14658,3.51776,1.70802914093293
14659,3.518,1.90846903526384
14660,3.51824,2.43294127440067
14661,3.51848,1.41676282260284
14662,3.51872,2.56179465586281
14663,3.51896,1.87981398171593
14664,3.5192,1.83790780660393
14665,3.51944,2.96591312626962
14666,3.51968,1.80488129318676
14667,3.51992,1.88476829234452
14668,3.52016,2.29350218502156
14669,3.5204,1.1578078183176
14670,3.52064,2.31018418512055
14671,3.52088,1.87085269575298
14672,3.52112,1.71215600705075
14673,3.52136,2.7257578409885
14674,3.5216,1.8039389225419
14675,3.52184,1.88207603568658
14676,3.52208,2.88435052893785
14677,3.52232,1.60701169242122
14678,3.52256,1.92765563284328
14679,3.5228,2.44948629062581
14680,3.52304,1.31575100715083
14681,3.52328,2.46640920780334
14682,3.52352,2.02201419841678
14683,3.52376,1.37916180324997
14684,3.524,2.52529504009266
14685,3.52424,2.07834264382129
14686,3.52448,1.55629506067692
14687,3.52472,2.93002338156429
14688,3.52496,1.53517377457416
14689,3.5252,2.09156159008811
14690,3.52544,2.4894514689647
14691,3.52568,1.35173171637704
14692,3.52592,2.61926656709679
14693,3.52616,1.70591666146602
14694,3.5264,1.78820027248315
14695,3.52664,2.31564688048549
14696,3.52688,1.06297174097441
14697,3.52712,2.22286374233541
14698,3.52736,1.90528347395168
14699,3.5276,1.62735283466619
14700,3.52784,2.51899254474443
14701,3.52808,1.14160093090914
14702,3.52832,2.29890372307678
14703,3.52856,2.21457510268536
14704,3.5288,1.56412427668168
14705,3.52904,2.46597947323006
14706,3.52928,1.78489858705344
14707,3.52952,1.8632857220466
14708,3.52976,2.62525655080902
14709,3.53,1.24319666853076
14710,3.53024,2.27881885593219
14711,3.53048,2.19577148078505
14712,3.53072,1.06415287472748
14713,3.53096,2.22042784534839
14714,3.5312,2.49278123227564
14715,3.53144,1.23412211339649
14716,3.53168,2.50495148146715
14717,3.53192,2.17677954593476
14718,3.53216,1.40985138766772
14719,3.5324,2.55714008435188
14720,3.53264,1.6398105011397
14721,3.53288,2.07735796507442
14722,3.53312,2.23744078467278
14723,3.53336,1.23036298608681
14724,3.5336,2.26517308540243
14725,3.53384,2.1822129013721
14726,3.53408,1.5344114050122
14727,3.53432,2.67536782209369
14728,3.53456,1.75506777902384
14729,3.5348,1.71921972315572
14730,3.53504,2.72836257589173
14731,3.53528,1.45759248862112
14732,3.53552,2.25551409650116
14733,3.53576,1.93857450502207
14734,3.536,1.53791013440274
14735,3.53624,2.67646980770219
14736,3.53648,1.29033034479569
14737,3.53672,2.55777194010508
14738,3.53696,1.64385397310352
14739,3.5372,1.61107403632755
14740,3.53744,2.5072121118595
14741,3.53768,1.24737605810719
14742,3.53792,2.28703549640926
14743,3.53816,1.85019594625822
14744,3.5384,1.45334424286867
14745,3.53864,2.71407593225272
14746,3.53888,1.44734995913357
14747,3.53912,2.24170237447939
14748,3.53936,1.92137780830359
14749,3.5396,1.75929169458549
14750,3.53984,2.64849049224308
14751,3.54008,1.26657007583154
14752,3.54032,2.29793037973274
14753,3.54056,2.21305447447307
14754,3.5408,1.0839968739586
14755,3.54104,2.24358539105009
14756,3.54128,1.69046851644973
14757,3.54152,2.12873314318297
14758,3.54176,1.934832973712
14759,3.542,1.53684856497663
14760,3.54224,2.55684062116607
14761,3.54248,1.75965544729997
14762,3.54272,1.8393574163577
14763,3.54296,2.84312895777652
14764,3.5432,1.44872321554898
14765,3.54344,2.00985015810321
14766,3.54368,2.29030377481129
14767,3.54392,1.27548665850872
14768,3.54416,2.07461952454729
14769,3.5444,2.11610971265124
14770,3.54464,1.47187579229394
14771,3.54488,2.49464931361429
14772,3.54512,2.0469168250465
14773,3.54536,1.52330102595036
14774,3.5456,2.66366015843757
14775,3.54584,1.62600109298795
14776,3.54608,1.71101994861939
14777,3.54632,2.47933312792833
14778,3.54656,1.33948454008981
14779,3.5468,1.9048611131024
14780,3.54704,2.6682186009429
14781,3.54728,1.28266926976629
14782,3.54752,2.19907382802854
14783,3.54776,2.35532765724762
14784,3.548,1.10236459698088
14785,3.54824,2.37863991860619
14786,3.54848,1.93848011185168
14787,3.54872,1.77763537567277
14788,3.54896,2.42754666959802
14789,3.5492,1.17008607405374
14790,3.54944,1.97590744203791
14791,3.54968,2.50084068026689
14792,3.54992,1.12210811866948
14793,3.55016,2.16048465687509
14794,3.5504,2.31836822267447
14795,3.55064,1.06696418890511
14796,3.55088,2.34473061858812
14797,3.55112,2.02274690874508
14798,3.55136,1.62162638910691
14799,3.5516,2.51705363502299
14800,3.55184,1.25653781151045
14801,3.55208,1.82542864825547
14802,3.55232,2.59214759577738
14803,3.55256,1.20981322970709
14804,3.5528,2.01208808074572
14805,3.55304,2.41294883575618
14806,3.55328,1.2780694440133
14807,3.55352,2.54832184701132
14808,3.55376,1.63451199825604
14809,3.554,1.71902769172474
14810,3.55424,2.37139041305777
14811,3.55448,1.47621388825957
14812,3.55472,2.61712962781919
14813,3.55496,1.23324129620108
14814,3.5552,2.50283612545973
14815,3.55544,1.47202346268098
14816,3.55568,2.2676370259149
14817,3.55592,1.71321698864299
14818,3.55616,2.03128813714957
14819,3.5564,1.95681389614577
14820,3.55664,1.7937194431422
14821,3.55688,2.2023120100051
14822,3.55712,1.67562617392466
14823,3.55736,2.32982950711729
14824,3.5576,1.43641330798572
14825,3.55784,2.45568478081688
14826,3.55808,1.19774155946712
14827,3.55832,2.58644118157896
14828,3.55856,1.32014900396346
14829,3.5588,2.35627066093222
14830,3.55904,1.56442409743293
14831,3.55928,2.24137096567419
14832,3.55952,1.68803131337774
14833,3.55976,2.00888676473794
14834,3.56,1.93532277217555
14835,3.56024,1.77486159450165
14836,3.56048,2.18421003515394
14837,3.56072,1.53930739437415
14838,3.56096,2.31483727178528
14839,3.5612,1.30218238262568
14840,3.56144,2.56687473950551
14841,3.56168,1.18505530750442
14842,3.56192,2.45835211286205
14843,3.56216,1.42935463318394
14844,3.5624,2.2284413507458
14845,3.56264,1.67560383050961
14846,3.56288,1.99693929839893
14847,3.56312,1.92383430773887
14848,3.56336,1.76381184160189
14849,3.5636,2.17357967301073
14850,3.56384,1.52907787687133
14851,3.56408,2.42830407058811
14852,3.56432,1.29125829976507
14853,3.56456,2.55943813589426
14854,3.5648,1.29420195957558
14855,3.56504,2.32960372835359
14856,3.56528,1.53880058278372
14857,3.56552,2.09824459334875
14858,3.56576,1.78540753614575
14859,3.566,1.86531733526844
14860,3.56624,2.03403752409232
14861,3.56648,1.63125499349691
14862,3.56672,2.16393241123599
14863,3.56696,1.51589304782269
14864,3.5672,2.41563755297407
14865,3.56744,1.27908603743087
14866,3.56768,2.54773837694643
14867,3.56792,1.28295258194978
14868,3.56816,2.3187846754816
14869,3.5684,1.52839207972303
14870,3.56864,1.38199941062709
14871,3.56888,2.40912544897844
14872,3.56912,1.85096992626713
14873,3.56936,1.45741702269516
14874,3.5696,2.48256630105914
14875,3.56984,1.45234207920761
14876,3.57008,1.89737307146929
14877,3.57032,2.06461290686762
14878,3.57056,1.66041479553129
14879,3.5708,2.19173864156795
14880,3.57104,1.54240480194061
14881,3.57128,2.44091161826819
14882,3.57152,1.30317614829983
14883,3.57176,2.57069655768911
14884,3.572,1.30482781884298
14885,3.57224,1.63861092088255
14886,3.57248,2.65713610857453
14887,3.57272,1.62232305861117
14888,3.57296,1.59066308418966
14889,3.5732,2.60734092132523
14890,3.57344,1.46094479853891
14891,3.57368,1.90857464624564
14892,3.57392,1.95758689498005
14893,3.57416,1.19987572682499
14894,3.5744,2.35246992883549
14895,3.57464,2.03015302561983
14896,3.57488,1.26839798695506
14897,3.57512,2.29946313019264
14898,3.57536,1.86271433606298
14899,3.5756,0.989278843350372
14900,3.57584,2.14970000046103
14901,3.57608,1.48590617887857
14902,3.57632,1.45972140083886
14903,3.57656,2.48330641309733
14904,3.5768,1.45468649738225
14905,3.57704,1.8986161092516
14906,3.57728,2.42550973923673
14907,3.57752,1.2835005881202
14908,3.57776,1.7387558530326
14909,3.578,2.03471145567541
14910,3.57824,1.02906147291148
14911,3.57848,1.95459821966004
14912,3.57872,1.64731589675815
14913,3.57896,1.61488262055684
14914,3.5792,2.03080923344925
14915,3.57944,1.51113632377613
14916,3.57968,2.17204638429093
14917,3.57992,0.925102388543567
14918,3.58016,1.74098256281934
14919,3.5804,2.39361519841064
14920,3.58064,1.13569144488
14921,3.58088,2.05652886612574
14922,3.58112,1.74475527211608
14923,3.58136,1.70848514365258
14924,3.5816,2.48321370794915
14925,3.58184,1.22399572823168
14926,3.58208,2.26209568151537
14927,3.58232,1.35581253842918
14928,3.58256,2.15594488960234
14929,3.5828,1.48734791598804
14930,3.58304,1.34243387113953
14931,3.58328,2.3709746275727
14932,3.58352,1.69783386422301
14933,3.58376,1.54678389143212
14934,3.584,2.44922197512777
14935,3.58424,1.54128777644803
14936,3.58448,1.75081244642662
14937,3.58472,2.04302075775715
14938,3.58496,1.16284723519523
14939,3.5852,2.20090880541928
14940,3.58544,2.00257977247707
14941,3.58568,1.24178780094951
14942,3.58592,2.27377397052316
14943,3.58616,1.6000161679817
14944,3.5864,1.45101548632544
14945,3.58664,2.23510255416532
14946,3.58688,1.1033420901817
14947,3.58712,1.79541147352968
14948,3.58736,1.85083224283523
14949,3.5876,1.33707719053778
14950,3.58784,2.364475107586
14951,3.58808,1.46101219270265
14952,3.58832,1.55368383475595
14953,3.58856,2.33325820538642
14954,3.5888,1.19718258248706
14955,3.58904,1.88512579059784
14956,3.58928,1.93660097817024
14957,3.58952,1.41907300855403
14958,3.58976,2.44286316348148
14959,3.59,1.41875150969827
14960,3.59024,1.98289879997195
14961,3.59048,1.55561086663693
14962,3.59072,1.87983346152136
14963,3.59096,1.93061820038118
14964,3.5912,1.05562360979195
14965,3.59144,2.09821453515014
14966,3.59168,1.90421575121475
14967,3.59192,1.26999455501907
14968,3.59216,2.30149305568994
14969,3.5924,1.51355031356418
14970,3.59264,1.60599817990058
14971,3.59288,2.50566573420002
14972,3.59312,1.47569381571565
14973,3.59336,1.68481295032283
14974,3.5936,2.45901909355657
14975,3.59384,1.31648730951504
14976,3.59408,1.41621744881635
14977,3.59432,2.20164625678909
14978,3.59456,0.953999106921785
14979,3.5948,1.99788950493497
14980,3.59504,1.69015922220949
14981,3.59528,1.41980445722513
14982,3.59552,2.08434588848165
14983,3.59576,1.20430381823443
14984,3.596,2.23636937586036
14985,3.59624,1.10305567515962
14986,3.59648,1.44508876164989
14987,3.59672,2.35166951359925
14988,3.59696,1.5631717115937
14989,3.5972,1.65032083557313
14990,3.59744,2.30348038938245
14991,3.59768,1.16720950839716
14992,3.59792,1.50641782923148
14993,3.59816,2.41029698465808
14994,3.5984,1.50374160024354
14995,3.59864,1.1229605311169
14996,3.59888,2.27878233735272
14997,3.59912,1.26336035288583
14998,3.59936,1.59786719877656
14999,3.5996,2.6136493380999
15000,3.59984,1.46639621274468
15001,3.60008,1.32377282685588
15002,3.60032,2.35186749135386
15003,3.60056,1.21646485272584
15004,3.6008,1.67019646018359
15005,3.60104,1.96647866993558
15006,3.60128,1.33018223060819
15007,3.60152,2.241651222161
15008,3.60176,1.45563733957878
15009,3.602,0.953547756767626
15010,3.60224,2.11623499171794
15011,3.60248,1.80312180184612
15012,3.60272,1.40570384456012
15013,3.60296,2.43322813482724
15014,3.6032,1.64016368724741
15015,3.60344,1.49117526084785
15016,3.60368,2.39558793550193
15017,3.60392,1.25120529863785
15018,3.60416,1.70424440285899
15019,3.6044,1.76365536860252
15020,3.60464,0.772271207551143
15021,3.60488,1.94060800191456
15022,3.60512,1.39936994537966
15023,3.60536,1.4930306876827
15024,3.6056,2.15284137336114
15025,3.60584,1.02293433246295
15026,3.60608,1.23877632649386
15027,3.60632,1.21084415875973
15028,3.60656,1.18412009117737
15029,3.6068,1.15854652277318
15030,3.60704,1.8451187558273
15031,3.60728,2.13402385396654
15032,3.60752,1.12644583045
15033,3.60776,1.46583213271368
15034,3.608,1.88843925257162
15035,3.60824,1.12284693649995
15036,3.60848,1.69764805134087
15037,3.60872,2.47135776742215
15038,3.60896,1.3305156690422
15039,3.6092,1.42452026484533
15040,3.60944,2.56781458112932
15041,3.60968,1.42405599177371
15042,3.60992,1.27907927535143
15043,3.61016,2.30493314275957
15044,3.6104,1.52730286864658
15045,3.61064,1.85663639992285
15046,3.61088,1.79249882314107
15047,3.61112,1.03103927592296
15048,3.61136,2.07158266330223
15049,3.6116,1.99683170170584
15050,3.61184,1.23299398363758
15051,3.61208,1.56496450516204
15052,3.61232,2.09695228753472
15053,3.61256,1.21107010672083
15054,3.6128,0.715831397684341
15055,3.61304,0.710479923226804
15056,3.61328,0.705350331858491
15057,3.61352,0.700428000621908
15058,3.61376,1.41420333067697
15059,3.614,2.20570604709391
15060,3.61424,2.12942045215311
15061,3.61448,1.12616015494277
15062,3.61472,1.82356782751043
15063,3.61496,1.76154085602061
15064,3.6152,1.23794781409979
15065,3.61544,1.69165028968285
15066,3.61568,2.70600183280749
15067,3.61592,1.1991589630235
15068,3.61616,1.65380914578229
15069,3.6164,2.07321130965324
15070,3.61664,1.06890226764497
15071,3.61688,2.10767804502931
15072,3.61712,1.5544179479557
15073,3.61736,1.16139916779246
15074,3.6176,2.19613720536817
15075,3.61784,1.28747790641021
15076,3.61808,1.62322974265238
15077,3.61832,2.29051734523924
15078,3.61856,0.686260020352821
15079,3.6188,1.97560843489831
15080,3.61904,1.43384021258356
15081,3.61928,1.40791612649621
15082,3.61952,2.66720275399968
15083,3.61976,0.931934043120367
15084,3.62,1.85894626194985
15085,3.62024,1.55143668088131
15086,3.62048,1.88214384483983
15087,3.62072,1.81915389104204
15088,3.62096,1.29559408087324
15089,3.6212,1.97012403030717
15090,3.62144,1.18322554072151
15091,3.62168,1.64104979497044
15092,3.62192,2.30273066347391
15093,3.62216,0.693498282226555
15094,3.6224,2.10232319802581
15095,3.62264,1.78883678984838
15096,3.62288,0.916140211627216
15097,3.62312,2.43815407655027
15098,3.62336,1.30064219263589
15099,3.6236,1.51389280330478
15100,3.62384,1.93410881704429
15101,3.62408,1.30211007586822
15102,3.62432,2.33273945375308
15103,3.62456,1.31922166322514
15104,3.6248,1.656714004055
15105,3.62504,1.47621643171544
15106,3.62528,1.08641419411938
15107,3.62552,2.12422889823398
15108,3.62576,1.21324235763683
15109,3.626,1.6670502100444
15110,3.62624,2.4473334255885
15111,3.62648,0.840444878878561
15112,3.62672,1.89109809678727
15113,3.62696,2.05815934371011
15114,3.6272,0.699104332988261
15115,3.62744,2.22480228017341
15116,3.62768,1.56403175973006
15117,3.62792,1.65727257504496
15118,3.62816,1.83665642274043
15119,3.6284,1.44241632455545
15120,3.62864,2.11430127414336
15121,3.62888,1.3371907294071
15122,3.62912,1.67164579369546
15123,3.62936,1.49039748412482
15124,3.6296,1.09987781858027
15125,3.62984,2.13700723676155
15126,3.63008,1.23063469186588
15127,3.63032,1.56857362800499
15128,3.63056,2.2379535966404
15129,3.6308,0.635696827524454
15130,3.63104,1.92695902762378
15131,3.63128,1.38702066518525
15132,3.63152,1.36284627613593
15133,3.63176,2.26476344284046
15134,3.632,0.665687599915855
15135,3.63224,1.83621338461129
15136,3.63248,1.65798570296957
15137,3.63272,1.39500300204864
15138,3.63296,2.42137874401298
15139,3.6332,1.40379299154082
15140,3.63344,1.61317164528819
15141,3.63368,1.54901168795929
15142,3.63392,1.39853440907365
15143,3.63416,2.06827537698009
15144,3.6344,1.40276851683838
15145,3.63464,1.61802874385928
15146,3.63488,1.6833876317894
15147,3.63512,1.16320663012316
15148,3.63536,1.49890576912039
15149,3.6356,1.56087738699195
15150,3.63584,1.53356528744999
15151,3.63608,2.31942075380538
15152,3.63632,0.717861974962703
15153,3.63656,1.88601296324554
15154,3.6368,1.70551255833933
15155,3.63704,1.44035577759828
15156,3.63728,2.22542923465301
15157,3.63752,1.44850403011347
15158,3.63776,1.305120155535
15159,3.638,1.731377598809
15160,3.63824,1.34147195792377
15161,3.63848,2.01750287003794
15162,3.63872,1.24435700185908
15163,3.63896,1.58260391640851
15164,3.6392,1.40498219352562
15165,3.63944,1.01793031691576
15166,3.63968,2.05837672248145
15167,3.63992,1.15517541788179
15168,3.64016,1.49614666888038
15169,3.6404,1.80937277757441
15170,3.64064,1.05042182412594
15171,3.64088,1.38786312861122
15172,3.64112,2.40740832529257
15173,3.64136,1.03416103917644
15174,3.6416,1.48732153975818
15175,3.64184,1.90827671474878
15176,3.64208,1.15836869206868
15177,3.64232,2.30769678757137
15178,3.64256,1.29440431417492
15179,3.6428,1.50831232834833
15180,3.64304,1.44848295918555
15181,3.64328,1.30214575465177
15182,3.64352,1.97584587431883
15183,3.64376,1.19161812172085
15184,3.644,1.53091174161475
15185,3.64424,1.84253260634567
15186,3.64448,0.843257267286518
15187,3.64472,1.89117900792054
15188,3.64496,0.989860397560108
15189,3.6452,1.45291336714519
15190,3.64544,2.12220327988378
15191,3.64568,0.640081102927834
15192,3.64592,2.17268108250877
15193,3.64616,1.62546841663237
15194,3.6464,0.759295816709579
15195,3.64664,2.28755003845313
15196,3.64688,0.795556452921776
15197,3.64712,1.62033840515438
15198,3.64736,1.92711154853401
15199,3.6476,1.51190310956597
15200,3.64784,1.36550200988225
15201,3.64808,1.78887386498235
15202,3.64832,1.39620770840295
15203,3.64856,1.94976022625403
15204,3.6488,1.65028866543327
15205,3.64904,1.02379621149661
15206,3.64928,2.40887737068188
15207,3.64952,1.03928122549018
15208,3.64976,1.25846040004169
15209,3.65,2.40022225605322
15210,3.65024,0.676250009312199
15211,3.65048,1.737425348951
15212,3.65072,1.7977053032464
15213,3.65096,0.804544352467918
15214,3.6512,2.09583744599663
15215,3.65144,1.07345461291264
15216,3.65168,1.2926283116477
15217,3.65192,2.20098669632803
15218,3.65216,0.715272206669348
15219,3.6524,1.65224304774958
15220,3.65264,1.47125056257484
15221,3.65288,0.843432691256177
15222,3.65312,2.2462733630089
15223,3.65336,1.21902528771926
15224,3.6536,1.31593414278646
15225,3.65384,2.11034590048255
15226,3.65408,0.626758944599549
15227,3.65432,1.79841642898988
15228,3.65456,1.62127508866479
15229,3.6548,0.995892558219395
15230,3.65504,2.38203566644335
15231,3.65528,1.01345485325872
15232,3.65552,1.23360532131093
15233,3.65576,2.13618665116126
15234,3.656,0.53771690225489
15235,3.65624,2.07272380575148
15236,3.65648,1.18073162294237
15237,3.65672,1.39836169418855
15238,3.65696,1.34295564197239
15239,3.6572,1.31759821243139
15240,3.65744,1.87431154120016
15241,3.65768,1.33958088555385
15242,3.65792,1.442378343336
15243,3.65816,2.11791623102793
15244,3.6584,1.10936055985393
15245,3.65864,1.33006795049104
15246,3.65888,1.51996730584366
15247,3.65912,1.61927359031379
15248,3.65936,1.80770862389815
15249,3.6596,0.813878211020236
15250,3.65984,2.1045308764962
15251,3.66008,1.32028690518568
15252,3.66032,0.940698574327274
15253,3.66056,1.62535390316588
15254,3.6608,1.21196350933846
15255,3.66104,1.31500668253896
15256,3.66128,1.26652165059193
15257,3.66152,1.24265498767263
15258,3.66176,1.56548606977464
15259,3.662,1.51069327056115
15260,3.66224,1.00892640635573
15261,3.66248,2.04390866678965
15262,3.66272,1.0380305328145
15263,3.66296,1.02118461222892
15264,3.6632,1.69277365787769
15265,3.66344,0.589199892325617
15266,3.66368,2.00150579587157
15267,3.66392,1.45776544518452
15268,3.66416,1.07207816254413
15269,3.6644,2.1086110063616
15270,3.66464,0.626571959152942
15271,3.66488,1.56706104969555
15272,3.66512,1.38943617480485
15273,3.66536,1.36011102099781
15274,3.6656,1.91824005222441
15275,3.66584,1.26015992146084
15276,3.66608,1.48079951434407
15277,3.66632,1.55130368075766
15278,3.66656,1.03604012468464
15279,3.6668,1.37644259877662
15280,3.66704,1.32171422278999
15281,3.66728,1.29700462914427
15282,3.66752,1.73450386628931
15283,3.66776,1.19769814761912
15284,3.668,1.42148344281879
15285,3.66824,1.73722712263371
15286,3.66848,0.980683208276367
15287,3.66872,0.967077521848553
15288,3.66896,2.24038763610754
15289,3.6692,0.753800771887637
15290,3.66944,1.5766734195645
15291,3.66968,1.7580688113842
15292,3.66992,0.410967331549927
15293,3.67016,1.8269536501426
15294,3.6704,1.05101946585277
15295,3.67064,1.15477716046221
15296,3.67088,1.71299000701417
15297,3.67112,0.722962858089023
15298,3.67136,1.65556273278178
15299,3.6716,1.36033703130609
15300,3.67184,1.09933546745789
15301,3.67208,1.89738868985896
15302,3.67232,1.25056219909507
15303,3.67256,1.11486002473287
15304,3.6728,1.18897055993142
15305,3.67304,1.16945612749946
15306,3.67328,1.4951435017324
15307,3.67352,1.4430839048383
15308,3.67376,0.943932056398409
15309,3.674,1.98141694300459
15310,3.67424,0.977932826401467
15311,3.67448,0.963377453901965
15312,3.67472,1.99311542776234
15313,3.67496,0.760738195574181
15314,3.6752,1.46061673002885
15315,3.67544,1.88302644967211
15316,3.67568,0.53031186544915
15317,3.67592,2.30039687974594
15318,3.67616,0.576101677483955
15319,3.6764,1.99649487695054
15320,3.67664,0.980325914743219
15321,3.67688,1.44292806281645
15322,3.67712,1.75661040922887
15323,3.67736,1.34800957751857
15324,3.6776,1.2079293710929
15325,3.67784,1.27785406523116
15326,3.67808,1.25433715919248
15327,3.67832,1.56923097128224
15328,3.67856,0.939537472335558
15329,3.6788,1.62714813248344
15330,3.67904,1.21891409501588
15331,3.67928,1.20517143812917
15332,3.67952,1.75876723751303
15333,3.67976,0.764813199954123
15334,3.68,1.34412091390748
15335,3.68024,1.53281446776215
15336,3.68048,1.03226681223137
15337,3.68072,1.83299553651049
15338,3.68096,1.18872662730905
15339,3.6812,1.40618382614905
15340,3.68144,0.75676078112521
15341,3.68168,1.22545243562419
15342,3.68192,1.66397870697898
15343,3.68216,1.37516042118114
15344,3.6824,0.759709767371739
15345,3.68264,2.0363971185342
15346,3.68288,0.678159158187939
15347,3.68312,1.49379891707682
15348,3.68336,1.20051327100798
15349,3.6836,1.42107425598281
15350,3.68384,1.85452359137832
15351,3.68408,0.623991431894547
15352,3.68432,1.56313070079417
15353,3.68456,1.6315396776311
15354,3.6848,0.892928918455184
15355,3.68504,2.05258916654697
15356,3.68528,0.693571822662994
15357,3.68552,1.74945019516905
15358,3.68576,1.22410993142284
15359,3.686,0.850858431454434
15360,3.68624,2.12872142938789
15361,3.68648,0.646486288884724
15362,3.68672,1.47352051516333
15363,3.68696,1.65889454987931
15364,3.6872,0.315595565453369
15365,3.68744,1.85636471813505
15366,3.68768,0.961936385356823
15367,3.68792,0.950909614853382
15368,3.68816,2.23479487115351
15369,3.6884,0.630658986848892
15370,3.68864,1.45833149072327
15371,3.68888,1.64431578838372
15372,3.68912,0.660640431371257
15373,3.68936,2.06737245620065
15374,3.6896,0.707589304909518
15375,3.68984,1.41460934258362
15376,3.69008,1.60070236348477
15377,3.69032,0.615000666307816
15378,3.69056,1.9134285741587
15379,3.6908,0.89960660676193
15380,3.69104,1.36531169464917
15381,3.69128,1.67853935236842
15382,3.69152,0.33426448451113
15383,3.69176,1.87409793568896
15384,3.692,0.745667070839635
15385,3.69224,1.21803392022183
15386,3.69248,1.89623325301164
15387,3.69272,0.425670534731135
15388,3.69296,1.72877388579094
15389,3.6932,1.1926096862706
15390,3.69344,0.817619027244606
15391,3.69368,1.86747997933481
15392,3.69392,0.393331500779664
15393,3.69416,1.81765763949823
15394,3.6944,1.1629463235829
15395,3.69464,1.02799593834489
15396,3.69488,1.5871288149321
15397,3.69512,0.836331603423981
15398,3.69536,1.18730484165042
15399,3.6956,1.14337667068287
15400,3.69584,0.882905060997997
15401,3.69608,1.45397114324875
15402,3.69632,1.40303084642155
15403,3.69656,0.90494877500446
15404,3.6968,1.94345722389072
15405,3.69704,0.94094768654805
15406,3.69728,0.927324798630717
15407,3.69752,1.24338329992755
15408,3.69776,1.34667450387241
15409,3.698,1.90533141831192
15410,3.69824,1.02035084000987
15411,3.69848,1.12436168701169
15412,3.69872,1.55822625103812
15413,3.69896,0.342239190884967
15414,3.6992,1.64530414681882
15415,3.69944,1.23997760312147
15416,3.69968,0.983684266280259
15417,3.69992,2.1342233129413
15418,3.70016,0.415589244571091
15419,3.7004,1.71981786465758
15420,3.70064,1.42259535751662
15421,3.70088,0.563701382967347
15422,3.70112,2.09892027459198
15423,3.70136,0.736916403738856
15424,3.7016,1.44230532015879
15425,3.70184,1.62683664288483
15426,3.70208,0.524159833131496
15427,3.70232,2.05492606378417
15428,3.70256,0.57497648194833
15429,3.7028,1.29058412878612
15430,3.70304,1.61099536476045
15431,3.70328,0.382593344030235
15432,3.70352,1.9186294690861
15433,3.70376,1.14211090971134
15434,3.704,1.12413150346165
15435,3.70424,1.80860804333046
15436,3.70448,1.16469556822223
15437,3.70472,1.03178220786661
15438,3.70496,1.23192171239827
15439,3.7052,1.33549701589093
15440,3.70544,1.89442647599207
15441,3.70568,1.1268809887631
15442,3.70592,0.992118980388162
15443,3.70616,2.14471621069829
15444,3.7064,0.430251759461913
15445,3.70664,1.3767334336269
15446,3.70688,1.21553832531377
15447,3.70712,0.960093733959986
15448,3.70736,1.99382703674368
15449,3.7076,0.405724402454507
15450,3.70784,1.82556123491019
15451,3.70808,0.819048837619456
15452,3.70832,1.05241371903537
15453,3.70856,1.85672069343438
15454,3.7088,0.38259655079677
15455,3.70904,1.92282780265723
15456,3.70928,0.794346443322276
15457,3.70952,1.26407981113947
15458,3.70976,1.58070546984812
15459,3.71,0.829751861065425
15460,3.71024,1.05722312799825
15461,3.71048,1.25609516939361
15462,3.71072,1.00073781102901
15463,3.71096,1.69039139566955
15464,3.7112,1.05142827684925
15465,3.71144,1.27396068254442
15466,3.71168,1.11091165690711
15467,3.71192,1.21955144956931
15468,3.71216,1.66348515698564
15469,3.7124,0.904951533281378
15470,3.71264,1.24887886418914
15471,3.71288,1.20674999817938
15472,3.71312,0.596915601314191
15473,3.71336,2.00570103908272
15474,3.7136,0.64696716529816
15475,3.71384,1.35590777031113
15476,3.71408,1.54559389396728
15477,3.71432,0.446093294205276
15478,3.71456,1.97989694061139
15479,3.7148,0.502849766636856
15480,3.71504,1.21858402829221
15481,3.71528,1.06115986760288
15482,3.71552,0.803679999909336
15483,3.71576,1.61159896115568
15484,3.716,1.08522382546927
15485,3.71624,1.31368888493834
15486,3.71648,1.38965174614914
15487,3.71672,0.529566835079703
15488,3.71696,1.35592958386411
15489,3.7172,1.19532289969842
15490,3.71744,0.940440310640493
15491,3.71768,1.73637761721453
15492,3.71792,0.274171420576334
15493,3.71816,2.04978040081965
15494,3.7184,0.566071753605366
15495,3.71864,1.27984509426119
15496,3.71888,1.60243640202462
15497,3.71912,1.08603222813672
15498,3.71936,0.835391706939125
15499,3.7196,1.75646608760623
15500,3.71984,0.763107302033282
15501,3.72008,0.993165849125238
15502,3.72032,1.19451423528653
15503,3.72056,1.29924655597541
15504,3.7208,1.38127514012066
15505,3.72104,0.987272783534027
15506,3.72128,0.975295398149926
15507,3.72152,1.29199038158819
15508,3.72176,0.800226500646117
15509,3.722,1.73016024242987
15510,3.72224,0.262886247168226
15511,3.72248,1.32861060996948
15512,3.72272,0.80501394013502
15513,3.72296,0.915717774047204
15514,3.7232,1.48585066589982
15515,3.72344,0.262274501672244
15516,3.72368,1.80426272977693
15517,3.72392,1.03293259025345
15518,3.72416,1.02169715265941
15519,3.7244,1.4734060642512
15520,3.72464,1.30921813934771
15521,3.72488,0.935870660433328
15522,3.72512,1.97614553647604
15523,3.72536,0.499375618107272
15524,3.7256,1.44710929860197
15525,3.72584,1.28474296995235
15526,3.72608,0.428035685336498
15527,3.72632,1.61021443957298
15528,3.72656,0.96269645645169
15529,3.7268,0.709146344920151
15530,3.72704,1.52082351661955
15531,3.72728,0.8782021488097
15532,3.72752,1.11145471105172
15533,3.72776,1.79933326072826
15534,3.728,0.801662958285304
15535,3.72824,0.793157435917068
15536,3.72848,1.95243726561685
15537,3.72872,0.241275522697838
15538,3.72896,1.55222126335298
15539,3.7292,1.14377012921597
15540,3.72944,1.00905705479335
15541,3.72968,1.46160645886072
15542,3.72992,1.18100239700063
15543,3.73016,0.807826305038063
15544,3.7304,1.96684236911148
15545,3.73064,0.378324966942424
15546,3.73088,1.32980581313545
15547,3.73112,1.40546391691992
15548,3.73136,0.185145428414647
15549,3.7316,1.73024853266356
15550,3.73184,0.96189517195735
15551,3.73208,0.593567222258763
15552,3.73232,1.88818210776846
15553,3.73256,0.299116940254841
15554,3.7328,1.48230641754046
15555,3.73304,0.95609505435958
15556,3.73328,1.06248878638743
15557,3.73352,1.62764006279866
15558,3.73376,1.11053319822453
15559,3.734,0.862296291700982
15560,3.73424,1.90682505976412
15561,3.73448,0.551736858520981
15562,3.73472,1.26416613303511
15563,3.73496,1.45718777637952
15564,3.7352,0.119443897153165
15565,3.73544,1.66335256682424
15566,3.73568,0.54672733355028
15567,3.73592,1.61581330379276
15568,3.73616,0.852301283110397
15569,3.7364,0.726498885318815
15570,3.73664,1.66047124598295
15571,3.73688,0.899030574500965
15572,3.73712,1.13107244029771
15573,3.73736,1.57856977818299
15574,3.7376,0.469549255307562
15575,3.73784,1.05993413064927
15576,3.73808,1.37855629646318
15577,3.73832,0.524770712332483
15578,3.73856,1.46615137695629
15579,3.7388,1.06208772803872
15580,3.73904,1.16935126113132
15581,3.73928,1.37411511623941
15582,3.73952,0.7475690521103
15583,3.73976,0.980312663956498
15584,3.74,1.54367864478972
15585,3.74024,0.202008030710728
15586,3.74048,1.74565635582011
15587,3.74072,0.625666962432244
15588,3.74096,1.22069518615657
15589,3.7412,1.18696755146784
15590,3.74144,0.564606102059134
15591,3.74168,0.913723593209802
15592,3.74192,1.59412353510348
15593,3.74216,0.132136206186025
15594,3.7424,1.20291733953511
15595,3.74264,0.925578930515944
15596,3.74288,0.797237618268192
15597,3.74312,1.61112167714318
15598,3.74336,0.617657558486631
15599,3.7436,1.21593304237971
15600,3.74384,1.06164289194529
15601,3.74408,0.564448835751589
15602,3.74432,1.15576226699141
15603,3.74456,1.00299089168599
15604,3.7448,0.752099874272205
15605,3.74504,1.67385590137442
15606,3.74528,0.213521399026549
15607,3.74552,1.76173470984539
15608,3.74576,0.757151445119335
15609,3.746,0.868304955934213
15610,3.74624,1.55917140378657
15611,3.74648,0.691681272301631
15612,3.74672,0.926621275019557
15613,3.74696,1.49209029308021
15614,3.7472,0.152432398355791
15615,3.74744,1.69800723526001
15616,3.74768,0.582939652024626
15617,3.74792,1.29800038155542
15618,3.74816,1.02150082297447
15619,3.7484,0.891487777238972
15620,3.74864,1.11019025399955
15621,3.74888,1.07256733183056
15622,3.74912,0.467428348619733
15623,3.74936,1.76565366982574
15624,3.7496,0.41663716673451
15625,3.74984,0.773251353493056
15626,3.75008,0.983207079462762
15627,3.75032,1.09352234870735
15628,3.75056,1.42102546311953
15629,3.7508,0.551073997013675
15630,3.75104,1.02685359578716
15631,3.75128,1.3464048082062
15632,3.75152,0.487491647359281
15633,3.75176,1.43136050513731
15634,3.752,1.15432454937052
15635,3.75224,0.425669964515404
15636,3.75248,1.71953804402303
15637,3.75272,0.37199719289926
15638,3.75296,1.20363056289078
15639,3.7532,0.803951647464852
15640,3.75344,0.91979511020393
15641,3.75368,1.12839353382836
15642,3.75392,0.50816331004621
15643,3.75416,0.977380623854152
15644,3.7544,1.06469239550917
15645,3.75464,0.459712462426495
15646,3.75488,1.7580901089475
15647,3.75512,0.409218450454602
15648,3.75536,0.765971122028577
15649,3.7556,1.8126409329915
15650,3.75584,0.346331358542907
15651,3.75608,1.06268134864303
15652,3.75632,1.14826720516241
15653,3.75656,0.173598820633197
15654,3.7568,1.3666967287875
15655,3.75704,0.84341252526145
15656,3.75728,0.352626470042842
15657,3.75752,0.948769994383999
15658,3.75776,1.50944100434215
15659,3.758,0.410561107859544
15660,3.75824,1.35625840355521
15661,3.75848,0.958048949184255
15662,3.75872,0.111409881342105
15663,3.75896,1.30629340507297
15664,3.7592,0.788550392708365
15665,3.75944,0.899667259624764
15666,3.75968,1.35512334830951
15667,3.75992,0.841097463223625
15668,3.76016,0.602110956044277
15669,3.7604,0.945455616401212
15670,3.76064,1.03091942004476
15671,3.76088,0.662460449155053
15672,3.76112,1.35783959418572
15673,3.76136,0.843644966684145
15674,3.7616,1.07717892542726
15675,3.76184,1.28129945608269
15676,3.76208,0.666727892637515
15677,3.76232,1.24728267841925
15678,3.76256,0.615391309817563
15679,3.7628,0.974338031882929
15680,3.76304,1.30445145048858
15681,3.76328,0.323224635376002
15682,3.76352,1.27735300590964
15683,3.76376,0.99735699791989
15684,3.764,0.632507080588788
15685,3.76424,1.56963650982442
15686,3.76448,0.822137990037893
15687,3.76472,0.460398819949025
15688,3.76496,1.63468504857888
15689,3.7652,0.170619411975212
15690,3.76544,1.25028137030157
15691,3.76568,0.975255478514894
15692,3.76592,0.605668663052014
15693,3.76616,1.18874770776795
15694,3.7664,0.913449980927317
15695,3.76664,0.785215607756903
15696,3.76688,1.4763887423931
15697,3.76712,0.254403488037579
15698,3.76736,1.0906522746048
15699,3.7676,1.05267009874101
15700,3.76784,0.560255442947461
15701,3.76808,0.801042953157517
15702,3.76832,1.49018730312954
15703,3.76856,0.149895292506745
15704,3.7688,1.46306639401895
15705,3.76904,0.824005502993785
15706,3.76928,0.578527468853625
15707,3.76952,0.922588907905879
15708,3.76976,1.00873728330173
15709,3.77,0.640932640018384
15710,3.77024,1.45809387830985
15711,3.77048,0.349642240434503
15712,3.77072,1.30764350931066
15713,3.77096,0.67399041811843
15714,3.7712,0.788799714248461
15715,3.77144,1.24390969813785
15716,3.77168,0.622795497356317
15717,3.77192,0.739585004092461
15718,3.77216,1.30890872286675
15719,3.7724,0.338482395576815
15720,3.77264,1.16828517441951
15721,3.77288,0.654003893138631
15722,3.77312,0.654071105576159
15723,3.77336,1.4731586655034
15724,3.7736,0.841576637768611
15725,3.77384,0.718345830589659
15726,3.77408,1.52725646462615
15727,3.77432,0.0714558628237936
15728,3.77456,1.38520094115017
15729,3.7748,0.631328560177719
15730,3.77504,0.746928322799302
15731,3.77528,1.32572701289655
15732,3.77552,0.459507961514232
15733,3.77576,1.05783059702921
15734,3.776,0.905039902161274
15735,3.77624,0.5376989682417
15736,3.77648,1.47723890110982
15737,3.77672,0.492371368502246
15738,3.77696,0.851319575993995
15739,3.7772,1.66173834832177
15740,3.77744,0.0801050680970796
15741,3.77768,1.27613134270929
15742,3.77792,1.11728430628912
15743,3.77816,0.621699347428775
15744,3.7784,0.739615935042178
15745,3.77864,1.42719378919302
15746,3.77888,0.330711580296764
15747,3.77912,0.809422475317476
15748,3.77936,0.901375421419078
15749,3.7796,0.537909133863469
15750,3.77984,1.59453251065379
15751,3.78008,0.248007224341728
15752,3.78032,0.975309541112837
15753,3.78056,1.31392169261507
15754,3.7808,0.804469539025147
15755,3.78104,0.681271664350108
15756,3.78128,1.49287634269431
15757,3.78152,0.0365268412918707
15758,3.78176,1.35151980171972
15759,3.782,0.597948061311631
15760,3.78224,0.715680311580186
15761,3.78248,1.1735855359873
15762,3.78272,0.555141854980678
15763,3.78296,0.674485087929259
15764,3.7832,1.60614549587731
15765,3.78344,0.0267222332230899
15766,3.78368,1.22486191166261
15767,3.78392,0.82880475790665
15768,3.78416,0.4636669480901
15769,3.7844,1.05229932481095
15770,3.78464,0.903072080666481
15771,3.78488,0.780321909935489
15772,3.78512,1.2374914014048
15773,3.78536,0.61531861824431
15774,3.7856,0.616511316019272
15775,3.78584,1.42812453292529
15776,3.78608,0.331339059112599
15777,3.78632,0.696954450772483
15778,3.78656,1.39479738222254
15779,3.7868,0.175678777952109
15780,3.78704,1.01466898921806
15781,3.78728,0.86168191651651
15782,3.78752,0.260928100978493
15783,3.78776,1.20862763657249
15784,3.788,0.699056644528785
15785,3.78824,0.338432445593917
15786,3.78848,1.52372707972
15787,3.78872,0.182142894634705
15788,3.78896,1.02606688989683
15789,3.7892,0.874184863573233
15790,3.78944,0.628438259347027
15791,3.78968,0.86197938666488
15792,3.78992,0.95658730924802
15793,3.79016,0.355852296334996
15794,3.7904,1.65143043623734
15795,3.79064,0.190912578505421
15796,3.79088,1.03442086939567
15797,3.79112,0.767925242877056
15798,3.79136,0.644822240699241
15799,3.7916,0.874072276386148
15800,3.79184,0.964579760755922
15801,3.79208,0.245891975092624
15802,3.79232,1.19407871729919
15803,3.79256,0.684974706718328
15804,3.7928,0.682993825817201
15805,3.79304,1.38161016883862
15806,3.79328,0.398144217238295
15807,3.79352,0.763203143769109
15808,3.79376,1.09449554822845
15809,3.794,0.366205063443165
15810,3.79424,0.60229413127437
15811,3.79448,0.937647436100673
15812,3.79472,0.456573700494077
15813,3.79496,1.39636243156268
15814,3.7952,0.177716136468288
15815,3.79544,1.02163050019487
15816,3.79568,0.755523636828539
15817,3.79592,0.632792492832951
15818,3.79616,0.862398629983652
15819,3.7964,0.717085128317629
15820,3.79664,0.24078596511178
15821,3.79688,1.18902171944038
15822,3.79712,0.679964210392743
15823,3.79736,0.678027718293812
15824,3.7976,1.25901012787855
15825,3.79784,0.634539331174382
15826,3.79808,0.518110513000376
15827,3.79832,1.57540940579224
15828,3.79856,0.117907022134444
15829,3.7988,0.842681625446314
15830,3.79904,1.05830363206941
15831,3.79928,-0.033788386284201
15832,3.79952,1.28669483315959
15833,3.79976,0.775356570476619
15834,3.8,0.288644908768466
15835,3.80024,1.12397864849486
15836,3.80048,0.49559257830785
15837,3.80072,0.616204200515438
15838,3.80096,1.19976220867601
15839,3.8012,0.579072004689597
15840,3.80144,0.581262495532695
15841,3.80168,1.27489550292233
15842,3.80192,-0.053740073037613
15843,3.80216,1.49888380002926
15844,3.8024,0.515599960931765
15845,3.80264,0.637814331689494
15846,3.80288,1.2168944962531
15847,3.80312,0.240234146482898
15848,3.80336,0.961675149559693
15849,3.8036,0.694002634176671
15850,3.80384,0.454236892238822
15851,3.80408,0.923153259916668
15852,3.80432,0.780164093919081
15853,3.80456,0.661547246467998
15854,3.8048,1.36025771423672
15855,3.80504,0.0230131506315592
15856,3.80528,0.986569521519165
15857,3.80552,0.481083212769227
15858,3.80576,0.603495516185258
15859,3.806,0.832701817273572
15860,3.80624,1.04779744578474
15861,3.80648,0.210767546915727
15862,3.80672,1.52078351259061
15863,3.80696,0.0587847036666658
15864,3.8072,0.665171959745898
15865,3.80744,1.12305132719846
15866,3.80768,0.505034912972285
15867,3.80792,0.510206357695395
15868,3.80816,1.08685511107096
15869,3.8084,0.237221928038113
15870,3.80864,0.831349164230992
15871,3.80888,0.69084818574932
15872,3.80912,0.452662597023669
15873,3.80936,1.39210752273436
15874,3.8096,0.0519824010358088
15875,3.80984,1.01760985286255
15876,3.81008,0.51326497891375
15877,3.81032,0.635403263199
15878,3.81056,1.10187186722362
15879,3.8108,0.476313687501873
15880,3.81104,0.721096520124581
15881,3.81128,0.821720284211997
15882,3.81152,0.567906087140576
15883,3.81176,0.450764545143904
15884,3.812,1.02686084160172
15885,3.81224,-0.055640840319366
15886,3.81248,1.26225225208554
15887,3.81272,0.633023276078299
15888,3.81296,0.15068410944032
15889,3.8132,0.991543413659248
15890,3.81344,0.722205293717825
15891,3.81368,0.601998583198246
15892,3.81392,0.835798141502283
15893,3.81416,0.814332966060992
15894,3.8144,0.218899002674952
15895,3.81464,1.40147871494341
15896,3.81488,0.0607457277460894
15897,3.81512,0.905979888322231
15898,3.81536,0.885993753195541
15899,3.8156,0.153759063822092
15900,3.81584,0.759149584294839
15901,3.81608,0.971705006834982
15902,3.81632,0.245324999656649
15903,3.81656,0.842272436157877
15904,3.8168,0.938409247370516
15905,3.81704,0.0970746322048808
15906,3.81728,1.17374450895232
15907,3.81752,0.426608626010403
15908,3.81776,0.669451759862979
15909,3.818,0.896228920536023
15910,3.81824,0.75523813669026
15911,3.81848,0.400144274426591
15912,3.81872,1.21996819043496
15913,3.81896,0.13103466225837
15914,3.8192,0.613505616786355
15915,3.81944,0.835426791608097
15916,3.81968,0.118233283380319
15917,3.81992,1.42436219411714
15918,3.82016,0.0859193989564588
15919,3.8204,0.932906381383263
15920,3.82064,0.792169532514213
15921,3.82088,0.186737774245338
15922,3.82112,0.551669935276842
15923,3.82136,0.887664619735166
15924,3.8216,0.0462018718022723
15925,3.82184,1.00546276183595
15926,3.82208,0.740892345808948
15927,3.82232,0.0217091708579946
15928,3.82256,0.980276343725387
15929,3.8228,0.474505994988557
15930,3.82304,0.596566174741639
15931,3.82328,0.591041743660625
15932,3.82352,0.809060926163495
15933,3.82376,0.0928633508324987
15934,3.824,1.39994551510801
15935,3.82424,0.0624145283439381
15936,3.82448,0.910274015520433
15937,3.82472,0.770371985831027
15938,3.82496,0.165738641685561
15939,3.8252,0.771094847327399
15940,3.82544,0.864273758334529
15941,3.82568,0.023672935663644
15942,3.82592,0.863922061097752
15943,3.82616,0.841574351304741
15944,3.8264,0.123035298967159
15945,3.82664,1.19821604829174
15946,3.82688,0.336861867467414
15947,3.82712,0.463356282488453
15948,3.82736,1.05610040673116
15949,3.8276,0.554823164697196
15950,3.82784,0.562378976426466
15951,3.82808,0.901981961156477
15952,3.82832,0.293667402800191
15953,3.82856,0.656261930302979
15954,3.8288,0.63668558761144
15955,3.82904,0.160566488270812
15956,3.82928,1.11982209041362
15957,3.82952,0.138054903905685
15958,3.82976,0.866574715251418
15959,3.83,0.848594837515105
15960,3.83024,0.593757547168918
15961,3.83048,0.480081585606743
15962,3.83072,0.941251050360162
15963,3.83096,-0.0227269966911319
15964,3.8312,0.70261478243295
15965,3.83144,0.56148768291565
15966,3.83168,-0.0374106906007838
15967,3.83192,0.9303497513959
15968,3.83216,0.784548547337794
15969,3.8324,0.421275003554804
15970,3.83264,0.426925925493881
15971,3.83288,0.886914795588476
15972,3.83312,0.166203335986081
15973,3.83336,0.409540293189563
15974,3.8336,0.871637908539486
15975,3.83384,0.0373527961859212
15976,3.83408,0.87669225817545
15977,3.83432,0.614694784192938
15978,3.83456,-0.100383088832792
15979,3.8348,1.21469378970124
15980,3.83504,0.234694219593445
15981,3.83528,0.363536207039873
15982,3.83552,1.19388192351566
15983,3.83576,-0.0183232968131417
15984,3.836,0.83255896967858
15985,3.83624,0.569673273943883
15986,3.83648,0.452625016883995
15987,3.83672,0.683782865878385
15988,3.83696,0.904194521793178
15989,3.8372,0.0696064265741083
15990,3.83744,1.14408821045293
15991,3.83768,0.406721662170322
15992,3.83792,0.415157758519661
15993,3.83816,1.12373920003149
15994,3.8384,-0.0868291334252256
15995,3.83864,1.0035491862381
15996,3.83888,0.502184933319898
15997,3.83912,0.38321477654612
15998,3.83936,0.385900304957525
15999,3.8396,0.847407614948032
16000,3.83984,0.00699759038721592
16001,3.84008,0.731123791850114
16002,3.84032,0.594149769268536
16003,3.84056,0.120261917395857
16004,3.8408,1.31393386091494
16005,3.84104,-0.0235672968325282
16006,3.84128,0.587746340809865
16007,3.84152,1.05470707964072
16008,3.84176,0.0801268731788212
16009,3.842,0.571396810744236
16010,3.84224,0.555802544910076
16011,3.84248,0.44042878010952
16012,3.84272,0.676223045552215
16013,3.84296,0.65709972482445
16014,3.8432,0.304507562386621
16015,3.84344,1.01555574951646
16016,3.84368,0.282276424377797
16017,3.84392,0.292333114588455
16018,3.84416,1.12543807866608
16019,3.8444,-0.0841273478836086
16020,3.84464,0.769280854889236
16021,3.84488,0.508811983316339
16022,3.84512,0.272927025594841
16023,3.84536,0.512842889677293
16024,3.8456,0.61703873483582
16025,3.84584,0.266080380202622
16026,3.84608,0.856217162592492
16027,3.84632,0.605609754717581
16028,3.84656,0.13520729453334
16029,3.8468,0.960697476100665
16030,3.84704,-0.121106704842274
16031,3.84728,0.844445069467777
16032,3.84752,0.585896209741048
16033,3.84776,0.111250860869723
16034,3.848,0.833136359588121
16035,3.84824,0.332780012956115
16036,3.84848,0.460017647941753
16037,3.84872,0.459447316685828
16038,3.84896,0.685707304741038
16039,3.8492,-0.0261071076599104
16040,3.84944,1.28516783010319
16041,3.84968,-0.0483581611339612
16042,3.84992,0.803331305953673
16043,3.85016,0.547256598689875
16044,3.8504,0.0672460966236602
16045,3.85064,0.436236291657145
16046,3.85088,0.779585764631598
16047,3.85112,-0.0583200957098466
16048,3.85136,0.784505653919399
16049,3.8516,0.525839639006072
16050,3.85184,-0.186054190686958
16051,3.85208,1.13206800515873
16052,3.85232,0.156286167670305
16053,3.85256,0.649112209665905
16054,3.8528,0.878503404497672
16055,3.85304,0.264963621025014
16056,3.85328,0.277134285759801
16057,3.85352,0.746243392330079
16058,3.85376,0.149347394557582
16059,3.854,0.629630453485444
16060,3.85424,0.497513343931569
16061,3.85448,0.146572590605386
16062,3.85472,1.09720593883684
16063,3.85496,-0.228348205078924
16064,3.8552,0.742942273173347
16065,3.85544,0.248799058127648
16066,3.85568,0.258215870550199
16067,3.85592,1.09275904831837
16068,3.85616,0.119900472707342
16069,3.8564,0.732214943658469
16070,3.85664,0.599220235435748
16071,3.85688,0.354191541242135
16072,3.85712,0.12523545776913
16073,3.85736,0.834826796810878
16074,3.8576,-0.00571803473331778
16075,3.85784,0.364869147532134
16076,3.85808,0.713737616768152
16077,3.85832,-0.239720441632838
16078,3.85856,1.08048667672241
16079,3.8588,0.22301873123286
16080,3.85904,0.233811991648115
16081,3.85928,0.94991652784821
16082,3.85952,0.0950800198543076
16083,3.85976,0.351053584333282
16084,3.86,0.706449995192262
16085,3.86024,0.693164089912913
16086,3.86048,0.222381852056329
16087,3.86072,0.693590167119837
16088,3.86096,0.0965295693425183
16089,3.8612,0.346129830988303
16090,3.86144,0.809830341558404
16091,3.86168,-0.0263277878589063
16092,3.86192,0.577208452315066
16093,3.86216,0.68310872946261
16094,3.8624,-0.0294912744390785
16095,3.86264,0.697938442928934
16096,3.86288,0.320508228582198
16097,3.86312,0.326997697954199
16098,3.86336,0.808364287101952
16099,3.8636,0.0789510864851408
16100,3.86384,0.69624546845349
16101,3.86408,0.686115327957104
16102,3.86432,0.0870790567644478
16103,3.86456,0.458988532386162
16104,3.8648,0.804323473954013
16105,3.86504,-0.15503287824449
16106,3.86528,0.574724873089079
16107,3.86552,0.563321882139547
16108,3.86576,-0.156819423435768
16109,3.866,0.46013477684008
16110,3.86624,0.448435062563721
16111,3.86648,0.336785183738092
16112,3.86672,0.57614295820999
16113,3.86696,0.209689222391212
16114,3.8672,0.464705140445776
16115,3.86744,0.695037761150231
16116,3.86768,0.213577887368227
16117,3.86792,0.106651439319162
16118,3.86816,1.06108864721529
16119,3.8684,-0.266916517853866
16120,3.86864,0.588770431355654
16121,3.86888,0.457198055281869
16122,3.86912,-0.01924314323837
16123,3.86936,0.826826557555774
16124,3.8696,-0.0274602000330351
16125,3.86984,0.589052344054334
16126,3.87008,0.581568032003311
16127,3.87032,0.336766239390572
16128,3.87056,-0.0082943823379289
16129,3.8708,1.06825573009348
16130,3.87104,-0.136846783645009
16131,3.87128,0.36052111625996
16132,3.87152,0.953848509470177
16133,3.87176,-0.369624580941489
16134,3.872,0.723472189350215
16135,3.87224,0.470538758114295
16136,3.87248,-0.120805188081335
16137,3.87272,0.962721758604162
16138,3.87296,0.109813455099247
16139,3.8732,0.124968995940929
16140,3.87344,0.845247515086123
16141,3.87368,-0.00559709851867818
16142,3.87392,0.492988718079243
16143,3.87416,0.489973216788697
16144,3.8744,0.361381766717076
16145,3.87464,0.375517760974795
16146,3.87488,0.604226117156899
16147,3.87512,0.130313664853139
16148,3.87536,0.374849603877915
16149,3.8756,0.483855223981764
16150,3.87584,0.137493751361253
16151,3.87608,0.854505207447706
16152,3.87632,0.00486806912763327
16153,3.87656,0.261907283840015
16154,3.8768,0.86146195842428
16155,3.87704,-0.105693360057377
16156,3.87728,0.512096673087744
16157,3.87752,0.383507139550973
16158,3.87776,-0.0900788025796088
16159,3.878,0.758723374543707
16160,3.87824,-0.0929481456927401
16161,3.87848,0.40450339472436
16162,3.87872,0.404694190224429
16163,3.87896,0.395936182797251
16164,3.8792,-0.0701008806449746
16165,3.87944,1.00878161850368
16166,3.87968,-0.1940895559573
16167,3.87992,0.29882794890306
16168,3.88016,0.532047579844246
16169,3.8804,-0.295463526477652
16170,3.88064,0.906437857035118
16171,3.88088,-0.0575870351228673
16172,3.88112,0.0790279937272234
16173,3.88136,1.03412159233766
16174,3.8816,-0.293262880113882
16175,3.88184,0.565197484946307
16176,3.88208,0.43887348486021
16177,3.88232,0.197596794985198
16178,3.88256,-0.0255620797722544
16179,3.8828,0.932261710487156
16180,3.88304,-0.267419188439408
16181,3.88328,0.228551190640772
16182,3.88352,0.582316479271913
16183,3.88376,-0.366458017878082
16184,3.884,0.838398576119856
16185,3.88424,-0.0073353338835227
16186,3.88448,0.130074893740051
16187,3.88472,0.849660770647813
16188,3.88496,-0.001850726858035
16189,3.8852,0.257301964601387
16190,3.88544,0.615739483558849
16191,3.88568,0.368736586955517
16192,3.88592,0.0243485459411417
16193,3.88616,0.748471289042848
16194,3.8864,-0.098692631392191
16195,3.88664,0.401649362934511
16196,3.88688,0.758980952904777
16197,3.88712,0.034228211398234
16198,3.88736,0.65251312812182
16199,3.8876,0.0454915996817413
16200,3.88784,0.178830610318174
16201,3.88808,0.541883087379962
16202,3.88832,0.172920035158614
16203,3.88856,0.0704766121492497
16204,3.8888,0.789879914127686
16205,3.88904,-0.057469806327481
16206,3.88928,0.201758182264693
16207,3.88952,0.563747490989753
16208,3.88976,0.0778883091309654
16209,3.89,0.457551851620959
16210,3.89024,0.453688207391707
16211,3.89048,-0.143296049684448
16212,3.89072,0.472022227442775
16213,3.89096,0.101588154783038
16214,3.8912,0.119443592146214
16215,3.89144,0.363791647380923
16216,3.89168,0.35894519006927
16217,3.89192,-0.222765151485249
16218,3.89216,0.862242458070514
16219,3.8924,-0.109579758163873
16220,3.89264,0.269076720873103
16221,3.89288,0.273723631069048
16222,3.89312,0.38641110470971
16223,3.89336,-0.0757929606840968
16224,3.8936,0.527306930627287
16225,3.89384,0.404555795656522
16226,3.89408,0.0621481308302525
16227,3.89432,0.6579653380691
16228,3.89456,-0.413927447477977
16229,3.8948,0.438274267368614
16230,3.89504,0.43300771471631
16231,3.89528,-0.270974735117176
16232,3.89552,0.694814102259109
16233,3.89576,0.0905762647921902
16234,3.896,-0.0103178148869532
16235,3.89624,0.714901266139034
16236,3.89648,-0.131220157761566
16237,3.89672,0.371883421453967
16238,3.89696,0.373190314287738
16239,3.8972,0.488371399853545
16240,3.89744,0.02498635548612
16241,3.89768,0.503699431951634
16242,3.89792,0.265918289664902
16243,3.89816,0.0399664526230992
16244,3.8984,0.515536350795109
16245,3.89864,-0.0688451231942726
16246,3.89888,0.415637691539292
16247,3.89912,0.293621713381526
16248,3.89936,-0.167932429025985
16249,3.8996,0.91437948505748
16250,3.89984,-0.169754581762755
16251,3.90008,0.211097936861581
16252,3.90032,0.572229735775541
16253,3.90056,-0.0299189282807788
16254,3.9008,0.23195325857413
16255,3.90104,0.59085080840369
16256,3.90128,0.228827896673862
16257,3.90152,-0.114953754840139
16258,3.90176,0.602838945958111
16259,3.902,-0.113132228902019
16260,3.90224,0.381886776824918
16261,3.90248,0.257585189146501
16262,3.90272,-0.206813052641208
16263,3.90296,0.759363865670084
16264,3.9032,0.0361146216242032
16265,3.90344,0.0544602552853357
16266,3.90368,0.776541840687194
16267,3.90392,-0.184529444040229
16268,3.90416,0.198970837956526
16269,3.9044,0.559156644604113
16270,3.90464,0.0824969368971651
16271,3.90488,-0.136579431175426
16272,3.90512,0.946740604766745
16273,3.90536,-0.377395610200979
16274,3.9056,0.242765679206745
16275,3.90584,0.720416913114553
16276,3.90608,-0.594323797194768
16277,3.90632,0.860076798248133
16278,3.90656,-0.10524583238344
16279,3.9068,0.153654101985327
16280,3.90704,0.757990657058095
16281,3.90728,-0.323570423666982
16282,3.90752,0.418393399049724
16283,3.90776,0.537931727508363
16284,3.908,-0.29743953694453
16285,3.90824,0.323885367398423
16286,3.90848,0.43881912042518
16287,3.90872,-0.0331983943163684
16288,3.90896,-0.0151967519236844
16289,3.9092,0.703638626253038
16290,3.90944,-0.610522213099891
16291,3.90968,0.367278798679521
16292,3.90992,0.244560948479396
16293,3.91016,-0.34200399271459
16294,3.9104,0.632782395324353
16295,3.91064,0.0310149880351573
16296,3.91088,-0.189463217576713
16297,3.91112,0.656213230908997
16298,3.91136,-0.296890968126834
16299,3.9116,0.564357437911788
16300,3.91184,0.0808877958105774
16301,3.91208,-0.141302553297711
16302,3.91232,0.234656881345366
16303,3.91256,0.348108829456296
16304,3.9128,-0.11623976130783
16305,3.91304,0.257299963525974
16306,3.91328,0.493068013372712
16307,3.91352,-0.453474956157207
16308,3.91376,0.643267066852502
16309,3.914,0.0364534935176741
16310,3.91424,0.053179579282933
16311,3.91448,0.304677442855203
16312,3.91472,0.30134468354251
16313,3.91496,-0.040396738158738
16314,3.9152,0.207719482355794
16315,3.91544,0.0896851228313027
16316,3.91568,0.111312840070875
16317,3.91592,0.230396378410399
16318,3.91616,0.00372937822104535
16319,3.9164,0.260341491934161
16320,3.91664,0.0187249684966926
16321,3.91688,0.160268414206116
16322,3.91712,0.170807755008667
16323,3.91736,0.052097400918145
16324,3.9176,0.0757492097963188
16325,3.91784,0.440729299562251
16326,3.91808,0.0841150727752584
16327,3.91832,-0.254099528994856
16328,3.91856,0.831153859232672
16329,3.9188,-0.36562986310073
16330,3.91904,0.0172173545207837
16331,3.91928,0.620438658155628
16332,3.91952,-0.338433096116489
16333,3.91976,0.404025982208033
16334,3.92,0.281883487433955
16335,3.92024,-0.308884174358878
16336,3.92048,0.427839233845357
16337,3.92072,-0.17504783516824
16338,3.92096,0.205699559137927
16339,3.9212,0.333908029837851
16340,3.92144,0.217549771034132
16341,3.92168,-0.000662473611220404
16342,3.92192,0.240220758563387
16343,3.92216,0.0119921587353927
16344,3.9224,-0.0888893693278514
16345,3.92264,0.270016850791725
16346,3.92288,0.0478573785456105
16347,3.92312,0.0621562365377606
16348,3.92336,0.54046146098907
16349,3.9236,-0.2809288836148
16350,3.92384,0.45228757284872
16351,3.92408,0.0904555982033153
16352,3.92432,-0.249053771068336
16353,3.92456,0.722852651967617
16354,3.9248,-0.238583847711493
16355,3.92504,0.145144747726315
16356,3.92528,0.392181074962923
16357,3.92552,-0.203190654448379
16358,3.92576,0.301346056889534
16359,3.926,-0.0593024596405825
16360,3.92624,-0.0428499755853977
16361,3.92648,0.0955222111087868
16362,3.92672,0.0973020210941928
16363,3.92696,-0.239591133551556
16364,3.9272,0.251113117520591
16365,3.92744,0.135043635524604
16366,3.92768,-0.320823080905503
16367,3.92792,0.64709637883878
16368,3.92816,-0.425743906747524
16369,3.9284,0.197683716937637
16370,3.92864,0.318980143760308
16371,3.92888,-0.507765483817958
16372,3.92912,0.474771456456974
16373,3.92936,-0.00731357976291447
16374,3.9296,-0.108727589391008
16375,3.92984,0.149153184321714
16376,3.93008,0.0294531066237202
16377,3.93032,0.0522887794566687
16378,3.93056,0.0643269529460262
16379,3.9308,0.424183721958976
16380,3.93104,-0.277450324966266
16381,3.93128,0.332814454368934
16382,3.93152,0.0961916349818812
16383,3.93176,-0.362478143519349
16384,3.932,0.602290786983795
16385,3.93224,-0.46792829567557
16386,3.93248,0.153669261820052
16387,3.93272,0.155632668350396
16388,3.93296,-0.305163071963681
16389,3.9332,0.671407723461034
16390,3.93344,-0.167025455594233
16391,3.93368,-0.0225323067142664
16392,3.93392,0.347334894690295
16393,3.93416,-0.249083841143171
16394,3.9344,0.257546715918955
16395,3.93464,0.262225958745308
16396,3.93488,0.0294613046764161
16397,3.93512,-0.0665714909248434
16398,3.93536,0.297335055959142
16399,3.9356,-0.169677565762721
16400,3.93584,-0.148631139175891
16401,3.93608,0.333477692564961
16402,3.93632,-0.248892500154708
16403,3.93656,0.00738431222019553
16404,3.9368,0.369872768303541
16405,3.93704,-0.329222059490893
16406,3.93728,0.283041213147191
16407,3.93752,0.0483280041043306
16408,3.93776,-0.408516211081908
16409,3.938,0.557998018004474
16410,3.93824,-0.510553756700397
16411,3.93848,0.112637901438242
16412,3.93872,0.357098379012697
16413,3.93896,-0.585524462676101
16414,3.9392,0.395582316179359
16415,3.93944,0.0390601288923325
16416,3.93968,-0.298012556266326
16417,3.93992,0.677956841819133
16418,3.94016,-0.277375376054948
16419,3.9404,-0.0107510272959561
16420,3.94064,0.599292288155059
16421,3.94088,-0.592271249182897
16422,3.94112,0.274517566026279
16423,3.94136,0.27863836421598
16424,3.9416,-0.546895126794392
16425,3.94184,0.436801130244211
16426,3.94208,-0.0424092289216529
16427,3.94232,-0.261387180723756
16428,3.94256,0.356873108948063
16429,3.9428,-0.242569633433509
16430,3.94304,0.0224925414894119
16431,3.94328,0.274086346904299
16432,3.94352,-0.201467879209031
16433,3.94376,0.185018522436782
16434,3.944,0.0708760882110901
16435,3.94424,-0.157479777240453
16436,3.94448,0.107600088008881
16437,3.94472,0.111439672663753
16438,3.94496,-0.232026639935777
16439,3.9452,-0.210413191493926
16440,3.94544,0.395137049083248
16441,3.94568,-0.666660372352774
16442,3.94592,0.194344397006392
16443,3.94616,0.0802657785979606
16444,3.9464,-0.377847593844998
16445,3.94664,0.482331852427303
16446,3.94688,-0.353284702413168
16447,3.94712,0.0340740350112971
16448,3.94736,0.168608967786953
16449,3.9476,-0.0628798760433011
16450,3.94784,-0.275216039219564
16451,3.94808,0.216124647794118
16452,3.94832,-0.010894058579622
16453,3.94856,-0.344543837778529
16454,3.9488,0.507142966494046
16455,3.94904,-0.438499067993595
16456,3.94928,0.0686901550104069
16457,3.94952,0.196456248117266
16458,3.94976,-0.746598069040429
16459,3.95,0.360905566233693
16460,3.95024,-0.115372886380974
16461,3.95048,-0.45184538904282
16462,3.95072,0.290247093021814
16463,3.95096,-0.427384839023313
16464,3.9512,-0.159896232846495
16465,3.95144,0.215175864276638
16466,3.95168,-0.256867895715302
16467,3.95192,0.251454320176079
16468,3.95216,0.0159766928640057
16469,3.9524,-0.0874346155523708
16470,3.95264,-0.186187001110466
16471,3.95288,0.1787531033576
16472,3.95312,-0.158851556464282
16473,3.95336,-0.0231480151154235
16474,3.9536,0.223160917319627
16475,3.95384,-0.231963220838171
16476,3.95408,0.258975021992994
16477,3.95432,-0.0909165234498039
16478,3.95456,-0.424841776146096
16479,3.9548,0.545992654278246
16480,3.95504,-0.522794803604656
16481,3.95528,-0.0161525566623915
16482,3.95552,0.232256287498458
16483,3.95576,-0.472544505918442
16484,3.956,0.275447026542986
16485,3.95624,-0.199150789084815
16486,3.95648,-0.177950657840173
16487,3.95672,-0.0350361131431218
16488,3.95696,0.0917525470130527
16489,3.9572,-0.484554074919235
16490,3.95744,0.0154748945901027
16491,3.95768,0.144440263270563
16492,3.95792,-0.550575881333631
16493,3.95816,0.429476846724989
16494,3.9584,-0.403027479097803
16495,3.95864,-0.0135999442822745
16496,3.95888,0.121638149978644
16497,3.95912,-0.108326451301821
16498,3.95936,-0.31920558803795
16499,3.9596,0.175285658297639
16500,3.95984,-0.171199295057891
16501,3.96008,-0.263474878427931
16502,3.96032,0.471296454745501
16503,3.96056,-0.597088523786751
16504,3.9608,0.154452569722359
16505,3.96104,-0.0745983872760094
16506,3.96128,-0.057717893407714
16507,3.96152,-0.389493438844714
16508,3.96176,0.22130133715292
16509,3.962,-0.480676903197411
16510,3.96224,-0.0920677330406527
16511,3.96248,0.15761677449079
16512,3.96272,-0.544233693478166
16513,3.96296,0.0854435618407812
16514,3.9632,-0.26745152266952
16515,3.96344,-0.243582047120695
16516,3.96368,-0.217930078389494
16517,3.96392,0.270788453883445
16518,3.96416,-0.786419807838078
16519,3.9644,0.200154544508858
16520,3.96464,-0.1516389715298
16521,3.96488,-0.366017084349089
16522,3.96512,0.258393888818056
16523,3.96536,-0.214900768824056
16524,3.9656,-0.305437590409888
16525,3.96584,-0.045368749823292
16526,3.96608,0.0858751480895172
16527,3.96632,-0.606960097640754
16528,3.96656,0.373861847884402
16529,3.9668,-0.457025819277643
16530,3.96704,-0.0656202837376554
16531,3.96728,0.0715112184602857
16532,3.96752,-0.156641579117745
16533,3.96776,-0.365786977253181
16534,3.968,0.12860692066645
16535,3.96824,-0.216223256000504
16536,3.96848,-0.306915248887002
16537,3.96872,0.429371787996189
16538,3.96896,-0.637563983528443
16539,3.9692,0.115363726823534
16540,3.96944,-0.114105908413583
16541,3.96968,-0.0958904008466339
16542,3.96992,-0.426388526078556
16543,3.97016,0.185628415408762
16544,3.9704,-0.515182201678881
16545,3.97064,-0.12545593621035
16546,3.97088,0.127030728719626
16547,3.97112,-0.573866833306837
16548,3.97136,0.0567215640984104
16549,3.9716,-0.295303236386687
16550,3.97184,-0.270603992807659
16551,3.97208,-0.363992810993208
16552,3.97232,0.247039320486604
16553,3.97256,-0.809514146880865
16554,3.9728,0.177685565776217
16555,3.97304,-0.173512435497006
16556,3.97328,-0.387324356123888
16557,3.97352,0.118230803403331
16558,3.97376,-0.233441936090267
16559,3.974,-0.323556441494213
16560,3.97424,-0.0630848248067841
16561,3.97448,-0.0513251318611982
16562,3.97472,-0.504984002434039
16563,3.97496,0.359457232139055
16564,3.9752,-0.472088057423565
16565,3.97544,-0.0808389683324173
16566,3.97568,-0.182242598151866
16567,3.97592,0.0699984589923097
16568,3.97616,-0.620888349524458
16569,3.9764,0.238505215643732
16570,3.97664,-0.349017710923501
16571,3.97688,-0.318389963480028
16572,3.97712,0.30077870430953
16573,3.97736,-0.407557354861108
16574,3.9776,-0.134776679972849
16575,3.97784,-0.121067026050942
16576,3.97808,-0.102513428754334
16577,3.97832,-0.311981290106276
16578,3.97856,-0.0587303560155434
16579,3.9788,-0.396329747812046
16580,3.97904,-0.248815058260184
16581,3.97928,0.243101028413126
16582,3.97952,-0.813192367340397
16583,3.97976,0.0544098686715542
16584,3.98,-0.0529423136300875
16585,3.98024,-0.506792752400885
16586,3.98048,0.357464569718111
16587,3.98072,-0.472491866578956
16588,3.98096,-0.200904187849094
16589,3.9812,0.0582529195772472
16590,3.98144,-0.647126960839329
16591,3.98168,0.105632931386859
16592,3.98192,-0.122254772291191
16593,3.98216,-0.342641909034381
16594,3.9824,-0.0712284134466308
16595,3.98264,-0.30010380549287
16596,3.98288,-0.275710860053562
16597,3.98312,-0.369393949396561
16598,3.98336,0.00169069205378247
16599,3.9836,-0.571904079384888
16600,3.98384,-0.0675254166624919
16601,3.98408,0.0660092578090847
16602,3.98432,-0.624643307334955
16603,3.98456,0.234544347513375
16604,3.9848,-0.230697677751614
16605,3.98504,-0.439591607463309
16606,3.98528,0.306085388210339
16607,3.98552,-0.405096585397776
16608,3.98576,-0.375029476728071
16609,3.986,0.246197833745086
16610,3.98624,-0.697638899825477
16611,3.98648,-0.065802746950796
16612,3.98672,-0.0507091131108262
16613,3.98696,-0.51408644915686
16614,3.9872,0.117976694979052
16615,3.98744,-0.470579155072972
16616,3.98768,-0.201940142762525
16617,3.98792,-0.176127335377889
16618,3.98816,-0.160910883788797
16619,3.9884,-0.370817907843523
16620,3.98864,0.247077944248476
16621,3.98888,-0.334354637674318
16622,3.98912,-0.423068759777016
16623,3.98936,0.313858040227195
16624,3.9896,-0.623483249984327
16625,3.98984,-0.114035618902491
16626,3.99008,-0.100872785332543
16627,3.99032,-0.795795398417804
16628,3.99056,0.19344990253952
16629,3.9908,-0.274274230476031
16630,3.99104,-0.484139190808897
16631,3.99128,0.139864836610803
16632,3.99152,-0.683693786548384
16633,3.99176,0.0701991213273203
16634,3.992,-0.154864773908431
16635,3.99224,-0.250953796405511
16636,3.99248,-0.462031124014559
16637,3.99272,-0.087338118766302
16638,3.99296,-0.6574814931105
16639,3.9932,-0.0290637396947357
16640,3.99344,-0.254543656833991
16641,3.99368,-0.584319350012736
16642,3.99392,0.0439315983534068
16643,3.99416,-0.421310234495451
16644,3.9944,-0.266749385998659
16645,3.99464,-0.128225815322715
16646,3.99488,-0.349357240399135
16647,3.99512,-0.316563698094482
16648,3.99536,0.062019542196837
16649,3.9956,-0.395333961930282
16650,3.99584,-0.484806201025735
16651,3.99608,0.250597947545844
16652,3.99632,-0.684301955222355
16653,3.99656,-0.176033647327751
16654,3.9968,-0.159058280136129
16655,3.99704,-0.608669522841436
16656,3.99728,0.257121424298508
16657,3.99752,-0.568351777764589
16658,3.99776,-0.413219418381151
16659,3.998,0.209131929148922
16660,3.99824,-0.733634623230977
16661,3.99848,0.0199290372865515
16662,3.99872,-0.445929994720832
16663,3.99896,-0.418534692944547
16664,3.9992,-0.152454515422284
16665,3.99944,-0.494349314543876
16666,3.99968,-0.218786561757609
16667,3.99992,0.0394397404685742
