1,8.000000000008e-05,-2.84010325715883
2,0.000320000000000098,-3.48585421923095
3,0.000560000000000116,-3.27257146756837
4,0.000800000000000134,-2.26865144697007
5,0.00103999999999993,-3.43579470180792
6,0.00127999999999995,-2.35261209622317
7,0.00151999999999997,-2.86576698875932
8,0.00175999999999998,-3.37376298698785
9,0.002,-3.64395153144994
10,0.00224000000000002,-2.519915326265
11,0.00248000000000004,-3.11040875486252
12,0.00272000000000006,-3.81308552300918
13,0.00296000000000007,-2.3782772794656
14,0.00320000000000009,-2.92691821823233
15,0.00344000000000011,-3.82186940591744
16,0.00368000000000013,-2.2207568092061
17,0.00391999999999992,-3.07525598617099
18,0.00415999999999994,-3.31848947189261
19,0.00439999999999996,-2.04761567734545
20,0.00463999999999998,-3.09314568100063
21,0.00488,-3.16297856992291
22,0.00512000000000001,-2.33129029237949
23,0.00536000000000003,-3.19982382858435
24,0.00560000000000005,-2.62998515225655
25,0.00584000000000007,-2.60262026331285
26,0.00608000000000009,-3.40668131041255
27,0.0063200000000001,-1.96916729038256
28,0.00656000000000012,-2.9736101484118
29,0.00679999999999992,-2.88200663576811
30,0.00703999999999994,-2.01682884339854
31,0.00727999999999995,-3.32113208630373
32,0.00751999999999997,-2.11758095769025
33,0.00775999999999999,-2.29661282350094
34,0.00800000000000001,-2.94060251774603
35,0.00824000000000003,-1.82412328766868
36,0.00848000000000004,-2.32243026958684
37,0.00872000000000006,-2.68063564013025
38,0.00896000000000008,-1.64934145527068
39,0.0092000000000001,-2.45705258784277
40,0.00944000000000011,-2.1706408605417
41,0.00968000000000013,-1.46801060646022
42,0.00991999999999993,-2.80530487244005
43,0.0101599999999999,-1.63661748498257
44,0.0104,-2.43886172105359
45,0.01064,-2.14796498102795
46,0.01088,-1.42533543562125
47,0.01112,-2.06541710305993
48,0.01136,-1.49222804173375
49,0.0116000000000001,-0.870272440044165
50,0.0118400000000001,-1.34441133377794
51,0.0120800000000001,-1.81848850476077
52,0.0123200000000001,-1.93388435720109
53,0.0125600000000001,-0.669657111205346
54,0.0127999999999999,-1.22870374076457
55,0.0130399999999999,-1.7801321850469
56,0.01328,-0.320798361981955
57,0.01352,-0.945924617969709
58,0.01376,-1.44335934282181
59,0.014,-0.28387468085775
60,0.01424,-0.730915216567285
61,0.01448,-1.41022604815388
62,0.0147200000000001,-0.310140300875048
63,0.0149600000000001,-0.4471070162514
64,0.0152000000000001,-1.18108131313858
65,0.0154400000000001,-0.147903074854028
66,0.0156799999999999,-0.32943910841253
67,0.0159199999999999,-0.636511437538813
68,0.01616,-0.139145705866871
69,0.0164,-0.236629642315771
70,0.01664,-0.121284131221612
71,0.01688,-0.142815596662993
72,0.01712,0.316814576665588
73,0.01736,0.137866667059783
74,0.0176000000000001,-0.155152534968815
75,0.0178400000000001,0.499386975325561
76,0.0180800000000001,0.765454951056616
77,0.0183200000000001,0.198474644586994
78,0.0185600000000001,0.45575192504398
79,0.0187999999999999,1.04932084380907
80,0.0190399999999999,0.327542885853982
81,0.01928,0.555641403957136
82,0.01952,1.12610003950868
83,0.01976,0.85198520458465
84,0.02,0.695345768634041
85,0.02024,1.36656653614309
86,0.0204800000000001,1.07740443305044
87,0.0207200000000001,1.37650493386991
88,0.0209600000000001,1.06482769187573
89,0.0212000000000001,1.121018665116
90,0.0214400000000001,1.4103009312356
91,0.0216799999999999,1.69076866215857
92,0.0219199999999999,1.36977466753632
93,0.02216,1.77094872607659
94,0.0224,1.32849485191876
95,0.02264,1.8491344875469
96,0.02288,1.52867711474851
97,0.02312,2.04977406640715
98,0.02336,1.8450699970714
99,0.0236000000000001,1.65014529862714
100,0.0238400000000001,2.53432952690458
101,0.0240800000000001,1.97839753771442
102,0.0243200000000001,2.15276391034682
103,0.0245599999999999,1.96520032098396
104,0.0247999999999999,1.78441453097969
105,0.02504,2.69692378597758
106,0.02528,2.27980667991282
107,0.02552,1.88137840472506
108,0.02576,2.57732876983026
109,0.026,2.66080952914058
110,0.02624,2.05049158918095
111,0.0264800000000001,2.76233958829163
112,0.0267200000000001,2.39579979073233
113,0.0269600000000001,2.5370748464628
114,0.0272000000000001,2.67212267215614
115,0.0274400000000001,2.4661711224618
116,0.0276799999999999,2.99967278751754
117,0.0279199999999999,2.92168032129391
118,0.02816,2.51186697411993
119,0.0284,3.08879725716318
120,0.02864,2.93267203823307
121,0.02888,2.33041846027416
122,0.02912,3.065742418412
123,0.0293600000000001,3.07078289101658
124,0.0296000000000001,2.63340289094901
125,0.0298400000000001,3.6662580117487
126,0.0300800000000001,2.52257232175583
127,0.0303200000000001,2.63125607854325
128,0.0305599999999999,3.69390920377755
129,0.0307999999999999,2.96070789990538
130,0.03104,2.64060232473881
131,0.03128,3.75996238751091
132,0.03152,3.20096299035628
133,0.03176,2.57907129795399
134,0.032,3.4056721055966
135,0.03224,3.74928349303609
136,0.0324800000000001,2.45598161066324
137,0.0327200000000001,3.00403500558194
138,0.0329600000000001,3.54832667020139
139,0.0332000000000001,2.54203387627996
140,0.0334400000000001,2.80091328469953
141,0.0336799999999999,3.42018313058845
142,0.03392,2.95647962604242
143,0.03416,2.68012748222635
144,0.0344,3.60884754141037
145,0.03464,2.28146165901129
146,0.03488,2.91896036038036
147,0.03512,3.66705932910963
148,0.0353600000000001,2.40763488935235
149,0.0356000000000001,2.76202336147433
150,0.0358400000000001,3.58720207409695
151,0.0360800000000001,2.04024849423823
152,0.0363200000000001,2.82557827575683
153,0.0365599999999999,3.11559182538402
154,0.0367999999999999,2.0156974621744
155,0.03704,3.22466308887783
156,0.03728,2.27192699801254
157,0.03752,2.46532045486043
158,0.03776,3.00605932023229
159,0.038,1.66934002805593
160,0.0382400000000001,2.89045938839254
161,0.0384800000000001,2.65958915839961
162,0.0387200000000001,1.76917798946865
163,0.0389600000000001,3.17303511030823
164,0.0392000000000001,2.06396303642117
165,0.0394399999999999,1.62659110775834
166,0.0396799999999999,2.74296205798028
167,0.03992,2.06479776726532
168,0.04016,1.45303351353943
169,0.0404,2.64732508203042
170,0.04064,1.69969652266914
171,0.04088,2.23933731469814
172,0.04112,1.80904749451631
173,0.0413600000000001,1.20539995941379
174,0.0416000000000001,2.27144393352171
175,0.0418400000000001,1.44983309077624
176,0.0420800000000001,1.74641730471538
177,0.0423200000000001,2.1598071737267
178,0.0425599999999999,0.565899668988941
179,0.0427999999999999,1.42640199083576
180,0.04304,1.44049971579955
181,0.04328,2.29833931729851
182,0.04352,0.318630439502312
183,0.04376,1.38043858833702
184,0.044,1.47296728114866
185,0.0442400000000001,0.621581577133635
186,0.0444800000000001,0.662608451951212
187,0.0447200000000001,1.65998710673892
188,0.0449600000000001,0.641999844457321
189,0.0452000000000001,0.504901422811572
190,0.0454399999999999,0.843486883018594
191,0.0456799999999999,0.604134646842482
192,0.04592,0.513410854193439
193,0.04616,0.899403001095344
194,0.0464,0.119521098305118
195,0.04664,0.0838956246742333
196,0.04688,0.761669192134854
197,0.0471200000000001,-0.209395612176346
198,0.0473600000000001,0.0318841287693008
199,0.0476000000000001,0.280943999898775
200,0.0478400000000001,-0.157993699040711
201,0.0480800000000001,0.116359076421747
202,0.0483199999999999,-0.306692789142582
203,0.0485599999999999,-0.110100778099833
204,0.0488,-0.399807117125546
205,0.04904,-0.899201046199406
206,0.04928,0.0461838320821661
207,0.04952,-0.328676383167398
208,0.04976,-1.15864264320953
209,0.05,-0.670022985151418
210,0.0502400000000001,-0.530621439413521
211,0.0504800000000001,-1.21792932301936
212,0.0507200000000001,-0.941635487646179
213,0.0509600000000001,-1.01801752719423
214,0.0512000000000001,-1.32225210442526
215,0.0514399999999999,-1.26591086218242
216,0.0516799999999999,-0.964450940408011
217,0.05192,-1.49408708120512
218,0.05216,-1.30785840687267
219,0.0524,-1.47146529537015
220,0.05264,-1.62990425362005
221,0.05288,-1.55109393349536
222,0.0531200000000001,-1.11008176255149
223,0.0533600000000001,-1.8751919525755
224,0.0536000000000001,-1.79710994311144
225,0.0538400000000001,-2.19396303068017
226,0.0540800000000001,-1.98571934623224
227,0.0543199999999999,-1.67063416799769
228,0.0545599999999999,-2.31699278916002
229,0.0548,-2.11717016473086
230,0.05504,-2.05244930930041
231,0.05528,-2.10880871810364
232,0.05552,-2.16116024428558
233,0.05576,-2.2306137318573
234,0.056,-2.18448628236134
235,0.0562400000000001,-2.13434952194622
236,0.0564800000000001,-2.46633126021457
237,0.0567200000000001,-2.79532471146515
238,0.0569600000000001,-1.92711732359206
239,0.0571999999999999,-2.5302118850802
240,0.0574399999999999,-3.00351243517374
241,0.05768,-2.52504498396826
242,0.05792,-2.43743068206474
243,0.05816,-2.69856149354895
244,0.0584,-2.74629594846077
245,0.05864,-2.80506581125951
246,0.05888,-2.49983930765387
247,0.0591200000000001,-2.83487568977916
248,0.0593600000000001,-3.52207640694539
249,0.0596000000000001,-2.30274653899745
250,0.0598400000000001,-2.80790997919586
251,0.0600800000000001,-3.65793828245601
252,0.0603199999999999,-2.48179182768213
253,0.0605599999999999,-2.43470407450673
254,0.0608,-3.57935694614015
255,0.06104,-3.28597723473598
256,0.06128,-2.31943184777353
257,0.06152,-3.5239155568983
258,0.06176,-3.40162633255232
259,0.0620000000000001,-2.36806866645205
260,0.0622400000000001,-3.26445548281547
261,0.0624800000000001,-2.97271751953749
262,0.0627200000000001,-2.36852840425681
263,0.0629600000000001,-2.87481891402453
264,0.0631999999999999,-3.61058408136725
265,0.0634399999999999,-2.55592691528013
266,0.06368,-3.00245247993201
267,0.06392,-3.56762322722797
268,0.06416,-2.81380301060892
269,0.0644,-2.6106784804303
270,0.06464,-3.25152471883937
271,0.06488,-3.16942750974125
272,0.0651200000000001,-2.30904321375769
273,0.0653600000000001,-3.15197515471093
274,0.0656000000000001,-3.38323418829578
275,0.0658400000000001,-2.10085618159359
276,0.0660799999999999,-3.1353365862849
277,0.0663199999999999,-2.95754753640448
278,0.06656,-2.36434699783955
279,0.0668,-3.45656487765018
280,0.06704,-2.4005221217505
281,0.06728,-2.60865391424306
282,0.06752,-3.40357077493079
283,0.06776,-1.95730214261793
284,0.0680000000000001,-2.95336994111975
285,0.0682400000000001,-2.85375864716206
286,0.0684800000000001,-1.98092877399922
287,0.0687200000000001,-3.27792666372994
288,0.0689600000000001,-2.29835795305536
289,0.0691999999999999,-1.98756286671892
290,0.0694399999999999,-3.1149733168478
291,0.06968,-1.98357822597393
292,0.06992,-2.46622952213521
293,0.07016,-2.69671979830263
294,0.0704,-1.77119289135408
295,0.07064,-1.9785817794936
296,0.0708800000000001,-2.88739817290606
297,0.0711200000000001,-2.01765993016083
298,0.0713600000000001,-1.45028976809924
299,0.0716000000000001,-2.68243401305154
300,0.0718400000000001,-1.99991710803762
301,0.0720799999999999,-1.13813107180361
302,0.0723199999999999,-1.99491666419679
303,0.07256,-1.75102401027181
304,0.0728,-1.31928091491836
305,0.07304,-1.04640278199742
306,0.07328,-1.86245950785939
307,0.07352,-1.95553519940201
308,0.07376,-1.37980333271875
309,0.0740000000000001,-1.41109399453521
310,0.0742400000000001,-2.04541248355805
311,0.0744800000000001,-0.688300791884828
312,0.0747200000000001,-1.27911156317907
313,0.0749600000000001,-1.74394342548243
314,0.0751999999999999,-0.325387290663774
315,0.07544,-0.624899168029074
316,0.07568,-1.28048081042234
317,0.07592,-0.51653815036994
318,0.07616,-0.631692405578018
319,0.0764,-1.21870510819569
320,0.07664,-0.395505852793516
321,0.0768800000000001,-0.435480628805212
322,0.0771200000000001,-0.714677661363719
323,0.0773600000000001,-0.0740257667627784
324,0.0776000000000001,-0.402349739158562
325,0.0778400000000001,-0.129217092665177
326,0.0780799999999999,0.461173870027326
327,0.0783199999999999,-0.632334555033633
328,0.07856,0.0746833139240672
329,0.0788,0.504731098417565
330,0.07904,-0.141575064040963
331,0.07928,0.511877997188221
332,0.07952,0.425795273407828
333,0.0797600000000001,0.586750298873175
334,0.0800000000000001,0.361121325211619
335,0.0802400000000001,0.72295899835467
336,0.0804800000000001,0.364567773170471
337,0.0807200000000001,0.951504984064253
338,0.0809599999999999,0.810250569981139
339,0.0811999999999999,1.02851317009539
340,0.08144,0.744728084369916
341,0.08168,0.818636999028101
342,0.08192,0.891780470744712
343,0.08216,1.55032956264181
344,0.0824,1.25255974465064
345,0.08264,1.30044349381691
346,0.0828800000000001,0.985618159685812
347,0.0831200000000001,1.52498026694858
348,0.0833600000000001,1.79956075956875
349,0.0836000000000001,1.47921167600134
350,0.0838400000000001,1.87786127212964
351,0.0840799999999999,1.55452966805321
352,0.08432,1.71100499331225
353,0.08456,1.99196692803271
354,0.0848,1.67020241668336
355,0.08504,1.71085866308262
356,0.08528,2.47527192584272
357,0.08552,2.03544727715086
358,0.0857600000000001,1.84991588658524
359,0.0860000000000001,2.62594936903632
360,0.0862400000000001,2.19889492966611
361,0.0864800000000001,1.91032307812965
362,0.0867200000000001,2.46008515423826
363,0.0869599999999999,2.17107240537529
364,0.0871999999999999,2.62189489095662
365,0.08744,2.58455920837888
366,0.08768,2.3221323519235
367,0.08792,2.31879339157679
368,0.08816,2.54608359810547
369,0.0884,2.67968521462087
370,0.0886400000000001,2.69924545334258
371,0.0888800000000001,2.4770574894362
372,0.0891200000000001,3.00841778365544
373,0.0893600000000001,2.57300408457213
374,0.0896000000000001,2.16162260105365
375,0.0898399999999999,3.2136665012269
376,0.0900799999999999,3.04991700390469
377,0.09032,2.20899414918572
378,0.09056,3.29906720410967
379,0.0908,3.05950522450255
380,0.09104,2.26695775559091
381,0.09128,3.03326073371647
382,0.09152,2.85483512717796
383,0.0917600000000001,3.55480815403822
384,0.0920000000000001,3.39490409779268
385,0.0922400000000001,2.66643388048023
386,0.0924800000000001,3.30057283147169
387,0.0927200000000001,3.55143798452842
388,0.0929599999999999,2.64555732663055
389,0.0931999999999999,3.22418201846984
390,0.09344,2.82261686570055
391,0.09368,2.72100931851107
392,0.09392,3.22823800473023
393,0.09416,3.37181750110701
394,0.0944,2.4855001525846
395,0.0946400000000001,3.18354281700613
396,0.0948800000000001,3.75687592306319
397,0.0951200000000001,2.20079621721076
398,0.0953600000000001,2.74292975488882
399,0.0956000000000001,3.51694578849145
400,0.0958399999999999,2.38791503782241
401,0.0960799999999999,2.75575742162056
402,0.09632,3.5953349785937
403,0.09656,2.52499849189767
404,0.0968,2.72408211405128
405,0.09704,3.63309061165447
406,0.09728,2.28014501370118
407,0.0975200000000001,2.79123532480033
408,0.0977600000000001,3.2915408963164
409,0.0980000000000001,2.03259160588771
410,0.0982400000000001,3.0885500629158
411,0.0984800000000001,2.57871090193466
412,0.0987199999999999,2.37429338926452
413,0.0989599999999999,3.4860252756407
414,0.0992,2.10015078072945
415,0.09944,2.69109935354285
416,0.09968,2.90445237235855
417,0.09992,1.61451830026826
418,0.10016,2.99165549964659
419,0.1004,2.32293117814714
420,0.10064,2.08126093328132
421,0.10088,2.7896968746
422,0.10112,1.8517774407053
423,0.10136,2.04663979189192
424,0.1016,2.9474599570248
425,0.10184,1.71564156545048
426,0.10208,1.63141891739947
427,0.10232,2.48967176677539
428,0.10256,1.46237324158633
429,0.1028,2.16163747608747
430,0.10304,2.12327953675232
431,0.10328,1.4127627968523
432,0.10352,1.94158608387668
433,0.10376,2.46005976453547
434,0.104,0.500958096810577
435,0.10424,1.47147806846962
436,0.10448,1.47462489343323
437,0.10472,0.656156438999887
438,0.10496,1.20870932301409
439,0.1052,1.75182840559594
440,0.10544,0.415562028852421
441,0.10568,1.27054679689354
442,0.10592,1.27308574755159
443,0.10616,0.337613038374143
444,0.1064,1.12899700591595
445,0.10664,1.31045821849531
446,0.10688,0.209642966019231
447,0.10712,0.452636852643075
448,0.10736,1.17273982777964
449,0.1076,0.125732929067411
450,0.10784,0.416719755864665
451,0.10808,0.591732243988841
452,0.10832,0.0833783447278442
453,0.10856,0.412017161676204
454,0.1088,0.0469772140809139
455,0.10904,0.0596540593099293
456,0.10928,-0.0495223318330251
457,0.10952,-0.242303007769608
458,0.10976,0.0440975283345335
459,0.11,-0.500908280598775
460,0.11024,-0.293815662764873
461,0.11048,-0.216861723205177
462,0.11072,-0.595400610831694
463,0.11096,-0.242165704988372
464,0.1112,-0.491200836345382
465,0.11144,-1.19416698098612
466,0.11168,-0.816779246581673
467,0.11192,-0.79188533595744
468,0.11216,-1.23046254782631
469,0.1124,-0.949536502210939
470,0.11264,-0.90089194019553
471,0.11288,-1.20079425015884
472,0.11312,-1.38887912680862
473,0.11336,-0.956507637046202
474,0.1136,-1.24605089680981
475,0.11384,-1.29583576446226
476,0.11408,-1.57374134274955
477,0.11432,-1.4966076378076
478,0.11456,-1.42037054331873
479,0.1148,-1.33979893158526
480,0.11504,-1.50195495641418
481,0.11528,-2.02272845270194
482,0.11552,-1.5797778207856
483,0.11576,-1.97818620557135
484,0.116,-2.02481442838656
485,0.11624,-1.94449102790055
486,0.11648,-2.11385494254839
487,0.11672,-2.17189310841778
488,0.11696,-2.22138475973809
489,0.1172,-2.28989599257537
490,0.11744,-2.24050713569458
491,0.11768,-2.30739228318026
492,0.11792,-2.15141176347222
493,0.11816,-2.72510117456132
494,0.1184,-2.57088631285273
495,0.11864,-2.08751484569172
496,0.11888,-2.92450559705901
497,0.11912,-2.56108747741261
498,0.11936,-2.4682959662279
499,0.1196,-2.72683092157545
500,0.11984,-2.65109727329628
501,0.12008,-2.82077106918308
502,0.12032,-2.51708321363738
503,0.12056,-2.97162695032344
504,0.1208,-3.41095344741889
505,0.12104,-2.30955730279323
506,0.12128,-3.0478237229269
507,0.12152,-3.52117998266902
508,0.12176,-2.46384285656325
509,0.122,-2.7720746718775
510,0.12224,-3.54706794405005
511,0.12248,-3.13084015830593
512,0.12272,-2.1620857071822
513,0.12296,-3.60002727625774
514,0.1232,-3.23122994224733
515,0.12344,-2.54818991766215
516,0.12368,-3.81070542745497
517,0.12392,-3.2535672643129
518,0.12416,-2.38191298798224
519,0.1244,-2.87476934474963
520,0.12464,-3.36978555501775
521,0.12488,-3.86205285728463
522,0.12512,-2.23224996917466
523,0.12536,-2.81662913277767
524,0.1256,-3.6367733435906
525,0.12584,-2.65807969955577
526,0.12608,-2.7087726977743
527,0.12632,-3.36021815634024
528,0.12656,-3.04928086950655
529,0.1268,-2.44404517061004
530,0.12704,-3.17636026204017
531,0.12728,-3.29548828959176
532,0.12752,-2.02824687339607
533,0.12776,-2.84590711251587
534,0.128,-3.28902078146057
535,0.12824,-2.21792009224406
536,0.12848,-3.21431829427098
537,0.12872,-2.76759156176206
538,0.12896,-2.50372978925057
539,0.1292,-3.43540773807177
540,0.12944,-2.11603685785438
541,0.12968,-2.88697778465639
542,0.12992,-2.68272853520396
543,0.13016,-1.94551775085329
544,0.1304,-3.25751652515805
545,0.13064,-2.17340650057056
546,0.13088,-2.24036340486987
547,0.13112,-2.65183069158844
548,0.13136,-1.55124291354192
549,0.1316,-2.64609841795609
550,0.13184,-2.40599903582961
551,0.13208,-1.5026669021897
552,0.13232,-2.55370950396395
553,0.13256,-1.91440057370246
554,0.1328,-1.46539565791876
555,0.13304,-2.68540151758896
556,0.13328,-1.99398323560648
557,0.13352,-1.12717012314651
558,0.13376,-2.43225011692725
559,0.134,-1.81361015077085
560,0.13424,-1.25881612273306
561,0.13448,-2.5008855116552
562,0.13472,-0.541050166392095
563,0.13496,-1.5052982801442
564,0.1352,-1.50252907822631
565,0.13544,-0.912879898812022
566,0.13568,-0.7431459702392
567,0.13592,-1.65425716849683
568,0.13616,-1.24377992846892
569,0.1364,-0.296581337588644
570,0.13664,-1.28162894787617
571,0.13688,-1.53941620732921
572,0.13712,-0.270288145418301
573,0.13736,-0.476073216366901
574,0.1376,-1.51884265598055
575,0.13784,-0.309995027067686
576,0.13808,-0.682454945855642
577,0.13832,-0.334685929113651
578,0.13856,-0.151337060014238
579,0.1388,-0.337308003773552
580,0.13904,-0.523092487705
581,0.13928,-0.0289451344157643
582,0.13952,-0.254855093807094
583,0.13976,-0.130037178577249
584,0.14,0.0792555417636254
585,0.14024,-0.0652035613440365
586,0.14048,0.365889371124495
587,0.14072,-0.0583410793576866
588,0.14096,0.478292505430978
589,0.1412,0.260994208645842
590,0.14144,-0.0666852448747057
591,0.14168,0.669805124808962
592,0.14192,0.782364391485124
593,0.14216,0.179314752789238
594,0.1424,0.886185698811296
595,0.14264,1.33077071694559
596,0.14288,0.944561909682714
597,0.14312,0.663020777080649
598,0.14336,1.33248870581431
599,0.1436,1.04162020574135
600,0.14384,0.984456435041039
601,0.14408,1.51560870057201
602,0.14432,1.33511398246921
603,0.14456,1.37886872169296
604,0.1448,1.53770487041247
605,0.14504,1.58063433492803
606,0.14528,1.61969785842434
607,0.14552,1.30080005223822
608,0.14576,1.46120256563726
609,0.146,1.86605204118791
610,0.14624,1.90266945982513
611,0.14648,1.93971507030698
612,0.14672,1.86858892890767
613,0.14696,2.03508027378517
614,0.1472,1.83850069587301
615,0.14744,2.13657176909317
616,0.14768,2.55274595851987
617,0.14792,2.24710718349168
618,0.14816,1.84446580954909
619,0.1484,2.76042147465916
620,0.14864,2.35338848890419
621,0.14888,2.32907336426835
622,0.14912,2.65611412666759
623,0.14936,2.40112824730631
624,0.1496,2.64305202822619
625,0.14984,2.63433901637479
626,0.15008,2.41667790361961
627,0.15032,2.79960377445131
628,0.15056,2.47045865382616
629,0.1508,2.76995528449397
630,0.15104,2.6972109099577
631,0.15128,2.65511756905553
632,0.15152,2.75207926213169
633,0.15176,2.95905238198245
634,0.152,2.23833632796823
635,0.15224,3.10530704678201
636,0.15248,2.75552976641741
637,0.15272,2.44390373914605
638,0.15296,3.35409331681224
639,0.1532,3.04964630914862
640,0.15344,2.7781393211517
641,0.15368,3.6228292267126
642,0.15392,3.13006050374751
643,0.15416,2.91820946841763
644,0.1544,3.70106131626628
645,0.15464,3.25741103178868
646,0.15488,2.73693269454365
647,0.15512,2.86335765588792
648,0.15536,3.23774851190848
649,0.1556,3.84736807069763
650,0.15584,2.32344403027588
651,0.15608,2.78352228156292
652,0.15632,3.48459947941723
653,0.15656,2.85864710595092
654,0.1568,2.89856506723609
655,0.15704,3.77613035413251
656,0.15728,2.04130770515277
657,0.15752,2.87616918715518
658,0.15776,3.70001925416054
659,0.158,2.38191103043293
660,0.15824,2.57659994012789
661,0.15848,3.48135700018137
662,0.15872,2.58964158407382
663,0.15896,2.60814745071807
664,0.1592,3.58494420197655
665,0.15944,2.06316119679547
666,0.15968,2.87515560137496
667,0.15992,2.83340881741888
668,0.16016,2.13170060460984
669,0.1604,3.24311907836915
670,0.16064,2.31971671756999
671,0.16088,2.42151110882193
672,0.16112,3.11069008565523
673,0.16136,1.91823183440702
674,0.1616,2.69183147734311
675,0.16184,2.37140496999136
676,0.16208,1.75835627615775
677,0.16232,2.82881605928517
678,0.16256,2.22376391893485
679,0.1628,1.32281440371348
680,0.16304,2.47901524517073
681,0.16328,2.19001246279023
682,0.16352,1.35695400942158
683,0.16376,2.70813619186909
684,0.164,2.24906141187364
685,0.16424,1.36179573656222
686,0.16448,2.54537435755852
687,0.16472,1.8063641563646
688,0.16496,1.12047701193338
689,0.1652,1.18942170270537
690,0.16544,2.10083314821985
691,0.16568,1.57290523434464
692,0.16592,1.11089934071914
693,0.16616,1.2556084319354
694,0.1664,2.0011780360958
695,0.16664,0.633060705480274
696,0.16688,1.21002462491476
697,0.16712,1.42391971988387
698,0.16736,0.584488650945396
699,0.1676,0.872513983327124
700,0.16784,1.03197101011131
701,0.16808,0.247347283961625
702,0.16832,0.83191842810368
703,0.16856,1.04890383121144
704,0.1688,0.0822901532800033
705,0.16904,0.484095002939783
706,0.16928,0.755023982170729
707,0.16952,0.0787098057699225
708,0.16976,0.166765495494938
709,0.17,0.850400653479852
710,0.17024,-0.132018761585687
711,0.17048,-0.118549924434717
712,0.17072,0.485747038562628
713,0.17096,-0.562033654819875
714,0.1712,-0.155650783855731
715,0.17144,0.0144891753882972
716,0.17168,-0.266682425291086
717,0.17192,0.0462958163351159
718,0.17216,-0.703181160638084
719,0.1724,-0.469662739522716
720,0.17264,-0.242862404136892
721,0.17288,-0.956229808581668
722,0.17312,-0.817957142482013
723,0.17336,-1.04561577058018
724,0.1736,-0.769036039566999
725,0.17384,-0.844260472854002
726,0.17408,-0.925601193062828
727,0.17432,-0.869930692980658
728,0.17456,-1.1720352030062
729,0.1748,-1.59239783927293
730,0.17504,-1.15819844792464
731,0.17528,-1.09078031937807
732,0.17552,-1.61966801170753
733,0.17576,-1.29756778199907
734,0.176,-1.93815323563234
735,0.17624,-1.37691903823225
736,0.17648,-1.41743344222925
737,0.17672,-1.45652033987168
738,0.17696,-2.09962074491798
739,0.1772,-1.53651016207409
740,0.17744,-1.58142324439426
741,0.17768,-2.46912454871805
742,0.17792,-2.03095404540518
743,0.17816,-1.84760000311161
744,0.1784,-2.50572829810206
745,0.17864,-2.31755094906968
746,0.17888,-2.14887324789386
747,0.17912,-2.46512637982946
748,0.17936,-2.29564991217559
749,0.1796,-2.26917531525978
750,0.17984,-2.47984540419982
751,0.18008,-2.09619836807887
752,0.18032,-2.81552443615316
753,0.18056,-2.32651192700452
754,0.1808,-2.46457228357415
755,0.18104,-3.207601909774
756,0.18128,-2.15278041070245
757,0.18152,-2.93091086110462
758,0.18176,-2.97112975223718
759,0.182,-2.32003051950743
760,0.18224,-3.37343921313148
761,0.18248,-2.37711500211986
762,0.18272,-2.74620703376867
763,0.18296,-3.46730409055559
764,0.1832,-2.39768176567949
765,0.18344,-2.81574362917091
766,0.18368,-3.09753877245695
767,0.18392,-2.80851861109884
768,0.18416,-3.51611656895118
769,0.1844,-3.12098798013199
770,0.18464,-2.88141549518886
771,0.18488,-3.87523088635123
772,0.18512,-3.04917387919633
773,0.18536,-2.875020991165
774,0.1856,-3.58063192967912
775,0.18584,-2.47238460734722
776,0.18608,-2.85763271601007
777,0.18632,-3.24798745125358
778,0.18656,-3.87306159039813
779,0.1868,-2.25439586330064
780,0.18704,-2.96807894446761
781,0.18728,-3.67225472514133
782,0.18752,-2.58461893671693
783,0.18776,-2.88358335951354
784,0.188,-3.5401853402828
785,0.18824,-2.18814976173021
786,0.18848,-3.03541597259348
787,0.18872,-3.75598548319949
788,0.18896,-2.22355574149266
789,0.1892,-3.02377273228846
790,0.18944,-3.56910029069765
791,0.18968,-1.99898507740652
792,0.18992,-2.99167893696722
793,0.19016,-2.89017245025866
794,0.1904,-2.2509393469588
795,0.19064,-3.42336829677408
796,0.19088,-2.20384057212036
797,0.19112,-2.60869378410327
798,0.19136,-3.11684542600548
799,0.1916,-1.74896783135824
800,0.19184,-2.94030838881039
801,0.19208,-2.56074618883653
802,0.19232,-2.00489851457235
803,0.19256,-3.25427582285628
804,0.1928,-2.00180157887293
805,0.19304,-2.48509952009171
806,0.19328,-2.59282366878041
807,0.19352,-1.67524460499746
808,0.19376,-2.34957778778799
809,0.194,-2.40956069703636
810,0.19424,-1.56216451393984
811,0.19448,-2.0802552293028
812,0.19472,-2.33848597018911
813,0.19496,-1.20442707633157
814,0.1952,-2.50576928992097
815,0.19544,-1.76312041876555
816,0.19568,-1.31568815864049
817,0.19592,-2.30275688562856
818,0.19616,-0.935925059321988
819,0.1964,-1.40036862305799
820,0.19664,-1.86524207810771
821,0.19688,-1.97324912410008
822,0.19712,-0.700706004901327
823,0.19736,-1.25187927036204
824,0.1976,-1.44155281787537
825,0.19784,-0.332755195175406
826,0.19808,-0.951110885199739
827,0.19832,-1.44389210390269
828,0.19856,-0.656082255923718
829,0.1988,-0.837101742368469
830,0.19904,-0.905578141786773
831,0.19928,-0.659595087906894
832,0.19952,-0.895304630403823
833,0.19976,-0.297503641200864
834,0.2,0.0110674685112551
835,0.20024,-0.998340697184548
836,0.20048,-0.0964923102833164
837,0.20072,-0.073069723139414
838,0.20096,-0.643199302894494
839,0.2012,0.316727651367343
840,0.20144,-0.0554912098728215
841,0.20168,-0.192320891039748
842,0.20192,0.359995224035358
843,0.20216,0.313534311118903
844,0.2024,0.483991147761092
845,0.20264,0.159964719755493
846,0.20288,0.560380340419232
847,0.20312,0.331637633036318
848,0.20336,0.458293951522093
849,0.2036,0.824360452400408
850,0.20384,0.568724579612685
851,0.20408,0.664055097069204
852,0.20432,0.882390788064757
853,0.20456,1.32033918132035
854,0.2048,1.03813184431357
855,0.20504,0.867748034413944
856,0.20528,1.5275844055211
857,0.20552,1.23105911953051
858,0.20576,1.52147508476572
859,0.206,1.20596005956962
860,0.20624,1.6136957802106
861,0.20648,1.29654506350398
862,0.20672,1.33993082188825
863,0.20696,1.37706251983263
864,0.2072,2.01701250501994
865,0.20744,1.45613887948356
866,0.20768,1.97304112555164
867,0.20792,1.65810062319736
868,0.20816,2.30008810347977
869,0.2084,1.97697622500299
870,0.20864,1.90998478403491
871,0.20888,2.56149800720345
872,0.20912,2.13015413769676
873,0.20936,2.07592854024811
874,0.2096,2.62175797497406
875,0.20984,1.96525993078688
876,0.21008,2.29401689546437
877,0.21032,2.85536951882967
878,0.21056,2.33829479759339
879,0.2108,2.20727884777519
880,0.21104,2.54766166980967
881,0.21128,2.55066757847935
882,0.21152,2.56466779052283
883,0.21176,2.45339895841895
884,0.212,2.97365710207631
885,0.21224,2.64649086022333
886,0.21248,2.33734796382848
887,0.21272,3.37513482567275
888,0.21296,2.48040124822568
889,0.2132,2.70617515406698
890,0.21344,3.53270547604448
891,0.21368,2.68149898705292
892,0.21392,2.47798350444265
893,0.21416,3.58722485657866
894,0.2144,2.89781629847652
895,0.21464,2.25763168134858
896,0.21488,3.42530718494391
897,0.21512,3.02868661348165
898,0.21536,2.44827544512652
899,0.2156,3.18004140178348
900,0.21584,2.97114993828861
901,0.21608,2.08628209027341
902,0.21632,3.85631237960596
903,0.21656,2.73550706697244
904,0.2168,2.6398647884034
905,0.21704,3.26585620266232
906,0.21728,3.52927136613579
907,0.21752,2.39734563999163
908,0.21776,3.09818747199718
909,0.218,3.66653952415596
910,0.21824,2.35739723402344
911,0.21848,3.24413500179508
912,0.21872,3.51892444410231
913,0.21896,2.16364447637674
914,0.2192,3.00469181673708
915,0.21944,3.71753586752044
916,0.21968,2.42091194448658
917,0.21992,3.09276241077902
918,0.22016,3.27287044361543
919,0.2204,2.18594720170548
920,0.22064,3.1653750432907
921,0.22088,2.93682388786258
922,0.22112,2.41306522265687
923,0.22136,3.57028156125902
924,0.2216,2.22743502941375
925,0.22184,2.74439820577734
926,0.22208,3.00138849146542
927,0.22232,1.75254052638671
928,0.22256,3.05562732829012
929,0.2228,2.54735582850122
930,0.22304,1.86561783862366
931,0.22328,3.11489681353073
932,0.22352,2.21401092260118
933,0.22376,2.21231003694398
934,0.224,2.67785499299374
935,0.22424,1.74542517789645
936,0.22448,2.1796485821089
937,0.22472,2.71417732856332
938,0.22496,1.84727289592382
939,0.2252,1.76058528704713
940,0.22544,2.3776396774353
941,0.22568,1.35324965229806
942,0.22592,2.29131569318377
943,0.22616,2.2503768036151
944,0.2264,1.41427293307896
945,0.22664,1.23486068136824
946,0.22688,2.4855873566653
947,0.22712,0.643777194890295
948,0.22736,1.60798195649295
949,0.2276,1.60510444935465
950,0.22784,0.899294301312239
951,0.22808,0.849388010130336
952,0.22832,1.75997035893485
953,0.22856,1.23165294794746
954,0.2288,0.645289638692368
955,0.22904,1.50312666118449
956,0.22928,0.918354499464836
957,0.22952,0.509508941986526
958,0.22976,1.18219177904954
959,0.23,0.790721143866542
960,0.23024,0.678780320675973
961,0.23048,0.800247419559849
962,0.23072,0.22859669481827
963,0.23096,0.526095774422397
964,0.2312,0.217726376674736
965,0.23144,-0.0506126101661875
966,0.23168,0.524488836908169
967,0.23192,-0.330051002789213
968,0.23216,0.290881139093496
969,0.2324,0.299960303331112
970,0.23264,-0.741762399265555
971,0.23288,0.276228452139973
972,0.23312,-0.27169952168465
973,0.23336,-0.667428892764823
974,0.2336,-0.228092510785979
975,0.23384,-0.252407888010643
976,0.23408,-0.976633514476239
977,0.23432,-0.505019803204803
978,0.23456,-0.497063030548775
979,0.2348,-1.19341980934586
980,0.23504,-0.927461294403292
981,0.23528,-0.533384280862435
982,0.23552,-1.209380872996
983,0.23576,-0.92578678867723
984,0.236,-1.35396114976782
985,0.23624,-1.04514871432452
986,0.23648,-1.10073546530192
987,0.23672,-1.03511465407699
988,0.23696,-1.56174430595032
989,0.2372,-1.4814692002496
990,0.23744,-1.52718209558503
991,0.23768,-1.80868835417816
992,0.23792,-1.60757965788851
993,0.23816,-1.88909626957504
994,0.2384,-1.81028544468949
995,0.23864,-1.72590368449431
996,0.23888,-2.12883821310249
997,0.23912,-2.05440958880527
998,0.23936,-2.0939968975657
999,0.2396,-1.66502817832731
1000,0.23984,-2.32229583325947
1001,0.24008,-2.37128110619067
1002,0.24032,-1.71331678084051
1003,0.24056,-2.39065100762781
1004,0.2408,-2.45742746236942
1005,0.24104,-2.0590751438686
1006,0.24128,-2.640946707754
1007,0.24152,-2.97286309980823
1008,0.24176,-1.87421970792444
1009,0.242,-2.72495747336635
1010,0.24224,-2.95796106182092
1011,0.24248,-2.13564698210495
1012,0.24272,-3.12823381425481
1013,0.24296,-2.79159855818134
1014,0.2432,-2.49609554297341
1015,0.24344,-3.1522371004635
1016,0.24368,-2.38068442780971
1017,0.24392,-2.84504378518772
1018,0.24416,-2.69771845439627
1019,0.2444,-2.9500068941203
1020,0.24464,-3.55349228186685
1021,0.24488,-2.3736785319509
1022,0.24512,-2.68186475543442
1023,0.24536,-3.57099008403575
1024,0.2456,-2.55665335345808
1025,0.24584,-2.7941587808461
1026,0.24608,-3.73970143784308
1027,0.24632,-2.65700526483417
1028,0.24656,-2.94653103367994
1029,0.2468,-3.33889095025049
1030,0.24704,-3.04190358311054
1031,0.24728,-2.67323003148075
1032,0.24752,-3.15190773259002
1033,0.24776,-3.63407578189584
1034,0.248,-2.80349443509528
1035,0.24824,-2.52531553995254
1036,0.24848,-3.09448120427414
1037,0.24872,-3.30123656586113
1038,0.24896,-2.47903579014751
1039,0.2492,-3.23510713493323
1040,0.24944,-3.50793274533703
1041,0.24968,-2.26458417338278
1042,0.24992,-3.21978215121466
1043,0.25016,-3.07660596014657
1044,0.2504,-2.39793721625277
1045,0.25064,-3.29519829087701
1046,0.25088,-2.983534611521
1047,0.25112,-2.37849479025788
1048,0.25136,-3.22538187925488
1049,0.2516,-2.63475214036331
1050,0.25184,-2.58743194960926
1051,0.25208,-3.61200438465404
1052,0.25232,-2.1457178957204
1053,0.25256,-2.89079994950789
1054,0.2528,-3.01902927871243
1055,0.25304,-1.88832695075032
1056,0.25328,-3.17830544398657
1057,0.25352,-2.42471857805819
1058,0.25376,-2.10555354267014
1059,0.254,-3.21608671491359
1060,0.25424,-2.06794240606974
1061,0.25448,-2.30356113381175
1062,0.25472,-2.75798501904448
1063,0.25496,-1.69822360893593
1064,0.2552,-2.24149743664766
1065,0.25544,-2.64787895207586
1066,0.25568,-1.7811635693054
1067,0.25592,-2.04604917329686
1068,0.25616,-2.29393966630713
1069,0.2564,-1.38753245649263
1070,0.25664,-2.19185191675892
1071,0.25688,-1.79137924656486
1072,0.25712,-1.09133378130807
1073,0.25736,-2.30966196250933
1074,0.2576,-0.798928656359334
1075,0.25784,-1.38433015854028
1076,0.25808,-1.36201929913634
1077,0.25832,-2.301894392839
1078,0.25856,-0.402487498718542
1079,0.2588,-1.54909904675327
1080,0.25904,-1.60081201905392
1081,0.25928,-0.713654486794982
1082,0.25952,-0.964202034680008
1083,0.25976,-1.32553499592064
1084,0.26,-0.384325138558462
1085,0.26024,-0.688415354467142
1086,0.26048,-1.58690775126166
1087,0.26072,-0.601845483329179
1088,0.26096,-0.832264915239373
1089,0.2612,-0.110304056075167
1090,0.26144,-0.632231230858403
1091,0.26168,-0.784909371311838
1092,0.26192,0.118903741441541
1093,0.26216,-0.451769589308713
1094,0.2624,-0.531157150633408
1095,0.26264,0.556755873394916
1096,0.26288,-0.536829810935204
1097,0.26312,-0.0611615674763109
1098,0.26336,0.498120623901853
1099,0.2636,-0.142431760820501
1100,0.26384,0.521714953562727
1101,0.26408,0.318446041835711
1102,0.26432,0.00321439866340345
1103,0.26456,0.986003803757727
1104,0.2648,0.277530267488204
1105,0.26504,0.409826710330407
1106,0.26528,1.11735074229571
1107,0.26552,0.861374209802584
1108,0.26576,0.72227010276202
1109,0.266,1.04291779116135
1110,0.26624,1.00444516307137
1111,0.26648,0.719984742210961
1112,0.26672,1.38332294540877
1113,0.26696,1.20318575099256
1114,0.2672,0.900675577055664
1115,0.26744,1.66918963409818
1116,0.26768,1.36381076352853
1117,0.26792,1.40562009070243
1118,0.26816,1.8078213411521
1119,0.2684,1.36931245214659
1120,0.26864,1.28966849686336
1121,0.26888,1.57159179182392
1122,0.26912,1.97237785306835
1123,0.26936,1.65115936761015
1124,0.2696,1.68993811774685
1125,0.26984,1.97428785544152
1126,0.27008,1.8943355015198
1127,0.27032,2.18255526305423
1128,0.27056,1.87784948607446
1129,0.2708,2.16916700048959
1130,0.27104,2.22628280822682
1131,0.27128,2.05984773534914
1132,0.27152,2.24638817666638
1133,0.27176,2.45145781428889
1134,0.272,2.42288440502039
1135,0.27224,2.2698901193718
1136,0.27248,2.86207991504825
1137,0.27272,2.72791300886026
1138,0.27296,2.00803947896922
1139,0.2732,2.99255819339414
1140,0.27344,2.64203257586675
1141,0.27368,2.32435321920969
1142,0.27392,3.33457268111185
1143,0.27416,2.54023016264882
1144,0.2744,2.62918546726741
1145,0.27464,3.30780074889112
1146,0.27488,2.19981785666327
1147,0.27512,2.93084128875692
1148,0.27536,3.29285730379241
1149,0.2756,2.70823554948387
1150,0.27584,3.24765732878724
1151,0.27608,3.5262089812831
1152,0.27632,2.51504036470101
1153,0.27656,3.227280012985
1154,0.2768,3.67315225503772
1155,0.27704,2.71408777253233
1156,0.27728,3.24149626508832
1157,0.27752,3.26951201641098
1158,0.27776,2.14474915588961
1159,0.278,3.7918259323541
1160,0.27824,2.45163565051566
1161,0.27848,2.95958287173035
1162,0.27872,3.46500945199623
1163,0.27896,2.42233144880446
1164,0.2792,2.8773112214807
1165,0.27944,3.56732678983958
1166,0.27968,2.81930430575987
1167,0.27992,2.74025118629819
1168,0.28016,3.50396877652124
1169,0.2804,2.70672201698659
1170,0.28064,2.46253568556261
1171,0.28088,3.30239780740697
1172,0.28112,2.93562905285769
1173,0.28136,2.39219649882867
1174,0.2816,3.42359476656336
1175,0.28184,2.53205065224493
1176,0.28208,2.67102296645641
1177,0.28232,3.5197790806834
1178,0.28256,1.99846941504111
1179,0.2828,2.8096151940119
1180,0.28304,3.0061276719704
1181,0.28328,2.05659543227946
1182,0.28352,3.16758748756719
1183,0.28376,2.47937920063589
1184,0.284,2.33652991582654
1185,0.28424,3.14547868660969
1186,0.28448,2.06414152287097
1187,0.28472,2.36308364435532
1188,0.28496,2.76203284839712
1189,0.2852,1.64771376318045
1190,0.28544,2.73126701626006
1191,0.28568,2.36622195154056
1192,0.28592,1.57955556420894
1193,0.28616,2.72969174347098
1194,0.2864,2.31090195178244
1195,0.28664,1.35635633651239
1196,0.28688,2.47166531030767
1197,0.28712,2.01312570768134
1198,0.28736,1.25938719280851
1199,0.2876,2.54544485855044
1200,0.28784,1.91657670268684
1201,0.28808,1.10629985751203
1202,0.28832,2.01006574904325
1203,0.28856,1.69871786787211
1204,0.2888,1.09609169298159
1205,0.28904,1.10437298695811
1206,0.28928,2.07624669040278
1207,0.28952,1.48932550951535
1208,0.28976,0.972086040477673
1209,0.29,1.06070149512879
1210,0.29024,1.99264146696657
1211,0.29048,0.193388618005879
1212,0.29072,1.07461736450015
1213,0.29096,1.22506567126138
1214,0.2912,0.212899674050289
1215,0.29144,0.560303191217874
1216,0.29168,0.779254464697775
1217,0.29192,0.0502886891076266
1218,0.29216,0.686845260336553
1219,0.2924,0.952294169622984
1220,0.29264,-0.195622747551697
1221,0.29288,0.727461516912857
1222,0.29312,0.439453760817854
1223,0.29336,-0.409731740745401
1224,0.2936,0.671031840213084
1225,0.29384,-0.046055687641797
1226,0.29408,-0.486183860709663
1227,0.29432,0.510763962799696
1228,0.29456,-0.514030348856512
1229,0.2948,-0.441892304473825
1230,0.29504,-0.00806772459403327
1231,0.29528,-0.631069638027769
1232,0.29552,-0.538027484331368
1233,0.29576,-0.661810648610377
1234,0.296,-0.648863673247034
1235,0.29624,-0.762570624166054
1236,0.29648,-0.858754114109355
1237,0.29672,-0.819360116876118
1238,0.29696,-0.430560418111253
1239,0.2972,-1.11055548636108
1240,0.29744,-1.17154046684821
1241,0.29768,-1.11891984579052
1242,0.29792,-1.17774591410833
1243,0.29816,-1.34391316713267
1244,0.2984,-1.52304864067189
1245,0.29864,-1.5624037893142
1246,0.29888,-1.48403024902234
1247,0.29912,-1.53003738757544
1248,0.29936,-1.92704139755073
1249,0.2996,-1.60487634803317
1250,0.29984,-1.52538426387146
1251,0.30008,-2.16749540441608
1252,0.30032,-1.84521933475132
1253,0.30056,-1.65020868574144
1254,0.3008,-2.29453262931091
1255,0.30104,-1.97667292731194
1256,0.30128,-2.15568541675278
1257,0.30152,-2.32925214472749
1258,0.30176,-1.54327148775362
1259,0.302,-2.3406438775396
1260,0.30224,-2.76835851632465
1261,0.30248,-1.75714011917759
1262,0.30272,-2.45447744853872
1263,0.30296,-2.77936553839553
1264,0.3032,-1.92160872887609
1265,0.30344,-2.87985271276388
1266,0.30368,-2.62619298412615
1267,0.30392,-2.28810241123917
1268,0.30416,-3.02557692132409
1269,0.3044,-2.56855074915032
1270,0.30464,-2.62395896949664
1271,0.30488,-3.26318464299628
1272,0.30512,-2.72347320087561
1273,0.30536,-2.81759868127224
1274,0.3056,-3.50129945126637
1275,0.30584,-2.3958085421157
1276,0.30608,-2.54009404308788
1277,0.30632,-3.63917060980793
1278,0.30656,-2.57751049151086
1279,0.3068,-2.40632757407158
1280,0.30704,-3.55909874364862
1281,0.30728,-3.38268767127706
1282,0.30752,-2.17771020320978
1283,0.30776,-3.62245034506024
1284,0.308,-3.26026405902757
1285,0.30824,-2.22460386007406
1286,0.30848,-3.26038646699958
1287,0.30872,-3.43837243572299
1288,0.30896,-2.34103126690243
1289,0.3092,-2.84759697197713
1290,0.30944,-3.35162344334302
1291,0.30968,-2.65909571050559
1292,0.30992,-2.63117659055304
1293,0.31016,-3.32254605845519
1294,0.3104,-3.4127664117502
1295,0.31064,-2.35421750845605
1296,0.31088,-3.24699364439385
1297,0.31112,-3.28285631315775
1298,0.31136,-2.29707017278464
1299,0.3116,-3.26095612121647
1300,0.31184,-3.12525431249553
1301,0.31208,-2.45377639691863
1302,0.31232,-3.35794983881779
1303,0.31256,-3.17369210416124
1304,0.3128,-2.08478488023882
1305,0.31304,-2.95862726699489
1306,0.31328,-3.09284294100873
1307,0.31352,-1.96533549244272
1308,0.31376,-3.14661387001026
1309,0.314,-2.63436848525518
1310,0.31424,-2.31275499428748
1311,0.31448,-3.30781033648944
1312,0.31472,-1.9280229801243
1313,0.31496,-2.28744817618504
1314,0.3152,-3.11389042663385
1315,0.31544,-1.93292892095188
1316,0.31568,-2.48804626380689
1317,0.31592,-3.01658304217383
1318,0.31616,-2.02654012048919
1319,0.3164,-2.29726488352382
1320,0.31664,-2.90243671809301
1321,0.31688,-1.98531254953421
1322,0.31712,-1.37545957380523
1323,0.31736,-2.9224762796937
1324,0.3176,-2.06660357434566
1325,0.31784,-1.04124261931212
1326,0.31808,-2.67055388832019
1327,0.31832,-2.00909569491822
1328,0.31856,-1.16617782127072
1329,0.3188,-2.3827128896187
1330,0.31904,-1.92303844476422
1331,0.31928,-1.1624968395319
1332,0.31952,-1.49406105652548
1333,0.31976,-2.06415104103532
1334,0.32,-0.628557729655055
1335,0.32024,-1.03482967299612
1336,0.32048,-1.92061093582555
1337,0.32072,-0.899066104181271
1338,0.32096,-0.776368830064457
1339,0.3212,-1.61356292072569
1340,0.32144,-0.771928770173531
1341,0.32168,-0.594821244372662
1342,0.32192,-1.13564490250503
1343,0.32216,-0.716965384807722
1344,0.3224,-0.351071606303279
1345,0.32264,-0.829004988847373
1346,0.32288,-0.348393317036082
1347,0.32312,0.0850836524003069
1348,0.32336,-0.925565045228449
1349,0.3236,-0.140501331015167
1350,0.32384,0.00302132634640939
1351,0.32408,-0.687174474403368
1352,0.32432,0.395743849120419
1353,0.32456,0.0217489062859564
1354,0.3248,-0.233241114794426
1355,0.32504,0.440427985093366
1356,0.32528,0.0332640746172301
1357,0.32552,0.325803994536933
1358,0.32576,0.365012708238584
1359,0.326,0.647569603638511
1360,0.32624,0.5378885947011
1361,0.32648,0.0690856522169081
1362,0.32672,0.795291455835365
1363,0.32696,1.13384610272297
1364,0.3272,0.640417907592477
1365,0.32744,0.736975131911087
1366,0.32768,1.41726789093516
1367,0.32792,1.13418925847452
1368,0.32816,0.844658323002231
1369,0.3284,1.50684881374016
1370,0.32864,1.21160009798018
1371,0.32888,1.50313927446241
1372,0.32912,1.42825894580969
1373,0.32936,1.24157872229754
1374,0.3296,1.28656357075644
1375,0.32984,1.44610048385634
1376,0.33008,1.84643537462971
1377,0.33032,1.4069496687074
1378,0.33056,1.44487280901311
1379,0.3308,1.84728732885026
1380,0.33104,2.24518951761317
1381,0.33128,1.92164891777675
1382,0.33152,1.96970041139214
1383,0.33176,2.01764909869516
1384,0.332,1.94177824194799
1385,0.33224,2.36115273626122
1386,0.33248,2.05817277877818
1387,0.33272,1.63697068893581
1388,0.33296,2.55643390629889
1389,0.3332,2.38537344199768
1390,0.33344,1.74715459539129
1391,0.33368,2.68891387642622
1392,0.33392,2.65649816695792
1393,0.33416,2.28818788350417
1394,0.3344,2.88907699579169
1395,0.33464,2.52648516598235
1396,0.33488,2.31692913722334
1397,0.33512,2.69814013988351
1398,0.33536,2.74206425067684
1399,0.3356,3.03538923047212
1400,0.33584,2.84400822235641
1401,0.33608,2.4506861449335
1402,0.33632,3.26902458019805
1403,0.33656,2.88056428107758
1404,0.3368,2.65705370484339
1405,0.33704,3.49800597855182
1406,0.33728,2.55900225769865
1407,0.33752,2.86677945464236
1408,0.33776,3.03817888674321
1409,0.338,2.76182210466263
1410,0.33824,3.5988456861811
1411,0.33848,3.08863047773416
1412,0.33872,2.86108925242718
1413,0.33896,3.63306163141365
1414,0.3392,2.9476606845863
1415,0.33944,2.43651912105382
1416,0.33968,3.00753976516449
1417,0.33992,2.42022829477134
1418,0.34016,2.93685646190382
1419,0.3404,3.44983860236747
1420,0.34064,3.24514761852351
1421,0.34088,2.38063449540642
1422,0.34112,2.98406828734343
1423,0.34136,3.5788913458294
1424,0.3416,2.27450833491701
1425,0.34184,2.9465592911002
1426,0.34208,3.61299307079405
1427,0.34232,2.37524976547469
1428,0.34256,2.76337440609308
1429,0.3428,3.50546411766434
1430,0.34304,2.70201941020621
1431,0.34328,2.32007193374364
1432,0.34352,3.26989757120471
1433,0.34376,2.65117640330943
1434,0.344,2.46166078590729
1435,0.34424,3.59104711913025
1436,0.34448,2.09935143039246
1437,0.34472,2.70831562917619
1438,0.34496,2.94028278748865
1439,0.3452,2.02544650810526
1440,0.34544,3.17171396143921
1441,0.34568,2.28156981260362
1442,0.34592,2.41508647393605
1443,0.34616,2.89660608950179
1444,0.3464,1.74327324639891
1445,0.34664,2.78682147398463
1446,0.34688,2.37895976433813
1447,0.34712,1.55367121414504
1448,0.34736,3.01980096309236
1449,0.3476,2.20872327816067
1450,0.34784,1.45794379748704
1451,0.34808,2.40892133803862
1452,0.34832,2.39119332357677
1453,0.34856,1.45891905299862
1454,0.3488,2.48049164122541
1455,0.34904,2.05390621544703
1456,0.34928,1.3189010360303
1457,0.34952,2.05915299287996
1458,0.34976,2.18417175019049
1459,0.35,1.0308437224373
1460,0.35024,0.894437457032704
1461,0.35048,1.8438796961355
1462,0.35072,1.82697316837066
1463,0.35096,0.756553019773262
1464,0.3512,0.709123693487945
1465,0.35144,1.6221025333268
1466,0.35168,1.0921634863992
1467,0.35192,0.621536078103335
1468,0.35216,1.47075497898064
1469,0.3524,0.763609894688079
1470,0.35264,0.470945491086114
1471,0.35288,1.49840558567773
1472,0.35312,0.624934011137509
1473,0.35336,0.627280847807981
1474,0.3536,0.865067599177646
1475,0.35384,0.414267456460817
1476,0.35408,0.4654688012055
1477,0.35432,0.393467661842533
1478,0.35456,0.122929815546289
1479,0.3548,0.337412180302961
1480,0.35504,-0.0431331528826511
1481,0.35528,0.0947594601641759
1482,0.35552,0.224097868192346
1483,0.35576,-0.580499140773268
1484,0.356,-0.164909585610685
1485,0.35624,-0.355908925403405
1486,0.35648,-0.394408922534846
1487,0.35672,-0.429528347130195
1488,0.35696,-0.584956086217081
1489,0.3572,-0.591504956957033
1490,0.35744,-0.713212998747097
1491,0.35768,-0.835818644720797
1492,0.35792,-0.572926445936179
1493,0.35816,-0.78523939333451
1494,0.3584,-1.00030955163331
1495,0.35864,-0.834085959387172
1496,0.35888,-0.908292540764057
1497,0.35912,-1.22044194492585
1498,0.35936,-0.914842777841605
1499,0.3596,-1.0906344802354
1500,0.35984,-1.02618459936988
1501,0.36008,-1.67411455148754
1502,0.36032,-1.23773091607853
1503,0.36056,-1.64525873873844
1504,0.3608,-1.80633029273384
1505,0.36104,-1.60893762087355
1506,0.36128,-2.0105444097722
1507,0.36152,-1.68922091190924
1508,0.36176,-1.72704935942863
1509,0.362,-2.13072070302721
1510,0.36224,-1.69209134971037
1511,0.36248,-1.85469830957779
1512,0.36272,-1.9104121346857
1513,0.36296,-2.32019029644196
1514,0.3632,-2.12837649762865
1515,0.36344,-2.20065596240056
1516,0.36368,-2.62397068254348
1517,0.36392,-2.45461144639276
1518,0.36416,-2.18164558988883
1519,0.3644,-2.50127499738616
1520,0.36464,-2.47966937879581
1521,0.36488,-2.4714972185987
1522,0.36512,-2.45619804884373
1523,0.36536,-2.58783872569347
1524,0.3656,-2.72164709579406
1525,0.36584,-2.38035695488079
1526,0.36608,-2.90971955061192
1527,0.36632,-2.58690500899998
1528,0.36656,-2.29031070989161
1529,0.3668,-3.09256073517944
1530,0.36704,-2.68625406821347
1531,0.36728,-2.43267065434301
1532,0.36752,-3.51685362571209
1533,0.36776,-3.03082339174393
1534,0.368,-2.23164362516411
1535,0.36824,-3.35994616630074
1536,0.36848,-3.04026800221135
1537,0.36872,-2.64240923242918
1538,0.36896,-3.71381670202305
1539,0.3692,-3.07909142156156
1540,0.36944,-2.84349918416732
1541,0.36968,-3.72318783588149
1542,0.36992,-3.02011966630607
1543,0.37016,-2.84779068448509
1544,0.3704,-3.43766986236228
1545,0.37064,-2.92072524076608
1546,0.37088,-2.58996594750935
1547,0.37112,-3.22767550367991
1548,0.37136,-3.62666832902935
1549,0.3716,-2.49894731758043
1550,0.37184,-3.0932394733223
1551,0.37208,-3.7956113850744
1552,0.37232,-2.36044598297429
1553,0.37256,-2.90868082971582
1554,0.3728,-3.80318546499414
1555,0.37304,-2.20158529923031
1556,0.37328,-3.0555553129716
1557,0.37352,-3.53788242216252
1558,0.37376,-2.14094439881882
1559,0.374,-3.06504039018238
1560,0.37424,-3.25772410428122
1561,0.37448,-2.18239173703887
1562,0.37472,-3.17206188820592
1563,0.37496,-2.60166128164951
1564,0.3752,-2.45515812918503
1565,0.37544,-3.38231664592947
1566,0.37568,-2.05822375357065
1567,0.37592,-2.82663820177292
1568,0.37616,-2.8544624754671
1569,0.3764,-1.86429218897883
1570,0.37664,-3.17348729519891
1571,0.37688,-2.31847342398443
1572,0.37712,-1.77629652701239
1573,0.37736,-3.15874616753262
1574,0.3776,-2.26020491483893
1575,0.37784,-1.55454620329063
1576,0.37808,-3.01343984219121
1577,0.37832,-2.192004731622
1578,0.37856,-1.43382689289315
1579,0.3788,-2.72889878563079
1580,0.37904,-1.63997396097766
1581,0.37928,-1.80756823019647
1582,0.37952,-2.31733209729397
1583,0.37976,-1.18936031091832
1584,0.38,-2.61026320405831
1585,0.38024,-1.86726021681064
1586,0.38048,-1.1784615892297
1587,0.38072,-1.60578196421316
1588,0.38096,-1.66921961462742
1589,0.3812,-2.21948938062342
1590,0.38144,-0.901730788543645
1591,0.38168,-1.41025034948542
1592,0.38192,-2.03471673471866
1593,0.38216,-0.40854114625812
1594,0.3824,-0.99153622339702
1595,0.38264,-1.56963596656772
1596,0.38288,-0.954489382874132
1597,0.38312,-0.638285601375628
1598,0.38336,-0.92349442493236
1599,0.3836,-1.2131215743215
1600,0.38384,-0.227694724185049
1601,0.38408,-0.461469738189376
1602,0.38432,-1.41088272113183
1603,0.38456,-0.230999412767
1604,0.3848,-0.164326075926739
1605,0.38504,-0.928797447606648
1606,0.38528,0.197655526993959
1607,0.38552,-0.021288550751674
1608,0.38576,-0.714554105899331
1609,0.386,0.241461969906335
1610,0.38624,-0.0119896710894771
1611,0.38648,-0.2721326850673
1612,0.38672,0.276972499648864
1613,0.38696,0.229698916581611
1614,0.3872,0.758139196441705
1615,0.38744,-0.0508904704848958
1616,0.38768,-0.0131406377638068
1617,0.38792,0.960910612371522
1618,0.38816,0.605720511270283
1619,0.3884,0.244552628140765
1620,0.38864,0.9500695291626
1621,0.38888,0.807403076948455
1622,0.38912,1.14557844059631
1623,0.38936,0.861108883632608
1624,0.3896,0.935400129652244
1625,0.38984,1.13096692009249
1626,0.39008,1.06959038936464
1627,0.39032,1.72327973234726
1628,0.39056,1.30584123234638
1629,0.3908,1.35163486406294
1630,0.39104,1.39366617499217
1631,0.39128,1.79415929438215
1632,0.39152,1.47510724998641
1633,0.39176,1.87505563438008
1634,0.392,1.67600079775391
1635,0.39224,1.71731410828913
1636,0.39248,1.75852079464508
1637,0.39272,1.67851478209681
1638,0.39296,1.84363128749993
1639,0.3932,2.3686403923592
1640,0.39344,1.80831358266841
1641,0.39368,1.86941061790138
1642,0.39392,2.52724700499835
1643,0.39416,1.97969178788419
1644,0.3944,1.81494875373839
1645,0.39464,2.72986293233254
1646,0.39488,2.31849226057673
1647,0.39512,2.05185118883543
1648,0.39536,2.74711967447308
1649,0.3956,2.47763503818617
1650,0.39584,2.12196372465617
1651,0.39608,2.83907964132677
1652,0.39632,2.48238247666839
1653,0.39656,2.5132847159222
1654,0.3968,2.65428223082949
1655,0.39704,2.5852597422156
1656,0.39728,2.88479823891973
1657,0.39752,2.58299532591855
1658,0.39776,2.91929037661203
1659,0.398,3.12619922440623
1660,0.39824,2.39449056120707
1661,0.39848,3.25721970685172
1662,0.39872,3.37884759555856
1663,0.39896,2.21615331920762
1664,0.3992,3.12328905799731
1665,0.39944,3.65236814217023
1666,0.39968,2.53020865912147
1667,0.39992,3.01512885943342
1668,0.40016,3.84279175421702
1669,0.4004,2.52889085425036
1670,0.40064,2.83275389804742
1671,0.40088,3.23896513187456
1672,0.40112,2.95535885272714
1673,0.40136,2.59961012572846
1674,0.4016,3.09076690400977
1675,0.40184,3.58497529256178
1676,0.40208,2.76600905368493
1677,0.40232,2.73339284658685
1678,0.40256,3.30395616380811
1679,0.4028,3.395777106191
1680,0.40304,2.33875286727271
1681,0.40328,3.23297679573335
1682,0.40352,3.27021537464764
1683,0.40376,2.28573520124363
1684,0.404,3.13149114464023
1685,0.40424,3.24091342778764
1686,0.40448,2.32589062589966
1687,0.40472,3.12079825934188
1688,0.40496,3.06166239428564
1689,0.4052,2.22541646346291
1690,0.40544,3.20712768734344
1691,0.40568,2.74588061115203
1692,0.40592,2.46854254533599
1693,0.40616,3.51010491279015
1694,0.4064,2.17342363533366
1695,0.40664,2.69626235675818
1696,0.40688,2.95885019929431
1697,0.40712,1.71532980927621
1698,0.40736,3.0234843686732
1699,0.4076,2.52003109304638
1700,0.40784,1.84287019523515
1701,0.40808,3.09649400702286
1702,0.40832,2.19972685721403
1703,0.40856,2.20193070285801
1704,0.4088,2.67117232651885
1705,0.40904,1.74223727841488
1706,0.40928,2.41974354904347
1707,0.40952,2.23943105094558
1708,0.40976,1.39662835979819
1709,0.41,2.73376656871746
1710,0.41024,1.90920448841833
1711,0.41048,1.74683688402018
1712,0.41072,2.42147347104164
1713,0.41096,1.68297533910208
1714,0.4112,1.83062597869835
1715,0.41144,1.96680670751462
1716,0.41168,0.603370070919152
1717,0.41192,1.55223695379179
1718,0.41216,1.53492667673767
1719,0.4124,2.36345723408139
1720,0.41264,0.355706490600322
1721,0.41288,1.39190963296551
1722,0.41312,1.57583147847026
1723,0.41336,0.343859349948953
1724,0.4136,1.19956435095999
1725,0.41384,1.56228610921317
1726,0.41408,0.154936043096938
1727,0.41432,1.30246507708523
1728,0.41456,1.24096809140446
1729,0.4148,0.389252731404937
1730,0.41504,0.627329217503023
1731,0.41528,0.988761980703235
1732,0.41552,0.435186377579765
1733,0.41576,0.600680040143275
1734,0.416,0.055962223392189
1735,0.41624,0.274713713381397
1736,0.41648,0.484895957065571
1737,0.41672,-0.363859543439807
1738,0.41696,0.257849879086578
1739,0.4172,-0.0897156509477031
1740,0.41744,-0.76251541342215
1741,0.41768,0.372235457839423
1742,0.41792,-0.0519396058406048
1743,0.41816,-0.44788336827567
1744,0.4184,-0.362262983348664
1745,0.41864,-0.270897262274546
1746,0.41888,-0.875480399279837
1747,0.41912,-0.763593986755202
1748,0.41936,-0.512109413807993
1749,0.4196,-0.727228172478056
1750,0.41984,-0.82731598455706
1751,0.42008,-0.788142340882429
1752,0.42032,-0.984415422537879
1753,0.42056,-1.18236927871187
1754,0.4208,-0.883348842541317
1755,0.42104,-1.53964239151882
1756,0.42128,-1.12251563264048
1757,0.42152,-1.53324398811302
1758,0.42176,-1.33500722807059
1759,0.422,-1.37753800306726
1760,0.42224,-1.78009762322987
1761,0.42248,-1.46246903265655
1762,0.42272,-1.38245177338474
1763,0.42296,-1.66585425957758
1764,0.4232,-2.0643681538291
1765,0.42344,-1.50192796033894
1766,0.42368,-1.90458485360473
1767,0.42392,-1.95331507817779
1768,0.42416,-2.23520209488671
1769,0.4244,-1.91879352554743
1770,0.42464,-2.3413303473813
1771,0.42488,-2.39662407880643
1772,0.42512,-2.09376431840506
1773,0.42536,-2.41130540518878
1774,0.4256,-2.24384424428756
1775,0.42584,-1.84276937881156
1776,0.42608,-2.7843116893892
1777,0.42632,-2.63414315270308
1778,0.42656,-2.25635535237106
1779,0.4268,-2.98333070995395
1780,0.42704,-2.37767653791693
1781,0.42728,-2.40011710981069
1782,0.42752,-3.38969793163623
1783,0.42776,-2.21616972726281
1784,0.428,-2.76397750583013
1785,0.42824,-3.29730385347076
1786,0.42848,-2.17115975495441
1787,0.42872,-3.11655709452217
1788,0.42896,-2.96661541785389
1789,0.4292,-2.13668038457632
1790,0.42944,-3.24008421806627
1791,0.42968,-2.89681375389785
1792,0.42992,-2.59644086264042
1793,0.43016,-3.74774374062663
1794,0.4304,-2.37602545214642
1795,0.43064,-2.61955510748825
1796,0.43088,-3.6884113686303
1797,0.43112,-3.32339321329498
1798,0.43136,-2.28742903762485
1799,0.4316,-3.43131916666705
1800,0.43184,-3.4804686490345
1801,0.43208,-2.49784315472306
1802,0.43232,-2.64037997599104
1803,0.43256,-3.14839943443722
1804,0.4328,-3.65393093883325
1805,0.43304,-2.61144593437138
1806,0.43328,-2.83224935568003
1807,0.43352,-3.65390051543927
1808,0.43376,-2.6768080132932
1809,0.434,-2.61208737453526
1810,0.43424,-3.27034557790175
1811,0.43448,-3.08276410922696
1812,0.43472,-2.35958651469557
1813,0.43496,-3.21702318812814
1814,0.4352,-3.09979903032854
1815,0.43544,-2.44430195560435
1816,0.43568,-3.24916058660211
1817,0.43592,-2.84367640131872
1818,0.43616,-2.02513025128967
1819,0.4364,-3.15007386491843
1820,0.43664,-2.81871090663287
1821,0.43688,-2.19613502725915
1822,0.43712,-3.26386944893597
1823,0.43736,-2.52888004291978
1824,0.4376,-2.22516263871399
1825,0.43784,-3.48104139068793
1826,0.43808,-2.11118815730284
1827,0.43832,-2.6013089471674
1828,0.43856,-2.71896975680805
1829,0.4388,-1.68963313268787
1830,0.43904,-3.08181672204453
1831,0.43928,-2.19469010612684
1832,0.43952,-1.85637689648489
1833,0.43976,-2.83081299791823
1834,0.44,-1.67143808234891
1835,0.44024,-2.59936185273974
1836,0.44048,-2.31444975675648
1837,0.44072,-1.36819294043868
1838,0.44096,-2.4856508725412
1839,0.4412,-2.15396445495391
1840,0.44144,-1.15928861533067
1841,0.44168,-2.5889974024353
1842,0.44192,-1.61954270741154
1843,0.44216,-1.54491451057867
1844,0.4424,-1.1115007744579
1845,0.44264,-1.21779567949492
1846,0.44288,-1.20808265055296
1847,0.44312,-2.28279658002327
1848,0.44336,-0.385119980253449
1849,0.4436,-1.5333287552671
1850,0.44384,-1.5865258940765
1851,0.44408,-0.70074114797695
1852,0.44432,-0.952559987878294
1853,0.44456,-1.31506655971233
1854,0.4448,-0.140084613638803
1855,0.44504,-0.696208351528925
1856,0.44528,-1.11813877412556
1857,0.44552,-0.366496650018037
1858,0.44576,-0.611266597758492
1859,0.446,-0.847817878261208
1860,0.44624,-0.150205613395699
1861,0.44648,-0.327716697908634
1862,0.44672,-0.85767012947775
1863,0.44696,-0.0975607725441916
1864,0.4472,-0.196208068463284
1865,0.44744,-0.412127656968835
1866,0.44768,0.0541918219727155
1867,0.44792,-0.197355639229891
1868,0.44816,0.135486797066222
1869,0.4484,0.0793464379904136
1870,0.44864,0.148642430185249
1871,0.44888,0.196541349251758
1872,0.44912,0.346935672165508
1873,0.44936,0.498627775289668
1874,0.4496,0.509394999164701
1875,0.44984,0.627180745392797
1876,0.45008,0.63169932843745
1877,0.45032,1.09327037876091
1878,0.45056,0.579839266056976
1879,0.4508,0.676248020550923
1880,0.45104,1.35307108283264
1881,0.45128,1.06867650835387
1882,0.45152,0.776563023072057
1883,0.45176,1.4365785734481
1884,0.452,0.886816637204393
1885,0.45224,1.55395545214594
1886,0.45248,1.23766087895355
1887,0.45272,1.76055351475408
1888,0.45296,1.2056669156088
1889,0.4532,1.73006912766203
1890,0.45344,1.41111385629706
1891,0.45368,1.69283471624341
1892,0.45392,2.09389122717668
1893,0.45416,1.65225536722763
1894,0.4544,1.57025669569693
1895,0.45464,1.97881460411953
1896,0.45488,2.0210270231929
1897,0.45512,2.30802063468574
1898,0.45536,1.88442406710345
1899,0.4556,2.0573365437805
1900,0.45584,2.24079601242132
1901,0.45608,2.66810955701306
1902,0.45632,1.77286951301315
1903,0.45656,2.46406263113213
1904,0.4568,2.42407710969945
1905,0.45704,2.04192131446413
1906,0.45728,2.63875806064599
1907,0.45752,2.98507737021217
1908,0.45776,2.14508888141428
1909,0.458,2.77154444950034
1910,0.45824,2.90311911116908
1911,0.45848,2.10649592100452
1912,0.45872,3.11966186248177
1913,0.45896,2.68730538712804
1914,0.4592,3.01347250803028
1915,0.45944,3.09492950547414
1916,0.45968,2.82241298591028
1917,0.45992,2.70926805853459
1918,0.46016,2.95043952808589
1919,0.4604,2.61287201183573
1920,0.46064,3.15507512630595
1921,0.46088,3.67717882134879
1922,0.46112,2.54118335271292
1923,0.46136,2.53331017422465
1924,0.4616,3.59599158909656
1925,0.46184,2.86909064451059
1926,0.46208,2.79877929428651
1927,0.46232,3.79334738521286
1928,0.46256,2.76105939111899
1929,0.4628,2.38072799266371
1930,0.46304,2.87142620519748
1931,0.46328,3.36091613738313
1932,0.46352,2.6542835089241
1933,0.46376,2.84535041811939
1934,0.464,3.4004193116946
1935,0.46424,2.99514947640332
1936,0.46448,2.53277698573762
1937,0.46472,3.27834937708428
1938,0.46496,3.65998323310828
1939,0.4652,2.40558658298095
1940,0.46544,3.11010405735759
1941,0.46568,3.20371090116855
1942,0.46592,2.27522742148447
1943,0.46616,3.17182911972036
1944,0.4664,3.21672605072688
1945,0.46664,2.11921447803492
1946,0.46688,3.08759646402932
1947,0.46712,3.0866281190669
1948,0.46736,2.30450753032545
1949,0.4676,3.33597660638841
1950,0.46784,2.45241551457175
1951,0.46808,2.48004901651741
1952,0.46832,3.21189749302967
1953,0.46856,1.94019180945909
1954,0.4688,2.99251177636501
1955,0.46904,2.35429358764439
1956,0.46928,2.14383190436126
1957,0.46952,3.13016359998753
1958,0.46976,1.86196444500986
1959,0.47,2.56633088371714
1960,0.47024,2.65329940708227
1961,0.47048,1.59452776525571
1962,0.47072,2.61169786085927
1963,0.47096,2.292233092746
1964,0.4712,1.43609427961369
1965,0.47144,2.62808267892261
1966,0.47168,1.90529995756544
1967,0.47192,1.12775394087012
1968,0.47216,2.3981293468845
1969,0.4724,1.98628117747399
1970,0.47264,1.27151077903717
1971,0.47288,1.79626305438665
1972,0.47312,1.93707889069284
1973,0.47336,1.42683527788506
1974,0.4736,1.40175090101813
1975,0.47384,2.09767066207123
1976,0.47408,0.54928087747077
1977,0.47432,1.68104686811226
1978,0.47456,1.72133781481966
1979,0.4748,0.360826831624969
1980,0.47504,1.43511855754419
1981,0.47528,0.942954313182134
1982,0.47552,0.626284770905387
1983,0.47576,0.911053693534843
1984,0.476,1.20149323084045
1985,0.47624,0.698946507571037
1986,0.47648,0.799372637998832
1987,0.47672,0.188822502932496
1988,0.47696,0.582203695713267
1989,0.4772,1.08697386453804
1990,0.47744,-0.0569438694228576
1991,0.47768,0.139758901738753
1992,0.47792,0.456161620615163
1993,0.47816,-0.0279629474016512
1994,0.4784,0.207202935850091
1995,0.47864,-0.0250926887646534
1996,0.47888,0.0124311316330097
1997,0.47912,-0.0788403094970189
1998,0.47936,-0.49832513053331
1999,0.4796,0.0517689338477754
2000,0.47984,-0.595866352819205
2001,0.48008,-0.251086047467194
2002,0.48032,-0.0392794080907277
2003,0.48056,-0.887077721044038
2004,0.4808,-0.644434755229089
2005,0.48104,-0.753115068365936
2006,0.48128,-0.72438165872823
2007,0.48152,-0.821834612896445
2008,0.48176,-1.26271335456353
2009,0.482,-0.852134955611421
2010,0.48224,-0.687564152687397
2011,0.48248,-1.3506205421656
2012,0.48272,-0.921586166269895
2013,0.48296,-1.34539456605105
2014,0.4832,-1.39137717559283
2015,0.48344,-1.67406130505589
2016,0.48368,-1.35982162474766
2017,0.48392,-1.76388608161629
2018,0.48416,-1.32357534727313
2019,0.4844,-1.8422816356385
2020,0.48464,-1.76454428140222
2021,0.48488,-1.80063909484148
2022,0.48512,-1.96124043995917
2023,0.48536,-2.12832421852357
2024,0.4856,-2.04649260502609
2025,0.48584,-1.61646900759016
2026,0.48608,-2.27288594490115
2027,0.48632,-2.32070533345692
2028,0.48656,-2.26575534030278
2029,0.4868,-2.21731999940251
2030,0.48704,-2.28207766051074
2031,0.48728,-2.36441523813456
2032,0.48752,-2.45495997442625
2033,0.48776,-2.18052839539232
2034,0.488,-2.53165429211245
2035,0.48824,-2.87991987136793
2036,0.48848,-2.15148218066062
2037,0.48872,-2.89382033578476
2038,0.48896,-2.6629515939239
2039,0.4892,-2.34106012721417
2040,0.48944,-3.34705810276339
2041,0.48968,-2.90672645159966
2042,0.48992,-2.50743069316008
2043,0.49016,-2.94707118404601
2044,0.4904,-2.55661197078753
2045,0.49064,-3.28160184235271
2046,0.49088,-3.15185076476558
2047,0.49112,-2.45012196906619
2048,0.49136,-3.22555567756619
2049,0.4916,-3.50005967252658
2050,0.49184,-2.4848715445764
2051,0.49208,-2.95570191365086
2052,0.49232,-3.40140005581542
2053,0.49256,-2.44082292234865
2054,0.4928,-2.97054190737805
2055,0.49304,-3.35025148542164
2056,0.49328,-3.16034472363275
2057,0.49352,-3.0153069464306
2058,0.49376,-2.74697373307903
2059,0.494,-2.5339380336311
2060,0.49424,-3.04760888181912
2061,0.49448,-3.56356677040433
2062,0.49472,-3.00093075881212
2063,0.49496,-2.50962689851197
2064,0.4952,-3.22809443419326
2065,0.49544,-3.58231173462028
2066,0.49568,-2.54145811628727
2067,0.49592,-3.32475862381659
2068,0.49616,-3.38375314966659
2069,0.4964,-2.05753390852451
2070,0.49664,-2.92957826923314
2071,0.49688,-3.67391391128232
2072,0.49712,-2.52244815075284
2073,0.49736,-2.86532865816758
2074,0.4976,-3.55913227386794
2075,0.49784,-2.00493674926799
2076,0.49808,-3.01547635814837
2077,0.49832,-2.93554922915066
2078,0.49856,-2.19644255911323
2079,0.4988,-3.26990208149598
2080,0.49904,-2.54577034812764
2081,0.49928,-2.36855930230532
2082,0.49952,-3.26490753909366
2083,0.49976,-1.91551768869434
2084,0.5,-2.77264658842446
2085,0.50024,-2.77127694693703
2086,0.50048,-1.7519843575342
2087,0.50072,-3.14902630479695
2088,0.50096,-2.26434363790944
2089,0.5012,-1.57184524355159
2090,0.50144,-3.04322674976313
2091,0.50168,-2.23362803934313
2092,0.50192,-1.24699771030788
2093,0.50216,-2.80189111141081
2094,0.5024,-1.9587026021635
2095,0.50264,-1.77180628642505
2096,0.50288,-2.53226695683652
2097,0.50312,-1.76113614936298
2098,0.50336,-1.28625992129469
2099,0.5036,-2.48745598581046
2100,0.50384,-1.54888581073332
2101,0.50408,-1.27089462118166
2102,0.50432,-1.24451379961709
2103,0.50456,-2.18363531457778
2104,0.5048,-1.56446652789518
2105,0.50504,-1.13184647993238
2106,0.50528,-1.54555256739697
2107,0.50552,-1.83981149896119
2108,0.50576,-0.865939015662052
2109,0.506,-0.989474185791098
2110,0.50624,-1.34886365125347
2111,0.50648,-0.198162333330879
2112,0.50672,-1.10918279378696
2113,0.50696,-1.04773002474995
2114,0.5072,-0.0679810437981261
2115,0.50744,-0.792615408895822
2116,0.50768,-0.668368401701108
2117,0.50792,-0.46516417963808
2118,0.50816,-0.517314284786208
2119,0.5084,-0.328405580391759
2120,0.50864,-0.300614178607253
2121,0.50888,-0.510175306981377
2122,0.50912,0.222678456828924
2123,0.50936,-0.275838122233909
2124,0.5096,-0.162159687444242
2125,0.50984,0.637580500201238
2126,0.51008,-0.25672972281253
2127,0.51032,0.169446093011213
2128,0.51056,0.565548196070541
2129,0.5108,0.367583721960925
2130,0.51104,0.509211838010109
2131,0.51128,0.630261420895823
2132,0.51152,0.520695210825997
2133,0.51176,0.866619359364937
2134,0.512,0.602978169217702
2135,0.51224,0.826341312204515
2136,0.51248,1.14825045014932
2137,0.51272,0.979630942551831
2138,0.51296,1.17841750381228
2139,0.5132,1.11897211214091
2140,0.51344,0.939436727763953
2141,0.51368,1.00037584192444
2142,0.51392,1.64939224702032
2143,0.51416,1.46246304674902
2144,0.5144,1.73921767943589
2145,0.51464,1.30311156013231
2146,0.51488,1.58782835763378
2147,0.51512,1.50516355832812
2148,0.51536,1.66609839082363
2149,0.5156,2.06457402207821
2150,0.51584,1.85916713439184
2151,0.51608,1.54070087624591
2152,0.51632,2.19140802220798
2153,0.51656,2.23397920577895
2154,0.5168,2.03854816159454
2155,0.51704,1.97912353084394
2156,0.51728,2.27427590293268
2157,0.51752,2.22023137983362
2158,0.51776,2.29588150139255
2159,0.518,2.24549568389255
2160,0.51824,2.4486250151145
2161,0.51848,2.54566794953104
2162,0.51872,2.27506709164482
2163,0.51896,2.39027234351183
2164,0.5192,3.10713570884247
2165,0.51944,2.14229382419603
2166,0.51968,2.77184888164873
2167,0.51992,3.02816030642479
2168,0.52016,1.86877592317706
2169,0.5204,2.89592275953488
2170,0.52064,2.94482289023976
2171,0.52088,2.19255868553253
2172,0.52112,3.2458097165376
2173,0.52136,3.08597835494154
2174,0.5216,2.36513517755012
2175,0.52184,3.3551623680527
2176,0.52208,3.23891760571311
2177,0.52232,2.44198566354934
2178,0.52256,2.76907718106097
2179,0.5228,3.67973050219675
2180,0.52304,2.56294368150942
2181,0.52328,3.05618562105429
2182,0.52352,3.89283441218041
2183,0.52376,2.58769827183714
2184,0.524,2.9001042407727
2185,0.52424,3.31463754810086
2186,0.52448,2.44045501269144
2187,0.52472,2.69779359199997
2188,0.52496,3.20008033634167
2189,0.5252,3.69762806880833
2190,0.52544,2.30712459751782
2191,0.52568,2.888126710612
2192,0.52592,3.58345108764464
2193,0.52616,2.6068771609577
2194,0.5264,2.65866802988388
2195,0.52664,3.54846840566157
2196,0.52688,2.52195186455509
2197,0.52712,2.52680110693684
2198,0.52736,3.36850818457955
2199,0.5276,2.77451244166864
2200,0.52784,2.48563876856847
2201,0.52808,3.51637814716058
2202,0.52832,2.51503619109267
2203,0.52856,2.66383514019998
2204,0.5288,3.51714394531662
2205,0.52904,2.24124163423214
2206,0.52928,2.58387074303428
2207,0.52952,3.27097967152669
2208,0.52976,1.95690047178874
2209,0.53,2.96667806965562
2210,0.53024,2.5221418140869
2211,0.53048,2.02905425455717
2212,0.53072,3.3357551586658
2213,0.53096,2.01597764161776
2214,0.5312,2.55678229133361
2215,0.53144,2.48249038552486
2216,0.53168,1.62742318206725
2217,0.53192,3.06518515218043
2218,0.53216,2.22710355478002
2219,0.5324,1.80974814745814
2220,0.53264,2.84485601000767
2221,0.53288,2.31364422482108
2222,0.53312,1.36040005314086
2223,0.53336,2.36559778804811
2224,0.5336,2.15025548460897
2225,0.53384,1.03570912546765
2226,0.53408,2.34805518906126
2227,0.53432,2.08572677550976
2228,0.53456,1.38933171144483
2229,0.5348,1.3467704917065
2230,0.53504,1.30966430360353
2231,0.53528,2.35851029105342
2232,0.53552,0.554986795027979
2233,0.53576,1.55525855464615
2234,0.536,1.58631198746118
2235,0.53624,0.562409416449696
2236,0.53648,0.788940254287889
2237,0.53672,1.73367331967969
2238,0.53696,1.24036122401159
2239,0.5372,0.805782845091219
2240,0.53744,1.08878070680692
2241,0.53768,0.188127482924061
2242,0.53792,1.0120824517311
2243,0.53816,0.984740340927688
2244,0.5384,0.0346349209882182
2245,0.53864,1.0245787532137
2246,0.53888,0.449137065136173
2247,0.53912,-0.199157545256416
2248,0.53936,0.838487484037236
2249,0.5396,0.317234428158718
2250,0.53984,-0.162964242803612
2251,0.54008,0.552580366584606
2252,0.54032,-0.151732099793221
2253,0.54056,-0.231838429322162
2254,0.5408,0.0447869207226173
2255,0.54104,-0.487959143133668
2256,0.54128,-0.413083207936344
2257,0.54152,-0.0971253501683116
2258,0.54176,-0.718030665658123
2259,0.542,-0.37871654764674
2260,0.54224,-0.864023366358092
2261,0.54248,-0.607899338377311
2262,0.54272,-0.601542437309684
2263,0.54296,-1.05971830218497
2264,0.5432,-0.778450331233864
2265,0.54344,-0.745383827725091
2266,0.54368,-1.30038791531305
2267,0.54392,-0.878624055660642
2268,0.54416,-1.43444369157395
2269,0.5444,-1.00593644884757
2270,0.54464,-1.1801445436649
2271,0.54488,-1.23185724451579
2272,0.54512,-1.3953567861866
2273,0.54536,-1.79624056787695
2274,0.5456,-1.47767123980836
2275,0.54584,-1.87819046377486
2276,0.54608,-1.67979160613629
2277,0.54632,-1.72183243064009
2278,0.54656,-2.00439514887592
2279,0.5468,-1.80066760914378
2280,0.54704,-2.08535141093583
2281,0.54728,-2.25287294357489
2282,0.54752,-1.93697128771217
2283,0.54776,-2.35293407380907
2284,0.548,-2.04766331710773
2285,0.54824,-1.74332820984015
2286,0.54848,-2.30080386906447
2287,0.54872,-2.6088839897509
2288,0.54896,-2.08084577734695
2289,0.5492,-2.17800579660901
2290,0.54944,-2.62879509079631
2291,0.54968,-2.36973103992612
2292,0.54992,-2.36975369158692
2293,0.55016,-2.48242862037454
2294,0.5504,-2.74396013905341
2295,0.55064,-2.76665807514963
2296,0.55088,-2.43138890214161
2297,0.55112,-2.97104279960251
2298,0.55136,-3.0212617191788
2299,0.5516,-2.12923840791587
2300,0.55184,-2.94938783281668
2301,0.55208,-3.03448126317987
2302,0.55232,-2.31974175732022
2303,0.55256,-3.28829089521743
2304,0.5528,-3.05555822397337
2305,0.55304,-2.27049107325762
2306,0.55328,-3.04405676339109
2307,0.55352,-2.63334468801605
2308,0.55376,-2.98482810995653
2309,0.554,-3.79873692008491
2310,0.55424,-2.71235459042799
2311,0.55448,-3.11626507416243
2312,0.55472,-3.26210141619217
2313,0.55496,-2.25055318958113
2314,0.5552,-3.1996314096946
2315,0.55544,-3.76501666104543
2316,0.55568,-2.32163947733392
2317,0.55592,-2.8493984558469
2318,0.55616,-3.37894322591953
2319,0.5564,-2.8293450790767
2320,0.55664,-2.58587416165023
2321,0.55688,-3.30878403044945
2322,0.55712,-3.30341335002428
2323,0.55736,-2.51565531207402
2324,0.5576,-3.18980549236166
2325,0.55784,-2.77916541116569
2326,0.55808,-2.31370033722902
2327,0.55832,-3.41819052662158
2328,0.55856,-2.7134288507849
2329,0.5588,-2.44086298507543
2330,0.55904,-3.37127595372658
2331,0.55928,-2.73732507502002
2332,0.55952,-2.2961955854554
2333,0.55976,-3.3055058135761
2334,0.56,-2.51072937792699
2335,0.56024,-2.38641443634375
2336,0.56048,-3.57731971639075
2337,0.56072,-2.1453673361013
2338,0.56096,-2.57617077120369
2339,0.5612,-2.87372606870297
2340,0.56144,-1.78106725081472
2341,0.56168,-2.64732501679142
2342,0.56192,-2.65780745217852
2343,0.56216,-1.76372135538014
2344,0.5624,-3.16615050693361
2345,0.56264,-2.17458891066
2346,0.56288,-1.97155426605899
2347,0.56312,-3.07594079009141
2348,0.56336,-2.15607903175884
2349,0.5636,-1.30303758071634
2350,0.56384,-2.85829560474625
2351,0.56408,-2.12836379249284
2352,0.56432,-1.33758583694224
2353,0.56456,-2.37322155737871
2354,0.5648,-2.19792954881901
2355,0.56504,-1.23305520294315
2356,0.56528,-2.45909337549795
2357,0.56552,-1.76103298820156
2358,0.56576,-0.883795482836657
2359,0.566,-1.35075018546339
2360,0.56624,-1.81798053724133
2361,0.56648,-1.92685101349473
2362,0.56672,-1.1335560026003
2363,0.56696,-1.31482767671318
2364,0.5672,-1.85870610446318
2365,0.56744,-0.272871490346345
2366,0.56768,-1.13343740527869
2367,0.56792,-1.38163444020978
2368,0.56816,-0.474753794876376
2369,0.5684,-0.663396249974705
2370,0.56864,-1.45157508877239
2371,0.56888,-0.479592422723539
2372,0.56912,-0.598652674019976
2373,0.56936,-0.847428666119721
2374,0.5696,-0.295792099781788
2375,0.56984,-0.58252927016375
2376,0.57008,-0.407219935905993
2377,0.57032,-0.144440429851409
2378,0.57056,-0.354025051707508
2379,0.5708,0.0061448529842586
2380,0.57104,-0.126144617131863
2381,0.57128,0.101102014082547
2382,0.57152,0.170816667113855
2383,0.57176,-0.114208766681114
2384,0.572,0.662153192772238
2385,0.57224,0.574756375267192
2386,0.57248,0.254705514600833
2387,0.57272,0.631924206474912
2388,0.57296,0.637474560899957
2389,0.5732,0.52045021447352
2390,0.57344,0.626737861895225
2391,0.57368,0.72481152127654
2392,0.57392,0.826862382266575
2393,0.57416,1.26810592246913
2394,0.5744,0.734526897507428
2395,0.57464,1.29704834468737
2396,0.57488,0.996752581311509
2397,0.57512,1.65007445987189
2398,0.57536,1.2323935050832
2399,0.5756,1.39925232305305
2400,0.57584,1.32304937872233
2401,0.57608,1.72710975855525
2402,0.57632,1.41135733492522
2403,0.57656,2.05401192902629
2404,0.5768,1.61067687274432
2405,0.57704,2.132415959621
2406,0.57728,1.57061579943704
2407,0.57752,1.72525231122307
2408,0.57776,2.00999460642122
2409,0.578,2.05673639651947
2410,0.57824,1.86035009183726
2411,0.57848,1.79002212317477
2412,0.57872,2.44955095211305
2413,0.57896,2.38102412200266
2414,0.5792,2.09269535245448
2415,0.57944,2.40985033239759
2416,0.57968,2.47621594962494
2417,0.57992,2.32725234763821
2418,0.58016,2.54290004396441
2419,0.5804,2.2744450641695
2420,0.58064,2.75416708033646
2421,0.58088,2.38374315828636
2422,0.58112,2.15191199434623
2423,0.58136,3.13842988849
2424,0.5816,2.55364177602545
2425,0.58184,2.24893318999851
2426,0.58208,3.14681235055931
2427,0.58232,2.72296186237317
2428,0.58256,2.93708815408676
2429,0.5828,3.14525613646551
2430,0.58304,2.88045326475954
2431,0.58328,2.53636287065793
2432,0.58352,2.90257750669914
2433,0.58376,2.6939218803282
2434,0.584,3.36249487643668
2435,0.58424,3.04846194210997
2436,0.58448,2.76670265872605
2437,0.58472,3.60219980315449
2438,0.58496,3.2166750655753
2439,0.5852,2.98647811618909
2440,0.58544,1.96622528564535
2441,0.58568,3.83176160747983
2442,0.58592,2.69462020190522
2443,0.58616,2.32618224166762
2444,0.5864,2.83011459953321
2445,0.58664,3.44958770793072
2446,0.58688,2.74978780678895
2447,0.58712,2.71348588469826
2448,0.58736,3.51570872221985
2449,0.5876,2.99869691373727
2450,0.58784,2.54677507242276
2451,0.58808,3.30242227267779
2452,0.58832,3.21367780915679
2453,0.58856,2.46748158431266
2454,0.5888,3.29634050604516
2455,0.58904,2.6887208260706
2456,0.58928,2.38443314482392
2457,0.58952,3.40215888596281
2458,0.58976,2.74023140376856
2459,0.59,2.62682999021302
2460,0.59024,3.70332454900588
2461,0.59048,2.28264197824909
2462,0.59072,2.72551101841921
2463,0.59096,3.14946941470841
2464,0.5912,1.82243218559421
2465,0.59144,3.05076083549986
2466,0.59168,2.5843367661385
2467,0.59192,2.07033048958066
2468,0.59216,3.3570515974952
2469,0.5924,2.01820268833732
2470,0.59264,2.54081474735277
2471,0.59288,2.68444708657242
2472,0.59312,1.56298498528317
2473,0.59336,2.75682751411013
2474,0.5936,2.25650406088981
2475,0.59384,1.6998563606014
2476,0.59408,2.70862071913864
2477,0.59432,1.8179416270347
2478,0.59456,1.70490984766139
2479,0.5948,2.89726996154129
2480,0.59504,1.9450324898063
2481,0.59528,1.41499866582668
2482,0.59552,2.68292014160457
2483,0.59576,1.80663506362619
2484,0.596,1.10848842107936
2485,0.59624,1.76664233460374
2486,0.59648,0.735132499539359
2487,0.59672,1.55779964401743
2488,0.59696,1.65590393892847
2489,0.5972,1.1634482691471
2490,0.59744,0.853777850734734
2491,0.59768,1.86578229024534
2492,0.59792,1.67313148400559
2493,0.59816,0.819601813255256
2494,0.5984,1.29760235708934
2495,0.59864,1.17165311289324
2496,0.59888,0.141079493091769
2497,0.59912,1.04547665641274
2498,0.59936,0.861825453042941
2499,0.5996,0.00134107334657907
2500,0.59984,1.08073577438544
2501,0.60008,0.832192103838363
2502,0.60032,0.0311844535796233
2503,0.60056,0.6808362352375
2504,0.6008,0.610673702482549
2505,0.60104,0.0987543535657365
2506,0.60128,0.425691066125907
2507,0.60152,0.0505616473518777
2508,0.60176,0.184106902933866
2509,0.602,-0.0489968553166156
2510,0.60224,-0.485317607902282
2511,0.60248,0.164139615739403
2512,0.60272,-0.505825431544464
2513,0.60296,-0.0604253589280899
2514,0.6032,0.0118322278207172
2515,0.60344,-0.971634291991333
2516,0.60368,-0.498844765564934
2517,0.60392,-0.629573086530007
2518,0.60416,-0.741174372991026
2519,0.6044,-0.597155800716376
2520,0.60464,-0.700893825594175
2521,0.60488,-1.38507434794065
2522,0.60512,-1.10555079727296
2523,0.60536,-0.819264490516077
2524,0.6056,-1.48440268586728
2525,0.60584,-1.18413551439207
2526,0.60608,-1.00422844953076
2527,0.60632,-1.53369765358927
2528,0.60656,-1.34755119866658
2529,0.6068,-1.26648723857427
2530,0.60704,-1.79266631060362
2531,0.60728,-1.35652767119205
2532,0.60752,-1.51707154885096
2533,0.60776,-1.55356081164128
2534,0.608,-1.95708014427336
2535,0.60824,-1.6385827658769
2536,0.60848,-1.68007178781316
2537,0.60872,-2.32969496504654
2538,0.60896,-1.89220430531455
2539,0.6092,-1.81804718364296
2540,0.60944,-2.1189577084717
2541,0.60968,-2.41176527821566
2542,0.60992,-1.86761919009243
2543,0.61016,-2.42616034743313
2544,0.6104,-2.61362593444123
2545,0.61064,-2.33856832904241
2546,0.61088,-2.31760283653023
2547,0.61112,-2.52466248212495
2548,0.61136,-2.51645517647847
2549,0.6116,-2.75168410709719
2550,0.61184,-2.38699080603789
2551,0.61208,-2.89216863865123
2552,0.61232,-2.54746258370997
2553,0.61256,-2.35107008777815
2554,0.6128,-3.36655544687145
2555,0.61304,-2.21561984954559
2556,0.61328,-2.78585460305494
2557,0.61352,-3.59136002611484
2558,0.61376,-2.24620481501691
2559,0.614,-2.85957478370911
2560,0.61424,-3.09543945144349
2561,0.61448,-2.64497908211402
2562,0.61472,-3.42526724120539
2563,0.61496,-2.86483281817013
2564,0.6152,-2.58860133631793
2565,0.61544,-3.65961391821582
2566,0.61568,-2.90377424501414
2567,0.61592,-2.55938215782491
2568,0.61616,-3.80741002467725
2569,0.6164,-2.87188945823885
2570,0.61664,-2.82949462955063
2571,0.61688,-3.50269224467233
2572,0.61712,-2.3025051771642
2573,0.61736,-2.82004337244647
2574,0.6176,-3.33463489152884
2575,0.61784,-3.84696135644432
2576,0.61808,-2.47532153450619
2577,0.61832,-3.0708468119061
2578,0.61856,-3.66010714619552
2579,0.6188,-2.69850658681969
2580,0.61904,-2.76646838486086
2581,0.61928,-3.55514773300029
2582,0.61952,-2.67600792045646
2583,0.61976,-2.81234784246338
2584,0.62,-3.5440921579977
2585,0.62024,-2.49094558287588
2586,0.62048,-2.70460136421996
2587,0.62072,-3.74485421113773
2588,0.62096,-2.16877288014204
2589,0.6212,-2.9333876980054
2590,0.62144,-3.19714094965052
2591,0.62168,-2.19448257159601
2592,0.62192,-3.25886293588501
2593,0.62216,-2.51886115658695
2594,0.6224,-2.56504095329885
2595,0.62264,-3.44278386491831
2596,0.62288,-2.18435804585859
2597,0.62312,-2.43118745700039
2598,0.62336,-2.78541608891706
2599,0.6236,-1.74716897201528
2600,0.62384,-2.66871455308465
2601,0.62408,-2.37254469063967
2602,0.62432,-1.54162103118441
2603,0.62456,-2.64383172937245
2604,0.6248,-2.30261060517033
2605,0.62504,-1.41990369190176
2606,0.62528,-2.72391804277996
2607,0.62552,-2.21566062456119
2608,0.62576,-1.40324225536009
2609,0.626,-2.30733580856141
2610,0.62624,-1.87780975630036
2611,0.62648,-1.26524148260221
2612,0.62672,-2.46032318667528
2613,0.62696,-1.85432246894625
2614,0.6272,-1.42472249873956
2615,0.62744,-1.04207524206653
2616,0.62768,-1.50684873333044
2617,0.62792,-1.97006684997379
2618,0.62816,-1.24675126908955
2619,0.6284,-0.944813927188625
2620,0.62864,-1.4899136736149
2621,0.62888,-1.67350334005498
2622,0.62912,-0.949222448048697
2623,0.62936,-1.19536115302448
2624,0.6296,-0.844463817706097
2625,0.62984,-0.303984569228379
2626,0.63008,-0.504297318248683
2627,0.63032,-1.54063408861892
2628,0.63056,-0.558977362416617
2629,0.6308,-0.332850216270367
2630,0.63104,-1.18317918886506
2631,0.63128,-0.0186009945948102
2632,0.63152,-0.319747256664539
2633,0.63176,-0.621036933644339
2634,0.632,0.122866822110934
2635,0.63224,-0.219382753533048
2636,0.63248,-0.212447987784782
2637,0.63272,0.242925992020878
2638,0.63296,-0.13815835087798
2639,0.6332,0.178481026978792
2640,0.63344,0.239885658020834
2641,0.63368,0.303163627351334
2642,0.63392,0.57680398770486
2643,0.63416,0.249769284634114
2644,0.6344,0.869846870168828
2645,0.63464,0.503217423649912
2646,0.63488,0.271616696031209
2647,0.63512,0.981748444552028
2648,0.63536,0.831401572608155
2649,0.6356,1.05144516573527
2650,0.63584,1.01060900500981
2651,0.63608,0.967043496594631
2652,0.63632,1.27801608250893
2653,0.63656,1.33498369881235
2654,0.6368,1.27818317457264
2655,0.63704,1.08545337863729
2656,0.63728,1.2542166597413
2657,0.63752,1.0658820010937
2658,0.63776,1.71120657460058
2659,0.638,1.39653025054278
2660,0.63824,1.91965480627587
2661,0.63848,1.59605723477211
2662,0.63872,1.9978314228479
2663,0.63896,1.6799771480162
2664,0.6392,1.83769688430952
2665,0.63944,2.12090447421537
2666,0.63968,1.80626111103904
2667,0.63992,1.97094066962667
2668,0.64016,2.14352252063161
2669,0.6404,2.20483832944753
2670,0.64064,2.25768302100184
2671,0.64088,2.32959866147662
2672,0.64112,2.287127948561
2673,0.64136,2.23981770460519
2674,0.6416,2.57202834874256
2675,0.64184,2.42155430849811
2676,0.64208,2.28458189039697
2677,0.64232,2.64096210035008
2678,0.64256,2.27383864666315
2679,0.6428,2.6554366543155
2680,0.64304,2.91409125425005
2681,0.64328,2.22088406009988
2682,0.64352,2.99922048385079
2683,0.64376,3.16285920165813
2684,0.644,2.03310353515442
2685,0.64424,2.84968477789356
2686,0.64448,3.29498746908886
2687,0.64472,2.2050303216179
2688,0.64496,3.30224891363719
2689,0.6452,3.06547701266657
2690,0.64544,2.03135329028393
2691,0.64568,3.41047879049375
2692,0.64592,2.7497211408542
2693,0.64616,3.09286349161649
2694,0.6464,3.89869098475008
2695,0.64664,2.45161810450282
2696,0.64688,3.21795229438926
2697,0.64712,3.35927074438263
2698,0.64736,2.45918990797136
2699,0.6476,3.98463252969055
2700,0.64784,2.50698638589914
2701,0.64808,2.53919044551844
2702,0.64832,3.17295370744076
2703,0.64856,3.80289289297331
2704,0.6488,2.30295824975069
2705,0.64904,2.89406424401236
2706,0.64928,3.59677882694857
2707,0.64952,2.39408371928906
2708,0.64976,3.16721240134587
2709,0.65,3.44725848068656
2710,0.65024,2.09753928585181
2711,0.65048,2.94597888578482
2712,0.65072,3.54133054576362
2713,0.65096,2.13612680552568
2714,0.6512,3.05222990373019
2715,0.65144,3.23718461350049
2716,0.65168,2.03110027792892
2717,0.65192,3.02111617528616
2718,0.65216,3.39905652092309
2719,0.6524,2.01633760992721
2720,0.65264,2.8450436005721
2721,0.65288,3.17649048591921
2722,0.65312,1.75968323173563
2723,0.65336,3.01732200273607
2724,0.6536,2.70285776191441
2725,0.65384,2.09415982031621
2726,0.65408,3.16862498394993
2727,0.65432,1.98602351840838
2728,0.65456,2.65431153539228
2729,0.6548,2.34845135334595
2730,0.65504,1.74959061127296
2731,0.65528,3.19213470697516
2732,0.65552,2.00212511370445
2733,0.65576,1.60326430966105
2734,0.656,2.75915563945834
2735,0.65624,2.00511098708896
2736,0.65648,1.43368481156871
2737,0.65672,2.5411714020137
2738,0.65696,1.75179199266636
2739,0.6572,1.25597133630048
2740,0.65744,2.44402866255563
2741,0.65768,1.94996842512167
2742,0.65792,1.5074763878975
2743,0.65816,1.231934639439
2744,0.6584,1.32349677670462
2745,0.65864,2.13835520713742
2746,0.65888,1.39986928757943
2747,0.65912,0.974640902980906
2748,0.65936,1.15393222969875
2749,0.6596,1.69231867337808
2750,0.65984,0.841273356036744
2751,0.66008,0.959883221169855
2752,0.66032,1.80132304137624
2753,0.66056,0.516968236256336
2754,0.6608,1.05955211377936
2755,0.66104,0.760182568444002
2756,0.66128,0.0285642278243292
2757,0.66152,1.1095993597944
2758,0.66176,0.624658099519482
2759,0.662,-0.0535426241382992
2760,0.66224,0.954883680481011
2761,0.66248,0.0512625412007206
2762,0.66272,0.026201346393522
2763,0.66296,0.713370731450508
2764,0.6632,-0.372429861879199
2765,0.66344,-0.0011677202626339
2766,0.66368,0.134816363500587
2767,0.66392,-0.418242118246991
2768,0.66416,0.355177420415461
2769,0.6644,-0.312662021309625
2770,0.66464,-0.589118222171038
2771,0.66488,-0.512442373603697
2772,0.66512,-0.292990193189321
2773,0.66536,-0.656880611183794
2774,0.6656,-0.66809736498155
2775,0.66584,-0.777072995475487
2776,0.66608,-0.635810505397163
2777,0.66632,-0.978436878226358
2778,0.66656,-0.938164323332155
2779,0.6668,-1.01303873162351
2780,0.66704,-1.21253902436356
2781,0.66728,-0.910709286098992
2782,0.66752,-0.97462064539275
2783,0.66776,-1.27681354302122
2784,0.668,-1.56472677461413
2785,0.66824,-1.49821352412456
2786,0.66848,-1.41687268264269
2787,0.66872,-1.81764404531946
2788,0.66896,-1.4991988417784
2789,0.6692,-1.90006611573136
2790,0.66944,-1.70222750194266
2791,0.66968,-1.74502206519393
2792,0.66992,-2.02852129763261
2793,0.67016,-1.82590436745126
2794,0.6704,-2.11185782058933
2795,0.67064,-2.28079611274559
2796,0.67088,-1.96645282824573
2797,0.67112,-2.38410119467895
2798,0.67136,-2.08063367585729
2799,0.6716,-2.01966793346486
2800,0.67184,-2.45720544949163
2801,0.67208,-2.2903011892338
2802,0.67232,-1.89105848287984
2803,0.67256,-2.59335973156288
2804,0.6728,-2.56423506133568
2805,0.67304,-2.07155418360915
2806,0.67328,-3.03541517512948
2807,0.67352,-2.42785234602581
2808,0.67376,-2.45625020876344
2809,0.674,-3.07824835740937
2810,0.67424,-2.2721876625328
2811,0.67448,-2.81586313557522
2812,0.67472,-3.33981839826913
2813,0.67496,-2.45119305973214
2814,0.6752,-2.67771990830136
2815,0.67544,-2.888290157779
2816,0.67568,-2.6470291518563
2817,0.67592,-3.40146578211532
2818,0.67616,-3.17485259554514
2819,0.6764,-2.38098209991794
2820,0.67664,-3.06644707736951
2821,0.67688,-3.60843079654582
2822,0.67712,-2.49880769023041
2823,0.67736,-2.75759888900259
2824,0.6776,-3.71717271060139
2825,0.67784,-3.0099614854324
2826,0.67808,-2.35205362228785
2827,0.67832,-3.51838466708929
2828,0.67856,-3.10465785756118
2829,0.6788,-2.51597421635249
2830,0.67904,-3.02679294642844
2831,0.67928,-3.53414478431292
2832,0.67952,-2.96852943793488
2833,0.67976,-2.70799747843074
2834,0.68,-3.41045991090547
2835,0.68024,-3.51052504300221
2836,0.68048,-2.46177132087231
2837,0.68072,-3.12481853280736
2838,0.68096,-2.93925846034117
2839,0.6812,-2.21541143517933
2840,0.68144,-3.07258701596244
2841,0.68168,-3.43525800452772
2842,0.68192,-2.2862586689471
2843,0.68216,-3.09275362947244
2844,0.6824,-3.28635951161181
2845,0.68264,-2.21488857467776
2846,0.68288,-3.21039455368133
2847,0.68312,-2.87872434191919
2848,0.68336,-2.37430866672584
2849,0.6836,-3.55001965670255
2850,0.68384,-2.22359912068746
2851,0.68408,-2.75826916786599
2852,0.68432,-2.79347515031669
2853,0.68456,-1.80867081722163
2854,0.6848,-3.12663824261214
2855,0.68504,-2.39951207720023
2856,0.68528,-2.33485871964687
2857,0.68552,-3.23482433085948
2858,0.68576,-1.98858025552642
2859,0.686,-2.36287699304469
2860,0.68624,-2.60199035530167
2861,0.68648,-1.56792290412096
2862,0.68672,-2.49898875160438
2863,0.68696,-2.21203352545252
2864,0.6872,-1.38675539994291
2865,0.68744,-2.73777184034536
2866,0.68768,-2.04271551572806
2867,0.68792,-1.16814992358294
2868,0.68816,-2.3440494794201
2869,0.6884,-1.50351712784596
2870,0.68864,-1.90586723122068
2871,0.68888,-1.69379146770299
2872,0.68912,-1.07326991400078
2873,0.68936,-1.18321790944782
2874,0.6896,-2.01546812978439
2875,0.68984,-1.29475128902848
2876,0.69008,-0.997433821949531
2877,0.69032,-1.66150403484436
2878,0.69056,-1.37197229449806
2879,0.6908,-0.30246903778795
2880,0.69104,-0.928229534840325
2881,0.69128,-1.54993460754913
2882,0.69152,-0.507500043701339
2883,0.69176,-0.474105335033576
2884,0.692,-1.15786613360211
2885,0.69224,-0.538749913884647
2886,0.69248,-0.199163338197405
2887,0.69272,-1.29597200866859
2888,0.69296,-0.137486391525796
2889,0.6932,-0.203734276001414
2890,0.69344,-0.866827373506177
2891,0.69368,0.118069714198336
2892,0.69392,-0.108626452408358
2893,0.69416,-0.344041321231274
2894,0.6944,0.110156251941859
2895,0.69464,0.088820821960679
2896,0.69488,0.159656696218123
2897,0.69512,0.453602393395834
2898,0.69536,0.391721801644926
2899,0.6956,0.42233808039005
2900,0.69584,0.0888447360774471
2901,0.69608,0.713519355518617
2902,0.69632,0.466106231858715
2903,0.69656,0.467184951579371
2904,0.6968,0.938315800592414
2905,0.69704,1.02709510740823
2906,0.69728,0.883896541019776
2907,0.69752,1.08632030962115
2908,0.69776,1.15067231705814
2909,0.698,1.23103998467205
2910,0.69824,0.92968715786686
2911,0.69848,1.58402619692851
2912,0.69872,1.16662239519598
2913,0.69896,1.69558485021636
2914,0.6992,1.73582418415132
2915,0.69944,1.41941670205579
2916,0.69968,1.821496941958
2917,0.69992,1.26309172587082
2918,0.70016,1.90472921658843
2919,0.7004,1.58832935987223
2920,0.70064,2.2279880986333
2921,0.70088,1.90516415404643
2922,0.70112,2.19127147231574
2923,0.70136,2.11838746262933
2924,0.7016,2.04005122499665
2925,0.70184,1.97444719488806
2926,0.70208,2.03738757916739
2927,0.70232,2.21504958133561
2928,0.70256,2.16128411524498
2929,0.7028,2.36383335076981
2930,0.70304,2.43704129625959
2931,0.70328,2.5302398539937
2932,0.70352,2.63004073879888
2933,0.70376,2.243898965258
2934,0.704,2.36431805708372
2935,0.70424,3.08950585026725
2936,0.70448,2.24957993365555
2937,0.70472,2.64657759138118
2938,0.70496,3.15549407858221
2939,0.7052,2.11819382806525
2940,0.70544,3.14647454477423
2941,0.70568,2.96269342042368
2942,0.70592,2.46045842531735
2943,0.70616,3.27763316418532
2944,0.7064,2.54095451018298
2945,0.70664,2.80854775845002
2946,0.70688,3.53512140317532
2947,0.70712,2.72290229123349
2948,0.70736,2.31916263867018
2949,0.7076,3.46995363002149
2950,0.70784,3.18077627709554
2951,0.70808,2.46224140157534
2952,0.70832,3.66773749502363
2953,0.70856,3.43007839169469
2954,0.7088,2.28690558328168
2955,0.70904,3.54863158346046
2956,0.70928,2.90208719692378
2957,0.70952,2.54280347910351
2958,0.70976,3.04377308301866
2959,0.71,3.54159689689192
2960,0.71024,3.32352615703064
2961,0.71048,2.44475239556849
2962,0.71072,3.03438572754859
2963,0.71096,3.73688318187954
2964,0.7112,2.30819560095195
2965,0.71144,3.20384454662369
2966,0.71168,3.48756398419997
2967,0.71192,2.13957609637013
2968,0.71216,2.9884229988525
2969,0.7124,3.7087084571632
2970,0.71264,2.41919092663824
2971,0.71288,2.86080124540415
2972,0.71312,3.53217846222203
2973,0.71336,1.96084168596007
2974,0.7136,2.95579018486073
2975,0.71384,3.21604728336748
2976,0.71408,1.9712162022936
2977,0.71432,3.15408736213564
2978,0.71456,2.76727090490677
2979,0.7148,2.08990499047631
2980,0.71504,3.3376048145016
2981,0.71528,2.31217266409939
2982,0.71552,2.4341431651996
2983,0.71576,3.01852040380425
2984,0.716,1.84471328269365
2985,0.71624,2.64014247689753
2986,0.71648,2.69481350628591
2987,0.71672,1.48370606915314
2988,0.71696,2.59514056136923
2989,0.7172,2.48662135506484
2990,0.71744,1.59344191298195
2991,0.71768,2.41799120447314
2992,0.71792,2.02720971369328
2993,0.71816,1.45761416028329
2994,0.7184,2.68977194696066
2995,0.71864,2.00717199080515
2996,0.71888,1.26587888634986
2997,0.71912,1.8840860348312
2998,0.71936,2.0000439232718
2999,0.7196,1.19931680519931
3000,0.71984,1.17147580545075
3001,0.72008,1.26852806051006
3002,0.72032,2.08858993905357
3003,0.72056,1.35503187044285
3004,0.7208,1.04689974924832
3005,0.72104,1.22229030107212
3006,0.72128,1.88153624434695
3007,0.72152,0.548695932330087
3008,0.72176,1.0385035291793
3009,0.722,1.88422939753067
3010,0.72224,0.365555382025241
3011,0.72248,1.26913594719511
3012,0.72272,0.849217087340751
3013,0.72296,0.3613310370885
3014,0.7232,1.07377539925313
3015,0.72344,0.370166422433973
3016,0.72368,0.409849154102892
3017,0.72392,0.930476745535026
3018,0.72416,-0.191673828138915
3019,0.7244,0.139541616099123
3020,0.72464,0.226516184883074
3021,0.72488,-0.00815491091770659
3022,0.72512,0.239453993788974
3023,0.72536,-0.227015962885514
3024,0.7256,-0.0562105727683997
3025,0.72584,0.103370276923703
3026,0.72608,-0.673593204812271
3027,0.72632,-0.469903429252348
3028,0.72656,0.0911061887631903
3029,0.7268,-0.893281393868586
3030,0.72704,-0.650957577577981
3031,0.72728,-0.652822920833066
3032,0.72752,-0.521861455068004
3033,0.72776,-0.73776989365412
3034,0.728,-0.716707692091974
3035,0.72824,-1.28406935225932
3036,0.72848,-0.87412036840923
3037,0.72872,-0.833786285023118
3038,0.72896,-1.13745444287409
3039,0.7292,-1.07175638180052
3040,0.72944,-1.01550245179368
3041,0.72968,-1.66473462464256
3042,0.72992,-1.22832126158902
3043,0.73016,-1.63435879889364
3044,0.7304,-1.31824654132342
3045,0.73064,-1.36177042972695
3046,0.73088,-1.4005410709333
3047,0.73112,-1.92478360763588
3048,0.73136,-1.96235979115126
3049,0.7316,-1.99968280579223
3050,0.73184,-1.92814091047744
3051,0.73208,-1.73096392034443
3052,0.73232,-1.77525015381568
3053,0.73256,-2.43410559144587
3054,0.7328,-2.00795670167326
3055,0.73304,-1.58306089795179
3056,0.73328,-2.1399657971861
3057,0.73352,-2.8107726883974
3058,0.73376,-2.27851344329299
3059,0.734,-2.37028177288314
3060,0.73424,-2.6991107187148
3061,0.73448,-1.95133394725343
3062,0.73472,-2.67367565897418
3063,0.73496,-3.02342565419554
3064,0.7352,-1.82869872566543
3065,0.73544,-2.81981708737381
3066,0.73568,-2.83679345084503
3067,0.73592,-2.28701489913278
3068,0.73616,-3.05721121281235
3069,0.7364,-2.75348464924019
3070,0.73664,-3.0866935254679
3071,0.73688,-2.80527373696036
3072,0.73712,-2.43253738012969
3073,0.73736,-3.40954629894577
3074,0.7376,-3.0469432750068
3075,0.73784,-2.60631339089188
3076,0.73808,-3.49112587049436
3077,0.73832,-3.17874875614415
3078,0.73856,-2.19216709283736
3079,0.7388,-3.6213622637824
3080,0.73904,-3.23905206631703
3081,0.73928,-2.54709474820882
3082,0.73952,-3.65475654744472
3083,0.73976,-2.85266986587118
3084,0.74,-2.22760089543161
3085,0.74024,-3.04508714407577
3086,0.74048,-2.69796796319098
3087,0.74072,-3.20168054390825
3088,0.74096,-3.7063946493899
3089,0.7412,-2.66271810587401
3090,0.74144,-2.64973948950356
3091,0.74168,-3.23922427866242
3092,0.74192,-3.58804328621614
3093,0.74216,-2.5403081241981
3094,0.7424,-3.20268717653636
3095,0.74264,-3.25819208728062
3096,0.74288,-2.52917857815621
3097,0.74312,-3.25989972809403
3098,0.74336,-3.14083704301709
3099,0.7436,-2.24743054748509
3100,0.74384,-3.1772374632447
3101,0.74408,-3.13423729075964
3102,0.74432,-1.94570625672976
3103,0.74456,-2.95896814353942
3104,0.7448,-2.99175602172791
3105,0.74504,-2.24396165668698
3106,0.74528,-3.31335772253938
3107,0.74552,-2.34596278151792
3108,0.74576,-2.52488652146898
3109,0.746,-3.16981842429611
3110,0.74624,-1.81869793065512
3111,0.74648,-2.90558407867229
3112,0.74672,-3.01463435641509
3113,0.74696,-1.73721291997766
3114,0.7472,-2.66633884313425
3115,0.74744,-2.73482915373862
3116,0.74768,-1.65844831278951
3117,0.74792,-2.65885114285518
3118,0.74816,-2.44236663525806
3119,0.7484,-1.56379850241508
3120,0.74864,-2.40134663615166
3121,0.74888,-2.02378417044989
3122,0.74912,-1.35470785922927
3123,0.74936,-2.48029099597093
3124,0.7496,-1.70889936374496
3125,0.74984,-0.87193894511188
3126,0.75008,-2.5647858359126
3127,0.75032,-1.85099527530052
3128,0.75056,-0.832823857613387
3129,0.7508,-0.936056814715037
3130,0.75104,-1.76213071763246
3131,0.75128,-1.86426065197148
3132,0.75152,-0.677137959086014
3133,0.75176,-1.22096683422812
3134,0.752,-1.76223597514726
3135,0.75224,-1.10890835812973
3136,0.75248,-0.760307650572181
3137,0.75272,-1.12976870718339
3138,0.75296,-0.316999224100156
3139,0.7532,-0.987758215082229
3140,0.75344,-1.1698156229378
3141,0.75368,-0.17089973838258
3142,0.75392,-0.896794759866434
3143,0.75416,-1.01007220608645
3144,0.7544,-0.075575939694708
3145,0.75464,-0.25869662749738
3146,0.75488,-0.553444044651144
3147,0.75512,-0.385551482795501
3148,0.75536,-0.129626971512261
3149,0.7556,-0.345527951573587
3150,0.75584,0.00884771736033629
3151,0.75608,-0.0136037056670104
3152,0.75632,0.326325901215115
3153,0.75656,0.511450787456583
3154,0.7568,-0.147761154459172
3155,0.75704,0.387479552466591
3156,0.75728,0.656342961843659
3157,0.75752,0.329207994422315
3158,0.75776,0.69994154287266
3159,0.758,0.699571103768512
3160,0.75824,0.577166570049834
3161,0.75848,0.678591055538457
3162,0.75872,0.772288787309205
3163,0.75896,0.870428295025106
3164,0.7592,1.30820650991334
3165,0.75944,0.894896451465683
3166,0.75968,0.727937955745469
3167,0.75992,1.38893913166636
3168,0.76016,1.32791560237791
3169,0.7604,1.26271606678326
3170,0.76064,1.54858894228497
3171,0.76088,1.71060987296023
3172,0.76112,1.39531120982637
3173,0.76136,1.79857315997073
3174,0.7616,1.23877110392736
3175,0.76184,1.64207773030893
3176,0.76208,1.68518999159873
3177,0.76232,2.3253986639226
3178,0.76256,1.88655976155388
3179,0.7628,2.05185317727495
3180,0.76304,1.97565774609531
3181,0.76328,1.90678852767798
3182,0.76352,2.20352086269531
3183,0.76376,2.13692961612787
3184,0.764,2.07316740098934
3185,0.76424,2.26717722743542
3186,0.76448,2.34007567858878
3187,0.76472,2.05935539110675
3188,0.76496,2.75670379637522
3189,0.7652,2.24337136149474
3190,0.76544,2.11021001641085
3191,0.76568,3.07263392486901
3192,0.76592,2.22286978098525
3193,0.76616,2.48727384809576
3194,0.7664,3.22796687327912
3195,0.76664,2.0563452444601
3196,0.76688,2.83838511185514
3197,0.76712,3.37111453995785
3198,0.76736,2.23637841335608
3199,0.7676,2.69990634233931
3200,0.76784,3.03023439202648
3201,0.76808,2.07139683906838
3202,0.76832,3.17201539428548
3203,0.76856,3.06027314343605
3204,0.7688,2.27092519533643
3205,0.76904,3.30610700367901
3206,0.76928,3.12092103475399
3207,0.76952,2.84923389081025
3208,0.76976,3.45579028305501
3209,0.77,3.08238634979928
3210,0.77024,2.74578798769319
3211,0.77048,3.2918484685668
3212,0.77072,3.45510383235386
3213,0.77096,2.5784987047763
3214,0.7712,2.47026897023034
3215,0.77144,2.97278732145741
3216,0.77168,3.47789818502771
3217,0.77192,2.66939823653147
3218,0.77216,2.64682030919285
3219,0.7724,3.46226141202649
3220,0.77264,3.19411596352529
3221,0.77288,2.50891777322213
3222,0.77312,3.27675877894647
3223,0.77336,3.19973872418686
3224,0.7736,2.34369861500298
3225,0.77384,3.19070795865312
3226,0.77408,3.42579579851859
3227,0.77432,2.14701092294052
3228,0.77456,3.18484275966586
3229,0.7748,3.01017736015752
3230,0.77504,2.41988523802575
3231,0.77528,3.28085708629431
3232,0.77552,2.47013576316748
3233,0.77576,2.68017739593993
3234,0.776,3.23804977713411
3235,0.77624,1.80370499952521
3236,0.77648,3.04203553642263
3237,0.77672,2.70784039177601
3238,0.77696,2.08454698824481
3239,0.7772,3.38136413010911
3240,0.77744,2.17056069690479
3241,0.77768,2.10643062331822
3242,0.77792,2.99300121428308
3243,0.77816,1.87077548568224
3244,0.7784,2.36208786565352
3245,0.77864,2.71353003405433
3246,0.77888,1.67569048203326
3247,0.77912,2.1258684905169
3248,0.77936,2.19667723376504
3249,0.7796,1.35999986666209
3250,0.77984,2.46769665916963
3251,0.78008,2.24668519617175
3252,0.78032,1.35307080729707
3253,0.78056,2.41557617065874
3254,0.7808,2.14112435551215
3255,0.78104,1.43394054295073
3256,0.78128,1.01963361258886
3257,0.78152,1.46169835219657
3258,0.78176,1.90536791427335
3259,0.782,2.11406708533764
3260,0.78224,1.05704974855371
3261,0.78248,1.45480950933907
3262,0.78272,2.21344734237528
3263,0.78296,0.37289373503128
3264,0.7832,1.32949724316686
3265,0.78344,1.43686478279611
3266,0.78368,0.255393237129469
3267,0.78392,0.679115981117533
3268,0.78416,1.45084161398952
3269,0.7844,0.0870507883098686
3270,0.78464,0.799715308189711
3271,0.78488,0.782858115456449
3272,0.78512,-0.275158810459684
3273,0.78536,0.853001140086185
3274,0.7856,0.769463084112762
3275,0.78584,-0.114115657837639
3276,0.78608,0.573932726005601
3277,0.78632,0.18674237245926
3278,0.78656,-0.163362710516503
3279,0.7868,0.439668686766713
3280,0.78704,-0.253279148077304
3281,0.78728,-0.207315039246224
3282,0.78752,-0.285834606751178
3283,0.78776,-0.332413088306879
3284,0.788,-0.0135045632009063
3285,0.78824,-0.293166131441916
3286,0.78848,-1.02400881127102
3287,0.78872,-0.433347929260829
3288,0.78896,-0.556404745869627
3289,0.7892,-1.25971436926055
3290,0.78944,-0.8815660099735
3291,0.78968,-0.741355915684853
3292,0.78992,-1.05991115958202
3293,0.79016,-1.13598807610387
3294,0.7904,-1.08762181009848
3295,0.79064,-1.14972185673663
3296,0.79088,-1.20840884092448
3297,0.79112,-1.62732136465227
3298,0.79136,-1.07133384248519
3299,0.7916,-1.59731663598452
3300,0.79184,-1.28226294607145
3301,0.79208,-1.68895583306888
3302,0.79232,-1.48937461911455
3303,0.79256,-1.77134923059012
3304,0.7928,-2.05245870731072
3305,0.79304,-1.49106913367075
3306,0.79328,-1.53387012615966
3307,0.79352,-2.17917431020802
3308,0.79376,-1.74031258649643
3309,0.794,-1.66798855309542
3310,0.79424,-2.32158409929654
3311,0.79448,-2.12974207789415
3312,0.79472,-2.0715177407902
3313,0.79496,-2.1423854253679
3314,0.7952,-2.32730006073964
3315,0.79544,-2.04552779657068
3316,0.79568,-2.61830620806113
3317,0.79592,-2.58040894097669
3318,0.79616,-2.09026929841703
3319,0.7964,-2.92036702382764
3320,0.79664,-2.43055142902632
3321,0.79688,-2.45304680910868
3322,0.79712,-2.82315132113798
3323,0.79736,-2.49478934766692
3324,0.7976,-2.78539885071115
3325,0.79784,-2.7087426461256
3326,0.79808,-2.90444457663498
3327,0.79832,-2.85594252012132
3328,0.79856,-2.58505599670251
3329,0.7988,-3.19333680015907
3330,0.79904,-2.94284760128399
3331,0.79928,-2.59751303940603
3332,0.79952,-3.13244075619037
3333,0.79976,-3.28576371184046
3334,0.8,-2.62746810843278
3335,0.80024,-3.09397139154944
3336,0.80048,-3.41966798792637
3337,0.80072,-2.34324785371187
3338,0.80096,-3.34338304676813
3339,0.8012,-3.48153552671694
3340,0.80144,-2.69006638539206
3341,0.80168,-3.26908507185367
3342,0.80192,-2.98498839995051
3343,0.80216,-2.64279877670894
3344,0.8024,-3.15124160043302
3345,0.80264,-3.5393238899095
3346,0.80288,-2.40720583935529
3347,0.80312,-3.22890374855
3348,0.80336,-3.79562341617604
3349,0.8036,-2.23150209554033
3350,0.80384,-3.00648591583533
3351,0.80408,-3.8855531014364
3352,0.80432,-2.27650103575029
3353,0.80456,-3.23289772658306
3354,0.8048,-3.45583158902954
3355,0.80504,-2.05078369362339
3356,0.80528,-2.96439799437681
3357,0.80552,-3.38485651579184
3358,0.80576,-2.05238775509871
3359,0.806,-3.03653458638476
3360,0.80624,-3.0485756167799
3361,0.80648,-2.28174419720358
3362,0.80672,-3.44340736378529
3363,0.80696,-2.33570515638999
3364,0.8072,-2.61305772880311
3365,0.80744,-3.1122178688987
3366,0.80768,-1.85706838374329
3367,0.80792,-2.92312232498801
3368,0.80816,-2.53229453810333
3369,0.8084,-1.85253505112322
3370,0.80864,-3.21838494214063
3371,0.80888,-2.30617826759656
3372,0.80912,-1.94136894259123
3373,0.80936,-3.13095868405299
3374,0.8096,-2.17616065680323
3375,0.80984,-1.2857471022309
3376,0.81008,-2.69058896751738
3377,0.81032,-2.285461953787
3378,0.81056,-1.45802926414695
3379,0.8108,-2.57014342605044
3380,0.81104,-2.00377230244209
3381,0.81128,-1.25322308462622
3382,0.81152,-2.44035310931242
3383,0.81176,-1.71315606980485
3384,0.812,-1.035925346539
3385,0.81224,-1.70903855293077
3386,0.81248,-2.13239922611873
3387,0.81272,-1.25243960754999
3388,0.81296,-1.03919424816724
3389,0.8132,-1.55063759601344
3390,0.81344,-1.5805763479891
3391,0.81368,-0.948148609673143
3392,0.81392,-1.16008192082986
3393,0.81416,-0.305860307172037
3394,0.8144,-0.823094403172163
3395,0.81464,-1.57196869536872
3396,0.81488,-0.187741097589027
3397,0.81512,-0.519340549937845
3398,0.81536,-1.20484840193825
3399,0.8156,-0.468745042262721
3400,0.81584,0.0992560093790169
3401,0.81608,-0.894752974521958
3402,0.81632,-0.322691295730485
3403,0.81656,0.0832666963931366
3404,0.8168,-0.829185210361174
3405,0.81704,0.164570957246207
3406,0.81728,-0.198718831995457
3407,0.81752,-0.430288297896455
3408,0.81776,0.62645768069331
3409,0.818,-0.132459895314952
3410,0.81824,0.0701950059290004
3411,0.81848,0.60040746986019
3412,0.81872,0.293532979258418
3413,0.81896,0.564489170538652
3414,0.8192,0.583535693194112
3415,0.81944,0.605081027365006
3416,0.81968,0.478153198758709
3417,0.81992,0.479016694082242
3418,0.82016,0.948380645962835
3419,0.8204,1.0355930071053
3420,0.82064,0.885069063433908
3421,0.82088,0.728262988829923
3422,0.82112,1.39945936184409
3423,0.82136,0.981997941912185
3424,0.8216,1.16827770124927
3425,0.82184,1.58252343220097
3426,0.82208,1.02837913130772
3427,0.82232,1.32896033991972
3428,0.82256,1.36662504365307
3429,0.8228,1.65280316173917
3430,0.82304,1.57587485109382
3431,0.82328,1.3765386325757
3432,0.82352,1.65497727748013
3433,0.82376,1.94124982694204
3434,0.824,1.98087585556157
3435,0.82424,1.89714122563281
3436,0.82448,1.94849096606446
3437,0.82472,2.23017740590133
3438,0.82496,2.16318354674994
3439,0.8252,1.98327593518279
3440,0.82544,2.27555125271128
3441,0.82568,2.34362957400932
3442,0.82592,2.05617295300748
3443,0.82616,2.36442188283876
3444,0.8264,2.45067813760275
3445,0.82664,2.42482778383989
3446,0.82688,2.7483461110904
3447,0.82712,2.25795406866332
3448,0.82736,2.85827908895724
3449,0.8276,2.61123799789304
3450,0.82784,2.27816743323354
3451,0.82808,2.8977872499907
3452,0.82832,2.5692180428222
3453,0.82856,2.75509069789462
3454,0.8288,3.05167134043199
3455,0.82904,2.63854841422161
3456,0.82928,2.73832931834269
3457,0.82952,3.3094990359535
3458,0.82976,2.21983898361914
3459,0.83,2.97174343351194
3460,0.83024,3.22192846070701
3461,0.83048,2.42728515583568
3462,0.83072,3.10239519618151
3463,0.83096,3.28175192107905
3464,0.8312,2.53384062163485
3465,0.83144,3.02443072575181
3466,0.83168,3.26092338680307
3467,0.83192,2.56997641035447
3468,0.83216,3.11509032067304
3469,0.8324,3.40384531034558
3470,0.83264,2.76648066951762
3471,0.83288,2.42239925249233
3472,0.83312,3.0476141719136
3473,0.83336,3.43566547194597
3474,0.8336,2.86509448819906
3475,0.83384,2.60172506293159
3476,0.83408,3.30372827405466
3477,0.83432,3.52516842593573
3478,0.83456,2.47010322566998
3479,0.8348,3.12870911163974
3480,0.83504,3.41644277405347
3481,0.83528,2.1870644251729
3482,0.83552,2.81172731522346
3483,0.83576,3.5427043733305
3484,0.836,2.60947520096858
3485,0.83624,2.69923259364639
3486,0.83648,3.6220272913772
3487,0.83672,2.40328214954597
3488,0.83696,2.68683426127412
3489,0.8372,3.43882444598794
3490,0.83744,1.94495218403156
3491,0.83768,3.018366935022
3492,0.83792,2.75577250758316
3493,0.83816,2.31752800941055
3494,0.8384,3.44594925453495
3495,0.83864,2.07132333679029
3496,0.83888,2.67543791765197
3497,0.83912,2.90253249081906
3498,0.83936,1.8596955935071
3499,0.8396,2.77451748755356
3500,0.83984,2.23821952975601
3501,0.84008,1.53299829786636
3502,0.84032,2.99226434450831
3503,0.84056,2.17113561135167
3504,0.8408,1.41320270964542
3505,0.84104,2.70846251599865
3506,0.84128,1.85495805086693
3507,0.84152,2.01250095174017
3508,0.84176,2.51388744477818
3509,0.842,1.73110641567574
3510,0.84224,1.122581326864
3511,0.84248,2.55858044970092
3512,0.84272,1.83673991047759
3513,0.84296,1.16518927135034
3514,0.8432,0.900153305253627
3515,0.84344,1.84166535318154
3516,0.84368,1.81721420610902
3517,0.84392,0.859091675406116
3518,0.84416,1.03419242183685
3519,0.8444,1.9305903697132
3520,0.84464,1.2715451598339
3521,0.84488,0.912860123573192
3522,0.84512,1.03436138923793
3523,0.84536,1.28273327810492
3524,0.8456,0.25657764598072
3525,0.84584,0.815119818647207
3526,0.84608,1.36702443114715
3527,0.84632,0.152867317543894
3528,0.84656,0.647419483343751
3529,0.8468,1.01225830916504
3530,0.84704,-0.0267181566203304
3531,0.84728,0.273854580311315
3532,0.84752,0.812985852231745
3533,0.84776,-0.0502475386068306
3534,0.848,0.170453136432877
3535,0.84824,0.400247999088413
3536,0.84848,-0.176896874009573
3537,0.84872,0.0829501207879944
3538,0.84896,0.00208268072075857
3539,0.8492,-0.532841898570219
3540,0.84944,-0.233299069324524
3541,0.84968,-0.511024153033057
3542,0.84992,-0.536300758176603
3543,0.85016,-0.683812383754555
3544,0.8504,-0.683153473342784
3545,0.85064,-0.798311974102855
3546,0.85088,-0.310675322680679
3547,0.85112,-1.00865682029683
3548,0.85136,-0.976520438125636
3549,0.8516,-0.824415382080495
3550,0.85184,-0.899462808133308
3551,0.85208,-0.97127008528757
3552,0.85232,-1.15819641993856
3553,0.85256,-1.45384138690407
3554,0.8528,-1.39467266534863
3555,0.85304,-1.32454236033737
3556,0.85328,-1.60588596212541
3557,0.85352,-1.1699451213277
3558,0.85376,-1.81751833453667
3559,0.854,-1.61930016144454
3560,0.85424,-1.78423007747008
3561,0.85448,-1.82627458204568
3562,0.85472,-1.86819377563833
3563,0.85496,-1.66772370961611
3564,0.8552,-2.19443923651236
3565,0.85544,-1.75489710960461
3566,0.85568,-1.68116185075982
3567,0.85592,-2.09989424338146
3568,0.85616,-2.27069686741007
3569,0.8564,-2.33562663861684
3570,0.85664,-2.04490045499669
3571,0.85688,-2.34976979055814
3572,0.85712,-2.43254634629858
3573,0.85736,-2.40312652212677
3574,0.8576,-2.72299454903982
3575,0.85784,-2.22888001454475
3576,0.85808,-2.82541944714477
3577,0.85832,-2.69120437543563
3578,0.85856,-2.23107413617035
3579,0.8588,-2.84698681859485
3580,0.85904,-2.5146697742129
3581,0.85928,-2.56978293865919
3582,0.85952,-2.73481802029528
3583,0.85976,-2.69226414710492
3584,0.86,-3.49605762298886
3585,0.86024,-2.37866008199128
3586,0.86048,-2.74679701529983
3587,0.86072,-3.46599928294364
3588,0.86096,-2.6362546321446
3589,0.8612,-2.81173210336733
3590,0.86144,-3.56807134798429
3591,0.86168,-2.31139572414514
3592,0.86192,-3.0124180118044
3593,0.86216,-3.69711912664585
3594,0.8624,-2.6103257132398
3595,0.86264,-3.24987594956376
3596,0.86288,-3.38597190538539
3597,0.86312,-2.84053428668064
3598,0.86336,-3.41738658431041
3599,0.8636,-2.54093445031477
3600,0.86384,-2.68695145677977
3601,0.86408,-3.19832022619557
3602,0.86432,-3.70707281379836
3603,0.86456,-2.43282806393339
3604,0.8648,-2.90032785040767
3605,0.86504,-3.72182016004898
3606,0.86528,-2.2897621013074
3607,0.86552,-2.82986416974391
3608,0.86576,-3.60725089873454
3609,0.866,-2.48035810423928
3610,0.86624,-2.84665669526394
3611,0.86648,-3.56770770365459
3612,0.86672,-2.27037446148899
3613,0.86696,-2.71402356112811
3614,0.8672,-3.74279357604558
3615,0.86744,-2.27631419117832
3616,0.86768,-2.90792302568309
3617,0.86792,-3.04215867203232
3618,0.86816,-2.15336241243247
3619,0.8684,-3.32412695956918
3620,0.86864,-2.33468899809824
3621,0.86888,-2.49500235479845
3622,0.86912,-3.23991518452223
3623,0.86936,-1.86044104153479
3624,0.8696,-2.81180078749634
3625,0.86984,-2.78488697784491
3626,0.87008,-1.61545130187696
3627,0.87032,-2.99340095700119
3628,0.87056,-2.32535147035652
3629,0.8708,-1.96310518642998
3630,0.87104,-2.91517991899163
3631,0.87128,-1.85250242104981
3632,0.87152,-2.04649154815198
3633,0.87176,-2.83169453697814
3634,0.872,-1.84039731781352
3635,0.87224,-1.39324039385173
3636,0.87248,-2.74369469414452
3637,0.87272,-1.93637419535479
3638,0.87296,-1.19266224465726
3639,0.8732,-2.61277851951351
3640,0.87344,-1.64599737323633
3641,0.87368,-1.33505694618114
3642,0.87392,-1.74691286329461
3643,0.87416,-2.52382347235977
3644,0.8744,-0.705718015391336
3645,0.87464,-1.44386814963494
3646,0.87488,-1.81834659020909
3647,0.87512,-0.423362978578997
3648,0.87536,-1.35616006121091
3649,0.8756,-1.43813607995142
3650,0.87584,-0.579390868454611
3651,0.87608,-0.85659153674112
3652,0.87632,-1.24288731830472
3653,0.87656,-0.443159995053053
3654,0.8768,-0.662274836735495
3655,0.87704,-0.877549274785759
3656,0.87728,-0.493903417634123
3657,0.87752,-0.0364577295856199
3658,0.87776,-1.02468673933496
3659,0.878,-0.215170305056493
3660,0.87824,-0.0522721960590771
3661,0.87848,-0.964114609247412
3662,0.87872,0.138026846386545
3663,0.87896,-0.0961191136991721
3664,0.8792,-0.451848176269886
3665,0.87944,0.239554271595087
3666,0.87968,-0.0287975760999533
3667,0.87992,0.040761305524502
3668,0.88016,0.21213671183146
3669,0.8804,0.391731890816516
3670,0.88064,0.541496998462869
3671,0.88088,0.440273654795045
3672,0.88112,0.579467230344321
3673,0.88136,0.575940752611691
3674,0.8816,0.686661053664729
3675,0.88184,0.9212803200181
3676,0.88208,0.767536360018199
3677,0.88232,0.852886731541436
3678,0.88256,1.17993564620992
3679,0.8828,1.12844707291262
3680,0.88304,1.19313981050255
3681,0.88328,0.897357189964866
3682,0.88352,1.55248546868439
3683,0.88376,1.3674332039497
3684,0.884,1.5314003743846
3685,0.88424,1.45192730916372
3686,0.88448,1.50011347576966
3687,0.88472,1.9033634959522
3688,0.88496,1.34194619759286
3689,0.8852,1.74114592217342
3690,0.88544,1.78478791673025
3691,0.88568,2.18586413696676
3692,0.88592,1.86526370546319
3693,0.88616,1.9124152788089
3694,0.8864,1.8365802938011
3695,0.88664,1.88535181571956
3696,0.88688,2.30789046285438
3697,0.88712,2.12639794894186
3698,0.88736,1.82834623722867
3699,0.8876,2.62695936843854
3700,0.88784,2.45509424054292
3701,0.88808,1.94723283076321
3702,0.88832,2.87944333905276
3703,0.88856,2.36965720769474
3704,0.8888,2.36802512183667
3705,0.88904,2.71737012379245
3706,0.88928,2.48476789513632
3707,0.88952,2.74909470060223
3708,0.88976,2.6426650447281
3709,0.89,2.57116585628016
3710,0.89024,2.73327379424127
3711,0.89048,2.55728699277151
3712,0.89072,2.64642464205551
3713,0.89096,2.96350549839035
3714,0.8912,2.22962635136385
3715,0.89144,2.9602138227592
3716,0.89168,2.95778249522444
3717,0.89192,2.63486136130456
3718,0.89216,3.6446753563911
3719,0.8924,2.49569816437152
3720,0.89264,2.59410084817598
3721,0.89288,3.64570186286962
3722,0.89312,2.90158832249483
3723,0.89336,2.69092024976737
3724,0.8936,3.31074245000052
3725,0.89384,2.99695378454285
3726,0.89408,2.25104312754431
3727,0.89432,3.42044113188551
3728,0.89456,2.45694332725045
3729,0.8948,2.96777105844392
3730,0.89504,3.47508092478307
3731,0.89528,3.50407442172615
3732,0.89552,2.38674351849054
3733,0.89576,3.10378454372307
3734,0.896,3.69157446850749
3735,0.89624,2.26464540865492
3736,0.89648,3.04924860356673
3737,0.89672,3.70061135105959
3738,0.89696,2.22903562639177
3739,0.8972,2.96936804732781
3740,0.89744,3.45303788034619
3741,0.89768,2.18209590799299
3742,0.89792,2.87455975218371
3743,0.89816,3.55418450973447
3744,0.8984,2.10611076784052
3745,0.89864,2.86950008550396
3746,0.89888,3.13755727278447
3747,0.89912,2.13722501606761
3748,0.89936,3.20639308098546
3749,0.8996,2.46799817968856
3750,0.89984,2.39711115669679
3751,0.90008,3.16020450720663
3752,0.90032,1.79740671911725
3753,0.90056,2.76043062282445
3754,0.9008,2.63019053698847
3755,0.90104,1.71932265367357
3756,0.90128,3.10573646415784
3757,0.90152,2.56296803983363
3758,0.90176,1.48184060468869
3759,0.902,2.94649036874229
3760,0.90224,2.47863404802644
3761,0.90248,1.58898262145661
3762,0.90272,2.0685817916585
3763,0.90296,2.52551130092545
3764,0.9032,1.70059238598717
3765,0.90344,2.12277012206305
3766,0.90368,2.52629215882082
3767,0.90392,1.53153780302923
3768,0.90416,1.90731350812118
3769,0.9044,2.02699582165892
3770,0.90464,0.753425248564957
3771,0.90488,1.21103464148633
3772,0.90512,1.66766231534723
3773,0.90536,2.12496649462379
3774,0.9056,0.57656600235823
3775,0.90584,1.47553676003398
3776,0.90608,1.64898270016309
3777,0.90632,0.991198345458744
3778,0.90656,0.284153344933647
3779,0.9068,1.02094464592956
3780,0.90704,1.87185744110664
3781,0.90728,0.478700023390225
3782,0.90752,1.02946323779741
3783,0.90776,0.737746006684226
3784,0.908,0.013273838251826
3785,0.90824,1.10097163516459
3786,0.90848,0.504966966304939
3787,0.90872,-0.0447983822779594
3788,0.90896,0.968651365598793
3789,0.9092,-0.0454889372717391
3790,0.90944,0.0527681834785674
3791,0.90968,0.747829578049966
3792,0.90992,-0.20689935639532
3793,0.91016,0.0472979636071171
3794,0.9104,-0.0513564880705195
3795,0.91064,-0.240043678679147
3796,0.91088,-0.0763061924745023
3797,0.91112,-0.127362757305119
3798,0.91136,-0.638298847817662
3799,0.9116,-0.556557487021073
3800,0.91184,-0.332490016657226
3801,0.91208,-0.572414585900617
3802,0.91232,-0.460426458474723
3803,0.91256,-1.16729853903991
3804,0.9128,-0.535804706834716
3805,0.91304,-0.515235600359559
3806,0.91328,-1.31451912291352
3807,0.91352,-1.03259086433032
3808,0.91376,-1.10420049028625
3809,0.914,-1.16570643297722
3810,0.91424,-1.22393395957055
3811,0.91448,-1.64251392322638
3812,0.91472,-1.08631459145745
3813,0.91496,-1.61309303418015
3814,0.9152,-1.29801705086932
3815,0.91544,-1.70478075007623
3816,0.91568,-1.74560896232366
3817,0.91592,-1.90518256078539
3818,0.91616,-1.82699735715068
3819,0.9164,-1.86897975160018
3820,0.91664,-1.90316493540586
3821,0.91688,-1.58935964323614
3822,0.91712,-2.35746721479596
3823,0.91736,-2.04262488395574
3824,0.9176,-2.10093806396121
3825,0.91784,-2.03709842068647
3826,0.91808,-1.73666862809158
3827,0.91832,-2.65221432998867
3828,0.91856,-2.11878492935793
3829,0.9188,-1.83525902526698
3830,0.91904,-2.65216324333693
3831,0.91928,-2.61325365113465
3832,0.91952,-2.00341714577286
3833,0.91976,-2.9595771046742
3834,0.92,-2.58720563712874
3835,0.92024,-2.37026547751816
3836,0.92048,-2.98530336043992
3837,0.92072,-2.53140471651981
3838,0.92096,-2.70644436299266
3839,0.9212,-2.87029454665174
3840,0.92144,-2.34424277923041
3841,0.92168,-3.03282527346816
3842,0.92192,-2.87467212930109
3843,0.92216,-2.51619022851209
3844,0.9224,-3.36583570338665
3845,0.92264,-2.88493169782111
3846,0.92288,-2.56449931845944
3847,0.92312,-3.58691016328505
3848,0.92336,-2.91954604623496
3849,0.9236,-2.54735414986856
3850,0.92384,-3.60351173175249
3851,0.92408,-2.87022159512614
3852,0.92432,-2.79364389471148
3853,0.92456,-3.78207162834857
3854,0.9248,-3.10281439116324
3855,0.92504,-2.47211744961125
3856,0.92528,-2.71688611138494
3857,0.92552,-3.20608157970407
3858,0.92576,-3.69091220767849
3859,0.926,-2.28805594854523
3860,0.92624,-2.85706065277528
3861,0.92648,-3.54073774046131
3862,0.92672,-2.55153651556449
3863,0.92696,-2.82680088960568
3864,0.9272,-3.46309855113944
3865,0.92744,-3.37373848292546
3866,0.92768,-2.265254978595
3867,0.92792,-3.10821759614181
3868,0.92816,-3.21654349509137
3869,0.9284,-2.30312415891282
3870,0.92864,-3.09262239303706
3871,0.92888,-3.15216145636427
3872,0.92912,-2.31054511459013
3873,0.92936,-3.28704787231585
3874,0.9296,-2.46749215746225
3875,0.92984,-2.67074615882048
3876,0.93008,-3.46214689934865
3877,0.93032,-2.00861490823204
3878,0.93056,-3.00016542502174
3879,0.9308,-2.89739370286459
3880,0.93104,-2.01764847963795
3881,0.93128,-3.31047005458827
3882,0.93152,-2.09715334897445
3883,0.93176,-2.3860951129718
3884,0.932,-2.77544315035364
3885,0.93224,-1.65190429691492
3886,0.93248,-2.72660811988258
3887,0.93272,-2.4663540271651
3888,0.93296,-1.42528083784917
3889,0.9332,-2.69615039270775
3890,0.93344,-2.3903099564778
3891,0.93368,-1.4210736325728
3892,0.93392,-2.52572248036128
3893,0.93416,-2.05737328387885
3894,0.9344,-1.1677255851747
3895,0.93464,-2.23144890353576
3896,0.93488,-1.83841660060077
3897,0.93512,-1.02722615166356
3898,0.93536,-2.25416908112012
3899,0.9356,-0.748938406831231
3900,0.93584,-1.34201889544806
3901,0.93608,-1.32689472137146
3902,0.93632,-2.27347623609105
3903,0.93656,-0.380314777945833
3904,0.9368,-1.53274223938412
3905,0.93704,-1.58985605332434
3906,0.93728,-0.707690400501084
3907,0.93752,-0.962854406431916
3908,0.93776,-1.32844178261076
3909,0.938,-0.391126385341633
3910,0.93824,-0.822521598668005
3911,0.93848,-1.4870393586911
3912,0.93872,-0.261769724195658
3913,0.93896,-0.505009772271937
3914,0.9392,-1.2261709946584
3915,0.93944,-0.180921688670138
3916,0.93968,-0.351136446558173
3917,0.93992,-0.764405847536726
3918,0.94016,0.224672088057474
3919,0.9404,-0.114142672813119
3920,0.94064,-0.458077645326673
3921,0.94088,0.12601043288523
3922,0.94112,-0.00801850462527054
3923,0.94136,0.0736407287245405
3924,0.9416,0.018605966046588
3925,0.94184,0.2090494133067
3926,0.94208,0.970074840217154
3927,0.94232,0.519636007444199
3928,0.94256,0.189287229453222
3929,0.9428,0.916543465496125
3930,0.94304,0.563391523051954
3931,0.94328,0.438076735090265
3932,0.94352,0.897195115438917
3933,0.94376,0.751413655229594
3934,0.944,1.20491510294019
3935,0.94424,0.796362524319265
3936,0.94448,0.990954189462695
3937,0.94472,1.3041304741003
3938,0.94496,1.11861089494758
3939,0.9452,1.17787112546503
3940,0.94544,1.35164156503307
3941,0.94568,1.27707271188442
3942,0.94592,1.3227947708389
3943,0.94616,1.72872144764796
3944,0.9464,1.29257663067727
3945,0.94664,1.81204876157024
3946,0.94688,1.61627409394481
3947,0.94712,2.25720146040034
3948,0.94736,1.81374739111335
3949,0.9476,1.6197178683164
3950,0.94784,2.26736992745191
3951,0.94808,1.95051367594852
3952,0.94832,2.3661207054711
3953,0.94856,2.06014445689145
3954,0.9488,2.23103895935472
3955,0.94904,2.29897939102548
3956,0.94928,2.13292860846206
3957,0.94952,2.08131034786578
3958,0.94976,2.29336364295792
3959,0.95,2.62376613789198
3960,0.95024,1.99363214122224
3961,0.95048,2.71206772269592
3962,0.95072,2.57948526952031
3963,0.95096,2.1081776305564
3964,0.9512,3.09342205706508
3965,0.95144,2.50723765057367
3966,0.95168,2.43854187128344
3967,0.95192,3.20727882122288
3968,0.95216,2.78040744752861
3969,0.9524,3.10946573367407
3970,0.95264,2.70769762630377
3971,0.95288,2.69864914721348
3972,0.95312,2.82595037501241
3973,0.95336,3.54374889746138
3974,0.9536,2.36543882846947
3975,0.95384,2.91161273701669
3976,0.95408,3.68066206567277
3977,0.95432,2.55038205010159
3978,0.95456,2.9100749124847
3979,0.9548,3.72620243508773
3980,0.95504,2.53015975059131
3981,0.95528,3.18427579439414
3982,0.95552,3.81338764494623
3983,0.95576,2.78870268532676
3984,0.956,2.41097392914632
3985,0.95624,2.90502318604516
3986,0.95648,3.39688526408416
3987,0.95672,3.6496740319314
3988,0.95696,2.26414908550612
3989,0.9572,2.8482835241566
3990,0.95744,3.66387233197319
3991,0.95768,2.44838675968279
3992,0.95792,2.73954818346401
3993,0.95816,3.62340935512567
3994,0.9584,2.47872359838314
3995,0.95864,2.71959499895555
3996,0.95888,3.66956645253283
3997,0.95912,2.35801945954744
3998,0.95936,2.90700119674622
3999,0.9596,3.56102297496137
4000,0.95984,2.09038990045982
4001,0.96008,3.18453317005728
4002,0.96032,2.82360219641217
4003,0.96056,2.17264579291173
4004,0.9608,3.21315338431696
4005,0.96104,2.45206300332628
4006,0.96128,2.35947281763358
4007,0.96152,3.34147979173331
4008,0.96176,1.9484584524336
4009,0.962,2.65080566865468
4010,0.96224,2.7379647774972
4011,0.96248,1.67949401602785
4012,0.96272,3.04387021784271
4013,0.96296,2.36202608718063
4014,0.9632,1.75046556590062
4015,0.96344,3.18125311510038
4016,0.96368,2.09987852023949
4017,0.96392,1.56503424161338
4018,0.96416,2.59864359847043
4019,0.9644,1.95259312404705
4020,0.96464,1.4970766957222
4021,0.96488,2.7108153182998
4022,0.96512,2.01242617083359
4023,0.96536,1.25405032659225
4024,0.9656,2.31325307149597
4025,0.96584,1.69173034010794
4026,0.96608,1.13020650300685
4027,0.96632,1.89059210319175
4028,0.96656,0.66357567070011
4029,0.9668,1.37809903410719
4030,0.96704,2.08804105972573
4031,0.96728,1.48090100091967
4032,0.96752,0.944054544905774
4033,0.96776,1.37419511682917
4034,0.968,1.80249598315131
4035,0.96824,0.475947535827645
4036,0.96848,0.617911053087456
4037,0.96872,1.59950287915168
4038,0.96896,0.552046817053924
4039,0.9692,0.75916018078659
4040,0.96944,0.840291412338504
4041,0.96968,0.0939694204065038
4042,0.96992,0.714254447698112
4043,0.97016,0.964476905924313
4044,0.9704,-0.0864410154841075
4045,0.97064,0.703092990677584
4046,0.97088,0.760086882016567
4047,0.97112,-0.227533732490897
4048,0.97136,0.479377166670841
4049,0.9716,0.225616450554788
4050,0.97184,-0.234097761121416
4051,0.97208,0.0243002527407152
4052,0.97232,-0.291282053810367
4053,0.97256,-0.232638595044356
4054,0.9728,0.189208720070308
4055,0.97304,-0.80819337000891
4056,0.97328,-0.475149490630002
4057,0.97352,-0.377357494363061
4058,0.97376,-1.09670109165173
4059,0.974,-0.734182919877757
4060,0.97424,-0.488168504308665
4061,0.97448,-0.942869736812201
4062,0.97472,-0.796478505654938
4063,0.97496,-1.24124702033347
4064,0.9752,-0.950911495783952
4065,0.97544,-1.02820675376447
4066,0.97568,-1.45154094634291
4067,0.97592,-1.02377392701729
4068,0.97616,-1.3263252262131
4069,0.9764,-1.37397972062648
4070,0.97664,-1.77766763435057
4071,0.97688,-1.22280570010715
4072,0.97712,-1.86828189352098
4073,0.97736,-1.18919830066037
4074,0.9776,-1.83342689767612
4075,0.97784,-1.75732720946652
4076,0.97808,-1.677120815981
4077,0.97832,-1.95581188120696
4078,0.97856,-2.12437147406729
4079,0.9788,-1.80620496609627
4080,0.97904,-1.73229698626565
4081,0.97928,-2.27078179094387
4082,0.97952,-1.9645972686519
4083,0.97976,-1.78529935963539
4084,0.98,-2.69906974347152
4085,0.98024,-2.28302162197534
4086,0.98048,-1.88547900732365
4087,0.98072,-2.57865532212396
4088,0.98096,-2.54208354638237
4089,0.9812,-2.52937321849464
4090,0.98144,-2.76360230456964
4091,0.98168,-2.39728278494265
4092,0.98192,-2.53859892159791
4093,0.98216,-2.67353335847185
4094,0.9824,-2.46733533902471
4095,0.98264,-2.88101529746733
4096,0.98288,-2.44516700895944
4097,0.98312,-2.40571572976548
4098,0.98336,-3.32894667523931
4099,0.9836,-2.57249621746628
4100,0.98384,-2.70266380546833
4101,0.98408,-3.29854448998371
4102,0.98432,-2.83284547773209
4103,0.98456,-2.88088585547661
4104,0.9848,-3.27991929718341
4105,0.98504,-2.51106844199023
4106,0.98528,-3.45019463170513
4107,0.98552,-3.17202312346141
4108,0.98576,-2.5726942551615
4109,0.986,-3.44754979289017
4110,0.98624,-3.22608315503441
4111,0.98648,-2.80320380819338
4112,0.98672,-3.85941377295002
4113,0.98696,-2.4980688726618
4114,0.9872,-2.76182792945986
4115,0.98744,-3.2702997282037
4116,0.98768,-3.05441070493317
4117,0.98792,-2.54035166374694
4118,0.98816,-3.35315009581073
4119,0.9884,-3.68053415433091
4120,0.98864,-2.37378723440345
4121,0.98888,-3.26271982029256
4122,0.98912,-3.30241289387631
4123,0.98936,-2.19767204588263
4124,0.9896,-3.16277185788518
4125,0.98984,-3.15079157981711
4126,0.99008,-2.24087962199987
4127,0.99032,-3.03373345069833
4128,0.99056,-3.33437492901467
4129,0.9908,-2.24671861097826
4130,0.99104,-3.22664608059743
4131,0.99128,-2.64389607848732
4132,0.99152,-2.6057410943983
4133,0.99176,-3.40061693534618
4134,0.992,-1.95040706347724
4135,0.99224,-2.94513286671259
4136,0.99248,-2.84539489971185
4137,0.99272,-1.96854749407674
4138,0.99296,-3.26413642360413
4139,0.9932,-2.28441337713372
4140,0.99344,-2.21471993384298
4141,0.99368,-3.08965306136454
4142,0.99392,-1.95606001801567
4143,0.99416,-2.43787669461559
4144,0.9944,-2.65791871459926
4145,0.99464,-1.61122221370333
4146,0.99488,-2.16748117410599
4147,0.99512,-2.70845289314307
4148,0.99536,-1.73109640688328
4149,0.9956,-2.12059580861215
4150,0.99584,-2.49317139440471
4151,0.99608,-1.58678825078882
4152,0.99632,-2.16505782576037
4153,0.99656,-1.77254843948467
4154,0.9968,-0.957899094045015
4155,0.99704,-2.18848336093025
4156,0.99728,-0.569496312177506
4157,0.99752,-1.5178986268527
4158,0.99776,-1.50011332750962
4159,0.998,-2.32815365248766
4160,0.99824,-0.558274034412024
4161,0.99848,-1.58284836312825
4162,0.99872,-1.39481064407874
4163,0.99896,-0.296346399959166
4164,0.9992,-0.679214251699965
4165,0.99944,-1.53553118437041
4166,0.99968,-0.713942964855229
4167,0.99992,-0.553401557380813
4168,1.00016,-1.2255600176225
4169,1.0004,-0.227801879465651
4170,1.00064,-0.605193403838964
4171,1.00088,-0.853330963914281
4172,1.00112,-0.267003400970926
4173,1.00136,0.0309926446403974
4174,1.0016,-0.989494454144403
4175,1.00184,-0.221458219830889
4176,1.00208,-0.0864756798188007
4177,1.00232,-0.427016473358879
4178,1.00256,0.160408225660368
4179,1.0028,-0.0976228248812661
4180,1.00304,0.113629510496943
4181,1.00328,0.173627700376935
4182,1.00352,0.123711405083437
4183,1.00376,0.888324295101306
4184,1.004,0.312906600872083
4185,1.00424,0.224191073154708
4186,1.00448,1.07016577938222
4187,1.00472,0.596096311489799
4188,1.00496,0.46738079051732
4189,1.0052,0.804676804964573
4190,1.00544,0.90488190066956
4191,1.00568,0.98907418968715
4192,1.00592,0.821895659852078
4193,1.00616,0.783974350391269
4194,1.0064,1.32831714905483
4195,1.00664,1.14497649635145
4196,1.00688,1.20835036581549
4197,1.00712,1.6197540343619
4198,1.00736,1.42289497739026
4199,1.0076,1.82608584357307
4200,1.00784,1.26916371541088
4201,1.00808,1.91282020036864
4202,1.00832,1.4754893117553
4203,1.00856,1.99822816000485
4204,1.0088,1.56051817708899
4205,1.00904,1.71977137062085
4206,1.00928,2.00361649965506
4207,1.00952,1.92895755092629
4208,1.00976,1.96897133763749
4209,1.01,1.66400566667713
4210,1.01024,2.443692656562
4211,1.01048,2.25444444248579
4212,1.01072,1.96649686816147
4213,1.01096,2.39862997164377
4214,1.0112,2.10879300727325
4215,1.01144,2.68001788154969
4216,1.01168,2.28430837833858
4217,1.01192,2.14563132789056
4218,1.01216,2.85878622531811
4219,1.0124,2.12496078134732
4220,1.01264,2.50330810268495
4221,1.01288,3.23758515211728
4222,1.01312,2.29824127704259
4223,1.01336,2.71014130659183
4224,1.0136,3.22429217812443
4225,1.01384,2.32581630815027
4226,1.01408,2.65694218439328
4227,1.01432,2.73367597709397
4228,1.01456,2.72378714048915
4229,1.0148,3.56943792458841
4230,1.01504,2.72241145736929
4231,1.01528,3.00426552167519
4232,1.01552,3.52639210723276
4233,1.01576,2.38368573345669
4234,1.016,2.60745650380397
4235,1.01624,3.65610437644316
4236,1.01648,3.27132163060671
4237,1.01672,2.57593239295944
4238,1.01696,3.67851358843672
4239,1.0172,2.87147735931765
4240,1.01744,2.48124214455484
4241,1.01768,3.40520762911028
4242,1.01792,2.56596100975985
4243,1.01816,3.07287390753545
4244,1.0184,3.57976366336269
4245,1.01864,3.12926279446017
4246,1.01888,2.50472200996319
4247,1.01912,3.2170778440687
4248,1.01936,3.8041396527006
4249,1.0196,2.26123725102982
4250,1.01984,2.81598837836401
4251,1.02008,3.60208789646594
4252,1.02032,2.13214288353114
4253,1.02056,2.76207553090413
4254,1.0208,3.49810420605591
4255,1.02104,2.56971501174876
4256,1.02128,2.66410765382248
4257,1.02152,3.59133962082999
4258,1.02176,2.37683992007208
4259,1.022,2.66445237723733
4260,1.02224,3.42032377582181
4261,1.02248,1.93015950377438
4262,1.02272,3.00711350566975
4263,1.02296,2.7478966815492
4264,1.0232,2.31287305651091
4265,1.02344,3.44436228518574
4266,1.02368,2.07265814814293
4267,1.02392,2.67955272428112
4268,1.02416,2.90928925244396
4269,1.0244,1.6305902659005
4270,1.02464,3.02005907178593
4271,1.02488,2.24317600126409
4272,1.02512,1.5404675304951
4273,1.02536,3.00211591709336
4274,1.0256,2.18324204801419
4275,1.02584,1.42744107903698
4276,1.02608,2.7247143377748
4277,1.02632,1.87310676096167
4278,1.02656,2.03243701277145
4279,1.0268,2.53550384720582
4280,1.02704,1.75429728001208
4281,1.02728,0.907588169264709
4282,1.02752,2.48034470033836
4283,1.02776,1.76472076905483
4284,1.028,0.864549775533222
4285,1.02824,0.961369761592855
4286,1.02848,1.78136490473697
4287,1.02872,1.8777402444786
4288,1.02896,0.565761715984996
4289,1.0292,0.752730024108393
4290,1.02944,1.65764522836418
4291,1.02968,1.24210175313723
4292,1.02992,0.290040874467722
4293,1.03016,1.27043418160574
4294,1.0304,1.5237666813785
4295,1.03064,0.361590016336698
4296,1.03088,0.443862508833288
4297,1.03112,1.48314870268466
4298,1.03136,0.381843605460168
4299,1.0316,0.286105099839087
4300,1.03184,0.90585292887347
4301,1.03208,0.208167708027347
4302,1.03232,0.158899173085085
4303,1.03256,0.705026737172562
4304,1.0328,-0.176575287489052
4305,1.03304,0.419141430949624
4306,1.03328,0.404780418408277
4307,1.03352,-0.658697622412075
4308,1.03376,0.339175758418337
4309,1.034,0.00592303170649378
4310,1.03424,-0.77023990333879
4311,1.03448,0.25839202470981
4312,1.03472,-0.149988703499646
4313,1.03496,-0.772962943292458
4314,1.0352,-0.677812436392725
4315,1.03544,-0.441497382941819
4316,1.03568,-0.670278094551184
4317,1.03592,-0.548197977968257
4318,1.03616,-1.24598599895962
4319,1.0364,-0.725368597887912
4320,1.03664,-0.696373337149702
4321,1.03688,-1.25522666482944
4322,1.03712,-0.956392800907552
4323,1.03736,-0.907256199537445
4324,1.0376,-1.3298497788132
4325,1.03784,-1.13558101739915
4326,1.03808,-1.55633997871058
4327,1.03832,-1.35940797627114
4328,1.03856,-1.64384010743908
4329,1.0388,-1.56706290444223
4330,1.03904,-1.24798220496858
4331,1.03928,-1.53044800916711
4332,1.03952,-1.93339860743254
4333,1.03976,-1.97233601070189
4334,1.04,-1.88772572725979
4335,1.04024,-1.81762754601314
4336,1.04048,-2.46476815535389
4337,1.04072,-2.0282427023126
4338,1.04096,-1.96805941399385
4339,1.0412,-2.62671304388034
4340,1.04144,-2.07933497935833
4341,1.04168,-1.912285957158
4342,1.04192,-2.59002738122043
4343,1.04216,-2.42006552847376
4344,1.0424,-2.51180090375235
4345,1.04264,-2.48982003872246
4346,1.04288,-2.22681840270375
4347,1.04312,-2.70832041369805
4348,1.04336,-2.46212554404116
4349,1.0436,-2.35797823321609
4350,1.04384,-3.10627592077188
4351,1.04408,-2.40646648620327
4352,1.04432,-2.70227525982925
4353,1.04456,-3.35357538593996
4354,1.0448,-2.45675011754925
4355,1.04504,-2.67515114897132
4356,1.04528,-2.87768006969601
4357,1.04552,-2.62846670814355
4358,1.04576,-3.00983827779405
4359,1.046,-2.89680301362488
4360,1.04624,-2.57794812831982
4361,1.04648,-3.37288607457518
4362,1.04672,-2.9402566184314
4363,1.04696,-2.55035807861408
4364,1.0472,-3.75058621839409
4365,1.04744,-3.37199334467407
4366,1.04768,-2.32193071558715
4367,1.04792,-3.34240645399623
4368,1.04816,-3.85555293702599
4369,1.0484,-2.84295798144416
4370,1.04864,-2.47866701602574
4371,1.04888,-2.86315403974437
4372,1.04912,-3.48230349948664
4373,1.04936,-3.74312470648566
4374,1.0496,-2.36458402016303
4375,1.04984,-3.07654723219742
4376,1.05008,-3.77234302129624
4377,1.05032,-2.56346965280266
4378,1.05056,-2.8609846091949
4379,1.0508,-3.75109757764145
4380,1.05104,-2.37579006225777
4381,1.05128,-2.98078005348833
4382,1.05152,-3.69833264712588
4383,1.05176,-2.04792737177135
4384,1.052,-2.96611942254966
4385,1.05224,-3.39185201989807
4386,1.05248,-2.06387555654716
4387,1.05272,-3.16916536906168
4388,1.05296,-2.94493182624279
4389,1.0532,-2.06161461554326
4390,1.05344,-3.12084210184859
4391,1.05368,-2.73335380963146
4392,1.05392,-2.28948910995041
4393,1.05416,-3.28549128134719
4394,1.0544,-2.02752022199528
4395,1.05464,-2.74020283983619
4396,1.05488,-2.59600364837078
4397,1.05512,-1.67636557742826
4398,1.05536,-2.93844254393133
4399,1.0556,-2.50917695012595
4400,1.05584,-1.78156490547075
4401,1.05608,-2.39996933930648
4402,1.05632,-2.4077559135573
4403,1.05656,-1.51117986837702
4404,1.0568,-2.80074737937432
4405,1.05704,-2.15776928761044
4406,1.05728,-1.33919368955512
4407,1.05752,-2.4597148468463
4408,1.05776,-2.13491341092086
4409,1.058,-1.26460062769332
4410,1.05824,-1.75586989743304
4411,1.05848,-2.34127431186749
4412,1.05872,-1.64193046024337
4413,1.05896,-1.3622965351757
4414,1.0592,-1.45229900283098
4415,1.05944,-1.90672491224688
4416,1.05968,-1.42039591905259
4417,1.05992,-0.990122327635847
4418,1.06016,-1.76640116690557
4419,1.0604,-1.69895216311929
4420,1.06064,-0.487944662617096
4421,1.06088,-0.7380156650378
4422,1.06112,-1.70644878593338
4423,1.06136,-0.4271994098538
4424,1.0616,-0.500089316489996
4425,1.06184,-1.52970972081724
4426,1.06208,-0.421918674773593
4427,1.06232,-0.547307168267325
4428,1.06256,-1.14838721947038
4429,1.0628,-0.21234926552824
4430,1.06304,-0.63048741297329
4431,1.06328,-0.679321095138689
4432,1.06352,0.317660005111436
4433,1.06376,-0.744355657457333
4434,1.064,-0.122886253912963
4435,1.06424,0.341043402054674
4436,1.06448,-0.633806063947658
4437,1.06472,0.411468526173375
4438,1.06496,0.355170275194329
4439,1.0652,0.181482007926183
4440,1.06544,0.458714812077585
4441,1.06568,0.493061030774146
4442,1.06592,0.405202930831345
4443,1.06616,0.771382486225143
4444,1.0664,0.536130287282392
4445,1.06664,0.652892557485867
4446,1.06688,0.750147465705061
4447,1.06712,0.723196446935753
4448,1.06736,1.05809571942104
4449,1.0676,0.772190742337214
4450,1.06784,1.08415910832129
4451,1.06808,1.39678756102845
4452,1.06832,1.09383112920687
4453,1.06856,1.74683101358868
4454,1.0688,1.44844064219409
4455,1.06904,1.25163968691651
4456,1.06928,1.41268168589961
4457,1.06952,1.8147355412521
4458,1.06976,1.49651669442493
4459,1.07,1.41844768312515
4460,1.07024,1.57907471139327
4461,1.07048,1.98208248768557
4462,1.07072,1.66349834720492
4463,1.07096,1.70114789676049
4464,1.0712,2.11190874281777
4465,1.07144,2.28094672297871
4466,1.07168,1.96955726947647
4467,1.07192,2.38923244207825
4468,1.07216,2.08558647110725
4469,1.0724,1.66364787252669
4470,1.07264,2.4660547174346
4471,1.07288,2.53973072127365
4472,1.07312,2.13672433488894
4473,1.07336,2.59743672524064
4474,1.0736,2.57394318870694
4475,1.07384,2.07134352783205
4476,1.07408,2.68050112996162
4477,1.07432,2.68041236976792
4478,1.07456,2.09935451881966
4479,1.0748,3.09773663842482
4480,1.07504,2.52461681429317
4481,1.07528,2.46889605899879
4482,1.07552,3.25050634664474
4483,1.07576,2.83640118778137
4484,1.076,2.7010475013404
4485,1.07624,2.55696812506495
4486,1.07648,2.4449388528921
4487,1.07672,3.42089264425387
4488,1.07696,3.07196650397521
4489,1.0772,2.1745754999574
4490,1.07744,3.55839352383181
4491,1.07768,3.2569568625089
4492,1.07792,2.04979257448371
4493,1.07816,3.49223300278169
4494,1.0784,3.36244275289152
4495,1.07864,2.31830748200364
4496,1.07888,3.10884005860211
4497,1.07912,3.39879468018198
4498,1.07936,2.76429471103655
4499,1.0796,2.42297661267826
4500,1.07984,3.05085672430433
4501,1.08008,3.4414754336101
4502,1.08032,2.873379270739
4503,1.08056,2.61239269142762
4504,1.0808,3.31668850916654
4505,1.08104,3.5403316249652
4506,1.08128,2.24949363791053
4507,1.08152,2.91964115964152
4508,1.08176,3.81626419636181
4509,1.082,2.45059774883019
4510,1.08224,2.83345639428717
4511,1.08248,3.2023754479658
4512,1.08272,2.17446090076285
4513,1.08296,2.98681879504371
4514,1.0832,3.18137661543502
4515,1.08344,2.11151375849783
4516,1.08368,2.99086654250241
4517,1.08392,2.90090487595983
4518,1.08416,2.39051106485177
4519,1.0844,3.44433934979558
4520,1.08464,2.236900940647
4521,1.08488,2.76588055488134
4522,1.08512,2.91995680220168
4523,1.08536,1.81385453424167
4524,1.0856,3.12724138358832
4525,1.08584,2.39590384888663
4526,1.08608,2.0978649938173
4527,1.08632,2.98879278608049
4528,1.08656,1.87006513170231
4529,1.0868,2.2439165460963
4530,1.08704,2.96590918622426
4531,1.08728,1.92161878645218
4532,1.08752,1.89417742190242
4533,1.08776,2.81604506822554
4534,1.088,1.95811895779251
4535,1.08824,1.99720058553017
4536,1.08848,2.14386116316667
4537,1.08872,1.26221692951234
4538,1.08896,2.21643467253814
4539,1.0892,2.06833863201451
4540,1.08944,1.36990038385552
4541,1.08968,0.842232969096559
4542,1.08992,1.65301399183399
4543,1.09016,1.9794936461159
4544,1.0904,1.4707043331355
4545,1.09064,1.03181636885064
4546,1.09088,1.07794639299922
4547,1.09112,1.96235951728979
4548,1.09136,0.613288199519263
4549,1.0916,1.21156554607243
4550,1.09184,1.68331273903305
4551,1.09208,0.271126112009588
4552,1.09232,0.576520413321868
4553,1.09256,1.59179077104661
4554,1.0928,0.355439639843453
4555,1.09304,0.942905544935946
4556,1.09328,0.331586016184337
4557,1.09352,0.366304377548186
4558,1.09376,0.876512859568758
4559,1.094,-0.157106482194864
4560,1.09424,0.414492845118644
4561,1.09448,0.61376904489614
4562,1.09472,-0.485305127718161
4563,1.09496,0.367452584599272
4564,1.0952,0.126473689207774
4565,1.09544,-0.674960866681752
4566,1.09568,0.329174633043611
4567,1.09592,-0.345139960635422
4568,1.09616,-0.627513672253312
4569,1.0964,0.164909479203464
4570,1.09664,-0.823701505853238
4571,1.09688,-0.59830478948882
4572,1.09712,-0.254375666601249
4573,1.09736,-0.966019964452683
4574,1.0976,-0.832021024522636
4575,1.09784,-0.698734034827317
4576,1.09808,-1.02349005902617
4577,1.09832,-0.988666534058775
4578,1.09856,-0.948345636859318
4579,1.0988,-1.01501093972241
4580,1.09904,-1.20088044159071
4581,1.09928,-1.14368916011694
4582,1.09952,-1.43653107148032
4583,1.09976,-1.3693523732009
4584,1.1,-1.41628871564682
4585,1.10024,-1.69803484226388
4586,1.10048,-1.38033961350555
4587,1.10072,-1.7850514492254
4588,1.10096,-1.46542846663577
4589,1.1012,-1.86923644601901
4590,1.10144,-1.91114850544607
4591,1.10168,-1.71254348547175
4592,1.10192,-1.51430375881269
4593,1.10216,-2.16502882251376
4594,1.1024,-2.08875591328476
4595,1.10264,-2.02499208620701
4596,1.10288,-2.08521886342263
4597,1.10312,-2.14049473384791
4598,1.10336,-2.32938081102859
4599,1.1036,-2.28767028511346
4600,1.10384,-2.35940748348051
4601,1.10408,-2.44895155007813
4602,1.10432,-2.90596270025695
4603,1.10456,-2.03873862501538
4604,1.1048,-2.40026652128331
4605,1.10504,-3.1177436777551
4606,1.10528,-1.92280617232803
4607,1.10552,-2.79758223880498
4608,1.10576,-2.93769355748432
4609,1.106,-2.14953645724133
4610,1.10624,-3.17108339145761
4611,1.10648,-2.8677432612942
4612,1.10672,-2.60505515005451
4613,1.10696,-3.29564225378348
4614,1.1072,-2.91026956264551
4615,1.10744,-2.32821970793041
4616,1.10768,-3.42394855821739
4617,1.10792,-3.08173737451732
4618,1.10816,-2.30394977466999
4619,1.1084,-3.3504353445307
4620,1.10864,-3.05831234813669
4621,1.10888,-2.44529815801832
4622,1.10912,-3.41687382489898
4623,1.10936,-3.29512057358487
4624,1.1096,-2.49484421397051
4625,1.10984,-3.8878316049001
4626,1.11008,-2.86607941836597
4627,1.11032,-2.25631040399453
4628,1.11056,-2.881524031567
4629,1.1108,-3.5036038216482
4630,1.11104,-2.68664662565455
4631,1.11128,-2.77572899655794
4632,1.11152,-3.34834103991759
4633,1.11176,-3.07590443668956
4634,1.112,-2.74501130984676
4635,1.11224,-3.38267608537825
4636,1.11248,-3.17399074668068
4637,1.11272,-2.55073516652264
4638,1.11296,-3.37914493615587
4639,1.1132,-2.76760275715791
4640,1.11344,-2.46472340235304
4641,1.11368,-3.36598637515811
4642,1.11392,-2.82289932225662
4643,1.11416,-2.46996787429453
4644,1.1144,-3.44413320737976
4645,1.11464,-2.38163351102298
4646,1.11488,-2.70347469301372
4647,1.11512,-3.13421973633573
4648,1.11536,-1.9315798945213
4649,1.1156,-3.04132343811837
4650,1.11584,-2.58282590995368
4651,1.11608,-2.18989950337637
4652,1.11632,-3.35735780961181
4653,1.11656,-2.02668937504466
4654,1.1168,-2.31820063209504
4655,1.11704,-2.94989763558739
4656,1.11728,-1.93878072812903
4657,1.11752,-2.06452049864157
4658,1.11776,-2.90345119382234
4659,1.118,-2.31196417434302
4660,1.11824,-1.42098733576939
4661,1.11848,-2.58857065966938
4662,1.11872,-2.1926543782316
4663,1.11896,-1.136942843906
4664,1.1192,-2.73983878570148
4665,1.11944,-1.93964632041773
4666,1.11968,-1.07815118418113
4667,1.11992,-2.51469765440069
4668,1.12016,-1.89850232354585
4669,1.1204,-1.45661923861383
4670,1.12064,-1.06067888784316
4671,1.12088,-1.51538626508111
4672,1.12112,-1.96907971774584
4673,1.12136,-1.23676129123311
4674,1.1216,-1.16600974847324
4675,1.12184,-1.33589106563801
4676,1.12208,-1.98776806912875
4677,1.12232,-0.646606945152977
4678,1.12256,-1.12852201593498
4679,1.1228,-1.36766450711091
4680,1.12304,-0.0787515030163954
4681,1.12328,-0.753398524763227
4682,1.12352,-1.42090009260256
4683,1.12376,-0.424789323181873
4684,1.124,-0.311886349917868
4685,1.12424,-1.27499248480559
4686,1.12448,-0.108237473693649
4687,1.12472,-0.28157210173008
4688,1.12496,-0.815060805863979
4689,1.1252,0.0569110007589895
4690,1.12544,-0.159150048531787
4691,1.12568,-0.384705476785025
4692,1.12592,0.0786051934505121
4693,1.12616,0.0656672451780134
4694,1.1264,0.14422121441301
4695,1.12664,0.0918462240703455
4696,1.12688,0.520179437071155
4697,1.12712,0.433357997554843
4698,1.12736,0.113785897402817
4699,1.1276,0.740351640243271
4700,1.12784,0.50133137201597
4701,1.12808,0.510448018699533
4702,1.12832,0.982549797535987
4703,1.12856,0.594735517974251
4704,1.1288,0.577788844465381
4705,1.12904,1.02784228876224
4706,1.12928,1.21680774390412
4707,1.12952,1.05702003855806
4708,1.12976,1.1254142779537
4709,1.13,1.54345864453523
4710,1.13024,1.11601428344767
4711,1.13048,1.05071232643168
4712,1.13072,1.57849641390139
4713,1.13096,1.50100975732468
4714,1.1312,1.54767275073262
4715,1.13144,1.59041941757481
4716,1.13168,1.27251523555086
4717,1.13192,1.43660732116227
4718,1.13216,1.84069199069492
4719,1.1324,2.12069082789201
4720,1.13264,1.92320738753765
4721,1.13288,1.97310650025075
4722,1.13312,2.02188343301483
4723,1.13336,1.94671761675451
4724,1.1336,2.36665096264856
4725,1.13384,2.06409782005583
4726,1.13408,2.00395832332978
4727,1.13432,2.56201572077553
4728,1.13456,2.15305603529046
4729,1.1348,1.99760052068823
4730,1.13504,2.9364059478666
4731,1.13528,2.42376387356569
4732,1.13552,2.05717643908533
4733,1.13576,3.02134209580935
4734,1.136,2.41401652003877
4735,1.13624,2.44258038316132
4736,1.13648,3.06467739785894
4737,1.13672,2.25865595438556
4738,1.13696,2.80230362797909
4739,1.1372,2.97246532339725
4740,1.13744,2.09486960334855
4741,1.13768,3.15128492736639
4742,1.13792,2.88287511604172
4743,1.13816,2.53483721306024
4744,1.1384,3.38510360464032
4745,1.13864,2.80397462933902
4746,1.13888,2.86154130682527
4747,1.13912,3.62489329538543
4748,1.13936,2.49352621487268
4749,1.1396,2.97110367133816
4750,1.13984,3.7915131227666
4751,1.14008,2.71140495829193
4752,1.14032,3.00204056387768
4753,1.14056,3.8781564020405
4754,1.1408,2.61133547674281
4755,1.14104,2.96091820824842
4756,1.14128,3.42652063108028
4757,1.14152,3.41674291097868
4758,1.14176,2.49719041559244
4759,1.142,3.04820383203225
4760,1.14224,3.59279500562967
4761,1.14248,2.36238707693452
4762,1.14272,3.10624329837406
4763,1.14296,3.11257771186894
4764,1.1432,2.45697890992395
4765,1.14344,3.14285683528745
4766,1.14368,3.33906822821266
4767,1.14392,2.1479216221402
4768,1.14416,3.14656280338917
4769,1.1444,3.29135510535395
4770,1.14464,2.16991950763328
4771,1.14488,2.99980264694298
4772,1.14512,3.09808259513645
4773,1.14536,2.29361455918905
4774,1.1456,3.30571763208075
4775,1.14584,2.52026065193413
4776,1.14608,2.52176042125645
4777,1.14632,3.35456910435853
4778,1.14656,1.94062473118144
4779,1.1468,2.97000187384287
4780,1.14704,2.66808366844923
4781,1.14728,1.95280840371096
4782,1.14752,3.28220759211092
4783,1.14776,2.10422749949715
4784,1.148,2.54653108528151
4785,1.14824,2.61195629168253
4786,1.14848,1.41106974999942
4787,1.14872,2.64160282862284
4788,1.14896,2.54109004303894
4789,1.1492,1.53015329836551
4790,1.14944,2.4805246739145
4791,1.14968,1.98128776427528
4792,1.14992,1.66218974106565
4793,1.15016,2.29502847022627
4794,1.1504,1.40542291773308
4795,1.15064,1.88645651059734
4796,1.15088,2.22175040619
4797,1.15112,1.39626305073624
4798,1.15136,0.986644438456162
4799,1.1516,1.07810062584763
4800,1.15184,1.89209311256337
4801,1.15208,1.62530165988273
4802,1.15232,1.06273162962548
4803,1.15256,1.34574993664484
4804,1.1528,2.10778685249972
4805,1.15304,0.513988564362256
4806,1.15328,1.22418605138659
4807,1.15352,1.57461979073999
4808,1.15376,0.890481692026272
4809,1.154,1.17604634576674
4810,1.15424,0.744321157771401
4811,1.15448,0.125116416608918
4812,1.15472,1.19279811827286
4813,1.15496,0.578071172504087
4814,1.1552,0.0108259044648211
4815,1.15544,1.00798778367749
4816,1.15568,0.0938461873422722
4817,1.15592,0.0589840409258366
4818,1.15616,0.73393115725311
4819,1.1564,-0.360220611199742
4820,1.15664,0.0033315678033905
4821,1.15688,0.248612187081133
4822,1.15712,-0.314714411892567
4823,1.15736,-0.0383132135902755
4824,1.1576,0.0104348310511706
4825,1.15784,-0.636432587984897
4826,1.15808,-0.323403924772367
4827,1.15832,-0.588826138980009
4828,1.15856,-0.602915698059421
4829,1.1588,-0.740311027959873
4830,1.15904,-0.730560753547288
4831,1.15928,-0.837593843243181
4832,1.15952,-0.947090137584013
4833,1.15976,-0.672587342805045
4834,1.16,-0.756255595202541
4835,1.16024,-0.837458002942415
4836,1.16048,-1.14377409551306
4837,1.16072,-1.09401505110229
4838,1.16096,-1.39103964736316
4839,1.1612,-1.31923107773674
4840,1.16144,-1.62227992581847
4841,1.16168,-1.30480940962903
4842,1.16192,-1.34724570316353
4843,1.16216,-1.99248180733178
4844,1.1624,-1.19326455701507
4845,1.16264,-1.83720102351944
4846,1.16288,-1.76078388336167
4847,1.16312,-1.55999048248763
4848,1.16336,-1.96301649641755
4849,1.1636,-2.13106049093096
4850,1.16384,-1.81236605679974
4851,1.16408,-1.73792141537962
4852,1.16432,-2.39526649194261
4853,1.16456,-2.08770477373428
4854,1.1648,-2.02246951552365
4855,1.16504,-2.45556682400375
4856,1.16528,-2.2840677988341
4857,1.16552,-1.88009779979193
4858,1.16576,-2.57753887474028
4859,1.166,-2.54344055890676
4860,1.16624,-2.04568529233002
4861,1.16648,-3.00437508763418
4862,1.16672,-2.39156213224684
4863,1.16696,-2.41463517764749
4864,1.1672,-3.1514657462489
4865,1.16744,-2.33466426912312
4866,1.16768,-2.75456517826788
4867,1.16792,-3.03780439494422
4868,1.16816,-2.02897036762393
4869,1.1684,-3.08384118447039
4870,1.16864,-2.92649247885092
4871,1.16888,-2.45184401373717
4872,1.16912,-3.40859561577841
4873,1.16936,-2.69549972603018
4874,1.1696,-2.75076592410651
4875,1.16984,-3.63435683230046
4876,1.17008,-2.49321203278961
4877,1.17032,-2.84182667341532
4878,1.17056,-3.17094495269837
4879,1.1708,-2.57084452043811
4880,1.17104,-3.089570004319
4881,1.17128,-3.23240976520508
4882,1.17152,-2.57692544645064
4883,1.17176,-3.98551317398355
4884,1.172,-2.3856281917721
4885,1.17224,-2.88649732947479
4886,1.17248,-3.38916757975937
4887,1.17272,-3.52972264299484
4888,1.17296,-2.51572352447994
4889,1.1732,-3.21470256285286
4890,1.17344,-2.70904268357627
4891,1.17368,-2.5096916487642
4892,1.17392,-3.39298832461656
4893,1.17416,-2.71390999860432
4894,1.1744,-2.46011617380564
4895,1.17464,-3.29088951291714
4896,1.17488,-2.91775604665655
4897,1.17512,-2.37065978717738
4898,1.17536,-3.27823794466705
4899,1.1756,-2.97349350978886
4900,1.17584,-2.37667062181684
4901,1.17608,-3.23389621581311
4902,1.17632,-2.64970656700594
4903,1.17656,-2.61015336590616
4904,1.1768,-3.40366960078893
4905,1.17704,-1.95213819883914
4906,1.17728,-2.94558114859121
4907,1.17752,-2.84459630850048
4908,1.17776,-1.96653768225859
4909,1.178,-3.26095165245823
4910,1.17824,-2.28008747545258
4911,1.17848,-2.20928650791635
4912,1.17872,-3.08314633137473
4913,1.17896,-2.06493682342349
4914,1.1792,-1.94977971786366
4915,1.17944,-2.91002760615608
4916,1.17968,-2.43624701375385
4917,1.17992,-1.29889504635033
4918,1.18016,-2.71350208197052
4919,1.1804,-1.96168152802282
4920,1.18064,-1.62869956679628
4921,1.18088,-2.8500553671171
4922,1.18112,-2.04380105686793
4923,1.18136,-1.17945331982796
4924,1.1816,-2.14582532694549
4925,1.18184,-2.01014504514142
4926,1.18208,-1.32378883102061
4927,1.18232,-1.28788411772669
4928,1.18256,-1.61122912395492
4929,1.1828,-2.17588101352748
4930,1.18304,-0.748782981520373
4931,1.18328,-1.62835668287724
4932,1.18352,-1.66146953333352
4933,1.18376,-0.638088061665432
4934,1.184,-0.631333204605989
4935,1.18424,-1.58589568369626
4936,1.18448,-0.741925846559476
4937,1.18472,-0.56256163147775
4938,1.18496,-1.1012112513498
4939,1.1852,-0.68043144213432
4940,1.18544,-0.312513326997632
4941,1.18568,-0.908731445113539
4942,1.18592,-0.305576459759886
4943,1.18616,-0.347896643700942
4944,1.1864,-0.86516938135983
4945,1.18664,0.273138522271185
4946,1.18688,-0.658838229040121
4947,1.18712,-0.379028968837702
4948,1.18736,0.462627235536092
4949,1.1876,-0.625045988540647
4950,1.18784,0.201303223438845
4951,1.18808,0.277816849708527
4952,1.18832,0.121580766703689
4953,1.18856,0.417139934818271
4954,1.1888,0.340111156745476
4955,1.18904,0.50448753654741
4956,1.18928,0.518767911189437
4957,1.18952,0.295739854210672
4958,1.18976,1.02208984360903
4959,1.19,0.642560928182012
4960,1.19024,0.631757869016769
4961,1.19048,0.732285640259636
4962,1.19072,1.4154694269939
4963,1.19096,1.0147856389112
4964,1.1912,0.851485950750605
4965,1.19144,1.15584866430053
4966,1.19168,0.978681827111279
4967,1.19192,1.04191095165724
4968,1.19216,1.69200743772936
4969,1.1924,1.1356682201536
4970,1.19264,1.54622373391276
4971,1.19288,1.58785566148643
4972,1.19312,1.86790954387912
4973,1.19336,1.31243467801653
4974,1.1936,1.954290077251
4975,1.19384,1.75153270809777
4976,1.19408,1.79383358737184
4977,1.19432,1.83885900867111
4978,1.19456,1.88058557496763
4979,1.1948,2.17203015131165
4980,1.19504,2.10272125185211
4981,1.19528,1.91359803689803
4982,1.19552,2.22048314045332
4983,1.19576,2.64312698091279
4984,1.196,2.22756862547348
4985,1.19624,2.07673213193226
4986,1.19648,2.87852157737919
4987,1.19672,2.00290689536525
4988,1.19696,2.47355645440163
4989,1.1972,2.81131832388999
4990,1.19744,2.21057613514826
4991,1.19768,2.82569299839877
4992,1.19792,2.71000843970113
4993,1.19816,2.26833213883445
4994,1.1984,2.90260507521188
4995,1.19864,2.58854629246324
4996,1.19888,2.66178455949496
4997,1.19912,2.60521149872241
4998,1.19936,2.82495543894522
4999,1.1996,3.5247745243179
5000,1.19984,2.31419259291847
5001,1.20008,2.94580246133724
5002,1.20032,3.32002266984039
5003,1.20056,2.16643784987246
5004,1.2008,3.2002382712555
5005,1.20104,3.14207278646906
5006,1.20128,2.29221310371202
5007,1.20152,3.48200672513601
5008,1.20176,2.76280259265627
5009,1.202,2.93066039904794
5010,1.20224,3.93630532582232
5011,1.20248,2.66618033898399
5012,1.20272,2.29200815435592
5013,1.20296,2.79029030279095
5014,1.2032,3.28618217553615
5015,1.20344,3.78246431869823
5016,1.20368,2.39102158522877
5017,1.20392,2.85127563081582
5018,1.20416,3.54286732575968
5019,1.2044,2.56505462911017
5020,1.20464,2.85083216212298
5021,1.20488,3.49767833235512
5022,1.20512,2.82123412205081
5023,1.20536,2.93130499713166
5024,1.2056,3.63551578670443
5025,1.20584,2.20380794795449
5026,1.20608,2.98722875857291
5027,1.20632,3.15618777837273
5028,1.20656,2.3018291951875
5029,1.2068,3.14800918797848
5030,1.20704,2.79098606048301
5031,1.20728,2.49736423660577
5032,1.20752,3.52149919460392
5033,1.20776,2.28564025773862
5034,1.208,2.78743278299129
5035,1.20824,2.91551667680911
5036,1.20848,2.02423722416019
5037,1.20872,3.30350149490794
5038,1.20896,2.3077738303214
5039,1.2092,2.34028520333862
5040,1.20944,2.71921589498795
5041,1.20968,1.58668324725372
5042,1.20992,2.76993144510803
5043,1.21016,2.38014615947171
5044,1.2104,1.69010398494489
5045,1.21064,2.92940261562317
5046,1.21088,2.02268487074465
5047,1.21112,1.7750171039825
5048,1.21136,2.7204835034274
5049,1.2116,1.88541529890064
5050,1.21184,1.5908925954937
5051,1.21208,2.24663951490727
5052,1.21232,1.49538887834297
5053,1.21256,2.10825562229027
5054,1.2128,1.63473273314427
5055,1.21304,0.975663085896258
5056,1.21328,1.06563309670561
5057,1.21352,1.8790623239881
5058,1.21376,1.61435587063739
5059,1.214,1.05116794151104
5060,1.21424,1.09828131201973
5061,1.21448,2.10739114189421
5062,1.21472,0.512483764988681
5063,1.21496,1.22163048526796
5064,1.2152,1.68872854983224
5065,1.21544,0.642612673692348
5066,1.21568,1.16884773512209
5067,1.21592,0.736394607408491
5068,1.21616,-0.00281128488341453
5069,1.2164,1.06983309565835
5070,1.21664,0.69346900072499
5071,1.21688,0.00258474479962589
5072,1.21712,0.999147935958851
5073,1.21736,0.0809311857342008
5074,1.2176,0.0456812705075209
5075,1.21784,0.720272150524077
5076,1.21808,-0.374205131263108
5077,1.21832,0.349380084100419
5078,1.21856,0.470696483575649
5079,1.2188,-0.336701606631948
5080,1.21904,-0.0602179285526452
5081,1.21928,-0.0106101603390552
5082,1.21952,-0.298009343631221
5083,1.21976,-0.470752549191169
5084,1.22,-0.614238534978171
5085,1.22024,-0.392134071986249
5086,1.22048,-0.64912052952946
5087,1.22072,-0.640452877801499
5088,1.22096,-0.746517990198271
5089,1.2212,-0.976947340091371
5090,1.22144,-0.701725000553615
5091,1.22168,-0.906647824717545
5092,1.22192,-1.23058633215891
5093,1.22216,-0.937512531844005
5094,1.2224,-1.2403972794459
5095,1.22264,-1.42532557395918
5096,1.22288,-0.99326759055728
5097,1.22312,-1.04721207040423
5098,1.22336,-1.58221008095385
5099,1.2236,-1.38101922028252
5100,1.22384,-1.54820752096492
5101,1.22408,-1.35150969160554
5102,1.22432,-1.63621335073604
5103,1.22456,-1.79665191464792
5104,1.2248,-1.59525411544006
5105,1.22504,-1.51535905227095
5106,1.22528,-2.16272030185214
5107,1.22552,-1.84580246158619
5108,1.22576,-2.01444075759519
5109,1.226,-1.83219319568587
5110,1.22624,-2.00600386453587
5111,1.22648,-2.1901201932946
5112,1.22672,-2.61783446348544
5113,1.22696,-1.72276768524552
5114,1.2272,-2.41390320798389
5115,1.22744,-2.49342001596389
5116,1.22768,-2.1055102120145
5117,1.22792,-2.57990329668816
5118,1.22816,-3.04584358540586
5119,1.2284,-2.19978091378624
5120,1.22864,-2.70393388761571
5121,1.22888,-2.95305504508613
5122,1.22912,-2.03037277583636
5123,1.22936,-3.04256332155936
5124,1.2296,-2.72532247985364
5125,1.22984,-2.92619193391814
5126,1.23008,-3.24301996088419
5127,1.23032,-2.25558381485528
5128,1.23056,-3.22126187703874
5129,1.2308,-3.08901698008137
5130,1.23104,-2.28121275336436
5131,1.23128,-3.40102141612335
5132,1.23152,-3.07299781410855
5133,1.23176,-2.42727022081008
5134,1.232,-3.72880387811377
5135,1.23224,-2.61669179650194
5136,1.23248,-3.1144529834592
5137,1.23272,-3.71628805231038
5138,1.23296,-2.78754364951319
5139,1.2332,-3.22460146610296
5140,1.23344,-3.40352506821449
5141,1.23368,-2.54136775246911
5142,1.23392,-3.03732257887656
5143,1.23416,-3.64673622967301
5144,1.2344,-2.5886714401674
5145,1.23464,-2.91411179885395
5146,1.23488,-3.47889881123779
5147,1.23512,-2.96450548591868
5148,1.23536,-2.51718260967312
5149,1.2356,-3.27894156730967
5150,1.23584,-3.55716595517134
5151,1.23608,-2.43920520614671
5152,1.23632,-3.27200098931032
5153,1.23656,-3.13370341098409
5154,1.2368,-2.45965347628742
5155,1.23704,-3.36126857475456
5156,1.23728,-2.81844512347234
5157,1.23752,-2.70064339457952
5158,1.23776,-3.66096231736061
5159,1.238,-2.48188743670993
5160,1.23824,-2.56284283621183
5161,1.23848,-3.47598453998768
5162,1.23872,-2.01620384018669
5163,1.23896,-2.88960371227077
5164,1.2392,-2.79140145558574
5165,1.23944,-2.15104591501137
5166,1.23968,-3.19690966824562
5167,1.23992,-1.98652778880378
5168,1.24016,-2.62916969132308
5169,1.2404,-2.77024200895579
5170,1.24064,-1.64786781041173
5171,1.24088,-2.83767795041111
5172,1.24112,-2.21952042319154
5173,1.24136,-1.4289113354979
5174,1.2416,-2.81135181985663
5175,1.24184,-2.26511658788969
5176,1.24208,-1.29758423159746
5177,1.24232,-2.5231358328145
5178,1.24256,-2.0507392264789
5179,1.2428,-1.15829685658923
5180,1.24304,-2.5561407275855
5181,1.24328,-2.03327848804319
5182,1.24352,-1.32384093268717
5183,1.24376,-1.38403564672582
5184,1.244,-2.50704635896988
5185,1.24424,-0.662335536889434
5186,1.24448,-1.50828772988718
5187,1.24472,-1.62832666694116
5188,1.24496,-0.920350491794337
5189,1.2452,-0.748838317648747
5190,1.24544,-1.89259993479059
5191,1.24568,-0.886517212194725
5192,1.24592,-0.777373012030612
5193,1.24616,-1.86729961656923
5194,1.2464,-0.583145082500519
5195,1.24664,-0.415594469727663
5196,1.24688,-1.44626133058717
5197,1.24712,-0.687758385776851
5198,1.24736,-0.572488523965721
5199,1.2476,-0.8118042677656
5200,1.24784,-0.231843254396957
5201,1.24808,-0.173520149880788
5202,1.24832,-0.46993885663187
5203,1.24856,-0.179849487228857
5204,1.2488,-0.167698290888163
5205,1.24904,-0.146096925324434
5206,1.24928,-0.0355153888355336
5207,1.24952,-0.176510394355849
5208,1.24976,0.284134984044811
5209,1.25,0.225356586236867
5210,1.25024,-0.071466542088978
5211,1.25048,0.701565836825735
5212,1.25072,0.244625863395335
5213,1.25096,0.27815263163759
5214,1.2512,0.64962395335818
5215,1.25144,0.524761372597829
5216,1.25168,0.409609072106449
5217,1.25192,1.11326257313699
5218,1.25216,0.599678379802476
5219,1.2524,0.696007317070319
5220,1.25264,1.37283298486892
5221,1.25288,1.08849878060841
5222,1.25312,0.916463294426626
5223,1.25336,1.57506699541032
5224,1.2536,1.27768622588738
5225,1.25384,1.56762690921736
5226,1.25408,1.25198809870259
5227,1.25432,1.77933683971895
5228,1.25456,1.22481537202357
5229,1.2548,1.87069857775004
5230,1.25504,1.54867634352264
5231,1.25528,1.95160578412656
5232,1.25552,1.51243033867535
5233,1.25576,1.67098931239684
5234,1.256,1.83397025646753
5235,1.25624,2.242004528399
5236,1.25648,1.80479415487415
5237,1.25672,1.61284931210577
5238,1.25696,2.27304394290439
5239,1.2572,2.44406449443218
5240,1.25744,2.27145164223497
5241,1.25768,2.22704974731503
5242,1.25792,2.2958966881485
5243,1.25816,2.3823650175818
5244,1.2584,2.35368811764227
5245,1.25864,2.20343812053685
5246,1.25888,2.55888656720321
5247,1.25912,3.15124423403289
5248,1.25936,1.94741628320028
5249,1.2596,2.69669725643826
5250,1.25984,3.07054081584538
5251,1.26008,2.02776846471075
5252,1.26032,3.04601135317017
5253,1.26056,2.85550488047331
5254,1.2608,2.58417432377208
5255,1.26104,2.90720131360218
5256,1.26128,2.52562594241592
5257,1.26152,3.2592670108862
5258,1.26176,3.13794359889334
5259,1.262,2.44442480326067
5260,1.26224,2.99170243768416
5261,1.26248,3.27830606330133
5262,1.26272,2.16142425241438
5263,1.26296,3.34650082194901
5264,1.2632,3.0798932908613
5265,1.26344,2.26332472865828
5266,1.26368,3.85851311272831
5267,1.26392,2.9325280357929
5268,1.26416,2.89448362577052
5269,1.2644,3.57212327358092
5270,1.26464,2.36484975355409
5271,1.26488,2.76177581964482
5272,1.26512,3.39293283765839
5273,1.26536,3.54719386392868
5274,1.2656,2.42592860326889
5275,1.26584,3.02057606852268
5276,1.26608,3.72588199283475
5277,1.26632,2.29427854747128
5278,1.26656,2.72480983088349
5279,1.2668,3.62928433891814
5280,1.26704,2.73491018564888
5281,1.26728,2.51208293926706
5282,1.26752,3.25820361330155
5283,1.26776,2.79843511285569
5284,1.268,2.16640133357533
5285,1.26824,3.2308325522035
5286,1.26848,2.7253713645753
5287,1.26872,2.28821117496779
5288,1.26896,3.30125744793475
5289,1.2692,2.51000270116631
5290,1.26944,2.38899687707016
5291,1.26968,3.34334276941981
5292,1.26992,1.92385851814704
5293,1.27016,2.8327108890744
5294,1.2704,2.65073506883836
5295,1.27064,2.04915323883739
5296,1.27088,3.25395595181222
5297,1.27112,2.4269174879905
5298,1.27136,2.14171383089228
5299,1.2716,2.81316342770086
5300,1.27184,1.83943839823677
5301,1.27208,2.35684937777617
5302,1.27232,2.37460014639521
5303,1.27256,1.49046862248455
5304,1.2728,3.01779183994688
5305,1.27304,1.90961304113002
5306,1.27328,1.59358730867224
5307,1.27352,2.46295503698396
5308,1.27376,1.6835795410769
5309,1.274,1.5544999514466
5310,1.27424,2.38044798737822
5311,1.27448,1.5462414405071
5312,1.27472,0.649729025033038
5313,1.27496,1.46580716652748
5314,1.2752,1.55770154072016
5315,1.27544,2.37373435385982
5316,1.27568,0.463996248244983
5317,1.27592,1.48086765426226
5318,1.27616,1.53100048473608
5319,1.2764,0.755634343522046
5320,1.27664,0.99724587112259
5321,1.27688,1.59362067128448
5322,1.27712,1.11278329928527
5323,1.27736,0.450516546479204
5324,1.2776,1.59514698209738
5325,1.27784,0.589849013634935
5326,1.27808,0.462739624012882
5327,1.27832,1.1724257458645
5328,1.27856,0.351373065259699
5329,1.2788,0.632487791732321
5330,1.27904,0.191816753136654
5331,1.27928,0.0329035060805529
5332,1.27952,0.837995841427686
5333,1.27976,0.0873633486354846
5334,1.28,-0.262300884975333
5335,1.28024,0.701471268251839
5336,1.28048,-0.354072741721441
5337,1.28072,-0.30726741655843
5338,1.28096,-0.142331406992718
5339,1.2812,-0.306463820118968
5340,1.28144,0.00560117322971276
5341,1.28168,-0.752784433709926
5342,1.28192,-0.400299673460002
5343,1.28216,-0.416912447450024
5344,1.2824,-1.01824475727549
5345,1.28264,-0.638243728129102
5346,1.28288,-0.626618666222585
5347,1.28312,-0.957308556778934
5348,1.28336,-0.794624044087369
5349,1.2836,-0.761551866154275
5350,1.28384,-1.07168302407023
5351,1.28408,-1.01476643393606
5352,1.28432,-1.07716654129563
5353,1.28456,-1.73101129041886
5354,1.2848,-1.43069958884864
5355,1.28504,-1.59129848922711
5356,1.28528,-1.27331200200216
5357,1.28552,-1.68145689862794
5358,1.28576,-1.72186068370716
5359,1.286,-1.87873833698173
5360,1.28624,-1.56351332587346
5361,1.28648,-2.08506828338157
5362,1.28672,-2.0031732700909
5363,1.28696,-1.81105121504521
5364,1.2872,-2.21294622318574
5365,1.28744,-1.77772510402771
5366,1.28768,-2.43825364144492
5367,1.28792,-2.13197547398739
5368,1.28816,-1.94795879690499
5369,1.2884,-2.50282758447576
5370,1.28864,-2.21634043643793
5371,1.28888,-1.81162193930554
5372,1.28912,-2.74835973590668
5373,1.28936,-2.11305644868817
5374,1.2896,-2.22194643725269
5375,1.28984,-3.17555213294495
5376,1.29008,-2.08241299169407
5377,1.29032,-2.58502136789493
5378,1.29056,-3.19654611355871
5379,1.2908,-2.02139673038066
5380,1.29104,-2.91650722314751
5381,1.29128,-2.9619821672135
5382,1.29152,-2.18725485078051
5383,1.29176,-3.0043420272274
5384,1.292,-3.20383159902368
5385,1.29224,-2.11817762138866
5386,1.29248,-3.20720817737132
5387,1.29272,-2.97259096237378
5388,1.29296,-2.42398006098247
5389,1.2932,-3.18864432312754
5390,1.29344,-2.88869458532848
5391,1.29368,-3.34921664919459
5392,1.29392,-3.31430621620767
5393,1.29416,-2.70976807688478
5394,1.2944,-3.22997660880917
5395,1.29464,-3.3697667185289
5396,1.29488,-2.35170303405137
5397,1.29512,-2.8196054258619
5398,1.29536,-3.1449542385592
5399,1.2956,-2.56095918223698
5400,1.29584,-3.07121756380342
5401,1.29608,-3.58381050239959
5402,1.29632,-3.01786897095328
5403,1.29656,-2.52331167829563
5404,1.2968,-3.23857635643934
5405,1.29704,-3.58963850180387
5406,1.29728,-2.18538781651234
5407,1.29752,-2.98216964779046
5408,1.29776,-3.6531748774414
5409,1.298,-2.30512916378755
5410,1.29824,-2.69797138033758
5411,1.29848,-3.56265457469634
5412,1.29872,-2.52027655622164
5413,1.29896,-2.8602238552897
5414,1.2992,-3.54489268595544
5415,1.29944,-1.99162872898474
5416,1.29968,-3.11976162010379
5417,1.29992,-2.79303954119368
5418,1.30016,-2.41310083956621
5419,1.3004,-3.592343574108
5420,1.30064,-2.26924289571375
5421,1.30088,-2.80702417862002
5422,1.30112,-2.84514643226942
5423,1.30136,-1.86306572660104
5424,1.3016,-3.18356742439688
5425,1.30184,-2.45879851634498
5426,1.30208,-2.04122767485184
5427,1.30232,-2.94302092642753
5428,1.30256,-1.71785326278133
5429,1.3028,-2.81030132275305
5430,1.30304,-2.32956338596055
5431,1.30328,-1.31215422093555
5432,1.30352,-2.72178861051038
5433,1.30376,-1.96649903310792
5434,1.304,-1.63021474589697
5435,1.30424,-2.84842967023103
5436,1.30448,-2.03919007018994
5437,1.30472,-1.17200733776618
5438,1.30496,-2.36835669269774
5439,1.3052,-1.98734966159305
5440,1.30544,-1.29901873268907
5441,1.30568,-0.779810387672732
5442,1.30592,-1.59366475717658
5443,1.30616,-1.56405538294993
5444,1.3064,-0.832542985073774
5445,1.30664,-0.87985756835263
5446,1.30688,-1.64540094564559
5447,1.30712,-0.976856093381923
5448,1.30736,-0.729054808437544
5449,1.3076,-1.32156128392008
5450,1.30784,-1.67384374436662
5451,1.30808,-0.753036988267303
5452,1.30832,-0.924984950206315
5453,1.30856,-0.742154723934526
5454,1.3088,-0.365689077008193
5455,1.30904,-0.956862827830182
5456,1.30928,-0.468718058347
5457,1.30952,0.0891301896264758
5458,1.30976,-1.03577065230959
5459,1.31,-0.361404312946793
5460,1.31024,0.148093242527431
5461,1.31048,-0.30145054174387
5462,1.31072,-0.041904239749782
5463,1.31096,-0.0580404061089861
5464,1.3112,-0.0625674192996104
5465,1.31144,0.0204895784597942
5466,1.31168,-0.0273063789767318
5467,1.31192,0.522154443939151
5468,1.31216,0.1994178005062
5469,1.3124,0.242752453774212
5470,1.31264,0.753955312719612
5471,1.31288,0.396261492947292
5472,1.31312,0.0481996334795647
5473,1.31336,0.649486746663108
5474,1.3136,1.22752058600544
5475,1.31384,0.970990498658974
5476,1.31408,0.694261635544855
5477,1.31432,1.01516568978559
5478,1.31456,1.3348129448835
5479,1.3148,0.798221095780271
5480,1.31504,1.33769594974005
5481,1.31528,1.28123008614268
5482,1.31552,1.3303051287721
5483,1.31576,1.37811287098465
5484,1.316,1.66478989206194
5485,1.31624,1.35235868408207
5486,1.31648,1.39626216740728
5487,1.31672,1.43769713354637
5488,1.31696,1.96298300936826
5489,1.3172,1.5206747538188
5490,1.31744,1.92325628779433
5491,1.31768,1.85172843060742
5492,1.31792,2.49405497653931
5493,1.31816,2.05450290217239
5494,1.3184,1.7509352648583
5495,1.31864,2.40485876505892
5496,1.31888,2.09598122271963
5497,1.31912,2.40393289381687
5498,1.31936,2.35329386425163
5499,1.3196,1.94471086256073
5500,1.31984,2.63430081217653
5501,1.32008,2.35529334373517
5502,1.32032,2.21482112093995
5503,1.32056,2.56749166420787
5504,1.3208,2.31402443030912
5505,1.32104,2.56746801048004
5506,1.32128,2.94236821793135
5507,1.32152,2.24055342510226
5508,1.32176,2.89233873415201
5509,1.322,3.17065764978271
5510,1.32224,2.03132867324312
5511,1.32248,2.83840257981648
5512,1.32272,3.27427686343625
5513,1.32296,2.17497530822234
5514,1.3232,3.26293095616576
5515,1.32344,3.01699428300538
5516,1.32368,2.33371756154815
5517,1.32392,3.34349697404573
5518,1.32416,3.26105984315805
5519,1.3244,2.25869826981276
5520,1.32464,3.80191013908646
5521,1.32488,3.2857098484991
5522,1.32512,2.33703313256849
5523,1.32536,3.45973407252245
5524,1.3256,3.12551810472953
5525,1.32584,2.47692598211852
5526,1.32608,3.07078835394237
5527,1.32632,3.16037135431964
5528,1.32656,2.58409741898634
5529,1.3268,3.22126802538363
5530,1.32704,3.62094117968481
5531,1.32728,2.49602534359064
5532,1.32752,3.20489751655165
5533,1.32776,3.784806699586
5534,1.328,2.23873752925193
5535,1.32824,2.90625316662025
5536,1.32848,3.68092004803574
5537,1.32872,2.54888978115972
5538,1.32896,2.92081779768734
5539,1.3292,3.64725467586363
5540,1.32944,2.00535880464647
5541,1.32968,2.93169451631334
5542,1.32992,3.36521575652191
5543,1.33016,2.04468672300361
5544,1.3304,3.15709247654301
5545,1.33064,2.93965196800045
5546,1.33088,2.18569849997377
5547,1.33112,3.36214869084816
5548,1.33136,2.50245749023122
5549,1.3316,2.547085597612
5550,1.33184,3.05961584185179
5551,1.33208,1.81757604069336
5552,1.33232,2.53818054740858
5553,1.33256,3.00391709865726
5554,1.3328,1.83581875770961
5555,1.33304,2.74855844040037
5556,1.33328,2.21021422187315
5557,1.33352,2.2188483480685
5558,1.33376,2.69094463122733
5559,1.334,1.76546530103425
5560,1.33424,2.2109723682951
5561,1.33448,2.63548476662158
5562,1.33472,1.66082821483158
5563,1.33496,1.70639199816439
5564,1.3352,2.69151801304001
5565,1.33544,1.89710573193563
5566,1.33568,1.16378619167257
5567,1.33592,2.47133879258755
5568,1.33616,1.86263810294346
5569,1.3364,1.31065398495555
5570,1.33664,1.15919811572615
5571,1.33688,1.6150128009728
5572,1.33712,2.06970723488141
5573,1.33736,1.21793451271776
5574,1.3376,0.916936869857612
5575,1.33784,1.33874205759554
5576,1.33808,1.75559732070013
5577,1.33832,0.906767649065137
5578,1.33856,1.270453873181
5579,1.3388,0.677692402990636
5580,1.33904,0.502834723175557
5581,1.33928,1.28571898076795
5582,1.33952,0.508888358455087
5583,1.33976,0.146154385027632
5584,1.34,1.10545231241951
5585,1.34024,0.384521658988676
5586,1.34048,0.0778736876867414
5587,1.34072,0.610991750424368
5588,1.34096,-0.0536154614926216
5589,1.3412,0.287413316308898
5590,1.34144,0.499290614535054
5591,1.34168,-0.231506897699107
5592,1.34192,0.268834800109276
5593,1.34216,0.0386403931452433
5594,1.3424,-0.754665913082596
5595,1.34264,0.260340425632405
5596,1.34288,-0.16518104522035
5597,1.34312,-0.560790842028283
5598,1.34336,-0.481467104462169
5599,1.3436,-0.498019495787564
5600,1.34384,-0.623595079507089
5601,1.34408,-0.748612374149506
5602,1.34432,-0.494271057595332
5603,1.34456,-0.71192841270789
5604,1.3448,-0.57623389142095
5605,1.34504,-1.26150986119231
5606,1.34528,-0.971387316811809
5607,1.34552,-0.929375743251064
5608,1.34576,-1.35345698559303
5609,1.346,-1.04649325834439
5610,1.34624,-1.10702216398395
5611,1.34648,-1.51994941528482
5612,1.34672,-1.32391384765559
5613,1.34696,-1.36863080293824
5614,1.3472,-1.77335645050302
5615,1.34744,-1.45787176241254
5616,1.34768,-1.3799863705309
5617,1.34792,-1.66549031320176
5618,1.34816,-2.06607053237517
5619,1.3484,-1.50566328150997
5620,1.34864,-1.91032998401665
5621,1.34888,-1.96101661743359
5622,1.34912,-2.24482486484837
5623,1.34936,-1.9303020138992
5624,1.3496,-2.35466713318064
5625,1.34984,-2.41174144028737
5626,1.35008,-2.11062418367254
5627,1.35032,-2.42985070893359
5628,1.35056,-2.26401794347111
5629,1.3508,-1.74457378064687
5630,1.35104,-2.32993309301582
5631,1.35128,-2.78560556175514
5632,1.35152,-2.40987148549954
5633,1.35176,-2.42103428972107
5634,1.352,-2.78022468142737
5635,1.35224,-2.44088604552264
5636,1.35248,-2.72046415401886
5637,1.35272,-2.74985573070598
5638,1.35296,-2.57074778188733
5639,1.3532,-3.12200039209466
5640,1.35344,-2.82741170488658
5641,1.35368,-2.93141790845442
5642,1.35392,-3.51542527602246
5643,1.35416,-2.42997835850219
5644,1.3544,-2.82893388137823
5645,1.35464,-3.68868682586545
5646,1.35488,-2.52424359929306
5647,1.35512,-2.60926821165803
5648,1.35536,-3.65129415667967
5649,1.3556,-2.65805933490822
5650,1.35584,-3.27372911761849
5651,1.35608,-3.39096011543927
5652,1.35632,-2.7005834125272
5653,1.35656,-3.13553202870631
5654,1.3568,-3.42905754988599
5655,1.35704,-2.31921285618709
5656,1.35728,-2.8186035251287
5657,1.35752,-3.31980170405524
5658,1.35776,-3.81791814956831
5659,1.358,-2.43330434874778
5660,1.35824,-3.01540116943813
5661,1.35848,-3.59161977558745
5662,1.35872,-2.61820742173715
5663,1.35896,-2.67387033311399
5664,1.3592,-3.45056941438197
5665,1.35944,-3.01946369513753
5666,1.35968,-2.7747943120094
5667,1.35992,-3.49474186188706
5668,1.36016,-2.66412453384793
5669,1.3604,-2.61768592550532
5670,1.36064,-3.64628626538401
5671,1.36088,-2.40746726453282
5672,1.36112,-2.67819231850502
5673,1.36136,-3.53944469162231
5674,1.3616,-2.2586361848268
5675,1.36184,-2.60347994323737
5676,1.36208,-3.29411937415283
5677,1.36232,-1.86205555953822
5678,1.36256,-2.98984988937058
5679,1.3628,-2.55198761028538
5680,1.36304,-2.17796498302803
5681,1.36328,-3.36259445249612
5682,1.36352,-2.04914620682571
5683,1.36376,-2.47428816909089
5684,1.364,-2.76183554894682
5685,1.36424,-1.54288342636252
5686,1.36448,-2.63421715853111
5687,1.36472,-2.39472586484174
5688,1.36496,-1.73672400078469
5689,1.3652,-2.88787091093087
5690,1.36544,-2.24027076484175
5691,1.36568,-1.41147398836881
5692,1.36592,-2.41101895259209
5693,1.36616,-2.20149577781613
5694,1.3664,-1.3213742344809
5695,1.36664,-2.27117865405656
5696,1.36688,-1.77417990960293
5697,1.36712,-1.09346533510989
5698,1.36736,-1.51840626144573
5699,1.3676,-2.18071834062691
5700,1.36784,-0.591990993326447
5701,1.36808,-1.21283645397577
5702,1.36832,-2.06809600119214
5703,1.36856,-1.13190928003271
5704,1.3688,-0.861638202195797
5705,1.36904,-1.31234131946148
5706,1.36928,-1.17247828550058
5707,1.36952,-0.721949990967051
5708,1.36976,-0.874096583499735
5709,1.37,-1.50985209021691
5710,1.37024,-0.630629032645004
5711,1.37048,-0.963496888412246
5712,1.37072,-0.45716574516027
5713,1.37096,-0.237153339859263
5714,1.3712,-0.392659319144594
5715,1.37144,-1.14290459682344
5716,1.37168,-0.00525577023443524
5717,1.37192,-0.205611878865998
5718,1.37216,-0.283491304998694
5719,1.3724,-0.0403390396337875
5720,1.37264,-0.280069472159105
5721,1.37288,0.309697764470823
5722,1.37312,-0.0933634189289991
5723,1.37336,-0.00384500934500198
5724,1.3736,0.773690408169142
5725,1.37384,-0.0258378254109433
5726,1.37408,0.260881133634203
5727,1.37432,0.641304366413195
5728,1.37456,0.665871787851684
5729,1.3748,0.664070695186637
5730,1.37504,0.658643360001636
5731,1.37528,0.890627896638407
5732,1.37552,0.858460118708461
5733,1.37576,0.832258385121676
5734,1.376,0.914700691952225
5735,1.37624,1.34422081178939
5736,1.37648,1.0541922447082
5737,1.37672,0.998735752357175
5738,1.37696,1.2930934122609
5739,1.3772,1.22714269560976
5740,1.37744,1.037865835604
5741,1.37768,1.56223503631793
5742,1.37792,1.48634513109459
5743,1.37816,1.41239699380195
5744,1.3784,1.21526910900204
5745,1.37864,1.49977066590601
5746,1.37888,1.90478598769255
5747,1.37912,1.58319761934646
5748,1.37936,2.10572561022291
5749,1.3796,1.6744455848262
5750,1.37984,1.95802346227973
5751,1.38008,2.12505562071851
5752,1.38032,2.06262103836592
5753,1.38056,1.99806586470123
5754,1.3808,1.94230839076522
5755,1.38104,2.61482453358757
5756,1.38128,1.96071623271853
5757,1.38152,1.80709163554009
5758,1.38176,2.74364968486677
5759,1.382,2.58880878690232
5760,1.38224,2.22275749609232
5761,1.38248,2.8148533291684
5762,1.38272,2.45097112650113
5763,1.38296,2.8373180090187
5764,1.3832,2.61193742130014
5765,1.38344,2.40806570077018
5766,1.38368,3.18270688434421
5767,1.38392,2.50912407578627
5768,1.38416,2.83404671086435
5769,1.3844,3.51111726073365
5770,1.38464,2.28166683622778
5771,1.38488,2.89470197904496
5772,1.38512,3.2506482305089
5773,1.38536,2.43514816494777
5774,1.3856,3.08981714636949
5775,1.38584,3.24915295584604
5776,1.38608,2.48163785399518
5777,1.38632,3.06397991421893
5778,1.38656,3.15485608590846
5779,1.3868,2.44617986131031
5780,1.38704,3.8064475648743
5781,1.38728,2.75848626052002
5782,1.38752,2.59597300125964
5783,1.38776,3.54707009824816
5784,1.388,2.43729614295998
5785,1.38824,2.7077445795863
5786,1.38848,3.22264489083705
5787,1.38872,3.85174602138245
5788,1.38896,2.34571966992392
5789,1.3892,2.70442226384487
5790,1.38944,3.42104633216745
5791,1.38968,2.93464098933133
5792,1.38992,2.87150551641792
5793,1.39016,3.64691719412633
5794,1.3904,2.29342865860814
5795,1.39064,2.90650823083771
5796,1.39088,3.62650685595534
5797,1.39112,1.98412240506989
5798,1.39136,3.02636024720803
5799,1.3916,3.57463846358528
5800,1.39184,2.36290621895396
5801,1.39208,2.76375863447766
5802,1.39232,3.51308251103431
5803,1.39256,2.01252239381114
5804,1.3928,2.96237580838426
5805,1.39304,2.93985936190075
5806,1.39328,2.01626359753195
5807,1.39352,3.26715811364569
5808,1.39376,2.24472749598263
5809,1.394,2.60351565878424
5810,1.39424,2.94250494246981
5811,1.39448,1.77181270245411
5812,1.39472,2.4425400357344
5813,1.39496,2.85749431098545
5814,1.3952,1.64285852782382
5815,1.39544,2.51386413458852
5816,1.39568,2.52394813349178
5817,1.39592,1.50686485751184
5818,1.39616,2.45138890209743
5819,1.3964,2.18012570183495
5820,1.39664,1.72889411406392
5821,1.39688,2.71079340157306
5822,1.39712,1.793921305599
5823,1.39736,1.54266316793148
5824,1.3976,2.35663688223741
5825,1.39784,1.6387432304237
5826,1.39808,0.973602075144545
5827,1.39832,0.943973398904592
5828,1.39856,1.75770716083804
5829,1.3988,1.72790085771578
5830,1.39904,0.651282623049836
5831,1.39928,1.42606945714267
5832,1.39952,1.47249069018886
5833,1.39976,0.576440309994208
5834,1.4,1.29444328366021
5835,1.40024,1.52345898137709
5836,1.40048,0.921750488821323
5837,1.40072,0.495226133288824
5838,1.40096,1.5107434407956
5839,1.4012,0.738038669711298
5840,1.40144,0.609478947055388
5841,1.40168,0.837750934227047
5842,1.40192,0.00606604360861129
5843,1.40216,0.65594157256943
5844,1.4024,0.69195909556554
5845,1.40264,-0.439751917576785
5846,1.40288,0.612226059697988
5847,1.40312,0.214383234505699
5848,1.40336,-0.382562452253888
5849,1.4036,0.584404884662177
5850,1.40384,-0.358436993922283
5851,1.40408,-0.31193010523136
5852,1.40432,0.0911528922346616
5853,1.40456,-0.558377808498989
5854,1.4048,-0.24687681263389
5855,1.40504,-0.521608054489641
5856,1.40528,-0.532559451501167
5857,1.40552,-0.312424412177961
5858,1.40576,-1.03411678941827
5859,1.406,-0.416034113956245
5860,1.40624,-0.40624653194376
5861,1.40648,-1.09783779863797
5862,1.40672,-0.942791224107037
5863,1.40696,-0.904019356175897
5864,1.4072,-1.45228445871285
5865,1.40744,-1.16111694212183
5866,1.40768,-0.863324617613067
5867,1.40792,-1.63640601895371
5868,1.40816,-1.33505562403159
5869,1.4084,-1.50123979686391
5870,1.40864,-1.7830607265537
5871,1.40888,-1.46575184380466
5872,1.40912,-1.8672651263936
5873,1.40936,-1.30860633550342
5874,1.4096,-1.95029319825555
5875,1.40984,-1.63420658931867
5876,1.41008,-1.91618633278244
5877,1.41032,-2.07658630308543
5878,1.41056,-2.00695596569931
5879,1.4108,-1.93019143345863
5880,1.41104,-1.85736868216514
5881,1.41128,-2.16128033149199
5882,1.41152,-2.58068520320989
5883,1.41176,-2.15931130962991
5884,1.412,-2.23889823055617
5885,1.41224,-2.55500687774004
5886,1.41248,-1.7929340800967
5887,1.41272,-2.13683337601332
5888,1.41296,-2.95747355225598
5889,1.4132,-2.45666267182169
5890,1.41344,-2.46854799770666
5891,1.41368,-2.82788525955697
5892,1.41392,-2.24933124587457
5893,1.41416,-2.88620359347118
5894,1.4144,-2.67616506734545
5895,1.41464,-2.73779226488217
5896,1.41488,-2.67140405834842
5897,1.41512,-2.27075227726396
5898,1.41536,-3.2162251571305
5899,1.4156,-2.70849234835221
5900,1.41584,-2.60516430450712
5901,1.41608,-3.4592980837808
5902,1.41632,-2.75547949255323
5903,1.41656,-2.22206490411213
5904,1.4168,-3.37107933546027
5905,1.41704,-3.31113256311055
5906,1.41728,-2.33073429463689
5907,1.41752,-3.89415351656142
5908,1.41776,-2.70065155902587
5909,1.418,-3.47174577653189
5910,1.41824,-3.49786122789117
5911,1.41848,-2.84334623855171
5912,1.41872,-2.35556797257415
5913,1.41896,-2.85364341786688
5914,1.4192,-3.34689934801646
5915,1.41944,-3.36340493955302
5916,1.41968,-2.47184467369617
5917,1.41992,-3.1650194585844
5918,1.42016,-3.73273317390949
5919,1.4204,-2.41563331750742
5920,1.42064,-3.17644007834192
5921,1.42088,-3.80698014309208
5922,1.42112,-2.30438693139495
5923,1.42136,-2.9072308918897
5924,1.4216,-3.73452751195582
5925,1.42184,-2.42050093357925
5926,1.42208,-2.85130321838479
5927,1.42232,-3.51364658717845
5928,1.42256,-2.16925910323552
5929,1.4228,-3.14368342675306
5930,1.42304,-2.78955663289375
5931,1.42328,-2.49951156853361
5932,1.42352,-3.5317886142954
5933,1.42376,-2.06607654463037
5934,1.424,-2.81493900192065
5935,1.42424,-2.94833800220162
5936,1.42448,-2.05748431380597
5937,1.42472,-3.34052896519566
5938,1.42496,-2.11869014667241
5939,1.4252,-2.1592145460825
5940,1.42544,-3.1489804052533
5941,1.42568,-1.88776822767679
5942,1.42592,-2.36267192235191
5943,1.42616,-2.69846477781909
5944,1.4264,-1.64570789124543
5945,1.42664,-2.66557078657602
5946,1.42688,-2.11584692163218
5947,1.42712,-1.26736782011658
5948,1.42736,-2.71380929885045
5949,1.4276,-1.99681572209632
5950,1.42784,-1.22658790908502
5951,1.42808,-2.25593250551126
5952,1.42832,-1.27583499697094
5953,1.42856,-2.13517368481899
5954,1.4288,-1.77974904804194
5955,1.42904,-0.76011535632287
5956,1.42928,-1.57081577749396
5957,1.42952,-1.65851660422996
5958,1.42976,-2.23155199139726
5959,1.43,-0.45711054135656
5960,1.43024,-1.35796141470591
5961,1.43048,-1.77203308516099
5962,1.43072,-0.292332899359439
5963,1.43096,-1.25537600765911
5964,1.4312,-1.36879244209771
5965,1.43144,-0.541177771236077
5966,1.43168,-0.844456145501087
5967,1.43192,-1.50162594871888
5968,1.43216,-0.269450640744699
5969,1.4324,-0.506220369312533
5970,1.43264,-1.34031434008801
5971,1.43288,-0.401179373224867
5972,1.43312,-0.449301944810189
5973,1.43336,-0.734300124740465
5974,1.4336,-0.0958603852591517
5975,1.43384,-0.306279232595722
5976,1.43408,0.0794822754551578
5977,1.43432,-0.0565053754771923
5978,1.43456,-0.181005657619007
5979,1.4348,0.629508494894858
5980,1.43504,-0.262480216622836
5981,1.43528,-0.0692505396707463
5982,1.43552,0.575332349352947
5983,1.43576,0.259321093510302
5984,1.436,0.529966596884948
5985,1.43624,0.537236496962706
5986,1.43648,0.313804998471634
5987,1.43672,1.02904800534472
5988,1.43696,0.643509077308893
5989,1.4372,0.391868901031006
5990,1.43744,1.32411355949446
5991,1.43768,0.677670344548059
5992,1.43792,0.762386860566106
5993,1.43816,1.18941769964908
5994,1.4384,1.13576224318879
5995,1.43864,1.55336856176384
5996,1.43888,1.00055458714652
5997,1.43912,1.66181483792835
5998,1.43936,1.34088742477979
5999,1.4396,1.86442001507752
6000,1.43984,1.30705311775916
6001,1.44008,1.70968387020501
6002,1.44032,1.86596868205072
6003,1.44056,1.54765881439584
6004,1.4408,1.95359093595868
6005,1.44104,1.87117645165883
6006,1.44128,1.79525968212267
6007,1.44152,2.32679476572806
6008,1.44176,2.00972846817476
6009,1.442,2.06665755066513
6010,1.44224,2.48641572829202
6011,1.44248,2.18208303590179
6012,1.44272,2.13347075213979
6013,1.44296,2.44944760726238
6014,1.4432,1.92403637561427
6015,1.44344,2.62160543200121
6016,1.44368,2.2289627766899
6017,1.44392,1.97451340105903
6018,1.44416,2.93804632158223
6019,1.4444,2.21071689523562
6020,1.44464,2.11202409061825
6021,1.44488,3.10136734646484
6022,1.44512,2.64513233831967
6023,1.44536,2.58329514120006
6024,1.4456,2.87251871639211
6025,1.44584,2.34837537342631
6026,1.44608,3.03879533922615
6027,1.44632,2.76619539228232
6028,1.44656,2.77126571758127
6029,1.4468,2.88798086098592
6030,1.44704,2.55016627706684
6031,1.44728,3.44566090727564
6032,1.44752,3.00285988447666
6033,1.44776,2.71528051392485
6034,1.448,3.5434426068967
6035,1.44824,3.26953881626902
6036,1.44848,2.564281054709
6037,1.44872,3.79716870213082
6038,1.44896,2.74181860301107
6039,1.4492,2.57433927322532
6040,1.44944,3.40314766703017
6041,1.44968,2.64806524971256
6042,1.44992,2.79378895002092
6043,1.45016,3.18670540634144
6044,1.4504,3.81412029203769
6045,1.45064,2.53999765532506
6046,1.45088,2.77454360143297
6047,1.45112,3.37014912205242
6048,1.45136,3.11959923489404
6049,1.4516,2.81105374878019
6050,1.45184,3.47160378266386
6051,1.45208,2.69460694496199
6052,1.45232,2.70600901027575
6053,1.45256,3.43729901125249
6054,1.4528,2.84922970843854
6055,1.45304,2.33093678343254
6056,1.45328,3.38164563131503
6057,1.45352,2.8626575197277
6058,1.45376,2.29581238649922
6059,1.454,3.30239996835271
6060,1.45424,2.50359800561507
6061,1.45448,2.37535072038153
6062,1.45472,3.56289126516067
6063,1.45496,2.12766975539629
6064,1.4552,2.43630393821343
6065,1.45544,3.4588776342575
6066,1.45568,2.09704216765841
6067,1.45592,2.4791743067577
6068,1.45616,2.84557811842259
6069,1.4564,1.57921080345576
6070,1.45664,2.74736555947807
6071,1.45688,2.34911876485084
6072,1.45712,1.77136144111321
6073,1.45736,2.99796410085615
6074,1.4576,1.95977136665817
6075,1.45784,1.58499110360125
6076,1.45808,2.76843690996282
6077,1.45832,1.92063788028202
6078,1.45856,1.49751840820293
6079,1.4588,2.74801300333339
6080,1.45904,1.84909939684786
6081,1.45928,1.25744105242802
6082,1.45952,2.21840790873459
6083,1.45976,1.52565060172465
6084,1.46,1.00566407948692
6085,1.46024,1.46271205777962
6086,1.46048,1.92048598641746
6087,1.46072,1.66386342597623
6088,1.46096,1.11307651313943
6089,1.4612,1.17090533822259
6090,1.46144,2.06984650470187
6091,1.46168,0.489082321426022
6092,1.46192,0.743047561023827
6093,1.46216,1.5958720323928
6094,1.4624,0.549853538438382
6095,1.46264,0.504502282857702
6096,1.46288,1.17703475696983
6097,1.46312,0.785289398428793
6098,1.46336,0.672982078569936
6099,1.4636,0.79399827790184
6100,1.46384,0.221788992042646
6101,1.46408,0.51866563942302
6102,1.46432,0.209602680846116
6103,1.46456,-0.0595061584480965
6104,1.4648,0.637656723581632
6105,1.46504,-0.100613628984149
6106,1.46528,-0.321145844680339
6107,1.46552,0.533139445663339
6108,1.46576,-0.51325472380219
6109,1.466,0.0212327075435166
6110,1.46624,-0.046658580063127
6111,1.46648,-0.686567896370162
6112,1.46672,-0.248200625344847
6113,1.46696,-0.51296229237382
6114,1.4672,-0.759912850037967
6115,1.46744,-0.652309489020532
6116,1.46768,-0.639881490091262
6117,1.46792,-0.740174806397692
6118,1.46816,-0.962724505985944
6119,1.4684,-0.80329788934724
6120,1.46864,-0.759876613812614
6121,1.46888,-0.719755256916667
6122,1.46912,-1.38324736318714
6123,1.46936,-1.20822311448108
6124,1.4696,-1.26384814643774
6125,1.46984,-1.19296252273764
6126,1.47008,-1.12708000658691
6127,1.47032,-1.52718751827417
6128,1.47056,-1.5734279557272
6129,1.4708,-1.61576092150697
6130,1.47104,-1.29745263251111
6131,1.47128,-1.70004031450197
6132,1.47152,-1.74699074321407
6133,1.47176,-2.14697809976544
6134,1.472,-1.94638789806919
6135,1.47224,-1.99519737683688
6136,1.47248,-2.28519768137641
6137,1.47272,-1.97043458031167
6138,1.47296,-2.03099519701669
6139,1.4732,-2.20880912421813
6140,1.47344,-2.15588955617692
6141,1.47368,-2.59033651274995
6142,1.47392,-2.1808886094625
6143,1.47416,-2.02496421936827
6144,1.4744,-2.72283038909183
6145,1.47464,-2.57152953470873
6146,1.47488,-2.20189403541176
6147,1.47512,-2.92436283964704
6148,1.47536,-2.19992716365011
6149,1.4756,-2.34894447085222
6150,1.47584,-3.21684376033509
6151,1.47608,-2.40494914074192
6152,1.47632,-2.70913636362146
6153,1.47656,-3.35765115239551
6154,1.4768,-2.22823951955569
6155,1.47704,-3.17093385283667
6156,1.47728,-3.02438939639292
6157,1.47752,-2.30598511309005
6158,1.47776,-3.41140480391936
6159,1.478,-3.18047618275141
6160,1.47824,-2.1567882543264
6161,1.47848,-3.30306028604581
6162,1.47872,-3.239611547017
6163,1.47896,-2.13945931769536
6164,1.4792,-3.45712378527082
6165,1.47944,-2.98067136663943
6166,1.47968,-2.55564554935605
6167,1.47992,-3.31582582468535
6168,1.48016,-3.0128822304632
6169,1.4804,-2.39544382293032
6170,1.48064,-2.77357025618376
6171,1.48088,-3.27293550168652
6172,1.48112,-3.40878312403431
6173,1.48136,-2.51487331543422
6174,1.4816,-3.08649449250645
6175,1.48184,-3.65385503794211
6176,1.48208,-2.32739193288173
6177,1.48232,-3.20873186096692
6178,1.48256,-3.1150110560074
6179,1.4828,-2.11660226969605
6180,1.48304,-2.95604096497523
6181,1.48328,-3.54034904985562
6182,1.48352,-2.36516531456089
6183,1.48376,-3.25883346835944
6184,1.484,-2.94623386425987
6185,1.48424,-2.21578105727484
6186,1.48448,-3.30271825993615
6187,1.48472,-2.82560385004398
6188,1.48496,-2.41352941724065
6189,1.4852,-3.44297431985908
6190,1.48544,-2.20663475083537
6191,1.48568,-2.5969353294162
6192,1.48592,-3.08864185749872
6193,1.48616,-1.7057117306682
6194,1.4864,-2.88554876031102
6195,1.48664,-2.48982300112248
6196,1.48688,-2.03902558223001
6197,1.48712,-3.04240887331127
6198,1.48736,-2.24157556214557
6199,1.4876,-1.98758018134668
6200,1.48784,-2.92803554245954
6201,1.48808,-1.85992948324434
6202,1.48832,-2.28378275510689
6203,1.48856,-2.80795803323889
6204,1.4888,-1.81459384459703
6205,1.48904,-1.83550605650474
6206,1.48928,-2.56358439795885
6207,1.48952,-1.64097308249155
6208,1.48976,-2.08705759624095
6209,1.49,-2.28253458878455
6210,1.49024,-1.43474290520977
6211,1.49048,-2.30654912384765
6212,1.49072,-1.37189225753493
6213,1.49096,-0.987913329503423
6214,1.4912,-1.45429570561341
6215,1.49144,-1.67728868002038
6216,1.49168,-0.722727346790122
6217,1.49192,-1.38569802496868
6218,1.49216,-1.43971056651327
6219,1.4924,-0.55079448317229
6220,1.49264,-1.2754951149843
6221,1.49288,-1.51078870183956
6222,1.49312,-0.914953519532388
6223,1.49336,-0.493915314943144
6224,1.4936,-1.5145470513586
6225,1.49384,-0.634575876326011
6226,1.49408,-0.630765191089689
6227,1.49432,-0.862719120863789
6228,1.49456,-0.0344161095350759
6229,1.4948,-0.567140342376669
6230,1.49504,-0.488371455757275
6231,1.49528,0.0377658134450417
6232,1.49552,-0.417166455449398
6233,1.49576,-0.265483356744373
6234,1.496,0.448633785954362
6235,1.49624,-0.524583475361708
6236,1.49648,0.29733760701433
6237,1.49672,0.366795256306168
6238,1.49696,-0.160581598362401
6239,1.4972,0.725405293556505
6240,1.49744,0.289883649246267
6241,1.49768,0.324969667863549
6242,1.49792,1.05408047350222
6243,1.49816,-0.017473147092735
6244,1.4984,0.467507883501042
6245,1.49864,1.17032367213072
6246,1.49888,0.795563381533591
6247,1.49912,0.762365536050437
6248,1.49936,0.841622757697143
6249,1.4996,0.925106087220531
6250,1.49984,1.35168972967249
6251,1.50008,0.933410866132862
6252,1.50032,0.879393511446108
6253,1.50056,1.53214184403435
6254,1.5008,1.09573311549639
6255,1.50104,1.87635187972896
6256,1.50128,1.32346128920934
6257,1.50152,1.9651163737578
6258,1.50176,1.40491285499646
6259,1.502,1.56531589821293
6260,1.50224,1.72600036147727
6261,1.50248,1.6476393326103
6262,1.50272,1.68744056675245
6263,1.50296,1.49058961293633
6264,1.5032,2.14264508143815
6265,1.50344,2.18554399097508
6266,1.50368,1.75616998742782
6267,1.50392,2.41980324596472
6268,1.50416,2.11878747921801
6269,1.5044,1.69959654524235
6270,1.50464,2.50484798127811
6271,1.50488,2.58145882694056
6272,1.50512,1.82245168950197
6273,1.50536,2.29086952378721
6274,1.5056,2.87133398941824
6275,1.50584,2.4943544793329
6276,1.50608,2.38772021734437
6277,1.50632,2.75107617909291
6278,1.50656,2.53605623147033
6279,1.5068,2.81435803301986
6280,1.50704,2.60881255305381
6281,1.50728,2.91598504613786
6282,1.50752,2.73586884675197
6283,1.50776,2.34031604669052
6284,1.508,3.40749390846658
6285,1.50824,2.5431874636186
6286,1.50848,2.68709992426431
6287,1.50872,3.54652514894049
6288,1.50896,2.48921712124248
6289,1.5092,2.44273302614122
6290,1.50944,3.59133979284185
6291,1.50968,3.29811025983039
6292,1.50992,2.21958597175673
6293,1.51016,3.42310932671039
6294,1.5104,2.71634087644805
6295,1.51064,3.13534654710814
6296,1.51088,3.41337106556183
6297,1.51112,2.76638372661333
6298,1.51136,2.41294996456099
6299,1.5116,3.02993841788464
6300,1.51184,3.40997145359568
6301,1.51208,3.06901361197305
6302,1.51232,2.55331749312954
6303,1.51256,3.36449630737141
6304,1.5128,3.69027621209476
6305,1.51304,2.38194757918172
6306,1.51328,3.26931371703412
6307,1.51352,3.30745766291594
6308,1.51376,2.20118925171347
6309,1.514,3.16477819498613
6310,1.51424,3.27152578290746
6311,1.51448,2.35579978879719
6312,1.51472,3.25853155876493
6313,1.51496,2.9583534971277
6314,1.5152,2.24400867307468
6315,1.51544,3.33927472612665
6316,1.51568,2.63325782570191
6317,1.51592,2.59665920519128
6318,1.51616,3.38852046534746
6319,1.5164,1.93277608404154
6320,1.51664,2.81119885974255
6321,1.51688,2.82870673425769
6322,1.51712,1.94638891414532
6323,1.51736,3.12660034984758
6324,1.5176,2.26415665815157
6325,1.51784,2.30838543503796
6326,1.51808,3.19060315984846
6327,1.51832,2.16259774797211
6328,1.51856,2.27736515366908
6329,1.5188,2.74003161804106
6330,1.51904,1.68666588158403
6331,1.51928,2.36329230221557
6332,1.51952,2.6556093196087
6333,1.51976,1.5571354459811
6334,1.52,2.30558930538222
6335,1.52024,2.43036278927008
6336,1.52048,1.40466140245688
6337,1.52072,2.57238475423127
6338,1.52096,2.04993480558898
6339,1.5212,1.21937581562899
6340,1.52144,2.33500876088715
6341,1.52168,0.821098262959508
6342,1.52192,1.28445233590764
6343,1.52216,1.74641344115558
6344,1.5224,1.96857705971669
6345,1.52264,0.43515197561998
6346,1.52288,1.34481571874098
6347,1.52312,1.52824669563737
6348,1.52336,0.764353239985986
6349,1.5236,0.772309578744733
6350,1.52384,1.85182447549412
6351,1.52408,0.329824301770264
6352,1.52432,0.639808287309889
6353,1.52456,1.42217202339768
6354,1.5248,0.320947175384322
6355,1.52504,0.559972972268365
6356,1.52528,1.27709619840594
6357,1.52552,0.108248374722639
6358,1.52576,0.167399834894285
6359,1.526,0.817494164571362
6360,1.52624,-0.303507445892887
6361,1.52648,0.522493943576479
6362,1.52672,0.256704720065195
6363,1.52696,-0.45218014510271
6364,1.5272,0.525829945756317
6365,1.52744,-0.0494202653274327
6366,1.52768,-0.472783423272915
6367,1.52792,-0.180849450231201
6368,1.52816,-0.465600365202951
6369,1.5284,-0.497331047143491
6370,1.52864,-0.530507872111671
6371,1.52888,-0.532722500791202
6372,1.52912,-0.181306045140797
6373,1.52936,-0.903534712427562
6374,1.5296,-0.998607380945141
6375,1.52984,-0.861038271008871
6376,1.53008,-0.591658971219962
6377,1.53032,-1.26798226619001
6378,1.53056,-1.10526782160673
6379,1.5308,-0.813636495952347
6380,1.53104,-1.47253833687736
6381,1.53128,-0.92648193528201
6382,1.53152,-1.35099524051449
6383,1.53176,-1.39789211719738
6384,1.532,-1.79894422173217
6385,1.53224,-1.3653945108379
6386,1.53248,-1.88996775844043
6387,1.53272,-1.45160311049517
6388,1.53296,-1.97569096927384
6389,1.5332,-1.65343961765833
6390,1.53344,-1.80968916778085
6391,1.53368,-1.97134158898794
6392,1.53392,-2.14141102756397
6393,1.53416,-1.5831507226763
6394,1.5344,-1.7585042751854
6395,1.53464,-2.17744197156251
6396,1.53488,-2.22933866940173
6397,1.53512,-2.41646863501145
6398,1.53536,-2.13000067197069
6399,1.5356,-2.19877358382442
6400,1.53584,-2.6466032472496
6401,1.53608,-2.49252810232022
6402,1.53632,-2.10603823234035
6403,1.53656,-2.70293576256021
6404,1.5368,-2.45007338147226
6405,1.53704,-2.33923646895949
6406,1.53728,-3.08082638533005
6407,1.53752,-2.37430272439327
6408,1.53776,-2.6633970007507
6409,1.538,-3.30880022713854
6410,1.53824,-2.28231284003482
6411,1.53848,-2.97488400252852
6412,1.53872,-3.29014939932041
6413,1.53896,-2.31173160216006
6414,1.5392,-3.04322242646983
6415,1.53944,-3.40530210721313
6416,1.53968,-3.05814293498545
6417,1.53992,-2.39643901118686
6418,1.54016,-3.53683361377058
6419,1.5404,-3.23555524479603
6420,1.54064,-2.1473792198416
6421,1.54088,-3.82082440797199
6422,1.54112,-2.73928868139559
6423,1.54136,-2.6626326144343
6424,1.5416,-3.68353511640498
6425,1.54184,-3.24622590387546
6426,1.54208,-2.60672905313311
6427,1.54232,-2.85518289433781
6428,1.54256,-3.34716873025583
6429,1.5428,-2.87824088391298
6430,1.54304,-2.59382898304994
6431,1.54328,-3.39210322963207
6432,1.54352,-3.46586987034931
6433,1.54376,-2.51244322542948
6434,1.544,-3.38143367453693
6435,1.54424,-3.16400085343251
6436,1.54448,-2.52636661127703
6437,1.54472,-3.3408940905027
6438,1.54496,-2.95212727308484
6439,1.5452,-2.38999295245639
6440,1.54544,-3.16369911287859
6441,1.54568,-2.96658370958871
6442,1.54592,-2.35630658926797
6443,1.54616,-3.20061341106052
6444,1.5464,-3.19397677430215
6445,1.54664,-2.16572166204045
6446,1.54688,-3.20812780183127
6447,1.54712,-2.44410339915894
6448,1.54736,-2.34868193663572
6449,1.5476,-3.32795980776732
6450,1.54784,-1.93231302727415
6451,1.54808,-2.63213360786691
6452,1.54832,-2.71723901419077
6453,1.54856,-1.77715421073738
6454,1.5488,-3.13569389451799
6455,1.54904,-2.09658983052149
6456,1.54928,-2.32364958881895
6457,1.54952,-2.53282231261442
6458,1.54976,-1.47581309822621
6459,1.55,-2.84218649941307
6460,1.55024,-2.16337158841417
6461,1.55048,-1.1872624049836
6462,1.55072,-2.63181290141436
6463,1.55096,-2.26732189020139
6464,1.5512,-1.35304360659484
6465,1.55144,-2.39161341041784
6466,1.55168,-2.33617576515697
6467,1.55192,-1.48416991158789
6468,1.55216,-1.4093341724215
6469,1.5524,-2.03598645812163
6470,1.55264,-1.27624813404429
6471,1.55288,-1.37623884169361
6472,1.55312,-2.19998297911124
6473,1.55336,-1.8280382342968
6474,1.5536,-1.04004862056803
6475,1.55384,-1.10652611903252
6476,1.55408,-2.01325526847056
6477,1.55432,-0.433326888647558
6478,1.55456,-0.815183001102607
6479,1.5548,-1.07347458645783
6480,1.55504,-0.272195829099858
6481,1.55528,-0.953685143322952
6482,1.55552,-1.14574301445487
6483,1.55576,-0.156118127184766
6484,1.556,-0.536347703165977
6485,1.55624,-0.787088430530691
6486,1.55648,-0.093234084840307
6487,1.55672,-0.519217573242071
6488,1.55696,-0.695690712328453
6489,1.5572,0.417718542352904
6490,1.55744,-0.652123787911888
6491,1.55768,-0.154372077829926
6492,1.55792,0.425396290244017
6493,1.55816,-0.675528390521662
6494,1.5584,0.368663362787673
6495,1.55864,0.42703488197778
6496,1.55888,0.130457990130083
6497,1.55912,0.529557428742977
6498,1.55936,0.321282263350145
6499,1.5596,0.825116713700803
6500,1.55984,0.460675367270394
6501,1.56008,0.106454409443066
6502,1.56032,0.702148024157758
6503,1.56056,1.27512513189415
6504,1.5608,1.01404643867355
6505,1.56104,0.733258472078952
6506,1.56128,1.05056478072569
6507,1.56152,1.36705406108884
6508,1.56176,0.827726726701268
6509,1.562,1.48427460486701
6510,1.56224,1.18659422782113
6511,1.56248,1.59798888713718
6512,1.56272,1.2821000262438
6513,1.56296,1.8082160060922
6514,1.5632,1.25317886314115
6515,1.56344,1.89882914042265
6516,1.56368,1.57684214506642
6517,1.56392,1.98005416221209
6518,1.56416,1.54139277505927
6519,1.5644,1.70068712592699
6520,1.56464,1.86460962128126
6521,1.56488,2.27377475487017
6522,1.56512,1.83787432184408
6523,1.56536,1.52674263409624
6524,1.5656,2.4317792970369
6525,1.56584,2.24539307758504
6526,1.56608,1.95006361335412
6527,1.56632,2.63183345160602
6528,1.56656,2.22771417431688
6529,1.5668,2.18809513822068
6530,1.56704,2.53143927390471
6531,1.56728,2.38932844965269
6532,1.56752,2.01630981958812
6533,1.56776,2.98536224550776
6534,1.568,2.2644994366705
6535,1.56824,2.4150493244485
6536,1.56848,3.28710613163841
6537,1.56872,2.11766090910727
6538,1.56896,2.78729512103559
6539,1.5692,3.32048599831276
6540,1.56944,2.31709639447148
6541,1.56968,3.14990970219588
6542,1.56992,3.36040161974777
6543,1.57016,2.28230088076498
6544,1.5704,3.15746522369041
6545,1.57064,3.06135479638781
6546,1.57088,2.86272775488686
6547,1.57112,3.06314344452642
6548,1.57136,3.01322636823397
6549,1.5716,2.7561444449219
6550,1.57184,3.49211588902595
6551,1.57208,3.12774629062187
6552,1.57232,2.92197758240132
6553,1.57256,2.15980672614714
6554,1.5728,3.7979036620729
6555,1.57304,2.80465764074548
6556,1.57328,2.70346245471139
6557,1.57352,3.20885110004726
6558,1.57376,3.71513795387234
6559,1.574,2.43998701516867
6560,1.57424,2.90724883904404
6561,1.57448,3.72692195900821
6562,1.57472,2.51536871961976
6563,1.57496,2.81031151335964
6564,1.5752,3.46472834204169
6565,1.57544,2.68048847106874
6566,1.57568,2.80165715108819
6567,1.57592,3.51960381293552
6568,1.57616,2.57381183123732
6569,1.5764,2.65146210893241
6570,1.57664,3.56259509756339
6571,1.57688,2.3326212271702
6572,1.57712,2.60536863164875
6573,1.57736,3.46547895115367
6574,1.5776,2.07582553662468
6575,1.57784,3.01614990506562
6576,1.57808,2.7387292530284
6577,1.57832,2.16809561225509
6578,1.57856,3.40441347567021
6579,1.5788,2.01574380197791
6580,1.57904,2.60497629134655
6581,1.57928,2.70068547302888
6582,1.57952,1.89179777879267
6583,1.57976,3.25554163513745
6584,1.58,2.11016665711761
6585,1.58024,2.3442569390141
6586,1.58048,2.56381536383181
6587,1.58072,1.63294290953031
6588,1.58096,2.30100289813007
6589,1.5812,2.58976129653181
6590,1.58144,1.7246318486471
6591,1.58168,1.874130531592
6592,1.58192,2.3666487149085
6593,1.58216,1.45884869944715
6594,1.5824,2.14878295830615
6595,1.58264,1.98777564247131
6596,1.58288,1.2767233046306
6597,1.58312,1.33630087132648
6598,1.58336,2.45524612747475
6599,1.5836,0.610189531147474
6600,1.58384,1.57124493272702
6601,1.58408,1.80409916249761
6602,1.58432,1.08944765710583
6603,1.58456,0.79606973728118
6604,1.5848,1.94183258436152
6605,1.58504,1.16783195885364
6606,1.58528,0.816156550828142
6607,1.58552,1.5460429043453
6608,1.58576,0.497524251846062
6609,1.586,0.685216816106457
6610,1.58624,0.988629059180457
6611,1.58648,0.229532332021564
6612,1.58672,0.834822398884527
6613,1.58696,0.948671720472215
6614,1.5872,-0.230310632418716
6615,1.58744,0.665895068535477
6616,1.58768,0.349824740933803
6617,1.58792,-0.282337705620452
6618,1.58816,0.648991447290488
6619,1.5884,-0.212067756965778
6620,1.58864,0.0427485787915205
6621,1.58888,0.408442300531786
6622,1.58912,-0.638979932911996
6623,1.58936,0.0137050065073816
6624,1.5896,0.183206742695468
6625,1.58984,-0.460002496416884
6626,1.59008,-0.144932943800473
6627,1.59032,-0.530874739434691
6628,1.59056,-0.420073047355232
6629,1.5908,-0.674235631590629
6630,1.59104,-1.14147048898817
6631,1.59128,-0.764687340047496
6632,1.59152,-0.746218263462897
6633,1.59176,-1.19041618804999
6634,1.592,-0.914688347999587
6635,1.59224,-0.99120384159739
6636,1.59248,-1.41419505148353
6637,1.59272,-1.24369488106027
6638,1.59296,-0.937331594827482
6639,1.5932,-1.23184445240766
6640,1.59344,-1.28281030216913
6641,1.59368,-1.44565200069671
6642,1.59392,-1.49119870611208
6643,1.59416,-1.41755933083328
6644,1.5944,-1.34142697864015
6645,1.59464,-1.50550561840977
6646,1.59488,-2.02790423364161
6647,1.59512,-1.46617020868471
6648,1.59536,-1.63172311455876
6649,1.5956,-2.28097756670644
6650,1.59584,-1.72157407520843
6651,1.59608,-1.65396154023565
6652,1.59632,-2.31191526979165
6653,1.59656,-2.24246597754672
6654,1.5968,-2.31031725928146
6655,1.59704,-2.26354221702651
6656,1.59728,-2.32926547967443
6657,1.59752,-2.41813160713846
6658,1.59776,-2.62918112306393
6659,1.598,-2.35552448835904
6660,1.59824,-2.46776965414425
6661,1.59848,-2.57352110304127
6662,1.59872,-2.45873369860219
6663,1.59896,-2.8378069696185
6664,1.5992,-2.49001230629199
6665,1.59944,-2.77830085287745
6666,1.59968,-3.06501681653379
6667,1.59992,-2.27725736763546
6668,1.60016,-2.96502306880895
6669,1.6004,-3.04622056114477
6670,1.60064,-2.42535935972895
6671,1.60088,-3.39572472052237
6672,1.60112,-2.90751166772457
6673,1.60136,-2.57538013718951
6674,1.6016,-3.23489774339336
6675,1.60184,-2.91454960407719
6676,1.60208,-2.62915130743123
6677,1.60232,-3.22264732634332
6678,1.60256,-3.42937914821855
6679,1.6028,-2.47906070533704
6680,1.60304,-3.70451092169489
6681,1.60328,-3.36684719504848
6682,1.60352,-2.35833141971771
6683,1.60376,-3.75873738496878
6684,1.604,-2.42098723587893
6685,1.60424,-2.92831317081759
6686,1.60448,-3.4305605656153
6687,1.60472,-3.45710261078371
6688,1.60496,-2.33568577676202
6689,1.6052,-2.93099019746561
6690,1.60544,-3.63689529059893
6691,1.60568,-2.43850189357318
6692,1.60592,-2.86022827503318
6693,1.60616,-3.63946252506602
6694,1.6064,-2.38965674312548
6695,1.60664,-2.88548473027312
6696,1.60688,-3.48890044899147
6697,1.60712,-2.09152033221127
6698,1.60736,-3.1309921047356
6699,1.6076,-3.43864793302494
6700,1.60784,-2.1137010980441
6701,1.60808,-3.10289937712135
6702,1.60832,-2.88277750572353
6703,1.60856,-2.3690350602644
6704,1.6088,-3.53576131921398
6705,1.60904,-2.20068682577407
6706,1.60928,-2.72702048982258
6707,1.60952,-2.99122222749833
6708,1.60976,-1.74875092660967
6709,1.61,-3.05986378705648
6710,1.61024,-2.55882380349166
6711,1.61048,-1.8838683849082
6712,1.61072,-3.25761006044863
6713,1.61096,-2.12137848384696
6714,1.6112,-2.00942068444266
6715,1.61144,-2.96589704218798
6716,1.61168,-1.90912754458942
6717,1.61192,-1.51959062446105
6718,1.61216,-3.04248107893824
6719,1.6124,-2.04942413683084
6720,1.61264,-1.11865310306102
6721,1.61288,-2.60228996436315
6722,1.61312,-1.81036758067065
6723,1.61336,-1.31573465823793
6724,1.6136,-2.6192927615261
6725,1.61384,-1.89087638427098
6726,1.61408,-1.10016003500631
6727,1.61432,-1.06550310228104
6728,1.61456,-1.87444837596851
6729,1.6148,-1.96033199728579
6730,1.61504,-0.638391115618738
6731,1.61528,-0.8159184644113
6732,1.61552,-1.71457708974641
6733,1.61576,-1.29131017117811
6734,1.616,-0.807809912342107
6735,1.61624,-1.05011075274761
6736,1.61648,-1.29071527351724
6737,1.61672,-0.266822649124112
6738,1.61696,-1.41670956859827
6739,1.6172,-0.874610756697642
6740,1.61744,-0.146429460652719
6741,1.61768,-1.1091769441975
6742,1.61792,-0.744922500492682
6743,1.61816,0.289787653421944
6744,1.6184,-0.729947808985898
6745,1.61864,-0.299102482950463
6746,1.61888,0.325403078962398
6747,1.61912,-0.613039179546317
6748,1.61936,0.125867587946507
6749,1.6196,-0.0132976553265551
6750,1.61984,-0.384940779663519
6751,1.62008,0.657006786094024
6752,1.62032,-0.000700999344364961
6753,1.62056,-0.174791916123817
6754,1.6208,0.583654442887048
6755,1.62104,0.259702743783159
6756,1.62128,0.882612582109755
6757,1.62152,0.400876406928175
6758,1.62176,0.411076581306103
6759,1.622,1.11886823712411
6760,1.62224,0.740608868589543
6761,1.62248,0.59811225833333
6762,1.62272,1.28209513674321
6763,1.62296,1.11900905403984
6764,1.6232,1.07272703647234
6765,1.62344,1.13674519942517
6766,1.62368,1.19717962834546
6767,1.62392,1.61767941918039
6768,1.62416,1.06313312239675
6769,1.6244,1.59044657199325
6770,1.62464,1.27655408313107
6771,1.62488,1.68427134614874
6772,1.62512,1.72582968558884
6773,1.62536,1.65413753400508
6774,1.6256,1.69720276270419
6775,1.62584,1.98045201319213
6776,1.62608,1.7771024645166
6777,1.62632,2.06185701240048
6778,1.62656,1.74981573047532
6779,1.6268,1.91332365685358
6780,1.62704,2.08634316406032
6781,1.62728,2.50224380770286
6782,1.62752,1.71467417396974
6783,1.62776,1.78789132359764
6784,1.628,2.7026708469197
6785,1.62824,2.41111616125911
6786,1.62848,2.26249888954974
6787,1.62872,2.59924438692292
6788,1.62896,2.33099024861738
6789,1.6292,2.44862246969516
6790,1.62944,2.55974158881616
6791,1.62968,2.4502994150851
6792,1.62992,2.83468664444985
6793,1.63016,2.49217414803751
6794,1.6304,2.78268342347827
6795,1.63064,2.95108952201934
6796,1.63088,2.17406629595212
6797,1.63112,2.98887574911277
6798,1.63136,3.18610883592868
6799,1.6316,2.0982197515536
6800,1.63184,3.18801729192482
6801,1.63208,2.83128662147118
6802,1.63232,2.99723969402987
6803,1.63256,3.16328780888748
6804,1.6328,3.08876509831028
6805,1.63304,2.33634498720861
6806,1.63328,3.64287479512888
6807,1.63352,3.13704597558193
6808,1.63376,2.1962478754174
6809,1.634,3.91808269909286
6810,1.63424,2.64311940431446
6811,1.63448,2.85996422821555
6812,1.63472,3.53584926861213
6813,1.63496,2.5773832667059
6814,1.6352,3.08654741728076
6815,1.63544,3.59347420502586
6816,1.63568,2.44742199292058
6817,1.63592,2.90943462429048
6818,1.63616,3.60357630899867
6819,1.6364,2.62740281319766
6820,1.63664,2.56402611106022
6821,1.63688,3.22348540626124
6822,1.63712,2.79862734034662
6823,1.63736,2.67621471941277
6824,1.6376,3.39797894942642
6825,1.63784,2.68043240297712
6826,1.63808,2.75071044711022
6827,1.63832,3.53783837441366
6828,1.63856,2.188890960241
6829,1.6388,2.81581898303646
6830,1.63904,3.30860808434948
6831,1.63928,2.04489507016661
6832,1.63952,3.21173506815744
6833,1.63976,2.57162944744878
6834,1.64,2.24316523803812
6835,1.64024,3.3561241569254
6836,1.64048,2.19669030699816
6837,1.64072,2.42398432645869
6838,1.64096,2.99694499102462
6839,1.6412,1.69083589782401
6840,1.64144,2.7095647754164
6841,1.64168,2.27787824230408
6842,1.64192,1.91013822883156
6843,1.64216,3.09732234106175
6844,1.6424,2.02164757927058
6845,1.64264,1.61409828688692
6846,1.64288,3.11943617205304
6847,1.64312,1.99034366898921
6848,1.64336,1.41003332414105
6849,1.6436,2.74870158095412
6850,1.64384,1.70047973619414
6851,1.64408,1.79261266011131
6852,1.64432,2.23483806022129
6853,1.64456,1.50880472368135
6854,1.6448,1.0791918853163
6855,1.64504,2.07828568522206
6856,1.64528,0.820146304084206
6857,1.64552,1.05345874356952
6858,1.64576,2.24298472412384
6859,1.646,0.462043457923379
6860,1.64624,1.60340851191815
6861,1.64648,1.65006525443816
6862,1.64672,0.642454989129985
6863,1.64696,1.00834585487358
6864,1.6472,1.36490499693068
6865,1.64744,0.18423840852508
6866,1.64768,0.734951109559082
6867,1.64792,1.15173250478422
6868,1.64816,0.395174919728154
6869,1.6484,0.635280007437973
6870,1.64864,0.747992413826028
6871,1.64888,-0.188395090098938
6872,1.64912,0.697784182293231
6873,1.64936,0.140294584519944
6874,1.6496,0.104389667988075
6875,1.64984,0.666272574583831
6876,1.65008,-0.430615686999142
6877,1.65032,0.420704541199432
6878,1.65056,0.18138765621171
6879,1.6508,-0.741842194065784
6880,1.65104,0.385411497127828
6881,1.65128,-0.288887172838165
6882,1.65152,-0.571296945162705
6883,1.65176,-0.500084891966814
6884,1.652,-0.285642603211524
6885,1.65224,-0.536831334664056
6886,1.65248,-0.789408376077116
6887,1.65272,-0.660738475746959
6888,1.65296,-0.648991422531186
6889,1.6532,-0.990063147990362
6890,1.65344,-0.830490278327084
6891,1.65368,-0.442688536548957
6892,1.65392,-1.12374296773519
6893,1.65416,-1.1858239383313
6894,1.6544,-1.01408886531602
6895,1.65464,-1.5538964240152
6896,1.65488,-1.12052391394923
6897,1.65512,-1.65857110649118
6898,1.65536,-1.33783373385742
6899,1.6556,-1.62239060250282
6900,1.65584,-1.54624892114435
6901,1.65608,-1.34836158041073
6902,1.65632,-1.62837838444096
6903,1.65656,-1.67234142348792
6904,1.6568,-2.19295087316252
6905,1.65704,-1.99442639402566
6906,1.65728,-1.68179385962507
6907,1.65752,-2.09041694462789
6908,1.65776,-1.89484555739717
6909,1.658,-2.43315457309562
6910,1.65824,-2.12848866965564
6911,1.65848,-1.5849318373474
6912,1.65872,-2.38322833700536
6913,1.65896,-2.69115538450712
6914,1.6592,-1.9280924036717
6915,1.65944,-2.50825955247514
6916,1.65968,-2.47699469373701
6917,1.65992,-2.58701335161439
6918,1.66016,-2.81972302935615
6919,1.6604,-2.45196026765607
6920,1.66064,-2.59489372299327
6921,1.66088,-2.60949729219034
6922,1.66112,-2.64806011893143
6923,1.66136,-3.05487405314272
6924,1.6616,-2.50111828520535
6925,1.66184,-2.94649153627129
6926,1.66208,-3.38102086904979
6927,1.66232,-2.2751231173392
6928,1.66256,-3.12551235769981
6929,1.6628,-3.1106614852367
6930,1.66304,-2.53178401755602
6931,1.66328,-3.42763329167674
6932,1.66352,-3.10187202364765
6933,1.66376,-2.68693581786578
6934,1.664,-3.03426355831662
6935,1.66424,-3.60789109897592
6936,1.66448,-2.16798506896959
6937,1.66472,-3.63354498417807
6938,1.66496,-3.29241362733833
6939,1.6652,-2.27797841815448
6940,1.66544,-2.75242119630148
6941,1.66568,-3.5624100842743
6942,1.66592,-2.49023669290493
6943,1.66616,-3.01244042134318
6944,1.6664,-3.76485512196809
6945,1.66664,-2.49225734216665
6946,1.66688,-2.72826914002219
6947,1.66712,-3.3266247865336
6948,1.66736,-3.20055212226106
6949,1.6676,-2.53277774693558
6950,1.66784,-3.31828158898342
6951,1.66808,-2.4288164512055
6952,1.66832,-2.56387778503179
6953,1.66856,-3.41470421679103
6954,1.6688,-2.82472286939118
6955,1.66904,-2.30690673271179
6956,1.66928,-3.35807491389796
6957,1.66952,-2.83952998580899
6958,1.66976,-2.51012632893865
6959,1.67,-3.38958552676789
6960,1.67024,-2.3554565257503
6961,1.67048,-2.82215839432965
6962,1.67072,-3.15656424810694
6963,1.67096,-1.97844946721399
6964,1.6712,-3.22804789636491
6965,1.67144,-2.43827842811372
6966,1.67168,-2.31444037552065
6967,1.67192,-3.13973857760801
6968,1.67216,-2.07391900471502
6969,1.6724,-2.38873605155591
6970,1.67264,-2.68687226432506
6971,1.67288,-1.47379858450538
6972,1.67312,-2.9294164867262
6973,1.67336,-2.10380639804492
6974,1.6736,-2.05772149573439
6975,1.67384,-2.72217848624898
6976,1.67408,-1.85684334681644
6977,1.67432,-1.52990244551656
6978,1.67456,-2.75700103050094
6979,1.6748,-1.95620118553514
6980,1.67504,-1.09703147485804
6981,1.67528,-2.40924451109512
6982,1.67552,-1.7972280871608
6983,1.67576,-1.00890244094022
6984,1.676,-1.08953048302183
6985,1.67624,-1.89413529237139
6986,1.67648,-1.97591495298992
6987,1.67672,-0.650096802891688
6988,1.67696,-0.823966615003203
6989,1.6772,-1.71917802497471
6990,1.67744,-1.29266681947333
6991,1.67768,-0.806117660786427
6992,1.67792,-1.0455581578322
6993,1.67816,-1.52360105210831
6994,1.6784,-0.970554169223966
6995,1.67864,-1.1416537504564
6996,1.67888,-0.482890823154049
6997,1.67912,-0.36011008875753
6998,1.67936,-1.07530513551775
6999,1.6796,-0.468735422535333
7000,1.67984,0.0861890071822093
7001,1.68008,-1.04142754001731
7002,1.68032,-0.253590462097461
7003,1.68056,0.0145634624180964
7004,1.6808,-0.792572872462768
7005,1.68104,0.292706019980062
7006,1.68128,0.0433534627537453
7007,1.68152,-0.329432564826713
7008,1.68176,0.346190618921134
7009,1.682,0.0632744354542298
7010,1.68224,0.122915348834466
7011,1.68248,0.401381833181475
7012,1.68272,0.564569253495351
7013,1.68296,0.579440134970779
7014,1.6832,0.708718256334954
7015,1.68344,0.233847787835855
7016,1.68368,0.943301281654867
7017,1.68392,0.804987424453266
7018,1.68416,0.665125508585146
7019,1.6844,0.989074846343047
7020,1.68464,1.07011519477863
7021,1.68488,1.02631114175736
7022,1.68512,1.33136897129421
7023,1.68536,1.26896343545551
7024,1.6856,1.09130257432024
7025,1.68584,1.50301540114672
7026,1.68608,1.06760685082647
7027,1.68632,1.47450852672689
7028,1.68656,1.51953081355023
7029,1.6868,1.56664680196695
7030,1.68704,1.48592676299392
7031,1.68728,1.64838811264785
7032,1.68752,1.57151270040718
7033,1.68776,1.73229393691748
7034,1.688,1.77128309659903
7035,1.68824,2.1828294966564
7036,1.68848,2.11297892767664
7037,1.68872,1.91888925854101
7038,1.68896,2.33905285693893
7039,1.6892,2.03796056033043
7040,1.68944,1.85751935259697
7041,1.68968,2.29713816657112
7042,1.68992,2.73315813412248
7043,1.69016,2.20947387685277
7044,1.6904,2.43103414899458
7045,1.69064,2.76928731757453
7046,1.69088,2.02640076698366
7047,1.69112,2.51566678043126
7048,1.69136,2.99782864064941
7049,1.6916,1.93364945763292
7050,1.69184,2.93495202609045
7051,1.69208,2.84169395995124
7052,1.69232,2.3036884583275
7053,1.69256,3.2096162475398
7054,1.6928,2.79372589148164
7055,1.69304,2.89726418272124
7056,1.69328,2.87385568012876
7057,1.69352,2.27805098569755
7058,1.69376,3.37778970481844
7059,1.694,3.02997614551962
7060,1.69424,2.00607807922156
7061,1.69448,3.39512050255747
7062,1.69472,2.74399150834721
7063,1.69496,3.0964656030538
7064,1.6952,3.67215214796029
7065,1.69544,2.59538014099101
7066,1.69568,2.88745803251721
7067,1.69592,3.16326845737082
7068,1.69616,2.63655832755539
7069,1.6964,3.70512776292857
7070,1.69664,2.13989902435822
7071,1.69688,2.89741948557067
7072,1.69712,3.53235612464159
7073,1.69736,3.20167933882704
7074,1.6976,2.57107229056085
7075,1.69784,3.16193398182479
7076,1.69808,3.74457866794683
7077,1.69832,2.19658805592331
7078,1.69856,2.86646067274138
7079,1.6988,3.16680610897686
7080,1.69904,2.31440187789756
7081,1.69928,3.04813053803345
7082,1.69952,3.5333293500864
7083,1.69976,2.25551520733247
7084,1.7,3.06027858272354
7085,1.70024,3.13222956166411
7086,1.70048,2.30295243933034
7087,1.70072,3.52608983999859
7088,1.70096,2.35945826357645
7089,1.7012,2.81350140825549
7090,1.70144,3.01060633152734
7091,1.70168,1.94441636622567
7092,1.70192,3.18136353163254
7093,1.70216,2.48947792446732
7094,1.7024,2.23025295903203
7095,1.70264,3.28479230893907
7096,1.70288,1.96167522982188
7097,1.70312,2.381585066345
7098,1.70336,2.78361940995096
7099,1.7036,1.66959396227762
7100,1.70384,2.64011439180283
7101,1.70408,2.51266542334129
7102,1.70432,1.4807562814809
7103,1.70456,2.28687228774417
7104,1.7048,2.35757845863003
7105,1.70504,1.39938516465339
7106,1.70528,2.51446746295523
7107,1.70552,2.17451382900397
7108,1.70576,1.40529726914853
7109,1.706,1.99991309733629
7110,1.70624,2.21114283123569
7111,1.70648,1.50896492767436
7112,1.70672,0.614174044286395
7113,1.70696,1.54857106642579
7114,1.7072,1.51752344633779
7115,1.70744,2.33349213921762
7116,1.70768,0.552585084733969
7117,1.70792,1.44828412370327
7118,1.70816,1.49745756296983
7119,1.7084,0.371258110165475
7120,1.70864,0.859767911860554
7121,1.70888,1.70188214781573
7122,1.70912,0.867688505371355
7123,1.70936,0.450460890691075
7124,1.7096,1.58894123653226
7125,1.70984,0.591133477186906
7126,1.71008,0.584481495852329
7127,1.71032,0.932649667843042
7128,1.71056,0.112624523680742
7129,1.7108,0.517446738344299
7130,1.71104,0.436546712819417
7131,1.71128,0.276565471880879
7132,1.71152,0.47800535527508
7133,1.71176,-0.147259018715636
7134,1.712,0.22297673594058
7135,1.71224,0.221745946605838
7136,1.71248,-0.588677474392648
7137,1.71272,0.180577197881488
7138,1.71296,-0.259809622677389
7139,1.7132,-0.541125201055471
7140,1.71344,0.135544756397494
7141,1.71368,-0.624882237010409
7142,1.71392,-0.273089831064402
7143,1.71416,-0.0520368593538438
7144,1.7144,-1.01309675089541
7145,1.71464,-0.87256918423943
7146,1.71488,-0.615284943192365
7147,1.71512,-1.18841328250633
7148,1.71536,-0.905221998485818
7149,1.7156,-0.869371543192734
7150,1.71584,-1.29722625195179
7151,1.71608,-1.11889511229369
7152,1.71632,-1.3061632526678
7153,1.71656,-1.35945529302359
7154,1.7168,-1.40674465048869
7155,1.71704,-1.46218328113445
7156,1.71728,-1.50793771482905
7157,1.71752,-1.19464720306398
7158,1.71776,-1.5984117989161
7159,1.718,-1.76314747790831
7160,1.71824,-1.68204741589829
7161,1.71848,-2.08447180634071
7162,1.71872,-1.76767955587896
7163,1.71896,-1.80929211390251
7164,1.7192,-1.85731799126454
7165,1.71944,-2.50832423063432
7166,1.71968,-1.71315520949891
7167,1.71992,-1.77392199340648
7168,1.72016,-2.20301568933125
7169,1.7204,-2.50159457460404
7170,1.72064,-2.09962522750032
7171,1.72088,-2.66283420414352
7172,1.72112,-2.49768886912064
7173,1.72136,-2.12092424248927
7174,1.7216,-2.82023280304905
7175,1.72184,-2.44494422457707
7176,1.72208,-2.4565819328067
7177,1.72232,-2.69739928784443
7178,1.72256,-2.60384322828531
7179,1.7228,-2.8784630445606
7180,1.72304,-2.553108603802
7181,1.72328,-2.98434073311446
7182,1.72352,-3.04187125957143
7183,1.72376,-2.27913038928732
7184,1.724,-3.10867430903821
7185,1.72424,-3.08967076794698
7186,1.72448,-2.49302162845379
7187,1.72472,-3.48806505920022
7188,1.72496,-2.66651899623912
7189,1.7252,-2.60958418377316
7190,1.72544,-3.51884987517926
7191,1.72568,-2.62934461692916
7192,1.72592,-2.51732601362215
7193,1.72616,-3.22915482774932
7194,1.7264,-3.00072550071242
7195,1.72664,-2.34151920510399
7196,1.72688,-3.95370883976165
7197,1.72712,-2.93448451359517
7198,1.72736,-2.20422676735681
7199,1.7276,-2.71035833393152
7200,1.72784,-3.21881336914803
7201,1.72808,-3.72225656617207
7202,1.72832,-2.33737758244225
7203,1.72856,-2.92373515783314
7204,1.7288,-3.6241549406615
7205,1.72904,-2.65242871577063
7206,1.72928,-2.71054432475981
7207,1.72952,-3.48964919691869
7208,1.72976,-2.83295110277662
7209,1.73,-2.35990701279831
7210,1.73024,-3.21727894352476
7211,1.73048,-3.10342741078027
7212,1.73072,-2.20840885823805
7213,1.73096,-3.25989037536689
7214,1.7312,-2.9768811409597
7215,1.73144,-2.39999626261153
7216,1.73168,-3.28017425321987
7217,1.73192,-2.71290977804326
7218,1.73216,-2.45504474622133
7219,1.7324,-3.51849227588752
7220,1.73264,-2.08171347049091
7221,1.73288,-2.859074134566
7222,1.73312,-2.78437658501011
7223,1.73336,-2.16643975644407
7224,1.7336,-3.23367012853536
7225,1.73384,-2.15961525738394
7226,1.73408,-1.87225408477997
7227,1.73432,-3.26048775214285
7228,1.73456,-2.13637807181694
7229,1.7348,-1.68451670007657
7230,1.73504,-2.78695950708836
7231,1.73528,-2.09539067893203
7232,1.73552,-1.47072392424806
7233,1.73576,-2.65348470635092
7234,1.736,-2.27311219894936
7235,1.73624,-1.35007093437586
7236,1.73648,-2.59891516366464
7237,1.73672,-1.93471554655862
7238,1.73696,-1.2116125806148
7239,1.7372,-2.07199641969045
7240,1.73744,-1.95748298889869
7241,1.73768,-0.694586580745924
7242,1.73792,-1.63243944019843
7243,1.73816,-2.07774556914021
7244,1.7384,-1.45630654100466
7245,1.73864,-1.14008655683883
7246,1.73888,-1.54920839501905
7247,1.73912,-1.8390795123951
7248,1.73936,-0.861011983400796
7249,1.7396,-0.980553465444312
7250,1.73984,-1.81765874705637
7251,1.74008,-0.415051506897418
7252,1.74032,-1.07805650056609
7253,1.74056,-1.0138191557021
7254,1.7408,-0.030429132620204
7255,1.74104,-0.750868863862085
7256,1.74128,-0.984237183551889
7257,1.74152,-0.060301861716112
7258,1.74176,-0.348698404796461
7259,1.742,-0.759177353545269
7260,1.74224,-0.126978663211021
7261,1.74248,-0.332382690620673
7262,1.74272,-0.201168442249622
7263,1.74296,-0.092287170304991
7264,1.7432,0.14136955519698
7265,1.74344,0.219174472331184
7266,1.74368,-0.0669040742709013
7267,1.74392,0.603807938471726
7268,1.74416,0.278122975971826
7269,1.7444,-0.0356642951201047
7270,1.74464,0.832280249871716
7271,1.74488,0.722679105095888
7272,1.74512,0.496156501954583
7273,1.74536,0.844017011417011
7274,1.7456,0.82633729865509
7275,1.74584,0.688509014940898
7276,1.74608,0.776315903124686
7277,1.74632,0.975355583602765
7278,1.74656,1.17667191024473
7279,1.7468,0.88073144566675
7280,1.74704,1.42040411778237
7281,1.74728,1.36235812088833
7282,1.74752,1.05331362182817
7283,1.74776,1.70191856648205
7284,1.748,1.26617431979264
7285,1.74824,1.67429902736214
7286,1.74848,1.35837107421543
7287,1.74872,1.39980515730103
7288,1.74896,1.43951068462209
7289,1.7492,2.08572206666616
7290,1.74944,1.76615846033995
7291,1.74968,1.80307602593206
7292,1.74992,1.9756538785284
7293,1.75016,2.02363255977533
7294,1.7504,1.82974881319461
7295,1.75064,2.12926727442621
7296,1.75088,2.54803830085638
7297,1.75112,1.76355456873287
7298,1.75136,1.84005626354541
7299,1.7516,2.52040926335376
7300,1.75184,2.47335516103828
7301,1.75208,1.96810127360836
7302,1.75232,2.91321004878
7303,1.75256,2.64822714517128
7304,1.7528,2.17209001543405
7305,1.75304,2.89560144622562
7306,1.75328,2.42525124125215
7307,1.75352,2.58372469275645
7308,1.75376,2.72789154759711
7309,1.754,2.66412585476218
7310,1.75424,2.96624392477425
7311,1.75448,2.90560622486124
7312,1.75472,2.40473156306483
7313,1.75496,3.35052221293491
7314,1.7552,2.61357553512162
7315,1.75544,2.76377703247644
7316,1.75568,3.25912924541557
7317,1.75592,2.2201283316757
7318,1.75616,3.12806749876795
7319,1.7564,3.18550166261951
7320,1.75664,2.79928016683276
7321,1.75688,3.52570246133346
7322,1.75712,3.15030947169141
7323,1.75736,2.93381579235206
7324,1.7576,2.16121327837002
7325,1.75784,3.78916808524126
7326,1.75808,2.78519395715445
7327,1.75832,2.67272852760256
7328,1.75856,3.16892452498396
7329,1.7588,3.66628490226752
7330,1.75904,2.61542152070996
7331,1.75928,2.59541800729947
7332,1.75952,3.17929781032538
7333,1.75976,3.52094215300966
7334,1.76,2.10756949202818
7335,1.76024,2.89551664229595
7336,1.76048,3.55796917516605
7337,1.76072,2.66689907724523
7338,1.76096,2.56528891198767
7339,1.7612,3.42313187977272
7340,1.76144,2.60890185945306
7341,1.76168,2.6970846341585
7342,1.76192,3.61569758756188
7343,1.76216,2.3933144674052
7344,1.7624,2.67704948664105
7345,1.76264,3.42585011267768
7346,1.76288,1.93018909064584
7347,1.76312,2.99885718736641
7348,1.76336,2.73629104485517
7349,1.7636,2.29638939334518
7350,1.76384,3.42019827915005
7351,1.76408,2.04573180348757
7352,1.76432,2.64745427675063
7353,1.76456,2.87221950168569
7354,1.7648,1.71076383434833
7355,1.76504,2.86023120866732
7356,1.76528,2.78887650818988
7357,1.76552,1.69828351797273
7358,1.76576,2.68521505552906
7359,1.766,2.57000915128185
7360,1.76624,1.43881906075999
7361,1.76648,2.26490729784057
7362,1.76672,2.35896255505346
7363,1.76696,1.4185917757911
7364,1.7672,2.43546851828176
7365,1.76744,1.99668033262368
7366,1.76768,1.2546054789959
7367,1.76792,1.7508712842277
7368,1.76816,2.34096553493588
7369,1.7684,1.88566971813148
7370,1.76864,1.37005815615396
7371,1.76888,1.46389938816681
7372,1.76912,2.16156008034286
7373,1.76936,0.606914992670054
7374,1.7696,1.14006188529292
7375,1.76984,1.67118924641114
7376,1.77008,0.772635140821124
7377,1.77032,1.01878862697949
7378,1.77056,1.13850731763034
7379,1.7708,1.14501997021792
7380,1.77104,0.83969361497356
7381,1.77128,1.01461834407344
7382,1.77152,0.360728045246266
7383,1.77176,0.838196920712923
7384,1.772,0.94495015991691
7385,1.77224,-0.126744293937557
7386,1.77248,0.642128634981127
7387,1.77272,0.556645659989921
7388,1.77296,-0.332272277977413
7389,1.7732,0.594627890062363
7390,1.77344,-0.0389140280389726
7391,1.77368,-0.0316712017461558
7392,1.77392,0.569833310717995
7393,1.77416,-0.490053920679446
7394,1.7744,-0.0805314815509635
7395,1.77464,0.078910938243608
7396,1.77488,-0.930493302222999
7397,1.77512,-0.131071665975327
7398,1.77536,-0.0505017320126933
7399,1.7756,-0.90602489101126
7400,1.77584,-0.562246987285012
7401,1.77608,-0.562164818451787
7402,1.77632,-0.787613864134195
7403,1.77656,-0.895021993094545
7404,1.7768,-0.62445576962
7405,1.77704,-0.828981552995472
7406,1.77728,-1.03480160450982
7407,1.77752,-1.1019678334459
7408,1.77776,-1.04653232575623
7409,1.778,-1.23529263272017
7410,1.77824,-1.28732276071249
7411,1.77848,-1.21514291519568
7412,1.77872,-0.908939850397643
7413,1.77896,-1.91720756740737
7414,1.7792,-1.24271298086161
7415,1.77944,-1.76754035397036
7416,1.77968,-1.44735960011294
7417,1.77992,-1.96998090336947
7418,1.78016,-1.65122758916695
7419,1.7804,-1.56891639594155
7420,1.78064,-1.85790264811937
7421,1.78088,-2.38501980647207
7422,1.78112,-2.06775505196339
7423,1.78136,-2.00667376842621
7424,1.7816,-2.6621346061115
7425,1.78184,-2.23373047615866
7426,1.78208,-2.0655422699295
7427,1.78232,-2.74077959858229
7428,1.78256,-2.09022809171943
7429,1.7828,-1.94596373966242
7430,1.78304,-2.881837611056
7431,1.78328,-2.00857194841913
7432,1.78352,-2.12915057384785
7433,1.78376,-3.08964080763961
7434,1.784,-2.6046327620927
7435,1.78424,-2.51413490180036
7436,1.78448,-2.89371625757915
7437,1.78472,-2.21573809474024
7438,1.78496,-2.88173194282516
7439,1.7852,-2.81413779430745
7440,1.78544,-2.42453761476108
7441,1.78568,-3.24637579282844
7442,1.78592,-2.97745914609773
7443,1.78616,-2.39480581248567
7444,1.7864,-3.37657827205098
7445,1.78664,-3.03328182506206
7446,1.78688,-2.38009059716106
7447,1.78712,-3.40625100954848
7448,1.78736,-3.2299208926497
7449,1.7876,-2.14275825931322
7450,1.78784,-3.82249978015756
7451,1.78808,-2.86607333293916
7452,1.78832,-2.55873780114796
7453,1.78856,-3.93981616197718
7454,1.7888,-2.91010203205457
7455,1.78904,-2.41061268335814
7456,1.78928,-2.67210503289326
7457,1.78952,-3.17829362826173
7458,1.78976,-2.96011453658879
7459,1.79,-2.7974810150704
7460,1.79024,-3.47626049268657
7461,1.79048,-3.55631353314869
7462,1.79072,-2.48527129205868
7463,1.79096,-3.12843159279685
7464,1.7912,-3.88093037850686
7465,1.79144,-2.26576743591157
7466,1.79168,-2.87123351401183
7467,1.79192,-3.58370975022668
7468,1.79216,-2.6326539573483
7469,1.7924,-2.7052403339507
7470,1.79264,-3.61150309243928
7471,1.79288,-2.3768461254558
7472,1.79312,-2.64509187630834
7473,1.79336,-3.50087629004072
7474,1.7936,-2.10706668015252
7475,1.79384,-3.0433985610488
7476,1.79408,-2.76214522254196
7477,1.79432,-2.18783260912563
7478,1.79456,-3.42062049586432
7479,1.7948,-2.25951803603732
7480,1.79504,-2.2464108780382
7481,1.79528,-3.43002948463772
7482,1.79552,-2.22643779350781
7483,1.79576,-2.29094885841753
7484,1.796,-2.70035701441579
7485,1.79624,-1.83997037714666
7486,1.79648,-3.03251405528449
7487,1.79672,-1.8464031845768
7488,1.79696,-2.15827511110422
7489,1.7972,-2.68674029794997
7490,1.79744,-1.69759137743335
7491,1.79768,-1.96239648370156
7492,1.79792,-2.44629259516842
7493,1.79816,-1.65084221021232
7494,1.7984,-1.38927253922435
7495,1.79864,-2.67656088793225
7496,1.79888,-1.81419924155133
7497,1.79912,-1.24975914984224
7498,1.79936,-0.729315956938505
7499,1.7996,-1.54198851373658
7500,1.79984,-1.51126805425955
7501,1.80008,-0.778710129604417
7502,1.80032,-1.41475566173289
7503,1.80056,-1.92295949072255
7504,1.8008,-0.889350989300113
7505,1.80104,-0.754293005444534
7506,1.80128,-1.70261785122893
7507,1.80152,-1.56565786779133
7508,1.80176,-0.646631065776504
7509,1.802,-0.820320137696875
7510,1.80224,-1.23490867521883
7511,1.80248,-0.131447228508954
7512,1.80272,-0.372303205422131
7513,1.80296,-1.32702758485597
7514,1.8032,-0.152369104412119
7515,1.80344,-0.556623806305662
7516,1.80368,-0.242269504104696
7517,1.80392,-0.329502344556621
7518,1.80416,-0.774708665293805
7519,1.8044,0.089859507646465
7520,1.80464,0.195229596474382
7521,1.80488,-0.530155024930805
7522,1.80512,0.520428190472113
7523,1.80536,0.231510183064199
7524,1.8056,-0.0571846450808084
7525,1.80584,0.3455753089259
7526,1.80608,0.386951525808735
7527,1.80632,0.304374487926519
7528,1.80656,0.794394882411558
7529,1.8068,0.44668821615273
7530,1.80704,0.924511765720695
7531,1.80728,0.542425549788529
7532,1.80752,0.529784639727774
7533,1.80776,1.21930058354741
7534,1.808,1.17799610906505
7535,1.80824,1.2631253551343
7536,1.80848,1.20724742429108
7537,1.80872,1.15310696284844
7538,1.80896,1.45257430470035
7539,1.8092,1.140224620133
7540,1.80944,1.43748216735497
7541,1.80968,1.35714259416941
7542,1.80992,1.64458661033126
7543,1.81016,1.56870881078539
7544,1.8104,1.25258577530249
7545,1.81064,1.89589974702626
7546,1.81088,1.58107554143115
7547,1.81112,2.22222797703227
7548,1.81136,1.90082291660514
7549,1.8116,2.18825921388205
7550,1.81184,2.11661912655295
7551,1.81208,2.03945748622669
7552,1.81232,1.73605618204672
7553,1.81256,2.5175185564713
7554,1.8128,2.21315055839818
7555,1.81304,1.80848142354018
7556,1.81328,2.72667660909908
7557,1.81352,2.43861893093979
7558,1.81376,2.29356908505897
7559,1.814,2.63394313839548
7560,1.81424,2.36937448107575
7561,1.81448,2.73225930097342
7562,1.81472,2.61174835765818
7563,1.81496,2.25792915821365
7564,1.8152,3.0147756764195
7565,1.81544,2.55894458466988
7566,1.81568,2.36597415570608
7567,1.81592,3.39500598100534
7568,1.81616,2.37354933711219
7569,1.8164,2.71422872360752
7570,1.81664,3.41067387879973
7571,1.81688,2.31830140628041
7572,1.81712,3.1837456015913
7573,1.81736,3.54234905701818
7574,1.8176,2.37531567456659
7575,1.81784,2.57525900256372
7576,1.81808,3.60408697772454
7577,1.81832,2.72183984884786
7578,1.81856,2.61417288802293
7579,1.8188,3.68883509082856
7580,1.81904,2.85459032923874
7581,1.81928,2.67797439931836
7582,1.81952,3.20836719403227
7583,1.81976,3.04442558271928
7584,1.82,2.56689597529479
7585,1.82024,3.06556483738003
7586,1.82048,3.56441303254446
7587,1.82072,3.34308776456095
7588,1.82096,2.46446923177454
7589,1.8212,3.28827270112268
7590,1.82144,3.86033876886491
7591,1.82168,2.30670245948306
7592,1.82192,3.08590686190318
7593,1.82216,3.61119459464925
7594,1.8224,2.13726226309755
7595,1.82264,2.98886699218765
7596,1.82288,3.46462708053294
7597,1.82312,2.06539657979998
7598,1.82336,2.98538797825259
7599,1.8236,3.41194350065705
7600,1.82384,2.08471095742378
7601,1.82408,3.19066689526636
7602,1.82432,2.73175440802629
7603,1.82456,2.45608446121517
7604,1.8248,3.37631912055156
7605,1.82504,2.04585096426914
7606,1.82528,2.8060506352192
7607,1.82552,2.82754262105141
7608,1.82576,1.83034627546674
7609,1.826,3.13321365437281
7610,1.82624,2.2716045253245
7611,1.82648,1.96096888230768
7612,1.82672,3.32812843070537
7613,1.82696,2.06515134415531
7614,1.8272,2.06877141987818
7615,1.82744,2.78064845094148
7616,1.82768,1.73168712073948
7617,1.82792,2.17374671283128
7618,1.82816,2.5949737949458
7619,1.8284,1.62409600354579
7620,1.82864,1.90250667961421
7621,1.82888,2.27901870629891
7622,1.82912,1.26491568023552
7623,1.82936,2.55041610954216
7624,1.8296,1.67914332834314
7625,1.82984,0.868068221934969
7626,1.83008,2.22292916215179
7627,1.83032,0.832142291171469
7628,1.83056,0.940470049667504
7629,1.8308,1.77123905137637
7630,1.83104,1.76096189846121
7631,1.83128,0.697544134929404
7632,1.83152,0.653137474943109
7633,1.83176,1.80330111802127
7634,1.832,1.27307232141192
7635,1.83224,0.684756526705083
7636,1.83248,1.54060937319232
7637,1.83272,0.956433387998726
7638,1.83296,0.552338913206977
7639,1.8332,0.748807637086901
7640,1.83344,0.71135375676048
7641,1.83368,-0.00197934995393778
7642,1.83392,0.62240821768934
7643,1.83416,0.996035952866931
7644,1.8344,-0.0344048110343538
7645,1.83464,0.272352340093158
7646,1.83488,0.700662998096437
7647,1.83512,-0.0322747965952901
7648,1.83536,0.194245381441941
7649,1.8356,0.197755494040034
7650,1.83584,-0.0138787455178475
7651,1.83608,-0.230509787062738
7652,1.83632,-0.292647483981562
7653,1.83656,0.127128345489542
7654,1.8368,-0.528747854381201
7655,1.83704,-0.191714226518613
7656,1.83728,0.135360550651312
7657,1.83752,-0.842883559964029
7658,1.83776,-0.835729133173702
7659,1.838,-0.231650369716718
7660,1.83824,-1.06093511227368
7661,1.83848,-0.545729958917611
7662,1.83872,-0.882803147203818
7663,1.83896,-1.07806861224109
7664,1.8392,-1.03018117352164
7665,1.83944,-1.3445570067749
7666,1.83968,-1.04244273612724
7667,1.83992,-1.6944667100141
7668,1.84016,-1.2759504880763
7669,1.8404,-1.44246190490525
7670,1.84064,-1.36456022776451
7671,1.84088,-1.76904275293533
7672,1.84112,-1.44971478080351
7673,1.84136,-1.60886263717825
7674,1.8416,-2.00905970568971
7675,1.84184,-1.69324892100561
7676,1.84208,-1.73505952599531
7677,1.84232,-2.14017839255729
7678,1.84256,-2.06777244731099
7679,1.8428,-1.99127190549369
7680,1.84304,-1.68647063257141
7681,1.84328,-2.46628692377442
7682,1.84352,-2.16074194278454
7683,1.84376,-2.11207048942078
7684,1.844,-2.42424358985654
7685,1.84424,-2.13429650687846
7686,1.84448,-2.58871520609281
7687,1.84472,-2.43891322061069
7688,1.84496,-2.05353278692803
7689,1.8452,-3.01048544666809
7690,1.84544,-2.51706095247714
7691,1.84568,-1.93018933264386
7692,1.84592,-2.9164482694269
7693,1.84616,-2.81064827423044
7694,1.8464,-2.26046730440327
7695,1.84664,-3.03015544881852
7696,1.84688,-2.60642040163941
7697,1.84712,-2.6956241793563
7698,1.84736,-3.25627007902141
7699,1.8476,-2.15614897113503
7700,1.84784,-3.12793976387863
7701,1.84808,-3.00481852075686
7702,1.84832,-2.19954158072473
7703,1.84856,-3.45775966277594
7704,1.8488,-3.13941061767652
7705,1.84904,-2.02563217367574
7706,1.84928,-3.68979465164782
7707,1.84952,-3.30115233372919
7708,1.84976,-2.6029916458802
7709,1.85,-3.70457515444769
7710,1.85024,-2.77487055329684
7711,1.85048,-2.73885935651705
7712,1.85072,-3.29694020769749
7713,1.85096,-2.57702668871493
7714,1.8512,-3.08337370674717
7715,1.85144,-3.58967974609912
7716,1.85168,-3.13723959027924
7717,1.85192,-2.51213600120343
7718,1.85216,-3.10579067930062
7719,1.8524,-3.69358256263515
7720,1.85264,-2.38685171250886
7721,1.85288,-3.05370804637232
7722,1.85312,-3.23021516358401
7723,1.85336,-2.37564042763747
7724,1.8536,-3.10728938845493
7725,1.85384,-3.59049579989483
7726,1.85408,-1.95522017828653
7727,1.85432,-3.00596047799797
7728,1.85456,-3.56491801264858
7729,1.8548,-2.35792086866272
7730,1.85504,-2.64601244340047
7731,1.85528,-3.64218365819859
7732,1.85552,-2.14414502002482
7733,1.85576,-2.86289116235888
7734,1.856,-2.96869746169724
7735,1.85624,-2.04856917298822
7736,1.85648,-3.30526437884357
7737,1.85672,-2.28958318339887
7738,1.85696,-2.41754501578281
7739,1.8572,-3.00962103356946
7740,1.85744,-1.95943973174821
7741,1.85768,-2.52355794538925
7742,1.85792,-2.35207363104694
7743,1.85816,-2.00037096654307
7744,1.8584,-2.9631338197878
7745,1.85864,-1.79334015797031
7746,1.85888,-2.36057145126572
7747,1.85912,-2.31161447798235
7748,1.85936,-1.35471727729705
7749,1.8596,-2.70535577921326
7750,1.85984,-2.12492493937533
7751,1.86008,-1.24293887605242
7752,1.86032,-2.64881695070603
7753,1.86056,-1.6650910738873
7754,1.8608,-1.1035603881035
7755,1.86104,-2.1027012594621
7756,1.86128,-1.11026500843108
7757,1.86152,-1.21943278503519
7758,1.86176,-2.0519153396489
7759,1.862,-1.68430911984101
7760,1.86224,-1.14010846068832
7761,1.86248,-1.20319609732867
7762,1.86272,-1.99156485753695
7763,1.86296,-0.173299739069855
7764,1.8632,-1.15597523856059
7765,1.86344,-1.5253714175474
7766,1.86368,-0.124190129008658
7767,1.86392,-1.1614714839784
7768,1.86416,-0.989129304639425
7769,1.8644,0.0961129257377991
7770,1.86464,-0.876509824120807
7771,1.86488,-0.638847551141119
7772,1.86512,0.153409606486461
7773,1.86536,-0.626265415352186
7774,1.8656,-0.444927785744099
7775,1.86584,0.0568763286194949
7776,1.86608,-0.638564531785833
7777,1.86632,0.0844296791681283
7778,1.86656,0.0662680086199541
7779,1.8668,-0.072210454538266
7780,1.86704,0.235237846564109
7781,1.86728,-0.0527661906167556
7782,1.86752,0.487540566424232
7783,1.86776,0.278387153356758
7784,1.868,0.316029415023096
7785,1.86824,0.333464623650531
7786,1.86848,0.576847832879983
7787,1.86872,0.822415649508892
7788,1.86896,0.568397042035239
7789,1.8692,0.664046094687019
7790,1.86944,0.645310992786271
7791,1.86968,1.44537498759448
7792,1.86992,1.16240503852872
7793,1.87016,0.873153380798532
7794,1.8704,1.29788722973355
7795,1.87064,1.35536897116814
7796,1.87088,1.53448026094145
7797,1.87112,1.22066580169904
7798,1.87136,1.74693659846355
7799,1.8716,1.19378795359183
7800,1.87184,1.84082371522314
7801,1.87208,1.40237183788981
7802,1.87232,1.92242128442139
7803,1.87256,1.48694777044378
7804,1.8728,2.13021279227884
7805,1.87304,1.80770202410894
7806,1.87328,1.85386972664927
7807,1.87352,2.38185069853761
7808,1.87376,1.94697743160389
7809,1.874,2.12335573287974
7810,1.87424,2.178858187871
7811,1.87448,1.75589688661897
7812,1.87472,2.43272754444232
7813,1.87496,2.50319093958108
7814,1.8752,2.09679441890211
7815,1.87544,2.67149325335786
7816,1.87568,2.40077298332167
7817,1.87592,2.02064820681172
7818,1.87616,2.98286356006916
7819,1.8764,2.61357626410851
7820,1.87664,2.14920593474642
7821,1.87688,3.13818738158862
7822,1.87712,2.43864673571584
7823,1.87736,2.61531910836349
7824,1.8776,3.14236040878235
7825,1.87784,2.36632382144732
7826,1.87808,2.70228147345245
7827,1.87832,3.26818725488299
7828,1.87856,2.17327647989284
7829,1.8788,3.03410521176413
7830,1.87904,3.52142205543168
7831,1.87928,2.35119508513775
7832,1.87952,2.78704628021038
7833,1.87976,3.20376752899761
7834,1.88,2.09400957190635
7835,1.88024,3.40226863294359
7836,1.88048,2.91661236880021
7837,1.88072,2.71426865014991
7838,1.88096,3.34106161417087
7839,1.8812,2.79523753436159
7840,1.88144,3.84065885483772
7841,1.88168,2.24976045856904
7842,1.88192,2.52478910657923
7843,1.88216,3.03990321094328
7844,1.8824,3.55551690436279
7845,1.88264,2.52099034817254
7846,1.88288,2.75152587970754
7847,1.88312,3.57771904686667
7848,1.88336,2.96817781565476
7849,1.8836,2.3058041707028
7850,1.88384,2.98507520011667
7851,1.88408,3.65417316260767
7852,1.88432,2.41965891429418
7853,1.88456,2.81123670974188
7854,1.8848,3.55864464844732
7855,1.88504,2.16601110471184
7856,1.88528,2.98576193367844
7857,1.88552,3.43232717007825
7858,1.88576,2.12134966880505
7859,1.886,3.12518911236768
7860,1.88624,2.80264709850542
7861,1.88648,2.30454948274204
7862,1.88672,3.37057351972856
7863,1.88696,2.17476990865939
7864,1.8872,2.71484730495386
7865,1.88744,2.87949970750387
7866,1.88768,2.02265287559978
7867,1.88792,2.98059996251759
7868,1.88816,2.50068284298858
7869,1.8884,2.20202084922259
7870,1.88864,2.98626438866221
7871,1.88888,2.45600272271736
7872,1.88912,1.50832457684977
7873,1.88936,2.50912999765642
7874,1.8896,2.41675185232957
7875,1.88984,1.53803832935998
7876,1.89008,2.37554474197571
7877,1.89032,2.36125798817111
7878,1.89056,1.4321503097761
7879,1.8908,2.46137380797719
7880,1.89104,1.68824691233325
7881,1.89128,1.57346303675415
7882,1.89152,2.16523984254039
7883,1.89176,1.35048048935735
7884,1.892,1.30752387385927
7885,1.89224,1.39612280709337
7886,1.89248,2.08887114009525
7887,1.89272,0.525373295447153
7888,1.89296,1.29413309318724
7889,1.8932,1.6908813730951
7890,1.89344,0.903062225511434
7891,1.89368,0.656209088859045
7892,1.89392,1.48571523654794
7893,1.89416,0.99668013157633
7894,1.8944,0.327183738090826
7895,1.89464,1.22758077133096
7896,1.89488,0.921427545343921
7897,1.89512,0.42701770030443
7898,1.89536,0.773385554355056
7899,1.8956,0.0544663228603348
7900,1.89584,0.697274732043236
7901,1.89608,0.726681534568851
7902,1.89632,-0.411205539484217
7903,1.89656,0.635016929682996
7904,1.8968,0.114560138095567
7905,1.89704,-0.364234124552993
7906,1.89728,0.597816724509686
7907,1.89752,-0.349573080001078
7908,1.89776,-0.307258143492824
7909,1.898,0.209231208684284
7910,1.89824,-0.5682422168368
7911,1.89848,-0.374311646190322
7912,1.89872,-0.0570037550651481
7913,1.89896,-1.03914766103936
7914,1.8992,-0.454688886198236
7915,1.89944,-0.343721836791862
7916,1.89968,-1.0560390963074
7917,1.89992,-0.800004113502385
7918,1.90016,-0.419544965069037
7919,1.9004,-1.1079573453704
7920,1.90064,-0.950241242739145
7921,1.90088,-1.14894602634683
7922,1.90112,-1.21022621940068
7923,1.90136,-1.15801863588749
7924,1.9016,-1.45499843227762
7925,1.90184,-1.14244551461713
7926,1.90208,-1.32020517635104
7927,1.90232,-1.36054549151834
7928,1.90256,-1.88379090325866
7929,1.9028,-1.32627208378589
7930,1.90304,-1.96981058419195
7931,1.90328,-1.53281804520729
7932,1.90352,-2.0563104199942
7933,1.90376,-1.74092060390417
7934,1.904,-1.90083049054701
7935,1.90424,-1.82502555217778
7936,1.90448,-1.87833458520502
7937,1.90472,-2.04651732211877
7938,1.90496,-2.1010858181571
7939,1.9052,-2.04579042102727
7940,1.90544,-2.22548091010491
7941,1.90568,-2.17371685781569
7942,1.90592,-2.37821908092571
7943,1.90616,-2.57060883693374
7944,1.9064,-2.18726132135838
7945,1.90664,-2.76953089101755
7946,1.90688,-2.50718096727794
7947,1.90712,-2.15540831485418
7948,1.90736,-2.87634793951349
7949,1.9076,-2.52341554294202
7950,1.90784,-2.55798155061049
7951,1.90808,-2.70257311175332
7952,1.90832,-2.63969008428673
7953,1.90856,-3.42328034714575
7954,1.9088,-2.40831070535211
7955,1.90904,-2.99467205307737
7956,1.90928,-3.44608964459737
7957,1.90952,-2.35646989588488
7958,1.90976,-2.98862721565039
7959,1.91,-3.48129368109086
7960,1.91024,-2.31851068996568
7961,1.91048,-2.9990649708679
7962,1.91072,-3.29884580697277
7963,1.91096,-2.19448545076102
7964,1.9112,-3.38828579209355
7965,1.91144,-3.37212848490814
7966,1.91168,-2.3194347063284
7967,1.91192,-2.75711812675963
7968,1.91216,-3.16934491028879
7969,1.9124,-2.77125495285041
7970,1.91264,-2.54218496023502
7971,1.91288,-3.04586503334369
7972,1.91312,-3.66811299823982
7973,1.91336,-2.271884784496
7974,1.9136,-2.97000696425861
7975,1.91384,-3.53887344952752
7976,1.91408,-2.79237854742741
7977,1.91432,-2.59616245730729
7978,1.91456,-3.59856540879883
7979,1.9148,-2.33310715961997
7980,1.91504,-3.04371601077142
7981,1.91528,-3.85760397291481
7982,1.91552,-2.42143417322712
7983,1.91576,-2.72834796015418
7984,1.916,-3.50623584622473
7985,1.91624,-2.49734491858876
7986,1.91648,-2.63929864756822
7987,1.91672,-3.48596437946314
7988,1.91696,-2.08419924518146
7989,1.9172,-3.01043689854896
7990,1.91744,-2.72157806137549
7991,1.91768,-2.13911182896806
7992,1.91792,-3.24902172448951
7993,1.91816,-2.31814820094448
7994,1.9184,-2.53099258260157
7995,1.91864,-2.85432336847362
7996,1.91888,-1.78618707885797
7997,1.91912,-3.02343395311036
7998,1.91936,-2.45518767967214
7999,1.9196,-1.95125176101909
8000,1.91984,-2.89002232857397
8001,1.92008,-1.93309741119559
8002,1.92032,-2.11521391100094
8003,1.92056,-2.75632374365381
8004,1.9208,-1.87187782151421
8005,1.92104,-1.52921204714943
8006,1.92128,-2.73583075165708
8007,1.92152,-2.03064245630405
8008,1.92176,-1.26577758975385
8009,1.922,-2.66614872818191
8010,1.92224,-1.6772003492902
8011,1.92248,-1.11072121863506
8012,1.92272,-2.22416990548839
8013,1.92296,-0.735810769660295
8014,1.9232,-1.67974057131695
8015,1.92344,-2.13334398744986
8016,1.92368,-0.833855062788772
8017,1.92392,-1.47938558207086
8018,1.92416,-1.63625586581125
8019,1.9244,-0.384719663861398
8020,1.92464,-1.34267391118927
8021,1.92488,-1.44999925286426
8022,1.92512,-0.732205009823281
8023,1.92536,-0.548019182035406
8024,1.9256,-1.5626100847755
8025,1.92584,-0.552345610614906
8026,1.92608,-0.544683120742656
8027,1.92632,-1.13388002047614
8028,1.92656,-0.186781620867336
8029,1.9268,-0.59465746346043
8030,1.92704,-0.511138798212495
8031,1.92728,0.375907918127534
8032,1.92752,-0.552773436913047
8033,1.92776,-0.0377593068964663
8034,1.928,0.0760510235301231
8035,1.92824,-0.527305809659168
8036,1.92848,0.530818313998857
8037,1.92872,0.00363296887515929
8038,1.92896,0.0816178448780831
8039,1.9292,0.60877153232904
8040,1.92944,0.297855555999217
8041,1.92968,0.20861601985919
8042,1.92992,0.346642361854202
8043,1.93016,0.724889311421996
8044,1.9304,0.593321169399092
8045,1.93064,0.10987491974847
8046,1.93088,0.938039688714713
8047,1.93112,1.14123819774663
8048,1.93136,0.871182888894498
8049,1.9316,0.951670464039651
8050,1.93184,1.37812057298441
8051,1.93208,1.21062749628185
8052,1.93232,0.906843755046552
8053,1.93256,1.20352757769511
8054,1.9328,1.3766108281395
8055,1.93304,1.42146513699438
8056,1.93328,1.4694274961648
8057,1.93352,1.75519112042355
8058,1.93376,1.19772517834402
8059,1.934,1.60297787616926
8060,1.93424,1.88818836583765
8061,1.93448,1.92899242867966
8062,1.93472,1.84600683060148
8063,1.93496,2.01606231844736
8064,1.9352,1.94312059273363
8065,1.93544,1.98769152066348
8066,1.93568,1.92135014937757
8067,1.93592,2.34270269962616
8068,1.93616,2.27441270712994
8069,1.9364,2.10726293363345
8070,1.93664,2.42126886750489
8071,1.93688,2.25289121270736
8072,1.93712,2.34477326643187
8073,1.93736,2.55303977554118
8074,1.9376,2.41170132798878
8075,1.93784,2.40633697760429
8076,1.93808,2.39600194141437
8077,1.93832,2.7760834085463
8078,1.93856,2.67269479508447
8079,1.9388,2.33601117324728
8080,1.93904,3.10998501049004
8081,1.93928,2.55237600009619
8082,1.93952,2.26316161008277
8083,1.93976,3.31242433220797
8084,1.94,3.02748816986444
8085,1.94024,2.30659760984281
8086,1.94048,3.3897743484301
8087,1.94072,3.14855882722234
8088,1.94096,2.1116840061592
8089,1.9412,3.25281201685011
8090,1.94144,3.0599125642917
8091,1.94168,2.54874221473798
8092,1.94192,3.74079616126763
8093,1.94216,3.23485474577628
8094,1.9424,2.29610816755014
8095,1.94264,3.53763732000834
8096,1.94288,3.2124226170146
8097,1.94312,2.34054337780953
8098,1.94336,3.15287958223087
8099,1.9436,2.32898718010266
8100,1.94384,2.9680798209055
8101,1.94408,3.60023796490117
8102,1.94432,2.67788102885918
8103,1.94456,2.66278107820012
8104,1.9448,3.36957007773651
8105,1.94504,3.59604640855209
8106,1.94528,2.30663873109682
8107,1.94552,3.09794715701278
8108,1.94576,2.91564441023841
8109,1.946,2.43053334935617
8110,1.94624,3.16441995040747
8111,1.94648,3.04831296442706
8112,1.94672,2.15111238973048
8113,1.94696,3.20048394325983
8114,1.9472,2.91543705406611
8115,1.94744,2.33658577622117
8116,1.94768,3.21486752210898
8117,1.94792,2.6457770051025
8118,1.94816,2.62229344619093
8119,1.9484,3.43413604268154
8120,1.94864,1.99549061749768
8121,1.94888,3.00372440134192
8122,1.94912,2.68280002901825
8123,1.94936,2.06460587002638
8124,1.9496,2.90112027444656
8125,1.94984,2.53349266831948
8126,1.95008,1.86990109465205
8127,1.95032,3.25444373937148
8128,1.95056,2.59734926124915
8129,1.9508,1.40210866544659
8130,1.95104,2.87467558066832
8131,1.95128,2.29744935549272
8132,1.95152,1.41948196299625
8133,1.95176,2.37260422727408
8134,1.952,2.47304124651465
8135,1.95224,1.65326987430931
8136,1.95248,2.31584537485652
8137,1.95272,2.24549101945418
8138,1.95296,1.38144014019746
8139,1.9532,2.23788395087715
8140,1.95344,1.53233021792737
8141,1.95368,0.880955335224678
8142,1.95392,1.33588310644364
8143,1.95416,2.03037900911957
8144,1.9544,1.6430709944106
8145,1.95464,1.08501719833893
8146,1.95488,1.13509692543598
8147,1.95512,1.90473682474422
8148,1.95536,0.799640643544675
8149,1.9556,1.14805235930344
8150,1.95584,1.38187343110101
8151,1.95608,0.942151813494809
8152,1.95632,1.10676761488863
8153,1.95656,0.559192918718358
8154,1.9568,0.18379913305195
8155,1.95704,1.13079591703294
8156,1.95728,0.398797808791369
8157,1.95752,0.0748406092001963
8158,1.95776,0.949515017040107
8159,1.958,-0.0793672726371848
8160,1.95824,0.367328989785858
8161,1.95848,0.685370402915834
8162,1.95872,-0.163769457742173
8163,1.95896,0.193937765093285
8164,1.9592,-0.0371612524123537
8165,1.95944,0.00135924197627779
8166,1.95968,-0.0891005155076938
8167,1.95992,-0.507968701058205
8168,1.96016,0.0425876893506671
8169,1.9604,-0.366859769646375
8170,1.96064,-0.866312623733002
8171,1.96088,-0.0396905678801498
8172,1.96112,-0.657671018391791
8173,1.96136,-0.882883545181961
8174,1.9616,-0.636838868889925
8175,1.96184,-0.7388082269927
8176,1.96208,-1.42409118881832
8177,1.96232,-1.0299809737384
8178,1.96256,-0.747718491286703
8179,1.9628,-1.17603277168321
8180,1.96304,-1.24206017216775
8181,1.96328,-0.940104480498622
8182,1.96352,-1.59488009908157
8183,1.96376,-1.40902534617099
8184,1.964,-1.33533185867093
8185,1.96424,-1.8597145689427
8186,1.96448,-1.3031664794478
8187,1.96472,-1.94751609729249
8188,1.96496,-1.50859964398444
8189,1.9652,-2.03271141651884
8190,1.96544,-1.71517889651681
8191,1.96568,-1.75687545312334
8192,1.96592,-1.68039174816636
8193,1.96616,-2.33038305917643
8194,1.9664,-1.77386303963523
8195,1.96664,-1.83024835843021
8196,1.96688,-2.6123815273725
8197,1.96712,-1.94637440930785
8198,1.96736,-2.02504770841544
8199,1.9676,-2.33668609603278
8200,1.96784,-2.29976786219326
8201,1.96808,-2.27272173374501
8202,1.96832,-2.36094609302585
8203,1.96856,-2.7133401062176
8204,1.9688,-2.58481184011366
8205,1.96904,-2.22107358202956
8206,1.96928,-2.8440980914533
8207,1.96952,-2.49645793819629
8208,1.96976,-2.41650045124918
8209,1.97,-3.42941488441057
8210,1.97024,-2.39423877324387
8211,1.97048,-2.48213108845388
8212,1.97072,-3.40734260253428
8213,1.97096,-3.01054731149829
8214,1.9712,-2.89537325204741
8215,1.97144,-2.89068494962884
8216,1.97168,-2.67470235208927
8217,1.97192,-3.32558989764984
8218,1.97216,-3.12323864415019
8219,1.9724,-2.3595633755319
8220,1.97264,-3.6551028447696
8221,1.97288,-3.02096325821847
8222,1.97312,-3.03906551027986
8223,1.97336,-3.5319661960941
8224,1.9736,-2.84557577902648
8225,1.97384,-3.28352025082338
8226,1.97408,-3.3461663064315
8227,1.97432,-2.3766708828796
8228,1.97456,-3.0036341887414
8229,1.9748,-3.73613182282553
8230,1.97504,-2.21023530409199
8231,1.97528,-3.01672077642116
8232,1.97552,-3.69818485929261
8233,1.97576,-2.70556518661369
8234,1.976,-2.74268891465623
8235,1.97624,-3.38090971815373
8236,1.97648,-3.17770358639962
8237,1.97672,-2.67487907278494
8238,1.97696,-3.50034189294993
8239,1.9772,-2.53521800596109
8240,1.97744,-2.59553718838627
8241,1.97768,-3.60954589930346
8242,1.97792,-2.35668378329693
8243,1.97816,-2.6138989098543
8244,1.9784,-3.5785506012592
8245,1.97864,-2.2793147730345
8246,1.97888,-2.60775667465006
8247,1.97912,-3.40606039274935
8248,1.97936,-1.95319403675988
8249,1.9796,-2.8301205643341
8250,1.97984,-2.85289483565821
8251,1.98008,-1.97317234906108
8252,1.98032,-3.15113534557698
8253,1.98056,-2.29368790269805
8254,1.9808,-2.22089158493367
8255,1.98104,-2.97886704190491
8256,1.98128,-1.73464302928305
8257,1.98152,-2.6927900553525
8258,1.98176,-2.55190776590015
8259,1.982,-1.5118226584504
8260,1.98224,-2.42360893995958
8261,1.98248,-2.59724969760189
8262,1.98272,-1.74214141311968
8263,1.98296,-2.01626692730182
8264,1.9832,-2.27280480690782
8265,1.98344,-1.25728998910159
8266,1.98368,-2.54306124091149
8267,1.98392,-1.79362506665799
8268,1.98416,-1.57682707680255
8269,1.9844,-1.95733602934775
8270,1.98464,-0.716920183214152
8271,1.98488,-1.06351656550449
8272,1.98512,-2.12926047934922
8273,1.98536,-1.51303987265992
8274,1.9856,-1.08182993031829
8275,1.98584,-1.1386242894644
8276,1.98608,-2.03826610115675
8277,1.98632,-0.575837747483816
8278,1.98656,-1.53268294205098
8279,1.9868,-0.927878846149956
8280,1.98704,-0.266602113142743
8281,1.98728,-1.04617493892094
8282,1.98752,-0.50761973629337
8283,1.98776,-0.14068592088613
8284,1.988,-1.0956064378059
8285,1.98824,-0.371016580240064
8286,1.98848,-0.0539736015976653
8287,1.98872,-0.935088886051924
8288,1.98896,0.0878080027729415
8289,1.9892,-0.364438152201247
8290,1.98944,-0.447953150396265
8291,1.98968,0.393072409985077
8292,1.98992,-0.334814373125795
8293,1.99016,0.0125567746745803
8294,1.9904,0.327334057721364
8295,1.99064,0.168108104813738
8296,1.99088,0.225465490256941
8297,1.99112,0.387007784331649
8298,1.99136,0.554312866822571
8299,1.9916,0.33039110352668
8300,1.99184,0.342482091523061
8301,1.99208,0.832141373648564
8302,1.99232,0.935672457172786
8303,1.99256,0.68501930374411
8304,1.9928,0.782790434324253
8305,1.99304,1.46428101385716
8306,1.99328,1.0667640263757
8307,1.99352,0.781462392009247
8308,1.99376,1.20708795868126
8309,1.994,1.15232523238214
8310,1.99424,1.56910987964002
8311,1.99448,1.01574431785899
8312,1.99472,1.55603281047164
8313,1.99496,1.84087973243093
8314,1.9952,1.28452130164712
8315,1.99544,1.92883095977382
8316,1.99568,1.24889098973895
8317,1.99592,1.89256375552467
8318,1.99616,1.69714835185633
8319,1.9964,1.97779159196626
8320,1.99664,2.13607684749432
8321,1.99688,1.826773780704
8322,1.99712,2.35384935573187
8323,1.99736,2.16253876756833
8324,1.9976,1.86295283562086
8325,1.99784,2.27952053217702
8326,1.99808,2.21772852424474
8327,1.99832,1.93686692425344
8328,1.99856,2.49146220467186
8329,1.9988,1.96931298369553
8330,1.99904,2.43242189769885
8331,1.99928,2.76247428692848
8332,1.99952,2.2736428915204
8333,1.99976,2.63665135378761
8334,2,2.51208635003932
8335,2.00024,2.77833833267344
8336,2.00048,2.67897476408142
8337,2.00072,2.23801861878442
8338,2.00096,3.14348347732801
8339,2.0012,2.83503900902683
8340,2.00144,1.95683287309687
8341,2.00168,3.02024130883295
8342,2.00192,3.23162997162069
8343,2.00216,2.3934894154361
8344,2.0024,3.49545574474273
8345,2.00264,3.14625316796704
8346,2.00288,2.48478679529492
8347,2.00312,3.62321377227827
8348,2.00336,3.20064146691012
8349,2.0036,2.46970643506463
8350,2.00384,3.17806030589526
8351,2.00408,2.58757638348814
8352,2.00432,3.00453144472297
8353,2.00456,3.27527455566833
8354,2.0048,3.09581657243783
8355,2.00504,2.36441320324416
8356,2.00528,3.08986507703089
8357,2.00552,3.57452643997241
8358,2.00576,3.10241498030872
8359,2.006,2.57407283022299
8360,2.00624,3.25757191304678
8361,2.00648,3.57969213687105
8362,2.00672,2.38049366214187
8363,2.00696,3.02175669249436
8364,2.0072,3.65086984064922
8365,2.00744,2.39871583505263
8366,2.00768,3.10897260680038
8367,2.00792,3.32861521812828
8368,2.00816,2.03490616463673
8369,2.0084,2.82311853538877
8370,2.00864,3.48256075145619
8371,2.00888,2.13632906773962
8372,2.00912,3.10635466669363
8373,2.00936,2.75092632338135
8374,2.0096,2.45878327734935
8375,2.00984,3.48603834862032
8376,2.01008,2.25058052404442
8377,2.01032,2.75400034045098
8378,2.01056,3.12228125109252
8379,2.0108,1.74059990373728
8380,2.01104,3.03171809798486
8381,2.01128,2.8707064036739
8382,2.01152,1.80660688191387
8383,2.01176,3.16589855134914
8384,2.012,2.01628491186421
8385,2.01224,2.2463435138647
8386,2.01248,2.69908645150178
8387,2.01272,1.75428312176921
8388,2.01296,2.53271126767414
8389,2.0132,2.21787417480987
8390,2.01344,1.36015563776923
8391,2.01368,2.68782985651804
8392,2.01392,1.85809680077523
8393,2.01416,2.03726867462193
8394,2.0144,2.44142716338604
8395,2.01464,1.56921276852541
8396,2.01488,1.46702001005645
8397,2.01512,2.32009449105961
8398,2.01536,1.86888046461097
8399,2.0156,1.47908559515335
8400,2.01584,1.45150139031608
8401,2.01608,2.14494847430637
8402,2.01632,0.710760428153546
8403,2.01656,1.24582484211227
8404,2.0168,1.65501902297636
8405,2.01704,0.87891263374419
8406,2.01728,0.643066021225705
8407,2.01752,1.60624218031184
8408,2.01776,1.24746020885405
8409,2.018,0.583432265790029
8410,2.01824,0.88534930468194
8411,2.01848,1.07667919412127
8412,2.01872,0.712330111465673
8413,2.01896,0.8260179672565
8414,2.0192,0.111683286379955
8415,2.01944,0.285005476112492
8416,2.01968,1.05195948022665
8417,2.01992,-0.0751899425724808
8418,2.02016,0.255924111721489
8419,2.0204,0.106531450451874
8420,2.02064,-0.00452592647882222
8421,2.02088,0.242380679979817
8422,2.02112,-0.45427803937405
8423,2.02136,-0.0418459833258964
8424,2.0216,-0.119676637840135
8425,2.02184,-0.526472136891688
8426,2.02208,0.0317498404809933
8427,2.02232,-0.608682097302833
8428,2.02256,-0.375691517217754
8429,2.0228,-0.389903233156508
8430,2.02304,-0.872950941051539
8431,2.02328,-0.972479718475154
8432,2.02352,-0.718233470901801
8433,2.02376,-0.812802572681504
8434,2.024,-1.49146195154885
8435,2.02424,-0.976323569058068
8436,2.02448,-1.40519432263016
8437,2.02472,-0.982606010055059
8438,2.02496,-1.05286255582239
8439,2.0252,-1.46750092895942
8440,2.02544,-1.15351642037344
8441,2.02568,-1.6821916355443
8442,2.02592,-1.24848655894909
8443,2.02616,-1.17560316276025
8444,2.0264,-1.58004744461282
8445,2.02664,-1.6234300622472
8446,2.02688,-2.02339587692003
8447,2.02712,-1.7051629219951
8448,2.02736,-1.63045769231217
8449,2.0276,-2.03591224825414
8450,2.02784,-1.95722924016029
8451,2.02808,-1.64999468133342
8452,2.02832,-2.42714488813577
8453,2.02856,-2.11871531860555
8454,2.0288,-2.18450334899156
8455,2.02904,-2.37140639317147
8456,2.02928,-2.08131526192956
8457,2.02952,-2.40674082697542
8458,2.02976,-2.36497008456406
8459,2.03,-2.46324947191268
8460,2.03024,-2.44658562403168
8461,2.03048,-2.30788799980389
8462,2.03072,-2.79737227396247
8463,2.03096,-2.56208883105998
8464,2.0312,-2.21956357505863
8465,2.03144,-3.22049594923725
8466,2.03168,-2.41010151832522
8467,2.03192,-2.35570602966299
8468,2.03216,-3.26495614926939
8469,2.0324,-2.49461941550103
8470,2.03264,-2.72602397505363
8471,2.03288,-3.55366021591187
8472,2.03312,-2.70344297141778
8473,2.03336,-2.38145333141031
8474,2.0336,-3.37939260310666
8475,2.03384,-3.0541926631422
8476,2.03408,-2.2942215735825
8477,2.03432,-3.46522716266431
8478,2.03456,-3.18804031556562
8479,2.0348,-2.47175805006515
8480,2.03504,-3.4585701788951
8481,2.03528,-3.35612525794021
8482,2.03552,-2.09976811643812
8483,2.03576,-3.86044430421627
8484,2.036,-2.39114412989498
8485,2.03624,-2.54281143336849
8486,2.03648,-3.05621790613398
8487,2.03672,-3.56933410163269
8488,2.03696,-2.76897161864618
8489,2.0372,-2.75425521867246
8490,2.03744,-3.34328944235092
8491,2.03768,-3.45117931799974
8492,2.03792,-2.41210846598183
8493,2.03816,-3.31678269173033
8494,2.0384,-3.01829514837877
8495,2.03864,-2.29974809357417
8496,2.03888,-3.16115661785946
8497,2.03912,-3.41002763105205
8498,2.03936,-2.14443208989651
8499,2.0396,-3.08025582682079
8500,2.03984,-3.04120961489988
8501,2.04008,-2.22414066951421
8502,2.04032,-3.2254553542428
8503,2.04056,-2.90052735058839
8504,2.0408,-2.40001617361961
8505,2.04104,-3.57937249542501
8506,2.04128,-2.25758268671483
8507,2.04152,-2.79455767035746
8508,2.04176,-2.833542385992
8509,2.042,-1.85267682912708
8510,2.04224,-3.056315720091
8511,2.04248,-2.45016605374401
8512,2.04272,-2.03103727766175
8513,2.04296,-2.93252043654171
8514,2.0432,-1.58696562875948
8515,2.04344,-2.80087349629371
8516,2.04368,-2.20606810337657
8517,2.04392,-1.67814596995831
8518,2.04416,-2.82997468682197
8519,2.0444,-1.9499274967401
8520,2.04464,-1.49939200311337
8521,2.04488,-2.72294501297524
8522,2.04512,-1.91877516614857
8523,2.04536,-1.53572403573013
8524,2.0456,-2.10430483261976
8525,2.04584,-1.27065027745853
8526,2.04608,-2.3893974126551
8527,2.04632,-0.990489536691035
8528,2.04656,-0.855703053010131
8529,2.0468,-1.8065692324292
8530,2.04704,-1.79091189953754
8531,2.04728,-0.721554761396056
8532,2.04752,-0.786249421251195
8533,2.04776,-1.92623146780184
8534,2.048,-0.800694077271477
8535,2.04824,-0.581553204138029
8536,2.04848,-1.20317809510453
8537,2.04872,-0.860867956080368
8538,2.04896,-0.211562337252392
8539,2.0492,-1.24932910175819
8540,2.04944,-1.07819207788881
8541,2.04968,-0.116755784074591
8542,2.04992,-0.732331476594807
8543,2.05016,-0.979977748917674
8544,2.0504,-0.0692827473967292
8545,2.05064,-0.369928139106699
8546,2.05088,-0.193383509755845
8547,2.05112,-0.179204235340742
8548,2.05136,-0.401373706309648
8549,2.0516,0.204717972424718
8550,2.05184,-0.0663705176199019
8551,2.05208,-0.20537302877691
8552,2.05232,0.590543229088714
8553,2.05256,-0.0763720579855065
8554,2.0528,0.347417175598134
8555,2.05304,0.501559012331819
8556,2.05328,0.163993298980543
8557,2.05352,0.427416600998193
8558,2.05376,1.14354721614599
8559,2.054,0.539610515124005
8560,2.05424,0.650779115037146
8561,2.05448,1.34351813480991
8562,2.05472,1.07159935638118
8563,2.05496,0.921376281720866
8564,2.0552,0.991938712970548
8565,2.05544,1.18116803290992
8566,2.05568,1.36904520653601
8567,2.05592,1.30410752261598
8568,2.05616,1.35292289818073
8569,2.0564,1.65517686879521
8570,2.05664,1.57691136504802
8571,2.05688,1.50028464799242
8572,2.05712,1.42651665570864
8573,2.05736,1.229610759262
8574,2.0576,1.39531936578132
8575,2.05784,2.04100806197324
8576,2.05808,1.59889994863153
8577,2.05832,2.12164181642319
8578,2.05856,1.81177738749064
8579,2.0588,2.33647875382053
8580,2.05904,1.89863043890389
8581,2.05928,2.31952009744185
8582,2.05952,2.3750922769776
8583,2.05976,1.59296540177405
8584,2.06,2.03303540421465
8585,2.06024,2.82673776794392
8586,2.06048,1.94276434876635
8587,2.06072,2.40479963886008
8588,2.06096,2.85304490642225
8589,2.0612,2.11776243774975
8590,2.06144,2.72385528823644
8591,2.06168,2.83407730656686
8592,2.06192,2.13532560657875
8593,2.06216,3.00144225305346
8594,2.0624,2.54819485419833
8595,2.06264,2.60813311826921
8596,2.06288,3.13978485914585
8597,2.06312,2.0109563023725
8598,2.06336,3.0676138800176
8599,2.0636,3.27328197974077
8600,2.06384,2.30931175657532
8601,2.06408,3.41085754286814
8602,2.06432,3.17913506317025
8603,2.06456,2.38019031032752
8604,2.0648,2.82359733790036
8605,2.06504,3.60308324984924
8606,2.06528,2.48439584805876
8607,2.06552,2.97563887868606
8608,2.06576,3.81019740115024
8609,2.066,2.74384222264928
8610,2.06624,2.56818588235827
8611,2.06648,3.96220824946767
8612,2.06672,3.06642208233583
8613,2.06696,2.22489578642139
8614,2.0672,2.85496207754894
8615,2.06744,3.48334870045907
8616,2.06768,3.02708249878857
8617,2.06792,2.63646626250732
8618,2.06816,3.33719157512334
8619,2.0684,3.67334803409104
8620,2.06864,2.24813444776323
8621,2.06888,3.0293481954457
8622,2.06912,3.79810336055016
8623,2.06936,2.42684223023612
8624,2.0696,2.80426886856512
8625,2.06984,3.64945830916144
8626,2.07008,2.23507864729056
8627,2.07032,2.92182618558501
8628,2.07056,3.3512224577082
8629,2.0708,2.02751020067109
8630,2.07104,2.90364945348697
8631,2.07128,3.0467075149059
8632,2.07152,2.0458881485108
8633,2.07176,3.10768712351471
8634,2.072,2.60584232990829
8635,2.07224,2.40766681637375
8636,2.07248,3.28390220945712
8637,2.07272,1.91522022138852
8638,2.07296,2.75386629862951
8639,2.0732,2.73479137131159
8640,2.07344,1.93820158040616
8641,2.07368,3.06895923963151
8642,2.07392,1.93957367524759
8643,2.07416,2.42735651367723
8644,2.0744,2.41526697067187
8645,2.07464,1.38297349001844
8646,2.07488,2.41393477490865
8647,2.07512,2.23510052697811
8648,2.07536,1.40176871062865
8649,2.0756,2.7354375575969
8650,2.07584,2.03284430072421
8651,2.07608,1.14902887716085
8652,2.07632,2.43636051458041
8653,2.07656,1.58047879884977
8654,2.0768,0.895875461598814
8655,2.07704,2.38664509429638
8656,2.07728,0.779644524561278
8657,2.07752,1.24967413239688
8658,2.07776,1.71789011044894
8659,2.078,1.82567311761283
8660,2.07824,0.527863447177739
8661,2.07848,1.08497263788049
8662,2.07872,1.63872656369365
8663,2.07896,1.11393994344121
8664,2.0792,0.767790533718213
8665,2.07944,1.02478363847261
8666,2.07968,1.28907104057136
8667,2.07992,0.761946883873216
8668,2.08016,0.959088873627329
8669,2.0804,0.56319033151256
8670,2.08064,0.691652745483604
8671,2.08088,0.818029815763776
8672,2.08112,0.00435417677966177
8673,2.08136,0.547256970303397
8674,2.0816,0.359337743659694
8675,2.08184,-0.390522743351536
8676,2.08208,0.671572575895857
8677,2.08232,0.0540002569042632
8678,2.08256,-0.406282509386165
8679,2.0828,0.571976663860952
8680,2.08304,-0.231345210177632
8681,2.08328,-0.29495264761342
8682,2.08352,-0.363266523541195
8683,2.08376,-0.400573843069554
8684,2.084,-0.314121014762789
8685,2.08424,-0.465804350134863
8686,2.08448,-0.47380268408388
8687,2.08472,-0.711941235012732
8688,2.08496,-0.709803559676611
8689,2.0852,-0.689034047809536
8690,2.08544,-0.899177389149422
8691,2.08568,-1.11197562102363
8692,2.08592,-0.828682957409163
8693,2.08616,-0.899717915400557
8694,2.0864,-0.970209521561451
8695,2.08664,-1.26773513581464
8696,2.08688,-1.45420593707816
8697,2.08712,-1.14112853040107
8698,2.08736,-1.66756548631251
8699,2.0876,-1.35108343327161
8700,2.08784,-1.51994644079978
8701,2.08808,-1.32390674432992
8702,2.08832,-1.8485598219239
8703,2.08856,-1.53027806215482
8704,2.0888,-1.57076626407047
8705,2.08904,-1.6108540533949
8706,2.08928,-2.0207965947444
8707,2.08952,-2.30320600461847
8708,2.08976,-2.10919037863264
8709,2.09,-1.80576485730963
8710,2.09024,-2.21898233961375
8711,2.09048,-2.03904989209115
8712,2.09072,-2.47180178708825
8713,2.09096,-2.17748551261865
8714,2.0912,-1.89332122185945
8715,2.09144,-2.58877874506872
8716,2.09168,-2.43241781327743
8717,2.09192,-2.05714697339527
8718,2.09216,-3.01254542410258
8719,2.0924,-2.39638922897219
8720,2.09264,-2.41606679786344
8721,2.09288,-3.14945665067993
8722,2.09312,-2.32918064756201
8723,2.09336,-2.74260626379005
8724,2.0936,-3.2680608073743
8725,2.09384,-2.12779154540487
8726,2.09408,-2.82400321811852
8727,2.09432,-3.14342998850096
8728,2.09456,-2.29191220108865
8729,2.0948,-3.02333081568428
8730,2.09504,-3.02171841129128
8731,2.09528,-2.57892394609946
8732,2.09552,-3.35641125809788
8733,2.09576,-3.04139297619743
8734,2.096,-2.64603566647705
8735,2.09624,-3.71625675561455
8736,2.09648,-3.08800032559917
8737,2.09672,-2.86505451765109
8738,2.09696,-3.63692960194397
8739,2.0972,-3.18245305132878
8740,2.09744,-2.89095705684785
8741,2.09768,-2.16678622581671
8742,2.09792,-2.66912489680509
8743,2.09816,-3.17388616316963
8744,2.0984,-3.67372566189095
8745,2.09864,-2.28533110825408
8746,2.09888,-2.98725025616535
8747,2.09912,-3.67992679536729
8748,2.09936,-2.58107544561985
8749,2.0996,-2.86908672909631
8750,2.09984,-3.63527909319424
8751,2.10008,-2.60551683360546
8752,2.10032,-2.60933609615204
8753,2.10056,-3.44904546042457
8754,2.1008,-2.84752727703249
8755,2.10104,-2.43402880772337
8756,2.10128,-3.46791491220634
8757,2.10152,-2.6999340843688
8758,2.10176,-2.48296500986173
8759,2.102,-3.46965128103772
8760,2.10224,-2.4199693302039
8761,2.10248,-2.5209270357963
8762,2.10272,-3.45109781983508
8763,2.10296,-2.00840068214825
8764,2.1032,-2.89717435433703
8765,2.10344,-2.69305809195277
8766,2.10368,-2.07112183163561
8767,2.10392,-2.9126081769468
8768,2.10416,-2.6602709638262
8769,2.1044,-1.74997669715823
8770,2.10464,-2.67148892271997
8771,2.10488,-2.37945158139983
8772,2.10512,-1.789074330029
8773,2.10536,-3.12079300278683
8774,2.1056,-2.30005725368161
8775,2.10584,-1.30072817783129
8776,2.10608,-2.49569171333321
8777,2.10632,-2.35318240041658
8778,2.10656,-1.41647984904237
8779,2.1068,-2.43554120872653
8780,2.10704,-2.36160188046705
8781,2.10728,-1.4920677529351
8782,2.10752,-1.28299071464754
8783,2.10776,-2.25203412755137
8784,2.108,-1.57110529367059
8785,2.10824,-1.07048679467713
8786,2.10848,-1.1787327222963
8787,2.10872,-2.0093125501484
8788,2.10896,-1.28562570809394
8789,2.1092,-0.986751649895493
8790,2.10944,-1.17081419056122
8791,2.10968,-1.83816082457193
8792,2.10992,-0.512879176201459
8793,2.11016,-1.00973450966609
8794,2.1104,-0.903799222880978
8795,2.11064,-0.366541968099533
8796,2.11088,-0.565575383547062
8797,2.11112,-1.60012753268267
8798,2.11136,-0.381765965876301
8799,2.1116,-0.289441679574464
8800,2.11184,-0.78913621999903
8801,2.11208,0.0230639557292256
8802,2.11232,-0.527973695818635
8803,2.11256,-0.588170112243278
8804,2.1128,0.28226154034555
8805,2.11304,-0.431485805003308
8806,2.11328,-0.17485175928069
8807,2.11352,0.64287997763182
8808,2.11376,-0.349629650801353
8809,2.114,0.33884526206396
8810,2.11424,0.633441000809523
8811,2.11448,-0.0275233703891458
8812,2.11472,0.612717792107538
8813,2.11496,0.637110665840369
8814,2.1152,0.423529330631076
8815,2.11544,0.78311278508606
8816,2.11568,0.427491756596189
8817,2.11592,1.01838230090935
8818,2.11616,0.746327383961854
8819,2.1164,0.722377358849142
8820,2.11664,1.05042512700045
8821,2.11688,0.878539098645968
8822,2.11712,0.9559254936625
8823,2.11736,1.26294502786672
8824,2.1176,1.0739037741224
8825,2.11784,1.62024865968813
8826,2.11808,1.06610302259035
8827,2.11832,1.59486312975293
8828,2.11856,1.28169208317722
8829,2.1188,1.69029408350606
8830,2.11904,1.49137793284271
8831,2.11928,1.7753724579727
8832,2.11952,1.57693510099341
8833,2.11976,1.61684682964171
8834,2.12,1.65923696684172
8835,2.12024,1.94690692822557
8836,2.12048,1.99107509211282
8837,2.12072,2.15824414507033
8838,2.12096,2.09928977603209
8839,2.1212,2.39192536341052
8840,2.12144,2.33682886096294
8841,2.12168,2.05164351843292
8842,2.12192,2.35956499013287
8843,2.12216,2.20095186964404
8844,2.1224,2.65584644837679
8845,2.12264,2.26170078375515
8846,2.12288,2.37041552461075
8847,2.12312,3.08377670168268
8848,2.12336,2.11527010868743
8849,2.1236,2.74099122157147
8850,2.12384,3.11264282869479
8851,2.12408,2.0632814972844
8852,2.12432,3.08293576630839
8853,2.12456,3.00444128573251
8854,2.1248,2.36496276588651
8855,2.12504,3.29428520859001
8856,2.12528,2.54017721208193
8857,2.12552,2.7905515825657
8858,2.12576,3.14510806242647
8859,2.126,2.08984639371969
8860,2.12624,2.98174686802176
8861,2.12648,3.25904004022678
8862,2.12672,2.25209312041188
8863,2.12696,3.55112641418912
8864,2.1272,3.27355797784493
8865,2.12744,2.20094590690115
8866,2.12768,3.31113307828664
8867,2.12792,3.33100919810133
8868,2.12816,2.31332729986595
8869,2.1284,2.78629920184638
8870,2.12864,2.52058334410253
8871,2.12888,2.78365370547273
8872,2.12912,3.29141811291773
8873,2.12936,3.79421019159957
8874,2.1296,2.16905643434975
8875,2.12984,2.76232129982925
8876,2.13008,3.47489520653324
8877,2.13032,2.74662918666723
8878,2.13056,2.80150840324511
8879,2.1308,3.69421459583651
8880,2.13104,2.43690860467928
8881,2.13128,2.69149316682008
8882,2.13152,3.77203378690567
8883,2.13176,2.23541197199201
8884,2.132,2.5643262213873
8885,2.13224,3.48325606033031
8886,2.13248,2.49210867707983
8887,2.13272,2.52828161190427
8888,2.13296,3.51678295181487
8889,2.1332,2.2467627413369
8890,2.13344,2.7166279321737
8891,2.13368,3.28949746326847
8892,2.13392,1.98283668821693
8893,2.13416,2.99959193241059
8894,2.1344,2.56161428716346
8895,2.13464,2.07255751614008
8896,2.13488,3.38675656769811
8897,2.13512,2.07239126781948
8898,2.13536,2.26366879730051
8899,2.1356,2.919151997425
8900,2.13584,1.81343590920586
8901,2.13608,2.20456393585398
8902,2.13632,2.69317970542254
8903,2.13656,1.78254142235922
8904,2.1368,2.00805644215269
8905,2.13704,2.33403436595241
8906,2.13728,1.50561152755713
8907,2.13752,2.50544652702345
8908,2.13776,2.29612989893759
8909,2.138,1.41613534950857
8910,2.13824,1.43300106454438
8911,2.13848,2.14680967888324
8912,2.13872,1.45464605991372
8913,2.13896,0.692480048896022
8914,2.1392,1.51221869320015
8915,2.13944,1.60841056308675
8916,2.13968,2.31107408591155
8917,2.13992,0.42164314475315
8918,2.14016,1.20891136072622
8919,2.1404,1.38995778342676
8920,2.14064,0.276391210129038
8921,2.14088,1.36559214180322
8922,2.14112,1.24089675736498
8923,2.14136,0.200830630485848
8924,2.1416,1.34889294618266
8925,2.14184,1.16069578556583
8926,2.14208,0.182440870079173
8927,2.14232,0.423651284628101
8928,2.14256,1.37987715266184
8929,2.1428,0.206208295805534
8930,2.14304,0.145202501694486
8931,2.14328,0.795817728369704
8932,2.14352,-0.201515551275304
8933,2.14376,0.136019693323874
8934,2.144,0.476039225452409
8935,2.14424,-0.110934326669929
8936,2.14448,0.139736362929513
8937,2.14472,0.0502982370839629
8938,2.14496,-0.136120557464044
8939,2.1452,-0.329588002035469
8940,2.14544,-0.370529918491253
8941,2.14568,-0.0465744463005831
8942,2.14592,-0.321749068698748
8943,2.14616,-1.04863789899002
8944,2.1464,-0.0899182291683995
8945,2.14664,-0.69255781933413
8946,2.14688,-1.38836790945309
8947,2.14712,-0.887273754647138
8948,2.14736,-0.741570835287906
8949,2.1476,-1.53628162264574
8950,2.14784,-1.01783606790082
8951,2.14808,-1.32524220923343
8952,2.14832,-1.26174074477952
8953,2.14856,-1.08841698100307
8954,2.1488,-1.50347424650598
8955,2.14904,-1.06912539333629
8956,2.14928,-1.35457848738852
8957,2.14952,-1.76056820830265
8958,2.14976,-1.44608498011127
8959,2.15,-1.24908943615413
8960,2.15024,-1.41479793154521
8961,2.15048,-2.06056998492217
8962,2.15072,-1.7388721645598
8963,2.15096,-2.01772130936507
8964,2.1512,-1.70727275141333
8965,2.15144,-1.99284038185128
8966,2.15168,-2.28251646443241
8967,2.15192,-1.98099193445335
8968,2.15216,-2.15677672167582
8969,2.1524,-1.97934672553795
8970,2.15264,-2.65628405507843
8971,2.15288,-2.12406142446889
8972,2.15312,-2.09023385609955
8973,2.15336,-2.78536753683755
8974,2.1536,-2.03538176174971
8975,2.15384,-2.51387200543014
8976,2.15408,-3.10452085581167
8977,2.15432,-2.02326794591893
8978,2.15456,-2.89143041426297
8979,2.1548,-2.90458167138741
8980,2.15504,-2.23044740496447
8981,2.15528,-3.24528639109836
8982,2.15552,-2.81447919149903
8983,2.15576,-2.66393367409686
8984,2.156,-3.33844216975826
8985,2.15624,-2.47483515098637
8986,2.15648,-2.96515642430867
8987,2.15672,-2.96091844521457
8988,2.15696,-2.63280895963621
8989,2.1572,-3.41900713125617
8990,2.15744,-3.21998996501531
8991,2.15768,-2.5751814923729
8992,2.15792,-3.40927116204238
8993,2.15816,-3.13684241580783
8994,2.1584,-2.67382159168664
8995,2.15864,-3.78065283616343
8996,2.15888,-3.08679974228726
8997,2.15912,-2.56388049017107
8998,2.15936,-3.3992576009431
8999,2.1596,-2.88654748231557
9000,2.15984,-2.67824036412664
9001,2.16008,-3.31314785223986
9002,2.16032,-3.70417648795291
9003,2.16056,-2.45929728430558
9004,2.1608,-3.16971108362596
9005,2.16104,-2.91121630042614
9006,2.16128,-2.3566424441207
9007,2.16152,-3.25488245260901
9008,2.16176,-3.53977385376651
9009,2.162,-2.19019147038224
9010,2.16224,-2.92702323543964
9011,2.16248,-3.76928402791672
9012,2.16272,-2.12245810424979
9013,2.16296,-2.92770885170407
9014,2.1632,-3.3617110577427
9015,2.16344,-2.04216922243229
9016,2.16368,-3.0386374816184
9017,2.16392,-3.06070747529797
9018,2.16416,-2.18096055724979
9019,2.1644,-3.36033622398285
9020,2.16464,-2.37908828461027
9021,2.16488,-2.54717738881433
9022,2.16512,-3.06069575296325
9023,2.16536,-1.69859021225493
9024,2.1656,-2.77893979672066
9025,2.16584,-2.6450678953432
9026,2.16608,-1.8501051029101
9027,2.16632,-3.10937312106349
9028,2.16656,-2.21786411421405
9029,2.1668,-2.22497307053707
9030,2.16704,-2.69877200482581
9031,2.16728,-1.77405349306261
9032,2.16752,-1.86248172674625
9033,2.16776,-2.77989379767227
9034,2.168,-1.91817829880046
9035,2.16824,-1.71557818397992
9036,2.16848,-2.70302868251853
9037,2.16872,-1.91033839916915
9038,2.16896,-1.0567466667286
9039,2.1692,-2.50073090293553
9040,2.16944,-1.89152097689161
9041,2.16968,-1.45747501976288
9042,2.16992,-1.06928253786976
9043,2.17016,-1.52955396544194
9044,2.1704,-2.10958727897957
9045,2.17064,-1.05217240013196
9046,2.17088,-1.57326011557956
9047,2.17112,-1.73087616867821
9048,2.17136,-0.363240757982012
9049,2.1716,-1.3225329092961
9050,2.17184,-1.55262276093328
9051,2.17208,-0.598445815424154
9052,2.17232,-0.904396607756938
9053,2.17256,-1.08272459978366
9054,2.1728,-0.547146678347444
9055,2.17304,-0.664487634471855
9056,2.17328,-0.77967496098299
9057,2.17352,-0.181926044222994
9058,2.17376,-0.230609556008582
9059,2.174,-0.877012129912243
9060,2.17424,0.0244732650429542
9061,2.17448,-0.19632572086114
9062,2.17472,-0.646184477704357
9063,2.17496,0.438468705915438
9064,2.1752,-0.179838717054967
9065,2.17544,-0.0744885532861583
9066,2.17568,0.478201579584446
9067,2.17592,-0.295843567680605
9068,2.17616,0.489200331509693
9069,2.1764,0.643896825082506
9070,2.17664,0.204308631686351
9071,2.17688,0.820665390321225
9072,2.17712,0.592052404290312
9073,2.17736,0.714513421704014
9074,2.1776,0.694859912619441
9075,2.17784,0.681540055371609
9076,2.17808,1.13721721954947
9077,2.17832,0.97563869049109
9078,2.17856,0.938874709891027
9079,2.1788,1.36956104711328
9080,2.17904,0.948646297269058
9081,2.17928,0.89764402131631
9082,2.17952,1.55375838448823
9083,2.17976,1.1169462052551
9084,2.18,1.77896764863889
9085,2.18024,1.34531168642978
9086,2.18048,1.75095548099294
9087,2.18072,1.31563533683905
9088,2.18096,1.59534869737829
9089,2.1812,1.51371791604233
9090,2.18144,2.03791779503226
9091,2.18168,1.59755008683902
9092,2.18192,1.64120794458317
9093,2.18216,2.29308356536154
9094,2.1824,2.09673015686172
9095,2.18264,1.67387669534125
9096,2.18288,2.33500077204718
9097,2.18312,2.26886217313594
9098,2.18336,2.34014980831762
9099,2.1836,2.29692172635875
9100,2.18384,2.24875271204922
9101,2.18408,2.57998951302204
9102,2.18432,2.42843394284084
9103,2.18456,2.2902919423911
9104,2.1848,2.64539479375942
9105,2.18504,2.39445852452573
9106,2.18528,2.65355532493242
9107,2.18552,2.91076434611335
9108,2.18576,2.2160445552618
9109,2.186,3.10945128384763
9110,2.18624,2.78916674457928
9111,2.18648,2.38431356128369
9112,2.18672,3.43284513140943
9113,2.18696,2.91155840306514
9114,2.1872,2.43694559945502
9115,2.18744,3.51914487960078
9116,2.18768,3.04129965215089
9117,2.18792,2.01119353235311
9118,2.18816,3.15104352380591
9119,2.1884,3.19828682609509
9120,2.18864,2.80210440765527
9121,2.18888,3.5187923445044
9122,2.18912,3.13389173988301
9123,2.18936,2.90639281857178
9124,2.1896,2.48849702171175
9125,2.18984,3.61469401500237
9126,2.19008,2.95768154286546
9127,2.19032,2.34731525272159
9128,2.19056,2.96548475296763
9129,2.1908,3.5758466067554
9130,2.19104,2.16778454684281
9131,2.19128,2.85300551923374
9132,2.19152,3.41625848851003
9133,2.19176,2.89871445337732
9134,2.192,2.33107961489206
9135,2.19224,3.09816372406228
9136,2.19248,3.85330696468856
9137,2.19272,2.23712884160158
9138,2.19296,2.95629816478059
9139,2.1932,3.54510541600294
9140,2.19344,2.13354106704975
9141,2.19368,3.04345749536233
9142,2.19392,3.58141523784236
9143,2.19416,1.99957419040449
9144,2.1944,2.98177333391889
9145,2.19464,3.22890589234233
9146,2.19488,2.0877791530691
9147,2.19512,3.2570997402266
9148,2.19536,2.49895263740511
9149,2.1956,2.41039896653708
9150,2.19584,3.39501557079246
9151,2.19608,2.00436889570341
9152,2.19632,2.59253923736152
9153,2.19656,3.29112791470478
9154,2.1968,1.97445281218676
9155,2.19704,2.51896748928767
9156,2.19728,2.80411323967494
9157,2.19752,1.57862387679552
9158,2.19776,2.67201801301171
9159,2.198,2.67255337396573
9160,2.19824,1.64030079132445
9161,2.19848,2.33512648582811
9162,2.19872,2.64773504875743
9163,2.19896,1.68439795034136
9164,2.1992,2.20995988894289
9165,2.19944,2.00278317009311
9166,2.19968,1.25396406257742
9167,2.19992,2.55668312770361
9168,2.20016,1.58827056598229
9169,2.2004,1.39403129776974
9170,2.20064,2.27127403154862
9171,2.20088,0.795589161165579
9172,2.20112,1.62667498567673
9173,2.20136,1.85032654280193
9174,2.2016,1.01381249353285
9175,2.20184,0.956151165724816
9176,2.20208,1.50071345462097
9177,2.20232,1.68580079628925
9178,2.20256,0.846902510995508
9179,2.2028,0.980682459454284
9180,2.20304,0.284120773856203
9181,2.20328,0.838549563476538
9182,2.20352,1.0247385648722
9183,2.20376,0.497360265085276
9184,2.204,0.140842687467099
9185,2.20424,1.10544978747003
9186,2.20448,0.27385931891979
9187,2.20472,0.0903794451775091
9188,2.20496,0.859295055236501
9189,2.2052,-0.266620026762284
9190,2.20544,0.431225901877634
9191,2.20568,0.28555173735732
9192,2.20592,-0.304421834941866
9193,2.20616,0.426700462880021
9194,2.2064,-0.148576963018489
9195,2.20664,-0.33639898417046
9196,2.20688,-0.289667252489927
9197,2.20712,-0.334285522820783
9198,2.20736,-0.12923761440985
9199,2.2076,-0.528438297578045
9200,2.20784,-1.01609537983082
9201,2.20808,-0.663281429098072
9202,2.20832,-0.426096052517212
9203,2.20856,-0.888786574736643
9204,2.2088,-0.865134563570407
9205,2.20904,-0.720298854996561
9206,2.20928,-1.03984109006066
9207,2.20952,-1.11700954966422
9208,2.20976,-0.827664410979781
9209,2.21,-1.24979984633913
9210,2.21024,-1.19206990546883
9211,2.21048,-1.48692452225207
9212,2.21072,-1.17195990101344
9213,2.21096,-1.69820424714042
9214,2.2112,-1.38483243049192
9215,2.21144,-1.78983009691512
9216,2.21168,-1.23157845681392
9217,2.21192,-1.87601632805085
9218,2.21216,-1.80193890745996
9219,2.2124,-2.2027304159973
9220,2.21264,-1.99837166420695
9221,2.21288,-1.80791611117034
9222,2.21312,-2.09128525861391
9223,2.21336,-2.02410271771163
9224,2.2136,-1.84341052342979
9225,2.21384,-2.01883345328491
9226,2.21408,-2.20461144376342
9227,2.21432,-2.6340245091907
9228,2.21456,-1.74069726633177
9229,2.2148,-2.43359973837323
9230,2.21504,-2.51490904161581
9231,2.21528,-1.76979666263024
9232,2.21552,-2.72814755699318
9233,2.21576,-2.83118019550167
9234,2.216,-2.35783004948858
9235,2.21624,-2.73645014508449
9236,2.21648,-2.51094218318231
9237,2.21672,-2.91616633763821
9238,2.21696,-2.71311481077216
9239,2.2172,-2.41123278051642
9240,2.21744,-3.21588178767982
9241,2.21768,-2.68682003587841
9242,2.21792,-2.79408534190683
9243,2.21816,-3.62663433321401
9244,2.2184,-2.42300835592161
9245,2.21864,-2.58673734058693
9246,2.21888,-3.46329290696272
9247,2.21912,-3.14275144771405
9248,2.21936,-2.14808793458967
9249,2.2196,-3.33050972730263
9250,2.21984,-3.17799517769895
9251,2.22008,-2.34765530847613
9252,2.22032,-3.93863726703905
9253,2.22056,-2.76445099195425
9254,2.2208,-2.5988171434631
9255,2.22104,-3.7833964899155
9256,2.22128,-2.43516537690867
9257,2.22152,-2.82301095270494
9258,2.22176,-3.21571593326567
9259,2.222,-3.84292529215019
9260,2.22224,-2.3346132998772
9261,2.22248,-2.81092707315946
9262,2.22272,-3.40732045127699
9263,2.22296,-3.27935617809751
9264,2.2232,-2.60975771905509
9265,2.22344,-3.39350143885846
9266,2.22368,-2.50233721924278
9267,2.22392,-2.5199019515088
9268,2.22416,-3.37508211995531
9269,2.2244,-2.78923897348709
9270,2.22464,-2.51102046785437
9271,2.22488,-3.31995557282633
9272,2.22512,-2.68570669091679
9273,2.22536,-2.60060883739626
9274,2.2256,-3.47759693006127
9275,2.22584,-2.20975244138363
9276,2.22608,-2.91688536736898
9277,2.22632,-3.01156809420739
9278,2.22656,-2.08079138332047
9279,2.2268,-3.32729788034564
9280,2.22704,-2.30187223246596
9281,2.22728,-2.42052076009449
9282,2.22752,-3.00370073810658
9283,2.22776,-1.94502725869786
9284,2.228,-2.49365982239859
9285,2.22824,-3.14920731625333
9286,2.22848,-2.03741287307613
9287,2.22872,-1.94908132482559
9288,2.22896,-3.05232160588929
9289,2.2292,-2.01316512551901
9290,2.22944,-1.63659373230379
9291,2.22968,-2.8183092860276
9292,2.22992,-1.97182078966899
9293,2.23016,-1.42928600450781
9294,2.2304,-2.20128436846703
9295,2.23064,-1.2100353539804
9296,2.23088,-2.29441959059316
9297,2.23112,-1.80842146602211
9298,2.23136,-1.13667833087877
9299,2.2316,-0.980580429862827
9300,2.23184,-1.91167031995821
9301,2.23208,-1.8773096626589
9302,2.23232,-0.90976133361359
9303,2.23256,-1.07591744403504
9304,2.2328,-1.96382643045303
9305,2.23304,-1.29583474743439
9306,2.23328,-0.929553229563961
9307,2.23352,-1.04387301703695
9308,2.23376,-1.64405969585479
9309,2.234,-0.611222063019399
9310,2.23424,-1.14905179764993
9311,2.23448,-0.727408111891838
9312,2.23472,-0.117576076309261
9313,2.23496,-1.19529830094003
9314,2.2352,-0.471326616092875
9315,2.23544,-0.154056243115593
9316,2.23568,-1.03320979860142
9317,2.23592,0.104586416635395
9318,2.23616,-0.221414242718206
9319,2.2364,-0.428855669356514
9320,2.23664,0.170746219004683
9321,2.23688,-0.190675772910519
9322,2.23712,0.0294239457033694
9323,2.23736,0.225328178778631
9324,2.2376,0.186057368086294
9325,2.23784,0.235364535026693
9326,2.23808,0.0438989327387767
9327,2.23832,0.687305679405266
9328,2.23856,0.460872542058982
9329,2.2388,0.122504701182693
9330,2.23904,1.08107385844273
9331,2.23928,0.830572688962514
9332,2.23952,0.943274705212127
9333,2.23976,0.671608621494693
9334,2.24,0.757753904359092
9335,2.24024,0.841093088730444
9336,2.24048,1.14922379496523
9337,2.24072,0.980742182986427
9338,2.24096,1.28545800840685
9339,2.2412,1.33579028797293
9340,2.24144,1.39395164147946
9341,2.24168,1.44078455415867
9342,2.24192,1.83992545420954
9343,2.24216,1.28344290315441
9344,2.2424,1.92763241361476
9345,2.24264,1.24934308102788
9346,2.24288,2.01357853518953
9347,2.24312,1.45777310661331
9348,2.24336,2.22154221076708
9349,2.2436,1.90417488088756
9350,2.24384,1.83498216394653
9351,2.24408,2.00061098927895
9352,2.24432,2.17211227265482
9353,2.24456,1.87224400138182
9354,2.2448,2.16831847678516
9355,2.24504,2.23010646896236
9356,2.24528,2.30672201111126
9357,2.24552,2.26102649483537
9358,2.24576,2.10793534485141
9359,2.246,2.80668574874676
9360,2.24624,2.17594668230215
9361,2.24648,2.28953225052099
9362,2.24672,3.24793912202458
9363,2.24696,2.04303650989129
9364,2.2472,2.67335786967109
9365,2.24744,3.05063711300674
9366,2.24768,2.01338702286655
9367,2.24792,3.03619895376624
9368,2.24816,2.8478857722938
9369,2.2484,2.45111750936702
9370,2.24864,3.38744666852058
9371,2.24888,2.28158681032743
9372,2.24912,2.90000788831943
9373,2.24936,3.26120919729363
9374,2.2496,2.45083508728949
9375,2.24984,3.11049570782333
9376,2.25008,3.03815034378392
9377,2.25032,2.76029812625807
9378,2.25056,3.59572182559862
9379,2.2508,3.08600757087656
9380,2.25104,2.50019613999499
9381,2.25128,3.73701759643282
9382,2.25152,3.16414587187629
9383,2.25176,2.28290645003368
9384,2.252,3.59189866403792
9385,2.25224,2.62745887160498
9386,2.25248,3.13168868083671
9387,2.25272,3.63595740144731
9388,2.25296,2.37153144427762
9389,2.2532,3.18812498111693
9390,2.25344,3.86799654655161
9391,2.25368,2.41101895232778
9392,2.25392,2.93810725149257
9393,2.25416,3.57806531375514
9394,2.2544,2.90054678632008
9395,2.25464,2.65495272855219
9396,2.25488,3.37517990485283
9397,2.25512,2.88965702695505
9398,2.25536,2.47645326256547
9399,2.2556,3.62582607393604
9400,2.25584,2.03822159915603
9401,2.25608,2.90038502621332
9402,2.25632,3.14516097124793
9403,2.25656,2.12802401078792
9404,2.2568,3.28810801122556
9405,2.25704,2.64333425900264
9406,2.25728,2.43009255427466
9407,2.25752,3.16710804829433
9408,2.25776,1.90110201293112
9409,2.258,2.95624469494265
9410,2.25824,2.55540202280978
9411,2.25848,1.86343251235759
9412,2.25872,3.22132240144902
9413,2.25896,2.18005474488769
9414,2.2592,2.05025675100791
9415,2.25944,2.74843115035812
9416,2.25968,1.56365655330208
9417,2.25992,2.3479699756147
9418,2.26016,2.39419767039525
9419,2.2604,1.41275659511219
9420,2.26064,2.50577845480614
9421,2.26088,2.38017601468817
9422,2.26112,1.58185886143802
9423,2.26136,2.26478166217581
9424,2.2616,2.21370628727643
9425,2.26184,1.36790480350302
9426,2.26208,2.24160629445355
9427,2.26232,1.30875349082438
9428,2.26256,1.16577774250884
9429,2.2628,1.2722631412437
9430,2.26304,2.10217143258922
9431,2.26328,1.73209431953765
9432,2.26352,0.949802517138573
9433,2.26376,1.14145497222939
9434,2.264,1.69161396723038
9435,2.26424,0.350087192765567
9436,2.26448,0.857483242658564
9437,2.26472,0.998327947324393
9438,2.26496,0.552244791799951
9439,2.2652,0.755884320118821
9440,2.26544,0.835457392027932
9441,2.26568,0.0876381042852445
9442,2.26592,0.706495689434138
9443,2.26616,0.955360514036201
9444,2.2664,-0.0968572645096895
9445,2.26664,0.691445293828497
9446,2.26688,0.74727215782175
9447,2.26712,-0.364676162818903
9448,2.26736,0.469723371157496
9449,2.2676,0.211704144051868
9450,2.26784,-0.60900456778252
9451,2.26808,0.380697110823236
9452,2.26832,-0.190917594624715
9453,2.26856,-0.608093038921894
9454,2.2688,0.0524258804931901
9455,2.26904,-0.715106897387137
9456,2.26928,-0.254045107070621
9457,2.26952,-0.164533428534589
9458,2.26976,-0.893641894838773
9459,2.27,-0.524880162381191
9460,2.27024,-0.403794607256048
9461,2.27048,-0.863387997609889
9462,2.27072,-0.834674108244953
9463,2.27096,-1.16593485905797
9464,2.2712,-0.879317397136419
9465,2.27144,-1.06970486950001
9466,2.27168,-1.38129750493284
9467,2.27192,-1.07677120628894
9468,2.27216,-1.2529863169209
9469,2.2724,-1.54414738355118
9470,2.27264,-1.70686692306334
9471,2.27288,-1.3928467917308
9472,2.27312,-1.79707939439807
9473,2.27336,-1.24059683046077
9474,2.2736,-1.88395098414569
9475,2.27384,-1.56903876523252
9476,2.27408,-2.09093324401417
9477,2.27432,-2.00940657850635
9478,2.27456,-1.81766484723293
9479,2.2748,-2.22032076835598
9480,2.27504,-2.27223268442618
9481,2.27528,-1.84931573878563
9482,2.27552,-2.14198837658906
9483,2.27576,-2.08431998017429
9484,2.276,-2.51691507409069
9485,2.27624,-2.10288764349212
9486,2.27648,-2.3072501032534
9487,2.27672,-2.63207516403099
9488,2.27696,-1.99935079173852
9489,2.2772,-2.71190787702521
9490,2.27744,-2.57338261108153
9491,2.27768,-2.2193678144029
9492,2.27792,-3.19312782053162
9493,2.27816,-2.36227516210722
9494,2.2784,-2.64672387379399
9495,2.27864,-3.03944192007835
9496,2.27888,-2.01588084937731
9497,2.27912,-3.05318007730505
9498,2.27936,-3.12046391033909
9499,2.2796,-2.38297706118098
9500,2.27984,-3.45986875115459
9501,2.28008,-3.08603079646062
9502,2.28032,-2.03742881079767
9503,2.28056,-3.16360054618514
9504,2.2808,-3.31680256989573
9505,2.28104,-2.18969982793638
9506,2.28128,-3.12638194329725
9507,2.28152,-3.08816188234436
9508,2.28176,-2.84765152036524
9509,2.282,-3.59979468246675
9510,2.28224,-3.25569671042844
9511,2.28248,-2.71310824926444
9512,2.28272,-3.88229216570059
9513,2.28296,-2.51915033643881
9514,2.2832,-2.42984875676945
9515,2.28344,-3.06492091701969
9516,2.28368,-3.81502599203481
9517,2.28392,-2.19354494099988
9518,2.28416,-2.78578851713845
9519,2.2844,-3.37504755151204
9520,2.28464,-2.88346718829419
9521,2.28488,-2.6967793150543
9522,2.28512,-3.35458101282344
9523,2.28536,-3.04961785600246
9524,2.2856,-2.44999720165819
9525,2.28584,-3.42673432753341
9526,2.28608,-2.71258273753698
9527,2.28632,-2.31078973729302
9528,2.28656,-3.24144459025427
9529,2.2868,-2.9588191094684
9530,2.28704,-2.38318426105069
9531,2.28728,-3.26069146903511
9532,2.28752,-2.46237475286959
9533,2.28776,-2.68591576290794
9534,2.288,-3.25789989955792
9535,2.28824,-1.83320038100274
9536,2.28848,-3.08321500262789
9537,2.28872,-2.76137756977337
9538,2.28896,-1.90725625004901
9539,2.2892,-3.22448648086451
9540,2.28944,-2.26583127968798
9541,2.28968,-2.21571109820569
9542,2.28992,-2.87046307052256
9543,2.29016,-1.88131130609622
9544,2.2904,-2.62031169980373
9545,2.29064,-2.50130219103216
9546,2.29088,-1.47737084629934
9547,2.29112,-2.41538020077892
9548,2.29136,-2.60632915561936
9549,2.2916,-1.41250308314969
9550,2.29184,-1.95108449535216
9551,2.29208,-2.46219475866521
9552,2.29232,-1.69290775009059
9553,2.29256,-1.33506887717443
9554,2.2928,-2.41957973665547
9555,2.29304,-1.71235961951742
9556,2.29328,-0.815512124197914
9557,2.29352,-0.920046485909323
9558,2.29376,-1.74726397561012
9559,2.294,-1.73014658974404
9560,2.29424,-0.665445812713813
9561,2.29448,-1.08930064796968
9562,2.29472,-1.86471965888596
9563,2.29496,-0.515780206684531
9564,2.2952,-0.649142646946531
9565,2.29544,-1.37532003359573
9566,2.29568,-0.670204720999016
9567,2.29592,-0.497913419369981
9568,2.29616,-1.52364576978719
9569,2.2964,-0.523798276526606
9570,2.29664,-0.525859688185989
9571,2.29688,-1.12411501321544
9572,2.29712,-0.185433407411677
9573,2.29736,-0.601114010279971
9574,2.2976,-0.40625709814633
9575,2.29784,0.350081335284774
9576,2.29808,-0.584408326708855
9577,2.29832,0.158118320599199
9578,2.29856,0.0222515931252205
9579,2.2988,-0.465395687972003
9580,2.29904,0.584342002902231
9581,2.29928,0.0494235604092268
9582,2.29952,-0.239716814201112
9583,2.29976,0.52524708803346
9584,2.3,0.322031657663703
9585,2.30024,0.714450764553873
9586,2.30048,0.598284336489118
9587,2.30072,0.605504090577148
9588,2.30096,0.721294363628441
9589,2.3012,0.580046434578723
9590,2.30144,0.446699059123002
9591,2.30168,1.37638520134199
9592,2.30192,0.971063879357976
9593,2.30216,0.931572434628474
9594,2.3024,0.877631802290756
9595,2.30264,1.1815226975203
9596,2.30288,1.60372880433191
9597,2.30312,1.17145063129791
9598,2.30336,1.10598017649041
9599,2.3036,1.04189142688973
9600,2.30384,1.80928835677029
9601,2.30408,1.49217422212268
9602,2.30432,1.89421226439631
9603,2.30456,1.81405199755552
9604,2.3048,1.73781905405443
9605,2.30504,2.02190260445153
9606,2.30528,1.7022677426331
9607,2.30552,2.35074956396344
9608,2.30576,1.91501278775181
9609,2.306,1.47961050084364
9610,2.30624,2.38362603360566
9611,2.30648,1.95701864677311
9612,2.30672,1.89797647641534
9613,2.30696,2.45560773721129
9614,2.3072,2.52853738418034
9615,2.30744,2.12467790627
9616,2.30768,2.70197417790929
9617,2.30792,2.43390493551576
9618,2.30816,2.05648085640554
9619,2.3084,2.7817764653355
9620,2.30864,2.41694899652988
9621,2.30888,2.4385828935288
9622,2.30912,3.18700023962955
9623,2.30936,2.25359619345114
9624,2.3096,2.79686632032489
9625,2.30984,3.32818714739762
9626,2.31008,2.43649437268398
9627,2.31032,2.65988336303299
9628,2.31056,2.86726588882744
9629,2.3108,2.62277498525582
9630,2.31104,3.37392347217453
9631,2.31128,3.1439860377349
9632,2.31152,2.34675713971715
9633,2.31176,3.14637520792328
9634,2.312,3.32439826427069
9635,2.31224,2.1100142855854
9636,2.31248,3.5453997797897
9637,2.31272,3.17393609190034
9638,2.31296,2.48810913135684
9639,2.3132,3.74770810153201
9640,2.31344,3.18755961043736
9641,2.31368,2.91148680435175
9642,2.31392,2.44478865033329
9643,2.31416,3.06641747169591
9644,2.3144,3.45093733517096
9645,2.31464,2.87818237312893
9646,2.31488,2.61134031846883
9647,2.31512,3.42620035082953
9648,2.31536,3.15949287407414
9649,2.3156,2.59288305776512
9650,2.31584,3.47959442140866
9651,2.31608,2.56487658885808
9652,2.31632,2.9127262880497
9653,2.31656,3.61808246712749
9654,2.3168,2.30305866677102
9655,2.31704,2.72762748777524
9656,2.31728,3.62062641831596
9657,2.31752,2.3736438132258
9658,2.31776,2.63376398468468
9659,2.318,3.59956906753651
9660,2.31824,2.07262365254488
9661,2.31848,2.87952814836268
9662,2.31872,3.06890461550705
9663,2.31896,2.11323472803188
9664,2.3192,3.2203623878117
9665,2.31944,2.29272235761921
9666,2.31968,2.27265430869617
9667,2.31992,3.08088558962529
9668,2.32016,1.88277771387595
9669,2.3204,2.76856211024416
9670,2.32064,2.55915983439524
9671,2.32088,1.81597506233461
9672,2.32112,3.23685436373209
9673,2.32136,2.14555348092528
9674,2.3216,1.48641985570098
9675,2.32184,2.62746903917273
9676,2.32208,2.32551047263724
9677,2.32232,1.47998924904786
9678,2.32256,2.46796904976745
9679,2.3228,2.12454394665625
9680,2.32304,1.11865708666907
9681,2.32328,2.41356704746427
9682,2.32352,1.67280040983828
9683,2.32376,1.46422380973232
9684,2.324,2.32661832413141
9685,2.32424,0.833102721792825
9686,2.32448,1.65244036424321
9687,2.32472,1.62709559546663
9688,2.32496,0.783955101583564
9689,2.3252,0.83428422208631
9690,2.32544,1.8500114797335
9691,2.32568,1.06596048732221
9692,2.32592,0.820371003847307
9693,2.32616,1.89551826340797
9694,2.3264,0.838887137882688
9695,2.32664,1.00137694528437
9696,2.32688,1.16494699137754
9697,2.32712,0.291220271338847
9698,2.32736,0.519881431504156
9699,2.3276,1.22390667098942
9700,2.32784,0.397504735813634
9701,2.32808,0.673582082187361
9702,2.32832,0.11090257043553
9703,2.32856,0.0702099063257591
9704,2.3288,0.870813130228561
9705,2.32904,0.115963225042776
9706,2.32928,-0.237652331485937
9707,2.32952,0.72242360312713
9708,2.32976,-0.336577680235577
9709,2.33,-0.292989281462561
9710,2.33024,0.228393164947801
9711,2.33048,-0.541529977279728
9712,2.33072,-0.23142546901929
9713,2.33096,-0.262737614456376
9714,2.3312,-0.516178652517863
9715,2.33144,-0.533182311933428
9716,2.33168,-0.29585106502904
9717,2.33192,-1.00337235094622
9718,2.33216,-0.864364536552471
9719,2.3324,-0.488811870416366
9720,2.33264,-1.17219361707781
9721,2.33288,-1.13257663363484
9722,2.33312,-0.845873237557185
9723,2.33336,-1.51078583148509
9724,2.3336,-1.33454012320054
9725,2.33384,-1.03254803453752
9726,2.33408,-1.68450787119388
9727,2.33432,-1.12919940048907
9728,2.33456,-1.66036474943651
9729,2.3348,-1.34461236904724
9730,2.33504,-1.27043801736806
9731,2.33528,-1.31495364188848
9732,2.33552,-1.95805415290342
9733,2.33576,-1.63773259372381
9734,2.336,-2.15714830425902
9735,2.33624,-1.96520285409768
9736,2.33648,-2.1250055063227
9737,2.33672,-1.69369901778163
9738,2.33696,-2.11117364025216
9739,2.3372,-2.40038424457182
9740,2.33744,-2.34179085783231
9741,2.33768,-2.0530457420645
9742,2.33792,-2.24104031104079
9743,2.33816,-2.31696095027534
9744,2.3384,-2.29088344326947
9745,2.33864,-2.61500718327142
9746,2.33888,-1.75186238577838
9747,2.33912,-2.71174922619929
9748,2.33936,-2.69936726438607
9749,2.3396,-2.11883335044741
9750,2.33984,-3.10253172656791
9751,2.34008,-2.64065666581689
9752,2.34032,-2.57318246650428
9753,2.34056,-3.21181261962762
9754,2.3408,-2.67131800081677
9755,2.34104,-2.76445503196858
9756,2.34128,-3.20904531448123
9757,2.34152,-2.4677699603801
9758,2.34176,-2.84474641029398
9759,2.342,-2.96693746472886
9760,2.34224,-2.40044026943326
9761,2.34248,-3.78335551197591
9762,2.34272,-2.63091806847827
9763,2.34296,-2.726861148241
9764,2.3432,-3.7760939583962
9765,2.34344,-2.6742165594524
9766,2.34368,-2.59493065257787
9767,2.34392,-3.21928633936074
9768,2.34416,-3.02887640362898
9769,2.3444,-3.83504807519911
9770,2.34464,-2.70580548330332
9771,2.34488,-2.48555430860822
9772,2.34512,-3.11290462757199
9773,2.34536,-3.502998925601
9774,2.3456,-2.93567133312408
9775,2.34584,-2.67411154595458
9776,2.34608,-3.37865913521689
9777,2.34632,-3.60297124988552
9778,2.34656,-2.31147778964241
9779,2.3468,-3.10077246901458
9780,2.34704,-2.91652902830128
9781,2.34728,-2.42954728999174
9782,2.34752,-3.16163053765773
9783,2.34776,-3.04378735481936
9784,2.348,-2.26432568349026
9785,2.34824,-3.30812230554312
9786,2.34848,-2.8971804171049
9787,2.34872,-2.55423345685976
9788,2.34896,-3.65336417280798
9789,2.3492,-2.13434770538984
9790,2.34944,-2.83262693524217
9791,2.34968,-3.15585871447977
9792,2.34992,-1.96704077111267
9793,2.35016,-3.20639270846403
9794,2.3504,-2.64034990602592
9795,2.35064,-2.25998128706656
9796,2.35088,-3.07692098166964
9797,2.35112,-1.88714216055095
9798,2.35136,-2.66484666161139
9799,2.3516,-2.58259958432155
9800,2.35184,-1.59993873645436
9801,2.35208,-2.80837389481324
9802,2.35232,-2.44251725631687
9803,2.35256,-1.29586990939328
9804,2.3528,-2.70035306505651
9805,2.35304,-1.94015175765725
9806,2.35328,-1.59919049558746
9807,2.35352,-2.81295793701186
9808,2.35376,-1.76462670443596
9809,2.354,-1.26130675616393
9810,2.35424,-2.6683169302582
9811,2.35448,-1.92220907981717
9812,2.35472,-1.23115846325735
9813,2.35496,-1.18121825106054
9814,2.3552,-1.62147238836964
9815,2.35544,-2.06145003443967
9816,2.35568,-1.19710356378901
9817,2.35592,-1.11443294978202
9818,2.35616,-1.99103920959981
9819,2.3564,-1.42747910573211
9820,2.35664,-0.929888928424673
9821,2.35688,-1.03865827046572
9822,2.35712,-1.86732525258136
9823,2.35736,-0.0915702328579113
9824,2.3576,-0.994755106294245
9825,2.35784,-0.807801941556032
9826,2.35808,0.0513583891986142
9827,2.35832,-0.904733023007065
9828,2.35856,-0.770637012603443
9829,2.3588,0.040209088991044
9830,2.35904,-0.959607632139473
9831,2.35928,-0.163484489955073
9832,2.35952,-0.00958461091389307
9833,2.35976,-0.929716284015102
9834,2.36,0.164822745510437
9835,2.36024,-0.0762911921217826
9836,2.36048,0.0374877757885372
9837,2.36072,-0.00125654561223287
9838,2.36096,-0.150730658221357
9839,2.3612,0.635594036960393
9840,2.36144,0.440529411899265
9841,2.36168,-0.112554084384853
9842,2.36192,0.87909690425648
9843,2.36216,0.167012158114969
9844,2.3624,0.182315435420335
9845,2.36264,1.13606432997466
9846,2.36288,0.76616365959999
9847,2.36312,0.507942239574213
9848,2.36336,0.957565560966477
9849,2.3636,0.919934819664529
9850,2.36384,1.24328190883752
9851,2.36408,0.949709504004007
9852,2.36432,1.25217356221984
9853,2.36456,1.43675206565713
9854,2.3648,1.00442261582001
9855,2.36504,1.05815680116966
9856,2.36528,1.59095941007737
9857,2.36552,1.27134790139161
9858,2.36576,1.91557968270673
9859,2.366,1.35782178069585
9860,2.36624,1.40166557039481
9861,2.36648,1.56542259689026
9862,2.36672,2.0879240838763
9863,2.36696,2.00549973496204
9864,2.3672,1.5716216172214
9865,2.36744,2.22243195881053
9866,2.36768,1.90763959705714
9867,2.36792,2.0806348579532
9868,2.36816,1.90310578762048
9869,2.3684,2.08122779870094
9870,2.36864,2.39162783286343
9871,2.36888,2.11187233371361
9872,2.36912,2.30616855445439
9873,2.36936,2.39181725172149
9874,2.3696,2.37572612423796
9875,2.36984,2.59119611437611
9876,2.37008,2.46848506213191
9877,2.37032,2.71382395635262
9878,2.37056,2.4753279356232
9879,2.3708,2.50851838662384
9880,2.37104,2.65500797959057
9881,2.37128,2.46338236606806
9882,2.37152,3.01082211802961
9883,2.37176,2.94642740789563
9884,2.372,2.54987360341455
9885,2.37224,2.90360050090398
9886,2.37248,2.88125306119333
9887,2.37272,2.53023077290201
9888,2.37296,3.52793746238378
9889,2.3732,2.94590976269857
9890,2.37344,2.40875281224007
9891,2.37368,3.56298427292579
9892,2.37392,3.15220953637465
9893,2.37416,2.43402887217341
9894,2.3744,3.63804004550788
9895,2.37464,3.27944286981001
9896,2.37488,2.37126826242579
9897,2.37512,3.52796849913278
9898,2.37536,3.34216674930095
9899,2.3756,2.23750689599432
9900,2.37584,2.74533720867978
9901,2.37608,3.37311106813043
9902,2.37632,2.91615514197059
9903,2.37656,2.64196628243666
9904,2.3768,3.44974031412928
9905,2.37704,3.29785840595447
9906,2.37728,2.12683087584284
9907,2.37752,2.78838968403146
9908,2.37776,3.68452511904121
9909,2.378,2.32176106381735
9910,2.37824,2.92857221923931
9911,2.37848,3.64992570746956
9912,2.37872,2.47627759907867
9913,2.37896,2.9157909295203
9914,2.3792,3.58208956764123
9915,2.37944,2.00484069171155
9916,2.37968,3.11042394850213
9917,2.37992,2.88724559136143
9918,2.38016,2.36564329098495
9919,2.3804,3.52640870998892
9920,2.38064,2.18719279274907
9921,2.38088,2.70549226052918
9922,2.38112,2.9652609704789
9923,2.38136,1.71930246056641
9924,2.3816,3.02301628703866
9925,2.38184,2.39572673538383
9926,2.38208,1.96238470408897
9927,2.38232,3.32475537855672
9928,2.38256,2.17813404964346
9929,2.3828,2.18098318353232
9930,2.38304,2.88408730591426
9931,2.38328,1.82374460022539
9932,2.38352,1.90126172441163
9933,2.38376,2.80619141069492
9934,2.384,1.81756674889357
9935,2.38424,1.84580181156571
9936,2.38448,2.58085170017845
9937,2.38472,1.43338452472056
9938,2.38496,1.89903634696864
9939,2.3852,2.10068245516556
9940,2.38544,1.26841813806909
9941,2.38568,1.45121719548974
9942,2.38592,2.33365435142996
9943,2.38616,1.54434669091362
9944,2.3864,1.18708572055547
9945,2.38664,1.31613591436469
9946,2.38688,2.04679472260421
9947,2.38712,0.664495181343492
9948,2.38736,1.22799424647606
9949,2.3876,1.42911428319923
9950,2.38784,0.330897702148872
9951,2.38808,1.08620745838982
9952,2.38832,1.22995484965503
9953,2.38856,0.429121116766012
9954,2.3888,0.76440460032733
9955,2.38904,1.09337438186221
9956,2.38928,0.349163095769079
9957,2.38952,0.498441449426106
9958,2.38976,0.64346451576721
9959,2.39,0.0735315849412108
9960,2.39024,0.148096639103946
9961,2.39048,0.818528823472303
9962,2.39072,-0.175851378071924
9963,2.39096,0.186786790686268
9964,2.3912,0.417676032868604
9965,2.39144,-0.520372921115108
9966,2.39168,0.23271855990905
9967,2.39192,0.151689096612463
9968,2.39216,-0.379497235147563
9969,2.3924,-0.427881996948115
9970,2.39264,0.00656370760495251
9971,2.39288,-0.853662374308672
9972,2.39312,-0.502111194395997
9973,2.39336,-0.634315605749229
9974,2.3936,-0.622328541170868
9975,2.39384,-0.601459702805328
9976,2.39408,-0.706731154285714
9977,2.39432,-1.39241669237126
9978,2.39456,-1.11434372566609
9979,2.3948,-0.709250971815093
9980,2.39504,-1.37412377892495
9981,2.39528,-1.20035173412769
9982,2.39552,-1.50174081305678
9983,2.39576,-1.19043876052741
9984,2.396,-1.71882728629266
9985,2.39624,-1.28546048171545
9986,2.39648,-1.93381829259122
9987,2.39672,-1.3804956938608
9988,2.39696,-1.90612874367138
9989,2.3972,-1.46701131229682
9990,2.39744,-1.98512238660038
9991,2.39768,-1.67104345791061
9992,2.39792,-1.95534268680373
9993,2.39816,-1.755430156489
9994,2.3984,-2.04872090045883
9995,2.39864,-2.09464946860953
9996,2.39888,-1.90862344361647
9997,2.39912,-2.45598694165876
9998,2.39936,-2.5122141728356
9999,2.3996,-2.10352933023239
10000,2.39984,-2.42689913493065
10001,2.40008,-2.4994958795873
10002,2.40032,-2.23597272711807
10003,2.40056,-2.81693040356268
10004,2.4008,-2.43408297423151
10005,2.40104,-2.3210516835546
10006,2.40128,-2.67622814639998
10007,2.40152,-2.69407207156202
10008,2.40176,-2.72287869941646
10009,2.402,-2.50974897730424
10010,2.40224,-2.8132855141701
10011,2.40248,-3.11274564209781
10012,2.40272,-2.81470326862916
10013,2.40296,-2.43685845128155
10014,2.4032,-2.7697090812805
10015,2.40344,-2.5281004999311
10016,2.40368,-3.63185988603205
10017,2.40392,-2.68367265422286
10018,2.40416,-2.74151326122664
10019,2.4044,-3.63920771857032
10020,2.40464,-3.21642515288183
10021,2.40488,-2.24292930286174
10022,2.40512,-3.67518943663424
10023,2.40536,-3.30164330781679
10024,2.4056,-2.38028324267206
10025,2.40584,-3.52509557072204
10026,2.40608,-3.2043321243489
10027,2.40632,-2.68506814431394
10028,2.40656,-2.57789047435937
10029,2.4068,-3.19570424022561
10030,2.40704,-3.57658559516795
10031,2.40728,-2.64710614054443
10032,2.40752,-2.7453191976454
10033,2.40776,-3.44524453893653
10034,2.408,-3.17769472932671
10035,2.40824,-2.49430433055335
10036,2.40848,-3.50126537754685
10037,2.40872,-2.58908903334694
10038,2.40896,-2.58560982150854
10039,2.4092,-3.54195072302768
10040,2.40944,-2.6956071873655
10041,2.40968,-2.6387274794907
10042,2.40992,-3.5398467250892
10043,2.41016,-2.41161613476617
10044,2.4104,-2.67172042553902
10045,2.41064,-3.64281612542155
10046,2.41088,-2.11847227553584
10047,2.41112,-3.04298328224106
10048,2.41136,-2.99450776922193
10049,2.4116,-2.04988760292356
10050,2.41184,-3.16383781516793
10051,2.41208,-2.46981813988913
10052,2.41232,-2.20642383190476
10053,2.41256,-3.25985286460108
10054,2.4128,-1.93491127678235
10055,2.41304,-2.70296716245828
10056,2.41328,-2.7369482461934
10057,2.41352,-1.50488373011993
10058,2.41376,-2.94239593462796
10059,2.414,-2.33182450457432
10060,2.41424,-1.54160243827463
10061,2.41448,-2.57360849313545
10062,2.41472,-2.39423300885704
10063,2.41496,-1.54841551146044
10064,2.4152,-2.30523373230966
10065,2.41544,-2.08495229414758
10066,2.41568,-1.08543092405015
10067,2.41592,-2.49439204357472
10068,2.41616,-1.98203433600944
10069,2.4164,-1.28251459356633
10070,2.41664,-1.46973839758934
10071,2.41688,-1.65640581439023
10072,2.41712,-2.32416455858116
10073,2.41736,-0.630499999025804
10074,2.4176,-1.38392940941349
10075,2.41784,-1.76621950277822
10076,2.41808,-0.846190602268416
10077,2.41832,-0.825219473156974
10078,2.41856,-1.75902770286649
10079,2.4188,-0.782528217303381
10080,2.41904,-0.816637235283274
10081,2.41928,-1.44697338436045
10082,2.41952,-0.305646585326228
10083,2.41976,-0.645376596544928
10084,2.42,-0.856986540496756
10085,2.42024,-0.3714533233782
10086,2.42048,-0.644749660776188
10087,2.42072,-0.788050827215402
10088,2.42096,0.123788472055725
10089,2.4212,-0.554904573394901
10090,2.42144,-0.262767307051383
10091,2.42168,0.469233640342864
10092,2.42192,-0.487837101593483
10093,2.42216,0.233794225127192
10094,2.4224,0.195906144235503
10095,2.42264,-0.433894291486781
10096,2.42288,0.358548505303727
10097,2.42312,0.523593146881836
10098,2.42336,-0.273060674840691
10099,2.4236,0.604386534357398
10100,2.42384,0.736402171107321
10101,2.42408,0.514061089800721
10102,2.42432,0.628571030586142
10103,2.42456,0.620517013229523
10104,2.4248,1.20459904685744
10105,2.42504,0.685593763029296
10106,2.42528,0.779949551954392
10107,2.42552,1.10110429615734
10108,2.42576,1.16561245566363
10109,2.426,0.996016668477865
10110,2.42624,1.17983420794293
10111,2.42648,1.1103253022605
10112,2.42672,1.16631893809012
10113,2.42696,1.10138844025485
10114,2.4272,1.50768263048796
10115,2.42744,1.55520653749746
10116,2.42768,2.07731420186267
10117,2.42792,1.51989531190298
10118,2.42816,2.04252490255766
10119,2.4284,1.60481384333127
10120,2.42864,1.76417646631907
10121,2.42888,2.16897358884265
10122,2.42912,2.09637672615508
10123,2.42936,2.01981123254813
10124,2.4296,1.71506013503343
10125,2.42984,2.49503392733483
10126,2.43008,2.30615137918124
10127,2.43032,1.9010817660365
10128,2.43056,2.57768579726734
10129,2.4308,2.4057426041368
10130,2.43104,2.02187686370557
10131,2.43128,2.83447621547306
10132,2.43152,2.44624764112396
10133,2.43176,2.32822375944109
10134,2.432,2.79940031596698
10135,2.43224,2.447289093054
10136,2.43248,2.71412264182002
10137,2.43272,2.6137115921617
10138,2.43296,2.66446482171886
10139,2.4332,3.07741280339359
10140,2.43344,2.65456653729175
10141,2.43368,2.62968855325764
10142,2.43392,2.83031330984035
10143,2.43416,2.57913074933839
10144,2.4344,3.19453604600398
10145,2.43464,2.95409881697278
10146,2.43488,2.6281727315433
10147,2.43512,3.29904543835983
10148,2.43536,3.46608205406611
10149,2.4356,2.34776749210134
10150,2.43584,2.95508081288056
10151,2.43608,3.77721099339435
10152,2.43632,2.70231004632091
10153,2.43656,2.87468058727961
10154,2.4368,3.88120910743514
10155,2.43704,2.85425915083722
10156,2.43728,2.35741376555472
10157,2.43752,2.85531069920673
10158,2.43776,3.35416235001158
10159,2.438,2.89186129741024
10160,2.43824,2.61384178556005
10161,2.43848,3.30322814689472
10162,2.43872,3.14749665568574
10163,2.43896,2.45152904151457
10164,2.4392,3.21062211835728
10165,2.43944,3.72422889837703
10166,2.43968,2.35620482267791
10167,2.43992,3.07491062404507
10168,2.44016,3.4169458107039
10169,2.4404,2.24801767914915
10170,2.44064,3.0352718969279
10171,2.44088,3.21031126162591
10172,2.44112,2.1209379323228
10173,2.44136,3.09918381597843
10174,2.4416,3.10629036271719
10175,2.44184,2.09216016526704
10176,2.44208,3.25846592439577
10177,2.44232,2.62255948123792
10178,2.44256,2.41242574351722
10179,2.4428,3.15528196127432
10180,2.44304,1.89477051255586
10181,2.44328,2.95402738638736
10182,2.44352,2.32346083684101
10183,2.44376,1.76238045995765
10184,2.444,3.01293475889449
10185,2.44424,2.33640721919668
10186,2.44448,1.8521746694638
10187,2.44472,3.04225704273899
10188,2.44496,1.96892713674919
10189,2.4452,1.92295981667205
10190,2.44544,2.81740600195453
10191,2.44568,1.93957171706422
10192,2.44592,1.487568205251
10193,2.44616,2.70457956603407
10194,2.4464,2.00923809911906
10195,2.44664,1.25369414809371
10196,2.44688,2.31634526131562
10197,2.44712,2.05265865570053
10198,2.44736,1.24010430728874
10199,2.4476,0.717007517430025
10200,2.44784,1.76732050585461
10201,2.44808,1.85137951359962
10202,2.44832,1.22909244930112
10203,2.44856,1.02712434813529
10204,2.4488,1.55256607604288
10205,2.44904,1.71623045027052
10206,2.44928,1.21322541219057
10207,2.44952,1.43176529192902
10208,2.44976,0.466230049103619
10209,2.45,0.512482219572658
10210,2.45024,1.7503595645607
10211,2.45048,0.499315138222994
10212,2.45072,0.594287839262063
10213,2.45096,1.16757216944357
10214,2.4512,0.337485253235838
10215,2.45144,0.485651406987569
10216,2.45168,0.63446279366359
10217,2.45192,0.224387259934608
10218,2.45216,0.413177574807725
10219,2.4524,-0.227352596415006
10220,2.45264,0.254205461891399
10221,2.45288,0.363241609285575
10222,2.45312,-0.461976844698103
10223,2.45336,0.293522968002712
10224,2.4536,-0.156101642642986
10225,2.45384,-0.691143132739417
10226,2.45408,-0.0254078700882605
10227,2.45432,-0.672518418270101
10228,2.45456,-0.448090128418129
10229,2.4548,-0.113626688619001
10230,2.45504,-0.843768164576109
10231,2.45528,-0.350296776831482
10232,2.45552,-0.348274725312627
10233,2.45576,-1.04480765083465
10234,2.456,-0.896305639057693
10235,2.45624,-0.863920059397073
10236,2.45648,-0.937691467984776
10237,2.45672,-1.00837297319391
10238,2.45696,-1.31422000179224
10239,2.4572,-1.00569099372188
10240,2.45744,-1.55096798899309
10241,2.45768,-1.23692642029062
10242,2.45792,-1.76397723756465
10243,2.45816,-1.21078341789358
10244,2.4584,-1.85787107141512
10245,2.45864,-1.53934025444203
10246,2.45888,-1.94291112494435
10247,2.45912,-1.50417044009887
10248,2.45936,-1.66297513034844
10249,2.4596,-1.82601964189924
10250,2.45984,-1.75236760074789
10251,2.46008,-1.79786194238666
10252,2.46032,-1.6076265753322
10253,2.46056,-2.26714509588085
10254,2.4608,-2.43733653018535
10255,2.46104,-2.26376538592175
10256,2.46128,-2.21827573377802
10257,2.46152,-2.2859217908717
10258,2.46176,-2.37108004586599
10259,2.462,-2.46435620368539
10260,2.46224,-2.3105777262516
10261,2.46248,-2.42085862659995
10262,2.46272,-2.7770966816908
10263,2.46296,-2.28927107493092
10264,2.4632,-2.79405407576452
10265,2.46344,-2.92876149224073
10266,2.46368,-2.23726339336084
10267,2.46392,-3.13736220594452
10268,2.46416,-2.82016131594991
10269,2.4644,-2.53861584748045
10270,2.46464,-3.34237908796304
10271,2.46488,-2.70433191790079
10272,2.46512,-2.82534853357223
10273,2.46536,-3.67143842026341
10274,2.4656,-2.48114110368451
10275,2.46584,-2.77948465227739
10276,2.46608,-3.30076454557074
10277,2.46632,-2.88774365106607
10278,2.46656,-3.11144708862714
10279,2.4668,-3.08035991679781
10280,2.46704,-2.84295605460363
10281,2.46728,-3.60518241413282
10282,2.46752,-2.78850590536436
10283,2.46776,-2.74333636723126
10284,2.468,-3.28990187620971
10285,2.46824,-2.19627937990923
10286,2.46848,-2.70554121589422
10287,2.46872,-3.33679945151345
10288,2.46896,-3.1198112629907
10289,2.4692,-2.4862192277289
10290,2.46944,-3.07164986617351
10291,2.46968,-3.65147736625571
10292,2.46992,-2.33703708902876
10293,2.47016,-2.9964325322929
10294,2.4704,-3.76533265319581
10295,2.47064,-2.39032643501736
10296,2.47088,-2.99555988786843
10297,2.47112,-3.47363864858944
10298,2.47136,-2.18896373636138
10299,2.4716,-2.87121434661767
10300,2.47184,-3.54227139369626
10301,2.47208,-2.31997278013044
10302,2.47232,-2.60152480957437
10303,2.47256,-3.46794671278747
10304,2.4728,-1.96410184684719
10305,2.47304,-3.03003200578939
10306,2.47328,-2.75727007277592
10307,2.47352,-2.19066134662977
10308,2.47376,-3.43199615756594
10309,2.474,-2.04816623256642
10310,2.47424,-2.52743203921281
10311,2.47448,-3.3592442471684
10312,2.47472,-2.0479700449586
10313,2.47496,-2.47439720646894
10314,2.4752,-3.13043002913698
10315,2.47544,-2.0162741666406
10316,2.47568,-2.28617168622374
10317,2.47592,-2.65555709908788
10318,2.47616,-1.5097849887182
10319,2.4764,-2.33116004067537
10320,2.47664,-2.53590321905858
10321,2.47688,-1.58083643701078
10322,2.47712,-1.75707677874744
10323,2.47736,-2.51595027685286
10324,2.4776,-1.74585566856323
10325,2.47784,-1.2718801151432
10326,2.47808,-2.4703507510189
10327,2.47832,-1.76443803291976
10328,2.47856,-1.24515643958223
10329,2.4788,-1.21890036770079
10330,2.47904,-2.27791575029328
10331,2.47928,-0.4839084088595
10332,2.47952,-1.49308115182843
10333,2.47976,-1.53244800309212
10334,2.48,-0.631844347018076
10335,2.48024,-0.745952290195416
10336,2.48048,-1.69759620651458
10337,2.48072,-1.21068522111552
10338,2.48096,-0.782025123924632
10339,2.4812,-1.07049183943838
10340,2.48144,-0.174850994140942
10341,2.48168,-1.00340939964462
10342,2.48192,-0.86171627933372
10343,2.48216,-0.0425493541295001
10344,2.4824,-1.03554253264835
10345,2.48264,-0.346409240034593
10346,2.48288,0.176839707517062
10347,2.48312,-0.861219809770176
10348,2.48336,0.0150070452764262
10349,2.4836,0.131205002212325
10350,2.48384,-0.584148029142624
10351,2.48408,0.475705185350027
10352,2.48432,0.195325221773553
10353,2.48456,-0.0855288620067942
10354,2.4848,0.324403470752367
10355,2.48504,0.372310154630481
10356,2.48528,0.295652060609271
10357,2.48552,0.672013489742175
10358,2.48576,0.453586370006556
10359,2.486,0.935370269460509
10360,2.48624,0.557976509712342
10361,2.48648,0.550382503281426
10362,2.48672,1.1282365218715
10363,2.48696,0.725986566637364
10364,2.4872,0.696650957482827
10365,2.48744,1.25195921927317
10366,2.48768,1.31263465199124
10367,2.48792,1.25908973311587
10368,2.48816,0.95193411986685
10369,2.4884,1.24578948441447
10370,2.48864,1.29622647269402
10371,2.48888,1.6976164542902
10372,2.48912,1.37994879242216
10373,2.48936,1.78447748440009
10374,2.4896,1.22472615224634
10375,2.48984,1.86914986027669
10376,2.49008,1.79609442884746
10377,2.49032,2.19803219135846
10378,2.49056,1.99493787079768
10379,2.4908,1.68500016070908
10380,2.49104,2.33651686122705
10381,2.49128,2.02433189473637
10382,2.49152,1.846639216006
10383,2.49176,2.5098945357679
10384,2.492,2.32681871169331
10385,2.49224,1.922200855498
10386,2.49248,2.84269959762303
10387,2.49272,2.43713064973462
10388,2.49296,2.05782659971171
10389,2.4932,2.51866701637617
10390,2.49344,2.2596574291964
10391,2.49368,2.74517097896529
10392,2.49392,2.50300265132641
10393,2.49416,2.40289670899151
10394,2.4944,3.15522919245512
10395,2.49464,2.34234946466175
10396,2.49488,2.52835974996624
10397,2.49512,3.30707613799556
10398,2.49536,2.17369981280717
10399,2.4956,2.87899536967776
10400,2.49584,3.08986489216364
10401,2.49608,2.25762706739304
10402,2.49632,3.35783062941404
10403,2.49656,3.12811771112953
10404,2.4968,2.10465250542017
10405,2.49704,3.25889682288137
10406,2.49728,2.9612404856855
10407,2.49752,2.22885072615793
10408,2.49776,3.79446807411585
10409,2.498,3.30006843072953
10410,2.49824,2.2531830776051
10411,2.49848,3.05057916257104
10412,2.49872,3.33820816254552
10413,2.49896,2.81956705276834
10414,2.4992,2.59462483790345
10415,2.49944,3.21428912734427
10416,2.49968,3.70901944460289
10417,2.49992,2.44370148650493
10418,2.50016,3.01808515881348
10419,2.5004,3.70282388358467
10420,2.50064,2.37221314167124
10421,2.50088,3.01466784301702
10422,2.50112,3.76517687985436
10423,2.50136,2.26004737885761
10424,2.5016,2.97156289345047
10425,2.50184,3.67587828826282
10426,2.50208,2.01268841820282
10427,2.50232,2.91853301391313
10428,2.50256,3.57200144070305
10429,2.5028,2.09877464237865
10430,2.50304,2.83798287781858
10431,2.50328,3.20088255632293
10432,2.50352,2.05406613725519
10433,2.50376,3.21672291686215
10434,2.504,2.45213552943731
10435,2.50424,2.35953752046301
10436,2.50448,3.33740533764214
10437,2.50472,1.94106850403488
10438,2.50496,2.64359168730974
10439,2.5052,2.72541547608125
10440,2.50544,1.78371198262348
10441,2.50568,3.02389191567624
10442,2.50592,2.34602295057464
10443,2.50616,2.08876993202644
10444,2.5064,2.78471338468686
10445,2.50664,1.8347189001157
10446,2.50688,2.0202906018179
10447,2.50712,2.78700513303867
10448,2.50736,1.90386325470519
10449,2.5076,1.8016209579978
10450,2.50784,2.40380119093401
10451,2.50808,1.48195303583997
10452,2.50832,1.69145841720263
10453,2.50856,2.1262825580302
10454,2.5088,1.40010926611299
10455,2.50904,1.20990457789959
10456,2.50928,1.96057696154215
10457,2.50952,0.958234984757161
10458,2.50976,1.42305693598051
10459,2.51,1.88812405801926
10460,2.51024,2.11690767377554
10461,2.51048,0.721366930198005
10462,2.51072,1.1521634887849
10463,2.51096,1.70015940339045
10464,2.5112,0.356603776993778
10465,2.51144,1.21130070007634
10466,2.51168,1.57761726274804
10467,2.51192,0.181427315291602
10468,2.51216,1.21342567918784
10469,2.5124,1.03694889805133
10470,2.51264,-0.0522110839439802
10471,2.51288,1.03695210452991
10472,2.51312,0.675077385629936
10473,2.51336,-0.120504169143284
10474,2.5136,0.656033827496461
10475,2.51384,0.471736385338027
10476,2.51408,-0.150546595712936
10477,2.51432,0.547294818018389
10478,2.51456,0.0564548427090308
10479,2.5148,-0.281331881964732
10480,2.51504,0.336447942685826
10481,2.51528,-0.34293459938293
10482,2.51552,-0.287586727491381
10483,2.51576,-0.111960821454267
10484,2.516,-0.628547788222002
10485,2.51624,-0.305039883561343
10486,2.51648,-0.324195987513656
10487,2.51672,-0.5691736738052
10488,2.51696,-0.816215462249483
10489,2.5172,-0.563558059083421
10490,2.51744,-0.660457084286474
10491,2.51768,-0.524308842328325
10492,2.51792,-1.21146828756455
10493,2.51816,-0.799841098270357
10494,2.5184,-1.00152100311674
10495,2.51864,-1.42825001028016
10496,2.51888,-1.12213408399811
10497,2.51912,-1.0627936190695
10498,2.51936,-1.23830071115484
10499,2.5196,-1.52348140872707
10500,2.51984,-1.56596222795396
10501,2.52008,-1.61118243469018
10502,2.52032,-1.65259795484035
10503,2.52056,-1.69628604147211
10504,2.5208,-1.73870421491823
10505,2.52104,-2.02404962277409
10506,2.52128,-1.82409413737268
10507,2.52152,-1.869829977002
10508,2.52176,-1.918880993467
10509,2.522,-1.9624738606426
10510,2.52224,-2.25696307432024
10511,2.52248,-2.31236479695208
10512,2.52272,-1.64695453664032
10513,2.52296,-1.96412806830439
10514,2.5232,-2.87747044986719
10515,2.52344,-2.46699163198046
10516,2.52368,-2.08121930523027
10517,2.52392,-2.53468574406683
10518,2.52416,-2.26827499243695
10519,2.5244,-2.62926499372695
10520,2.52464,-2.62441751455627
10521,2.52488,-2.27042309846954
10522,2.52512,-3.01975400021513
10523,2.52536,-2.43923869883918
10524,2.5256,-2.61210294413279
10525,2.52584,-3.38655260931293
10526,2.52608,-2.36296601142866
10527,2.52632,-2.94089732483554
10528,2.52656,-3.38361032266875
10529,2.5268,-2.40787240365593
10530,2.52704,-3.15082912317183
10531,2.52728,-3.27348792867185
10532,2.52752,-2.4629383912132
10533,2.52776,-2.77660340932858
10534,2.528,-3.5532505782273
10535,2.52824,-3.02233014163032
10536,2.52848,-2.42653725489456
10537,2.52872,-3.6211216184055
10538,2.52896,-3.01734409304354
10539,2.5292,-2.46639681337734
10540,2.52944,-3.73932358955792
10541,2.52968,-3.30343280758458
10542,2.52992,-2.55069753963539
10543,2.53016,-2.81222583522258
10544,2.5304,-3.31548041910466
10545,2.53064,-3.33621033985783
10546,2.53088,-2.56917100249057
10547,2.53112,-3.25968633991841
10548,2.53136,-3.82905361414491
10549,2.5316,-2.26902753203665
10550,2.53184,-2.9253214582795
10551,2.53208,-3.6927141069056
10552,2.53232,-2.19879298289111
10553,2.53256,-3.0374898680324
10554,2.5328,-3.74967957381112
10555,2.53304,-2.56724658038835
10556,2.53328,-2.99834109089462
10557,2.53352,-3.41691611004608
10558,2.53376,-2.08248561740934
10559,2.534,-3.29911794830846
10560,2.53424,-2.82467765619393
10561,2.53448,-2.30289673481829
10562,2.53472,-3.46190652785482
10563,2.53496,-2.35038129397602
10564,2.5352,-2.62605552838722
10565,2.53544,-3.12190473073703
10566,2.53568,-1.86312238220028
10567,2.53592,-2.56994653490279
10568,2.53616,-3.02315696906745
10569,2.5364,-1.83938061706907
10570,2.53664,-2.61399248871611
10571,2.53688,-2.77494173853814
10572,2.53712,-1.67145426356108
10573,2.53736,-2.52459331082014
10574,2.5376,-2.64247873462646
10575,2.53784,-1.73440879498597
10576,2.53808,-2.30949880152361
10577,2.53832,-2.14720096695487
10578,2.53856,-1.32520277065933
10579,2.5388,-2.55119298371687
10580,2.53904,-1.8605654416628
10581,2.53928,-1.35995881854256
10582,2.53952,-2.28889048086177
10583,2.53976,-1.56580876006644
10584,2.54,-1.01582029836629
10585,2.54024,-1.90870418073965
10586,2.54048,-0.776058062332006
10587,2.54072,-1.25699072720123
10588,2.54096,-1.73548713697527
10589,2.5412,-1.02266645215635
10590,2.54144,-0.846547057128819
10591,2.54168,-1.75627177101254
10592,2.54192,-1.58308175261101
10593,2.54216,-0.868041494226436
10594,2.5424,-1.00401789185745
10595,2.54264,-1.73934869154171
10596,2.54288,-0.348339051724052
10597,2.54312,-0.907924426086165
10598,2.54336,-0.98192005425754
10599,2.5436,-0.254149881763385
10600,2.54384,-0.743336585990939
10601,2.54408,-0.27311280436425
10602,2.54432,0.1507897359026
10603,2.54456,-0.868666842881243
10604,2.5448,-0.0916624919216213
10605,2.54504,0.0444975605537257
10606,2.54528,-0.652393173515732
10607,2.54552,0.424483143765617
10608,2.54576,0.0450295238917462
10609,2.546,-0.0984188556183259
10610,2.54624,0.328080789049266
10611,2.54648,0.0399408874823262
10612,2.54672,0.450950624541241
10613,2.54696,0.241481047769459
10614,2.5472,0.3983466921712
10615,2.54744,0.410600116847451
10616,2.54768,0.649162151164352
10617,2.54792,0.776161631462295
10618,2.54816,0.878188381562033
10619,2.5484,0.610812463022766
10620,2.54864,0.828889097125994
10621,2.54888,1.26605150063179
10622,2.54912,0.984131285803316
10623,2.54936,0.934929232038067
10624,2.5496,1.23467294496114
10625,2.54984,1.05134379277182
10626,2.55008,1.11161772143248
10627,2.55032,1.52192705081692
10628,2.55056,1.68569819633615
10629,2.5508,1.37290199921901
10630,2.55104,1.7784976862329
10631,2.55128,1.33979135028593
10632,2.55152,1.86018660207613
10633,2.55176,1.54360756931607
10634,2.552,2.06546962516672
10635,2.55224,1.85985267802008
10636,2.55248,2.03128135844025
10637,2.55272,1.83870999930761
10638,2.55296,1.76513592561691
10639,2.5532,2.42668676988609
10640,2.55344,2.12364353748401
10641,2.55368,1.7005525117193
10642,2.55392,2.14061699375972
10643,2.55416,2.81307321394974
10644,2.5544,2.40553841048873
10645,2.55464,2.02355907714604
10646,2.55488,2.71974841054286
10647,2.55512,2.46135505707281
10648,2.55536,2.46496866058545
10649,2.5556,2.57889245995346
10650,2.55584,2.60098507767612
10651,2.55608,2.86648890541677
10652,2.55632,2.53205228820334
10653,2.55656,2.94984274154494
10654,2.5568,2.63821485594615
10655,2.55704,2.11338914593459
10656,2.55728,3.17161830034066
10657,2.55752,2.89763820941424
10658,2.55776,2.54857829932375
10659,2.558,3.27039750900045
10660,2.55824,2.9248254670508
10661,2.55848,2.86131176898667
10662,2.55872,3.39341267395041
10663,2.55896,2.96958480199248
10664,2.5592,2.35663179084243
10665,2.55944,3.78597794102543
10666,2.55968,2.82080741310122
10667,2.55992,2.50272225668943
10668,2.56016,3.50965583706344
10669,2.5604,3.43075977364924
10670,2.56064,2.19955344754883
10671,2.56088,3.27442848399959
10672,2.56112,3.73920506567398
10673,2.56136,2.31688934126575
10674,2.5616,3.10189904112429
10675,2.56184,3.52473836567677
10676,2.56208,2.98909190892561
10677,2.56232,2.52377463816103
10678,2.56256,3.26730963092217
10679,2.5628,3.64819183093203
10680,2.56304,2.26610570211184
10681,2.56328,2.97166240234664
10682,2.56352,3.54418669748359
10683,2.56376,2.11766871661761
10684,2.564,2.89557216197646
10685,2.56424,3.54123226109618
10686,2.56448,1.94514976162121
10687,2.56472,2.91629001194727
10688,2.56496,3.39277136803923
10689,2.5652,1.87375751435194
10690,2.56544,3.03516221466115
10691,2.56568,2.98233059285839
10692,2.56592,2.03354033063574
10693,2.56616,3.25901920512296
10694,2.5664,2.44286711248747
10695,2.56664,2.2995655989773
10696,2.56688,3.10299718752155
10697,2.56712,1.89865244908864
10698,2.56736,2.6658432575962
10699,2.5676,2.6975799553625
10700,2.56784,1.46258035942462
10701,2.56808,2.89732058673187
10702,2.56832,2.28411949689672
10703,2.56856,1.73106462069136
10704,2.5688,2.74238167066282
10705,2.56904,1.8545255429048
10706,2.56928,1.51242402217204
10707,2.56952,2.59465326260096
10708,2.56976,1.78205498517894
10709,2.57,1.86155845834124
10710,2.57024,2.4033422775593
10711,2.57048,1.66007737538913
10712,2.57072,0.968523598232856
10713,2.57096,2.10459212527424
10714,2.5712,0.602933596030794
10715,2.57144,1.7840215434853
10716,2.57168,1.99403935161731
10717,2.57192,1.02276862381999
10718,2.57216,0.838019972128869
10719,2.5724,1.73705222429425
10720,2.57264,1.43188513703833
10721,2.57288,0.702755726621818
10722,2.57312,1.41824643130463
10723,2.57336,1.0618107000856
10724,2.5736,0.513874405804803
10725,2.57384,1.17011492033208
10726,2.57408,0.990208609539646
10727,2.57432,0.619965349050775
10728,2.57456,0.847941781088618
10729,2.5748,0.248831217306513
10730,2.57504,0.53505866000205
10731,2.57528,0.814053998291312
10732,2.57552,-0.206598471270185
10733,2.57576,0.607675561269506
10734,2.576,0.330695200505458
10735,2.57624,-0.508343678021663
10736,2.57648,0.581755635340692
10737,2.57672,-0.12679631494418
10738,2.57696,-0.440684628390378
10739,2.5772,-0.0396490301905219
10740,2.57744,-0.338573433608438
10741,2.57768,-0.376995422762076
10742,2.57792,-0.423447219169794
10743,2.57816,-0.564527714381664
10744,2.5784,-0.688893538710132
10745,2.57864,-0.454902834306364
10746,2.57888,-0.811975778304206
10747,2.57912,-1.14603689360258
10748,2.57936,-0.890273613405406
10749,2.5796,-0.860014716353527
10750,2.57984,-1.2944705897895
10751,2.58008,-1.01016943732781
10752,2.58032,-0.958896635492635
10753,2.58056,-1.62029537138195
10754,2.5808,-0.832689735450706
10755,2.58104,-1.50120163000753
10756,2.58128,-1.42526851993817
10757,2.58152,-1.7079740165628
10758,2.58176,-1.39009620115575
10759,2.582,-1.79437702278996
10760,2.58224,-1.47668263715039
10761,2.58248,-2.0005121135154
10762,2.58272,-1.6823623030297
10763,2.58296,-1.60380576552826
10764,2.5832,-1.52786358676026
10765,2.58344,-2.17811538688911
10766,2.58368,-1.74309858704458
10767,2.58392,-1.79729892025461
10768,2.58416,-2.45641371978551
10769,2.5844,-2.38680180387142
10770,2.58464,-2.09603293927359
10771,2.58488,-2.172736338666
10772,2.58512,-2.36358500643397
10773,2.58536,-2.08782264214814
10774,2.5856,-2.66665940385454
10775,2.58584,-2.63488076741703
10776,2.58608,-2.15088928183495
10777,2.58632,-2.86648911286
10778,2.58656,-2.50759408709342
10779,2.5868,-2.65730686421458
10780,2.58704,-2.55678526125758
10781,2.58728,-2.72369831734959
10782,2.58752,-3.01339481335202
10783,2.58776,-2.35102864334983
10784,2.588,-3.16341292770053
10785,2.58824,-3.11756215914274
10786,2.58848,-2.02558699554367
10787,2.58872,-3.11662492135191
10788,2.58896,-2.87724383487699
10789,2.5892,-2.43738958424315
10790,2.58944,-3.44643888779137
10791,2.58968,-3.12811068694168
10792,2.58992,-2.73027810835962
10793,2.59016,-3.4453138995574
10794,2.5904,-2.9402802415912
10795,2.59064,-2.48196976075494
10796,2.59088,-3.84881572483003
10797,2.59112,-2.79864832490879
10798,2.59136,-3.0008251258168
10799,2.5916,-3.31362179272678
10800,2.59184,-2.36034266909238
10801,2.59208,-2.76009329265552
10802,2.59232,-3.39394340758573
10803,2.59256,-3.54947256419842
10804,2.5928,-2.43069369194793
10805,2.59304,-3.26606457600565
10806,2.59328,-3.1253658316011
10807,2.59352,-2.32043790732496
10808,2.59376,-2.98755083124826
10809,2.594,-3.76178080053268
10810,2.59424,-2.28035728471678
10811,2.59448,-3.01593879042206
10812,2.59472,-3.37766598399509
10813,2.59496,-2.22945389300202
10814,2.5952,-3.03359077428293
10815,2.59544,-3.10712012246547
10816,2.59568,-2.27887426277842
10817,2.59592,-3.26814031664436
10818,2.59616,-2.46076105051778
10819,2.5964,-2.67562751288309
10820,2.59664,-3.23931423935593
10821,2.59688,-1.80668301392259
10822,2.59712,-3.04912030487283
10823,2.59736,-2.72005026339396
10824,2.5976,-2.09732646017008
10825,2.59784,-2.92490182529107
10826,2.59808,-2.55298727555533
10827,2.59832,-2.00347808595968
10828,2.59856,-3.25873994432485
10829,2.5988,-2.47934770546695
10830,2.59904,-1.76281599382107
10831,2.59928,-3.0971395438281
10832,2.59952,-2.39260770746065
10833,2.59976,-1.38728946487739
10834,2.6,-2.34299464334379
10835,2.60024,-2.31848131785337
10836,2.60048,-1.38647282346696
10837,2.60072,-2.2907528020732
10838,2.60096,-1.86394995590411
10839,2.6012,-1.25438661476404
10840,2.60144,-2.57072446120275
10841,2.60168,-1.72894262944928
10842,2.60192,-0.828338492274184
10843,2.60216,-0.924724767397728
10844,2.6024,-1.74425851554479
10845,2.60264,-1.84015458545146
10846,2.60288,-0.647081172105047
10847,2.60312,-1.18525595299785
10848,2.60336,-1.59739258125533
10849,2.6036,-0.940479309600815
10850,2.60384,-0.708786933319333
10851,2.60408,-1.31855986054728
10852,2.60432,-0.965068500220246
10853,2.60456,-0.187103919365014
10854,2.6048,-1.10020178005299
10855,2.60504,-0.925442616857726
10856,2.60528,-0.0766042756817442
10857,2.60552,-0.803503424103956
10858,2.60576,-0.686338035757466
10859,2.606,-0.0128710581552112
10860,2.60624,-1.0265135512409
10861,2.60648,-0.12847542045582
10862,2.60672,-0.105480491128056
10863,2.60696,-0.558244900949174
10864,2.6072,0.158561121139146
10865,2.60744,-0.214663051647419
10866,2.60768,0.25332557962981
10867,2.60792,0.0823697428255175
10868,2.60816,-0.203063861262719
10869,2.6084,0.458728278008999
10870,2.60864,0.731687219306799
10871,2.60888,0.529446794196141
10872,2.60912,0.543608490009588
10873,2.60936,0.550984014663736
10874,2.6096,0.796258708359099
10875,2.60984,0.656699312710717
10876,2.61008,0.644611624798492
10877,2.61032,1.22017494933185
10878,2.61056,0.935288385298871
10879,2.6108,0.897553908771461
10880,2.61104,1.21010178021756
10881,2.61128,0.787413755887225
10882,2.61152,1.58271848238573
10883,2.61176,1.15209116390294
10884,2.612,1.324536469869
10885,2.61224,1.25448753673839
10886,2.61248,1.41788549207667
10887,2.61272,1.82151393289152
10888,2.61296,1.50503087489139
10889,2.6132,1.42885566965693
10890,2.61344,1.7134418959216
10891,2.61368,1.63594316276299
10892,2.61392,1.67651755129267
10893,2.61416,1.72001485416997
10894,2.6144,2.00920485581304
10895,2.61464,1.93596197315192
10896,2.61488,2.22919190965761
10897,2.61512,2.17273873114647
10898,2.61536,2.22910540805008
10899,2.6156,2.42077928934238
10900,2.61584,2.13891261518874
10901,2.61608,2.33033240164185
10902,2.61632,2.42402303823717
10903,2.61656,2.52283778100108
10904,2.6168,2.25676378708215
10905,2.61704,2.61630720147676
10906,2.61728,2.85277271790242
10907,2.61752,2.13728784616018
10908,2.61776,3.00993596983127
10909,2.618,2.66892251217752
10910,2.61824,2.12089482111978
10911,2.61848,3.14713878755233
10912,2.61872,2.84069774213954
10913,2.61896,2.45959026675017
10914,2.6192,3.27001213940084
10915,2.61944,2.88581142871771
10916,2.61968,2.42758322540914
10917,2.61992,3.53084367494888
10918,2.62016,2.59016097101018
10919,2.6204,3.01690175986332
10920,2.62064,3.67259309149016
10921,2.62088,2.78920436473107
10922,2.62112,3.3900767238263
10923,2.62136,3.01294121210555
10924,2.6216,2.44460164606761
10925,2.62184,3.69713534280169
10926,2.62208,3.24490818108895
10927,2.62232,2.95561123134898
10928,2.62256,2.47327033838195
10929,2.6228,2.97143924157768
10930,2.62304,3.46642845790855
10931,2.62328,3.24419318369661
10932,2.62352,2.71940485466615
10933,2.62376,3.28977228263819
10934,2.624,3.25480938442342
10935,2.62424,2.31308945478344
10936,2.62448,3.32228088551262
10937,2.62472,3.11302111922197
10938,2.62496,2.37061855412171
10939,2.6252,3.32664570049929
10940,2.62544,3.18535315312693
10941,2.62568,2.50844344685366
10942,2.62592,3.4038125004431
10943,2.62616,2.98301792338309
10944,2.6264,2.26037219446591
10945,2.62664,3.12042442548695
10946,2.62688,2.76959000368134
10947,2.62712,2.48514514181576
10948,2.62736,3.52313729837266
10949,2.6276,2.06199480673974
10950,2.62784,2.81604992893285
10951,2.62808,2.95521034530186
10952,2.62832,1.82729830811426
10953,2.62856,3.12522700103851
10954,2.6288,2.6147126800282
10955,2.62904,2.04896168748231
10956,2.62928,3.16680761091091
10957,2.62952,2.02498906437441
10958,2.62976,2.26329757912779
10959,2.63,2.72386803480746
10960,2.63024,1.78956504247726
10961,2.63048,2.34138402507699
10962,2.63072,2.50991557408204
10963,2.63096,1.64859922542494
10964,2.6312,1.9184917122804
10965,2.63144,2.64598167943297
10966,2.63168,1.84348301215448
10967,2.63192,1.33878938484966
10968,2.63216,2.51168212853379
10969,2.6324,1.54624560057471
10970,2.63264,1.71034641876904
10971,2.63288,1.15869593402068
10972,2.63312,1.1439010629397
10973,2.63336,1.25315979023667
10974,2.6336,2.3251944557745
10975,2.63384,0.432265457218308
10976,2.63408,1.21623690484061
10977,2.63432,1.39417861537846
10978,2.63456,0.277691082045738
10979,2.6348,1.36414969591795
10980,2.63504,1.23688336891989
10981,2.63528,0.312965328353524
10982,2.63552,0.97304649310284
10983,2.63576,1.38874696362949
10984,2.636,0.405270387522674
10985,2.63624,0.638024590825231
10986,2.63648,1.11340725700905
10987,2.63672,0.42753909804315
10988,2.63696,0.58299890945118
10989,2.6372,0.276578279407302
10990,2.63744,0.00493103411223572
10991,2.63768,0.329921526648166
10992,2.63792,0.312817271923809
10993,2.63816,0.0820891867517997
10994,2.6384,-0.152181432585958
10995,2.63864,-0.11115640609518
10996,2.63888,0.169278909600824
10997,2.63912,-0.737489370428006
10998,2.63936,-0.297105071196547
10999,2.6396,0.0147859240879102
11000,2.63984,-0.849345828560983
11001,2.64008,-0.50878798394639
11002,2.64032,-0.394622435249527
11003,2.64056,-0.742623719135153
11004,2.6408,-0.62015733559221
11005,2.64104,-0.954728739957456
11006,2.64128,-0.677344694479415
11007,2.64152,-0.651389812121591
11008,2.64176,-1.3271325025611
11009,2.642,-1.03037839061636
11010,2.64224,-1.1022529298354
11011,2.64248,-1.03703344682958
11012,2.64272,-1.21015739331278
11013,2.64296,-1.14233661857951
11014,2.6432,-1.54468281765551
11015,2.64344,-1.58740891375606
11016,2.64368,-1.63229296349947
11017,2.64392,-1.67364821851318
11018,2.64416,-1.83820257322536
11019,2.6444,-1.52228693914593
11020,2.64464,-1.92620596735555
11021,2.64488,-1.72831778757639
11022,2.64512,-2.01689864499416
11023,2.64536,-1.94677776506756
11024,2.6456,-1.99163275330672
11025,2.64584,-2.16867977228784
11026,2.64608,-1.98901507788827
11027,2.64632,-1.8064162177351
11028,2.64656,-2.48478479198167
11029,2.6468,-2.55636113841505
11030,2.64704,-1.79215823977685
11031,2.64728,-2.6141573578479
11032,2.64752,-2.46273978444162
11033,2.64776,-2.09249172072169
11034,2.648,-3.05297797407553
11035,2.64824,-2.32486358535208
11036,2.64848,-2.47292081597673
11037,2.64872,-3.09111491193489
11038,2.64896,-2.28120256470872
11039,2.6492,-2.82096064885741
11040,2.64944,-2.98725067341846
11041,2.64968,-2.10579780927595
11042,2.64992,-3.15836712569518
11043,2.65016,-2.88613966757131
11044,2.6504,-2.53430024569726
11045,2.65064,-3.62225687376861
11046,2.65088,-2.55042337053014
11047,2.65112,-2.48888367829888
11048,2.65136,-3.62277968790062
11049,2.6516,-3.07950451727139
11050,2.65184,-2.10788048282952
11051,2.65208,-3.54281683536435
11052,2.65232,-3.28758199082138
11053,2.65256,-2.59273180050156
11054,2.6528,-2.89610321226016
11055,2.65304,-3.30336758908132
11056,2.65328,-2.9014089002489
11057,2.65352,-2.4344949923409
11058,2.65376,-3.05591211934594
11059,2.654,-3.44022399151677
11060,2.65424,-2.86726536589567
11061,2.65448,-2.600223841042
11062,2.65472,-3.41488864130817
11063,2.65496,-3.50525292755174
11064,2.6552,-2.44843750296574
11065,2.65544,-3.33851287096937
11066,2.65568,-3.37972664800673
11067,2.65592,-2.27596209799002
11068,2.65616,-3.12128228191782
11069,2.6564,-3.59721670599156
11070,2.65664,-2.31049690172159
11071,2.65688,-2.99079566203306
11072,2.65712,-3.41731632790184
11073,2.65736,-2.09051093475408
11074,2.6576,-3.08178950176533
11075,2.65784,-3.10139125924718
11076,2.65808,-2.09923362902779
11077,2.65832,-3.27700422918977
11078,2.65856,-2.65206919055249
11079,2.6588,-2.21541532681562
11080,2.65904,-3.45791448419321
11081,2.65928,-2.19685514364656
11082,2.65952,-2.55670922513192
11083,2.65976,-2.89791428705139
11084,2.66,-1.73007193885645
11085,2.66024,-2.87652855775075
11086,2.66048,-2.80229003015898
11087,2.66072,-1.70893514989575
11088,2.66096,-2.69322712756471
11089,2.6612,-2.69490793725661
11090,2.66144,-1.79403275176053
11091,2.66168,-1.78728703021127
11092,2.66192,-2.72448341682171
11093,2.66216,-1.65016780691714
11094,2.6624,-1.7149890160067
11095,2.66264,-2.12321239212838
11096,2.66288,-1.37186707813242
11097,2.66312,-1.62546348610463
11098,2.66336,-2.22106314767338
11099,2.6636,-1.29048675245298
11100,2.66384,-0.896144453931917
11101,2.66408,-1.35960308681464
11102,2.66432,-1.82342347238249
11103,2.66456,-2.17173817115244
11104,2.6648,-0.527210400422393
11105,2.66504,-1.4344748171777
11106,2.66528,-1.49630670219246
11107,2.66552,-0.500772283520811
11108,2.66576,-0.640447483041962
11109,2.666,-1.61266035101702
11110,2.66624,-0.328236157415138
11111,2.66648,-0.771205034021381
11112,2.66672,-0.963089854090781
11113,2.66696,-0.325037620759141
11114,2.6672,-0.101264415064564
11115,2.66744,-0.365933449706498
11116,2.66768,-0.864281234158819
11117,2.66792,0.0403748405530253
11118,2.66816,-0.628030483160261
11119,2.6684,-0.338541424020889
11120,2.66864,0.154232824666742
11121,2.66888,-0.552980380464679
11122,2.66912,0.0443919252371381
11123,2.66936,0.25257410221399
11124,2.6696,-0.135363898803072
11125,2.66984,0.288060315180615
11126,2.67008,0.106695433722586
11127,2.67032,0.519183394529383
11128,2.67056,0.423085503406425
11129,2.6708,0.215895896487905
11130,2.67104,0.945913823518184
11131,2.67128,0.696982039861496
11132,2.67152,0.693012034452022
11133,2.67176,0.556993823285581
11134,2.672,0.768567076438552
11135,2.67224,0.743842153876148
11136,2.67248,1.30186148105505
11137,2.67272,0.889579221102179
11138,2.67296,0.963440352213626
11139,2.6732,1.2615095295361
11140,2.67344,1.07857898720594
11141,2.67368,1.0170966482075
11142,2.67392,1.54469081975607
11143,2.67416,1.46668644094467
11144,2.6744,1.51628726199531
11145,2.67464,2.04024823635225
11146,2.67488,1.4837959702315
11147,2.67512,1.88902344782967
11148,2.67536,1.81355815986109
11149,2.6756,1.85086364042525
11150,2.67584,2.01259769421307
11151,2.67608,1.70352043250165
11152,2.67632,2.47147518762233
11153,2.67656,2.15898816687991
11154,2.6768,1.9822856711702
11155,2.67704,2.1600651156665
11156,2.67728,2.23031336554082
11157,2.67752,2.18464311672255
11158,2.67776,2.13774413770121
11159,2.678,2.46948224920753
11160,2.67824,2.44017741433681
11161,2.67848,2.05274220386895
11162,2.67872,2.77444843616919
11163,2.67896,3.0049042188282
11164,2.6792,1.9304444921495
11165,2.67944,2.92145881353497
11166,2.67968,2.93590729202202
11167,2.67992,2.26308566744106
11168,2.68016,3.27924853793811
11169,2.6804,2.84891825473825
11170,2.68064,2.81848892719914
11171,2.68088,2.90601583092721
11172,2.68112,2.64569511564586
11173,2.68136,3.14148631099305
11174,2.6816,2.90378922562073
11175,2.68184,2.57362735141698
11176,2.68208,3.12329548213908
11177,2.68232,3.40993088233641
11178,2.68256,2.41000919566687
11179,2.6828,3.13168771026773
11180,2.68304,3.70459326021361
11181,2.68328,2.86972278711077
11182,2.68352,3.28187626150127
11183,2.68376,3.56050200122856
11184,2.684,2.78074048697294
11185,2.68424,2.89106744477206
11186,2.68448,3.24880228620788
11187,2.68472,3.8421548098047
11188,2.68496,2.30233567697285
11189,2.6852,2.74688462242253
11190,2.68544,3.19440970948924
11191,2.68568,2.917337475137
11192,2.68592,2.69983715345009
11193,2.68616,3.32665788364713
11194,2.6864,3.35239620026211
11195,2.68664,2.59404468678342
11196,2.68688,3.41070432483544
11197,2.68712,2.55121780848736
11198,2.68736,2.47984657237143
11199,2.6876,3.48673344360418
11200,2.68784,2.69364752580934
11201,2.68808,2.4525657572135
11202,2.68832,3.41610418321309
11203,2.68856,2.57688140040769
11204,2.6888,2.28918803832922
11205,2.68904,3.4436976436389
11206,2.68928,2.32785140495216
11207,2.68952,2.5993787840147
11208,2.68976,3.09125123271937
11209,2.69,1.82865750776216
11210,2.69024,2.77274590904992
11211,2.69048,2.61732663539238
11212,2.69072,2.04301130553165
11213,2.69096,3.27675268778928
11214,2.6912,2.12742952745196
11215,2.69144,2.35464723559561
11216,2.69168,2.80465210499847
11217,2.69192,1.85720545156228
11218,2.69216,2.1651575203967
11219,2.6924,2.81325511948834
11220,2.69264,1.93232911953418
11221,2.69288,1.59054198420609
11222,2.69312,2.80351393046225
11223,2.69336,1.98927938345133
11224,2.6936,1.35700184520784
11225,2.69384,2.64409907649722
11226,2.69408,1.90007517829394
11227,2.69432,1.09457399628067
11228,2.69456,1.76045636341594
11229,2.6948,1.81760662828952
11230,2.69504,0.703205517615921
11231,2.69528,1.31420525011341
11232,2.69552,2.16010192181853
11233,2.69576,1.00580249918398
11234,2.696,1.42685180572054
11235,2.69624,1.25301562357849
11236,2.69648,0.530058268208321
11237,2.69672,1.14865068257329
11238,2.69696,1.51874449412935
11239,2.6972,0.118189838290299
11240,2.69744,1.15603417653347
11241,2.69768,0.984192062865019
11242,2.69792,-0.100610744134102
11243,2.69816,0.872397376264416
11244,2.6984,0.635067017412394
11245,2.69864,-0.156909214458271
11246,2.69888,0.623001772026998
11247,2.69912,0.441854444414589
11248,2.69936,-0.417975762196624
11249,2.6996,0.407573912301852
11250,2.69984,0.155739150080115
11251,2.70008,-0.302145426312515
11252,2.70032,0.317901547568122
11253,2.70056,-0.359388328851704
11254,2.7008,-0.302113209294086
11255,2.70104,-0.124718677124129
11256,2.70128,-0.639688599659115
11257,2.70152,-0.314707323705015
11258,2.70176,-0.332528411453218
11259,2.702,-0.57630206180063
11260,2.70224,-0.822264857682487
11261,2.70248,-0.56864871009626
11262,2.70272,-0.664702617363788
11263,2.70296,-0.646373225947847
11264,2.7032,-1.20842757736155
11265,2.70344,-1.04980624984017
11266,2.70368,-0.881416173049149
11267,2.70392,-1.42260863901451
11268,2.70416,-1.24782230938708
11269,2.7044,-1.18079699086009
11270,2.70464,-1.59007735160109
11271,2.70488,-1.63519957070343
11272,2.70512,-1.32039825250904
11273,2.70536,-1.72742593858906
11274,2.7056,-1.41073699842927
11275,2.70584,-1.93213134768856
11276,2.70608,-1.49710462710917
11277,2.70632,-2.14079640121224
11278,2.70656,-1.81869484987437
11279,2.7068,-1.86525053184215
11280,2.70704,-2.39359965214309
11281,2.70728,-2.07763921614889
11282,2.70752,-2.01792049552483
11283,2.70776,-2.55529630087947
11284,2.708,-1.88967699841145
11285,2.70824,-2.20865048835117
11286,2.70848,-2.87987096736817
11287,2.70872,-2.23141893223244
11288,2.70896,-2.32887832982297
11289,2.7092,-2.6632549673906
11290,2.70944,-2.03712449922036
11291,2.70968,-2.64246368161396
11292,2.70992,-2.75818894119855
11293,2.71016,-2.04751661493188
11294,2.7104,-3.04104749303968
11295,2.71064,-2.58138834158173
11296,2.71088,-2.39738938689932
11297,2.71112,-3.29560605785236
11298,2.71136,-2.87204493124068
11299,2.7116,-2.72732745709377
11300,2.71184,-2.8149430581406
11301,2.71208,-2.567873473303
11302,2.71232,-3.18730857014949
11303,2.71256,-2.95081630015164
11304,2.7128,-2.62875066734488
11305,2.71304,-3.30339871173911
11306,2.71328,-3.5925586162388
11307,2.71352,-2.47364046616984
11308,2.71376,-2.96486819884458
11309,2.714,-3.79064186914588
11310,2.71424,-2.71929510871331
11311,2.71448,-2.89513081857421
11312,2.71472,-3.90503588557265
11313,2.71496,-2.88137541555471
11314,2.7152,-2.14982887416658
11315,2.71544,-2.65826377227259
11316,2.71568,-3.16976447394603
11317,2.71592,-3.6761167542654
11318,2.71616,-2.29401269756699
11319,2.7164,-3.00200434114979
11320,2.71664,-3.70053970760701
11321,2.71688,-2.37467323060085
11322,2.71712,-2.91005127593245
11323,2.71736,-3.56079544124533
11324,2.7176,-2.20299807559877
11325,2.71784,-3.04457545291016
11326,2.71808,-3.75952391203017
11327,2.71832,-2.22156127310407
11328,2.71856,-2.89776887255666
11329,2.7188,-3.55924019787833
11330,2.71904,-1.98368557687593
11331,2.71928,-3.09040844548325
11332,2.71952,-3.09952304056085
11333,2.71976,-2.09397190752403
11334,2.72,-3.26512831992263
11335,2.72024,-2.63054855386801
11336,2.72048,-2.42743571370115
11337,2.72072,-3.41338119202829
11338,2.72096,-2.14495527434363
11339,2.7212,-2.7358021430744
11340,2.72144,-2.58843600427344
11341,2.72168,-1.90495735462064
11342,2.72192,-3.27004960640267
11343,2.72216,-2.00509459389839
11344,2.7224,-2.36149711993599
11345,2.72264,-2.58351013805451
11346,2.72288,-1.65333232380401
11347,2.72312,-2.44602071371138
11348,2.72336,-2.73640654899965
11349,2.7236,-1.75167213918175
11350,2.72384,-2.37147270382165
11351,2.72408,-2.49549091485162
11352,2.72432,-1.58281192449901
11353,2.72456,-1.4451583266351
11354,2.7248,-2.62079954740453
11355,2.72504,-1.88304701455168
11356,2.72528,-1.19990162039799
11357,2.72552,-1.16006044701152
11358,2.72576,-1.60726922041612
11359,2.726,-2.05380421505656
11360,2.72624,-1.19563188222223
11361,2.72648,-1.2389882455953
11362,2.72672,-1.40253994976582
11363,2.72696,-1.57431695304378
11364,2.7272,-0.481411838499085
11365,2.72744,-1.32557128691783
11366,2.72768,-1.20007399503434
11367,2.72792,-0.277851084670803
11368,2.72816,-1.29764100185735
11369,2.7284,-1.10969629864631
11370,2.72864,-0.251130402977395
11371,2.72888,-0.605134916843497
11372,2.72912,-0.839583146560126
11373,2.72936,-0.27620177506118
11374,2.7296,-0.913946650786148
11375,2.72984,-0.249116592533416
11376,2.73008,-0.0975064906706127
11377,2.73032,-0.540776940897371
11378,2.73056,0.185314577843984
11379,2.7308,-0.0599872659203642
11380,2.73104,-0.069488589964658
11381,2.73128,0.246381676432395
11382,2.73152,-0.0330271218101987
11383,2.73176,0.388956741222224
11384,2.732,0.0696160511479944
11385,2.73224,0.357654204324042
11386,2.73248,0.734223729147301
11387,2.73272,0.0306037685788874
11388,2.73296,0.76303037829756
11389,2.7332,1.10740655948646
11390,2.73344,0.619392140862516
11391,2.73368,0.721008985408303
11392,2.73392,1.40600004636303
11393,2.73416,1.1272522334515
11394,2.7344,0.841724086588998
11395,2.73464,1.5075962612698
11396,2.73488,1.21569425988852
11397,2.73512,1.03056596982523
11398,2.73536,1.44073910752841
11399,2.7356,1.25644589740414
11400,2.73584,1.53985233244983
11401,2.73608,1.70485147657062
11402,2.73632,1.388236738015
11403,2.73656,1.79414697383088
11404,2.7368,1.70958741081134
11405,2.73704,1.75203470016043
11406,2.73728,1.91730668420622
11407,2.73752,1.71928770156546
11408,2.73776,1.88852874922688
11409,2.738,2.41768634559071
11410,2.73824,1.98302657047399
11411,2.73848,1.80443132322899
11412,2.73872,2.10214068554322
11413,2.73896,2.04954272346727
11414,2.7392,2.36340820955258
11415,2.73944,2.19376003407381
11416,2.73968,2.15897035198454
11417,2.73992,2.85359937804543
11418,2.74016,2.10027966454328
11419,2.7404,2.2149850272948
11420,2.74064,3.17436597344977
11421,2.74088,2.0869674129511
11422,2.74112,2.59526756077409
11423,2.74136,3.09266000993257
11424,2.7416,2.04863178429886
11425,2.74184,3.06558731339398
11426,2.74208,2.87377693490677
11427,2.74232,2.60111619054342
11428,2.74256,2.92279056788362
11429,2.7428,2.53984971027403
11430,2.74304,3.27210302587992
11431,2.74328,3.14937622171896
11432,2.74352,2.45480413430163
11433,2.74376,3.23760919310396
11434,2.744,3.39849734814937
11435,2.74424,2.62545341703157
11436,2.74448,2.85701483873235
11437,2.74472,3.79572321018388
11438,2.74496,2.35210001211048
11439,2.7452,3.00632204417528
11440,2.74544,3.27688279483869
11441,2.74568,2.62254365972395
11442,2.74592,2.61826411410854
11443,2.74616,3.44058644424008
11444,2.7464,2.49650623154048
11445,2.74664,3.02289120353008
11446,2.74688,3.54522276228413
11447,2.74712,3.11608885005018
11448,2.74736,2.62663822399198
11449,2.7476,3.22831692418668
11450,2.74784,3.10824005550557
11451,2.74808,2.44932544811084
11452,2.74832,3.24330480374334
11453,2.74856,3.67196835240121
11454,2.7488,2.22297331864185
11455,2.74904,3.21233530408902
11456,2.74928,3.35086481654655
11457,2.74952,1.977437958263
11458,2.74976,3.04483876257386
11459,2.75,3.37887728150563
11460,2.75024,2.08208049157029
11461,2.75048,3.09658921995526
11462,2.75072,2.89892430222443
11463,2.75096,1.91962591079318
11464,2.7512,3.12856264283131
11465,2.75144,2.76577352237703
11466,2.75168,2.11506431888112
11467,2.75192,3.38562132811249
11468,2.75216,2.15104086797411
11469,2.7524,2.53933556124956
11470,2.75264,2.66738544589494
11471,2.75288,1.53307537820487
11472,2.75312,2.94436554530692
11473,2.75336,2.30774880417471
11474,2.7536,1.73488712111603
11475,2.75384,2.96258325050016
11476,2.75408,1.93402204777984
11477,2.75432,2.15889773452721
11478,2.75456,2.60438744770514
11479,2.7548,1.76984258481843
11480,2.75504,1.82805688436505
11481,2.75528,2.59150536261232
11482,2.75552,1.70237598109023
11483,2.75576,1.59425547407381
11484,2.756,2.19230718169326
11485,2.75624,1.26403768632586
11486,2.75648,1.35426349624555
11487,2.75672,1.44768578067365
11488,2.75696,1.90527973921093
11489,2.7572,0.475383230582236
11490,2.75744,1.48853904099943
11491,2.75768,1.53163421003968
11492,2.75792,0.753091716371491
11493,2.75816,0.999039519319547
11494,2.7584,1.11763377262441
11495,2.75864,1.24041421200316
11496,2.75888,0.447147148960335
11497,2.75912,0.521201578227801
11498,2.75936,1.55183315155046
11499,2.7596,0.329843038761326
11500,2.75984,0.340190935764354
11501,2.76008,1.1840044209771
11502,2.76032,0.137021273604589
11503,2.76056,0.427868886574719
11504,2.7608,0.60253739320917
11505,2.76104,0.0936764233665042
11506,2.76128,0.421668920418413
11507,2.76152,0.055801484299228
11508,2.76176,0.0675496625977694
11509,2.762,-0.159945908436996
11510,2.76224,-0.229922475339112
11511,2.76248,0.0548593207451535
11512,2.76272,-0.607003390758134
11513,2.76296,-0.162710356507065
11514,2.7632,-0.329608162399276
11515,2.76344,-0.704989355138505
11516,2.76368,-0.118180555184822
11517,2.76392,-0.725894551557434
11518,2.76416,-0.951022608497512
11519,2.7644,-0.584438814762585
11520,2.76464,-0.916399148369055
11521,2.76488,-0.99909352867901
11522,2.76512,-1.08966956517096
11523,2.76536,-1.15927844373133
11524,2.7656,-1.10220390251454
11525,2.76584,-1.2907358137175
11526,2.76608,-0.98220396727381
11527,2.76632,-1.2748600446086
11528,2.76656,-1.32556830026613
11529,2.7668,-1.24543186263873
11530,2.76704,-1.89047553586013
11531,2.76728,-1.33328392672679
11532,2.76752,-1.37746264080572
11533,2.76776,-1.41983223209295
11534,2.768,-2.06583210158203
11535,2.76824,-1.62548501800556
11536,2.76848,-1.54798324798476
11537,2.76872,-2.19803303844915
11538,2.76896,-1.76289394171418
11539,2.7692,-1.81703215067297
11540,2.76944,-2.47614084375248
11541,2.76968,-2.40711136854181
11542,2.76992,-2.11818983606122
11543,2.77016,-2.19499785597167
11544,2.7704,-2.38599600421163
11545,2.77064,-2.59414908983516
11546,2.77088,-2.32945665427554
11547,2.77112,-2.18300613420212
11548,2.77136,-2.78203004888804
11549,2.7716,-2.41352309403406
11550,2.77184,-2.18305395723086
11551,2.77208,-3.1711408820109
11552,2.77232,-2.34703946534285
11553,2.77256,-2.51773882239856
11554,2.7728,-3.40990523463347
11555,2.77304,-2.86097424632223
11556,2.77328,-2.35361043943889
11557,2.77352,-3.04020704602453
11558,2.77376,-2.66082913770987
11559,2.774,-2.91685502662706
11560,2.77424,-3.52492853456595
11561,2.77448,-2.81918011817796
11562,2.77472,-2.28302125358945
11563,2.77496,-3.18790566893127
11564,2.7752,-2.78148716357834
11565,2.77544,-3.37953222317739
11566,2.77568,-3.47480680427429
11567,2.77592,-2.76306841125843
11568,2.77616,-3.05437671124295
11569,2.7764,-3.93461692380684
11570,2.77664,-2.78982340492957
11571,2.77688,-2.4148106175809
11572,2.77712,-2.91142161955156
11573,2.77736,-3.40570574090424
11574,2.7776,-3.89832377113899
11575,2.77784,-2.26790989279146
11576,2.77808,-2.97304228314027
11577,2.77832,-3.66548128642206
11578,2.77856,-2.6860498431136
11579,2.7788,-2.73500917994475
11580,2.77904,-3.62199483912371
11581,2.77928,-2.35916569287395
11582,2.77952,-2.60841885362181
11583,2.77976,-3.68381813910272
11584,2.78,-2.37134795153613
11585,2.78024,-2.80529888054378
11586,2.78048,-3.70480805850074
11587,2.78072,-2.1121315786281
11588,2.78096,-2.7384153743078
11589,2.7812,-3.35043843132444
11590,2.78144,-2.08230905361679
11591,2.78168,-3.12806305902071
11592,2.78192,-2.72932439699067
11593,2.78216,-2.15701064156134
11594,2.7824,-3.38743293045872
11595,2.78264,-2.34502276811966
11596,2.78288,-2.45235775470021
11597,2.78312,-3.02148061932174
11598,2.78336,-1.83391000897818
11599,2.7836,-2.96347869613854
11600,2.78384,-2.16782811706765
11601,2.78408,-1.80021824354906
11602,2.78432,-2.75935211175363
11603,2.78456,-2.51467965269774
11604,2.7848,-1.48309492838241
11605,2.78504,-2.53113340679906
11606,2.78528,-2.24640050912342
11607,2.78552,-1.29585795175435
11608,2.78576,-2.30184595718086
11609,2.786,-1.8510370099429
11610,2.78624,-1.34717747634251
11611,2.78648,-2.27302951064538
11612,2.78672,-1.54703491265277
11613,2.78696,-1.94553658046336
11614,2.7872,-1.61246664064006
11615,2.78744,-1.10627254166418
11616,2.78768,-1.56957280084323
11617,2.78792,-2.03129958069722
11618,2.78816,-1.18612187279318
11619,2.7884,-0.891306015144294
11620,2.78864,-1.31889686365791
11621,2.78888,-1.50237764060036
11622,2.78912,-0.781754994545118
11623,2.78936,-1.62930800994517
11624,2.7896,-1.1554366862636
11625,2.78984,-0.85453131731487
11626,2.79008,-1.0301156293628
11627,2.79032,-0.144817234602294
11628,2.79056,-0.867483644437273
11629,2.7908,-0.97772491724134
11630,2.79104,0.0796056381774337
11631,2.79128,-0.92627696830995
11632,2.79152,-0.365589556587158
11633,2.79176,0.151384492285877
11634,2.792,-0.893806071127746
11635,2.79224,-0.0326429802510282
11636,2.79248,0.0771110364664083
11637,2.79272,-0.286782238822749
11638,2.79296,0.279092926747234
11639,2.7932,0.00121340057528441
11640,2.79344,-0.0493666591846578
11641,2.79368,0.354032504400578
11642,2.79392,0.0395051270435738
11643,2.79416,0.672885102676864
11644,2.7944,0.318058580657971
11645,2.79464,0.0941665644752834
11646,2.79488,0.814686854294526
11647,2.79512,0.912960278203083
11648,2.79536,0.297225634402328
11649,2.7956,0.992975308254478
11650,2.79584,1.06799110801714
11651,2.79608,0.913010996338684
11652,2.79632,1.10309024622988
11653,2.79656,1.03987110950757
11654,2.7968,1.58881280282263
11655,2.79704,1.15740678486883
11656,2.79728,1.09260317337745
11657,2.79752,1.62395323671078
11658,2.79776,1.3042122472046
11659,2.798,1.71165639719618
11660,2.79824,1.7532086836422
11661,2.79848,2.02977060342092
11662,2.79872,1.47181598736172
11663,2.79896,2.11650880342865
11664,2.7992,1.79541973925333
11665,2.79944,1.84301152993781
11666,2.79968,2.37241655732071
11667,2.79992,1.93896854799816
11668,2.80016,2.11676512803389
11669,2.8004,2.17367792094971
11670,2.80064,1.87139165743172
11671,2.80088,2.42807792202103
11672,2.80112,2.49995853053056
11673,2.80136,1.73594518814683
11674,2.8016,2.31576073452438
11675,2.80184,2.88512444550054
11676,2.80208,2.14574289376172
11677,2.80232,2.74776134458583
11678,2.80256,2.73595069358491
11679,2.8028,2.15729172684067
11680,2.80304,3.01922248433894
11681,2.80328,2.56183431239373
11682,2.80352,2.50268249813807
11683,2.80376,2.90981115175004
11684,2.804,2.50024037980975
11685,2.80424,2.95775190295632
11686,2.80448,2.56254291695012
11687,2.80472,2.68526759200937
11688,2.80496,3.53256336456015
11689,2.8052,2.70161799795604
11690,2.80544,2.52046765076739
11691,2.80568,3.52855264980243
11692,2.80592,2.50398746681138
11693,2.80616,2.73313989295928
11694,2.8064,3.66459373059749
11695,2.80664,2.69368410044703
11696,2.80688,3.09495401700617
11697,2.80712,3.2381105376548
11698,2.80736,2.34323097243581
11699,2.8076,3.86958176267225
11700,2.80784,2.39670828411133
11701,2.80808,2.78625568812653
11702,2.80832,3.40883109598504
11703,2.80856,2.24518920955112
11704,2.8088,3.05004823727692
11705,2.80904,3.49290718541431
11706,2.80928,2.85725772470321
11707,2.80952,2.65107481718155
11708,2.80976,3.28963566905223
11709,2.81,3.32627328005975
11710,2.81024,2.21942763486576
11711,2.81048,3.06176999875141
11712,2.81072,3.53482472304046
11713,2.81096,2.12894947945414
11714,2.8112,3.04302121933165
11715,2.81144,3.34499943949824
11716,2.81168,2.26046271685796
11717,2.81192,3.35593699679084
11718,2.81216,2.64706194669718
11719,2.8124,2.4871667997329
11720,2.81264,3.40393236759568
11721,2.81288,1.94751722363836
11722,2.81312,2.82574987932868
11723,2.81336,2.84259430765514
11724,2.8136,1.95961709979725
11725,2.81384,3.13917022303015
11726,2.81408,2.27607359900928
11727,2.81432,2.31965332043649
11728,2.81456,2.94985153055352
11729,2.8148,1.93718841516804
11730,2.81504,2.41749511408628
11731,2.81528,2.63605075818174
11732,2.81552,1.70464562053911
11733,2.81576,2.13971875926357
11734,2.816,2.67493369449275
11735,2.81624,1.80854930078627
11736,2.81648,1.72222867600094
11737,2.81672,2.33952495535446
11738,2.81696,1.43201600845182
11739,2.8172,2.12618465399667
11740,2.81744,1.97079843437093
11741,2.81768,1.14319493538846
11742,2.81792,2.50204499338112
11743,2.81816,1.33454102422819
11744,2.8184,1.07509269019959
11745,2.81864,1.78258896157858
11746,2.81888,1.88646088990197
11747,2.81912,1.08707684173555
11748,2.81936,1.26609896945853
11749,2.8196,1.6836689567732
11750,2.81984,0.333437848951312
11751,2.82008,1.65660030198995
11752,2.82032,1.28763814156044
11753,2.82056,0.258532297601973
11754,2.8208,0.922873796117198
11755,2.82104,1.46113384246955
11756,2.82128,0.35735604223076
11757,2.82152,0.474617814538257
11758,2.82176,1.19106650373133
11759,2.822,0.385861358022169
11760,2.82224,0.544752808551748
11761,2.82248,0.238580026349639
11762,2.82272,0.210616564805189
11763,2.82296,0.535148999241988
11764,2.8232,-0.317014176758964
11765,2.82344,0.298023723657104
11766,2.82368,0.0618118075732184
11767,2.82392,-0.737052891520011
11768,2.82416,0.272842350391008
11769,2.8244,-0.39966971552936
11770,2.82464,-0.797783568191661
11771,2.82488,0.000948214566878214
11772,2.82512,-0.384359375601557
11773,2.82536,-0.635004771327962
11774,2.8256,-0.888642471974714
11775,2.82584,-0.635552914774362
11776,2.82608,-0.738073572701061
11777,2.82632,-0.846449591846401
11778,2.82656,-0.809837140118258
11779,2.8268,-1.00845570821432
11780,2.82704,-1.20854167759888
11781,2.82728,-0.911472648090715
11782,2.82752,-1.09137526917316
11783,2.82776,-1.15661142395372
11784,2.828,-1.56714711060297
11785,2.82824,-1.25220892300427
11786,2.82848,-1.7802335340606
11787,2.82872,-1.22636320564787
11788,2.82896,-1.8728749214891
11789,2.8292,-1.43563179428094
11790,2.82944,-1.96076742935174
11791,2.82968,-1.63949702587633
11792,2.82992,-1.56006270796989
11793,2.83016,-1.72531449007339
11794,2.8304,-2.37393374815529
11795,2.83064,-1.69496472503259
11796,2.83088,-1.62731072540405
11797,2.83112,-2.28742410129485
11798,2.83136,-2.22142916629499
11799,2.8316,-2.05375866556105
11800,2.83184,-2.36708543703697
11801,2.83208,-2.31498916727922
11802,2.83232,-2.52424004436733
11803,2.83256,-2.49581162703461
11804,2.8328,-2.22628080630397
11805,2.83304,-2.70116836783636
11806,2.83328,-2.44828973915321
11807,2.83352,-2.33740519655894
11808,2.83376,-3.07890920185685
11809,2.834,-2.37226933309917
11810,2.83424,-2.42332236005453
11811,2.83448,-3.31551828707267
11812,2.83472,-2.16602910586738
11813,2.83496,-2.85541145227069
11814,2.8352,-3.05057825243773
11815,2.83544,-2.20285353300841
11816,2.83568,-3.28779433482751
11817,2.83592,-2.92535702628866
11818,2.83616,-2.36488727706607
11819,2.8364,-3.00121012431874
11820,2.83664,-2.57819237619992
11821,2.83688,-3.03594477717818
11822,2.83712,-3.58994047609305
11823,2.83736,-2.7365762571993
11824,2.8376,-3.60235844209573
11825,2.83784,-3.24623381423278
11826,2.83808,-2.80539071396058
11827,2.83832,-3.4914778497303
11828,2.83856,-3.3136792937806
11829,2.8388,-2.46636718884076
11830,2.83904,-2.85772970093506
11831,2.83928,-3.48350510276344
11832,2.83952,-3.63255257596953
11833,2.83976,-2.38776677623954
11834,2.84,-2.8668290226257
11835,2.84024,-3.57567530677753
11836,2.84048,-2.26337441378139
11837,2.84072,-2.92766160599921
11838,2.84096,-3.34548325619454
11839,2.8412,-2.24378919047381
11840,2.84144,-2.97480119065143
11841,2.84168,-3.69866712620676
11842,2.84192,-2.05564483198664
11843,2.84216,-2.97911570327599
11844,2.8424,-3.40905368543388
11845,2.84264,-2.0884054245674
11846,2.84288,-3.19937510070118
11847,2.84312,-2.8626114433117
11848,2.84336,-2.10580821575793
11849,2.8436,-3.16629951607587
11850,2.84384,-2.66357856733306
11851,2.84408,-2.10944889022243
11852,2.84432,-3.35849317432079
11853,2.84456,-2.33425971794279
11854,2.8448,-2.4568942370055
11855,2.84504,-3.04224589507872
11856,2.84528,-1.86928214523246
11857,2.84552,-2.66542958823129
11858,2.84576,-2.24795289672872
11859,2.846,-2.1331704399824
11860,2.84624,-2.84722212855687
11861,2.84648,-1.79767039257344
11862,2.84672,-1.88702586772937
11863,2.84696,-2.43918587745158
11864,2.8472,-1.47085097870524
11865,2.84744,-2.46248643214502
11866,2.84768,-2.35782412795797
11867,2.84792,-1.5767512384999
11868,2.84816,-1.5675071896779
11869,2.8484,-2.38959902959382
11870,2.84864,-1.6758369761231
11871,2.84888,-0.889830275033996
11872,2.84912,-1.10038526959975
11873,2.84936,-1.91427224698737
11874,2.8496,-2.00383664140276
11875,2.84984,-1.03540934863998
11876,2.85008,-0.85332316720887
11877,2.85032,-1.39406432309865
11878,2.85056,-1.69373989980774
11879,2.8508,-0.96543158605956
11880,2.85104,-1.08890093977358
11881,2.85128,-0.500267534666692
11882,2.85152,-0.805591315412041
11883,2.85176,-1.10657014161236
11884,2.852,-0.68923338999289
11885,2.85224,-0.203780673254015
11886,2.85248,-1.03951818900784
11887,2.85272,-0.317162354057962
11888,2.85296,-0.241425353159092
11889,2.8532,-1.00163277883255
11890,2.85344,0.132837432753365
11891,2.85368,-0.194890403374807
11892,2.85392,-0.285458078995769
11893,2.85416,0.0683563012779849
11894,2.8544,-0.176055743380602
11895,2.85464,0.163372872866049
11896,2.85488,0.116379628033263
11897,2.85512,0.0726135862410286
11898,2.85536,0.250479313249783
11899,2.8556,0.527505242563933
11900,2.85584,0.450692126145416
11901,2.85608,0.705912410283793
11902,2.85632,0.479978234925542
11903,2.85656,0.604972693861916
11904,2.8568,0.707987683081374
11905,2.85704,0.696468695281913
11906,2.85728,0.910731612090351
11907,2.85752,0.751240940837527
11908,2.85776,0.596998749785696
11909,2.858,1.26931176628312
11910,2.85824,1.21939868037914
11911,2.85848,0.918817198665384
11912,2.85872,1.57167036370141
11913,2.85896,1.39145876404351
11914,2.8592,1.43577033794825
11915,2.85944,1.47810361555325
11916,2.85968,1.52698300019375
11917,2.85992,1.93098259014514
11918,2.86016,1.84802910978447
11919,2.8604,1.53001003064459
11920,2.86064,1.93599131401023
11921,2.86088,1.73541042978994
11922,2.86112,2.14258392529955
11923,2.86136,1.82909992767127
11924,2.8616,1.75558219783475
11925,2.86184,2.41142587707472
11926,2.86208,2.22160859412377
11927,2.86232,1.68758226030795
11928,2.86256,2.59977842185184
11929,2.8628,2.42280195052605
11930,2.86304,2.15019934501316
11931,2.86328,2.48334830012193
11932,2.86352,2.4479822205554
11933,2.86376,1.95374367461373
11934,2.864,2.91003438567148
11935,2.86424,2.6543082426484
11936,2.86448,2.31401337600189
11937,2.86472,3.04916112824895
11938,2.86496,2.58971298980798
11939,2.8652,2.64608001742182
11940,2.86544,2.92748028210621
11941,2.86568,2.63664651858059
11942,2.86592,2.72693609981304
11943,2.86616,2.80532893283285
11944,2.8664,2.67931117370799
11945,2.86664,3.28360388808657
11946,2.86688,2.69135294621368
11947,2.86712,3.1025294845061
11948,2.86736,3.50106151278222
11949,2.8676,2.4819726240179
11950,2.86784,2.94887967608646
11951,2.86808,3.1540978556628
11952,2.86832,2.19470741649446
11953,2.86856,3.4142804700725
11954,2.8688,3.31001131810792
11955,2.86904,2.28757545527584
11956,2.86928,3.09905376998541
11957,2.86952,3.41105551327498
11958,2.86976,2.69615792808163
11959,2.87,3.43392499973431
11960,2.87024,3.44787545825254
11961,2.87048,2.43683778683598
11962,2.87072,2.89983520252953
11963,2.87096,3.59489536005189
11964,2.8712,2.61957429259768
11965,2.87144,2.55698520225529
11966,2.87168,3.21717061186678
11967,2.87192,2.79298036711902
11968,2.87216,2.67117884463326
11969,2.8724,3.39349696280457
11970,2.87264,2.67645419601404
11971,2.87288,2.7471857669249
11972,2.87312,3.53471744931184
11973,2.87336,2.54299860572306
11974,2.8736,2.68851442392808
11975,2.87384,3.54867552083245
11976,2.87408,2.38522505869122
11977,2.87432,2.60757467234005
11978,2.87456,3.41510096112533
11979,2.8748,1.98070490207148
11980,2.87504,2.9879604775566
11981,2.87528,2.66359402495106
11982,2.87552,2.04960675724422
11983,2.87576,3.35523742821862
11984,2.876,2.15276516241639
11985,2.87624,2.33264137664621
11986,2.87648,2.74146649148875
11987,2.87672,1.51635343728186
11988,2.87696,2.61012237062759
11989,2.8772,2.61101551887896
11990,2.87744,1.57910661327956
11991,2.87768,2.27426335564747
11992,2.87792,2.46778209263633
11993,2.87816,1.51341652034393
11994,2.8784,2.0440599555878
11995,2.87864,2.07308627031276
11996,2.87888,1.07935553425363
11997,2.87912,2.37421458112359
11998,2.87936,1.76339926442562
11999,2.8796,1.68086105348929
12000,2.87984,2.18738128167461
12001,2.88008,1.19067909428177
12002,2.88032,1.64993249088514
12003,2.88056,1.50913074257912
12004,2.8808,0.466126898447258
12005,2.88104,1.4867774271427
12006,2.88128,1.65592469135852
12007,2.88152,0.409903567167427
12008,2.88176,1.4893730145022
12009,2.882,0.998976262316418
12010,2.88224,0.201988199323541
12011,2.88248,1.22051200093799
12012,2.88272,1.14999381741551
12013,2.88296,-0.0788846066253868
12014,2.8832,0.99979250439633
12015,2.88344,0.746327909372307
12016,2.88368,0.17557820461587
12017,2.88392,0.582620248050331
12018,2.88416,0.264063298338206
12019,2.8844,-0.0139186118430394
12020,2.88464,0.674973430873001
12021,2.88488,-0.0745112199499252
12022,2.88512,-0.302056596906978
12023,2.88536,0.783614432086073
12024,2.8856,-0.273926438946716
12025,2.88584,-0.344693837024613
12026,2.88608,-0.0596057905189984
12027,2.88632,-0.22612458733725
12028,2.88656,-0.146291625376961
12029,2.8868,-0.665729664479122
12030,2.88704,-0.792942826001858
12031,2.88728,-0.082124930829792
12032,2.88752,-0.80805577938762
12033,2.88776,-1.26559611839649
12034,2.888,-0.891107640318542
12035,2.88824,-0.619922988933651
12036,2.88848,-0.940415907269758
12037,2.88872,-1.02418001460104
12038,2.88896,-1.09148569850397
12039,2.8892,-1.03109865495888
12040,2.88944,-0.979541755045507
12041,2.88968,-1.63291306861305
12042,2.88992,-1.07853013395062
12043,2.89016,-1.48505352599192
12044,2.8904,-1.53345364242336
12045,2.89064,-1.57759459137467
12046,2.89088,-1.26339578941585
12047,2.89112,-1.42814288117911
12048,2.89136,-1.95410097666894
12049,2.8916,-1.75298865346147
12050,2.89184,-2.03808138013335
12051,2.89208,-1.84667955489223
12052,2.89232,-1.89085494511759
12053,2.89256,-2.06432730193166
12054,2.8928,-2.47817145455383
12055,2.89304,-1.68827396890959
12056,2.89328,-1.75890869345392
12057,2.89352,-2.67086652328445
12058,2.89376,-2.37627184063714
12059,2.894,-2.22440678157717
12060,2.89424,-2.55771193469483
12061,2.89448,-2.40250956106829
12062,2.89472,-2.39363133012095
12063,2.89496,-2.62079754898236
12064,2.8952,-2.38153521557229
12065,2.89544,-2.76212735426787
12066,2.89568,-2.53324596359331
12067,2.89592,-2.81451502819134
12068,2.89616,-2.97375470394361
12069,2.8964,-2.187648258266
12070,2.89664,-2.99345891476203
12071,2.89688,-3.18178582887137
12072,2.89712,-2.2105605409415
12073,2.89736,-3.16589886489012
12074,2.8976,-2.68256778153425
12075,2.89784,-3.20000933915081
12076,2.89808,-2.98241723626987
12077,2.89832,-2.79220560608012
12078,2.89856,-3.47650086524981
12079,2.8988,-3.06375403586521
12080,2.89904,-2.68615066758238
12081,2.89928,-3.42743897525324
12082,2.89952,-3.54683512348366
12083,2.89976,-2.97716126929042
12084,2.9,-2.21477055511949
12085,2.90024,-3.86864539810153
12086,2.90048,-2.50910673029947
12087,2.90072,-2.77490947334694
12088,2.90096,-3.28363763586308
12089,2.9012,-2.83086359549547
12090,2.90144,-3.03299425989487
12091,2.90168,-3.71329204073885
12092,2.90192,-2.37677555415361
12093,2.90216,-3.24740691537347
12094,2.9024,-2.7851751856593
12095,2.90264,-2.62803049784552
12096,2.90288,-3.31300009199559
12097,2.90312,-3.15692843220401
12098,2.90336,-2.34264631738452
12099,2.9036,-3.22464815980942
12100,2.90384,-2.90164313165172
12101,2.90408,-2.0391866212076
12102,2.90432,-3.00412754087966
12103,2.90456,-3.23670839742491
12104,2.9048,-2.19951811920436
12105,2.90504,-3.22561491817158
12106,2.90528,-2.45643889599193
12107,2.90552,-2.706184255241
12108,2.90576,-3.30196877394821
12109,2.906,-1.90379513216696
12110,2.90624,-2.94566896286848
12111,2.90648,-2.65436759048478
12112,2.90672,-2.07194241095
12113,2.90696,-3.16801992725092
12114,2.9072,-2.00380522100384
12115,2.90744,-2.34117340747621
12116,2.90768,-2.66242798221318
12117,2.90792,-1.47132098795866
12118,2.90816,-2.60043449169103
12119,2.9084,-2.62976993671317
12120,2.90864,-1.62699433971617
12121,2.90888,-2.11542096265967
12122,2.90912,-2.70434728032279
12123,2.90936,-1.64782673499745
12124,2.9096,-1.96638007750832
12125,2.90984,-2.14472970866344
12126,2.91008,-1.40941335953003
12127,2.91032,-1.44597998397499
12128,2.91056,-2.30039267374493
12129,2.9108,-1.03184359117364
12130,2.91104,-1.13232716965074
12131,2.91128,-2.19369649311765
12132,2.91152,-1.81120028219848
12133,2.91176,-1.01585508245374
12134,2.912,-1.19517358055698
12135,2.91224,-1.73719115157614
12136,2.91248,-0.26430997156461
12137,2.91272,-1.23508348150226
12138,2.91296,-1.3569032474927
12139,2.9132,-0.199398169652016
12140,2.91344,-0.866873982464812
12141,2.91368,-1.40811036857375
12142,2.91392,-0.183894735564536
12143,2.91416,-0.545256775420793
12144,2.9144,-1.01861779958624
12145,2.91464,-0.0906030035754499
12146,2.91488,-0.737211076300779
12147,2.91512,-0.427420353461849
12148,2.91536,-0.0365532672617501
12149,2.9156,-0.601729458080078
12150,2.91584,0.126299999929347
12151,2.91608,-0.00240439183484686
12152,2.91632,-0.131794113818268
12153,2.91656,0.304761193990442
12154,2.9168,0.0223362231015132
12155,2.91704,0.326783454609694
12156,2.91728,0.364532864464726
12157,2.91752,0.291252917379033
12158,2.91776,0.314264908660528
12159,2.918,0.446305551094794
12160,2.91824,0.819193511098228
12161,2.91848,0.924243861478207
12162,2.91872,0.669469161048255
12163,2.91896,0.892034696059429
12164,2.9192,1.21396208341211
12165,2.91944,1.18168399259894
12166,2.91968,0.893115611379451
12167,2.91992,1.08190601875274
12168,2.92016,1.39045575589995
12169,2.9204,0.961376481191851
12170,2.92064,1.13766610455672
12171,2.92088,1.43295189861362
12172,2.92112,1.59281031584916
12173,2.92136,1.5181057289892
12174,2.9216,1.56619355065534
12175,2.92184,1.60482595322688
12176,2.92208,2.00516655737123
12177,2.92232,1.68944216657258
12178,2.92256,1.7312867175749
12179,2.9228,2.13638644663835
12180,2.92304,1.82424475840338
12181,2.92328,1.75040682673572
12182,2.92352,1.80470828028257
12183,2.92376,2.46295899056628
12184,2.924,2.2745038647628
12185,2.92424,2.10514427619283
12186,2.92448,2.41685550784239
12187,2.92472,2.24610860911697
12188,2.92496,2.33554948041011
12189,2.9252,2.54131103149173
12190,2.92544,2.40043655400931
12191,2.92568,2.39232290938935
12192,2.92592,2.37919910006621
12193,2.92616,2.75645503928741
12194,2.9264,2.65020834129389
12195,2.92664,2.31064154720493
12196,2.92688,3.08170806260792
12197,2.92712,2.64005134742702
12198,2.92736,2.22239632041049
12199,2.9276,3.15186750519787
12200,2.92784,3.10446201167344
12201,2.92808,2.25690600975609
12202,2.92832,3.34030584036676
12203,2.92856,2.97639321634367
12204,2.9288,2.17541423445167
12205,2.92904,3.30410304091715
12206,2.92928,3.22507720470717
12207,2.92952,2.4655998750134
12208,2.92976,3.41377460803508
12209,2.93,3.02632246133338
12210,2.93024,2.68202386911904
12211,2.93048,3.69232865111588
12212,2.93072,3.23058689409493
12213,2.93096,2.93203809075868
12214,2.9312,2.08026362754435
12215,2.93144,3.04639436371802
12216,2.93168,3.52568523971791
12217,2.93192,2.34913790528549
12218,2.93216,2.90379384213652
12219,2.9324,3.57070839656077
12220,2.93264,2.5681888682818
12221,2.93288,2.47932703836136
12222,2.93312,3.23052012356153
12223,2.93336,3.61710683007473
12224,2.9336,2.36511272381104
12225,2.93384,3.07182692667117
12226,2.93408,3.40621468590053
12227,2.93432,2.22992373788899
12228,2.93456,3.01008843663908
12229,2.9348,3.41921230942909
12230,2.93504,2.07266238554749
12231,2.93528,3.04499019252016
12232,2.93552,3.04679020755756
12233,2.93576,1.9025832335472
12234,2.936,2.95180015814908
12235,2.93624,3.0272916875947
12236,2.93648,2.07694504844083
12237,2.93672,3.18615673049041
12238,2.93696,2.49610470677065
12239,2.9372,2.23273365471284
12240,2.93744,3.2840662261787
12241,2.93768,2.07586380366227
12242,2.93792,2.25238917863977
12243,2.93816,2.89425301918699
12244,2.9384,1.77445738983291
12245,2.93864,2.50368087794495
12246,2.93888,2.61420329936475
12247,2.93912,1.57465006419071
12248,2.93936,2.26311086480952
12249,2.9396,2.32782450360938
12250,2.93984,1.48824565602843
12251,2.94008,2.00896557447
12252,2.94032,2.6314779833123
12253,2.94056,1.84515564300049
12254,2.9408,0.99092860554764
12255,2.94104,2.43723379411465
12256,2.94128,1.94919276177423
12257,2.94152,1.39266206488472
12258,2.94176,1.00280310300602
12259,2.942,1.82142503701458
12260,2.94224,1.91547955396765
12261,2.94248,1.06989729587148
12262,2.94272,0.884201597771759
12263,2.94296,1.65761399361969
12264,2.9432,0.99508532596548
12265,2.94344,0.751569524233599
12266,2.94368,1.46389566276568
12267,2.94392,0.391436892436806
12268,2.94416,0.817385025155483
12269,2.9444,1.10840490942831
12270,2.94464,0.215085014651372
12271,2.94488,0.930182909989499
12272,2.94512,1.03329010651377
12273,2.94536,0.089215638592075
12274,2.9456,0.615887282286314
12275,2.94584,0.531390420205034
12276,2.94608,-0.356609577352402
12277,2.94632,0.571148553032103
12278,2.94656,-0.0615955634401362
12279,2.9468,-0.0536110529086251
12280,2.94704,0.548583963380526
12281,2.94728,-0.510665155065417
12282,2.94752,-0.342889563495389
12283,2.94776,0.298236274832381
12284,2.948,-0.715889213629005
12285,2.94824,-0.396879748546347
12286,2.94848,-0.0790451279124749
12287,2.94872,-0.814479411481086
12288,2.94896,-0.469130097701204
12289,2.9492,-0.709673981675798
12290,2.94944,-0.572386273419316
12291,2.94968,-0.563239337576911
12292,2.94992,-1.13977626382066
12293,2.95016,-0.736433409648643
12294,2.9504,-0.825986675541669
12295,2.95064,-1.25909475087026
12296,2.95088,-1.20034067883247
12297,2.95112,-1.26749289177663
12298,2.95136,-1.0773696340609
12299,2.9516,-1.01014598708655
12300,2.95184,-1.43114977891066
12301,2.95208,-1.71271251828036
12302,2.95232,-1.39948375073445
12303,2.95256,-2.0446045410213
12304,2.9528,-1.6002393184831
12305,2.95304,-1.40023093042082
12306,2.95328,-2.04755657463585
12307,2.95352,-1.72753731168318
12308,2.95376,-1.88751825544589
12309,2.954,-2.060823753091
12310,2.95424,-1.99156233261349
12311,2.95448,-1.91906562408728
12312,2.95472,-2.21858483644249
12313,2.95496,-1.92545002492929
12314,2.9552,-2.22861407353514
12315,2.95544,-2.29782505594361
12316,2.95568,-2.26483765049878
12317,2.95592,-2.58187237467641
12318,2.95616,-2.43922058959499
12319,2.9564,-2.66484888980376
12320,2.95664,-2.5225650369964
12321,2.95688,-2.41189276946113
12322,2.95712,-2.77780426205052
12323,2.95736,-2.43155735126618
12324,2.9576,-2.83006610301234
12325,2.95784,-2.61996057113449
12326,2.95808,-2.80367096629268
12327,2.95832,-3.11037314499076
12328,2.95856,-2.34238338301611
12329,2.9588,-2.9350525125546
12330,2.95904,-3.39232645210018
12331,2.95928,-2.19245850411338
12332,2.95952,-3.18225131145881
12333,2.95976,-3.07681768390949
12334,2.96,-2.28890851942438
12335,2.96024,-3.68315591627614
12336,2.96048,-2.55648696314704
12337,2.96072,-3.04020558684073
12338,2.96096,-3.73893458588296
12339,2.9612,-2.31290839073535
12340,2.96144,-3.55415887294045
12341,2.96168,-3.46478224511059
12342,2.96192,-2.46163907330225
12343,2.96216,-2.93919503296917
12344,2.9624,-3.53149297348352
12345,2.96264,-3.04410711994333
12346,2.96288,-2.62039744119415
12347,2.96312,-3.17100827306696
12348,2.96336,-3.72015213899491
12349,2.9636,-2.38415960075095
12350,2.96384,-3.24736490270832
12351,2.96408,-2.77835121259534
12352,2.96432,-2.49533110891569
12353,2.96456,-3.18169216168971
12354,2.9648,-3.25773454692829
12355,2.96504,-2.31225724144794
12356,2.96528,-3.07389159857786
12357,2.96552,-3.22431040978244
12358,2.96576,-2.35006244673198
12359,2.966,-3.29522960904783
12360,2.96624,-2.79922374250635
12361,2.96648,-2.48799531553384
12362,2.96672,-3.4944093030856
12363,2.96696,-2.24153826312172
12364,2.9672,-2.72781391245198
12365,2.96744,-3.3163767476665
12366,2.96768,-2.02471354554635
12367,2.96792,-2.82398325408084
12368,2.96816,-2.6450081223829
12369,2.9684,-1.93049901245339
12370,2.96864,-3.26688126062543
12371,2.96888,-2.32487602046689
12372,2.96912,-2.16910765726474
12373,2.96936,-2.84585026667813
12374,2.9696,-1.87712087144895
12375,2.96984,-2.04541467207497
12376,2.97008,-2.79353142503895
12377,2.97032,-1.65960803904383
12378,2.97056,-2.60595263558501
12379,2.9708,-2.22300404304461
12380,2.97104,-1.29511454896353
12381,2.97128,-2.6728568354694
12382,2.97152,-1.89183119468961
12383,2.97176,-1.04388304921686
12384,2.972,-2.14701058223898
12385,2.97224,-1.79210870286186
12386,2.97248,-1.01774721959415
12387,2.97272,-1.46566206210748
12388,2.97296,-1.91479969563138
12389,2.9732,-2.00648382121074
12390,2.97344,-0.719743268654167
12391,2.97368,-1.25743912445843
12392,2.97392,-1.43081853774382
12393,2.97416,-0.310017580892883
12394,2.9744,-0.925142735870424
12395,2.97464,-1.05253999590718
12396,2.97488,-0.351582116808751
12397,2.97512,-1.13459433108601
12398,2.97536,-1.30808495360839
12399,2.9756,-0.0764532067132289
12400,2.97584,-0.918443079592613
12401,2.97608,-1.02683624685459
12402,2.97632,0.151272264810863
12403,2.97656,-0.373892480533863
12404,2.9768,-0.896346574101389
12405,2.97704,-0.018364325029028
12406,2.97728,-0.347702556142607
12407,2.97752,0.0375793459468918
12408,2.97776,-0.0957867256187646
12409,2.978,-0.340241109415882
12410,2.97824,0.473569768267952
12411,2.97848,-0.0577354887708383
12412,2.97872,0.140945269874984
12413,2.97896,0.54538240486845
12414,2.9792,-0.014969435970537
12415,2.97944,0.623554634893214
12416,2.97968,0.388866356926499
12417,2.97992,0.401575469827556
12418,2.98016,0.883311582047268
12419,2.9804,0.981708297093585
12420,2.98064,0.84716330966822
12421,2.98088,0.704630448578487
12422,2.98112,1.3831704428222
12423,2.98136,1.10035215934763
12424,2.9816,0.809702206668249
12425,2.98184,1.47370657634776
12426,2.98208,1.29424907318906
12427,2.98232,1.34967518752476
12428,2.98256,1.39741898159358
12429,2.9828,1.68272171721603
12430,2.98304,1.37018736827886
12431,2.98328,1.77595874596204
12432,2.98352,1.09768737775919
12433,2.98376,1.86698526875011
12434,2.984,1.54938293141482
12435,2.98424,2.19389368936463
12436,2.98448,1.8739756377149
12437,2.98472,1.68124053856517
12438,2.98496,2.0907473289804
12439,2.9852,1.89588352391557
12440,2.98544,2.31383133295028
12441,2.98568,2.36855274603441
12442,2.98592,2.18611278166245
12443,2.98616,2.26383550390578
12444,2.9864,2.57248983189822
12445,2.98664,2.29466833393109
12446,2.98688,2.50998734162577
12447,2.98712,2.47717504017276
12448,2.98736,2.35019556070725
12449,2.9876,2.58070604904755
12450,2.98784,2.21700046788575
12451,2.98808,2.84004510422458
12452,2.98832,2.49458944179429
12453,2.98856,2.53561894397865
12454,2.9888,3.42283630653827
12455,2.98904,2.27018083960959
12456,2.98928,2.95908423423782
12457,2.98952,3.39007863914969
12458,2.98976,2.16436052204442
12459,2.99,3.01207653475269
12460,2.99024,3.00395335832674
12461,2.99048,2.3107309764602
12462,2.99072,3.20455181815789
12463,2.99096,2.88102108595707
12464,2.9912,2.59503539411772
12465,2.99144,3.30719437316142
12466,2.99168,3.27598352429245
12467,2.99192,2.57055907619709
12468,2.99216,3.6685560502793
12469,2.9924,2.73175717694471
12470,2.99264,2.6888115850803
12471,2.99288,3.23750184656622
12472,2.99312,2.26356029558417
12473,2.99336,2.77262700271838
12474,2.9936,3.28227510435171
12475,2.99384,3.78851670119749
12476,2.99408,2.41171333136418
12477,2.99432,3.00130753896443
12478,2.99456,3.58472396074384
12479,2.9948,2.61821831935616
12480,2.99504,2.68050326036056
12481,2.99528,3.46354467635758
12482,2.99552,2.80191468609488
12483,2.99576,2.80772520182921
12484,2.996,3.53286753067281
12485,2.99624,2.47330259598083
12486,2.99648,2.67612866341402
12487,2.99672,3.59110813776036
12488,2.99696,2.24373815667655
12489,2.9972,2.76167108116298
12490,2.99744,3.2659025627147
12491,2.99768,2.01090778590145
12492,2.99792,3.07346912579429
12493,2.99816,2.56517392202101
12494,2.9984,2.36324341847724
12495,2.99864,3.48062608934352
12496,2.99888,2.09538601748872
12497,2.99912,2.68929585332642
12498,2.99936,2.90657872787052
12499,2.9996,1.85431147455052
12500,2.99984,2.76008243539721
12501,3.00008,2.80204618287513
12502,3.00032,1.82035463009488
12503,3.00056,2.56369120147351
12504,3.0008,2.80244417332387
12505,3.00104,1.77587898731826
12506,3.00128,2.00139655304921
12507,3.00152,2.56552950404303
12508,3.00176,1.72705190568076
12509,3.002,1.54945116650722
12510,3.00224,2.19774191278844
12511,3.00248,1.32013122582147
12512,3.00272,2.04391318210963
12513,3.00296,2.15187669785312
12514,3.0032,1.45737573613127
12515,3.00344,0.577792475641207
12516,3.00368,1.40331228126705
12517,3.00392,1.50501460890074
12518,3.00416,2.0912617835013
12519,3.0044,0.807296875507427
12520,3.00464,1.46742009909915
12521,3.00488,1.5189952354713
12522,3.00512,0.294939209421403
12523,3.00536,1.26366790360735
12524,3.0056,1.2612563976132
12525,3.00584,0.101573905679249
12526,3.00608,1.12728263211163
12527,3.00632,0.704798423192055
12528,3.00656,0.0941756406124401
12529,3.0068,1.17115712458632
12530,3.00704,0.562900291638562
12531,3.00728,0.00594091886555037
12532,3.00752,0.885537046361032
12533,3.00776,0.223223481829642
12534,3.008,0.0739652703499485
12535,3.00824,0.519430391486237
12536,3.00848,-0.204616822142287
12537,3.00872,0.0425844783151257
12538,3.00896,0.0538472342979512
12539,3.0092,-0.139728169532795
12540,3.00944,0.138946826411948
12541,3.00968,-0.525156098779562
12542,3.00992,-0.559203639791058
12543,3.01016,-0.241940394921856
12544,3.0104,-0.26684929918928
12545,3.01064,-0.634366792316438
12546,3.01088,-0.6490030219733
12547,3.01112,-0.63616741948359
12548,3.01136,-0.614523010487642
12549,3.0116,-0.719088080825898
12550,3.01184,-1.4041343638097
12551,3.01208,-1.12548357587269
12552,3.01232,-0.840093444961583
12553,3.01256,-1.26825115392315
12554,3.0128,-1.21147466862996
12555,3.01304,-1.51235108173091
12556,3.01328,-1.20059512661252
12557,3.01352,-1.60917354037392
12558,3.01376,-1.17941521472207
12559,3.014,-1.82740852767157
12560,3.01424,-1.15039264758477
12561,3.01448,-2.03593407527137
12562,3.01472,-1.59888508533235
12563,3.01496,-2.00116438138513
12564,3.0152,-1.5634690932771
12565,3.01544,-2.09125026253574
12566,3.01568,-1.77760592791461
12567,3.01592,-1.94040047429809
12568,3.01616,-2.11376650871307
12569,3.0164,-2.52770491485367
12570,3.01664,-1.97831631072193
12571,3.01688,-1.81146407657171
12572,3.01712,-2.72400929856627
12573,3.01736,-2.43015851918964
12574,3.0176,-2.2791838393063
12575,3.01784,-2.61351598883673
12576,3.01808,-2.3428053200133
12577,3.01832,-2.45793378892979
12578,3.01856,-2.56651081642408
12579,3.0188,-2.45449570374748
12580,3.01904,-2.83627535089206
12581,3.01928,-2.49113244406239
12582,3.01952,-2.77898914957784
12583,3.01976,-3.0649431573581
12584,3.02,-2.39892750803563
12585,3.02024,-3.09064611299259
12586,3.02048,-3.04640501017664
12587,3.02072,-2.42839046819514
12588,3.02096,-3.40151628933207
12589,3.0212,-2.91746389363121
12590,3.02144,-2.23618071026837
12591,3.02168,-3.36702243048507
12592,3.02192,-3.28700062190428
12593,3.02216,-2.29337432883204
12594,3.0224,-3.10693638384948
12595,3.02264,-2.73433865285002
12596,3.02288,-3.48053132746097
12597,3.02312,-3.24273597717268
12598,3.02336,-2.69363656965529
12599,3.0236,-3.38477284579487
12600,3.02384,-3.21138455731226
12601,3.02408,-2.49206006833179
12602,3.02432,-3.00055865249744
12603,3.02456,-3.62249906305765
12604,3.0248,-2.34209268055708
12605,3.02504,-2.91678084754668
12606,3.02528,-3.49081199593571
12607,3.02552,-2.98369833347149
12608,3.02576,-2.42615167725492
12609,3.026,-3.20298496410871
12610,3.02624,-3.24945547221584
12611,3.02648,-2.14609414424159
12612,3.02672,-2.88822274010847
12613,3.02696,-3.61766867966124
12614,3.0272,-2.56798601078186
12615,3.02744,-2.77718963363631
12616,3.02768,-3.69861221830783
12617,3.02792,-2.24333781452402
12618,3.02816,-2.76590007017029
12619,3.0284,-3.51459161103528
12620,3.02864,-2.01620479372264
12621,3.02888,-2.85554976257897
12622,3.02912,-2.83398920046302
12623,3.02936,-2.033629037925
12624,3.0296,-3.28924787837339
12625,3.02984,-2.15001506473048
12626,3.03008,-2.39788224822365
12627,3.03032,-3.11066612175481
12628,3.03056,-1.94070464162228
12629,3.0308,-2.61793953453866
12630,3.03104,-2.55620779773199
12631,3.03128,-1.59296230393769
12632,3.03152,-2.69126586775279
12633,3.03176,-2.34480999401889
12634,3.032,-1.70392179591671
12635,3.03224,-2.74360720510628
12636,3.03248,-1.64688745735463
12637,3.03272,-2.04859142850423
12638,3.03296,-2.30998455916422
12639,3.0332,-1.41451717032534
12640,3.03344,-1.76620924176662
12641,3.03368,-2.22428356910269
12642,3.03392,-1.39342217437408
12643,3.03416,-0.980440497828165
12644,3.0344,-1.18634764628246
12645,3.03464,-2.11335500410528
12646,3.03488,-1.83918545284812
12647,3.03512,-1.03086784917837
12648,3.03536,-1.19798718377178
12649,3.0356,-1.72855054162373
12650,3.03584,-0.244933279626903
12651,3.03608,-1.20565950651506
12652,3.03632,-1.43703775582663
12653,3.03656,-0.72069131489648
12654,3.0368,-0.539975349920546
12655,3.03704,-1.19881394552956
12656,3.03728,-0.908433032759566
12657,3.03752,-0.66161016550049
12658,3.03776,-0.77186191705331
12659,3.038,0.0612556473405581
12660,3.03824,-0.590685516418771
12661,3.03848,-0.870361584896312
12662,3.03872,0.264466685726056
12663,3.03896,-0.670659338718182
12664,3.0392,-0.275987346527123
12665,3.03944,0.439576077909122
12666,3.03968,-0.650007752910606
12667,3.03992,0.17470109761833
12668,3.04016,0.485533261435343
12669,3.0404,-0.398415516400154
12670,3.04064,0.61603895551608
12671,3.04088,0.534504639397255
12672,3.04112,0.0922139904549424
12673,3.04136,0.826177785674813
12674,3.0416,0.473001298852044
12675,3.04184,0.718557007739498
12676,3.04208,1.18131709681619
12677,3.04232,0.806105848017534
12678,3.04256,0.78349153387789
12679,3.0428,1.22442410862347
12680,3.04304,0.945889203879928
12681,3.04328,0.899706686251104
12682,3.04352,1.20212063977881
12683,3.04376,1.14128028661543
12684,3.044,1.3246808070837
12685,3.04424,1.37219465489176
12686,3.04448,1.29895096762669
12687,3.04472,1.70582402809891
12688,3.04496,1.39274663197287
12689,3.0452,2.03794968281789
12690,3.04544,1.36353324830895
12691,3.04568,1.88880413509442
12692,3.04592,1.57227409931068
12693,3.04616,1.73458934835794
12694,3.0464,2.01944554542869
12695,3.04664,2.06749017076494
12696,3.04688,1.87152640592527
12697,3.04712,1.80455741915932
12698,3.04736,2.46508805335764
12699,3.0476,2.27904446973618
12700,3.04784,2.11221534485861
12701,3.04808,2.43003477213962
12702,3.04832,2.37899504652369
12703,3.04856,2.23339867946443
12704,3.0488,2.68810946370977
12705,3.04904,2.30366682755903
12706,3.04928,2.30292444360755
12707,3.04952,2.53346797669245
12708,3.04976,2.67009674936395
12709,3.05,2.69243055907182
12710,3.05024,2.47282372200804
12711,3.05048,2.77039451790758
12712,3.05072,3.29991817475676
12713,3.05096,2.28263760358032
12714,3.0512,2.8591134357102
12715,3.05144,2.82751452031562
12716,3.05168,2.57314916901521
12717,3.05192,3.19227759797489
12718,3.05216,2.83657272404328
12719,3.0524,2.5120977734822
12720,3.05264,3.18483809791357
12721,3.05288,3.22984980521826
12722,3.05312,2.47349173008607
12723,3.05336,3.55286623200081
12724,3.0536,3.41049375375603
12725,3.05384,2.2328578582554
12726,3.05408,3.24524255370756
12727,3.05432,3.40035009486278
12728,3.05456,2.39420780001526
12729,3.0548,2.87406271547377
12730,3.05504,3.35021131060449
12731,3.05528,3.3488796222764
12732,3.05552,2.44125491969435
12733,3.05576,3.00038684160632
12734,3.056,3.6706155556964
12735,3.05624,2.31984639570119
12736,3.05648,3.06769939206182
12737,3.05672,3.44105002098792
12738,3.05696,2.29293657567989
12739,3.0572,2.99140611734007
12740,3.05744,3.19831620511271
12741,3.05768,2.1333116118695
12742,3.05792,3.02197100979278
12743,3.05816,3.53665222549551
12744,3.0584,2.17067102332153
12745,3.05864,3.12435763102245
12746,3.05888,3.10828419428267
12747,3.05912,2.07023299881895
12748,3.05936,3.21489515375901
12749,3.0596,2.91070985633534
12750,3.05984,2.19302050494713
12751,3.06008,3.40162910338015
12752,3.06032,2.3387385006727
12753,3.06056,2.42444286914233
12754,3.0608,3.21331352785987
12755,3.06104,1.99634264598452
12756,3.06128,2.63464832387755
12757,3.06152,2.76990266351162
12758,3.06176,1.64240484357471
12759,3.062,2.70092910968698
12760,3.06224,2.67170951864947
12761,3.06248,1.61566739280836
12762,3.06272,2.40571243121442
12763,3.06296,2.69528870146201
12764,3.0632,1.82568947328114
12765,3.06344,1.84984811766942
12766,3.06368,2.5792513180452
12767,3.06392,1.54498235648923
12768,3.06416,1.7629349814993
12769,3.0644,2.32158592558437
12770,3.06464,1.23974270606483
12771,3.06488,2.35547183356267
12772,3.06512,1.07183142951599
12773,3.06536,1.04986807355024
12774,3.0656,1.98937187274397
12775,3.06584,1.72702719866233
12776,3.06608,1.16561033647956
12777,3.06632,1.33148075689264
12778,3.06656,2.09599244135024
12779,3.0668,0.378919354988156
12780,3.06704,1.09662501862892
12781,3.06728,1.68940877596235
12782,3.06752,0.406502983080806
12783,3.06776,0.828572483766999
12784,3.068,1.48025579724602
12785,3.06824,0.494293686869265
12786,3.06848,0.601878840208885
12787,3.06872,0.83205641692297
12788,3.06896,0.38748311645294
12789,3.0692,0.666911522165195
12790,3.06944,-0.00916018258642404
12791,3.06968,0.438422023974829
12792,3.06992,0.758642217707563
12793,3.07016,-0.338984104034079
12794,3.0704,0.151665564247328
12795,3.07064,0.274074154100905
12796,3.07088,-0.650045333031125
12797,3.07112,0.115978512338034
12798,3.07136,-0.196275456360486
12799,3.0716,-0.478815515037189
12800,3.07184,-0.039606013636948
12801,3.07208,-0.435140382643171
12802,3.07232,-0.806231433757902
12803,3.07256,-0.702978138208209
12804,3.0728,-0.694925437918969
12805,3.07304,-0.680219063770758
12806,3.07328,-1.02652671519937
12807,3.07352,-0.753342974557368
12808,3.07376,-0.831881868838851
12809,3.074,-0.916443307602891
12810,3.07424,-1.3420125582374
12811,3.07448,-1.04628839520181
12812,3.07472,-1.10727638443588
12813,3.07496,-1.52055194734327
12814,3.0752,-1.08877975253552
12815,3.07544,-1.14642281831354
12816,3.07568,-1.79448747960168
12817,3.07592,-1.35874628904238
12818,3.07616,-1.64280384479778
12819,3.0764,-1.56037959062471
12820,3.07664,-2.08252514374437
12821,3.07688,-1.64447746022643
12822,3.07712,-1.68263581792006
12823,3.07736,-2.09365540080906
12824,3.0776,-2.26270720597161
12825,3.07784,-1.94691848630035
12826,3.07808,-2.24624685112285
12827,3.07832,-2.30434715637677
12828,3.07856,-2.24014451003562
12829,3.0788,-2.19084521709956
12830,3.07904,-2.15090686925733
12831,3.07928,-2.34376578458445
12832,3.07952,-2.55827600766405
12833,3.07976,-2.53604036100354
12834,3.08,-2.27281014428748
12835,3.08024,-2.75409557176233
12836,3.08048,-2.50769894201931
12837,3.08072,-2.40336951375141
12838,3.08096,-3.15148701819905
12839,3.0812,-2.33440579311432
12840,3.08144,-2.51623165216917
12841,3.08168,-3.29260528533934
12842,3.08192,-2.51036738023135
12843,3.08216,-2.84890177394153
12844,3.0824,-3.54279586610418
12845,3.08264,-2.21139580266816
12846,3.08288,-2.9522799530323
12847,3.08312,-3.32078244115704
12848,3.08336,-2.16155632914852
12849,3.0836,-3.30303220134623
12850,3.08384,-3.23650260837573
12851,3.08408,-2.48924440182755
12852,3.08432,-3.44936112461277
12853,3.08456,-3.19159849244542
12854,3.0848,-2.97290770018346
12855,3.08504,-2.79445192542644
12856,3.08528,-3.32365179661147
12857,3.08552,-3.03520103238076
12858,3.08576,-2.31456974218595
12859,3.086,-2.82356194683211
12860,3.08624,-3.32734627012658
12861,3.08648,-3.35399512864161
12862,3.08672,-2.47221223819629
12863,3.08696,-3.05799238932614
12864,3.0872,-3.75593783679517
12865,3.08744,-2.32290729065484
12866,3.08768,-3.33393117792847
12867,3.08792,-3.36842550555589
12868,3.08816,-2.26207440331273
12869,3.0884,-3.22557206021128
12870,3.08864,-3.33222056964966
12871,3.08888,-2.41638990351027
12872,3.08912,-3.31900781363202
12873,3.08936,-3.02184131176055
12874,3.0896,-2.30457757684498
12875,3.08984,-3.28283781047964
12876,3.09008,-2.46490262714033
12877,3.09032,-2.66965037526144
12878,3.09056,-3.46241694534086
12879,3.0908,-2.01012913820127
12880,3.09104,-3.00281188077724
12881,3.09128,-2.66579296433279
12882,3.09152,-1.91696058073342
12883,3.09176,-3.21469766651211
12884,3.092,-2.23702562672179
12885,3.09224,-2.40566431909671
12886,3.09248,-2.79494565557858
12887,3.09272,-1.67127920533979
12888,3.09296,-2.74579770785857
12889,3.0932,-2.60555088920202
12890,3.09344,-1.44088114338953
12891,3.09368,-2.59212267794872
12892,3.09392,-2.41236673870252
12893,3.09416,-1.2059312982152
12894,3.0944,-2.78382333810364
12895,3.09464,-1.83955564683454
12896,3.09488,-1.68214503269113
12897,3.09512,-2.34605979835021
12898,3.09536,-1.48527855647268
12899,3.0956,-2.34476929470153
12900,3.09584,-1.87565004264997
12901,3.09608,-0.986756202791459
12902,3.09632,-1.44347736186065
12903,3.09656,-1.65735830316636
12904,3.0968,-0.80958779120495
12905,3.09704,-0.744348896013467
12906,3.09728,-1.88058156031888
12907,3.09752,-1.32987409706891
12908,3.09776,-0.844389301891791
12909,3.098,-0.964548986312787
12910,3.09824,-1.44435579275595
12911,3.09848,-0.294645799432408
12912,3.09872,-1.2039334671667
12913,3.09896,-1.02302081583724
12914,3.0992,-0.17024723178331
12915,3.09944,-0.529709612021209
12916,3.09968,-0.886556128048896
12917,3.09992,-0.0836724883873905
12918,3.10016,-0.731436627615718
12919,3.1004,-0.422746158447923
12920,3.10064,0.0843361316162772
12921,3.10088,-0.606241023751039
12922,3.10112,0.0064953637298526
12923,3.10136,0.112842199604589
12924,3.1016,-0.139490984600961
12925,3.10184,0.176027627534274
12926,3.10208,-0.104505035379413
12927,3.10232,0.557846881648511
12928,3.10256,0.473412889819732
12929,3.1028,0.278989884672692
12930,3.10304,0.302052348046298
12931,3.10328,0.550554853593132
12932,3.10352,0.800772753543109
12933,3.10376,0.55095858603717
12934,3.104,0.650383258123402
12935,3.10424,0.635843622790827
12936,3.10448,1.32404808347231
12937,3.10472,0.7930111173815
12938,3.10496,0.876806456261224
12939,3.1052,1.18881046528488
12940,3.10544,1.24550592283948
12941,3.10568,1.30915127108525
12942,3.10592,1.12311466649692
12943,3.10616,1.64976740500148
12944,3.1064,1.45827187387716
12945,3.10664,1.50784810638502
12946,3.10688,2.03174976340108
12947,3.10712,1.59544999731122
12948,3.10736,2.11976061216936
12949,3.1076,1.55940830024997
12950,3.10784,1.71981606444999
12951,3.10808,2.00469120258262
12952,3.10832,2.16710217012462
12953,3.10856,1.97025403313912
12954,3.1088,1.91042096609883
12955,3.10904,2.5686990360333
12956,3.10928,2.26085586657587
12957,3.10952,1.85488663070395
12958,3.10976,2.52786232129663
12959,3.11,2.47329986172491
12960,3.11024,1.96593764606386
12961,3.11048,2.77831227011962
12962,3.11072,2.38974274190898
12963,3.11096,2.38793132919105
12964,3.1112,2.73404551202562
12965,3.11144,2.50176712661982
12966,3.11168,2.76281056105696
12967,3.11192,2.54003361614032
12968,3.11216,2.9523958938245
12969,3.1124,2.99462431255282
12970,3.11264,2.33521518037657
12971,3.11288,2.66586753923129
12972,3.11312,2.86755678513171
12973,3.11336,2.61044535831685
12974,3.1136,2.98396460366258
12975,3.11384,2.86314098050315
12976,3.11408,2.53656606750927
12977,3.11432,3.67446932766451
12978,3.11456,2.87214911155528
12979,3.1148,2.59629565725647
12980,3.11504,3.30286124614666
12981,3.11528,3.27632205527447
12982,3.11552,2.32559285445516
12983,3.11576,2.50533077192847
12984,3.116,3.3846449018819
12985,3.11624,2.84964317421079
12986,3.11648,2.24104586154693
12987,3.11672,2.97102287692333
12988,3.11696,3.69654539633586
12989,3.1172,2.28081840200544
12990,3.11744,3.074673002609
12991,3.11768,3.62060839630572
12992,3.11792,2.62306471540391
12993,3.11816,2.8830357904935
12994,3.1184,3.5031714614413
12995,3.11864,3.04014707868206
12996,3.11888,2.64572570123619
12997,3.11912,3.45759252053545
12998,3.11936,2.95157776145224
12999,3.1196,2.51213240771282
13000,3.11984,3.39987182352298
13001,3.12008,2.84146723261054
13002,3.12032,2.3534752589554
13003,3.12056,3.31773532668459
13004,3.1208,2.7127405947265
13005,3.12104,2.17728994842602
13006,3.12128,3.33428455781593
13007,3.12152,2.33160536299141
13008,3.12176,2.47918321294875
13009,3.122,3.21186031465234
13010,3.12224,1.82063403491226
13011,3.12248,2.64260946834539
13012,3.12272,2.72661278915744
13013,3.12296,1.90566205612625
13014,3.1232,3.1401412257179
13015,3.12344,2.22500317755153
13016,3.12368,2.2096053054623
13017,3.12392,2.89987592733295
13018,3.12416,1.94444986750166
13019,3.1244,1.89253454714144
13020,3.12464,3.02309325379887
13021,3.12488,2.01036783339567
13022,3.12512,1.31085402105478
13023,3.12536,2.64715622287895
13024,3.1256,2.06591833886627
13025,3.12584,1.30118176431533
13026,3.12608,2.59118889279047
13027,3.12632,1.72414790788567
13028,3.12656,1.03726012436122
13029,3.1268,1.79329927172079
13030,3.12704,0.667983108463035
13031,3.12728,1.61786493834357
13032,3.12752,1.60135715652948
13033,3.12776,1.7154504983745
13034,3.128,1.04636643992647
13035,3.12824,1.23175955369523
13036,3.12848,2.13674449223474
13037,3.12872,0.677131654308833
13038,3.12896,1.04304399858881
13039,3.1292,1.40968491675768
13040,3.12944,0.863607439669407
13041,3.12968,1.04298961251369
13042,3.12992,0.509240569756739
13043,3.13016,0.628302256364823
13044,3.1304,0.745109629735142
13045,3.13064,0.148881890674682
13046,3.13088,0.198994616661548
13047,3.13112,0.846739992837731
13048,3.13136,-0.0534867028760442
13049,3.1316,0.284901694884163
13050,3.13184,0.493365095444935
13051,3.13208,-0.46536055726711
13052,3.13232,0.268724847991545
13053,3.13256,0.0430735178221611
13054,3.1328,-0.389461437920857
13055,3.13304,-0.224969796712282
13056,3.13328,-0.277480962110143
13057,3.13352,-0.672002351750117
13058,3.13376,-0.113308058274334
13059,3.134,-0.733792204273748
13060,3.13424,-0.740216462355218
13061,3.13448,-0.510378416080757
13062,3.13472,-0.855343246183661
13063,3.13496,-0.835157466690539
13064,3.1352,-0.938798876058036
13065,3.13544,-0.898425081928532
13066,3.13568,-0.979775685951663
13067,3.13592,-1.29631548068778
13068,3.13616,-0.998088393329531
13069,3.1364,-1.17837232826503
13070,3.13664,-1.48045058637107
13071,3.13688,-1.16610189987578
13072,3.13712,-1.45390265618606
13073,3.13736,-1.49935772910193
13074,3.1376,-1.5474299760259
13075,3.13784,-1.95064925453313
13076,3.13808,-1.75028586045406
13077,3.13832,-2.03370752035517
13078,3.13856,-1.71503562708144
13079,3.1388,-1.75110895393436
13080,3.13904,-2.15805390515841
13081,3.13928,-1.84665962179652
13082,3.13952,-1.77374990912028
13083,3.13976,-1.82914930124261
13084,3.14,-2.48865553207853
13085,3.14024,-2.18406232690062
13086,3.14048,-1.89504832670575
13087,3.14072,-2.57237565786981
13088,3.14096,-2.40188441101386
13089,3.1412,-2.49297187259745
13090,3.14144,-2.47022450520239
13091,3.14168,-2.20636298347485
13092,3.14192,-2.68689743025843
13093,3.14216,-2.43963946826873
13094,3.1424,-2.33434694534557
13095,3.14264,-3.08140484897024
13096,3.14288,-2.38028070526119
13097,3.14312,-2.67469940425034
13098,3.14336,-3.4447550873761
13099,3.1436,-2.54110315986442
13100,3.14384,-2.51725599281041
13101,3.14408,-3.08343238488385
13102,3.14432,-2.70782940516737
13103,3.14456,-2.8458439002083
13104,3.1448,-3.21311537009634
13105,3.14504,-2.52249199488168
13106,3.14528,-2.82790987721511
13107,3.14552,-2.99621360687654
13108,3.14576,-2.71772380376537
13109,3.146,-3.31973651862029
13110,3.14624,-3.41318633064321
13111,3.14648,-2.94339287269083
13112,3.14672,-3.23839381886068
13113,3.14696,-3.27746552515189
13114,3.1472,-2.86349326704338
13115,3.14744,-2.38299450525739
13116,3.14768,-2.88292241535972
13117,3.14792,-3.37959078369134
13118,3.14816,-3.39814559184482
13119,3.1484,-2.50978839925934
13120,3.14864,-3.20569790969621
13121,3.14888,-3.65736879116543
13122,3.14912,-2.34481266002139
13123,3.14936,-2.99482192904545
13124,3.1496,-3.75349547991895
13125,3.14984,-2.60604169465751
13126,3.15008,-2.72956851825413
13127,3.15032,-3.5655665265203
13128,3.15056,-2.15254867350164
13129,3.1508,-3.0610425973462
13130,3.15104,-3.23824231452181
13131,3.15128,-2.14832158775181
13132,3.15152,-3.12600216302576
13133,3.15176,-2.7754232909366
13134,3.152,-2.48875155480012
13135,3.15224,-3.5216377865312
13136,3.15248,-2.06022580262083
13137,3.15272,-2.81152436249707
13138,3.15296,-2.9468254911725
13139,3.1532,-2.05861808235095
13140,3.15344,-2.87059520481926
13141,3.15368,-2.71819634358484
13142,3.15392,-1.78613939381436
13143,3.15416,-3.15229928987654
13144,3.1544,-2.23940982148074
13145,3.15464,-1.8755877748762
13146,3.15488,-3.06578260067402
13147,3.15512,-1.99118965730692
13148,3.15536,-1.70577993129641
13149,3.1556,-2.85215532342399
13150,3.15584,-2.08544736337582
13151,3.15608,-1.26223302960836
13152,3.15632,-2.49352231726429
13153,3.15656,-1.92255485761546
13154,3.1568,-1.17835999558994
13155,3.15704,-2.35173158917645
13156,3.15728,-1.62802311870584
13157,3.15752,-1.7895706382657
13158,3.15776,-1.93822477235208
13159,3.158,-1.43013745104432
13160,3.15824,-1.52975383354089
13161,3.15848,-1.86898088441004
13162,3.15872,-0.560055693602972
13163,3.15896,-1.10670190157988
13164,3.1592,-1.52686320334928
13165,3.15944,-0.877529644126605
13166,3.15968,-0.88310607261842
13167,3.15992,-1.60218711494825
13168,3.16016,-0.321109379774779
13169,3.1604,-0.505703678609827
13170,3.16064,-1.64184566585268
13171,3.16088,-0.533188216702475
13172,3.16112,-0.644463793671294
13173,3.16136,-0.634629807117983
13174,3.1616,-0.068971752518854
13175,3.16184,-0.713597878490619
13176,3.16208,-0.155937331669795
13177,3.16232,-0.123273209874717
13178,3.16256,-0.808516602546789
13179,3.1628,0.172529282844198
13180,3.16304,0.161361699858701
13181,3.16328,-0.444065130302334
13182,3.16352,0.602780528815877
13183,3.16376,0.19560258889486
13184,3.164,0.0266411398170487
13185,3.16424,0.429740091097142
13186,3.16448,0.350750650508036
13187,3.16472,0.265537617409958
13188,3.16496,0.875791190659553
13189,3.1652,0.769101023402659
13190,3.16544,0.522389557877667
13191,3.16568,0.625920682120264
13192,3.16592,0.853877931551292
13193,3.16616,0.819642226655166
13194,3.1664,0.901821197331138
13195,3.16664,1.22390111663627
13196,3.16688,1.16982921475639
13197,3.16712,1.22903057552464
13198,3.16736,1.17013896824515
13199,3.1676,1.46240152626501
13200,3.16784,1.15994008582084
13201,3.16808,1.32998487060382
13202,3.16832,1.37232852495291
13203,3.16856,1.77791633951464
13204,3.1688,1.45989663254913
13205,3.16904,1.73535374170049
13206,3.16928,1.77980876022188
13207,3.16952,2.18148355038546
13208,3.16976,1.86128476654739
13209,3.17,1.79146817106411
13210,3.17024,2.07852432393206
13211,3.17048,1.88306532798164
13212,3.17072,2.30392425661694
13213,3.17096,2.00064640491425
13214,3.1712,1.94135758659284
13215,3.17144,2.25791715995809
13216,3.17168,2.44528640434155
13217,3.17192,2.17243025361241
13218,3.17216,2.74383141880051
13219,3.1724,2.47046628486458
13220,3.17264,2.10754868312892
13221,3.17288,2.69912773780219
13222,3.17312,2.33691176088888
13223,3.17336,2.59969479569741
13224,3.1736,2.61520592903836
13225,3.17384,2.53441107605864
13226,3.17408,2.94733520676047
13227,3.17432,2.51612966121721
13228,3.17456,2.60307154919456
13229,3.1748,3.0490206175427
13230,3.17504,2.65177994547794
13231,3.17528,2.65237099861104
13232,3.17552,3.14593736245197
13233,3.17576,2.67356989871622
13234,3.176,2.84533800836258
13235,3.17624,3.26459160219847
13236,3.17648,3.20005986408837
13237,3.17672,2.09655527170218
13238,3.17696,3.29110823166073
13239,3.1772,3.27560973201708
13240,3.17744,2.22348388758633
13241,3.17768,3.2431112383428
13242,3.17792,3.40526356489377
13243,3.17816,2.2875444900184
13244,3.1784,2.54181269609537
13245,3.17864,3.03979908732421
13246,3.17888,3.53881060121497
13247,3.17912,2.72386439914807
13248,3.17936,2.69589880187891
13249,3.1796,3.27206585151793
13250,3.17984,3.36662608705787
13251,3.18008,2.43355655972812
13252,3.18032,3.20121306016689
13253,3.18056,3.60230927656892
13254,3.1808,2.48633734471687
13255,3.18104,3.3210033311619
13256,3.18128,2.94833412539067
13257,3.18152,2.75983434313831
13258,3.18176,3.53373883077362
13259,3.182,2.28712588354585
13260,3.18224,2.77941648110374
13261,3.18248,3.37549834893841
13262,3.18272,1.97287742716918
13263,3.18296,3.13169263084867
13264,3.1832,2.59701174137959
13265,3.18344,2.25253808763292
13266,3.18368,3.46815120035038
13267,3.18392,2.05966505147946
13268,3.18416,2.74760486762553
13269,3.1844,2.58398536468336
13270,3.18464,2.00022460055556
13271,3.18488,3.2249642971206
13272,3.18512,2.177356011278
13273,3.18536,2.391225474337
13274,3.1856,2.71428092777191
13275,3.18584,1.64513365152644
13276,3.18608,2.65233098674548
13277,3.18632,1.97119719757819
13278,3.18656,1.83919476751788
13279,3.1868,2.41052157065275
13280,3.18704,1.46037221460655
13281,3.18728,2.46924710329204
13282,3.18752,2.26627053281054
13283,3.18776,1.38931626560556
13284,3.188,2.23135855424978
13285,3.18824,1.74403878731035
13286,3.18848,0.953363759224049
13287,3.18872,0.921378999563594
13288,3.18896,1.73288450590771
13289,3.1892,1.8212256056184
13290,3.18944,0.616791789329355
13291,3.18968,1.14852976380805
13292,3.18992,1.55464142452706
13293,3.19016,0.771758356632482
13294,3.1904,1.00626148449955
13295,3.19064,1.47216424072967
13296,3.19088,0.749309783260395
13297,3.19112,0.562477192669351
13298,3.19136,1.21557495236882
13299,3.1916,0.919814222273711
13300,3.19184,0.667959121942079
13301,3.19208,0.773512527679759
13302,3.19232,-0.0639826735841265
13303,3.19256,0.583889364851745
13304,3.1928,0.980498503735645
13305,3.19304,-0.156130183589181
13306,3.19328,0.169631626654324
13307,3.19352,0.735113102431042
13308,3.19376,-0.106747479385181
13309,3.194,0.136688054488024
13310,3.19424,-0.203578314585906
13311,3.19448,0.0807223744509009
13312,3.19472,-0.00666623568404789
13313,3.19496,-0.782331109564536
13314,3.1952,0.018833336820081
13315,3.19544,-0.266478858567276
13316,3.19568,-0.882354158111932
13317,3.19592,-0.541876617389296
13318,3.19616,-0.544839058383913
13319,3.1964,-0.77307960951784
13320,3.19664,-0.883036579156616
13321,3.19688,-0.614793330121687
13322,3.19712,-0.937770871599517
13323,3.19736,-1.02538402210015
13324,3.1976,-0.975398490076014
13325,3.19784,-1.16527761190686
13326,3.19808,-1.11163394771419
13327,3.19832,-1.40758297084574
13328,3.19856,-1.34307930639676
13329,3.1988,-1.63053744158662
13330,3.19904,-1.68062870285241
13331,3.19928,-1.36429760893705
13332,3.19952,-1.7701329919727
13333,3.19976,-1.5711006204129
13334,3.2,-1.97528680579537
13335,3.20024,-1.53994569092864
13336,3.20048,-1.82246115228586
13337,3.20072,-1.98261419970881
13338,3.20096,-1.67333158266819
13339,3.2012,-2.56207041790471
13340,3.20144,-2.12603828288678
13341,3.20168,-1.82755498967826
13342,3.20192,-2.36694774050315
13343,3.20216,-2.19005327305319
13344,3.2024,-2.1449563137886
13345,3.20264,-2.33632597166593
13346,3.20288,-2.30306056346445
13347,3.20312,-2.27966962037147
13348,3.20336,-2.25096349904009
13349,3.2036,-2.72777732281951
13350,3.20384,-2.47967098359811
13351,3.20408,-2.12419550718913
13352,3.20432,-3.11206928729612
13353,3.20456,-2.40652015479494
13354,3.2048,-2.45269712053104
13355,3.20504,-3.46573993422374
13356,3.20528,-2.31542031240308
13357,3.20552,-2.76814902208188
13358,3.20576,-3.4490757610409
13359,3.206,-2.34499050182672
13360,3.20624,-3.08181326369311
13361,3.20648,-3.31929667737428
13362,3.20672,-2.15077903185117
13363,3.20696,-3.04742930560318
13364,3.2072,-3.3294126684644
13365,3.20744,-2.32709299739627
13366,3.20768,-3.74967507022751
13367,3.20792,-2.65053861865479
13368,3.20816,-2.91954789449454
13369,3.2084,-3.29223423065835
13370,3.20864,-3.09537707444979
13371,3.20888,-3.89530499235018
13372,3.20912,-3.11941974990787
13373,3.20936,-2.52829469938192
13374,3.2096,-3.03548434306314
13375,3.20984,-3.77573002707303
13376,3.21008,-2.14013701747123
13377,3.21032,-2.72244550291074
13378,3.21056,-3.54377719604526
13379,3.2108,-2.6811873612815
13380,3.21104,-2.96379912314164
13381,3.21128,-3.7217180463686
13382,3.21152,-2.2186667302623
13383,3.21176,-3.04856709109751
13384,3.212,-3.75228454997021
13385,3.21224,-2.20352109178233
13386,3.21248,-2.86934670701787
13387,3.21272,-3.76050196489138
13388,3.21296,-2.1661886260467
13389,3.2132,-3.0211064562744
13390,3.21344,-3.02191882633703
13391,3.21368,-2.24630442809533
13392,3.21392,-3.39950799484952
13393,3.21416,-2.51422655299078
13394,3.2144,-2.54010701565289
13395,3.21464,-3.27018729996863
13396,3.21488,-1.99669005179985
13397,3.21512,-2.69855684229275
13398,3.21536,-2.77852967187829
13399,3.2156,-1.71570003806484
13400,3.21584,-2.96183526524094
13401,3.21608,-2.39625622763957
13402,3.21632,-1.77740118778909
13403,3.21656,-2.96618808504003
13404,3.2168,-2.0118032668789
13405,3.21704,-1.95583311835986
13406,3.21728,-2.8462453909934
13407,3.21752,-1.84381231376053
13408,3.21776,-1.74215777182939
13409,3.218,-2.70599941103017
13410,3.21824,-1.77542884166899
13411,3.21848,-1.86083415336078
13412,3.21872,-2.05267363737607
13413,3.21896,-1.33014746176596
13414,3.2192,-1.37883188192774
13415,3.21944,-2.00678409191352
13416,3.21968,-1.24824375578795
13417,3.21992,-1.3493422847126
13418,3.22016,-2.17410550594211
13419,3.2204,-1.92078600408122
13420,3.22064,-1.01137494204487
13421,3.22088,-1.07889245765187
13422,3.22112,-1.98657779840024
13423,3.22136,-0.647184427977493
13424,3.2216,-1.25402836602177
13425,3.22184,-0.662838686067741
13426,3.22208,-0.489418430694671
13427,3.22232,-1.27361466933275
13428,3.22256,-0.497970924191562
13429,3.2228,-0.136309346213698
13430,3.22304,-1.0961155089186
13431,3.22328,-0.376037714746892
13432,3.22352,-0.0701433980275132
13433,3.22376,-0.603929335250059
13434,3.224,0.0600997445032663
13435,3.22424,-0.281424993777276
13436,3.22448,-0.493728579572218
13437,3.22472,0.236720978019224
13438,3.22496,-0.263904290804012
13439,3.2252,-0.033932554344519
13440,3.22544,0.759215238963717
13441,3.22568,-0.255901181661673
13442,3.22592,0.169565419271487
13443,3.22616,0.683723997130362
13444,3.2264,0.360957590951387
13445,3.22664,0.381192492183044
13446,3.22688,0.503965988718888
13447,3.22712,0.275044529777094
13448,3.22736,0.98767190425381
13449,3.2276,0.958183825626164
13450,3.22784,0.696830579689795
13451,3.22808,1.02531801720923
13452,3.22832,1.33599650958578
13453,3.22856,1.17906568366421
13454,3.2288,1.24181535606995
13455,3.22904,1.29697283958798
13456,3.22928,1.23880289724806
13457,3.22952,1.53147997992552
13458,3.22976,1.33593075678846
13459,3.23,1.38112071307247
13460,3.23024,1.78630519451228
13461,3.23048,1.47126579648786
13462,3.23072,1.27395317118857
13463,3.23096,1.43956819319637
13464,3.2312,2.08545596237713
13465,3.23144,1.6438244812531
13466,3.23168,2.16730869553084
13467,3.23192,1.8584270877553
13468,3.23216,2.02503085003197
13469,3.2324,2.19761355824235
13470,3.23264,1.89892256397074
13471,3.23288,2.19626554588958
13472,3.23312,2.25940673350078
13473,3.23336,2.09893798384323
13474,3.2336,2.29142723512701
13475,3.23384,2.5024023941884
13476,3.23408,2.71624047653197
13477,3.23432,1.97013286773831
13478,3.23456,2.57283840736038
13479,3.2348,2.92199787578765
13480,3.23504,1.97503161140271
13481,3.23528,2.96295900232326
13482,3.23552,2.74222076562312
13483,3.23576,2.43591058298741
13484,3.236,3.20902311767757
13485,3.23624,2.1894154279264
13486,3.23648,2.8871637545477
13487,3.23672,3.44171227239041
13488,3.23696,2.22504103484369
13489,3.2372,2.96808089310944
13490,3.23744,3.56624224246304
13491,3.23768,2.27973359845109
13492,3.23792,3.3052395952369
13493,3.23816,2.99435955762766
13494,3.2384,2.71554417670239
13495,3.23864,3.55376209866454
13496,3.23888,3.17075617850226
13497,3.23912,2.94288801226105
13498,3.23936,2.64104178981767
13499,3.2396,3.65159061220484
13500,3.23984,3.46186979145653
13501,3.24008,2.36448539608618
13502,3.24032,2.86678895144
13503,3.24056,3.48091829939837
13504,3.2408,2.54397736968247
13505,3.24104,2.75046153272252
13506,3.24128,3.31944300339798
13507,3.24152,3.1657936513977
13508,3.24176,2.70971474099326
13509,3.242,3.45903315285541
13510,3.24224,2.65448929863237
13511,3.24248,2.75263574574298
13512,3.24272,3.56779661023384
13513,3.24296,2.47381598347994
13514,3.2432,2.65000203890783
13515,3.24344,3.53985956450915
13516,3.24368,2.39715397310724
13517,3.24392,2.64541782874094
13518,3.24416,3.47992145949037
13519,3.2444,2.41727846119265
13520,3.24464,2.49807738356261
13521,3.24488,3.52929354793596
13522,3.24512,2.06366823521911
13523,3.24536,2.69956959235915
13524,3.2456,2.95429134730556
13525,3.24584,1.82218648182166
13526,3.24608,3.00309681181254
13527,3.24632,2.37397427359113
13528,3.24656,2.17041677078756
13529,3.2468,3.17323151616948
13530,3.24704,2.25976835919051
13531,3.24728,1.77343020863249
13532,3.24752,2.62014760351102
13533,3.24776,2.26283926442215
13534,3.248,1.49005079678608
13535,3.24824,3.00373057789387
13536,3.24848,1.8812602967127
13537,3.24872,1.7903555946837
13538,3.24896,2.40032854044802
13539,3.2492,1.36906291815723
13540,3.24944,2.18539893136896
13541,3.24968,2.0215486583448
13542,3.24992,1.07398160308653
13543,3.25016,2.41626101240455
13544,3.2504,1.47950319264366
13545,3.25064,1.09426911354205
13546,3.25088,1.79350405217142
13547,3.25112,2.1323551332023
13548,3.25136,1.08370086184004
13549,3.2516,1.13590974476286
13550,3.25184,1.90841423128876
13551,3.25208,0.924525747383815
13552,3.25232,1.03762349445751
13553,3.25256,1.75190121144277
13554,3.2528,0.0984217956107027
13555,3.25304,1.12155610725537
13556,3.25328,1.05285219876881
13557,3.25352,0.0652369738505987
13558,3.25376,0.78169195672147
13559,3.254,1.01130208394498
13560,3.25424,0.083825807818531
13561,3.25448,0.368896035613134
13562,3.25472,0.776248290246116
13563,3.25496,0.141117529831552
13564,3.2552,0.343780427721007
13565,3.25544,0.209999933441283
13566,3.25568,0.0987296930916914
13567,3.25592,-0.137149077160306
13568,3.25616,-0.217019138483994
13569,3.2564,0.0671540222621427
13570,3.25664,-0.605317434095744
13571,3.25688,-0.281249572640808
13572,3.25712,-0.325413359465536
13573,3.25736,-0.477902814364505
13574,3.2576,-0.484692374136668
13575,3.25784,-0.497812198937193
13576,3.25808,-0.858884320601978
13577,3.25832,-0.715111884418456
13578,3.25856,-0.699162725050623
13579,3.2588,-1.15253772412306
13580,3.25904,-0.988966412648457
13581,3.25928,-0.950498351768078
13582,3.25952,-1.38025352292326
13583,3.25976,-0.958183518508261
13584,3.26,-1.26571183803278
13585,3.26024,-1.31768063207044
13586,3.26048,-1.48575275327753
13587,3.26072,-1.17520920268248
13588,3.26096,-1.82284617865323
13589,3.2612,-1.50572393776778
13590,3.26144,-2.03010233963595
13591,3.26168,-1.47199594582502
13592,3.26192,-1.511389541938
13593,3.26216,-2.15771131963584
13594,3.2624,-1.71841470168231
13595,3.26264,-2.00036459659644
13596,3.26288,-1.69415169164512
13597,3.26312,-2.34404639813703
13598,3.26336,-2.03256180340402
13599,3.2636,-2.33763720977701
13600,3.26384,-2.28152709269782
13601,3.26408,-1.867094373002
13602,3.26432,-2.55046811800227
13603,3.26456,-2.38468485503158
13604,3.2648,-2.23207271831332
13605,3.26504,-2.57249303095398
13606,3.26528,-2.30669251446346
13607,3.26552,-2.55077036677412
13608,3.26576,-2.91308224588929
13609,3.266,-2.19865404044394
13610,3.26624,-2.95491599281277
13611,3.26648,-2.85676270673102
13612,3.26672,-2.0632316746954
13613,3.26696,-3.09446588112324
13614,3.2672,-2.9104455848313
13615,3.26744,-2.41092559155105
13616,3.26768,-3.46859724781952
13617,3.26792,-2.36957695981527
13618,3.26816,-2.5191735973708
13619,3.2684,-3.38180846017494
13620,3.26864,-3.04756289005787
13621,3.26888,-2.27985377415315
13622,3.26912,-3.07027979199232
13623,3.26936,-2.67700623280834
13624,3.2696,-3.40622632524117
13625,3.26984,-3.38717847509751
13626,3.27008,-2.68863468405422
13627,3.27032,-3.11205187573571
13628,3.27056,-3.8726869282274
13629,3.2708,-2.74039238897448
13630,3.27104,-2.62277149528684
13631,3.27128,-3.11533081175311
13632,3.27152,-3.61078408932914
13633,3.27176,-2.79293212293767
13634,3.272,-2.52692667551109
13635,3.27224,-3.10772298081645
13636,3.27248,-3.68766850296294
13637,3.27272,-2.14403403927493
13638,3.27296,-2.81076987321571
13639,3.2732,-3.59044983757211
13640,3.27344,-2.35101472593561
13641,3.27368,-3.19115312300341
13642,3.27392,-3.0615092305551
13643,3.27416,-2.14819880517202
13644,3.2744,-3.06538748118422
13645,3.27464,-3.12702229937437
13646,3.27488,-2.16728570041187
13647,3.27512,-3.15572387498529
13648,3.27536,-2.80917199079023
13649,3.2756,-2.17152109824527
13650,3.27584,-3.22548378234348
13651,3.27608,-2.47769016950077
13652,3.27632,-2.51717016445548
13653,3.27656,-3.15001913675023
13654,3.2768,-1.77976094147677
13655,3.27704,-3.08427724370781
13656,3.27728,-2.58129365926188
13657,3.27752,-1.90464177674253
13658,3.27776,-2.9182784286001
13659,3.278,-2.49142322347264
13660,3.27824,-1.76661764724407
13661,3.27848,-2.74157748909753
13662,3.27872,-2.15292586732969
13663,3.27896,-1.98574352952255
13664,3.2792,-2.89803381739397
13665,3.27944,-2.02112100391477
13666,3.27968,-1.20925978861395
13667,3.27992,-2.44701218616253
13668,3.28016,-2.00416088833265
13669,3.2804,-1.25994897606962
13670,3.28064,-2.32816748591527
13671,3.28088,-1.95337148468636
13672,3.28112,-1.27746626507886
13673,3.28136,-1.11856999702397
13674,3.2816,-1.92765594012791
13675,3.28184,-2.01269358355899
13676,3.28208,-1.04000345050525
13677,3.28232,-0.853908734662845
13678,3.28256,-1.39088565749696
13679,3.2828,-1.68703224024973
13680,3.28304,-0.955421464530596
13681,3.28328,-1.07580652008315
13682,3.28352,-1.91626796191252
13683,3.28376,-0.392567812853408
13684,3.284,-1.29136426526397
13685,3.28424,-0.866886444770055
13686,3.28448,-0.017783926730055
13687,3.28472,-1.09792631193125
13688,3.28496,-0.849991383649515
13689,3.2852,-0.0494588584974258
13690,3.28544,-0.457581359250247
13691,3.28568,-0.51268469454955
13692,3.28592,-0.122678649433588
13693,3.28616,-0.328674494067011
13694,3.2864,0.0348830489185716
13695,3.28664,-0.0942544370936553
13696,3.28688,0.135941589837847
13697,3.28712,0.208409670571815
13698,3.28736,-0.0740817129673492
13699,3.2876,0.589912920322371
13700,3.28784,0.74449371169539
13701,3.28808,-0.175564700136401
13702,3.28832,0.567900959576005
13703,3.28856,0.696229077599765
13704,3.2888,0.826845059415457
13705,3.28904,0.571255336665703
13706,3.28928,0.439115238976002
13707,3.28952,1.13945177745968
13708,3.28976,0.736314880734916
13709,3.29,0.825584864942299
13710,3.29024,1.2591373611242
13711,3.29048,1.08213316376095
13712,3.29072,1.2717451818053
13713,3.29096,0.964159192076776
13714,3.2912,1.25763195253481
13715,3.29144,1.30774392759018
13716,3.29168,1.70886345478408
13717,3.29192,1.39097352607222
13718,3.29216,1.79532530330118
13719,3.2924,1.35610571159209
13720,3.29264,1.8800622449238
13721,3.29288,1.56291179169448
13722,3.29312,1.97019266498508
13723,3.29336,1.88930630820406
13724,3.2936,1.8150779491158
13725,3.29384,1.86999237646341
13726,3.29408,2.15829424743744
13727,3.29432,2.09655886876694
13728,3.29456,2.16370996264456
13729,3.2948,2.22462942364631
13730,3.29504,1.93495017269948
13731,3.29528,2.62276729642619
13732,3.29552,2.34111105494299
13733,3.29576,1.94976993231224
13734,3.296,2.90051178914193
13735,3.29624,2.63885013910537
13736,3.29648,2.03664499279342
13737,3.29672,3.01377319379337
13738,3.29696,2.53687928716382
13739,3.2972,2.33570439383039
13740,3.29744,3.21682341696562
13741,3.29768,2.41802422188746
13742,3.29792,2.73866422685202
13743,3.29816,3.16366174726993
13744,3.2984,2.05185783300799
13745,3.29864,3.12827745938628
13746,3.29888,2.9929832663065
13747,3.29912,2.42112298986174
13748,3.29936,3.16649775812292
13749,3.2996,2.84533637814033
13750,3.29984,3.04253219175789
13751,3.30008,2.98768284968356
13752,3.30032,2.6090296184075
13753,3.30056,3.58525561952819
13754,3.3008,3.33542787149945
13755,3.30104,2.41481730970427
13756,3.30128,3.33033909908159
13757,3.30152,3.49582761284498
13758,3.30176,2.62131963704648
13759,3.302,2.51764557851711
13760,3.30224,3.02188763622624
13761,3.30248,3.52859181120797
13762,3.30272,2.83920569436252
13763,3.30296,2.57763098746021
13764,3.3032,3.28210741052647
13765,3.30344,3.62447525596078
13766,3.30368,2.32545125080922
13767,3.30392,2.99513018493926
13768,3.30416,3.76791750580553
13769,3.3044,2.28509259146163
13770,3.30464,2.90691918008085
13771,3.30488,3.27002478330937
13772,3.30512,2.11567223164361
13773,3.30536,3.15967519919545
13774,3.3056,3.10862293284422
13775,3.30584,2.28327509526953
13776,3.30608,3.38881360229115
13777,3.30632,2.45825484353065
13778,3.30656,2.67478354102495
13779,3.3068,3.11444141345761
13780,3.30704,1.80230193365119
13781,3.30728,3.04476144738502
13782,3.30752,2.59173460696464
13783,3.30776,2.08829289843329
13784,3.308,3.38875030004944
13785,3.30824,2.06126755238794
13786,3.30848,2.47529671395063
13787,3.30872,3.24062309115983
13788,3.30896,1.98753574696799
13789,3.3092,2.35819410368969
13790,3.30944,2.71111495678336
13791,3.30968,1.55010397560498
13792,3.30992,2.47512852875906
13793,3.31016,2.29943778230375
13794,3.3104,1.34752315225309
13795,3.31064,2.69456450562887
13796,3.31088,1.99476755230192
13797,3.31112,1.35612142030283
13798,3.31136,2.63881815721713
13799,3.3116,1.77472053791935
13800,3.31184,1.32895855843622
13801,3.31208,2.43900788333789
13802,3.31232,0.588269827201459
13803,3.31256,1.77316818804019
13804,3.3128,1.98931834099826
13805,3.31304,1.14240655970887
13806,3.31328,0.84248317070127
13807,3.31352,1.38597059242358
13808,3.31376,1.68823062885918
13809,3.314,0.962351086166239
13810,3.31424,1.08810016092967
13811,3.31448,0.501602316988282
13812,3.31472,0.80892344713514
13813,3.31496,1.11176693198118
13814,3.3152,0.696166488484341
13815,3.31544,0.0919831069009927
13816,3.31568,1.17363320662366
13817,3.31592,0.45545010089485
13818,3.31616,0.0259004474410653
13819,3.3164,1.03366295283973
13820,3.31664,0.0140992970303548
13821,3.31688,-0.00698525489146751
13822,3.31712,0.683782367413373
13823,3.31736,-0.39879053452389
13824,3.3176,-0.0246221253819772
13825,3.31784,0.113932722929922
13826,3.31808,-0.436855377342057
13827,3.31832,-0.030388425104743
13828,3.31856,-0.323784808885059
13829,3.3188,-0.479928836073613
13830,3.31904,-0.155972474249069
13831,3.31928,-0.541896308184393
13832,3.31952,-0.661919229512182
13833,3.31976,0.0498062776741337
13834,3.32,-0.905164011361152
13835,3.32024,-0.885156919656175
13836,3.32048,-0.500945540109841
13837,3.32072,-1.18305161802368
13838,3.32096,-1.14230902940167
13839,3.3212,-0.85462576170309
13840,3.32144,-1.28080492457186
13841,3.32168,-1.33705304784026
13842,3.32192,-1.51799310064213
13843,3.32216,-1.20545317684598
13844,3.3224,-1.73292171656877
13845,3.32264,-1.18083383693403
13846,3.32288,-1.82882442876775
13847,3.32312,-1.51100428100723
13848,3.32336,-1.91510242974808
13849,3.3236,-1.83712629282985
13850,3.32384,-1.51844889990802
13851,3.32408,-1.56156957011087
13852,3.32432,-2.0916727611731
13853,3.32456,-2.01313703410864
13854,3.3248,-1.94653939599164
13855,3.32504,-2.48184865279128
13856,3.32528,-2.17085121139313
13857,3.32552,-1.75629398120716
13858,3.32576,-2.42852198356131
13859,3.326,-2.37412015426371
13860,3.32624,-1.85545386547667
13861,3.32648,-2.78690290320838
13862,3.32672,-2.50940711975407
13863,3.32696,-2.26142861875648
13864,3.3272,-2.84867544752986
13865,3.32744,-2.48685072430075
13866,3.32768,-2.50564850188574
13867,3.32792,-2.51604000188633
13868,3.32816,-2.91694860406944
13869,3.3284,-2.7137856567325
13870,3.32864,-2.40335197254798
13871,3.32888,-3.20685337106634
13872,3.32912,-2.67497823335376
13873,3.32936,-2.53289359915799
13874,3.3296,-2.89163880447316
13875,3.32984,-3.48182982069566
13876,3.33008,-2.65009584174385
13877,3.33032,-2.46548561731013
13878,3.33056,-3.23140065552177
13879,3.3308,-2.93039372025335
13880,3.33104,-2.67210764950491
13881,3.33128,-3.60203367472161
13882,3.33152,-2.63045698526334
13883,3.33176,-3.26717038969801
13884,3.332,-3.40483769029677
13885,3.33224,-2.85641299058929
13886,3.33248,-3.43029401995316
13887,3.33272,-2.78442808502759
13888,3.33296,-2.68470723797674
13889,3.3332,-3.19357754349397
13890,3.33344,-3.69984451050961
13891,3.33368,-2.42439390433277
13892,3.33392,-2.8893693172249
13893,3.33416,-3.58893496639887
13894,3.3344,-2.62404119240913
13895,3.33464,-2.68024392868719
13896,3.33488,-3.45741729947125
13897,3.33512,-2.79013223863714
13898,3.33536,-2.79049505403191
13899,3.3356,-3.51039170111709
13900,3.33584,-2.44577809772644
13901,3.33608,-2.64374782800503
13902,3.33632,-3.55405857876823
13903,3.33656,-2.43439302342935
13904,3.3368,-2.70438381827204
13905,3.33704,-3.44462315837135
13906,3.33728,-1.9355818353522
13907,3.33752,-2.99439737294378
13908,3.33776,-2.71776777297823
13909,3.338,-2.26603410276934
13910,3.33824,-3.38149062965195
13911,3.33848,-2.22537211182808
13912,3.33872,-2.57311891025091
13913,3.33896,-3.02636420445028
13914,3.3392,-1.96281731758967
13915,3.33944,-2.62515981265605
13916,3.33968,-2.54881576923831
13917,3.33992,-1.57172816379152
13918,3.34016,-2.42613877318108
13919,3.3404,-2.90452835385513
13920,3.34064,-1.86761017691447
13921,3.34088,-2.08327039671872
13922,3.34112,-2.40100905048596
13923,3.34136,-1.33117057238081
13924,3.3416,-2.44877504965539
13925,3.34184,-2.23708037539246
13926,3.34208,-1.35222344896785
13927,3.34232,-2.06913723533982
13928,3.34256,-2.17059543745112
13929,3.3428,-1.46993899631473
13930,3.34304,-1.05955588701965
13931,3.34328,-1.50736319354102
13932,3.34352,-1.95635515021974
13933,3.34376,-2.16996738331494
13934,3.344,-0.760125005172031
13935,3.34424,-1.4175749451091
13936,3.34448,-1.58566436264765
13937,3.34472,-0.344669853181065
13938,3.34496,-1.1922753268421
13939,3.3452,-1.66799059803889
13940,3.34544,-0.259475895216341
13941,3.34568,-0.568279319448877
13942,3.34592,-1.58669853610186
13943,3.34616,-0.233830797789516
13944,3.3464,-0.708842030815897
13945,3.34664,-0.578547958859484
13946,3.34688,0.230421372371898
13947,3.34712,-0.778830826090928
13948,3.34736,-0.580017899464156
13949,3.3476,0.295116014155446
13950,3.34784,-0.761124596909951
13951,3.34808,-0.134251287856067
13952,3.34832,0.334719937233427
13953,3.34856,-0.754850805062577
13954,3.3488,0.299888583125254
13955,3.34904,0.368025389268005
13956,3.34928,0.0804707729364587
13957,3.34952,0.244680593362817
13958,3.34976,0.162689073517602
13959,3.35,0.680405004315553
13960,3.35024,0.45041567040122
13961,3.35048,0.454969731678249
13962,3.35072,0.699679981559769
13963,3.35096,0.68172209597557
13964,3.3512,0.777084426106743
13965,3.35144,0.758666658129721
13966,3.35168,1.31721204993124
13967,3.35192,0.905200443951255
13968,3.35216,0.862641319284101
13969,3.3524,1.16450594603519
13970,3.35264,1.45820256460035
13971,3.35288,1.27969413159077
13972,3.35312,1.80934156976005
13973,3.35336,1.48991200479451
13974,3.3536,1.537589354777
13975,3.35384,1.58109188346911
13976,3.35408,1.26369842935862
13977,3.35432,1.66696292555998
13978,3.35456,1.95312726547346
13979,3.3548,1.99251141662733
13980,3.35504,1.78942755824489
13981,3.35528,1.84055439923805
13982,3.35552,2.2485596586582
13983,3.35576,1.69431361367415
13984,3.356,1.99548510292064
13985,3.35624,2.53509081631535
13986,3.35648,2.23151594181818
13987,3.35672,2.0703369693162
13988,3.35696,2.74475509069801
13989,3.3572,2.33923156020461
13990,3.35744,2.19688155364633
13991,3.35768,2.53059025374719
13992,3.35792,2.3948263288239
13993,3.35816,2.39502076566876
13994,3.3584,2.39023081547874
13995,3.35864,2.77583294957312
13996,3.35888,2.67793241682483
13997,3.35912,2.34670723173301
13998,3.35936,3.12609591653861
13999,3.3596,2.93206949700317
14000,3.35984,2.04464514882121
14001,3.36008,2.98578794635994
14002,3.36032,2.83149306237434
14003,3.36056,2.95702314414437
14004,3.3608,3.56215798104439
14005,3.36104,2.49708320940903
14006,3.36128,2.79797597730771
14007,3.36152,3.68292789433039
14008,3.36176,2.5430981223412
14009,3.362,3.01239867007119
14010,3.36224,3.82471471103525
14011,3.36248,2.617284993692
14012,3.36272,2.65839294442539
14013,3.36296,3.78012287535501
14014,3.3632,3.10075024183297
14015,3.36344,2.47334317467698
14016,3.36368,2.48770906754785
14017,3.36392,3.10490963863419
14018,3.36416,3.48514850087705
14019,3.3644,2.90697549507243
14020,3.36464,2.6362037269159
14021,3.36488,3.33099924860683
14022,3.36512,3.4264554783584
14023,3.36536,2.49089573414334
14024,3.3656,3.4955554244815
14025,3.36584,2.57733853593992
14026,3.36608,2.68699366626042
14027,3.36632,3.39625288664221
14028,3.36656,2.66666115668977
14029,3.3668,2.25132033601197
14030,3.36704,3.1641252476383
14031,3.36728,2.98418116833939
14032,3.36752,2.38900410061456
14033,3.36776,3.25162738214394
14034,3.368,2.6670491673423
14035,3.36824,2.39256852985181
14036,3.36848,3.44055679993108
14037,3.36872,2.21993159457698
14038,3.36896,2.74043737032928
14039,3.3692,2.88885985371313
14040,3.36944,2.00897931388073
14041,3.36968,3.30495465717779
14042,3.36992,2.0949291478559
14043,3.37016,2.5022657237964
14044,3.3704,3.1357580827047
14045,3.37064,2.00424791540181
14046,3.37088,2.24929090239967
14047,3.37112,2.71627418615287
14048,3.37136,1.78498841295735
14049,3.3716,2.10742184051359
14050,3.37184,2.77016191803958
14051,3.37208,1.90314325068871
14052,3.37232,1.5745555041155
14053,3.37256,2.80004364630751
14054,3.3728,1.99766517017096
14055,3.37304,1.25502967001692
14056,3.37328,2.09690974184635
14057,3.37352,1.96488130934081
14058,3.37376,1.28194087200673
14059,3.374,1.12938439974896
14060,3.37424,1.22467732540903
14061,3.37448,2.04299222898584
14062,3.37472,1.30903823154105
14063,3.37496,0.999165763847478
14064,3.3752,1.65134059992582
14065,3.37544,1.58231800676251
14066,3.37568,0.972398747016095
14067,3.37592,1.08937503228258
14068,3.37616,1.3273507742203
14069,3.3764,0.298772288975415
14070,3.37664,1.20543806947806
14071,3.37688,1.26340332745548
14072,3.37712,0.0435343358169056
14073,3.37736,1.00780161617473
14074,3.3776,0.881260377547214
14075,3.37784,-0.0428614505291098
14076,3.37808,0.369029542669704
14077,3.37832,0.660942055497174
14078,3.37856,0.0298612291377347
14079,3.3788,0.358651444351191
14080,3.37904,0.10832575382941
14081,3.37928,0.000483235271838467
14082,3.37952,-0.108586429981498
14083,3.37976,-0.062148494904857
14084,3.38,0.217703067544578
14085,3.38024,-0.685423459328898
14086,3.38048,-0.00200354048075435
14087,3.38072,-0.169342218126517
14088,3.38096,-0.909381394447545
14089,3.3812,0.0372689962822179
14090,3.38144,-0.576412692922703
14091,3.38168,-1.28228382824017
14092,3.38192,-0.788591638447986
14093,3.38216,-0.651191365692102
14094,3.3824,-1.3343241250431
14095,3.38264,-0.940137527180209
14096,3.38288,-1.25341904683427
14097,3.38312,-1.1954282036898
14098,3.38336,-1.26317604451634
14099,3.3836,-0.956207540998607
14100,3.38384,-1.25025274246784
14101,3.38408,-1.30089655533934
14102,3.38432,-1.46199900294768
14103,3.38456,-1.50848949763453
14104,3.3848,-1.43503264984288
14105,3.38504,-1.35919414033377
14106,3.38528,-1.40216424469617
14107,3.38552,-2.04863683203098
14108,3.38576,-1.72767754794783
14109,3.386,-2.00730310703664
14110,3.38624,-1.69765785212331
14111,3.38648,-2.5852689999315
14112,3.38672,-2.0297623088438
14113,3.38696,-1.85188958909936
14114,3.3872,-2.51546760007705
14115,3.38744,-2.33271962158
14116,3.38768,-1.92843076339367
14117,3.38792,-2.84925861304836
14118,3.38816,-2.4440193884828
14119,3.3884,-2.06504343157588
14120,3.38864,-2.76936902566402
14121,3.38888,-2.50616747922686
14122,3.38912,-2.15366117104913
14123,3.38936,-2.75673168168981
14124,3.3896,-2.53166021977668
14125,3.38984,-2.56914557017235
14126,3.39008,-2.59819973068529
14127,3.39032,-3.01772629145679
14128,3.39056,-3.07155481754653
14129,3.3908,-2.18303560608046
14130,3.39104,-2.89000231300135
14131,3.39128,-3.58798872897757
14132,3.39152,-2.37561561733767
14133,3.39176,-2.64958238567978
14134,3.392,-3.63008216119949
14135,3.39224,-2.57802896250906
14136,3.39248,-2.41694899789139
14137,3.39272,-3.57944197272392
14138,3.39296,-3.29299551776903
14139,3.3932,-2.57548386555928
14140,3.39344,-3.79292847004604
14141,3.39368,-2.84545242031718
14142,3.39392,-2.54910477767953
14143,3.39416,-3.83502214231342
14144,3.3944,-2.9458574901162
14145,3.39464,-2.47658576348219
14146,3.39488,-2.98654907462029
14147,3.39512,-3.49628776569239
14148,3.39536,-3.04710537920424
14149,3.3956,-2.54220678863182
14150,3.39584,-3.24750229549214
14151,3.39608,-3.7100483900969
14152,3.39632,-2.53154958830408
14153,3.39656,-3.54437973244195
14154,3.3968,-2.74795361093863
14155,3.39704,-2.74319538815195
14156,3.39728,-3.46068550241673
14157,3.39752,-2.85694517295387
14158,3.39776,-2.32426584978415
14159,3.398,-3.12612229792665
14160,3.39824,-2.9551126202156
14161,3.39848,-2.12541404082879
14162,3.39872,-3.23954549916788
14163,3.39896,-2.66245450976316
14164,3.3992,-2.51311425472332
14165,3.39944,-3.43997890990059
14166,3.39968,-1.9932207432762
14167,3.39992,-2.76090297451242
14168,3.40016,-2.79509310683627
14169,3.4004,-2.16502359675282
14170,3.40064,-3.34258991515745
14171,3.40088,-2.02235277607465
14172,3.40112,-2.4409793203964
14173,3.40136,-2.83903853351188
14174,3.4016,-1.84215933552831
14175,3.40184,-2.57103199538081
14176,3.40208,-2.67577155380206
14177,3.40232,-1.52192750094969
14178,3.40256,-2.44115756374518
14179,3.4028,-2.50939788949513
14180,3.40304,-1.54358165854071
14181,3.40328,-2.41783945533839
14182,3.40352,-2.31799998046487
14183,3.40376,-1.42172427951813
14184,3.404,-1.77441065134385
14185,3.40424,-2.23341281519524
14186,3.40448,-1.28663523074698
14187,3.40472,-1.70224918215169
14188,3.40496,-2.47300803472506
14189,3.4052,-0.520542331952209
14190,3.40544,-1.49713986029948
14191,3.40568,-1.50936255012939
14192,3.40592,-2.24626847217149
14193,3.40616,-0.379491824150273
14194,3.4064,-1.31650818267871
14195,3.40664,-1.40547024047563
14196,3.40688,-0.201901735748014
14197,3.40712,-0.731146887543906
14198,3.40736,-1.12783981037678
14199,3.4076,-0.340417252598074
14200,3.40784,-0.798924773980828
14201,3.40808,-1.00866572508527
14202,3.40832,0.0787477415413051
14203,3.40856,-0.676825867570408
14204,3.4088,-0.820739505615474
14205,3.40904,0.324172086634482
14206,3.40928,-0.716447810134401
14207,3.40952,-0.305390735568646
14208,3.40976,0.42230958822921
14209,3.41,-0.656124982220073
14210,3.41024,-0.0565303812316216
14211,3.41048,0.270337963228455
14212,3.41072,0.121070263119351
14213,3.41096,0.185014153312788
14214,3.4112,0.47272753160102
14215,3.41144,0.405273959412591
14216,3.41168,0.430961330652177
14217,3.41192,0.327769724964415
14218,3.41216,0.70631894316898
14219,3.4124,0.57512940163696
14220,3.41264,0.571441088699891
14221,3.41288,1.03671908598552
14222,3.41312,0.998758415077906
14223,3.41336,0.851447375941299
14224,3.4136,0.932697815120433
14225,3.41384,1.35995679094452
14226,3.41408,1.19016551301346
14227,3.41432,1.24762242968063
14228,3.41456,1.53921981980787
14229,3.4148,1.48528755489379
14230,3.41504,1.28854177556464
14231,3.41528,1.33129970931444
14232,3.41552,1.97806432125934
14233,3.41576,1.1789810971272
14234,3.416,1.94365459156371
14235,3.41624,1.62624362743094
14236,3.41648,2.26908134846537
14237,3.41672,1.94477541658509
14238,3.41696,1.51123596258365
14239,3.4172,2.16224455368359
14240,3.41744,1.60615799608941
14241,3.41768,1.66494126793613
14242,3.41792,2.32687965041407
14243,3.41816,2.49979066573409
14244,3.4184,2.32920226980063
14245,3.41864,2.04727706398062
14246,3.41888,2.36103424423663
14247,3.41912,2.45275774706154
14248,3.41936,2.5496338250024
14249,3.4196,2.16410719271278
14250,3.41984,2.64497811210156
14251,3.42008,2.75918554191108
14252,3.42032,2.04700508539972
14253,3.42056,3.03903906198257
14254,3.4208,2.69588195553068
14255,3.42104,2.38541335615241
14256,3.42128,3.28241145145641
14257,3.42152,2.49940745404136
14258,3.42176,2.59604194584322
14259,3.422,2.92164841726026
14260,3.42224,2.31629849779579
14261,3.42248,3.04833608554012
14262,3.42272,3.04995517123913
14263,3.42296,2.60901625117277
14264,3.4232,3.39848818431487
14265,3.42344,2.96541096467142
14266,3.42368,2.57191001017625
14267,3.42392,3.29996791753057
14268,3.42416,3.39859478363189
14269,3.4244,2.69006841032248
14270,3.42464,3.10731448159661
14271,3.42488,3.38358092602734
14272,3.42512,2.73484031153148
14273,3.42536,2.61487760370053
14274,3.4256,3.10129874600968
14275,3.42584,3.59077343596714
14276,3.42608,3.0024255368475
14277,3.42632,2.48615455797984
14278,3.42656,3.29672739311244
14279,3.4268,3.62187037854466
14280,3.42704,2.31288450481057
14281,3.42728,3.08144615311788
14282,3.42752,3.71939821931234
14283,3.42776,2.22388473473281
14284,3.428,2.9458810990947
14285,3.42824,3.53417604686487
14286,3.42848,2.12281077613752
14287,3.42872,2.91526526520296
14288,3.42896,3.33611555768802
14289,3.4292,2.00394246617737
14290,3.42944,2.9882851702061
14291,3.42968,3.23744132897441
14292,3.42992,1.98189312086911
14293,3.43016,3.15442703512221
14294,3.4304,2.75763530937941
14295,3.43064,2.30854126149198
14296,3.43088,3.29697764193613
14297,3.43112,2.03133799843819
14298,3.43136,2.85587297605437
14299,3.4316,2.46534165479445
14300,3.43184,1.78141999838971
14301,3.43208,2.9174144694853
14302,3.43232,2.35965439045567
14303,3.43256,1.75330871837241
14304,3.4328,3.18865427977841
14305,3.43304,1.99171654304497
14306,3.43328,1.58618341687403
14307,3.43352,3.09596422104995
14308,3.43376,1.97024126632397
14309,3.434,1.39309257276631
14310,3.43424,2.734729921753
14311,3.43448,1.92589159333157
14312,3.43472,1.17425771835873
14313,3.43496,2.481469140885
14314,3.4352,1.74406776209758
14315,3.43544,1.06356278213127
14316,3.43568,2.08297275762751
14317,3.43592,1.77825542520207
14318,3.43616,1.17474545775014
14319,3.4364,1.18030574827039
14320,3.43664,2.02645940904711
14321,3.43688,0.759047827046468
14322,3.43712,1.31487346744724
14323,3.43736,1.02806591104702
14324,3.4376,0.551194135332272
14325,3.43784,0.92888309587183
14326,3.43808,1.66309860243613
14327,3.43832,0.758246028344324
14328,3.43856,0.948912616938305
14329,3.4388,0.542199343239435
14330,3.43904,0.0631709528349897
14331,3.43928,1.15149595653851
14332,3.43952,0.55815758172018
14333,3.43976,0.0116202174928677
14334,3.44,0.787028672586387
14335,3.44024,0.257111863304347
14336,3.44048,0.115554528741006
14337,3.44072,0.449912528391801
14338,3.44096,-0.139775771430828
14339,3.4412,0.112705643403135
14340,3.44144,0.0122349803511739
14341,3.44168,-0.292928646551537
14342,3.44192,-0.00373285832045989
14343,3.44216,-0.413334912108723
14344,3.4424,-0.324077823895561
14345,3.44264,-0.365035321621163
14346,3.44288,-0.859835431711504
14347,3.44312,-0.617824914335743
14348,3.44336,-0.625428479913724
14349,3.4436,-1.08993032709121
14350,3.44384,-0.576695391191044
14351,3.44408,-0.678426182031022
14352,3.44432,-1.24088676142716
14353,3.44456,-0.826959083764819
14354,3.4448,-1.02664855565821
14355,3.44504,-1.32928441791536
14356,3.44528,-1.02015461468898
14357,3.44552,-1.56490131984099
14358,3.44576,-1.25039934111445
14359,3.446,-1.77663728108779
14360,3.44624,-1.22313533485768
14361,3.44648,-1.86996959687113
14362,3.44672,-1.43145812554212
14363,3.44696,-1.95158559519564
14364,3.4472,-1.63748487655885
14365,3.44744,-2.28107825429537
14366,3.44768,-1.95768271372973
14367,3.44792,-1.52519886645971
14368,3.44816,-2.17739834831916
14369,3.4484,-2.10194811758828
14370,3.44864,-1.91208428234175
14371,3.44888,-1.85747579246388
14372,3.44912,-2.27938800738602
14373,3.44936,-2.10856806509781
14374,3.4496,-2.55080274664484
14375,3.44984,-2.26553523534059
14376,3.45008,-2.23258204259672
14377,3.45032,-2.21825433506979
14378,3.45056,-2.55693313480043
14379,3.4508,-2.55443064816755
14380,3.45104,-2.56272746778117
14381,3.45128,-2.44627202317349
14382,3.45152,-2.71999846962909
14383,3.45176,-2.99183050175175
14384,3.452,-2.31171938484173
14385,3.45224,-2.98592092609117
14386,3.45248,-3.28648170486246
14387,3.45272,-2.17138343124673
14388,3.45296,-3.12575672942785
14389,3.4532,-2.98452805436088
14390,3.45344,-2.16303055583662
14391,3.45368,-3.27160512449926
14392,3.45392,-3.17286685487407
14393,3.45416,-2.39407973102214
14394,3.4544,-3.67923558959737
14395,3.45464,-2.6783258793758
14396,3.45488,-3.04466276959376
14397,3.45512,-3.39425813988066
14398,3.45536,-2.34415113546778
14399,3.4556,-3.25292351235537
14400,3.45584,-3.41181683654388
14401,3.45608,-3.00773417670445
14402,3.45632,-2.41472815455307
14403,3.45656,-3.03525987330109
14404,3.4568,-3.65705828642463
14405,3.45704,-2.50327351921854
14406,3.45728,-3.18635137261235
14407,3.45752,-3.74269432012121
14408,3.45776,-2.39767482389822
14409,3.458,-2.79607799303724
14410,3.45824,-3.43378007368087
14411,3.45848,-2.87007308003588
14412,3.45872,-2.37819320535418
14413,3.45896,-3.45574016165162
14414,3.4592,-2.84259733280223
14415,3.45944,-2.65891002890847
14416,3.45968,-3.43863786421134
14417,3.45992,-2.54283146008002
14418,3.46016,-2.55773808375756
14419,3.4604,-3.52611751420938
14420,3.46064,-2.23471052579237
14421,3.46088,-2.91676414793881
14422,3.46112,-3.22238255363574
14423,3.46136,-1.89878856670842
14424,3.4616,-3.12830127085184
14425,3.46184,-2.43013493405369
14426,3.46208,-2.40102224252911
14427,3.46232,-3.1998723001247
14428,3.46256,-1.87182824910518
14429,3.4628,-2.40117372194484
14430,3.46304,-3.03858663960794
14431,3.46328,-1.90670955720763
14432,3.46352,-2.62727586100188
14433,3.46376,-2.49071408011718
14434,3.464,-1.45008217548862
14435,3.46424,-2.72128970933407
14436,3.46448,-2.5359697385634
14437,3.46472,-1.56000105623042
14438,3.46496,-2.54476009448935
14439,3.4652,-1.96216187030591
14440,3.46544,-1.55853196563056
14441,3.46568,-2.58603881362872
14442,3.46592,-1.60077711042978
14443,3.46616,-1.39472560474791
14444,3.4664,-2.25359296876248
14445,3.46664,-0.637227180320099
14446,3.46688,-1.46161618859376
14447,3.46712,-1.5622398409488
14448,3.46736,-2.14745779092696
14449,3.4676,-0.38449146272342
14450,3.46784,-1.29614071050369
14451,3.46808,-1.35866226554609
14452,3.46832,-0.482872199100221
14453,3.46856,-0.987549757053825
14454,3.4688,-1.12372284136501
14455,3.46904,-0.546936285056366
14456,3.46928,-0.746023793789004
14457,3.46952,-0.942470235354833
14458,3.46976,-0.541139128195362
14459,3.47,-0.0671115933611315
14460,3.47024,-1.03982467959141
14461,3.47048,-0.331794589427984
14462,3.47072,-0.0301316235638684
14463,3.47096,-0.925497858806622
14464,3.4712,0.198964236706837
14465,3.47144,-0.270268579341896
14466,3.47168,-0.369508261795844
14467,3.47192,0.457002060930376
14468,3.47216,-0.284251482075836
14469,3.4724,0.0508607073139671
14470,3.47264,0.473757086934171
14471,3.47288,-0.0599229658793174
14472,3.47312,0.343136936191103
14473,3.47336,0.729110109993434
14474,3.4736,0.522524839887228
14475,3.47384,0.532841429190917
14476,3.47408,0.650333322284406
14477,3.47432,0.654725111684218
14478,3.47456,1.11634957998767
14479,3.4748,0.604883323541221
14480,3.47504,0.701548028889277
14481,3.47528,1.49779664621906
14482,3.47552,1.09597051192672
14483,3.47576,0.923912383403986
14484,3.476,1.58394336906266
14485,3.47624,1.2871083905219
14486,3.47648,1.57763468525509
14487,3.47672,1.26261491662548
14488,3.47696,1.6691456678107
14489,3.4772,1.35342860197931
14490,3.47744,1.75978131120486
14491,3.47768,1.44407364729734
14492,3.47792,1.96980256211662
14493,3.47816,1.53139229759781
14494,3.4784,1.57184357549171
14495,3.47864,1.85929317756206
14496,3.47888,1.78635832334614
14497,3.47912,1.95099933627457
14498,3.47936,2.12324450609486
14499,3.4796,2.18392392090714
14500,3.47984,2.2358780288794
14501,3.48008,2.30664381434417
14502,3.48032,2.2627683019575
14503,3.48056,2.33138420672418
14504,3.4808,2.05717102832974
14505,3.48104,2.63748460645726
14506,3.48128,2.6056904654714
14507,3.48152,2.00289013822821
14508,3.48176,2.96599351092376
14509,3.482,2.60048926222588
14510,3.48224,2.39031203538751
14511,3.48248,3.01201446314123
14512,3.48272,2.56468822121906
14513,3.48296,2.74617757391396
14514,3.4832,2.79882951999912
14515,3.48344,2.8858908418607
14516,3.48368,3.09445638078365
14517,3.48392,2.47568487522988
14518,3.48416,3.3314280068139
14519,3.4844,2.96709923714264
14520,3.48464,2.51424876388997
14521,3.48488,2.94275546883992
14522,3.48512,3.59042779059731
14523,3.48536,2.57503327131481
14524,3.4856,2.81136337728547
14525,3.48584,3.75561800214064
14526,3.48608,2.67154072537429
14527,3.48632,2.59793075468448
14528,3.48656,3.71847721296963
14529,3.4868,3.40377925100461
14530,3.48704,2.6588928547882
14531,3.48728,2.79245405831728
14532,3.48752,3.1726834250057
14533,3.48776,3.78777870875502
14534,3.488,2.38528864366572
14535,3.48824,2.61154160418709
14536,3.48848,3.19831645494548
14537,3.48872,3.18110460209697
14538,3.48896,2.62001405398389
14539,3.4892,3.27072176338816
14540,3.48944,3.6776674545457
14541,3.48968,2.21003161041509
14542,3.48992,3.18144492598817
14543,3.49016,3.42119570315627
14544,3.4904,2.27396693323233
14545,3.49064,3.31093999878021
14546,3.49088,2.78115189435866
14547,3.49112,2.32060097232087
14548,3.49136,3.31040481457895
14549,3.4916,2.49635399979444
14550,3.49184,2.58954324738539
14551,3.49208,3.39373577531002
14552,3.49232,1.95040185893907
14553,3.49256,2.83556622611501
14554,3.4928,2.86619776070353
14555,3.49304,1.87268353599208
14556,3.49328,3.18158069687299
14557,3.49352,2.56525382163964
14558,3.49376,1.77479289815333
14559,3.494,2.80025927265671
14560,3.49424,2.61916995579994
14561,3.49448,1.65908715156605
14562,3.49472,2.64353573012329
14563,3.49496,2.41895410167889
14564,3.4952,1.53020204895356
14565,3.49544,2.24500222264568
14566,3.49568,2.45286569024741
14567,3.49592,1.62925815268787
14568,3.49616,2.05264634967553
14569,3.4964,2.45727691193196
14570,3.49664,1.58117457903356
14571,3.49688,0.759728643821873
14572,3.49712,2.34688811260859
14573,3.49736,1.65466609928667
14574,3.4976,1.2608647121603
14575,3.49784,1.36183452144334
14576,3.49808,2.18648391343018
14577,3.49832,1.33952799028556
14578,3.49856,1.03476701395556
14579,3.4988,1.57017676824751
14580,3.49904,1.74661980490199
14581,3.49928,0.899566373364637
14582,3.49952,1.02566222697849
14583,3.49976,1.3947323914047
14584,3.5,0.850081034005416
14585,3.50024,1.03080530057676
14586,3.50048,0.498320672098941
14587,3.50072,0.49835148887212
14588,3.50096,0.971856023105568
14589,3.5012,0.0191494757605002
14590,3.50144,0.672076429731228
14591,3.50168,0.710467939565761
14592,3.50192,-0.419937896233622
14593,3.50216,0.633188476859519
14594,3.5024,0.119076897597814
14595,3.50264,-0.35390687327661
14596,3.50288,0.613447621486003
14597,3.50312,-0.329131791899674
14598,3.50336,-0.398878874515983
14599,3.5036,0.244154942883065
14600,3.50384,-0.768077462604207
14601,3.50408,-0.446924531633237
14602,3.50432,-0.243965938412172
14603,3.50456,-0.857358471238431
14604,3.5048,-0.753508452723484
14605,3.50504,-0.509351351813632
14606,3.50528,-0.615164675993487
14607,3.50552,-0.845144506378466
14608,3.50576,-0.935935403341052
14609,3.506,-0.773386971485193
14610,3.50624,-0.740859330607113
14611,3.50648,-1.52969507259552
14612,3.50672,-1.11421067049063
14613,3.50696,-0.935839564949713
14614,3.5072,-1.59105091873506
14615,3.50744,-1.03755793672281
14616,3.50768,-1.57788051034298
14617,3.50792,-1.85949697715048
14618,3.50816,-1.30282082500296
14619,3.5084,-1.94699658838763
14620,3.50864,-1.26709630383596
14621,3.50888,-2.03086671683695
14622,3.50912,-1.47562561833188
14623,3.50936,-2.11903310196438
14624,3.5096,-1.91907734957496
14625,3.50984,-2.20730229022516
14626,3.51008,-2.13890615656447
14627,3.51032,-2.06424704570075
14628,3.51056,-2.24138408347438
14629,3.5108,-1.94758607113087
14630,3.51104,-2.24893847273341
14631,3.51128,-2.3277696664352
14632,3.51152,-2.41131413076829
14633,3.51176,-2.25064551484159
14634,3.512,-2.47300564425754
14635,3.51224,-2.4556255188195
14636,3.51248,-2.19953696915812
14637,3.51272,-2.81100968781807
14638,3.51296,-2.57476462886925
14639,3.5132,-2.23127679015496
14640,3.51344,-3.11501092818515
14641,3.51368,-2.545228311489
14642,3.51392,-2.36250107194292
14643,3.51416,-2.80003242994089
14644,3.5144,-2.62978554701192
14645,3.51464,-2.49233246154588
14646,3.51488,-3.56051473864363
14647,3.51512,-2.70257958462958
14648,3.51536,-2.36903159655964
14649,3.5156,-3.25752836190162
14650,3.51584,-2.93325976996963
14651,3.51608,-2.63964186768201
14652,3.51632,-3.58091458594645
14653,3.51656,-3.05882083471538
14654,3.5168,-2.58215426397414
14655,3.51704,-3.81495674560534
14656,3.51728,-2.75348914556478
14657,3.51752,-2.58260892042478
14658,3.51776,-3.52645544910171
14659,3.518,-2.75984094918558
14660,3.51824,-2.66135078066005
14661,3.51848,-3.17140311225452
14662,3.51872,-3.6788047556544
14663,3.51896,-2.40444310578592
14664,3.5192,-2.87046349200742
14665,3.51944,-3.45557087530252
14666,3.51968,-2.9587456465918
14667,3.51992,-2.65027686909785
14668,3.52016,-3.42888620596856
14669,3.5204,-2.64537855356044
14670,3.52064,-2.41472404354562
14671,3.52088,-3.38640207119195
14672,3.52112,-2.79224301418131
14673,3.52136,-2.50601306428801
14674,3.5216,-3.42622530353457
14675,3.52184,-2.54496652486737
14676,3.52208,-2.57420317536147
14677,3.52232,-3.67618825029458
14678,3.52256,-2.15807997713821
14679,3.5228,-2.74375622996997
14680,3.52304,-3.18833492593113
14681,3.52328,-1.99998067305176
14682,3.52352,-3.12714955721662
14683,3.52376,-2.44671244377256
14684,3.524,-2.19418777694873
14685,3.52424,-3.25743266143149
14686,3.52448,-1.94447045961831
14687,3.52472,-2.48831518410253
14688,3.52496,-2.65706103342429
14689,3.5252,-1.67808128836853
14690,3.52544,-3.11882493618655
14691,3.52568,-2.3941072954
14692,3.52592,-1.37174881163707
14693,3.52616,-2.54480064810562
14694,3.5264,-2.37367195435954
14695,3.52664,-1.42606858326844
14696,3.52688,-2.31348105495468
14697,3.52712,-2.10208718337539
14698,3.52736,-1.22642552184899
14699,3.5276,-2.18627474944375
14700,3.52784,-2.04346667690161
14701,3.52808,-1.34998638544564
14702,3.52832,-1.1917012733168
14703,3.52856,-1.3988414852897
14704,3.5288,-2.20108725152889
14705,3.52904,-0.520914262098467
14706,3.52928,-1.51892841869716
14707,3.52952,-1.54627273612015
14708,3.52976,-1.02814797733263
14709,3.53,-1.47576097702372
14710,3.53024,-1.8017650943179
14711,3.53048,-0.857563025505692
14712,3.53072,-1.13117190862435
14713,3.53096,-0.924067163505117
14714,3.5312,-0.0415617537322024
14715,3.53144,-1.1003279624526
14716,3.53168,-0.950176884076431
14717,3.53192,-0.00405881954328779
14718,3.53216,-0.395498045379944
14719,3.5324,-0.78216022818604
14720,3.53264,-0.00701921609563616
14721,3.53288,-0.320215026723963
14722,3.53312,-0.52116996514393
14723,3.53336,-0.0389006722444001
14724,3.5336,-0.150210396481965
14725,3.53384,-0.0474187101906587
14726,3.53408,0.035197100687222
14727,3.53432,0.244671686345733
14728,3.53456,0.300295076746616
14729,3.5348,0.465134204329604
14730,3.53504,0.513074497105941
14731,3.53528,0.533493361680639
14732,3.53552,0.312727945301295
14733,3.53576,0.804100299991296
14734,3.536,0.666758278631825
14735,3.53624,0.178072415986566
14736,3.53648,0.643176933780786
14737,3.53672,1.32817481235832
14738,3.53696,0.935602987086023
14739,3.5372,1.37478500190489
14740,3.53744,0.955516961129165
14741,3.53768,1.02697203480884
14742,3.53792,1.56354427910043
14743,3.53816,1.13060414633437
14744,3.5384,1.42891343912445
14745,3.53864,1.34964172854451
14746,3.53888,1.75479916152834
14747,3.53912,1.44029103469771
14748,3.53936,1.48409573322591
14749,3.5396,2.00683830544901
14750,3.53984,1.45077824806578
14751,3.54008,1.73178858301805
14752,3.54032,1.89292578634574
14753,3.54056,1.82314837609489
14754,3.5408,2.10810859434902
14755,3.54104,2.15824897017419
14756,3.54128,1.85714966097113
14757,3.54152,2.15184609675183
14758,3.54176,2.2121183046493
14759,3.542,1.93010218097978
14760,3.54224,2.36278981543751
14761,3.54248,2.44856317113433
14762,3.54272,2.42207477668033
14763,3.54296,2.27098490622411
14764,3.5432,2.62520527236541
14765,3.54344,2.6135394444141
14766,3.54368,2.2526888131919
14767,3.54392,2.99513442725143
14768,3.54416,2.40771536501074
14769,3.5444,2.45509573288513
14770,3.54464,3.34366641406674
14771,3.54488,2.19060177214832
14772,3.54512,2.75945873921319
14773,3.54536,3.44405576893435
14774,3.5456,2.45588379219803
14775,3.54584,3.06864847036153
14776,3.54608,3.42673852234522
14777,3.54632,2.36797277530934
14778,3.54656,3.14792236220531
14779,3.5468,3.54270781723536
14780,3.54704,2.29257399104265
14781,3.54728,3.35547232239479
14782,3.54752,3.32725582953877
14783,3.54776,2.3815425428551
14784,3.548,3.60349552617658
14785,3.54824,3.14756611630676
14786,3.54848,2.14518248619012
14787,3.54872,3.55185351647872
14788,3.54896,2.21518929935907
14789,3.5492,2.72513118102655
14790,3.54944,3.23810249982985
14791,3.54968,3.74589333835665
14792,3.54992,2.12553480432661
14793,3.55016,2.72339650054358
14794,3.5504,3.55973893672604
14795,3.55064,2.7116320878431
14796,3.55088,2.77075804101212
14797,3.55112,3.66752659463421
14798,3.55136,2.53083246311908
14799,3.5516,2.8978303820602
14800,3.55184,3.62069809490032
14801,3.55208,2.33356641645727
14802,3.55232,2.77736341033885
14803,3.55256,3.45073082557057
14804,3.5528,2.12087255580402
14805,3.55304,3.10657274690314
14806,3.55328,2.7666083634159
14807,3.55352,2.48928241634213
14808,3.55376,3.5289693739153
14809,3.554,2.07698629919183
14810,3.55424,2.83561211101833
14811,3.55448,2.9766393168472
14812,3.55472,1.85800809358902
14813,3.55496,3.15937858893363
14814,3.5552,2.41651637873114
14815,3.55544,1.98584854539507
14816,3.55568,2.99350630439315
14817,3.55592,2.3267418413599
14818,3.55616,1.73107811862612
14819,3.5564,3.17491579442274
14820,3.55664,2.10537852117922
14821,3.55688,1.58517754396957
14822,3.55712,2.74460434567463
14823,3.55736,1.76366846209958
14824,3.5576,2.0349954273261
14825,3.55784,2.52760191454046
14826,3.55808,1.62439359295946
14827,3.55832,1.73071493450455
14828,3.55856,1.94236035925807
14829,3.5588,1.11959736490689
14830,3.55904,2.11293361449375
14831,3.55928,0.729353146989542
14832,3.55952,1.55519004122139
14833,3.55976,1.65619064332799
14834,3.56,2.24106480287126
14835,3.56024,0.465813777572101
14836,3.56048,1.37935505789851
14837,3.56072,1.56647350144991
14838,3.56096,0.921494049265204
14839,3.5612,0.693567843751329
14840,3.56144,1.66802172906641
14841,3.56168,0.846054409408402
14842,3.56192,0.439385400558344
14843,3.56216,1.58770652967624
14844,3.5624,0.599043995339845
14845,3.56264,0.600880171358704
14846,3.56288,0.83791036003363
14847,3.56312,0.0302138127374721
14848,3.56336,0.685003913630871
14849,3.5636,0.253241509362431
14850,3.56384,-0.253990273137183
14851,3.56408,0.678630699530928
14852,3.56432,-0.18132000393981
14853,3.56456,0.0744351374247425
14854,3.5648,0.322349265832685
14855,3.56504,-0.719386592861212
14856,3.56528,0.0532911547289276
14857,3.56552,0.106383812425209
14858,3.56576,-0.412997968439179
14859,3.566,-0.217976160457978
14860,3.56624,-0.59954637013802
14861,3.56648,-0.36830406055064
14862,3.56672,-0.740991041914339
14863,3.56696,-0.723941736384593
14864,3.5672,-0.590671401533077
14865,3.56744,-1.05246650039804
14866,3.56768,-1.01114387663023
14867,3.56792,-1.10060374352335
14868,3.56816,-0.811056731241913
14869,3.5684,-0.998955324821534
14870,3.56864,-1.06403803735443
14871,3.56888,-1.71975945365407
14872,3.56912,-1.41715232579585
14873,3.56936,-1.1002635584682
14874,3.5696,-1.26411737390612
14875,3.56984,-1.90854340049881
14876,3.57008,-1.35066770987562
14877,3.57032,-1.39409924688624
14878,3.57056,-1.557166462543
14879,3.5708,-2.20210959616091
14880,3.57104,-1.52104229074579
14881,3.57128,-2.04461978498027
14882,3.57152,-1.97659920155603
14883,3.57176,-2.02196724648663
14884,3.572,-2.07243240005541
14885,3.57224,-2.01319174632319
14886,3.57248,-2.3084460811983
14887,3.57272,-2.25442797748096
14888,3.57296,-2.33000416782821
14889,3.5732,-2.28325843820972
14890,3.57344,-2.24322592003812
14891,3.57368,-2.1055336851555
14892,3.57392,-2.55924826034796
14893,3.57416,-2.18200561449128
14894,3.5744,-2.54890698983413
14895,3.57464,-2.5469112497794
14896,3.57488,-2.44858203334615
14897,3.57512,-2.84396858356772
14898,3.57536,-2.51234731866539
14899,3.5756,-2.81362775553007
14900,3.57584,-3.35132356225257
14901,3.57608,-2.22138767606592
14902,3.57632,-2.80708115562554
14903,3.57656,-2.89706406474058
14904,3.5768,-2.53853810472384
14905,3.57704,-2.92423359474684
14906,3.57728,-2.81800080854596
14907,3.57752,-2.51083661719605
14908,3.57776,-3.66769978189106
14909,3.578,-2.77221036711756
14910,3.57824,-2.41071168643501
14911,3.57848,-3.35736697366039
14912,3.57872,-2.64539245892436
14913,3.57896,-3.65445308895676
14914,3.5792,-3.44003913160707
14915,3.57944,-2.55386632727968
14916,3.57968,-3.2698580484306
14917,3.57992,-3.00234166294829
14918,3.58016,-2.67175516798002
14919,3.5804,-3.19012950971965
14920,3.58064,-3.47092480373496
14921,3.58088,-2.59437090901103
14922,3.58112,-3.18274645548883
14923,3.58136,-3.88527077408297
14924,3.5816,-2.22322383935796
14925,3.58184,-2.89325886635017
14926,3.58208,-3.67613624507255
14927,3.58232,-2.78130189911728
14928,3.58256,-2.6777924150651
14929,3.5828,-3.53274831156664
14930,3.58304,-2.25261350014777
14931,3.58328,-2.82292884396191
14932,3.58352,-3.50192597852007
14933,3.58376,-1.9378194491396
14934,3.584,-2.9396117852262
14935,3.58424,-3.20633926232277
14936,3.58448,-1.96761838514628
14937,3.58472,-3.15625815855159
14938,3.58496,-2.77487269783436
14939,3.5852,-2.10261423924113
14940,3.58544,-3.35511507217819
14941,3.58568,-2.33418071369914
14942,3.58592,-2.46035897819493
14943,3.58616,-3.04866962350961
14944,3.5864,-1.87975258151439
14945,3.58664,-2.79368151829699
14946,3.58688,-2.37671939291394
14947,3.58712,-1.54435534460369
14948,3.58736,-3.0054036547408
14949,3.5876,-2.18343842269637
14950,3.58784,-1.42463089000627
14951,3.58808,-2.71898215116411
14952,3.58832,-1.62923798162013
14953,3.58856,-1.79593769992825
14954,3.5888,-2.30169408191411
14955,3.58904,-1.17281923928176
14956,3.58928,-2.59277072235687
14957,3.58952,-1.84874581476722
14958,3.58976,-1.03771714855415
14959,3.59,-1.93704236693764
14960,3.59024,-1.50457453260562
14961,3.59048,-1.13496759966723
14962,3.59072,-1.6127389679049
14963,3.59096,-1.84964460730921
14964,3.5912,-1.17951584223654
14965,3.59144,-1.24245557155958
14966,3.59168,-1.90693747092686
14967,3.59192,-0.206681495035208
14968,3.59216,-1.18729838044391
14969,3.5924,-1.3175346919177
14970,3.59264,-0.388427030582107
14971,3.59288,-0.82489318071617
14972,3.59312,-1.3746501371136
14973,3.59336,-0.158403703252978
14974,3.5936,-0.650939509154151
14975,3.59384,-1.01382430059052
14976,3.59408,0.0270506310853207
14977,3.59432,-0.271700131691395
14978,3.59456,-0.809065696455628
14979,3.5948,0.055875015075268
14980,3.59504,-0.163194383887565
14981,3.59528,-0.391408604232657
14982,3.59552,0.187252369913195
14983,3.59576,-0.0711509517112374
14984,3.596,0.0111134281946654
14985,3.59624,0.193982762938442
14986,3.59648,0.381203583366146
14987,3.59672,0.418188663511257
14988,3.59696,0.212571901487277
14989,3.5972,0.71772004787703
14990,3.59744,0.473853331446487
14991,3.59768,0.122173293030842
14992,3.59792,0.837173466650404
14993,3.59816,1.17035895241796
14994,3.5984,1.15179331684829
14995,3.59864,0.749768202415723
14996,3.59888,0.82826452004064
14997,3.59912,0.905018207460386
14998,3.59936,1.44599606752214
14999,3.5996,1.39546740003669
15000,3.59984,1.08617153728214
15001,3.60008,1.25704756335353
15002,3.60032,1.30860340839332
15003,3.60056,1.22983029718252
15004,3.6008,1.87629141051438
15005,3.60104,1.3205653064163
15006,3.60128,1.48121927233593
15007,3.60152,1.52355502827576
15008,3.60176,2.16690264956108
15009,3.602,1.48706998150192
15010,3.60224,2.01292775708167
15011,3.60248,1.70494724908975
15012,3.60272,2.59434409574356
15013,3.60296,2.04244993210324
15014,3.6032,1.86697833256046
15015,3.60344,2.53255577843559
15016,3.60368,2.35189614574939
15017,3.60392,1.94977788883478
15018,3.60416,2.87285050462174
15019,3.6044,1.86903940174332
15020,3.60464,2.33438960917828
15021,3.60488,2.91259189902683
15022,3.60512,1.81993540753667
15023,3.60536,2.67425363601295
15024,3.6056,3.03104803093369
15025,3.60584,1.97118808930193
15026,3.60608,2.97286841156599
15027,3.60632,2.88329348627061
15028,3.60656,2.09827193671935
15029,3.6068,3.02171167715572
15030,3.60704,2.96831024844327
15031,3.60728,2.35707091107096
15032,3.60752,3.31068301923171
15033,3.60776,2.94181486500828
15034,3.608,2.49686201715765
15035,3.60824,3.12195831309756
15036,3.60848,2.80745435459503
15037,3.60872,3.37207931441192
15038,3.60896,3.07995928114861
15039,3.6092,2.69781094898577
15040,3.60944,3.19811482356636
15041,3.60968,3.20087481181649
15042,3.60992,2.29235845504093
15043,3.61016,3.54739432763694
15044,3.6104,2.8942626298572
15045,3.61064,2.40779313085183
15046,3.61088,2.90709663232015
15047,3.61112,3.40151110254944
15048,3.61136,3.65835198799605
15049,3.6116,2.28209222375145
15050,3.61184,3.10888962071734
15051,3.61208,3.79856975466409
15052,3.61232,2.35101601892361
15053,3.61256,2.88715416550135
15054,3.6128,3.53579986473997
15055,3.61304,2.86661812359803
15056,3.61328,2.86428612000735
15057,3.61352,3.58412420923362
15058,3.61376,2.51520382153812
15059,3.614,2.71034335776614
15060,3.61424,3.61659378437633
15061,3.61448,2.38231840155897
15062,3.61472,2.65461676805933
15063,3.61496,3.51137655149115
15064,3.6152,1.99909270285108
15065,3.61544,3.05692193743931
15066,3.61568,2.77638942276757
15067,3.61592,2.20232887262195
15068,3.61616,3.4365200911363
15069,3.6164,2.04584744642026
15070,3.61664,2.51598336467719
15071,3.61688,2.85098122514439
15072,3.61712,1.79395375221242
15073,3.61736,3.04176779710724
15074,3.6176,2.25089509654145
15075,3.61784,2.24150945772388
15076,3.61808,2.82193985449359
15077,3.61832,1.64543421433626
15078,3.61856,2.4344314425435
15079,3.6188,2.72388324291579
15080,3.61904,1.85416508821829
15081,3.61928,1.8782091224169
15082,3.61952,2.60920613592007
15083,3.61976,1.68930205499745
15084,3.62,1.30778972241263
15085,3.62024,2.48500432595028
15086,3.62048,1.86382424176015
15087,3.62072,1.0659488014505
15088,3.62096,2.31454955549198
15089,3.6212,1.88207115793711
15090,3.62144,1.27666990497837
15091,3.62168,1.282087871583
15092,3.62192,2.01134748239409
15093,3.62216,0.626891653035764
15094,3.6224,1.18839221302156
15095,3.62264,1.98592938037502
15096,3.62288,0.292208371249182
15097,3.62312,1.27540517536966
15098,3.62336,1.05063356093641
15099,3.6236,0.156479209251423
15100,3.62384,1.19448872658289
15101,3.62408,1.26323723660434
15102,3.62432,0.176636120292385
15103,3.62456,0.430673323786367
15104,3.6248,1.15955611731087
15105,3.62504,0.124030609042096
15106,3.62528,0.424230520714311
15107,3.62552,0.124842940775233
15108,3.62576,-0.133138463368217
15109,3.626,0.451451476116874
15110,3.62624,-0.278908406230692
15111,3.62648,0.110836927443192
15112,3.62672,0.370719805730671
15113,3.62696,-0.66984138629354
15114,3.6272,0.117353416762901
15115,3.62744,-0.187455067598179
15116,3.62768,-0.705285790574627
15117,3.62792,-0.125146628737963
15118,3.62816,-0.270563016646326
15119,3.6284,-1.23069543550202
15120,3.62864,-0.626180702293968
15121,3.62888,-0.497034201072954
15122,3.62912,-1.1929615945107
15123,3.62936,-0.924494589756122
15124,3.6296,-0.650304749069029
15125,3.62984,-1.32294255821332
15126,3.63008,-1.03586253616214
15127,3.63032,-0.982280477440448
15128,3.63056,-1.27838425268302
15129,3.6308,-0.971025199871883
15130,3.63104,-1.39381256285852
15131,3.63128,-1.67416559347142
15132,3.63152,-1.36209863458326
15133,3.63176,-2.00804119827205
15134,3.632,-1.57000181615073
15135,3.63224,-2.09393428249338
15136,3.63248,-1.5338782140415
15137,3.63272,-1.45565576780047
15138,3.63296,-1.86462227457693
15139,3.6332,-2.271269355852
15140,3.63344,-1.71234535413033
15141,3.63368,-2.0016679488588
15142,3.63392,-2.30146772523422
15143,3.63416,-2.23242030603868
15144,3.6344,-2.05611902823874
15145,3.63464,-2.13186616701033
15146,3.63488,-2.44050828245797
15147,3.63512,-2.40536257083278
15148,3.63536,-2.61664793617465
15149,3.6356,-2.34619610519497
15150,3.63584,-2.09947481944419
15151,3.63608,-2.5768350488227
15152,3.63632,-2.45114008234047
15153,3.63656,-2.71613352936254
15154,3.6368,-2.61539089346916
15155,3.63704,-2.41132118856604
15156,3.63728,-3.18569521063302
15157,3.63752,-2.51179379181083
15158,3.63776,-2.47609336329467
15159,3.638,-3.40246123892177
15160,3.63824,-2.88738373393402
15161,3.63848,-2.53858518788639
15162,3.63872,-3.26064014942182
15163,3.63896,-2.91528076077029
15164,3.6392,-2.72718063583411
15165,3.63944,-2.88894576491222
15166,3.63968,-2.6039852450016
15167,3.63992,-3.55281330462097
15168,3.64016,-3.1543241771335
15169,3.6404,-2.7932570310269
15170,3.64064,-3.43228201033479
15171,3.64088,-3.33650085745063
15172,3.64112,-2.79763826699573
15173,3.64136,-3.26349890996829
15174,3.6416,-2.75027774410931
15175,3.64184,-2.66013671465489
15176,3.64208,-3.17192492636231
15177,3.64232,-3.68516818403654
15178,3.64256,-2.55377805155981
15179,3.6428,-3.13783029840848
15180,3.64304,-3.71468971981821
15181,3.64328,-2.16025099000999
15182,3.64352,-2.94446637391876
15183,3.64376,-3.83234053017742
15184,3.644,-2.23168028413597
15185,3.64424,-2.96162031861338
15186,3.64448,-3.55670807831861
15187,3.64472,-2.15188128930122
15188,3.64496,-2.95062625997272
15189,3.6452,-3.37966469719235
15190,3.64544,-2.16909537823083
15191,3.64568,-2.92246215024684
15192,3.64592,-3.06094768826658
15193,3.64616,-2.29490836250822
15194,3.6464,-3.34674823685491
15195,3.64664,-2.36199714649851
15196,3.64688,-2.52469819362667
15197,3.64712,-3.15404493865708
15198,3.64736,-1.78795237374624
15199,3.6476,-3.0914266959121
15200,3.64784,-2.35143021495484
15201,3.64808,-2.28122061130676
15202,3.64832,-2.91515715420248
15203,3.64856,-1.789369824074
15204,3.6488,-2.74638546360743
15205,3.64904,-2.37013462206644
15206,3.64928,-1.33376330932582
15207,3.64952,-2.72189907323184
15208,3.64976,-2.41667941898084
15209,3.65,-1.44492084633219
15210,3.65024,-2.66724931276886
15211,3.65048,-1.84868159381653
15212,3.65072,-1.68613136574852
15213,3.65096,-2.47012347780677
15214,3.6512,-1.49103745882431
15215,3.65144,-1.52548055918375
15216,3.65168,-2.0234225242804
15217,3.65192,-0.656993503596134
15218,3.65216,-1.48609240063702
15219,3.6524,-1.5902143353435
15220,3.65264,-2.29829557698838
15221,3.65288,-0.522924323510973
15222,3.65312,-1.42932270424791
15223,3.65336,-1.48597150058734
15224,3.6536,-0.489030492768868
15225,3.65384,-1.22567856793215
15226,3.65408,-1.22954739659649
15227,3.65432,-0.177455777223368
15228,3.65456,-1.0895014088294
15229,3.6548,-1.27160123627637
15230,3.65504,-0.0480412809473088
15231,3.65528,-0.897588232510278
15232,3.65552,-0.894051217540235
15233,3.65576,0.0329931599633666
15234,3.656,-0.625170956056351
15235,3.65624,-0.313963139505469
15236,3.65648,0.317155807521103
15237,3.65672,-0.740082512264389
15238,3.65696,-0.00196582034166215
15239,3.6572,0.340398018014922
15240,3.65744,-0.514531909766985
15241,3.65768,0.287757455010684
15242,3.65792,0.234778735494174
15243,3.65816,0.424248991899486
15244,3.6584,0.342577424187531
15245,3.65864,0.0248286707622523
15246,3.65888,0.655388446738748
15247,3.65912,0.416237774543405
15248,3.65936,0.424903941305796
15249,3.6596,0.903000202645229
15250,3.65984,0.998140360545249
15251,3.66008,0.860701273784798
15252,3.66032,0.593605575422528
15253,3.66056,1.26922779138703
15254,3.6608,1.10673957014887
15255,3.66104,0.815395113082275
15256,3.66128,1.47463800259427
15257,3.66152,1.04665624221526
15258,3.66176,1.34887227908126
15259,3.662,1.39649619671184
15260,3.66224,1.55867413531172
15261,3.66248,1.60092339520293
15262,3.66272,1.64537604407724
15263,3.66296,1.44799565211924
15264,3.6632,1.85209132611888
15265,3.66344,1.89395489563062
15266,3.66368,1.57521636015716
15267,3.66392,1.61865659913382
15268,3.66416,2.2701849535027
15269,3.6644,1.71432728381511
15270,3.66464,1.64773598279994
15271,3.66488,2.30805250758969
15272,3.66512,2.47923014277651
15273,3.66536,2.30680522571174
15274,3.6656,2.0229487408029
15275,3.66584,2.33468753607261
15276,3.66608,2.29705623457018
15277,3.66632,2.51618586560563
15278,3.66656,2.60523081335295
15279,3.6668,2.23963306827122
15280,3.66704,2.84295917749051
15281,3.66728,2.59881022506887
15282,3.66752,2.26849466264713
15283,3.66776,2.77097692833379
15284,3.668,2.57046762416389
15285,3.66824,2.63239476701617
15286,3.66848,2.56370018511162
15287,3.66872,2.53046153983249
15288,3.66896,3.34211353418815
15289,3.6692,2.23767654826247
15290,3.66944,2.97500284405502
15291,3.66968,3.44815798972111
15292,3.66992,2.39357967445107
15293,3.67016,2.70465668881035
15294,3.6704,3.478712968525
15295,3.67064,2.82309097505007
15296,3.67088,2.69927894560755
15297,3.67112,3.64110271881439
15298,3.67136,2.91648028479676
15299,3.6716,2.48460314333359
15300,3.67184,3.24685266065535
15301,3.67208,3.06745545936372
15302,3.67232,2.33700423243345
15303,3.67256,3.06334561892538
15304,3.6728,3.54883437401164
15305,3.67304,3.07749297447637
15306,3.67328,2.54986597605262
15307,3.67352,3.46975710785657
15308,3.67376,3.30550347734426
15309,3.674,2.47770558051577
15310,3.67424,3.23418702025845
15311,3.67448,3.5004664891043
15312,3.67472,2.13560746381213
15313,3.67496,2.9681256495865
15314,3.6752,3.43247179515844
15315,3.67544,2.25971227957874
15316,3.67568,3.27381346630503
15317,3.67592,3.08094168014925
15318,3.67616,2.46908560949129
15319,3.6764,3.42832482939236
15320,3.67664,2.35219085381382
15321,3.67688,2.66429954937224
15322,3.67712,3.32034123486577
15323,3.67736,1.85494166089617
15324,3.6776,2.8383001823033
15325,3.67784,2.84450698890725
15326,3.67808,1.94973720644258
15327,3.67832,3.11505968608503
15328,3.67856,2.47566368991685
15329,3.6788,2.1425913463169
15330,3.67904,3.12954415677199
15331,3.67928,1.98296894670653
15332,3.67952,2.44893752441796
15333,3.67976,2.77842641153995
15334,3.68,1.47857797688119
15335,3.68024,2.96237198274635
15336,3.68048,2.16357838328088
15337,3.68072,1.30739285495784
15338,3.68096,2.51711167145597
15339,3.6812,2.39249235457805
15340,3.68144,1.23834123998216
15341,3.68168,2.63433361337769
15342,3.68192,1.86763730477023
15343,3.68216,1.39728610141437
15344,3.6824,2.00433447874964
15345,3.68264,0.968653816504109
15346,3.68288,0.943030240794519
15347,3.68312,2.23378869052388
15348,3.68336,1.60032741050189
15349,3.6836,1.39340464812027
15350,3.68384,1.42875174739119
15351,3.68408,2.18743373989254
15352,3.68432,0.348993509068724
15353,3.68456,1.30403963528636
15354,3.6848,1.4107650157249
15355,3.68504,0.225981254003152
15356,3.68528,0.770663264874102
15357,3.68552,0.946841523536815
15358,3.68576,0.41739168293614
15359,3.686,0.535314570162958
15360,3.68624,0.769187638364962
15361,3.68648,0.41777472063481
15362,3.68672,0.588295922679468
15363,3.68696,0.748702335571011
15364,3.6872,-0.38348252799838
15365,3.68744,0.552818808127024
15366,3.68768,0.159278358654566
15367,3.68792,-0.433679649383898
15368,3.68816,0.536983735171939
15369,3.6884,-0.2873061792484
15370,3.68864,-0.115457912559643
15371,3.68888,0.167416686607156
15372,3.68912,-0.603773785885975
15373,3.68936,-0.276084386401191
15374,3.6896,-0.078049340335606
15375,3.68984,-1.05571353348102
15376,3.69008,-0.342712729616762
15377,3.69032,-0.471081279330971
15378,3.69056,-1.17523692795534
15379,3.6908,-0.916387276625189
15380,3.69104,-0.536147962588925
15381,3.69128,-1.2168614762445
15382,3.69152,-1.05883713728157
15383,3.69176,-0.769739962737901
15384,3.692,-1.31186374718462
15385,3.69224,-1.37740754001441
15386,3.69248,-1.06845728356877
15387,3.69272,-1.71903639182625
15388,3.69296,-1.53738195507261
15389,3.6932,-1.34389536220096
15390,3.69344,-1.74767680991563
15391,3.69368,-1.42998926434504
15392,3.69392,-1.47401467610145
15393,3.69416,-1.75606258049595
15394,3.6944,-2.03863484441708
15395,3.69464,-1.71554794694695
15396,3.69488,-2.00155971242782
15397,3.69512,-2.05076882787382
15398,3.69536,-1.8567420328979
15399,3.6956,-1.78867969965851
15400,3.69584,-2.45034967009136
15401,3.69608,-2.3833311349261
15402,3.69632,-2.09518813867514
15403,3.69656,-2.41419979590548
15404,3.6968,-2.36507391241206
15405,3.69704,-2.57584780735248
15406,3.69728,-2.67151295441328
15407,3.69752,-2.16318898388861
15408,3.69776,-2.40391209873549
15409,3.698,-3.12456470476876
15410,3.69824,-2.16340829387267
15411,3.69848,-2.67897241205082
15412,3.69872,-3.18302594037649
15413,3.69896,-2.14085312855349
15414,3.6992,-3.04856231192096
15415,3.69944,-2.98623816558666
15416,3.69968,-2.10791989020388
15417,3.69992,-3.17039497704123
15418,3.70016,-3.14370559129041
15419,3.7004,-2.31655986487294
15420,3.70064,-3.41709271882629
15421,3.70088,-3.19291435672124
15422,3.70112,-2.1727512174412
15423,3.70136,-3.33025994734241
15424,3.7016,-3.15341530984177
15425,3.70184,-2.41831253412982
15426,3.70208,-3.75472904349924
15427,3.70232,-3.03480282451881
15428,3.70256,-2.48471339667442
15429,3.7028,-3.73658017925282
15430,3.70304,-3.54755730364301
15431,3.70328,-2.33223619930579
15432,3.70352,-2.71742833751214
15433,3.70376,-3.10750492188106
15434,3.704,-3.73211977563341
15435,3.70424,-2.22250872362502
15436,3.70448,-2.80859423685016
15437,3.70472,-3.51163177894625
15438,3.70496,-2.77683996138302
15439,3.7052,-2.82627454910657
15440,3.70544,-3.59696585349473
15441,3.70568,-2.57280289556844
15442,3.70592,-2.81645870997148
15443,3.70616,-3.65214849953585
15444,3.7064,-1.99884390095427
15445,3.70664,-3.0305392879506
15446,3.70688,-3.56865550782391
15447,3.70712,-1.98896063368194
15448,3.70736,-3.20939355774812
15449,3.7076,-2.61792381796552
15450,3.70784,-2.45482003331622
15451,3.70808,-3.49223091627023
15452,3.70832,-2.26020763421863
15453,3.70856,-2.65122950794526
15454,3.7088,-2.9106746230517
15455,3.70904,-2.02119767391146
15456,3.70928,-3.18982927897671
15457,3.70952,-2.44370643359414
15458,3.70976,-2.00331235793286
15459,3.71,-3.12000183534659
15460,3.71024,-1.97544066259562
15461,3.71048,-2.33153094471227
15462,3.71072,-2.67060706488943
15463,3.71096,-1.49645095049689
15464,3.7112,-2.64293818914388
15465,3.71144,-2.45136069415731
15466,3.71168,-1.59043587534217
15467,3.71192,-2.0972222018366
15468,3.71216,-2.34025409165095
15469,3.7124,-1.43928779771035
15470,3.71264,-2.70269503031338
15471,3.71288,-1.82032500824448
15472,3.71312,-1.11580735339939
15473,3.71336,-1.77005099972446
15474,3.7136,-1.56748235420586
15475,3.71384,-1.06613101580239
15476,3.71408,-1.53398708987759
15477,3.71432,-2.1211473494718
15478,3.71456,-1.07041846546668
15479,3.7148,-1.47401475308315
15480,3.71504,-0.806554845408721
15481,3.71528,-1.04126889742988
15482,3.71552,-1.15022433332444
15483,3.71576,-1.25991663837374
15484,3.716,-0.823858533840458
15485,3.71624,-0.990281717743212
15486,3.71648,-0.328449713979337
15487,3.71672,-0.798519119347024
15488,3.71696,-0.898397191696049
15489,3.7172,-0.170283611285993
15490,3.71744,-0.330715815064221
15491,3.71768,-0.84428105491269
15492,3.71792,0.300970166973699
15493,3.71816,-0.624481176730421
15494,3.7184,-0.338889524906235
15495,3.71864,0.508611064476826
15496,3.71888,-0.575702267255887
15497,3.71912,0.142061665452191
15498,3.71936,0.461062725027971
15499,3.7196,-0.415381471653112
15500,3.71984,0.610701460685574
15501,3.72008,0.532297150937583
15502,3.72032,0.459835229996096
15503,3.72056,0.48269130681653
15504,3.7208,0.498000995716566
15505,3.72104,0.87331211057352
15506,3.72128,0.622346910205712
15507,3.72152,0.374154266174083
15508,3.72176,0.956421364275712
15509,3.722,1.27674426215544
15510,3.72224,1.00874032767544
15511,3.72248,1.08368397091233
15512,3.72272,1.02711028057185
15513,3.72296,0.978291350865803
15514,3.7232,1.63807726789239
15515,3.72344,1.08412972162837
15516,3.72368,1.1401761685059
15517,3.72392,1.55161929773233
15518,3.72416,1.71453550040908
15519,3.7244,1.28013181290095
15520,3.72464,1.44099663642812
15521,3.72488,1.3611910142236
15522,3.72512,2.00587140488967
15523,3.72536,1.68642822939501
15524,3.7256,1.48465134210537
15525,3.72584,2.25472043819391
15526,3.72608,2.05452161099547
15527,3.72632,1.74421424740852
15528,3.72656,2.4035703722713
15529,3.7268,2.09466495685632
15530,3.72704,2.04075123779362
15531,3.72728,2.11714652839383
15532,3.72752,2.42639018417681
15533,3.72776,2.51213779368324
15534,3.728,2.24647241255484
15535,3.72824,2.33351770866945
15536,3.72848,2.68482341632826
15537,3.72872,2.55566798280297
15538,3.72896,2.07225854202897
15539,3.7292,2.81849846415101
15540,3.72944,3.07241514902281
15541,3.72968,1.90870869839464
15542,3.72992,2.928881054023
15543,3.73016,3.20770834846574
15544,3.7304,2.0790831055446
15545,3.73064,2.89671132761579
15546,3.73088,3.34299441704579
15547,3.73112,2.37519846394334
15548,3.73136,2.76037865760671
15549,3.7316,3.00926994084752
15550,3.73184,2.69138197665339
15551,3.73208,3.48762026081848
15552,3.73232,3.1804746714928
15553,3.73256,2.43193264869884
15554,3.7328,3.16462308524563
15555,3.73304,3.74956807614524
15556,3.73328,2.80436033038952
15557,3.73352,2.50312263245281
15558,3.73376,3.90051142013883
15559,3.734,3.36164323254498
15560,3.73424,2.51943379003029
15561,3.73448,3.02041077561405
15562,3.73472,3.64001020386112
15563,3.73496,2.24119020020123
15564,3.7352,2.81821746563569
15565,3.73544,3.50579656597812
15566,3.73568,2.28752471076488
15567,3.73592,3.04245646738685
15568,3.73616,3.54665792675723
15569,3.7364,2.17143828212656
15570,3.73664,2.87682294188324
15571,3.73688,3.69405429648354
15572,3.73712,2.02292367834005
15573,3.73736,2.92111652460699
15574,3.7376,3.56721385690345
15575,3.73784,2.08689032905821
15576,3.73808,2.81926829637351
15577,3.73832,3.41437274938431
15578,3.73856,2.0112063881674
15579,3.7388,2.81709191640355
15580,3.73904,3.12415675941496
15581,3.73928,1.92321109750526
15582,3.73952,3.03747986602915
15583,3.73976,2.57862274842765
15584,3.74,2.42393203233453
15585,3.74024,3.10587801066309
15586,3.74048,1.78535985565837
15587,3.74072,2.43460157059686
15588,3.74096,2.82576962806698
15589,3.7412,1.58296138550357
15590,3.74144,2.66194930817948
15591,3.74168,2.52595599519341
15592,3.74192,1.36533296955483
15593,3.74216,2.86990259583444
15594,3.7424,2.20759785339507
15595,3.74264,1.24455140192871
15596,3.74288,2.70699144899773
15597,3.74312,1.88718982449232
15598,3.74336,1.84328610152984
15599,3.7436,2.38303451718172
15600,3.74384,1.64255691823747
15601,3.74408,1.78990196576703
15602,3.74432,1.92568557192152
15603,3.74456,0.669002177004471
15604,3.7448,1.49721345524164
15605,3.74504,1.60045487009496
15606,3.74528,2.07069755879353
15607,3.74552,0.534439412006142
15608,3.74576,1.67750533152969
15609,3.746,1.61148962821122
15610,3.74624,0.266659402720988
15611,3.74648,0.882372299312586
15612,3.74672,1.3708560770725
15613,3.74696,0.550641415209876
15614,3.7472,0.50218964194901
15615,3.74744,1.53078142304354
15616,3.74768,0.42196244600345
15617,3.74792,0.546339747120498
15618,3.74816,1.02700865043737
15619,3.7484,0.22091408559159
15620,3.74864,0.391509437342749
15621,3.74888,0.681364452927586
15622,3.74912,-0.197490828665384
15623,3.74936,0.140877096285968
15624,3.7496,0.362730604007001
15625,3.74984,-0.223545763983164
15626,3.75008,0.150163806853201
15627,3.75032,-0.173372417626095
15628,3.75056,-0.241175556618076
15629,3.7508,-0.310389801686691
15630,3.75104,-0.470119305442813
15631,3.75128,-0.153234065262956
15632,3.75152,-0.537588962107573
15633,3.75176,-0.425407355048954
15634,3.752,-0.678387828689362
15635,3.75224,-0.902889821611652
15636,3.75248,-0.171318514981551
15637,3.75272,-0.993512996147235
15638,3.75296,-1.07118741185993
15639,3.7532,-0.918486690224873
15640,3.75344,-0.994922287224147
15641,3.75368,-1.41791882328107
15642,3.75392,-1.24753422462867
15643,3.75416,-1.0586848790637
15644,3.7544,-1.11276680929292
15645,3.75464,-1.16861900660342
15646,3.75488,-1.56830035636635
15647,3.75512,-1.61325266387096
15648,3.75536,-1.65431195476174
15649,3.7556,-1.33738134540157
15650,3.75584,-1.73861948400892
15651,3.75608,-1.78423076157169
15652,3.75632,-2.18721993490395
15653,3.75656,-1.98514277938856
15654,3.7568,-1.91584239243886
15655,3.75704,-1.84531358926953
15656,3.75728,-1.77375617252646
15657,3.75752,-2.31645180708717
15658,3.75776,-2.13547880458026
15659,3.758,-1.71537717880583
15660,3.75824,-2.27853148728652
15661,3.75848,-2.59215693177751
15662,3.75872,-1.82865066452695
15663,3.75896,-2.65142946138004
15664,3.7592,-2.50086907953545
15665,3.75944,-2.13155016295963
15666,3.75968,-3.09303066615585
15667,3.75992,-2.36597195192041
15668,3.76016,-2.51513978527641
15669,3.7604,-3.01472425536192
15670,3.76064,-2.21130471839631
15671,3.76088,-2.63832090749671
15672,3.76112,-2.80982592252476
15673,3.76136,-2.41373329857885
15674,3.7616,-2.99737974845901
15675,3.76184,-2.96485787301105
15676,3.76208,-2.3678804355094
15677,3.76232,-3.11029978213113
15678,3.76256,-2.88345709432686
15679,3.7628,-2.69698892514281
15680,3.76304,-3.72955300641388
15681,3.76328,-2.47599653526572
15682,3.76352,-2.59646106209496
15683,3.76376,-3.06078795990846
15684,3.764,-2.71186698593049
15685,3.76424,-3.83793050781275
15686,3.76448,-3.14380721003954
15687,3.76472,-2.62062949721512
15688,3.76496,-3.29916648694448
15689,3.7652,-2.5751301816716
15690,3.76544,-3.08083308270627
15691,3.76568,-3.58316701767942
15692,3.76592,-2.43344686025298
15693,3.76616,-3.13021067925548
15694,3.7664,-3.81128019703298
15695,3.76664,-2.58813841509556
15696,3.76688,-2.98817302792829
15697,3.76712,-3.38088389012632
15698,3.76736,-2.25454142096325
15699,3.7676,-2.9674847436129
15700,3.76784,-3.67230806381262
15701,3.76808,-2.24007217418184
15702,3.76832,-2.90538656439323
15703,3.76856,-3.68086094541282
15704,3.7688,-2.44754506983279
15705,3.76904,-2.826812407319
15706,3.76928,-3.31575089972257
15707,3.76952,-2.04537056146015
15708,3.76976,-3.0880819408868
15709,3.77,-2.80273776635137
15710,3.77024,-2.34021992982205
15711,3.77048,-3.44025165377268
15712,3.77072,-2.04597723817247
15713,3.77096,-2.8597591585593
15714,3.7712,-2.81733030612792
15715,3.77144,-1.63983071108359
15716,3.77168,-3.00367873951839
15717,3.77192,-2.20149377085368
15718,3.77216,-2.06983059645447
15719,3.7724,-3.00376980421135
15720,3.77264,-1.80614112239309
15721,3.77288,-1.87097476887187
15722,3.77312,-3.00633766738774
15723,3.77336,-1.99486966223552
15724,3.7736,-1.1681347599427
15725,3.77384,-2.63518894140525
15726,3.77408,-2.29238692342319
15727,3.77432,-1.39861460286592
15728,3.77456,-2.2255769922079
15729,3.7748,-2.19706190652249
15730,3.77504,-1.36829362602554
15731,3.77528,-0.957293996462955
15732,3.77552,-1.16507755690983
15733,3.77576,-2.09385923633701
15734,3.776,-1.82136629066212
15735,3.77624,-1.25035204703568
15736,3.77648,-1.40715413695077
15737,3.77672,-1.56738716008807
15738,3.77696,-1.06064629443263
15739,3.7772,-1.16458447195686
15740,3.77744,-1.74943846663692
15741,3.77768,-0.45906743019841
15742,3.77792,-0.634458845197142
15743,3.77816,-1.64687815174569
15744,3.7784,-0.407835120227946
15745,3.77864,-0.402241259919432
15746,3.77888,-1.23117862749278
15747,3.77912,-0.170342550840179
15748,3.77936,-0.448318241155861
15749,3.7796,-0.611055744187787
15750,3.77984,-0.0911664173555693
15751,3.78008,-0.408995249113188
15752,3.78032,-0.0235378662822889
15753,3.78056,-0.15090527113761
15754,3.7808,-0.0271580047559135
15755,3.78104,0.0598944172038143
15756,3.78128,-0.0994181961603848
15757,3.78152,0.458214486321836
15758,3.78176,0.260289046436821
15759,3.782,-0.049933220598763
15760,3.78224,0.826174868846723
15761,3.78248,0.353541449635208
15762,3.78272,0.372832951393017
15763,3.78296,0.731479679012744
15764,3.7832,0.592577674107591
15765,3.78344,0.58195542239774
15766,3.78368,1.27532179822768
15767,3.78392,0.632021347258013
15768,3.78416,0.96062923046443
15769,3.7844,1.14851645456726
15770,3.78464,1.21664090381181
15771,3.78488,1.16002776531142
15772,3.78512,1.21269392449055
15773,3.78536,1.62095377326217
15774,3.7856,1.56168538001509
15775,3.78584,1.36862225535305
15776,3.78608,1.89255221968791
15777,3.78632,1.33596390668266
15778,3.78656,1.49834637472539
15779,3.7868,1.4177756312245
15780,3.78704,2.0647161325647
15781,3.78728,1.74436811079932
15782,3.78752,1.90407404383746
15783,3.78776,1.83837850009457
15784,3.788,2.49017235921286
15785,3.78824,1.69570459686166
15786,3.78848,1.75709117468018
15787,3.78872,2.18671914890224
15788,3.78896,2.4857570620212
15789,3.7892,2.08417215480244
15790,3.78944,2.64768940333892
15791,3.78968,2.48278804926934
15792,3.78992,2.10619700003832
15793,3.79016,2.80561465260694
15794,3.7904,2.43037832379676
15795,3.79064,2.4420028471458
15796,3.79088,2.68275385781959
15797,3.79112,2.58907777319572
15798,3.79136,2.86352113354778
15799,3.7916,2.65417312320205
15800,3.79184,2.96198268368968
15801,3.79208,3.02286010256292
15802,3.79232,2.3818961016599
15803,3.79256,3.33237830934833
15804,3.7928,2.94354295981864
15805,3.79304,2.47470557828075
15806,3.79328,3.45463699813164
15807,3.79352,3.11173392115505
15808,3.79376,2.45724347311897
15809,3.794,3.60245197046441
15810,3.79424,3.18647382175233
15811,3.79448,2.70201647406836
15812,3.79472,3.77392103039502
15813,3.79496,3.04960391329768
15814,3.7952,2.49708112682242
15815,3.79544,3.18217986855259
15816,3.79568,3.36047886374204
15817,3.79592,2.50026162685394
15818,3.79616,2.87912837358745
15819,3.7964,3.49279086628232
15820,3.79664,3.63009750182977
15821,3.79688,2.37393853546033
15822,3.79712,2.84198340407977
15823,3.79736,3.7776172094879
15824,3.7976,2.33044777403739
15825,3.79784,2.86532999193911
15826,3.79808,3.63146306094572
15827,3.79832,2.14167851698867
15828,3.79856,2.86796151184838
15829,3.7988,3.57974694961514
15830,3.79904,2.28370249236374
15831,3.79928,3.18715313328334
15832,3.79952,2.76245904418735
15833,3.79976,2.52342230869335
15834,3.8,3.60399586131863
15835,3.80024,2.53721227466367
15836,3.80048,2.37907425831393
15837,3.80072,3.41447575027791
15838,3.80096,2.1851145663088
15839,3.8012,2.58040852333283
15840,3.80144,3.07927247330905
15841,3.80168,1.70238453661927
15842,3.80192,2.88497433326783
15843,3.80216,2.49644507204268
15844,3.8024,2.17025376207126
15845,3.80264,3.05656944292198
15846,3.80288,2.38071941626964
15847,3.80312,1.77049998451815
15848,3.80336,2.49991029412017
15849,3.8036,2.73674655347572
15850,3.80384,1.46830356710427
15851,3.80408,2.39849575115869
15852,3.80432,2.47713730492466
15853,3.80456,1.63666906519429
15854,3.8048,2.16410698400353
15855,3.80504,2.42539849825751
15856,3.80528,1.77266664912532
15857,3.80552,1.65049242728379
15858,3.80576,2.47039963829495
15859,3.806,1.75801875837451
15860,3.80624,0.978560827486067
15861,3.80648,1.07348424848568
15862,3.80672,1.89154162189924
15863,3.80696,1.62729727059371
15864,3.8072,0.452291476297112
15865,3.80744,1.47553732502246
15866,3.80768,1.64712434531221
15867,3.80792,0.403390918728169
15868,3.80816,1.36478458367974
15869,3.8084,1.47383007111101
15870,3.80864,0.317709620787781
15871,3.80888,0.619207272755583
15872,3.80912,1.6374975466718
15873,3.80936,0.407775902196575
15874,3.8096,0.522686304954101
15875,3.80984,1.11457554424618
15876,3.81008,0.301811424698708
15877,3.81032,0.466079662900798
15878,3.81056,0.0318704433775212
15879,3.8108,0.121690468705922
15880,3.81104,0.805998068855291
15881,3.81128,-0.175054094505626
15882,3.81152,-0.16387345134216
15883,3.81176,0.323898635638047
15884,3.812,-0.479465540380795
15885,3.81224,-0.0807196375843593
15886,3.81248,-0.148280277759542
15887,3.81272,-0.551814580718673
15888,3.81296,-0.360400290348755
15889,3.8132,-0.623768471492016
15890,3.81344,-0.520450189415156
15891,3.81368,-0.774900298780284
15892,3.81392,-0.763493136040823
15893,3.81416,-0.51697059477197
15894,3.8144,-0.982244192190665
15895,3.81464,-0.823324698466363
15896,3.81488,-0.55558512720573
15897,3.81512,-1.35165208858907
15898,3.81536,-1.18281290437612
15899,3.8156,-0.884903036345606
15900,3.81584,-1.54001593315912
15901,3.81608,-1.36167247953516
15902,3.81632,-1.40696165748149
15903,3.81656,-1.32923503476631
15904,3.8168,-1.73497528806026
15905,3.81704,-1.41665899360902
15906,3.81728,-1.34030555614238
15907,3.81752,-1.50161207079602
15908,3.81776,-1.90722285028381
15909,3.818,-1.94878824354849
15910,3.81824,-1.86678240033859
15911,3.81848,-1.79923741147693
15912,3.81872,-2.44888940902468
15913,3.81896,-2.014839373967
15914,3.8192,-1.83540861464291
15915,3.81944,-2.49728081756906
15916,3.81968,-2.31269104353127
15917,3.81992,-2.14741842443353
15918,3.82016,-2.46688897626505
15919,3.8204,-2.30048786339794
15920,3.82064,-2.27690288287557
15921,3.82088,-2.61277865116553
15922,3.82112,-2.35277959115023
15923,3.82136,-2.71258517167298
15924,3.8216,-2.34601100444733
15925,3.82184,-2.48912183113113
15926,3.82208,-3.23384662994511
15927,3.82232,-2.18059674903346
15928,3.82256,-2.96013778507341
15929,3.8228,-3.12495726575731
15930,3.82304,-1.99807494660906
15931,3.82328,-3.05438582608761
15932,3.82352,-3.25881099213214
15933,3.82376,-2.29359220083162
15934,3.824,-3.3938826388808
15935,3.82424,-2.92124319297605
15936,3.82448,-2.60955613571589
15937,3.82472,-3.74688570671805
15938,3.82496,-3.07579139027635
15939,3.8252,-2.68769704816612
15940,3.82544,-3.40868847214642
15941,3.82568,-3.15316127056032
15942,3.82592,-2.57582001838942
15943,3.82616,-2.8777871878682
15944,3.8264,-3.28367410721622
15945,3.82664,-2.88036536276707
15946,3.82688,-2.410391301411
15947,3.82712,-3.03058667647579
15948,3.82736,-3.41370057574014
15949,3.8276,-3.07570678947278
15950,3.82784,-2.56285759012876
15951,3.82808,-3.2613173567312
15952,3.82832,-3.71935645752717
15953,3.82856,-2.41293707537901
15954,3.8288,-3.06719726660357
15955,3.82904,-3.82905263170102
15956,3.82928,-2.10476633719368
15957,3.82952,-2.83816937407192
15958,3.82976,-3.56350436372325
15959,3.83,-2.38277820891866
15960,3.83024,-2.8251287437265
15961,3.83048,-3.49805372315052
15962,3.83072,-2.04348345513751
15963,3.83096,-2.80057092718429
15964,3.8312,-3.30129505905244
15965,3.83144,-2.04501474006506
15966,3.83168,-3.10893645436826
15967,3.83192,-2.59899837849131
15968,3.83216,-2.27691756242137
15969,3.8324,-3.51513099426068
15970,3.83264,-2.1283068234388
15971,3.83288,-2.60469899704407
15972,3.83312,-2.82641654473076
15973,3.83336,-1.78056436395813
15974,3.8336,-3.15473729343613
15975,3.83384,-2.01975283359673
15976,3.83408,-2.26493284385276
15977,3.83432,-2.85334293557077
15978,3.83456,-1.91570943159188
15979,3.8348,-1.75798386711324
15980,3.83504,-2.9095695163788
15981,3.83528,-1.91683485730561
15982,3.83552,-1.47508750371423
15983,3.83576,-2.5781584753366
15984,3.836,-1.66799840386729
15985,3.83624,-1.29362358220368
15986,3.83648,-2.47398345740687
15987,3.83672,-1.748036359195
15988,3.83696,-0.832707812206234
15989,3.8372,-1.28213877845043
15990,3.83744,-1.37035310334471
15991,3.83768,-2.18192461994514
15992,3.83792,-1.68032251947119
15993,3.83816,-1.00892453586789
15994,3.8384,-1.19000378970303
15995,3.83864,-2.09097149700818
15996,3.83888,-0.627627952334187
15997,3.83912,-1.10985657589455
15998,3.83936,-1.34924148336667
15999,3.8396,-0.0674928961438237
16000,3.83984,-0.979031915072645
16001,3.84008,-1.15987324270558
16002,3.84032,0.0693102103107508
16003,3.84056,-0.895200124149702
16004,3.8408,-0.649955109736797
16005,3.84104,0.0312687830728893
16006,3.84128,-0.850568051712028
16007,3.84152,-0.190360383375652
16008,3.84176,-0.278415858520382
16009,3.842,-0.00396491130711607
16010,3.84224,-0.00791322675168704
16011,3.84248,-0.254238762215907
16012,3.84272,0.45309153721812
16013,3.84296,0.286003269351963
16014,3.8432,-0.354551052055788
16015,3.84344,0.428016549597317
16016,3.84368,0.352110426974612
16017,3.84392,0.516674862862202
16018,3.84416,0.651452576117629
16019,3.8444,0.311756013900207
16020,3.84464,0.91422054830988
16021,3.84488,0.778140589657291
16022,3.84512,0.76837285870197
16023,3.84536,0.625084337205631
16024,3.8456,1.30950388992171
16025,3.84584,1.03324027255897
16026,3.84608,0.868350533284296
16027,3.84632,1.17295415084308
16028,3.84656,0.996987823069941
16029,3.8468,1.41603602286431
16030,3.84704,1.34371260192534
16031,3.84728,1.52627755016246
16032,3.84752,1.80613826033337
16033,3.84776,1.25143999620109
16034,3.848,1.89729158990042
16035,3.84824,1.5792251508894
16036,3.84848,2.10344887266944
16037,3.84872,1.54385606682765
16038,3.84896,1.70326861602787
16039,3.8492,1.86741608212521
16040,3.84944,2.27532125171329
16041,3.84968,1.7178631052424
16042,3.84992,1.65224093282226
16043,3.85016,2.31221179870324
16044,3.8504,2.24480968183973
16045,3.85064,1.95125143731524
16046,3.85088,2.50888046635832
16047,3.85112,2.45521174828284
16048,3.85136,1.94871252019478
16049,3.8516,2.76192061782702
16050,3.85184,2.3741582564154
16051,3.85208,2.37312440765347
16052,3.85232,2.71999061498149
16053,3.85256,2.48843899747105
16054,3.8528,2.75018223403646
16055,3.85304,2.52808256317156
16056,3.85328,2.93670331725552
16057,3.85352,2.6181553373966
16058,3.85376,2.32702067532164
16059,3.854,3.37345772528654
16060,3.85424,2.36925372762097
16061,3.85448,2.73041734862079
16062,3.85472,3.44354023854509
16063,3.85496,2.36593010069098
16064,3.8552,2.77596934906263
16065,3.85544,3.52635866828862
16066,3.85568,2.49771485297557
16067,3.85592,2.95169798841993
16068,3.85616,3.39206985741003
16069,3.8564,2.30452120820169
16070,3.85664,3.06328862222264
16071,3.85688,3.31507504727811
16072,3.85712,2.99770482732531
16073,3.85736,2.25172778065991
16074,3.8576,3.65975725380513
16075,3.85784,2.44426343699223
16076,3.85808,2.83898811600279
16077,3.85832,3.46799124600882
16078,3.85856,3.73828334669773
16079,3.8588,2.36885242312094
16080,3.85904,2.97059499821209
16081,3.85928,3.68000727103582
16082,3.85952,2.48414224890413
16083,3.85976,2.55791455421261
16084,3.86,3.34970069702424
16085,3.86024,2.46714372613698
16086,3.86048,2.49516621809333
16087,3.86072,3.35811925886611
16088,3.86096,2.77891440526245
16089,3.8612,2.50707319515313
16090,3.86144,3.44188076432365
16091,3.86168,2.34245430573324
16092,3.86192,2.62930464527388
16093,3.86216,3.26476797884501
16094,3.8624,2.13236053400768
16095,3.86264,2.7335535578588
16096,3.86288,2.95594810945519
16097,3.86312,1.91231431185476
16098,3.86336,3.173980806205
16099,3.8636,2.27231816165177
16100,3.86384,2.51302609790529
16101,3.86408,2.86253753410418
16102,3.86432,1.58089870026219
16103,3.86456,2.85178714776794
16104,3.8648,2.31643111497387
16105,3.86504,2.08169956412281
16106,3.86528,2.80114524781874
16107,3.86552,1.87301945036339
16108,3.86576,2.08249536168306
16109,3.866,2.39181981472235
16110,3.86624,1.54712890865688
16111,3.86648,2.53586772401616
16112,3.86672,2.19704915264764
16113,3.86696,1.1915952038023
16114,3.8672,2.48688129144662
16115,3.86744,1.74643095445141
16116,3.86768,1.53811428143985
16117,3.86792,2.16277443934813
16118,3.86816,1.28263356383875
16119,3.8684,1.38199387359627
16120,3.86864,2.20510999199346
16121,3.86888,1.2503874864859
16122,3.86912,0.949668377136342
16123,3.86936,1.49150366498664
16124,3.8696,1.91123027943096
16125,3.86984,0.579133459441212
16126,3.87008,1.07572229582267
16127,3.87032,1.20308823398565
16128,3.87056,0.289866983699467
16129,3.8708,0.959949689686894
16130,3.87104,1.3849813462273
16131,3.87128,0.171455743572218
16132,3.87152,0.304424217467149
16133,3.87176,1.1526309020553
16134,3.872,-0.0143122424480808
16135,3.87224,0.408996946516264
16136,3.87248,1.06517541314015
16137,3.87272,-0.0503252020094348
16138,3.87296,0.0565875552543162
16139,3.8732,0.158936090171378
16140,3.87344,-0.0634195918787797
16141,3.87368,0.19550208424043
16142,3.87392,-0.375033914276073
16143,3.87416,-0.0712120455890486
16144,3.8744,-0.0211634791094217
16145,3.87464,-0.784567354543643
16146,3.87488,0.0302331129930371
16147,3.87512,-0.119331887713321
16148,3.87536,-1.08409595642708
16149,3.8756,-0.726049729333476
16150,3.87584,-0.597782675233165
16151,3.87608,-0.816257253570022
16152,3.87632,-1.03654156205336
16153,3.87656,-0.998792093393254
16154,3.8768,-0.958087301319191
16155,3.87704,-1.27170215823555
16156,3.87728,-1.21174108899588
16157,3.87752,-1.04147001122971
16158,3.87776,-1.45912070872895
16159,3.878,-1.14591745749293
16160,3.87824,-1.55635040906245
16161,3.87848,-1.48266221211574
16162,3.87872,-1.16790307622496
16163,3.87896,-1.69180540768929
16164,3.8792,-1.73486677920954
16165,3.87944,-2.0150491964263
16166,3.87968,-1.69723306199282
16167,3.87992,-1.62288644857098
16168,3.88016,-2.02863378422094
16169,3.8804,-1.95018345315144
16170,3.88064,-2.36290253984205
16171,3.88088,-2.05375207387176
16172,3.88112,-1.86486591004346
16173,3.88136,-2.05258448568645
16174,3.8816,-2.72124570578932
16175,3.88184,-2.06390663042607
16176,3.88208,-2.27337809368911
16177,3.88232,-2.83377342766483
16178,3.88256,-2.20236774287278
16179,3.8828,-2.4355159352447
16180,3.88304,-3.02313588172051
16181,3.88328,-2.53264639111587
16182,3.88352,-2.55492553812094
16183,3.88376,-2.92472202044131
16184,3.884,-2.23645421664332
16185,3.88424,-2.88915585269194
16186,3.88448,-2.81145208828031
16187,3.88472,-2.52760044312266
16188,3.88496,-3.33121810048284
16189,3.8852,-2.92820556798051
16190,3.88544,-2.33178294195907
16191,3.88568,-3.42427297436112
16192,3.88592,-3.0665790674449
16193,3.88616,-2.39452256060612
16194,3.8864,-3.52475102930858
16195,3.88664,-2.85570624822582
16196,3.88688,-2.47787759979476
16197,3.88712,-3.17077793495538
16198,3.88736,-2.9238493807791
16199,3.8876,-2.71883709458609
16200,3.88784,-3.10204515792261
16201,3.88808,-2.9197588564722
16202,3.88832,-3.85085141819849
16203,3.88856,-2.60376501218816
16204,3.8888,-2.62627960244046
16205,3.88904,-3.13206190599494
16206,3.88928,-3.64031224404614
16207,3.88952,-2.48156961606641
16208,3.88976,-2.71083502906961
16209,3.89,-3.29971208314565
16210,3.89024,-3.168193551508
16211,3.89048,-2.73269078462006
16212,3.89072,-3.73928555766681
16213,3.89096,-2.59243207101424
16214,3.8912,-2.59979980892896
16215,3.89144,-3.56142413683943
16216,3.89168,-2.49002947385192
16217,3.89192,-2.68792673412888
16218,3.89216,-3.59864397418203
16219,3.8924,-2.24416166609953
16220,3.89264,-2.98839567037254
16221,3.89288,-3.1143905724951
16222,3.89312,-2.09790719412245
16223,3.89336,-3.15154002661882
16224,3.8936,-2.63175325254227
16225,3.89384,-2.30025165419957
16226,3.89408,-3.52945844511991
16227,3.89432,-2.13402878699895
16228,3.89456,-2.5996259313326
16229,3.8948,-2.6941563812795
16230,3.89504,-1.76302948487784
16231,3.89528,-3.13007440579418
16232,3.89552,-2.21802667068381
16233,3.89576,-1.85500502769234
16234,3.896,-3.04596116976004
16235,3.89624,-1.97209187490715
16236,3.89648,-1.92438247860043
16237,3.89672,-2.81972413061611
16238,3.89696,-1.7078824140939
16239,3.8972,-1.6163028917997
16240,3.89744,-2.83388336489704
16241,3.89768,-1.90543604571816
16242,3.89792,-1.03597553011866
16243,3.89816,-2.35235293805688
16244,3.8984,-1.96902354395318
16245,3.89864,-1.04393410238081
16246,3.89888,-0.890919418436834
16247,3.89912,-1.34521040372725
16248,3.89936,-1.80038996482974
16249,3.8996,-2.0159188286913
16250,3.89984,-1.08943397759197
16251,3.90008,-1.38007579856409
16252,3.90032,-1.90580906052328
16253,3.90056,-0.306243829416094
16254,3.9008,-1.14857079522826
16255,3.90104,-1.86278549977478
16256,3.90128,-0.336472285911062
16257,3.90152,-0.521317511735162
16258,3.90176,-1.65641278169242
16259,3.902,-0.546754357210814
16260,3.90224,-0.657073926695278
16261,3.90248,-0.646326156086309
16262,3.90272,-0.0797948149878411
16263,3.90296,-0.723587468374561
16264,3.9032,-0.165130936903313
16265,3.90344,-0.1317069567506
16266,3.90368,-0.816225754980891
16267,3.90392,0.165511720881608
16268,3.90416,0.155003017644514
16269,3.9044,-0.44979585954416
16270,3.90464,0.597648318614631
16271,3.90488,0.191039379950979
16272,3.90512,0.0226198840894245
16273,3.90536,0.426234055120444
16274,3.9056,0.34773363935938
16275,3.90584,0.262985535944954
16276,3.90608,0.873680032019499
16277,3.90632,0.76740728771821
16278,3.90656,0.521091868499422
16279,3.9068,0.624997206962287
16280,3.90704,0.853307724403087
16281,3.90728,0.819406097795303
16282,3.90752,0.901899407914575
16283,3.90776,1.22427490333391
16284,3.908,1.17048127324877
16285,3.90824,1.22994318193278
16286,3.90848,1.17129514383915
16287,3.90872,1.46378560066552
16288,3.90896,1.16153590229809
16289,3.9092,1.33177759370046
16290,3.90944,1.37430349219152
16291,3.90968,1.78005916864507
16292,3.90992,1.4621935013456
16293,3.91016,1.73779208832747
16294,3.9104,1.78237506317491
16295,3.91064,2.18416550720485
16296,3.91088,1.98431976596462
16297,3.91112,1.67311681789588
16298,3.91136,2.43955972015212
16299,3.9116,2.12538885026202
16300,3.91184,1.94682332478049
16301,3.91208,2.12257584921917
16302,3.91232,2.19064359787166
16303,3.91256,2.14264939832454
16304,3.9128,2.21172771256013
16305,3.91304,2.29744054146194
16306,3.91328,2.86874631580637
16307,3.91352,1.99507852115209
16308,3.91376,2.47229449282722
16309,3.914,3.06159946512462
16310,3.91424,1.97893948967597
16311,3.91448,2.84563391939788
16312,3.91472,2.97569412347389
16313,3.91496,1.93486585620614
16314,3.9152,2.954402877258
16315,3.91544,2.87861766263507
16316,3.91568,2.36133401804103
16317,3.91592,2.92012095349323
16318,3.91616,2.5393965012998
16319,3.9164,2.78704030889833
16320,3.91664,2.78162800897759
16321,3.91688,2.69112831015354
16322,3.91712,3.58222251462907
16323,3.91736,3.01439533008348
16324,3.9176,2.72691563957734
16325,3.91784,3.3178863057986
16326,3.91808,3.64883781895949
16327,3.91832,2.56620429305493
16328,3.91856,2.85252156643001
16329,3.9188,3.1226735087085
16330,3.91904,2.5904094590938
16331,3.91928,3.88619212471659
16332,3.91952,2.29305587023555
16333,3.91976,2.79867575606334
16334,3.92,3.30750936513204
16335,3.92024,3.81133497311699
16336,3.92048,2.31843862423196
16337,3.92072,2.91290739999944
16338,3.92096,3.50099327519344
16339,3.9212,2.77335504504435
16340,3.92144,2.83055841222735
16341,3.92168,3.60878683343484
16342,3.92192,2.36792630103745
16343,3.92216,2.85867067873404
16344,3.9224,3.58032088682553
16345,3.92264,2.51738484347124
16346,3.92288,2.60742147461687
16347,3.92312,3.52621320563798
16348,3.92336,2.5349225262036
16349,3.9236,2.33481052650966
16350,3.92384,3.45283153241972
16351,3.92408,2.65221874395968
16352,3.92432,2.40540327603241
16353,3.92456,3.34994858145844
16354,3.9248,2.04232624271778
16355,3.92504,2.82633534574542
16356,3.92528,2.86891756819676
16357,3.92552,1.65179313089143
16358,3.92576,2.98501552153129
16359,3.926,2.50535313510579
16360,3.92624,1.85074725293518
16361,3.92648,3.12573418466739
16362,3.92672,1.89749381040751
16363,3.92696,2.40372625086901
16364,3.9272,2.76925711660901
16365,3.92744,1.74469680867159
16366,3.92768,1.97212417301334
16367,3.92792,2.66013543938461
16368,3.92816,1.586600032017
16369,3.9284,1.88545815139866
16370,3.92864,2.04736302681789
16371,3.92888,1.30037529855257
16372,3.92912,1.90835620267791
16373,3.92936,2.250212587566
16374,3.9296,1.67374034131798
16375,3.92984,1.39528333057897
16376,3.93008,1.36225629158355
16377,3.93032,2.41480471512905
16378,3.93056,0.496066692264849
16379,3.9308,1.62429487005058
16380,3.93104,1.78184620163832
16381,3.93128,0.99256076706296
16382,3.93152,0.746825510330309
16383,3.93176,1.69858974648484
16384,3.932,0.511394953423096
16385,3.93224,0.915433142886587
16386,3.93248,1.55631119200059
16387,3.93272,0.558442356085628
16388,3.93296,0.653220091058374
16389,3.9332,0.871419309311121
16390,3.93344,0.533353348082409
16391,3.93368,0.797342865399559
16392,3.93392,-0.00956774579364739
16393,3.93416,0.429502318498983
16394,3.9344,0.618548718206759
16395,3.93464,-0.487870664913481
16396,3.93488,0.472299503108432
16397,3.93512,-0.0164514439428005
16398,3.93536,-0.465980608565789
16399,3.9356,0.523007309649838
16400,3.93584,-0.51441164266045
16401,3.93608,-0.446481885043677
16402,3.93632,-0.141438500399244
16403,3.93656,-0.771191525736921
16404,3.9368,-0.54857255508002
16405,3.93704,-0.211968090099693
16406,3.93728,-1.05479568041255
16407,3.93752,-0.686896418970056
16408,3.93776,-0.553681376493782
16409,3.938,-1.24589776632175
16410,3.93824,-0.974059386333589
16411,3.93848,-0.939001539787185
16412,3.93872,-1.25185688972076
16413,3.93896,-1.1996184684964
16414,3.9392,-1.0243311182094
16415,3.93944,-1.31836322391329
16416,3.93968,-1.011832769524
16417,3.93992,-1.3135357951503
16418,3.94016,-1.71493791556158
16419,3.9404,-1.40154409139516
16420,3.94064,-1.80671424503767
16421,3.94088,-1.3677451026062
16422,3.94112,-1.6483744259665
16423,3.94136,-1.93412937932256
16424,3.9416,-1.97031560236054
16425,3.94184,-1.53208790849529
16426,3.94208,-2.18489134976992
16427,3.94232,-2.22940094681716
16428,3.94256,-2.03575941668209
16429,3.9428,-1.97793349483172
16430,3.94304,-2.39475106363643
16431,3.94328,-2.219492923862
16432,3.94352,-2.29631155486406
16433,3.94376,-2.24772106612574
16434,3.944,-2.0917624087814
16435,3.94424,-2.79082494412408
16436,3.94448,-2.75819566313944
16437,3.94472,-2.02874941863963
16438,3.94496,-2.9900413304163
16439,3.9452,-2.62277782248079
16440,3.94544,-2.41089299509003
16441,3.94568,-2.91116827182059
16442,3.94592,-2.46751884873732
16443,3.94616,-2.89126084183223
16444,3.9464,-2.70182925058831
16445,3.94664,-2.90608308727643
16446,3.94688,-3.11295642748177
16447,3.94712,-2.4925453623766
16448,3.94736,-3.34670033167888
16449,3.9476,-2.98083368975349
16450,3.94784,-2.52649445657345
16451,3.94808,-2.95356031483795
16452,3.94832,-3.59983865419209
16453,3.94856,-2.34432024660991
16454,3.9488,-2.94264719912791
16455,3.94904,-3.75645583909256
16456,3.94928,-2.31715798164537
16457,3.94952,-2.97556758164306
16458,3.94976,-3.48672692267947
16459,3.95,-2.58977653708174
16460,3.95024,-2.58968923250993
16461,3.95048,-3.30429228252127
16462,3.95072,-3.7785060911451
16463,3.95096,-2.3656656427693
16464,3.9512,-2.80516434049594
16465,3.95144,-3.71319762741969
16466,3.95168,-2.47201682165042
16467,3.95192,-2.85160421846192
16468,3.95216,-3.71035773454325
16469,3.9524,-2.19566602863436
16470,3.95264,-3.00199002042722
16471,3.95288,-3.55835389194231
16472,3.95312,-2.23243771300135
16473,3.95336,-2.87553625641805
16474,3.9536,-3.63176319626307
16475,3.95384,-2.13344352857907
16476,3.95408,-2.84770430722563
16477,3.95432,-3.54568617671856
16478,3.95456,-2.00514426750084
16479,3.9548,-3.14542579361501
16480,3.95504,-2.9487940167498
16481,3.95528,-2.09737118095095
16482,3.95552,-3.30457721691068
16483,3.95576,-2.34998354064115
16484,3.956,-2.54140635483451
16485,3.95624,-3.43918077370371
16486,3.95648,-2.20541337056465
16487,3.95672,-2.59447126059024
16488,3.95696,-2.72323837022191
16489,3.9572,-1.58959877848568
16490,3.95744,-3.00151347007719
16491,3.95768,-2.24525670313293
16492,3.95792,-1.55741358608369
16493,3.95816,-2.91652376215327
16494,3.9584,-2.35451323225477
16495,3.95864,-1.36985184844412
16496,3.95888,-2.57868853405843
16497,3.95912,-2.09378082510991
16498,3.95936,-1.1883715525247
16499,3.9596,-2.23710186640384
16500,3.95984,-2.06341383753613
16501,3.96008,-1.34106625210062
16502,3.96032,-1.74344473786032
16503,3.96056,-2.12358956173242
16504,3.9608,-1.24482306437595
16505,3.96104,-1.34550086122101
16506,3.96128,-2.16988031662755
16507,3.96152,-1.79588178852784
16508,3.96176,-1.00854607054324
16509,3.962,-1.19540482504001
16510,3.96224,-1.74451031258812
16511,3.96248,-0.278280599782656
16512,3.96272,-1.25528655611525
16513,3.96296,-1.26269488245497
16514,3.9632,-0.224735343673557
16515,3.96344,-0.897498769232252
16516,3.96368,-1.44365504195152
16517,3.96392,-0.224002522872125
16518,3.96416,-0.239543144292349
16519,3.9644,-1.33016946986788
16520,3.96464,-0.16366196618746
16521,3.96488,-0.576256730515809
16522,3.96512,-0.15274284220023
16523,3.96536,-0.251990505901301
16524,3.9656,-0.465252510949621
16525,3.96584,0.264256619325957
16526,3.96608,-0.237290615255163
16527,3.96632,-0.00822296614023599
16528,3.96656,0.784037423324037
16529,3.9668,0.00946765042707343
16530,3.96704,0.194011727583177
16531,3.96728,0.829264993183907
16532,3.96752,0.145212271005199
16533,3.96776,0.764311205143479
16534,3.968,0.769410968598518
16535,3.96824,0.538306250341644
16536,3.96848,0.882059341845332
16537,3.96872,0.741835687237251
16538,3.96896,1.19999108930865
16539,3.9692,0.916583132196403
16540,3.96944,0.880183706756748
16541,3.96968,1.07403544662839
16542,3.96992,1.0130459968385
16543,3.97016,1.07628211496344
16544,3.9704,1.25661379147086
16545,3.97064,1.1831577669517
16546,3.97088,1.35579219659687
16547,3.97112,1.76114629993206
16548,3.97136,1.32537195961547
16549,3.9716,1.60423386197108
16550,3.97184,1.6512241584994
16551,3.97208,1.57305332276362
16552,3.97232,1.73148752043745
16553,3.97256,1.89610173943905
16554,3.9728,1.94062539130807
16555,3.97304,1.74583394139513
16556,3.97328,1.55407155771103
16557,3.97352,2.21410627849631
16558,3.97376,2.50525142577288
16559,3.974,1.96403996192581
16560,3.97424,2.40228627064819
16561,3.97448,2.4737053977252
16562,3.97472,1.82535837108316
16563,3.97496,2.28268965260138
16564,3.9752,2.85231705415589
16565,3.97544,1.75093130879867
16566,3.97568,2.59638633241781
16567,3.97592,2.94420210064593
16568,3.97616,1.99593127741571
16569,3.9764,2.98259260965755
16570,3.97664,2.76062519236206
16571,3.97688,2.5764094428706
16572,3.97712,2.74373164857046
16573,3.97736,2.57283625865206
16574,3.9776,3.14430298706346
16575,3.97784,2.98178726517464
16576,3.97808,2.25284091719555
16577,3.97832,2.98820545482553
16578,3.97856,2.87186708450614
16579,3.9788,2.55169076521879
16580,3.97904,3.69880324591811
16581,3.97928,2.5526774601621
16582,3.97952,2.65470849952974
16583,3.97976,3.70981023882676
16584,3.98,2.49192576255949
16585,3.98024,3.01118165270253
16586,3.98048,3.86951892506847
16587,3.98072,2.82766429655023
16588,3.98096,2.55429454161784
16589,3.9812,3.15655042377167
16590,3.98144,3.62051454935648
16591,3.98168,2.43366047169441
16592,3.98192,3.09450128866511
16593,3.98216,3.14379846905203
16594,3.9824,2.64173880442811
16595,3.98264,3.35064984805907
16596,3.98288,2.98194526046509
16597,3.98312,2.5529408947487
16598,3.98336,3.21290946226985
16599,3.9836,3.62875310484324
16600,3.98384,2.40932352449274
16601,3.98408,3.26041219014258
16602,3.98432,2.90591229790694
16603,3.98456,2.37666435202545
16604,3.9848,3.30132258784979
16605,3.98504,2.89359834224677
16606,3.98528,2.19730326229928
16607,3.98552,3.31489270237086
16608,3.98576,2.50718657290275
16609,3.986,2.37117666772127
16610,3.98624,3.55003761236584
16611,3.98648,2.10639565403126
16612,3.98672,2.76072454660271
16613,3.98696,2.80025703187062
16614,3.9872,1.93731865126585
16615,3.98744,3.13340293715791
16616,3.98768,2.29028428854584
16617,3.98792,2.46806147372421
16618,3.98816,2.7567209965987
16619,3.9884,1.53459801347331
16620,3.98864,2.97907320859275
16621,3.98888,2.14241870665365
16622,3.98912,1.85040190612838
16623,3.98936,2.99338026716096
16624,3.9896,1.99194851253081
16625,3.98984,1.89034897009569
16626,3.99008,2.3796428975763
16627,3.99032,1.46703021557722
16628,3.99056,2.27830682015114
16629,3.9908,2.23108617665129
16630,3.99104,1.50698892410166
16631,3.99128,0.835655311049425
16632,3.99152,1.61233161061234
16633,3.99176,0.838771119865504
16634,3.992,0.958618809359784
16635,3.99224,1.80021703814779
16636,3.99248,1.559418233065
16637,3.99272,1.02128926749074
16638,3.99296,1.08842226204526
16639,3.9932,2.00074158625771
16640,3.99344,0.670499578672235
16641,3.99368,1.28548601851069
16642,3.99392,1.17618115886633
16643,3.99416,0.150556584050957
16644,3.9944,0.831484525378052
16645,3.99464,1.14562058618371
16646,3.99488,0.178719046684784
16647,3.99512,0.789132921526077
16648,3.99536,0.675439166950137
16649,3.9956,0.00519077209752639
16650,3.99584,1.02181081222522
16651,3.99608,0.126516714846665
16652,3.99632,-0.0132798798841951
16653,3.99656,0.682298858937563
16654,3.9968,-0.272537556771715
16655,3.99704,-0.0180724513545041
16656,3.99728,0.126901148623728
16657,3.99752,-0.302450701377655
16658,3.99776,-0.254888305125659
16659,3.998,-0.303502729631486
16660,3.99824,-0.339309556331768
16661,3.99848,-0.618953825301152
16662,3.99872,-0.627903247221592
16663,3.99896,-0.399758820991817
16664,3.9992,-0.88150016651692
16665,3.99944,-0.979892616504608
16666,3.99968,-0.724670493509364
16667,3.99992,-0.698088749064525
