1,8.000000000008e-05,1.47719153073766
2,0.000320000000000098,2.30042253702298
3,0.000560000000000116,1.79547022295287
4,0.000800000000000134,1.10902658857301
5,0.00103999999999993,2.22350877793078
6,0.00127999999999995,0.61854089075223
7,0.00151999999999997,1.44961739475802
8,0.00175999999999998,1.55669460989244
9,0.002,2.26982294768185
10,0.00224000000000002,0.86889017615865
11,0.00248000000000004,1.41761603060512
12,0.00272000000000006,1.48119145373297
13,0.00296000000000007,0.490964731698455
14,0.00320000000000009,1.23406744248228
15,0.00344000000000011,1.24414418603613
16,0.00368000000000013,0.198060106711378
17,0.00391999999999992,1.11585713843983
18,0.00415999999999994,1.18449224086088
19,0.00439999999999996,-0.025157083373994
20,0.00463999999999998,0.824696454053591
21,0.00488,0.825332929699394
22,0.00512000000000001,0.0289781130033413
23,0.00536000000000003,0.444559285063988
24,0.00560000000000005,0.506804830768031
25,0.00584000000000007,0.123592491994576
26,0.00608000000000009,0.336041833116807
27,0.0063200000000001,-0.0213462368353787
28,0.00656000000000012,0.113607334986542
29,0.00679999999999992,-0.111066740976408
30,0.00703999999999994,-0.178297789672119
31,0.00727999999999995,0.109097486389509
32,0.00751999999999997,-0.664974087604834
33,0.00775999999999999,-0.575388953158902
34,0.00800000000000001,-0.253246654996752
35,0.00824000000000003,-0.628453804603411
36,0.00848000000000004,-0.748502552865782
37,0.00872000000000006,-0.754094418657132
38,0.00896000000000008,-0.732426593216111
39,0.0092000000000001,-0.7105805629316
40,0.00944000000000011,-1.04235090614265
41,0.00968000000000013,-0.874246616418794
42,0.00991999999999993,-0.598109426672725
43,0.0101599999999999,-1.3864622876544
44,0.0104,-1.21063270056593
45,0.01064,-1.02660927400661
46,0.01088,-1.4380287864524
47,0.01112,-1.3679318598256
48,0.01136,-1.52954492661965
49,0.0116000000000001,-1.56499167417956
50,0.0118400000000001,-1.60652717965578
51,0.0120800000000001,-1.64457317733141
52,0.0123200000000001,-1.32501637674091
53,0.0125600000000001,-1.72398255985088
54,0.0127999999999999,-1.76771931401836
55,0.0130399999999999,-2.16560402629963
56,0.01328,-1.96519235842023
57,0.01352,-2.01253476205306
58,0.01376,-2.30052847419743
59,0.014,-1.98405167589132
60,0.01424,-2.16222035900212
61,0.01448,-2.22002226676912
62,0.0147200000000001,-1.91907887613719
63,0.0149600000000001,-2.47759554986747
64,0.0152000000000001,-2.18746106185757
65,0.0154400000000001,-1.91014836129711
66,0.0156799999999999,-2.850785418768
67,0.0159199999999999,-2.10052113525326
68,0.01616,-2.33743206311711
69,0.0164,-3.17491015958565
70,0.01664,-1.97405209085379
71,0.01688,-2.72651237487459
72,0.01712,-2.98483220355096
73,0.01736,-2.07150603094413
74,0.0176000000000001,-3.09321177832646
75,0.0178400000000001,-2.78559238299612
76,0.0180800000000001,-2.87687645033843
77,0.0183200000000001,-3.44971520339734
78,0.0185600000000001,-2.81783767930531
79,0.0187999999999999,-2.58819842390934
80,0.0190399999999999,-3.33458794610152
81,0.01928,-2.75360570344616
82,0.01952,-2.57523624168309
83,0.01976,-3.25400740416957
84,0.02,-3.08150892695377
85,0.02024,-2.82228014452943
86,0.0204800000000001,-3.56122406117886
87,0.0207200000000001,-3.31990094927307
88,0.0209600000000001,-2.28521738067591
89,0.0212000000000001,-3.09254551764375
90,0.0214400000000001,-3.26935206803338
91,0.0216799999999999,-2.41016887263136
92,0.0219199999999999,-2.91277798771328
93,0.02216,-3.41305296475849
94,0.0224,-3.67411916954135
95,0.02264,-2.29671550158213
96,0.02288,-2.88884878786387
97,0.02312,-3.71229272016485
98,0.02336,-2.3865259719183
99,0.0236000000000001,-2.92472006783516
100,0.0238400000000001,-3.80960039499623
101,0.0240800000000001,-2.19878285835467
102,0.0243200000000001,-3.15854201115681
103,0.0245599999999999,-3.38899767453089
104,0.0247999999999999,-2.23059821279838
105,0.02504,-3.25868325406503
106,0.02528,-3.0794358365768
107,0.02552,-2.24382407489272
108,0.02576,-3.2262617169715
109,0.026,-2.64044769333391
110,0.02624,-2.48419921680295
111,0.0264800000000001,-3.52244821906109
112,0.0267200000000001,-2.0642095197727
113,0.0269600000000001,-2.70524225950211
114,0.0272000000000001,-2.96792952633426
115,0.0274400000000001,-1.84284377985927
116,0.0276799999999999,-2.90741064677928
117,0.0279199999999999,-2.76260466380064
118,0.02816,-1.59517012273609
119,0.0284,-2.73974954305146
120,0.02864,-2.43642363750869
121,0.02888,-1.59415118502621
122,0.02912,-2.68564653765195
123,0.0293600000000001,-2.33432094527497
124,0.0296000000000001,-1.44209637052279
125,0.0298400000000001,-2.73715552679246
126,0.0300800000000001,-1.86927281456659
127,0.0303200000000001,-1.66508317735819
128,0.0305599999999999,-2.65022847602487
129,0.0307999999999999,-1.85555569191152
130,0.03104,-1.47959717300811
131,0.03128,-2.53688243378992
132,0.03152,-1.68981931048274
133,0.03176,-1.38619629854826
134,0.032,-1.80341286197075
135,0.03224,-2.34590062967564
136,0.0324800000000001,-0.649445293007622
137,0.0327200000000001,-1.5206521879479
138,0.0329600000000001,-1.66457745632234
139,0.0332000000000001,-0.863666381573148
140,0.0334400000000001,-0.721896411993113
141,0.0336799999999999,-1.65929557037432
142,0.03392,-1.15623081646672
143,0.03416,-0.593615534113052
144,0.0344,-1.71388856582506
145,0.03464,-0.458372071617722
146,0.03488,-0.552255965417243
147,0.03512,-1.24173761320344
148,0.0353600000000001,-0.400777493221482
149,0.0356000000000001,-0.19267995374385
150,0.0358400000000001,-1.29965813673033
151,0.0360800000000001,-0.148568385971242
152,0.0363200000000001,-0.345407693768014
153,0.0365599999999999,-0.29745832179108
154,0.0367999999999999,0.434721753328995
155,0.03704,-0.522314616726594
156,0.03728,0.314739091754886
157,0.03752,0.0375743489591418
158,0.03776,-0.230324411850133
159,0.038,0.792771493079643
160,0.0382400000000001,0.00279437824496398
161,0.0384800000000001,-0.0663554983575239
162,0.0387200000000001,0.557169545002913
163,0.0389600000000001,0.223986915819296
164,0.0392000000000001,0.953211188688622
165,0.0394399999999999,0.456436216931039
166,0.0396799999999999,0.452766899849436
167,0.03992,1.15585562771262
168,0.04016,0.756079782027108
169,0.0404,0.727071448686744
170,0.04064,1.04096866920555
171,0.04088,0.991979979749159
172,0.04112,1.41583602018381
173,0.0413600000000001,0.8643712449588
174,0.0416000000000001,1.65241688930849
175,0.0418400000000001,1.21440331891243
176,0.0420800000000001,1.50389935078779
177,0.0423200000000001,1.54413839768888
178,0.0425599999999999,1.70172702884238
179,0.0427999999999999,1.38219275044746
180,0.04304,2.02356125643074
181,0.04328,1.33891990263048
182,0.04352,2.09862083142057
183,0.04376,1.54003082408749
184,0.044,2.18072889720662
185,0.0442400000000001,1.86111825610971
186,0.0444800000000001,2.38996076131435
187,0.0447200000000001,2.07553287389253
188,0.0449600000000001,1.88311045500851
189,0.0452000000000001,2.18801588333504
190,0.0454399999999999,2.61149750229195
191,0.0456799999999999,1.71230015861257
192,0.04592,2.39943786637554
193,0.04616,2.47508078738079
194,0.0464,2.08340273226031
195,0.04664,2.79118329995292
196,0.04688,2.41135038047455
197,0.0471200000000001,2.16833213550258
198,0.0473600000000001,3.14322847883108
199,0.0476000000000001,2.30615568217416
200,0.0478400000000001,2.22534513908117
201,0.0480800000000001,3.23221711459405
202,0.0483199999999999,2.43145047147919
203,0.0485599999999999,2.63154906092941
204,0.0488,3.05911390004869
205,0.04904,2.55051174936762
206,0.04928,2.78959948653672
207,0.04952,2.77595568420453
208,0.04976,2.67755142865852
209,0.05,3.56026876337367
210,0.0502400000000001,2.98525808734243
211,0.0504800000000001,2.69090309571769
212,0.0507200000000001,3.39288455325636
213,0.0509600000000001,3.34743442809607
214,0.0512000000000001,2.74186787500816
215,0.0514399999999999,3.61403170820683
216,0.0516799999999999,3.26429523465186
217,0.05192,2.82983453709075
218,0.05216,3.52232489782901
219,0.0524,2.75661974234988
220,0.05264,2.77635396195742
221,0.05288,3.39837420235614
222,0.0531200000000001,3.29652963194947
223,0.0533600000000001,2.40866143374626
224,0.0536000000000001,3.10939274586569
225,0.0538400000000001,3.67946532715182
226,0.0540800000000001,2.35045206373554
227,0.0543199999999999,2.65066464715002
228,0.0545599999999999,3.42472110961966
229,0.0548,2.5243911815245
230,0.05504,2.65181267832665
231,0.05528,3.37845265528841
232,0.05552,3.0194304857767
233,0.05576,2.37060701885467
234,0.056,3.29657166907935
235,0.0562400000000001,2.77771114912447
236,0.0564800000000001,2.68255162114164
237,0.0567200000000001,3.662588749826
238,0.0569600000000001,2.26750505089534
239,0.0571999999999999,2.73293394120737
240,0.0574399999999999,3.30172640214393
241,0.05768,1.99007385029059
242,0.05792,2.88794246566374
243,0.05816,2.68808352342314
244,0.0584,2.07199454257474
245,0.05864,3.26820297346327
246,0.05888,2.31048333952547
247,0.0591200000000001,2.25585690899905
248,0.0593600000000001,2.91065754160365
249,0.0596000000000001,1.92161219204113
250,0.0598400000000001,2.19015842385397
251,0.0600800000000001,2.80097277489811
252,0.0603199999999999,1.88483473029905
253,0.0605599999999999,1.74769846821583
254,0.0608,2.91725814453903
255,0.06104,1.94348483559002
256,0.06128,1.39313648255771
257,0.06152,2.6436268197154
258,0.06176,1.97848810379627
259,0.0620000000000001,1.25862212423586
260,0.0622400000000001,2.21857493265898
261,0.0624800000000001,1.52173141418943
262,0.0627200000000001,0.518982486548138
263,0.0629600000000001,1.70178427993559
264,0.0631999999999999,1.91361087109028
265,0.0634399999999999,1.06285175884545
266,0.06368,0.990558117729938
267,0.06392,1.87623851361673
268,0.06416,1.20373939103193
269,0.0644,0.837177107933509
270,0.06464,1.07518432760779
271,0.06488,1.31190856515777
272,0.0651200000000001,0.284519435574015
273,0.0653600000000001,1.19248358590196
274,0.0656000000000001,1.25186791114464
275,0.0658400000000001,0.033537819468509
276,0.0660799999999999,0.875258915348781
277,0.0663199999999999,0.750599777449934
278,0.06656,0.0737941431295324
279,0.0668,0.596549403706792
280,0.06704,0.41580846959371
281,0.06728,0.148124759198747
282,0.06752,0.354906803976643
283,0.06776,-0.00772414335816052
284,0.0680000000000001,0.122396836012539
285,0.0682400000000001,-0.106719021876426
286,0.0684800000000001,-0.178017238340644
287,0.0687200000000001,0.105671966699348
288,0.0689600000000001,-0.557041629166666
289,0.0691999999999999,-0.710302972203599
290,0.0694399999999999,0.211094864477262
291,0.06968,-0.530976565994276
292,0.06992,-0.657912428077295
293,0.07016,-0.540466034975093
294,0.0704,-0.646166077251974
295,0.07064,-0.74351601440814
296,0.0708800000000001,-0.844210305353509
297,0.0711200000000001,-0.928776320917714
298,0.0713600000000001,-0.879097651732172
299,0.0716000000000001,-0.837289606969143
300,0.0718400000000001,-1.3837335619839
301,0.0720799999999999,-1.31615020230535
302,0.0723199999999999,-1.13527453225065
303,0.07256,-1.66679571581022
304,0.0728,-1.22808865252686
305,0.07304,-1.63222976131729
306,0.07328,-1.3142207124176
307,0.07352,-1.35581943356596
308,0.07376,-1.39296184584028
309,0.0740000000000001,-2.03321234058195
310,0.0742400000000001,-1.46954050975416
311,0.0744800000000001,-1.74837314943162
312,0.0747200000000001,-1.79305006851497
313,0.0749600000000001,-2.07340615495435
314,0.0751999999999999,-1.87349887162301
315,0.07544,-2.28963879331618
316,0.07568,-2.33821161720159
317,0.07592,-2.02832285572632
318,0.07616,-2.2178234225906
319,0.0764,-2.52256998227042
320,0.07664,-1.75010872021577
321,0.0768800000000001,-2.56392984771086
322,0.0771200000000001,-2.52372404694432
323,0.0773600000000001,-1.89926107186748
324,0.0776000000000001,-2.61596114508286
325,0.0778400000000001,-2.7208175171126
326,0.0780799999999999,-2.48709211452044
327,0.0783199999999999,-2.50727508952805
328,0.07856,-2.52377154609075
329,0.0788,-2.81206159145973
330,0.07904,-3.09901646752487
331,0.07928,-2.43373329022492
332,0.07952,-2.88714490449118
333,0.0797600000000001,-3.44522501226628
334,0.0800000000000001,-2.22200187194369
335,0.0802400000000001,-2.95585353917168
336,0.0804800000000001,-3.32069949813279
337,0.0807200000000001,-2.73890175870635
338,0.0809599999999999,-3.28114576806759
339,0.0811999999999999,-3.44407614458846
340,0.08144,-2.32190104247986
341,0.08168,-2.68467752713194
342,0.08192,-3.02675816846283
343,0.08216,-2.800239580695
344,0.0824,-3.57228618556512
345,0.08264,-2.8869579006014
346,0.0828800000000001,-2.2564575259573
347,0.0831200000000001,-3.30665828606375
348,0.0833600000000001,-2.46853191755885
349,0.0836000000000001,-2.97997348306402
350,0.0838400000000001,-3.48635364507023
351,0.0840799999999999,-3.27970791184554
352,0.08432,-2.65112057549795
353,0.08456,-3.35711777490314
354,0.0848,-3.21657258064555
355,0.08504,-2.77560955836607
356,0.08528,-3.77543929727394
357,0.08552,-2.39039991744624
358,0.0857600000000001,-2.63757558291072
359,0.0860000000000001,-3.71112673229813
360,0.0862400000000001,-2.39703704334822
361,0.0864800000000001,-2.82959627621436
362,0.0867200000000001,-3.48825844433975
363,0.0869599999999999,-2.14428856697124
364,0.0871999999999999,-3.00116068176063
365,0.08744,-3.24664498671027
366,0.08768,-1.98263574686847
367,0.08792,-3.03720251991117
368,0.08816,-2.75581495667986
369,0.0884,-2.29969347767881
370,0.0886400000000001,-3.41113276551823
371,0.0888800000000001,-2.25133137725329
372,0.0891200000000001,-2.59572043109996
373,0.0893600000000001,-2.81014897786356
374,0.0896000000000001,-1.63480959388854
375,0.0898399999999999,-3.00508381918332
376,0.0900799999999999,-2.32855015197111
377,0.09032,-1.72376948521348
378,0.09056,-3.15908727464611
379,0.0908,-1.96229635214283
380,0.09104,-1.79498085323666
381,0.09128,-2.57642323365043
382,0.09152,-1.47215766618663
383,0.0917600000000001,-2.45167087099208
384,0.0920000000000001,-2.44894239638067
385,0.0922400000000001,-1.65622047809666
386,0.0924800000000001,-2.10679206961728
387,0.0927200000000001,-2.17917224730769
388,0.0929599999999999,-1.34581495510006
389,0.0931999999999999,-1.99203619076589
390,0.09344,-1.42550165865476
391,0.09368,-1.04375585952583
392,0.09392,-1.87019453298345
393,0.09416,-1.97304141125935
394,0.0944,-1.0504596221938
395,0.0946400000000001,-1.10572118259346
396,0.0948800000000001,-2.00204968793081
397,0.0951200000000001,-0.41251025428177
398,0.0953600000000001,-0.785482495727073
399,0.0956000000000001,-1.27525607029019
400,0.0958399999999999,-0.463924245470679
401,0.0960799999999999,-0.77358001678967
402,0.09632,-0.957161416119
403,0.09656,-0.195115731360818
404,0.0968,-0.800780728520355
405,0.09704,-1.03789150277055
406,0.09728,0.0255565646556224
407,0.0975200000000001,-0.392522260347686
408,0.0977600000000001,-0.801309948718417
409,0.0980000000000001,0.196185484411927
410,0.0982400000000001,-0.501680300083891
411,0.0984800000000001,-0.239695691644345
412,0.0987199999999999,0.223960304663698
413,0.0989599999999999,-0.506892213715048
414,0.0992,0.183284231628035
415,0.09944,0.250393752452439
416,0.09968,0.321762513622553
417,0.09992,0.59968270488869
418,0.10016,0.276351807432519
419,0.1004,0.424473914892168
420,0.10064,0.550333617613206
421,0.10088,0.563717159773607
422,0.10112,1.03320021673302
423,0.10136,0.770657513791443
424,0.1016,0.515333959146974
425,0.10184,1.32115450206815
426,0.10208,0.671841790042973
427,0.10232,0.994903520680877
428,0.10256,1.17681324848
429,0.1028,1.23946573904341
430,0.10304,1.29509312813447
431,0.10328,1.34257461880481
432,0.10352,1.51103178523482
433,0.10376,1.31445362244083
434,0.104,1.83243396513225
435,0.10424,1.27422599369272
436,0.10448,1.9172177744781
437,0.10472,1.71185715154839
438,0.10496,1.75050987067969
439,0.1052,1.79230477803614
440,0.10544,1.70696201793737
441,0.10568,1.63563492868872
442,0.10592,2.52182031608171
443,0.10616,2.08327171039668
444,0.1064,1.89947068798025
445,0.10664,2.19559694853217
446,0.10688,1.89493394921093
447,0.10712,2.57169235418787
448,0.10736,2.27889800428664
449,0.1076,1.99657430289756
450,0.10784,2.69196237734978
451,0.10808,2.17781251065173
452,0.10832,2.40978636026324
453,0.10856,3.12190765097963
454,0.1088,2.03616813139831
455,0.10904,2.78341854902056
456,0.10928,3.03503049254056
457,0.10952,2.11069765937077
458,0.10976,3.12726364819057
459,0.11,2.93109036689281
460,0.11024,2.41667988492885
461,0.11048,3.22190187923004
462,0.11072,2.47348025740793
463,0.11096,2.84361380041634
464,0.1112,2.95923018521638
465,0.11144,2.62607903246616
466,0.11168,3.40485838842322
467,0.11192,3.08397311018243
468,0.11216,2.67998243358342
469,0.1124,3.38564459767124
470,0.11264,3.11531144792695
471,0.11288,2.52367705909788
472,0.11312,3.8822777254937
473,0.11336,2.59456499579552
474,0.1136,2.79881368691553
475,0.11384,3.58851491720836
476,0.11408,2.37121656966965
477,0.11432,2.99795207583117
478,0.11456,3.62165453599449
479,0.1148,2.80773471640349
480,0.11504,2.5456391815851
481,0.11528,3.36522023183436
482,0.11552,3.69925743192681
483,0.11576,2.51800209817186
484,0.116,3.52828106989233
485,0.11624,2.84970139351441
486,0.11648,2.3640712648352
487,0.11672,3.44781790071633
488,0.11696,2.72191220538946
489,0.1172,2.42915782033845
490,0.11744,3.34056196425255
491,0.11768,2.68804565687115
492,0.11792,2.34508802638909
493,0.11816,3.44840627071505
494,0.1184,2.39400622941392
495,0.11864,2.49271751293323
496,0.11888,3.41886056085965
497,0.11912,1.97233489024378
498,0.11936,2.86146062506579
499,0.1196,2.65149456974918
500,0.11984,2.14504431162954
501,0.12008,3.20306811122944
502,0.12032,1.8848176358161
503,0.12056,2.42683244054341
504,0.1208,2.94703961472166
505,0.12104,1.83406554314178
506,0.12128,2.56405799434564
507,0.12152,2.79240385427645
508,0.12176,1.75133797880498
509,0.122,1.96630412531157
510,0.12224,2.75888317717747
511,0.12248,1.9008847464849
512,0.12272,1.34717582503053
513,0.12296,2.7065325091547
514,0.1232,1.91548707154464
515,0.12344,1.18086053117229
516,0.12368,2.50430656539365
517,0.12392,2.02077110911769
518,0.12416,0.867179115673318
519,0.1244,1.32066293373447
520,0.12464,1.77344627475859
521,0.12488,2.22717031645766
522,0.12512,0.556461074430539
523,0.12536,1.10105106270609
524,0.1256,1.75954282786639
525,0.12584,0.981881820426495
526,0.12608,0.747215893895803
527,0.12632,1.35562386170254
528,0.12656,1.12335133407975
529,0.1268,0.228360851042541
530,0.12704,1.2636106867129
531,0.12728,1.08943292809769
532,0.12752,-0.116865708294562
533,0.12776,0.621877786823702
534,0.128,0.990653022113066
535,0.12824,0.0744475338383843
536,0.12848,0.37353256042306
537,0.12872,0.677218219988967
538,0.12896,0.176646508071384
539,0.1292,0.27110027686792
540,0.12944,0.152885530674181
541,0.12968,0.171712155478249
542,0.12992,-0.290470369352941
543,0.13016,-0.113929085936224
544,0.1304,0.176830439136102
545,0.13064,-0.716847893430298
546,0.13088,-0.142757156809571
547,0.13112,-0.298474279650229
548,0.13136,-1.02591858813272
549,0.1316,-0.67058568328815
550,0.13184,-0.430857345567447
551,0.13208,-0.890998463346895
552,0.13232,-0.749268322494272
553,0.13256,-1.07768001075278
554,0.1328,-0.788426317580199
555,0.13304,-0.751551141955143
556,0.13328,-1.29990858638394
557,0.13352,-1.23485665866689
558,0.13376,-1.17727917058386
559,0.134,-1.70915467171942
560,0.13424,-1.14940494730994
561,0.13448,-0.961730298543213
562,0.13472,-1.84879057128651
563,0.13496,-1.2896149654877
564,0.1352,-1.93153645847777
565,0.13544,-1.60860985356886
566,0.13568,-2.00854329785659
567,0.13592,-1.68897012513185
568,0.13616,-1.84507833239543
569,0.1364,-2.12383607171087
570,0.13664,-1.81239954987863
571,0.13688,-2.21841821317762
572,0.13712,-1.78495871412482
573,0.13736,-2.44906185727619
574,0.1376,-2.14860699558505
575,0.13784,-1.729593779543
576,0.13808,-2.53149122003547
577,0.13832,-2.59959005816232
578,0.13856,-1.72302243223285
579,0.1388,-2.66986866872376
580,0.13904,-2.52206636379298
581,0.13928,-2.03552942699529
582,0.13952,-3.00558104649259
583,0.13976,-2.52177889023984
584,0.14,-2.31388769425869
585,0.14024,-3.18849856270928
586,0.14048,-2.38336055874294
587,0.14072,-2.81148551548304
588,0.14096,-2.98515829247454
589,0.1412,-2.11428726898103
590,0.14144,-3.1774695129233
591,0.14168,-2.79467918505267
592,0.14192,-2.69200407378433
593,0.14216,-3.31523424139086
594,0.1424,-2.97557775876159
595,0.14264,-2.55817824929311
596,0.14288,-3.7267208646965
597,0.14312,-2.9501841490155
598,0.14336,-2.69834694281429
599,0.1436,-3.4359946515875
600,0.14384,-3.19684893399239
601,0.14408,-2.75684453055834
602,0.14432,-3.79649760742656
603,0.14456,-3.1358254730655
604,0.1448,-2.41144568552134
605,0.14504,-2.91662389483411
606,0.14528,-3.41854074795491
607,0.14552,-3.20445704036346
608,0.14576,-2.56781190148149
609,0.146,-3.1504679706462
610,0.14624,-3.72777871810111
611,0.14648,-2.17139938026514
612,0.14672,-2.60622024867152
613,0.14696,-3.51114348221983
614,0.1472,-2.62726306928177
615,0.14744,-2.75909373379096
616,0.14768,-3.48655419138289
617,0.14792,-2.42934248571124
618,0.14816,-2.63915114169848
619,0.1484,-3.67575955451522
620,0.14864,-2.09623551609177
621,0.14888,-3.08941920469685
622,0.14912,-2.98365421299418
623,0.14936,-2.10245431999628
624,0.1496,-3.28132425811935
625,0.14984,-2.53243452485033
626,0.15008,-2.45286662616512
627,0.15032,-3.20654223296481
628,0.15056,-1.8347490753185
629,0.1508,-2.7913969866039
630,0.15104,-2.65268870645534
631,0.15128,-1.8540620620868
632,0.15152,-2.76524958137924
633,0.15176,-2.45925364974651
634,0.152,-1.37936404783746
635,0.15224,-2.72410531752547
636,0.15248,-2.3782639320961
637,0.15272,-1.37019537248089
638,0.15296,-2.42952302610537
639,0.1532,-2.51894122358807
640,0.15344,-1.57123722085432
641,0.15368,-2.46277916839687
642,0.15392,-2.144564962937
643,0.15416,-1.27508831114711
644,0.1544,-2.36052748230879
645,0.15464,-2.1078509584765
646,0.15488,-1.30191122410979
647,0.15512,-1.02821897790644
648,0.15536,-1.96161436553134
649,0.1556,-1.9295551988224
650,0.15584,-0.844846786029595
651,0.15608,-0.783951416744991
652,0.15632,-1.92439195902997
653,0.15656,-1.14074865421351
654,0.1568,-0.898277327175263
655,0.15704,-1.97302145982215
656,0.15728,-0.677719276679417
657,0.15752,-0.853758584756571
658,0.15776,-1.02642357547841
659,0.158,-0.13858989023481
660,0.15824,-0.739593959108521
661,0.15848,-0.972408308198424
662,0.15872,-0.136138780049534
663,0.15896,-0.304944780130515
664,0.1592,-0.949597617899386
665,0.15944,0.183271417913934
666,0.15968,-0.393473204724247
667,0.15992,-0.36370899966349
668,0.16016,0.349993157699352
669,0.1604,-0.38109276150982
670,0.16064,0.0788139733111051
671,0.16088,0.387917367815851
672,0.16112,0.222066160292894
673,0.16136,0.270527347509792
674,0.1616,0.0689056679080282
675,0.16184,0.587516453723429
676,0.16208,0.353809541182326
677,0.16232,0.367256077650592
678,0.16256,0.849457456266117
679,0.1628,0.948078547599088
680,0.16304,0.569567754226161
681,0.16328,0.905908831166913
682,0.16352,1.34294439364399
683,0.16376,1.06502854644208
684,0.164,0.773260069075175
685,0.16424,1.43377803730908
686,0.16448,1.25898349204693
687,0.16472,1.30733426121615
688,0.16496,1.35416141449642
689,0.1652,1.7607459872406
690,0.16544,1.20452183585352
691,0.16568,1.36750195225929
692,0.16592,1.52506826483722
693,0.16616,1.92418489337169
694,0.1664,1.48419251148077
695,0.16664,1.76071544600683
696,0.16688,1.80719583414158
697,0.16712,2.20746153008757
698,0.16736,1.88500157157773
699,0.1676,1.93797157352788
700,0.16784,2.58828954608422
701,0.16808,2.27390405326544
702,0.16832,1.86084241731261
703,0.16856,2.52936401615143
704,0.1688,2.3492353819413
705,0.16904,2.07182531375191
706,0.16928,2.75882164072061
707,0.16952,2.47933902658707
708,0.16976,2.2288498139878
709,0.17,2.57995315212287
710,0.17024,2.33136249956345
711,0.17048,2.71049158929901
712,0.17072,2.60383606209212
713,0.17096,2.27376895317248
714,0.1712,3.04707432737295
715,0.17144,2.4883436530753
716,0.17168,2.20412017551411
717,0.17192,3.24924545455017
718,0.17216,2.8477418034062
719,0.1724,2.72564790502958
720,0.17264,2.95809132229464
721,0.17288,2.61200729933512
722,0.17312,3.1459150731946
723,0.17336,3.65993735231002
724,0.1736,2.51607036401835
725,0.17384,2.50053815679635
726,0.17408,3.55577311937344
727,0.17432,2.58096737439526
728,0.17456,3.09714216846212
729,0.1748,3.832921610837
730,0.17504,2.56512313987971
731,0.17528,2.78900267287773
732,0.17552,2.75473653508536
733,0.17576,2.53691341116753
734,0.176,3.16676783554299
735,0.17624,3.55945489494832
736,0.17648,2.99477778662328
737,0.17672,2.50070961743396
738,0.17696,3.21744528135307
739,0.1772,3.3276980450499
740,0.17744,2.53152794911445
741,0.17768,3.43166121167775
742,0.17792,2.42014052337328
743,0.17816,2.67032581449942
744,0.1784,3.51373443950199
745,0.17864,2.68145941888968
746,0.17888,2.63861809109674
747,0.17912,3.55607438585292
748,0.17936,2.43964790305591
749,0.1796,2.71162413340768
750,0.17984,3.45204626148565
751,0.18008,1.94779464407871
752,0.18032,3.00576943137645
753,0.18056,2.73604043674377
754,0.1808,2.28907059095253
755,0.18104,3.40365439130729
756,0.18128,2.0234376195356
757,0.18152,2.85077295953003
758,0.18176,2.94346382004458
759,0.182,1.65051081979951
760,0.18224,3.0272775175564
761,0.18248,2.12674504368463
762,0.18272,2.12925063064585
763,0.18296,2.83672843827417
764,0.1832,1.78107273098558
765,0.18344,2.21857909611858
766,0.18368,2.39854084389506
767,0.18392,1.42597040519067
768,0.18416,2.41373268720399
769,0.1844,2.30555170782113
770,0.18464,1.40151919762231
771,0.18488,2.57105647654966
772,0.18512,1.93279858126756
773,0.18536,1.10922114284699
774,0.1856,2.35604475970941
775,0.18584,1.08865888894754
776,0.18608,0.95414598536453
777,0.18632,1.90536213959982
778,0.18656,1.89011262102388
779,0.1868,0.591977250647667
780,0.18704,1.02351382557063
781,0.18728,1.8063269660888
782,0.18752,0.803235952629181
783,0.18776,0.696982501462692
784,0.188,1.66855742570553
785,0.18824,0.391516484393206
786,0.18848,0.57993162555931
787,0.18872,1.60641099157246
788,0.18896,0.618593044581723
789,0.1892,0.621343848129342
790,0.18944,0.859376972767783
791,0.18968,0.0527845274941414
792,0.18992,0.70872184463025
793,0.19016,0.278171007535664
794,0.1904,-0.227789789451966
795,0.19064,0.706130247255372
796,0.19088,-0.267609650061269
797,0.19112,0.114290287204158
798,0.19136,0.363126875591781
799,0.1916,-0.677632705645902
800,0.19184,0.0960254844867612
801,0.19208,-0.0895230874268247
802,0.19232,-0.725558077018051
803,0.19256,-0.283445938812552
804,0.1928,-0.544546863830422
805,0.19304,-0.671133784532691
806,0.19328,-0.800043289653867
807,0.19352,-0.542770845888203
808,0.19376,-0.763708516092884
809,0.194,-1.10533617296971
810,0.19424,-0.823928223202631
811,0.19448,-0.782321179599369
812,0.19472,-0.858595963197784
813,0.19496,-1.63854407351896
814,0.1952,-1.22356636392738
815,0.19544,-1.27386664626911
816,0.19568,-1.1999490166749
817,0.19592,-1.13119939946828
818,0.19616,-1.52855366658437
819,0.1964,-1.57220307020842
820,0.19664,-1.61208023171323
821,0.19688,-1.29144795348532
822,0.19712,-1.69182967755639
823,0.19736,-1.73672712034932
824,0.1976,-2.13478713509852
825,0.19784,-1.93237959098819
826,0.19808,-1.9795146756543
827,0.19832,-1.90586013584407
828,0.19856,-1.9541313298144
829,0.1988,-2.60845477602111
830,0.19904,-2.05671145852611
831,0.19928,-1.88527680844532
832,0.19952,-2.55863340463241
833,0.19976,-2.38427289442227
834,0.2,-2.47161814561024
835,0.20024,-2.44527342316275
836,0.20048,-2.29457545090912
837,0.20072,-2.64946098199881
838,0.20096,-2.51849458052216
839,0.2012,-2.28432771578969
840,0.20144,-3.02882293702594
841,0.20168,-2.44279126970792
842,0.20192,-2.61033602555593
843,0.20216,-3.37842529892378
844,0.2024,-2.4729000849555
845,0.20264,-2.80499867974726
846,0.20288,-3.47770016630619
847,0.20312,-2.2529785515288
848,0.20336,-2.87290804939255
849,0.2036,-3.58988546589909
850,0.20384,-2.4100257767332
851,0.20408,-2.71868941018668
852,0.20432,-3.25016430852129
853,0.20456,-2.84720076344409
854,0.2048,-3.55746778673123
855,0.20504,-3.05196736992617
856,0.20528,-2.8254801395986
857,0.20552,-3.59754213194172
858,0.20576,-3.38714172290266
859,0.206,-2.38601300669096
860,0.20624,-2.86391634368234
861,0.20648,-3.33993957313317
862,0.20672,-3.09649991705274
863,0.20696,-2.54980876782032
864,0.2072,-3.21570520893905
865,0.20744,-3.64327230725937
866,0.20768,-2.3062560082345
867,0.20792,-2.93280413577524
868,0.20816,-3.66896387347166
869,0.2084,-2.50256950587383
870,0.20864,-2.60529990013885
871,0.20888,-3.42377664275231
872,0.20912,-2.45203638193126
873,0.20936,-2.62509424984537
874,0.2096,-3.62661983337188
875,0.20984,-2.25005448602024
876,0.21008,-2.85304878975758
877,0.21032,-3.55898869590885
878,0.21056,-2.13871868895293
879,0.2108,-2.93000814112563
880,0.21104,-2.86520788468933
881,0.21128,-2.14391126261472
882,0.21152,-3.23957078469663
883,0.21176,-2.29647919938365
884,0.212,-2.61636502603542
885,0.21224,-3.04439124969098
886,0.21248,-1.71617237489135
887,0.21272,-3.06133637861998
888,0.21296,-2.36334040158225
889,0.2132,-2.08964732899306
890,0.21344,-3.00926073116193
891,0.21368,-2.03427516098752
892,0.21392,-1.96389467530111
893,0.21416,-3.07702714254934
894,0.2144,-2.0500430285521
895,0.21464,-1.44923044653233
896,0.21488,-2.64964302478318
897,0.21512,-1.81807790054446
898,0.21536,-1.65574528134175
899,0.2156,-2.31512726862774
900,0.21584,-1.45021102132224
901,0.21608,-1.00267358841048
902,0.21632,-2.23012535684547
903,0.21656,-1.31135128850414
904,0.2168,-1.29469827824309
905,0.21704,-1.27687359808722
906,0.21728,-2.34080575615493
907,0.21752,-0.566148735146056
908,0.21776,-1.34448065956416
909,0.218,-1.87625860818409
910,0.21824,-0.406305070257665
911,0.21848,-1.1256501907046
912,0.21872,-1.72143124336139
913,0.21896,-0.441010513910733
914,0.2192,-0.625003578813843
915,0.21944,-1.64560898735875
916,0.21968,-0.414352196012175
917,0.21992,-0.533348337075371
918,0.22016,-1.12759926090891
919,0.2204,-0.20130341882992
920,0.22064,-0.487524419749415
921,0.22088,-0.536139697409184
922,0.22112,-0.264676058090447
923,0.22136,-0.467970515905151
924,0.2216,0.0241928239006415
925,0.22184,-0.228079315290008
926,0.22208,0.00729061936298803
927,0.22232,0.44567854291555
928,0.22256,-0.201885510329911
929,0.2228,0.228389093102019
930,0.22304,0.746741016805555
931,0.22328,0.306082534716005
932,0.22352,0.210555084996291
933,0.22376,0.579926234745301
934,0.224,0.713466492675808
935,0.22424,0.821197844223603
936,0.22448,0.799141705538295
937,0.22472,0.905861406436746
938,0.22496,0.989540964976184
939,0.2252,0.703618043889959
940,0.22544,0.784690621702122
941,0.22568,1.32818623651694
942,0.22592,1.27173407426954
943,0.22616,0.968613138072539
944,0.2264,1.61845250649149
945,0.22664,1.060879223447
946,0.22688,1.23542239988854
947,0.22712,1.87765043776544
948,0.22736,1.31799204858113
949,0.2276,1.95954734032201
950,0.22784,1.51882440614901
951,0.22808,2.04050104534737
952,0.22832,1.72074192448247
953,0.22856,1.75788751218013
954,0.2288,2.04138218262644
955,0.22904,1.96771490035816
956,0.22928,1.89207595073063
957,0.22952,2.30804429526111
958,0.22976,2.36191486468034
959,0.23,1.69531757741493
960,0.23024,2.01165959203247
961,0.23048,2.92450798140044
962,0.23072,2.03508318526193
963,0.23096,2.37445647439412
964,0.2312,2.8221823690461
965,0.23144,2.20671273529609
966,0.23168,2.80723142738017
967,0.23192,2.67705407955285
968,0.23216,2.22103260562422
969,0.2324,2.961333165535
970,0.23264,2.62792295159035
971,0.23288,2.56551559153197
972,0.23312,2.73508621589294
973,0.23336,2.69709413816126
974,0.2336,3.50548015302628
975,0.23384,2.74336520801507
976,0.23408,2.74448040741736
977,0.23432,3.60106491289508
978,0.23456,2.88289610758874
979,0.2348,2.56866179409391
980,0.23504,3.60260732501994
981,0.23528,2.93560316900502
982,0.23552,2.6684607285277
983,0.23576,3.39921362490916
984,0.236,3.38631511084055
985,0.23624,2.33338292812368
986,0.23648,2.76877777673287
987,0.23672,3.29874095073793
988,0.23696,2.8948817521435
989,0.2372,2.42390932748395
990,0.23744,2.93322156156009
991,0.23768,3.55811252534154
992,0.23792,2.16127837683055
993,0.23816,2.86136362578914
994,0.2384,3.5532235062212
995,0.23864,2.80693484912733
996,0.23888,2.73001140437381
997,0.23912,3.49618341304698
998,0.23936,2.70041540026337
999,0.2396,2.45631843983721
1000,0.23984,3.29687075718093
1001,0.24008,2.9323981093081
1002,0.24032,2.26996640754257
1003,0.24056,3.18736065328963
1004,0.2408,2.89763777706609
1005,0.24104,2.06726785440881
1006,0.24128,2.83216973822639
1007,0.24152,3.46157526813682
1008,0.24176,1.972865016104
1009,0.242,2.92829020956642
1010,0.24224,3.02591703710452
1011,0.24248,2.10561809286025
1012,0.24272,3.35723929108028
1013,0.24296,2.33520692269306
1014,0.2432,2.46254014487493
1015,0.24344,3.05042571257934
1016,0.24368,1.88087948671448
1017,0.24392,2.79634441052952
1018,0.24416,2.14318736286908
1019,0.2444,2.27275051176405
1020,0.24464,2.74704279080277
1021,0.24488,1.82593142904623
1022,0.24512,2.03788488001111
1023,0.24536,2.70700956686644
1024,0.2456,1.73425179426831
1025,0.24584,1.7776857291115
1026,0.24608,2.52728404079633
1027,0.24632,1.74544222266823
1028,0.24656,1.85541017570375
1029,0.2468,2.19175975049029
1030,0.24704,1.48672070891946
1031,0.24728,1.3144205660791
1032,0.24752,1.39085265995455
1033,0.24776,2.19148644972187
1034,0.248,1.43964382102289
1035,0.24824,1.00188801916322
1036,0.24848,1.16944483920073
1037,0.24872,1.69686593115741
1038,0.24896,0.835592585400417
1039,0.2492,0.944672782528863
1040,0.24944,1.89704763353652
1041,0.24968,0.126481053934526
1042,0.24992,1.26568161526545
1043,0.25016,0.952128868770336
1044,0.2504,0.210693487234546
1045,0.25064,1.16113483137627
1046,0.25088,0.785498630096022
1047,0.25112,0.0997594973272062
1048,0.25136,0.499934575122081
1049,0.2516,0.547810122346994
1050,0.25184,0.151229700762082
1051,0.25208,0.4702597638859
1052,0.25232,0.0962842930039716
1053,0.25256,0.100676954441786
1054,0.2528,-0.0161639214167617
1055,0.25304,-0.216016974850605
1056,0.25328,0.063883780396734
1057,0.25352,-0.487079419120629
1058,0.25376,-0.285422858154753
1059,0.254,-0.0944139180691057
1060,0.25424,-0.482511410100009
1061,0.25448,-0.373593328677525
1062,0.25472,-0.51170509957211
1063,0.25496,-0.860715432998843
1064,0.2552,-0.603856383660521
1065,0.25544,-0.948580703687384
1066,0.25568,-0.672029335354641
1067,0.25592,-0.753751998957824
1068,0.25616,-0.833084015987857
1069,0.2564,-1.13759528352443
1070,0.25664,-0.961265054887498
1071,0.25688,-1.37967009946278
1072,0.25712,-1.06420233866037
1073,0.25736,-1.60336271746449
1074,0.2576,-1.52030113473312
1075,0.25784,-1.32391388945015
1076,0.25808,-1.96837389649988
1077,0.25832,-1.40765401580145
1078,0.25856,-1.92543967732382
1079,0.2588,-1.48789568669644
1080,0.25904,-2.12924455360375
1081,0.25928,-1.80495629523181
1082,0.25952,-1.84951156645219
1083,0.25976,-2.37603556702399
1084,0.26,-1.9398295017133
1085,0.26024,-2.35467108190006
1086,0.26048,-1.92673026520449
1087,0.26072,-1.74511954455787
1088,0.26096,-2.41666648693403
1089,0.2612,-2.47859418251721
1090,0.26144,-1.96447323516682
1091,0.26168,-2.89048774907648
1092,0.26192,-2.3745568827334
1093,0.26216,-2.24975792394245
1094,0.2624,-2.71626231385163
1095,0.26264,-2.35291325224471
1096,0.26288,-2.3735877362661
1097,0.26312,-2.62578664617645
1098,0.26336,-2.78428491382288
1099,0.2636,-3.06708852346881
1100,0.26384,-2.74822905168176
1101,0.26408,-2.58813310355154
1102,0.26432,-2.90454425032183
1103,0.26456,-2.63769571840021
1104,0.2648,-3.00184704842932
1105,0.26504,-2.87198472350999
1106,0.26528,-2.5366935877599
1107,0.26552,-3.55000134721964
1108,0.26576,-2.98340665632415
1109,0.266,-2.34126706141189
1110,0.26624,-3.51856281762612
1111,0.26648,-3.11860649389641
1112,0.26672,-2.87615845322092
1113,0.26696,-3.15571107921389
1114,0.2672,-3.17998697053844
1115,0.26744,-2.87468884843604
1116,0.26768,-3.69278432181833
1117,0.26792,-2.34072867671245
1118,0.26816,-2.84832461370897
1119,0.2684,-3.476003703122
1120,0.26864,-3.01859489526987
1121,0.26888,-2.62528102297759
1122,0.26912,-3.20027417050512
1123,0.26936,-3.41269100259181
1124,0.2696,-2.59599167196332
1125,0.26984,-3.35651461968948
1126,0.27008,-3.03341862345858
1127,0.27032,-2.41644993748555
1128,0.27056,-3.13744391133674
1129,0.2708,-3.24565652391822
1130,0.27104,-2.20755451669155
1131,0.27128,-3.24070774468425
1132,0.27152,-2.82131275305574
1133,0.27176,-2.47089308527142
1134,0.272,-3.44707589147346
1135,0.27224,-2.38704522765607
1136,0.27248,-2.83074271964282
1137,0.27272,-3.2635446023708
1138,0.27296,-1.82137258772763
1139,0.2732,-3.05480847456288
1140,0.27344,-2.71726887338123
1141,0.27368,-2.08706408996385
1142,0.27392,-3.37986965673422
1143,0.27416,-2.16660326682341
1144,0.2744,-2.33979496921657
1145,0.27464,-2.97307947390503
1146,0.27488,-1.8471782652722
1147,0.27512,-2.21361122908967
1148,0.27536,-2.93151502731989
1149,0.2756,-1.75768682916507
1150,0.27584,-2.43632720788782
1151,0.27608,-2.61163107189163
1152,0.27632,-1.64144808197484
1153,0.27656,-2.27311087063602
1154,0.2768,-2.40339023521719
1155,0.27704,-1.50401550938929
1156,0.27728,-2.08901816843231
1157,0.27752,-1.70298236966036
1158,0.27776,-1.13422137564278
1159,0.278,-2.12155677938062
1160,0.27824,-0.739684543995455
1161,0.27848,-1.56855606033602
1162,0.27872,-1.67257069685634
1163,0.27896,-0.832759260732645
1164,0.2792,-0.767326903747732
1165,0.27944,-1.8978089693487
1166,0.27968,-1.23235637437645
1167,0.27992,-0.748255401901144
1168,0.28016,-1.58786825532696
1169,0.2804,-0.750700656971637
1170,0.28064,-0.575650802023711
1171,0.28088,-1.11840677737879
1172,0.28112,-0.701539815283969
1173,0.28136,-0.21667339174709
1174,0.2816,-1.05309035473084
1175,0.28184,-0.215113460950609
1176,0.28208,-0.265508772340946
1177,0.28232,-1.02622724496736
1178,0.28256,0.107623861315859
1179,0.2828,-0.107427172747481
1180,0.28304,-0.557462334333824
1181,0.28328,0.280697086695969
1182,0.28352,-0.0890892415429729
1183,0.28376,-0.107668971011948
1184,0.284,0.324134963173544
1185,0.28424,0.279990476298055
1186,0.28448,0.452605588120684
1187,0.28472,0.124957749848765
1188,0.28496,0.287520335884794
1189,0.2852,1.02174972870539
1190,0.28544,0.308408247855924
1191,0.28568,0.312616727090742
1192,0.28592,0.897001734232194
1193,0.28616,0.878036656602259
1194,0.2864,0.735897042288461
1195,0.28664,1.05388504264633
1196,0.28688,0.895701483168569
1197,0.28712,1.32753014716771
1198,0.28736,1.02188112352789
1199,0.2876,0.968200828963114
1200,0.28784,1.5019897692871
1201,0.28808,1.42706574902681
1202,0.28832,1.24038471535549
1203,0.28856,1.28540871528293
1204,0.2888,1.3235170344517
1205,0.28904,1.96382456112902
1206,0.28928,1.40272094835845
1207,0.28952,1.44113509575653
1208,0.28976,1.48120810858083
1209,0.29,2.12562537511979
1210,0.29024,1.8034026917269
1211,0.29048,1.96181703131391
1212,0.29072,1.89386833919439
1213,0.29096,2.54186424698814
1214,0.2912,1.98891077196924
1215,0.29144,2.05602377773899
1216,0.29168,2.72149056221034
1217,0.29192,2.42317932834545
1218,0.29216,2.02703531156207
1219,0.2924,2.71324586775767
1220,0.29264,2.31561822528661
1221,0.29288,2.18473254663536
1222,0.29312,2.64441107771651
1223,0.29336,2.52186407337241
1224,0.2936,2.53597203104085
1225,0.29384,2.54187655372667
1226,0.29408,2.81964949016154
1227,0.29432,2.73838828207719
1228,0.29456,2.42388563535925
1229,0.2948,3.22355383808754
1230,0.29504,2.5696250584637
1231,0.29528,2.67024479728411
1232,0.29552,3.49682871504224
1233,0.29576,2.64564160971611
1234,0.296,2.68088667684333
1235,0.29624,3.66645765884752
1236,0.29648,2.85778367703445
1237,0.29672,2.21767132159983
1238,0.29696,3.38836846175525
1239,0.2972,3.11015234779025
1240,0.29744,2.39418053483945
1241,0.29768,3.62015858107076
1242,0.29792,3.2714838269272
1243,0.29816,2.48625907685947
1244,0.2984,3.89395271283728
1245,0.29864,2.52981922661862
1246,0.29888,2.78866568887482
1247,0.29912,3.29079961671627
1248,0.29936,3.78780910106446
1249,0.2996,2.15720393093409
1250,0.29984,2.8663653892307
1251,0.30008,3.56808952342348
1252,0.30032,2.3623014402258
1253,0.30056,2.89718273454168
1254,0.3008,3.65941466499473
1255,0.30104,2.16923269878915
1256,0.30128,2.78062008392802
1257,0.30152,3.73409088548701
1258,0.30176,2.07960170252292
1259,0.302,2.8776814131166
1260,0.30224,3.66058579867259
1261,0.30248,2.3102231636
1262,0.30272,2.93588186502384
1263,0.30296,3.18636423525442
1264,0.3032,2.17481544522888
1265,0.30344,3.34035910560495
1266,0.30368,2.46701011910599
1267,0.30392,2.50443580296558
1268,0.30416,3.24566610769492
1269,0.3044,1.98294491480282
1270,0.30464,2.81205571691458
1271,0.30488,3.01477548519592
1272,0.30512,1.9495050410881
1273,0.30536,2.49197421232421
1274,0.3056,3.14176782812336
1275,0.30584,2.02462518309921
1276,0.30608,1.93351275030636
1277,0.30632,3.03206205195351
1278,0.30656,1.98858092097121
1279,0.3068,1.6080228772453
1280,0.30704,2.78607052888767
1281,0.30728,2.04786089611305
1282,0.30752,1.37985359840862
1283,0.30776,2.74611225608966
1284,0.308,1.96155198692022
1285,0.30824,1.23688682428868
1286,0.30848,2.09535845924749
1287,0.30872,1.9808447133346
1288,0.30896,0.721070244752537
1289,0.3092,1.54477970984388
1290,0.30944,1.64391409766448
1291,0.30968,1.15249155298191
1292,0.30992,0.843851703361957
1293,0.31016,1.25510570982774
1294,0.3104,1.90746571463232
1295,0.31064,0.568201344921074
1296,0.31088,1.29214069735651
1297,0.31112,1.04910097116323
1298,0.31136,0.133069029477595
1299,0.3116,1.27957703020842
1300,0.31184,0.971972835729141
1301,0.31208,0.236062491936157
1302,0.31232,1.19162416129282
1303,0.31256,0.703565102204106
1304,0.3128,0.14108956814425
1305,0.31304,0.555989717725161
1306,0.31328,0.244904637883456
1307,0.31352,-0.144519427224776
1308,0.31376,0.433292944466725
1309,0.314,-0.186681027584333
1310,0.31424,0.192798923371451
1311,0.31448,0.323923829112941
1312,0.31472,-0.7199618030318
1313,0.31496,-0.179075541576261
1314,0.3152,-0.127835800661481
1315,0.31544,-0.531091154145372
1316,0.31568,-0.0779736440056535
1317,0.31592,-0.355229739403448
1318,0.31616,-0.846109325399407
1319,0.3164,-0.360819365922372
1320,0.31664,-0.605378607091854
1321,0.31688,-1.06659578975593
1322,0.31712,-0.66884475503929
1323,0.31736,-0.283352200118467
1324,0.3176,-1.08947804838427
1325,0.31784,-1.27092584590681
1326,0.31808,-1.22469868996765
1327,0.31832,-1.04184162359031
1328,0.31856,-1.33204950678117
1329,0.3188,-1.51193383779797
1330,0.31904,-1.07394006224045
1331,0.31928,-1.3519917296543
1332,0.31952,-1.63922904231337
1333,0.31976,-1.79991157204182
1334,0.32,-1.72216875027444
1335,0.32024,-2.00283996111218
1336,0.32048,-1.68135137025938
1337,0.32072,-1.59977467582848
1338,0.32096,-2.0042863627846
1339,0.3212,-1.92745561025169
1340,0.32144,-1.96815627318883
1341,0.32168,-1.89799155112943
1342,0.32192,-2.19406682287699
1343,0.32216,-2.24313349358041
1344,0.3224,-1.9438771659536
1345,0.32264,-2.49869019866212
1346,0.32288,-2.44353686635417
1347,0.32312,-2.41088931537874
1348,0.32336,-2.38562889292632
1349,0.3236,-2.35302975486168
1350,0.32384,-2.58562342751491
1351,0.32408,-2.57589486702548
1352,0.32432,-2.21710255145887
1353,0.32456,-2.96177102329791
1354,0.3248,-2.49468967255426
1355,0.32504,-2.53811117137691
1356,0.32528,-3.30849241994796
1357,0.32552,-2.28093295573314
1358,0.32576,-2.97256734308543
1359,0.326,-3.4064310151697
1360,0.32624,-2.06874198458578
1361,0.32648,-2.91962361335092
1362,0.32672,-2.91765245087765
1363,0.32696,-2.59522944824478
1364,0.3272,-3.4865981340789
1365,0.32744,-3.04569748640719
1366,0.32768,-2.76477148123672
1367,0.32792,-3.48023608398964
1368,0.32816,-3.09275419896671
1369,0.3284,-2.86061319036074
1370,0.32864,-3.62811189706251
1371,0.32888,-3.41328208106731
1372,0.32912,-2.52684210624709
1373,0.32936,-3.24271869762689
1374,0.3296,-2.97521753577764
1375,0.32984,-2.64477584333125
1376,0.33008,-3.16342451476867
1377,0.33032,-3.44462926359184
1378,0.33056,-2.56858625553984
1379,0.3308,-3.15759650033895
1380,0.33104,-3.74061242226281
1381,0.33128,-2.19226352498485
1382,0.33152,-2.8627297793795
1383,0.33176,-3.52628105175913
1384,0.332,-2.17867781956361
1385,0.33224,-2.915202024492
1386,0.33248,-3.6453522438711
1387,0.33272,-2.00847705405657
1388,0.33296,-3.05609230482353
1389,0.3332,-3.37086455632133
1390,0.33344,-2.0561457413194
1391,0.33368,-3.17291994937814
1392,0.33392,-2.71897628172394
1393,0.33416,-2.33255514557378
1394,0.3344,-3.50857769552779
1395,0.33464,-2.06147250412936
1396,0.33488,-2.71474653943788
1397,0.33512,-2.74963981112236
1398,0.33536,-2.12280553329803
1399,0.3356,-3.06778643399186
1400,0.33584,-2.33808488306062
1401,0.33608,-1.91589463703179
1402,0.33632,-3.17948692895539
1403,0.33656,-2.05271210556422
1404,0.3368,-2.30988463095041
1405,0.33704,-2.90216863505361
1406,0.33728,-1.74006315156774
1407,0.33752,-2.31168950521042
1408,0.33776,-2.26569451110398
1409,0.338,-1.31125835677213
1410,0.33824,-2.54890768294057
1411,0.33848,-2.21000564054809
1412,0.33872,-1.32210531928339
1413,0.33896,-2.3909484996556
1414,0.3392,-1.65674945859149
1415,0.33944,-1.22028946898464
1416,0.33968,-1.50224452019406
1417,0.33992,-0.87468417105263
1418,0.34016,-1.34773138647816
1419,0.3404,-1.82071638219936
1420,0.34064,-1.93636023499908
1421,0.34088,-0.670999613213163
1422,0.34112,-1.22892076484257
1423,0.34136,-1.42492425187892
1424,0.3416,-0.322051316793749
1425,0.34184,-0.945948475688374
1426,0.34208,-1.56595701280333
1427,0.34232,-0.52197519183868
1428,0.34256,-0.487166755297869
1429,0.3428,-1.16964386858953
1430,0.34304,-0.549372175001763
1431,0.34328,0.0265696760994911
1432,0.34352,-0.959584052642383
1433,0.34376,-0.264251290556065
1434,0.344,0.0254402791540639
1435,0.34424,-0.881192815010948
1436,0.34448,0.232657154431298
1437,0.34472,-0.246523770028719
1438,0.34496,-0.355089269282177
1439,0.3452,0.462689971178232
1440,0.34544,-0.286694741532004
1441,0.34568,0.156392878473784
1442,0.34592,0.450081855293405
1443,0.34616,0.388277649568102
1444,0.3464,0.418909878761811
1445,0.34664,0.0853891241492988
1446,0.34688,0.467685218953713
1447,0.34712,1.06246716717372
1448,0.34736,0.341825071907638
1449,0.3476,0.570999985537233
1450,0.34784,1.14246713625728
1451,0.34808,0.869288111664937
1452,0.34832,0.713524709341083
1453,0.34856,1.38556014214299
1454,0.3488,1.09702969105094
1455,0.34904,1.16100930194247
1456,0.34928,1.57516314424623
1457,0.34952,1.26792430086389
1458,0.34976,1.07801944879494
1459,0.35,1.36228319802979
1460,0.35024,1.88309090069301
1461,0.35048,1.32313245885229
1462,0.35072,1.96422145968122
1463,0.35096,1.52476206805936
1464,0.3512,2.04580814593906
1465,0.35144,1.72798922367299
1466,0.35168,1.7682136277683
1467,0.35192,2.17216146178232
1468,0.35216,2.09898992728417
1469,0.3524,1.90265387702923
1470,0.35264,2.43826697508303
1471,0.35288,2.13190355115411
1472,0.35312,1.70560813319657
1473,0.35336,2.14261713664925
1474,0.3536,2.81215837406676
1475,0.35384,1.68429135901919
1476,0.35408,2.50312877075554
1477,0.35432,2.82757133123209
1478,0.35456,1.84877884980069
1479,0.3548,2.81204515616964
1480,0.35504,2.79884144587541
1481,0.35528,2.21780457362811
1482,0.35552,3.08106144864643
1483,0.35576,2.62371591535735
1484,0.356,2.67939167960868
1485,0.35624,3.20864967368775
1486,0.35648,2.07709807966403
1487,0.35672,3.13167475634189
1488,0.35696,3.33445344826155
1489,0.3572,2.24568246031037
1490,0.35744,3.22672440423943
1491,0.35768,3.47321874497635
1492,0.35792,2.30807989921644
1493,0.35816,2.86671143238568
1494,0.3584,3.76471259227341
1495,0.35864,2.52025031196017
1496,0.35888,2.88894950773307
1497,0.35912,3.35896293899764
1498,0.35936,2.30265895446371
1499,0.3596,2.61542679694908
1500,0.35984,3.14823100529966
1501,0.36008,2.98669360346626
1502,0.36032,2.51331929885558
1503,0.36056,3.01432788186502
1504,0.3608,3.74869667056991
1505,0.36104,2.34717802647398
1506,0.36128,2.91544222677061
1507,0.36152,3.48336072636998
1508,0.36176,2.61675314750979
1509,0.362,2.89252891752153
1510,0.36224,3.6422230536346
1511,0.36248,2.384287695653
1512,0.36272,3.08541851084052
1513,0.36296,3.4145461822565
1514,0.3632,2.22506570158416
1515,0.36344,3.0052814574224
1516,0.36368,3.40737805512577
1517,0.36392,2.29498832859462
1518,0.36416,3.14007276847981
1519,0.3644,3.00932162228811
1520,0.36464,2.22360062380436
1521,0.36488,3.2588440943187
1522,0.36512,2.48803106448411
1523,0.36536,2.38666802531444
1524,0.3656,3.35988534978609
1525,0.36584,1.95851198669913
1526,0.36608,2.65293420814377
1527,0.36632,2.73258359774384
1528,0.36656,1.78599217158461
1529,0.3668,2.66707466581478
1530,0.36704,2.5803389061116
1531,0.36728,1.70913279939733
1532,0.36752,3.13559168138524
1533,0.36776,2.16691558338921
1534,0.368,1.62877882858775
1535,0.36824,3.12483562650548
1536,0.36848,2.10637385169973
1537,0.36872,1.27098239444836
1538,0.36896,2.61995616829331
1539,0.3692,2.39318879196712
1540,0.36944,1.49377628563087
1541,0.36968,2.43105091669167
1542,0.36992,2.03548303359869
1543,0.37016,1.21383754870981
1544,0.3704,2.22764770146803
1545,0.37064,1.78382330424835
1546,0.37088,1.290227666777
1547,0.37112,1.28650991990827
1548,0.37136,2.24744584812313
1549,0.3716,0.478697036873084
1550,0.37184,1.39147164729633
1551,0.37208,1.45425747933972
1552,0.37232,0.463245971235214
1553,0.37256,1.20558700299957
1554,0.3728,1.21492374229072
1555,0.37304,0.168109834232898
1556,0.37328,1.08520606235597
1557,0.37352,1.2721524826993
1558,0.37376,0.176469215478161
1559,0.374,0.424265902190734
1560,0.37424,1.03029678963613
1561,0.37448,0.111517628665669
1562,0.37472,0.406082867045777
1563,0.37496,0.467997584767202
1564,0.3752,0.204702302821569
1565,0.37544,0.297030779554384
1566,0.37568,-0.182164883887438
1567,0.37592,0.197817213457307
1568,0.37616,-0.148800537620933
1569,0.3764,-0.0973682682833475
1570,0.37664,0.189334804580146
1571,0.37688,-0.593000557506505
1572,0.37712,-0.502778745078712
1573,0.37736,-0.179272868622854
1574,0.3776,-0.803422076205801
1575,0.37784,-0.438839719529289
1576,0.37808,-0.0844469430756902
1577,0.37832,-0.679893191417726
1578,0.37856,-1.25256761198917
1579,0.3788,-0.991153531422303
1580,0.37904,-0.827701302715763
1581,0.37928,-0.781859109587114
1582,0.37952,-0.737807127964337
1583,0.37976,-1.51832018217077
1584,0.38,-1.22505088525192
1585,0.38024,-1.27556977437107
1586,0.38048,-1.32001939165422
1587,0.38072,-1.37052578329161
1588,0.38096,-1.77272689398211
1589,0.3812,-1.21365728927602
1590,0.38144,-1.61414239044747
1591,0.38168,-1.65809019329149
1592,0.38192,-1.81530296927778
1593,0.38216,-1.85495477150381
1594,0.3824,-1.89893428785629
1595,0.38264,-1.94377104185364
1596,0.38288,-1.86384439073794
1597,0.38312,-2.03437457593939
1598,0.38336,-2.44531363470808
1599,0.3836,-2.13216734912835
1600,0.38384,-1.95173540621406
1601,0.38408,-2.62252102369627
1602,0.38432,-2.20822177753558
1603,0.38456,-2.15832335173047
1604,0.3848,-2.49134013254506
1605,0.38504,-2.58246065902806
1606,0.38528,-2.19455972878603
1607,0.38552,-2.79381208376685
1608,0.38576,-2.42447478089175
1609,0.386,-2.19332108170022
1610,0.38624,-3.18089821318285
1611,0.38648,-2.35642526049885
1612,0.38672,-2.52689394892165
1613,0.38696,-3.29831307382556
1614,0.3872,-2.75473206871171
1615,0.38744,-2.48910628142678
1616,0.38768,-2.80937047595211
1617,0.38792,-2.55553212127927
1618,0.38816,-3.29155830973703
1619,0.3884,-2.92896785809291
1620,0.38864,-2.6004718406438
1621,0.38888,-3.15106232798976
1622,0.38912,-3.55904219055835
1623,0.38936,-2.43647026918285
1624,0.3896,-2.80279158314176
1625,0.38984,-3.74522448295429
1626,0.39008,-2.78517280003815
1627,0.39032,-2.59694872782951
1628,0.39056,-3.87071460556235
1629,0.3908,-3.20081208311416
1630,0.39104,-2.2233551210702
1631,0.39128,-2.72542247350234
1632,0.39152,-3.23092242782496
1633,0.39176,-3.73160595123
1634,0.392,-2.34416297780465
1635,0.39224,-2.92815210268311
1636,0.39248,-3.50958817288847
1637,0.39272,-2.77532458939525
1638,0.39296,-2.59101167443698
1639,0.3932,-3.48474699583668
1640,0.39344,-2.58690880256092
1641,0.39368,-2.59814038894384
1642,0.39392,-3.44165550322978
1643,0.39416,-2.61379674252284
1644,0.3944,-2.57292998707932
1645,0.39464,-3.60489610110998
1646,0.39488,-2.37208471447923
1647,0.39512,-2.52615046734612
1648,0.39536,-3.51169277129567
1649,0.3956,-2.23340162474144
1650,0.39584,-2.58364783506404
1651,0.39608,-3.2759030849832
1652,0.39632,-1.84614715529839
1653,0.39656,-2.98133789347745
1654,0.3968,-2.54306335419375
1655,0.39704,-2.05174791460089
1656,0.39728,-3.36336748266838
1657,0.39752,-2.04928195400052
1658,0.39776,-2.35690919709338
1659,0.398,-2.76911206230924
1660,0.39824,-1.6678248524498
1661,0.39848,-2.64762405591847
1662,0.39872,-2.52744458544515
1663,0.39896,-1.62740014205343
1664,0.3992,-2.31837107874718
1665,0.39944,-2.63384315088985
1666,0.39968,-1.79575642590569
1667,0.39992,-1.96630375751727
1668,0.40016,-2.48006446682636
1669,0.4004,-1.59012204522539
1670,0.40064,-1.71596343191947
1671,0.40088,-2.06734694018981
1672,0.40112,-1.37653474651782
1673,0.40136,-1.22031903514717
1674,0.4016,-1.30935982764218
1675,0.40184,-2.12188842746418
1676,0.40208,-1.38125620278059
1677,0.40232,-1.06648786901041
1678,0.40256,-1.23566193312708
1679,0.4028,-1.88909879462382
1680,0.40304,-0.550838391582109
1681,0.40328,-1.27571351974839
1682,0.40352,-1.03354351742746
1683,0.40376,-0.118317893640177
1684,0.404,-1.0245738063161
1685,0.40424,-0.842712837832109
1686,0.40448,0.0160462266652577
1687,0.40472,-1.06500658878699
1688,0.40496,-0.818058666319344
1689,0.4052,-0.0185866255951288
1690,0.40544,-0.669711314775745
1691,0.40568,-0.600966339777192
1692,0.40592,-0.0904070629616892
1693,0.40616,-0.418646475360027
1694,0.4064,0.0699528355635561
1695,0.40664,-0.185636731837499
1696,0.40688,0.0466528629275427
1697,0.40712,0.482189989655965
1698,0.40736,-0.16801390896563
1699,0.4076,0.259828084804088
1700,0.40784,0.775942746824252
1701,0.40808,0.333228177293972
1702,0.40832,0.235825459126766
1703,0.40856,0.603485928577818
1704,0.4088,0.735472981659606
1705,0.40904,0.841805185758161
1706,0.40928,0.341773165981545
1707,0.40952,0.806234486000346
1708,0.40976,1.24550525503367
1709,0.41,0.97072844736908
1710,0.41024,1.04143247597781
1711,0.41048,1.34340146341848
1712,0.41072,1.40737228616197
1713,0.41096,1.09889677457112
1714,0.4112,1.27158623759507
1715,0.41144,1.43973906482876
1716,0.41168,1.8382155096522
1717,0.41192,1.27976927179863
1718,0.41216,1.92202708583848
1719,0.4124,1.24184618097542
1720,0.41264,2.00420826425178
1721,0.41288,1.44659964085099
1722,0.41312,2.20860916060395
1723,0.41336,1.88592074510016
1724,0.4136,1.81433632245948
1725,0.41384,2.33952099299259
1726,0.41408,2.14636972502283
1727,0.41432,1.96351026068244
1728,0.41456,2.01804451514277
1729,0.4148,1.9616837606003
1730,0.41504,2.63378331546787
1731,0.41528,1.97942094588204
1732,0.41552,1.82569724101741
1733,0.41576,2.76231892023018
1734,0.416,2.60767833030534
1735,0.41624,2.1235388756267
1736,0.41648,3.07950316040361
1737,0.41672,2.5930733630926
1738,0.41696,2.49815831380795
1739,0.4172,2.87344445037103
1740,0.41744,2.55252218800319
1741,0.41768,2.61312427062136
1742,0.41792,2.54321190112511
1743,0.41816,2.50887429076831
1744,0.4184,3.31791666358279
1745,0.41864,2.68515336575821
1746,0.41888,2.81145644237791
1747,0.41912,3.66284947906026
1748,0.41936,2.47784486859117
1749,0.4196,2.65997770977839
1750,0.41984,3.67243909135638
1751,0.42008,2.65180320675707
1752,0.42032,2.88319904019674
1753,0.42056,3.82282048899844
1754,0.4208,2.73438902788935
1755,0.42104,2.53744557342743
1756,0.42128,3.45216785870716
1757,0.42152,3.49431743179932
1758,0.42176,2.73987259216787
1759,0.422,2.51660957877133
1760,0.42224,3.02038899568639
1761,0.42248,3.52678530574662
1762,0.42272,2.71830874539377
1763,0.42296,2.69711229778887
1764,0.4232,3.27787782405582
1765,0.42344,3.37907380342323
1766,0.42368,2.56942357328366
1767,0.42392,3.22584663310595
1768,0.42416,3.27315162460832
1769,0.4244,2.17071742086187
1770,0.42464,2.91386588201264
1771,0.42488,3.64441647108448
1772,0.42512,2.59591402458204
1773,0.42536,2.80637176477287
1774,0.4256,3.48946332919142
1775,0.42584,1.92843793620894
1776,0.42608,3.04969450055499
1777,0.42632,3.4359771722893
1778,0.42656,1.94583770623686
1779,0.4268,3.02037567239243
1780,0.42704,2.88371049800162
1781,0.42728,2.20666297611024
1782,0.42752,3.45721051553248
1783,0.42776,2.20395870176247
1784,0.428,2.57137012875206
1785,0.42824,2.91989240142658
1786,0.42848,1.75914357646193
1787,0.42872,2.91245467380606
1788,0.42896,2.25961695048969
1789,0.4292,1.67574241322156
1790,0.42944,3.13293399053562
1791,0.42968,2.07672635128335
1792,0.42992,1.44516112494462
1793,0.43016,2.61693509381673
1794,0.4304,1.64876631102655
1795,0.43064,1.7005561684617
1796,0.43088,2.69165570430936
1797,0.43112,1.90297819063521
1798,0.43136,1.17516395235516
1799,0.4316,2.26048434139489
1800,0.43184,1.89942063108364
1801,0.43208,1.23383995167719
1802,0.43232,0.972395547997935
1803,0.43256,1.79839714621937
1804,0.4328,1.8995409570557
1805,0.43304,1.06077673185535
1806,0.43328,0.881614686005363
1807,0.43352,1.90229515127268
1808,0.43376,0.770879809214102
1809,0.434,1.02344527419707
1810,0.43424,1.27163402009093
1811,0.43448,0.922653209003025
1812,0.43472,0.144634347303776
1813,0.43496,1.06032955726282
1814,0.4352,0.76911962639662
1815,0.43544,0.0451309336106644
1816,0.43568,1.13328336254414
1817,0.43592,0.53770847699624
1818,0.43616,-0.246046532007727
1819,0.4364,0.656754348398721
1820,0.43664,0.114776510761454
1821,0.43688,-0.0209051109962572
1822,0.43712,0.683042406270427
1823,0.43736,-0.0497978894945156
1824,0.4376,-0.382600305451926
1825,0.43784,0.600659496669381
1826,0.43808,-0.441944620801714
1827,0.43832,-0.376900373958779
1828,0.43856,0.0450277941106421
1829,0.4388,-0.466898519863714
1830,0.43904,-0.140428137787267
1831,0.43928,-0.75978919811523
1832,0.43952,-0.392063545158647
1833,0.43976,-0.275353744688826
1834,0.44,-1.22138137961145
1835,0.44024,-0.958373265653445
1836,0.44048,-0.572897190711266
1837,0.44072,-1.24875904924663
1838,0.44096,-1.083871017088
1839,0.4412,-0.911293832877527
1840,0.44144,-1.44858629032142
1841,0.44168,-1.15817808009623
1842,0.44192,-1.32542988668018
1843,0.44216,-1.25383290560821
1844,0.4424,-1.53828374050353
1845,0.44264,-1.2202510606695
1846,0.44288,-1.86477887476586
1847,0.44312,-1.42583500307539
1848,0.44336,-1.94458912234739
1849,0.4436,-1.50716548796474
1850,0.44384,-2.14866363583375
1851,0.44408,-1.82455327751906
1852,0.44432,-1.86930678803394
1853,0.44456,-2.39604787271436
1854,0.4448,-2.07863862967936
1855,0.44504,-2.01766569580273
1856,0.44528,-2.55395899034646
1857,0.44552,-1.88740130948755
1858,0.44576,-2.20561159322807
1859,0.446,-2.87622345776063
1860,0.44624,-2.22729355978196
1861,0.44648,-2.44242285678807
1862,0.44672,-2.65114365151862
1863,0.44696,-1.90813373515692
1864,0.4472,-2.75276827289475
1865,0.44744,-2.62448184480887
1866,0.44768,-2.15758396312532
1867,0.44792,-3.14735063962406
1868,0.44816,-2.44867187735294
1869,0.4484,-2.50830774696742
1870,0.44864,-3.51959618902538
1871,0.44888,-2.37441993262092
1872,0.44912,-2.59579139326885
1873,0.44936,-3.52691571737914
1874,0.4496,-2.42802516413662
1875,0.44984,-2.69716051794609
1876,0.45008,-3.43374826065431
1877,0.45032,-2.97981197281302
1878,0.45056,-2.45325449682648
1879,0.4508,-3.11851555661551
1880,0.45104,-2.84339356494129
1881,0.45128,-3.56191441525465
1882,0.45152,-3.18065734396724
1883,0.45176,-2.95682678464799
1884,0.452,-2.18454754326873
1885,0.45224,-3.8080985614029
1886,0.45248,-2.7990579021653
1887,0.45272,-2.44001319292455
1888,0.45296,-2.8278350498264
1889,0.4532,-3.56785279034491
1890,0.45344,-2.63433811069816
1891,0.45368,-2.6094469072567
1892,0.45392,-3.1874245423404
1893,0.45416,-3.52513550421598
1894,0.4544,-2.46667561748
1895,0.45464,-3.11871267929114
1896,0.45488,-3.76158489964785
1897,0.45512,-2.40141096686558
1898,0.45536,-3.24060273752268
1899,0.4556,-3.10852802992305
1900,0.45584,-2.67843199614064
1901,0.45608,-3.45493584095574
1902,0.45632,-2.33018613708529
1903,0.45656,-2.93978656908555
1904,0.4568,-3.17611637203932
1905,0.45704,-2.02689880604534
1906,0.45728,-2.83450313706805
1907,0.45752,-3.14492445676642
1908,0.45776,-1.82480438506607
1909,0.458,-3.0606281180695
1910,0.45824,-2.60135886640295
1911,0.45848,-2.09332518191384
1912,0.45872,-3.38662410764009
1913,0.45896,-2.17298086031851
1914,0.4592,-2.46171253324516
1915,0.45944,-3.34560816569652
1916,0.45968,-2.08405612061112
1917,0.45992,-2.20851580297658
1918,0.46016,-2.6801265335243
1919,0.4604,-1.63239781577807
1920,0.46064,-2.31568123886722
1921,0.46088,-2.6125495592272
1922,0.46112,-1.75518544084804
1923,0.46136,-1.67379766487697
1924,0.4616,-2.65652730304457
1925,0.46184,-1.50830231331524
1926,0.46208,-1.62224941106293
1927,0.46232,-2.43488448002181
1928,0.46256,-1.71701072310455
1929,0.4628,-0.809432970589728
1930,0.46304,-1.61543690060638
1931,0.46328,-1.69782648371567
1932,0.46352,-1.19056946815545
1933,0.46376,-0.982536129187515
1934,0.464,-1.85882573126205
1935,0.46424,-1.53393770123314
1936,0.46448,-1.02873268199992
1937,0.46472,-1.12948377570415
1938,0.46496,-1.94980406378736
1939,0.4652,-0.531478412178383
1940,0.46544,-1.17977303022239
1941,0.46568,-0.983242953700001
1942,0.46592,-0.114164873568159
1943,0.46616,-1.06416207008321
1944,0.4664,-1.04463933822084
1945,0.46664,-0.11008913518036
1946,0.46688,-0.390021388183038
1947,0.46712,-0.907783222049164
1948,0.46736,-0.14413485792267
1949,0.4676,-0.464607318219108
1950,0.46784,0.161221078725005
1951,0.46808,-0.208626815663227
1952,0.46832,-0.207167030177093
1953,0.46856,0.603311625540644
1954,0.4688,-0.281166198041885
1955,0.46904,0.396272220024105
1956,0.46928,0.680606038363548
1957,0.46952,0.0101316200138761
1958,0.46976,0.641559761534472
1959,0.47,0.657841913073533
1960,0.47024,0.436804750245745
1961,0.47048,0.789557258791591
1962,0.47072,0.660671178233258
1963,0.47096,1.00535336312951
1964,0.4712,0.728676786472788
1965,0.47144,0.699717540028814
1966,0.47168,1.25836496613428
1967,0.47192,0.959215930150916
1968,0.47216,0.909633860520585
1969,0.4724,1.33164021063368
1970,0.47264,1.01937399964284
1971,0.47288,1.19561452745754
1972,0.47312,1.3682372855521
1973,0.47336,1.16502717998531
1974,0.4736,1.81172903962205
1975,0.47384,1.73152263314107
1976,0.47408,1.89024611362247
1977,0.47432,1.45070961314713
1978,0.47456,2.09080581279183
1979,0.4748,2.01116241587435
1980,0.47504,1.8167538680757
1981,0.47528,1.85832099208856
1982,0.47552,2.02916987113118
1983,0.47576,2.44039028036025
1984,0.476,1.76846804571208
1985,0.47624,1.71355438569288
1986,0.47648,2.62293776319115
1987,0.47672,2.44331360340118
1988,0.47696,2.16768646296053
1989,0.4772,2.37030562224747
1990,0.47744,1.97826360888132
1991,0.47768,2.92852424121835
1992,0.47792,2.54724476735929
1993,0.47816,2.06779051068084
1994,0.4784,3.04490926200403
1995,0.47864,2.45061523458563
1996,0.47888,2.49227966188878
1997,0.47912,3.12752522654416
1998,0.47936,2.33467839557127
1999,0.4796,2.89152373512388
2000,0.47984,2.95429186326519
2001,0.48008,2.21499090908395
2002,0.48032,3.16418291287933
2003,0.48056,2.67491065576092
2004,0.4808,3.3081911469456
2005,0.48104,2.84564411744001
2006,0.48128,2.55069391106749
2007,0.48152,3.56967109652432
2008,0.48176,3.15591451951022
2009,0.482,2.55247800972057
2010,0.48224,3.14203845416281
2011,0.48248,2.91129442194297
2012,0.48272,2.36721890951792
2013,0.48296,3.49775895712032
2014,0.4832,2.84500098532516
2015,0.48344,2.35898915117098
2016,0.48368,2.85885038239654
2017,0.48392,3.35389484255162
2018,0.48416,3.61145502540087
2019,0.4844,2.59411452038617
2020,0.48464,3.28502888673892
2021,0.48488,2.77164709080602
2022,0.48512,2.56491106530316
2023,0.48536,3.44115621294537
2024,0.4856,2.75533872765942
2025,0.48584,2.49511727256756
2026,0.48608,3.31975828958854
2027,0.48632,2.94078066120493
2028,0.48656,2.38811915323902
2029,0.4868,3.29040836325928
2030,0.48704,2.98063214608178
2031,0.48728,2.37902993107007
2032,0.48752,3.23172504636082
2033,0.48776,2.64324257327022
2034,0.488,2.59962292007901
2035,0.48824,3.62895706867177
2036,0.48848,2.16423960103986
2037,0.48872,2.91246044187761
2038,0.48896,2.80877208028015
2039,0.4892,2.16695929344767
2040,0.48944,3.44863591805302
2041,0.48968,2.22210553116783
2042,0.48992,2.14426309150043
2043,0.49016,3.01787872684065
2044,0.4904,1.88114674368004
2045,0.49064,2.59433321916627
2046,0.49088,2.68969063216855
2047,0.49112,1.638890491113
2048,0.49136,2.43096097655187
2049,0.4916,2.59882526040713
2050,0.49184,1.62154422023295
2051,0.49208,2.13051907343491
2052,0.49232,2.25631096624249
2053,0.49256,1.35492962941807
2054,0.4928,1.93883241843046
2055,0.49304,2.25808157631403
2056,0.49328,1.41656073898066
2057,0.49352,1.70599547079274
2058,0.49376,1.39433161207323
2059,0.494,1.13860187475161
2060,0.49424,1.24928248460087
2061,0.49448,2.0821856165628
2062,0.49472,1.48149708747506
2063,0.49496,0.950755988522031
2064,0.4952,1.38666356337831
2065,0.49544,1.82040984171743
2066,0.49568,0.859828298481335
2067,0.49592,0.994553011856506
2068,0.49616,1.49027957793903
2069,0.4964,0.233945433931637
2070,0.49664,0.441787458021638
2071,0.49688,1.48645826031212
2072,0.49712,0.512617135867735
2073,0.49736,0.293806283029083
2074,0.4976,1.150973970554
2075,0.49784,-0.00722247257733105
2076,0.49808,0.299863586120448
2077,0.49832,0.606672808588491
2078,0.49856,-0.132115836563336
2079,0.4988,0.214859422675711
2080,0.49904,0.212279919120397
2081,0.49928,-0.239096593362266
2082,0.49952,0.0266534042543842
2083,0.49976,-0.281560709809493
2084,0.5,-0.21957153755773
2085,0.50024,-0.397747922137008
2086,0.50048,-0.544882144461171
2087,0.50072,-0.216385618532863
2088,0.50096,-0.835248144368393
2089,0.5012,-0.465929462073197
2090,0.50144,-0.107320085779262
2091,0.50168,-0.69905282992652
2092,0.50192,-1.38789951404683
2093,0.50216,-0.999182088928924
2094,0.5024,-0.715894657073078
2095,0.50264,-1.02682503343884
2096,0.50288,-1.21978993183303
2097,0.50312,-1.27762951572988
2098,0.50336,-1.20898501856036
2099,0.5036,-1.38820451715975
2100,0.50384,-1.18942353392143
2101,0.50408,-1.23162013430772
2102,0.50432,-1.87514155464863
2103,0.50456,-1.31632809916388
2104,0.5048,-1.3587786899483
2105,0.50504,-1.52084208689255
2106,0.50528,-1.80218143019166
2107,0.50552,-1.60079118758528
2108,0.50576,-1.52117597403506
2109,0.506,-2.16909185462706
2110,0.50624,-1.97274820489004
2111,0.50648,-2.01818008153497
2112,0.50672,-1.95848468968011
2113,0.50696,-2.37345131557511
2114,0.5072,-2.18715128007274
2115,0.50744,-2.26523655132404
2116,0.50768,-2.57440909164362
2117,0.50792,-1.68928084104984
2118,0.50816,-2.51077880601922
2119,0.5084,-2.7185506274096
2120,0.50864,-1.98812272417684
2121,0.50888,-2.94851213243573
2122,0.50912,-2.58039500074954
2123,0.50936,-2.36773767276145
2124,0.5096,-2.9870770093922
2125,0.50984,-2.53749065021216
2126,0.51008,-2.71685850930058
2127,0.51032,-2.64588925332297
2128,0.51056,-2.60960199469136
2129,0.5108,-3.53903557746599
2130,0.51104,-2.66490909397937
2131,0.51128,-2.55826848308492
2132,0.51152,-3.40919235550581
2133,0.51176,-2.70224992886795
2134,0.512,-2.64499115019021
2135,0.51224,-3.53269750951876
2136,0.51248,-2.87427963384524
2137,0.51272,-2.74517053907444
2138,0.51296,-3.68952716057094
2139,0.5132,-2.72416246910653
2140,0.51344,-2.65776975296838
2141,0.51368,-3.05252604025994
2142,0.51392,-2.87943907260457
2143,0.51416,-3.57786319286209
2144,0.5144,-2.36872664524653
2145,0.51464,-2.99921598335876
2146,0.51488,-3.62314429181484
2147,0.51512,-2.81017800291194
2148,0.51536,-2.90226584120863
2149,0.5156,-3.47241624847706
2150,0.51584,-2.8530108666685
2151,0.51608,-2.41856327214305
2152,0.51632,-3.19417521459949
2153,0.51656,-3.84279085606125
2154,0.5168,-2.24363080911455
2155,0.51704,-3.09493406526283
2156,0.51728,-3.21319755030854
2157,0.51752,-2.30842159944397
2158,0.51776,-3.10928382698091
2159,0.518,-2.94025709100152
2160,0.51824,-2.23167030340296
2161,0.51848,-3.10620912059813
2162,0.51872,-2.89285372385323
2163,0.51896,-2.37989010488041
2164,0.5192,-3.4317739284529
2165,0.51944,-2.22253611661757
2166,0.51968,-2.74984766755054
2167,0.51992,-2.90238743679974
2168,0.52016,-1.67546759694186
2169,0.5204,-2.99227143377399
2170,0.52064,-2.37801645585212
2171,0.52088,-1.95544439409341
2172,0.52112,-2.97178383881136
2173,0.52136,-2.6663194941466
2174,0.5216,-1.58245285017795
2175,0.52184,-2.81063539796803
2176,0.52208,-2.58030229749071
2177,0.52232,-1.68856762491245
2178,0.52256,-1.92800815580232
2179,0.5228,-2.62753562523929
2180,0.52304,-1.79818134638116
2181,0.52328,-1.98079848794511
2182,0.52352,-2.50598698890487
2183,0.52376,-1.62683424582727
2184,0.524,-1.76285400134459
2185,0.52424,-2.12382422112804
2186,0.52448,-0.964825367085513
2187,0.52472,-0.941557336363399
2188,0.52496,-1.76139302196294
2189,0.5252,-1.85766655955995
2190,0.52544,-0.665059027027932
2191,0.52568,-1.20375447449906
2192,0.52592,-1.61647428856992
2193,0.52616,-0.843799309081349
2194,0.5264,-0.611277763526296
2195,0.52664,-1.33411583157852
2196,0.52688,-0.387703461453855
2197,0.52712,-0.698054310573635
2198,0.52736,-0.881487188917701
2199,0.5276,-1.07494912355351
2200,0.52784,-0.712669089795338
2201,0.52808,-0.828357921365487
2202,0.52832,-0.121244747493365
2203,0.52856,-0.535001763382657
2204,0.5288,-0.577373435140162
2205,0.52904,0.0720180010883445
2206,0.52928,-0.270589846253839
2207,0.52952,-0.24345697324781
2208,0.52976,0.231189451679906
2209,0.53,-0.268144260936539
2210,0.53024,0.31356858886445
2211,0.53048,0.0161009788371954
2212,0.53072,-0.271912315186779
2213,0.53096,0.742202274579894
2214,0.5312,-0.0658972324302287
2215,0.53144,0.332794811473123
2216,0.53168,0.941400620643874
2217,0.53192,0.233388114965056
2218,0.53216,0.47405911483836
2219,0.5324,1.05540657435166
2220,0.53264,0.193680174808874
2221,0.53288,0.652129735739052
2222,0.53312,1.33116147820227
2223,0.53336,1.04753593983797
2224,0.5336,0.996827629720844
2225,0.53384,1.41375195525873
2226,0.53408,1.35493136830731
2227,0.53432,1.16822219010558
2228,0.53456,1.57591055740558
2229,0.5348,1.13964124362426
2230,0.53504,1.78673261564463
2231,0.53528,1.34961121557587
2232,0.53552,1.98971081754569
2233,0.53576,1.42895376090252
2234,0.536,2.07039118718955
2235,0.53624,1.62978179109404
2236,0.53648,2.03427976333558
2237,0.53672,1.71886266300028
2238,0.53696,1.75986132798686
2239,0.5372,1.80956352713865
2240,0.53744,2.58343073329012
2241,0.53768,2.15388037995168
2242,0.53792,1.97959088222432
2243,0.53816,2.40381529009872
2244,0.5384,2.23524791939834
2245,0.53864,2.19896916180319
2246,0.53888,2.39581830838352
2247,0.53912,2.49531413231606
2248,0.53936,2.48035501972946
2249,0.5396,2.34062664198952
2250,0.53984,2.58807451270838
2251,0.54008,2.95712185184399
2252,0.54032,2.24957761154863
2253,0.54056,2.89577622128847
2254,0.5408,2.80999586762482
2255,0.54104,2.26801136376532
2256,0.54128,3.06631588033565
2257,0.54152,2.65607703678397
2258,0.54176,2.39857895226797
2259,0.542,3.47886378828678
2260,0.54224,2.98896069112746
2261,0.54248,2.54536443263829
2262,0.54272,3.65819393799667
2263,0.54296,3.21057124649487
2264,0.5432,2.08961398933058
2265,0.54344,3.26417222509542
2266,0.54368,3.11124530610588
2267,0.54392,2.16569165916424
2268,0.54416,3.87672345951528
2269,0.5444,2.58036686580758
2270,0.54464,2.90129825978054
2271,0.54488,3.32410680728109
2272,0.54512,2.2200435473257
2273,0.54536,2.72646107021905
2274,0.5456,3.2361540366572
2275,0.54584,3.74088097038304
2276,0.54608,2.35733369846388
2277,0.54632,2.94507257880348
2278,0.54656,3.64691794756816
2279,0.5468,2.67665350365007
2280,0.54704,2.73454575759233
2281,0.54728,3.63024240679301
2282,0.54752,2.49261824142183
2283,0.54776,2.85882885362075
2284,0.548,3.58105861887464
2285,0.54824,2.16702002759883
2286,0.54848,2.84815661279981
2287,0.54872,3.7557710418756
2288,0.54896,2.29033059582587
2289,0.5492,2.80442360820546
2290,0.54944,3.30299554603464
2291,0.54968,2.04605411578485
2292,0.54992,3.10732891304649
2293,0.55016,2.59790762569347
2294,0.5504,2.39500711442422
2295,0.55064,3.51157794114068
2296,0.55088,2.12566366444644
2297,0.55112,2.48463628613945
2298,0.55136,2.94870650025824
2299,0.5516,1.89559651280334
2300,0.55184,2.8006552022282
2301,0.55208,2.25508778180809
2302,0.55232,1.8992610314185
2303,0.55256,3.09546772132752
2304,0.5528,1.90907486855341
2305,0.55304,1.75243716250341
2306,0.55328,2.54398045603458
2307,0.55352,1.68666087076168
2308,0.55376,1.96167024170359
2309,0.554,2.45789572822327
2310,0.55424,1.67028310999222
2311,0.55448,2.01058073139674
2312,0.55472,1.85925164753962
2313,0.55496,1.16386259466325
2314,0.5552,1.82076499852208
2315,0.55544,2.09909998060975
2316,0.55568,0.849584479443504
2317,0.55592,0.977785261523716
2318,0.55616,1.82736170866691
2319,0.5564,1.23857913183019
2320,0.55664,0.835922903777882
2321,0.55688,1.27618016337408
2322,0.55712,1.71179341310058
2323,0.55736,0.879334804407702
2324,0.5576,1.14250712835968
2325,0.55784,0.68733970102607
2326,0.55808,0.408042790018092
2327,0.55832,1.08770341822349
2328,0.55856,0.329496491843763
2329,0.5588,0.340735529762027
2330,0.55904,0.952814603332896
2331,0.55928,0.247600384059326
2332,0.55952,-0.168969550610905
2333,0.55976,0.857387086098964
2334,0.56,0.0868769566629376
2335,0.56024,-0.160024983561517
2336,0.56048,0.785948647063194
2337,0.56072,-0.29107625752663
2338,0.56096,-0.257712748103832
2339,0.5612,0.25061613679019
2340,0.56144,-0.652740442334734
2341,0.56168,0.140592269690962
2342,0.56192,-0.0332107356715847
2343,0.56216,-0.659951833497139
2344,0.5624,-0.327629212483178
2345,0.56264,-0.819293976584225
2346,0.56288,-0.568924560014908
2347,0.56312,-0.567747395318012
2348,0.56336,-1.03055277163276
2349,0.5636,-0.753391053219869
2350,0.56384,-0.365748587481062
2351,0.56408,-0.93150722382056
2352,0.56432,-1.35763080440937
2353,0.56456,-1.0659511125892
2354,0.5648,-1.00818939622874
2355,0.56504,-1.5389406183372
2356,0.56528,-1.3582160032744
2357,0.56552,-1.40194727563513
2358,0.56576,-1.5626432545016
2359,0.566,-1.60576794042375
2360,0.56624,-1.64516696523146
2361,0.56648,-1.32673667574301
2362,0.56672,-1.48773349169909
2363,0.56696,-1.89328090510111
2364,0.5672,-1.9307001349637
2365,0.56744,-1.97268393380915
2366,0.56768,-1.90091380539645
2367,0.56792,-1.9458327270842
2368,0.56816,-1.87663273472744
2369,0.5684,-2.53539294812149
2370,0.56864,-1.98772907526787
2371,0.56888,-1.81000352072296
2372,0.56912,-2.72647465000808
2373,0.56936,-1.95132835064617
2374,0.5696,-2.16271022415691
2375,0.56984,-2.85466377474837
2376,0.57008,-1.98245718959519
2377,0.57032,-2.46268127857929
2378,0.57056,-3.05602582075784
2379,0.5708,-1.97750681510717
2380,0.57104,-2.84845848366413
2381,0.57128,-2.98286738468608
2382,0.57152,-2.18613541286692
2383,0.57176,-3.20412520595465
2384,0.572,-2.77562275057222
2385,0.57224,-2.86592315535332
2386,0.57248,-3.18850878063925
2387,0.57272,-2.44787555049975
2388,0.57296,-3.18474959260247
2389,0.5732,-3.30157076029423
2390,0.57344,-2.48541854620273
2391,0.57368,-2.79372058593365
2392,0.57392,-3.44546879377679
2393,0.57416,-3.03462413884919
2394,0.5744,-2.19298279156605
2395,0.57464,-3.8688204712024
2396,0.57488,-2.78884802597317
2397,0.57512,-2.59356015141133
2398,0.57536,-3.51289032907535
2399,0.5756,-3.08507245762553
2400,0.57584,-2.22619016169013
2401,0.57608,-2.7244221732346
2402,0.57632,-3.22616352447005
2403,0.57656,-3.84258081418115
2404,0.5768,-2.32434024332794
2405,0.57704,-3.13919877099685
2406,0.57728,-3.59185170533375
2407,0.57752,-2.62308269156525
2408,0.57776,-2.67564882275491
2409,0.578,-3.32963830627888
2410,0.57824,-3.49943025977986
2411,0.57848,-2.5213775401585
2412,0.57872,-3.36514380653134
2413,0.57896,-2.76840316947841
2414,0.5792,-2.47978952546834
2415,0.57944,-3.39781134318267
2416,0.57968,-2.74893499085303
2417,0.57992,-2.4137415221724
2418,0.58016,-3.52043295133145
2419,0.5804,-2.23797480268841
2420,0.58064,-2.81611092239728
2421,0.58088,-3.14092753890818
2422,0.58112,-1.95456843963945
2423,0.58136,-3.19549443830989
2424,0.5816,-2.39629820902225
2425,0.58184,-2.14651908205847
2426,0.58208,-3.208874552259
2427,0.58232,-2.01259488093741
2428,0.58256,-2.43459666855296
2429,0.5828,-3.20762832213096
2430,0.58304,-1.9619762463716
2431,0.58328,-2.33981975398412
2432,0.58352,-2.69967147753279
2433,0.58376,-1.54534566598136
2434,0.584,-2.47681832065069
2435,0.58424,-2.54959127731711
2436,0.58448,-1.58816315021715
2437,0.58472,-2.46666431819204
2438,0.58496,-2.37093482008901
2439,0.5852,-1.478629052149
2440,0.58544,-1.12791809929943
2441,0.58568,-2.20390273910126
2442,0.58592,-1.62309883425039
2443,0.58616,-0.728010864902333
2444,0.5864,-1.54713465687525
2445,0.58664,-1.88157873207347
2446,0.58688,-1.38039362195692
2447,0.58712,-1.06119167820556
2448,0.58736,-1.70466579284099
2449,0.5876,-1.5102986014251
2450,0.58784,-1.01469997006653
2451,0.58808,-1.12445934665654
2452,0.58832,-1.35576920380764
2453,0.58856,-0.561574972321029
2454,0.5888,-0.736662822692602
2455,0.58904,-0.559548620398513
2456,0.58928,-0.549843831873678
2457,0.58952,-0.656729213512023
2458,0.58976,-0.292331493292973
2459,0.59,-0.571032633723915
2460,0.59024,-0.72031735251305
2461,0.59048,-0.174456009380252
2462,0.59072,-0.380263450764415
2463,0.59096,-0.220021961671179
2464,0.5912,0.263078929477637
2465,0.59144,-0.343236811569587
2466,0.59168,0.250399212766285
2467,0.59192,-0.0360642517416517
2468,0.59216,-0.313952144763973
2469,0.5924,0.709446288450523
2470,0.59264,-0.0901735122423446
2471,0.59288,0.199399117419813
2472,0.59312,0.938951415277087
2473,0.59336,-0.00832712708563621
2474,0.5936,0.604568480640031
2475,0.59384,1.07111150462324
2476,0.59408,0.945232389760193
2477,0.59432,0.678222469321506
2478,0.59456,0.762134092827644
2479,0.5948,0.731904918807543
2480,0.59504,1.40777439960508
2481,0.59528,0.98779763262985
2482,0.59552,0.937774734206396
2483,0.59576,1.23305676913252
2484,0.596,1.28039570482738
2485,0.59624,1.21396467852476
2486,0.59648,1.61863065001254
2487,0.59672,1.30211027216052
2488,0.59696,1.70844224889302
2489,0.5972,1.50871858459607
2490,0.59744,1.79075897606207
2491,0.59768,1.59056182770294
2492,0.59792,1.62888583840548
2493,0.59816,1.66985402972468
2494,0.5984,1.95628104684748
2495,0.59864,1.99936367563415
2496,0.59888,2.16559449423756
2497,0.59912,2.10586782299045
2498,0.59936,2.39786962967659
2499,0.5996,2.34227192279741
2500,0.59984,2.05673530557383
2501,0.60008,2.24510662802468
2502,0.60032,2.2088444752296
2503,0.60056,2.53989093380459
2504,0.6008,2.14780429615437
2505,0.60104,2.38139693372189
2506,0.60128,3.09504528618031
2507,0.60152,2.36347996514922
2508,0.60176,2.50825868463114
2509,0.602,3.00356304367749
2510,0.60224,2.19596501173448
2511,0.60248,2.85425425022118
2512,0.60272,2.90009731723214
2513,0.60296,2.26021008489022
2514,0.6032,3.06375770594196
2515,0.60344,2.79351506179802
2516,0.60368,2.91793996542755
2517,0.60392,3.51256070208394
2518,0.60416,2.68528426346886
2519,0.6044,2.50516902820846
2520,0.60464,3.15583499410844
2521,0.60488,2.86679385991316
2522,0.60512,3.57434802381985
2523,0.60536,3.1791616500245
2524,0.6056,2.93951853717793
2525,0.60584,2.98396657536292
2526,0.60608,3.25560167260306
2527,0.60632,2.83132766142129
2528,0.60656,3.53361465928548
2529,0.6068,2.31831953580213
2530,0.60704,2.71350943338548
2531,0.60728,3.3508669101691
2532,0.60752,3.37896537159975
2533,0.60776,2.50241123083304
2534,0.608,3.08655472263344
2535,0.60824,3.30770964379973
2536,0.60848,2.49935713807613
2537,0.60872,3.26873353483511
2538,0.60896,3.67376935763457
2539,0.6092,2.31629011417542
2540,0.60944,3.16076398320553
2541,0.60968,3.27325247909391
2542,0.60992,2.11409881189753
2543,0.61016,3.15358772833798
2544,0.6104,3.09822457872287
2545,0.61064,2.14304578274295
2546,0.61088,3.13594028263747
2547,0.61112,2.79333831845862
2548,0.61136,2.39697498800771
2549,0.6116,3.56422937603706
2550,0.61184,2.10964840727324
2551,0.61208,2.75234585592415
2552,0.61232,2.78294615263044
2553,0.61256,2.03053733843312
2554,0.6128,3.32912978188319
2555,0.61304,2.12217188672696
2556,0.61328,2.17692313252074
2557,0.61352,3.06003644356453
2558,0.61376,1.81791250537746
2559,0.614,2.65999333853365
2560,0.61424,2.40516572634734
2561,0.61448,1.49108863417819
2562,0.61472,2.64588514553597
2563,0.61496,2.23084744741827
2564,0.6152,1.27258922699071
2565,0.61544,2.62210628355737
2566,0.61568,2.15529932238868
2567,0.61592,1.03049519982721
2568,0.61616,2.68624223888862
2569,0.6164,1.81885871890746
2570,0.61664,1.60597147339372
2571,0.61688,2.10744301684809
2572,0.61712,0.630191781095471
2573,0.61736,1.46530708631489
2574,0.6176,1.57518073756767
2575,0.61784,2.048290745482
2576,0.61808,0.518281813494964
2577,0.61832,1.43113623306825
2578,0.61856,1.61756134085295
2579,0.6188,0.859076618741687
2580,0.61904,0.638905586409478
2581,0.61928,1.50052356664137
2582,0.61952,0.815901322922047
2583,0.61976,0.652079955814381
2584,0.62,0.965536189476362
2585,0.62024,0.215882704246227
2586,0.62048,0.830026303324711
2587,0.62072,0.952159267420226
2588,0.62096,-0.219073456009858
2589,0.6212,0.684351287672072
2590,0.62144,0.615971347012768
2591,0.62168,-0.252232375527075
2592,0.62192,0.810432195973091
2593,0.62216,0.0735295078535712
2594,0.6224,-0.267760952011301
2595,0.62264,0.347189845611587
2596,0.62288,-0.455839848378147
2597,0.62312,-0.152805558888192
2598,0.62336,0.024136051989524
2599,0.6236,-0.853175080802543
2600,0.62384,-0.0356852997688357
2601,0.62408,-0.545714279689854
2602,0.62432,-0.782844721643994
2603,0.62456,-0.424143946779699
2604,0.6248,-0.778342300912766
2605,0.62504,-1.23135501243519
2606,0.62528,-0.967616850857225
2607,0.62552,-0.695253236750095
2608,0.62576,-1.1283905409352
2609,0.626,-1.08194207767998
2610,0.62624,-1.50841315591519
2611,0.62648,-0.960251467376988
2612,0.62672,-1.14248006849652
2613,0.62696,-1.67369893649479
2614,0.6272,-1.23693776492012
2615,0.62744,-1.52118829259732
2616,0.62768,-1.56365600707229
2617,0.62792,-1.60851000846385
2618,0.62816,-1.52579733393548
2619,0.6284,-1.80845267177088
2620,0.62864,-1.84720511044783
2621,0.62888,-1.52734944054743
2622,0.62912,-1.69141513098335
2623,0.62936,-2.10166276661088
2624,0.6296,-2.26313541331009
2625,0.62984,-1.83027483342613
2626,0.63008,-2.49359030451594
2627,0.63032,-2.19049449718595
2628,0.63056,-2.01002442800723
2629,0.6308,-2.56879072836861
2630,0.63104,-2.40243009401737
2631,0.63128,-2.00337340077624
2632,0.63152,-2.70371045888565
2633,0.63176,-2.31380810222178
2634,0.632,-2.31028127880849
2635,0.63224,-3.0335173111308
2636,0.63248,-2.3086853506235
2637,0.63272,-2.57954403140318
2638,0.63296,-3.32748210884659
2639,0.6332,-2.27764855215783
2640,0.63344,-2.94718826052011
2641,0.63368,-3.23974538717748
2642,0.63392,-2.23894616489844
2643,0.63416,-3.30373192722348
2644,0.6344,-3.03501627469648
2645,0.63464,-2.3301784805071
2646,0.63488,-3.31194623972581
2647,0.63512,-2.97090969484396
2648,0.63536,-2.43466692756669
2649,0.6356,-3.70296419670689
2650,0.63584,-2.69763986467404
2651,0.63608,-3.17861875678098
2652,0.63632,-3.28153066346697
2653,0.63656,-2.58892775489927
2654,0.6368,-3.83420712501972
2655,0.63704,-2.67254883309229
2656,0.63728,-2.64666126103313
2657,0.63752,-3.33525623051531
2658,0.63776,-2.50468213951474
2659,0.638,-3.02096716750627
2660,0.63824,-3.76769911391962
2661,0.63848,-2.48965286589307
2662,0.63872,-2.72044605931414
2663,0.63896,-3.31247148163459
2664,0.6392,-3.05849985061194
2665,0.63944,-2.74669167509237
2666,0.63968,-3.40414129194992
2667,0.63992,-2.85812512509138
2668,0.64016,-2.38252988832962
2669,0.6404,-3.47585289760404
2670,0.64064,-2.75909252597345
2671,0.64088,-2.47505769743427
2672,0.64112,-3.39778438053713
2673,0.64136,-2.51950293199221
2674,0.6416,-2.78527474770961
2675,0.64184,-3.16186839291581
2676,0.64208,-2.14705344882971
2677,0.64232,-3.19680682346285
2678,0.64256,-2.44742636301379
2679,0.6428,-2.48347500649918
2680,0.64304,-3.34935516159871
2681,0.64328,-1.96704960338773
2682,0.64352,-2.79486576420091
2683,0.64376,-2.76592320821909
2684,0.644,-1.59748760103657
2685,0.64424,-2.49945574666811
2686,0.64448,-2.66762695050645
2687,0.64472,-1.57111340511331
2688,0.64496,-3.01653260224846
2689,0.6452,-2.18003437970553
2690,0.64544,-1.53338747293006
2691,0.64568,-2.80519062845716
2692,0.64592,-1.81724164664396
2693,0.64616,-2.08199737539294
2694,0.6464,-2.56845860410391
2695,0.64664,-1.42115939242485
2696,0.64688,-2.12026083872925
2697,0.64712,-1.96273281198562
2698,0.64736,-1.13556561408936
2699,0.6476,-2.24423337831554
2700,0.64784,-0.969483226569184
2701,0.64808,-1.19743059777926
2702,0.64832,-1.18601745250449
2703,0.64856,-2.25560107203039
2704,0.6488,-0.481073694135803
2705,0.64904,-1.38842461020202
2706,0.64928,-1.44863538199429
2707,0.64952,-0.567738668399706
2708,0.64976,-1.05474879579604
2709,0.65,-1.65171519106201
2710,0.65024,-0.374979987084292
2711,0.65048,-0.923590489270801
2712,0.65072,-1.34208541051419
2713,0.65096,-0.237049682277705
2714,0.6512,-0.476024704542344
2715,0.65144,-1.0737340175933
2716,0.65168,0.0916058164988018
2717,0.65192,-0.201112075328723
2718,0.65216,-0.730831599247174
2719,0.6524,0.150659279390151
2720,0.65264,-0.0722774272540357
2721,0.65288,-0.411918704222214
2722,0.65312,0.295660933778033
2723,0.65336,0.0331407764021222
2724,0.6536,0.00763171101475857
2725,0.65384,0.312199614561256
2726,0.65408,0.141443591542416
2727,0.65432,0.186005179454426
2728,0.65456,0.218496135705663
2729,0.6548,0.730845615855651
2730,0.65504,0.493229599763399
2731,0.65528,0.146800037463109
2732,0.65552,1.10313122853965
2733,0.65576,0.595373820804816
2734,0.656,0.577795597797249
2735,0.65624,1.14749999571454
2736,0.65648,0.738728196966445
2737,0.65672,0.941165460968713
2738,0.65696,1.00638519112932
2739,0.6572,1.30321085791131
2740,0.65744,1.12359694365371
2741,0.65768,1.41825384213107
2742,0.65792,1.34055035422675
2743,0.65816,1.38230524997427
2744,0.6584,1.78523480595473
2745,0.65864,1.4677831113289
2746,0.65888,1.39037364291274
2747,0.65912,1.55156398323052
2748,0.65936,1.95504655697433
2749,0.6596,1.63650148150583
2750,0.65984,1.67793212751962
2751,0.66008,2.32748536754506
2752,0.66032,1.88991482597971
2753,0.66056,1.81567017086296
2754,0.6608,2.11648327704332
2755,0.66104,2.28941467614075
2756,0.66128,2.35664220917218
2757,0.66152,2.0718828028817
2758,0.66176,2.37920298868239
2759,0.662,2.46458573420969
2760,0.66224,2.43790355543273
2761,0.66248,2.28677459884183
2762,0.66272,2.64113063712153
2763,0.66296,2.62976501470402
2764,0.6632,2.26934729708498
2765,0.66344,3.01238852251077
2766,0.66368,2.42569672423673
2767,0.66392,2.59250267399406
2768,0.66416,2.64477806043787
2769,0.6644,2.69528969017666
2770,0.66464,2.78079769936732
2771,0.66488,3.58620691577641
2772,0.66512,2.35591638927534
2773,0.66536,2.73136843861188
2774,0.6656,3.45863058385107
2775,0.66584,2.63679904394964
2776,0.66608,2.82004458164399
2777,0.66632,3.58400473485841
2778,0.66656,2.5687561747392
2779,0.6668,2.92193817096764
2780,0.66704,3.86264561175804
2781,0.66728,2.41754869021891
2782,0.66752,2.8334530847832
2783,0.66776,3.34665996369178
2784,0.668,2.81001623438989
2785,0.66824,3.74543722235345
2786,0.66848,2.16769001533121
2787,0.66872,2.68470823470759
2788,0.66896,3.20463013979085
2789,0.6692,3.71922619676843
2790,0.66944,2.34519636807853
2791,0.66968,2.94210877564919
2792,0.66992,3.65279259487044
2793,0.67016,2.69104120328872
2794,0.6704,2.75712855484957
2795,0.67064,3.66070896228343
2796,0.67088,2.53066695295843
2797,0.67112,2.90416490961286
2798,0.67136,3.63339271777934
2799,0.6716,2.35246363781227
2800,0.67184,2.80231990510436
2801,0.67208,3.48161165256447
2802,0.67232,1.91786798242993
2803,0.67256,2.92009852084473
2804,0.6728,3.1873364762279
2805,0.67304,2.18885295699473
2806,0.67328,3.36772172290825
2807,0.67352,2.50915563997536
2808,0.67376,2.55776071498531
2809,0.674,3.07250259899524
2810,0.67424,1.83224504601443
2811,0.67448,2.9125233440489
2812,0.67472,2.88868960838671
2813,0.67496,1.8431533742427
2814,0.6752,2.64411964760929
2815,0.67544,2.70406852337566
2816,0.67568,1.497988102053
2817,0.67592,2.61420699220297
2818,0.67616,2.51023688516587
2819,0.6764,1.6213787573588
2820,0.67664,2.21649907117832
2821,0.67688,2.54865265950033
2822,0.67712,1.72637049756908
2823,0.67736,1.79553512593034
2824,0.6776,2.56206906403064
2825,0.67784,1.79928102911961
2826,0.67808,1.09261915059116
2827,0.67832,2.20347425936642
2828,0.67856,1.62379506198572
2829,0.6788,0.998168482355666
2830,0.67904,1.46355039196474
2831,0.67928,1.92921192940081
2832,0.67952,1.68358614027659
2833,0.67976,1.25958854750172
2834,0.68,1.31873040830194
2835,0.68024,1.98356821693007
2836,0.68048,0.652439192637788
2837,0.68072,1.2658906363812
2838,0.68096,0.915974885640797
2839,0.6812,0.14148630637318
2840,0.68144,1.05795380677411
2841,0.68168,1.00501994348487
2842,0.68192,0.0322516367372537
2843,0.68216,0.762641177119787
2844,0.6824,1.00532209127976
2845,0.68264,0.0900858530219794
2846,0.68288,0.386577229469991
2847,0.68312,0.206266031233231
2848,0.68336,0.306373209775091
2849,0.6836,0.520449806729357
2850,0.68384,-0.322988114820335
2851,0.68408,0.300158624442449
2852,0.68432,-0.0462224615654711
2853,0.68456,-0.714107524397927
2854,0.6848,0.301857049440941
2855,0.68504,-0.238343377512123
2856,0.68528,-0.632948966757557
2857,0.68552,0.176578460873973
2858,0.68576,-0.805950114355946
2859,0.686,-0.445555441555915
2860,0.68624,-0.331924184438206
2861,0.68648,-1.03686944149069
2862,0.68672,-0.776404661319197
2863,0.68696,-1.11004879911841
2864,0.6872,-0.823509066300067
2865,0.68744,-0.545441201989384
2866,0.68768,-1.0990385087399
2867,0.68792,-1.03455251936343
2868,0.68816,-1.58225301688902
2869,0.6884,-1.14959598546195
2870,0.68864,-1.20289154217255
2871,0.68888,-1.37136003921854
2872,0.68912,-1.40964368721214
2873,0.68936,-1.8116928086779
2874,0.6896,-1.49375740287855
2875,0.68984,-1.4136296467167
2876,0.69008,-1.69710032760781
2877,0.69032,-1.85693795766482
2878,0.69056,-1.77339213334129
2879,0.6908,-1.93406161498263
2880,0.69104,-1.98509632576301
2881,0.69128,-2.03348471757018
2882,0.69152,-1.84165483894228
2883,0.69176,-2.26647369202798
2884,0.692,-2.32792797497165
2885,0.69224,-2.14655897762167
2886,0.69248,-2.58318777871375
2887,0.69272,-2.30179520676057
2888,0.69296,-1.90253798878424
2889,0.6932,-2.72886557203434
2890,0.69344,-2.34307421292036
2891,0.69368,-2.09525786312882
2892,0.69392,-3.06599207097645
2893,0.69416,-2.22453205821716
2894,0.6944,-2.49722119349642
2895,0.69464,-3.2461710952093
2896,0.69488,-2.08277081804085
2897,0.69512,-2.87298835400561
2898,0.69536,-3.29407106197365
2899,0.6956,-2.17268887245724
2900,0.69584,-2.8839777140041
2901,0.69608,-2.98122500039589
2902,0.69632,-2.15605946668488
2903,0.69656,-3.26112655714628
2904,0.6968,-3.15902121080934
2905,0.69704,-2.3770133634889
2906,0.69728,-3.65910522858013
2907,0.69752,-3.12450716157822
2908,0.69776,-2.39844974541385
2909,0.698,-3.85440880628224
2910,0.69824,-2.77481718263564
2911,0.69848,-2.58645704731491
2912,0.69872,-3.51209534475818
2913,0.69896,-3.4490125482637
2914,0.6992,-2.47249517363739
2915,0.69944,-2.97209639776995
2916,0.69968,-3.46692646804036
2917,0.69992,-3.48636075661167
2918,0.70016,-2.35812000940538
2919,0.7004,-2.94690052823972
2920,0.70064,-3.64655583729739
2921,0.70088,-2.44218465422556
2922,0.70112,-2.85819831769176
2923,0.70136,-3.63198133036013
2924,0.7016,-2.6104854836725
2925,0.70184,-2.38408522682493
2926,0.70208,-3.12679424911793
2927,0.70232,-3.01922860334742
2928,0.70256,-2.13029850535985
2929,0.7028,-3.18768386849209
2930,0.70304,-2.91039083987433
2931,0.70328,-2.33904263421085
2932,0.70352,-3.22247547448401
2933,0.70376,-2.78235880792673
2934,0.704,-2.28822034213844
2935,0.70424,-3.35763189253211
2936,0.70448,-2.39693704720747
2937,0.70472,-2.46222507137062
2938,0.70496,-3.11560094122473
2939,0.7052,-1.77254647359269
2940,0.70544,-3.09808413591624
2941,0.70568,-2.37921390539863
2942,0.70592,-2.09308953268459
2943,0.70616,-2.99539199501663
2944,0.7064,-1.88751946923589
2945,0.70664,-2.39584253430029
2946,0.70688,-2.75806704330693
2947,0.70712,-1.84590694553031
2948,0.70736,-1.71491047419177
2949,0.7076,-2.88640077426665
2950,0.70784,-1.91697467262885
2951,0.70808,-1.49138598682675
2952,0.70832,-2.74125677303669
2953,0.70856,-1.84180839645241
2954,0.7088,-1.24970311502455
2955,0.70904,-2.21029219421192
2956,0.70928,-1.51723904905678
2957,0.70952,-0.997024534231502
2958,0.70976,-1.45391010544142
2959,0.71,-1.9115838661726
2960,0.71024,-2.01138925378732
2961,0.71048,-0.732362374109642
2962,0.71072,-1.27737468405893
2963,0.71096,-2.0594630958409
2964,0.7112,-0.351300149362996
2965,0.71144,-1.07743881141001
2966,0.71168,-1.67822236712139
2967,0.71192,-0.402900099654848
2968,0.71216,-0.592473004922459
2969,0.7124,-1.61825605858499
2970,0.71264,-0.391790342267585
2971,0.71288,-0.397999593487973
2972,0.71312,-1.23846212636204
2973,0.71336,-0.0685879018898782
2974,0.7136,-0.363489701985871
2975,0.71384,-0.655155304548229
2976,0.71408,-0.0259812021872301
2977,0.71432,-0.242007785053229
2978,0.71456,-0.224427778962765
2979,0.7148,0.116411153418502
2980,0.71504,-0.1400287944502
2981,0.71528,0.188257266087859
2982,0.71552,0.13098664003223
2983,0.71576,0.201120544506727
2984,0.716,0.601223171784078
2985,0.71624,0.0292065106665603
2986,0.71648,0.182023317453453
2987,0.71672,1.14882063272192
2988,0.71696,0.788808603775695
2989,0.7172,0.667737069182683
2990,0.71744,0.764106033877336
2991,0.71768,0.739670047680472
2992,0.71792,1.30903340878018
2993,0.71816,0.898831779158986
2994,0.7184,0.858160033569278
2995,0.71864,1.40573938927693
2996,0.71888,1.09961731491149
2997,0.71912,1.04010663695929
2998,0.71936,1.21527834990393
2999,0.7196,1.50077343608559
3000,0.71984,1.42197913999181
3001,0.72008,1.82347648048224
3002,0.72032,1.50474346632379
3003,0.72056,1.42619570146528
3004,0.7208,1.70831469530082
3005,0.72104,2.10983874275541
3006,0.72128,1.54851688622264
3007,0.72152,1.83020183814549
3008,0.72176,2.12132021779976
3009,0.722,1.6844565359275
3010,0.72224,2.09469964184129
3011,0.72248,2.03313254731777
3012,0.72272,2.08751910004953
3013,0.72296,2.39384257834313
3014,0.7232,2.46205054831222
3015,0.72344,1.81054524553117
3016,0.72368,2.62372847988397
3017,0.72392,2.10533886192744
3018,0.72416,2.0871641901928
3019,0.7244,2.80554160219034
3020,0.72464,2.91267666613815
3021,0.72488,1.95817124466592
3022,0.72512,2.94581863181963
3023,0.72536,2.83908294164769
3024,0.7256,2.28776370209714
3025,0.72584,3.1805535762015
3026,0.72608,2.75169174251101
3027,0.72632,2.96088210873957
3028,0.72656,3.16419163255426
3029,0.7268,2.89461119944928
3030,0.72704,2.42789344586452
3031,0.72728,3.52466905218362
3032,0.72752,2.57771235081068
3033,0.72776,2.39972827212162
3034,0.728,3.54226169292484
3035,0.72824,3.35935511818556
3036,0.72848,2.38191588175684
3037,0.72872,3.57571424502318
3038,0.72896,2.9693806828406
3039,0.7292,2.41327496235324
3040,0.72944,3.66024404640964
3041,0.72968,3.46486272255646
3042,0.72992,2.59980587987177
3043,0.73016,2.73613743261413
3044,0.7304,3.23729962599075
3045,0.73064,3.37492714120784
3046,0.73088,2.48277693891225
3047,0.73112,3.29357829098073
3048,0.73136,3.85315321814181
3049,0.7316,2.2875188060885
3050,0.73184,3.05521633747724
3051,0.73208,3.56946860146362
3052,0.73232,2.08495423357175
3053,0.73256,2.92642816697336
3054,0.7328,3.75240579153082
3055,0.73304,2.08984946939909
3056,0.73328,2.76284678117819
3057,0.73352,3.66393652272331
3058,0.73376,2.54333329669987
3059,0.734,2.68583878365333
3060,0.73424,3.65925431298655
3061,0.73448,2.14182599623892
3062,0.73472,2.83872755439833
3063,0.73496,3.1586454619578
3064,0.7352,1.84882164104131
3065,0.73544,3.09158173633709
3066,0.73568,2.40615860612537
3067,0.73592,2.38930660002537
3068,0.73616,3.19993873596423
3069,0.7364,1.88321449764908
3070,0.73664,2.54242456813886
3071,0.73688,2.70496744098614
3072,0.73712,1.59722198556547
3073,0.73736,2.80559320747569
3074,0.7376,2.43911932077203
3075,0.73784,1.89709543583641
3076,0.73808,2.91125376224111
3077,0.73832,1.90757892914432
3078,0.73856,1.32925910989984
3079,0.7388,2.67463297877606
3080,0.73904,1.86254089401294
3081,0.73928,1.47300443756477
3082,0.73952,2.51562538617202
3083,0.73976,1.54477940895434
3084,0.74,1.23347406982921
3085,0.74024,1.63026726263265
3086,0.74048,1.12422745127047
3087,0.74072,1.58774497602792
3088,0.74096,2.04975301114109
3089,0.7412,1.20491972155607
3090,0.74144,0.910495326457262
3091,0.74168,1.09886121247064
3092,0.74192,1.88893383975594
3093,0.74216,0.922506777001103
3094,0.7424,1.17536078609903
3095,0.74264,1.30842806783247
3096,0.74288,0.524845743556187
3097,0.74312,1.19594624253371
3098,0.74336,0.902559995738873
3099,0.7436,0.0618095468357996
3100,0.74384,1.03480203342169
3101,0.74408,0.800082003385858
3102,0.74432,-0.350096630406143
3103,0.74456,0.67839072016114
3104,0.7448,0.496734512508168
3105,0.74504,-0.243810850657158
3106,0.74528,0.822302189372387
3107,0.74552,-0.0234649097455923
3108,0.74576,-0.117436095111783
3109,0.746,0.0219228196436188
3110,0.74624,-0.28857988250783
3111,0.74648,-0.110454935767827
3112,0.74672,-0.0501705755932432
3113,0.74696,-0.684982735159042
3114,0.7472,-0.588221205753854
3115,0.74744,-0.37463753397125
3116,0.74768,-0.734178500008194
3117,0.74792,-0.611439252440214
3118,0.74816,-0.721070634436012
3119,0.7484,-0.811826394050023
3120,0.74864,-0.784072431475401
3121,0.74888,-1.34882942775284
3122,0.74912,-0.812590633885967
3123,0.74936,-1.0102514773073
3124,0.7496,-1.0704538187052
3125,0.74984,-1.36117947668967
3126,0.75008,-1.30732411137779
3127,0.75032,-1.35369681069868
3128,0.75056,-1.39462110852291
3129,0.7508,-1.7958190187578
3130,0.75104,-1.47749667921344
3131,0.75128,-1.87820011980551
3132,0.75152,-1.679927630412
3133,0.75176,-1.72203338329733
3134,0.752,-1.76404646679846
3135,0.75224,-1.68486433129281
3136,0.75248,-1.85081300009007
3137,0.75272,-2.37665716689195
3138,0.75296,-2.05828063961183
3139,0.7532,-1.75881544348314
3140,0.75344,-2.41664910563553
3141,0.75368,-2.22879052503962
3142,0.75392,-1.94292533832635
3143,0.75416,-2.49541032499937
3144,0.7544,-2.32490682624898
3145,0.75464,-2.18062676634141
3146,0.75488,-2.8770075159293
3147,0.75512,-2.00928328734406
3148,0.75536,-2.49403158277628
3149,0.7556,-3.09193378208656
3150,0.75584,-2.01800299589481
3151,0.75608,-2.77689289415917
3152,0.75632,-3.15938782687789
3153,0.75656,-2.24378035527875
3154,0.7568,-2.91208084620532
3155,0.75704,-2.72962684328517
3156,0.75728,-2.82387107333246
3157,0.75752,-3.15601996514358
3158,0.75776,-2.42475243167816
3159,0.758,-3.17079059227207
3160,0.75824,-3.2965761347913
3161,0.75848,-2.4891907211586
3162,0.75872,-2.80606007171546
3163,0.75896,-3.46617658879084
3164,0.7592,-3.06350556451399
3165,0.75944,-2.47080153065485
3166,0.75968,-3.07074618025249
3167,0.75992,-2.85005067808608
3168,0.76016,-3.39136076165531
3169,0.7604,-3.54857965971114
3170,0.76064,-3.01931111190384
3171,0.76088,-2.30109018268277
3172,0.76112,-2.81075907862562
3173,0.76136,-3.31526898900706
3174,0.7616,-3.34270493852999
3175,0.76184,-2.46174685238872
3176,0.76208,-3.04841335826126
3177,0.76232,-3.74728661486301
3178,0.76256,-2.3152289001619
3179,0.7628,-3.20660419167007
3180,0.76304,-3.25000223908326
3181,0.76328,-2.26986547273861
3182,0.76352,-3.11330019569868
3183,0.76376,-3.58750036375414
3184,0.764,-2.29917803971717
3185,0.76424,-2.97801388941425
3186,0.76448,-3.40621938518291
3187,0.76472,-2.07806150774605
3188,0.76496,-3.06811621116439
3189,0.7652,-3.08662103571378
3190,0.76544,-2.08348012042692
3191,0.76568,-3.26037939882876
3192,0.76592,-2.63468779256228
3193,0.76616,-2.43439149483984
3194,0.7664,-3.18672012120754
3195,0.76664,-1.93533135466064
3196,0.76688,-2.41522928721805
3197,0.76712,-3.12046517594343
3198,0.76736,-1.94324117682728
3199,0.7676,-2.49775922177961
3200,0.76784,-2.43556075136684
3201,0.76808,-1.59531768180799
3202,0.76832,-3.04694730664283
3203,0.76856,-2.0966141898032
3204,0.7688,-1.21593130324488
3205,0.76904,-2.51287712796416
3206,0.76928,-2.47675283568623
3207,0.76952,-1.52696566862422
3208,0.76976,-2.30183135178812
3209,0.77,-2.22149278533819
3210,0.77024,-1.46615814745911
3211,0.77048,-2.07302850007414
3212,0.77072,-1.94421360115008
3213,0.77096,-1.5040658837626
3214,0.7712,-1.11235935484778
3215,0.77144,-1.21073317350098
3216,0.77168,-2.03204704642211
3217,0.77192,-1.29967618459324
3218,0.77216,-0.9926717568648
3219,0.7724,-1.6476251961151
3220,0.77264,-1.5813038158189
3221,0.77288,-0.97400281376601
3222,0.77312,-1.09350547364305
3223,0.77336,-1.33393276141978
3224,0.7736,-0.307725361597241
3225,0.77384,-1.21667343640646
3226,0.77408,-1.27684256910871
3227,0.77432,-0.059103484278197
3228,0.77456,-0.901252737270105
3229,0.7748,-0.776848723603119
3230,0.77504,-0.100140177178642
3231,0.77528,-0.508625690064804
3232,0.77552,-0.44812057097085
3233,0.77576,-0.17981770800137
3234,0.776,-0.267325020239645
3235,0.77624,0.091077439280935
3236,0.77648,-0.157649864219565
3237,0.77672,0.189636617708404
3238,0.77696,0.138813335022317
3239,0.7772,-0.143066273748058
3240,0.77744,0.636231339305263
3241,0.77768,0.668824410036972
3242,0.77792,-0.131257683885957
3243,0.77816,0.608058334476203
3244,0.7784,0.732497773554916
3245,0.77864,0.742202524190343
3246,0.77888,0.724392382252511
3247,0.77912,0.70278050004965
3248,0.77936,1.04199381918101
3249,0.7796,1.11967298882193
3250,0.77984,0.960716105085389
3251,0.78008,0.912931053000207
3252,0.78032,1.57715713254466
3253,0.78056,1.28036175078289
3254,0.7808,1.09442931332135
3255,0.78104,1.50446076165795
3256,0.78128,1.42799202784584
3257,0.78152,1.47687661951518
3258,0.78176,1.52125924262646
3259,0.782,1.32290401228963
3260,0.78224,1.60221838402698
3261,0.78248,1.8858360255897
3262,0.78272,1.44394702559387
3263,0.78296,1.96571901126525
3264,0.7832,1.65235249648967
3265,0.78344,2.29630164633081
3266,0.78368,1.97787766553508
3267,0.78392,2.15614288577882
3268,0.78416,2.32879816061038
3269,0.7844,2.14348954569868
3270,0.78464,2.21827994276477
3271,0.78488,2.64414974400001
3272,0.78512,2.35671917126481
3273,0.78536,2.08817570235513
3274,0.7856,2.41302458776708
3275,0.78584,2.27286786539657
3276,0.78608,2.6260231673651
3277,0.78632,2.25564320225265
3278,0.78656,2.63395694419911
3279,0.7868,2.8893040841453
3280,0.78704,2.19277329464641
3281,0.78728,2.96777186844537
3282,0.78752,3.24694339536271
3283,0.78776,2.10858419167853
3284,0.788,2.80305919695517
3285,0.78824,2.87961734231684
3286,0.78848,2.50794518839792
3287,0.78872,3.11919977326207
3288,0.78896,2.9973877600169
3289,0.7892,2.67116241521485
3290,0.78944,3.45932259333884
3291,0.78968,3.26232630158099
3292,0.78992,2.61959390297147
3293,0.79016,3.33782995640026
3294,0.7904,3.43479858790099
3295,0.79064,2.72475531940027
3296,0.79088,3.13708846032445
3297,0.79112,3.88704280992444
3298,0.79136,2.74445981253467
3299,0.7916,2.36898757834858
3300,0.79184,2.86789147527518
3301,0.79208,3.36444785608083
3302,0.79232,2.66463485831227
3303,0.79256,2.6296121383577
3304,0.7928,3.31405461236669
3305,0.79304,3.39751920384394
3306,0.79328,2.57152394778906
3307,0.79352,3.32343359308856
3308,0.79376,3.35129471425086
3309,0.794,2.71402389800235
3310,0.79424,3.52758131797714
3311,0.79448,2.66658654387505
3312,0.79472,2.47589908382419
3313,0.79496,3.25295526231217
3314,0.7952,2.82294612081352
3315,0.79544,2.21953141877526
3316,0.79568,3.31147200466607
3317,0.79592,2.47960699703122
3318,0.79616,2.55754426740233
3319,0.7964,3.46372721396013
3320,0.79664,2.11827828721935
3321,0.79688,2.86825647653499
3322,0.79712,2.87675732597603
3323,0.79736,1.86642900182257
3324,0.7976,3.160014174791
3325,0.79784,2.28891191046016
3326,0.79808,2.32360488560327
3327,0.79832,2.94833485775305
3328,0.79856,1.69292040173398
3329,0.7988,2.52824210433386
3330,0.79904,2.74831733968903
3331,0.79928,1.68970408091725
3332,0.79952,2.35956430060268
3333,0.79976,2.6497967846309
3334,0.8,1.66501325704618
3335,0.80024,2.16935426501959
3336,0.80048,2.05543503954852
3337,0.80072,1.27717646780786
3338,0.80096,2.09233879517849
3339,0.8012,2.28886579358772
3340,0.80144,1.32772960154364
3341,0.80168,1.97270612977334
3342,0.80192,1.64150008115559
3343,0.80216,1.13709494557892
3344,0.8024,1.60211486479383
3345,0.80264,2.18664950822264
3346,0.80288,0.776148195211419
3347,0.80312,1.43303449957993
3348,0.80336,1.60065523429247
3349,0.8036,0.359293846538315
3350,0.80384,1.20660645893588
3351,0.80408,1.56143556914534
3352,0.80432,0.146666912512415
3353,0.80456,1.28724528386135
3354,0.8048,1.33736303529028
3355,0.80504,0.233443949810463
3356,0.80528,0.47139432051435
3357,0.80552,1.18539136460779
3358,0.80576,0.136132189577376
3359,0.806,0.423677076734218
3360,0.80624,0.590769686881083
3361,0.80648,0.197744219370788
3362,0.80672,0.402386899393155
3363,0.80696,0.0261911936478003
3364,0.8072,0.158786120076992
3365,0.80744,0.0429645401654679
3366,0.80768,-0.399138896691558
3367,0.80792,0.13018975864311
3368,0.80816,-0.423975738712913
3369,0.8084,-0.219419268196524
3370,0.80864,0.0966247964515998
3371,0.80888,-0.535742989931135
3372,0.80912,-0.540795521164671
3373,0.80936,-0.316093364836998
3374,0.8096,-0.792696805331352
3375,0.80984,-1.24822089251035
3376,0.81008,-0.748062155835193
3377,0.81032,-0.96133539149607
3378,0.81056,-1.03550728823529
3379,0.8108,-0.874260463381473
3380,0.81104,-1.18512376446335
3381,0.81128,-1.24058088709748
3382,0.81152,-1.42701031368509
3383,0.81176,-1.11359930199135
3384,0.812,-1.52221933911428
3385,0.81224,-1.44702676034801
3386,0.81248,-1.49476850193962
3387,0.81272,-1.29719737241109
3388,0.81296,-1.6986277329753
3389,0.8132,-1.73730746212898
3390,0.81344,-1.65746667723389
3391,0.81368,-1.57575009780644
3392,0.81392,-2.34033163331581
3393,0.81416,-2.01823926783639
3394,0.8144,-1.94921282638773
3395,0.81464,-2.11813322529756
3396,0.81488,-1.92809532484508
3397,0.81512,-2.35456892417465
3398,0.81536,-2.41391768989802
3399,0.8156,-2.11522626322658
3400,0.81584,-2.31608975790926
3401,0.81608,-2.28478492780982
3402,0.81632,-2.48480543438908
3403,0.81656,-2.46577770273363
3404,0.8168,-2.69357293541582
3405,0.81704,-2.43693966203435
3406,0.81728,-2.44891220466835
3407,0.81752,-2.69713748529177
3408,0.81776,-2.35885028900441
3409,0.818,-2.76527629937904
3410,0.81824,-2.56302376280551
3411,0.81848,-2.75149918050917
3412,0.81872,-3.42129260186869
3413,0.81896,-2.41861115497238
3414,0.8192,-3.13517410658956
3415,0.81944,-3.1156236345446
3416,0.81968,-2.17200982958425
3417,0.81992,-3.28109192801289
3418,0.82016,-3.18204605193383
3419,0.8204,-2.40304536502302
3420,0.82064,-3.33220203631151
3421,0.82088,-3.16223166631146
3422,0.82112,-2.90542676743733
3423,0.82136,-2.68993876742897
3424,0.8216,-3.30397824295101
3425,0.82184,-2.98543975190715
3426,0.82208,-2.2349192017236
3427,0.82232,-3.51921000320835
3428,0.82256,-2.18626301856584
3429,0.8228,-2.82088477264093
3430,0.82304,-3.45080176223923
3431,0.82328,-3.47550242827262
3432,0.82352,-2.35401316404297
3433,0.82376,-3.06703343698661
3434,0.824,-3.65093697245312
3435,0.82424,-2.22025294502039
3436,0.82448,-3.23954688941319
3437,0.82472,-3.28051389854993
3438,0.82496,-2.29957683822543
3439,0.8252,-3.26805686048756
3440,0.82544,-3.0173885158729
3441,0.82568,-2.35434950215533
3442,0.82592,-3.14973750222812
3443,0.82616,-2.97259608882322
3444,0.8264,-2.38105853454268
3445,0.82664,-3.36401182235037
3446,0.82688,-2.89601132739664
3447,0.82712,-2.25803969024901
3448,0.82736,-3.43085321097867
3449,0.8276,-2.2115779647313
3450,0.82784,-2.618250132261
3451,0.82808,-3.12564944378084
3452,0.82832,-1.75775489037396
3453,0.82856,-2.48183721092436
3454,0.8288,-3.07307028582314
3455,0.82904,-1.89725221694062
3456,0.82928,-2.44841767014717
3457,0.82952,-2.86410176089155
3458,0.82976,-1.76776712796728
3459,0.83,-2.51860780869724
3460,0.83024,-2.2913723710252
3461,0.83048,-1.40436347008573
3462,0.83072,-2.34575120657343
3463,0.83096,-2.31293026015697
3464,0.8312,-1.49207119284292
3465,0.83144,-2.03124652759278
3466,0.83168,-2.07669348547017
3467,0.83192,-1.33041964800281
3468,0.83216,-1.93805191560359
3469,0.8324,-2.05130814401158
3470,0.83264,-1.36917214224015
3471,0.83288,-1.2207991733261
3472,0.83312,-1.20027119000934
3473,0.83336,-2.14487697189171
3474,0.8336,-1.5321770899734
3475,0.83384,-1.10431390720979
3476,0.83408,-1.16428262368153
3477,0.83432,-2.0669389967128
3478,0.83456,-0.367706840747999
3479,0.8348,-1.33757157872876
3480,0.83504,-1.21981356553663
3481,0.83528,-0.18731433646248
3482,0.83552,-0.628584340763805
3483,0.83576,-0.942148400545006
3484,0.836,-0.43226357870963
3485,0.83624,-0.444373241826752
3486,0.83648,-1.05296582187884
3487,0.83672,-0.598172841451724
3488,0.83696,-0.539667967827916
3489,0.8372,-0.714191749620716
3490,0.83744,0.400996728272723
3491,0.83768,-0.667212152327827
3492,0.83792,-0.167974049944707
3493,0.83816,0.413142908967108
3494,0.8384,-0.686559038258183
3495,0.83864,0.358726005094319
3496,0.83888,0.418080756176251
3497,0.83912,0.122375893172067
3498,0.83936,0.279035418606412
3499,0.8396,0.190092892267719
3500,0.83984,0.817102458219753
3501,0.84008,0.45320472193774
3502,0.84032,0.0994698467762046
3503,0.84056,0.695563107194061
3504,0.8408,1.26886494016357
3505,0.84104,1.00804880341477
3506,0.84128,0.727448237963463
3507,0.84152,1.0448859734899
3508,0.84176,1.36145149658714
3509,0.842,1.06179937916272
3510,0.84224,1.59810102656552
3511,0.84248,1.30697065622018
3512,0.84272,1.35410672571792
3513,0.84296,1.40110908843379
3514,0.8432,1.80464621366371
3515,0.84344,1.24905329899284
3516,0.84368,1.8941394757898
3517,0.84392,1.57157695117593
3518,0.84416,1.97447458750934
3519,0.8444,1.65279662734703
3520,0.84464,1.57143315609588
3521,0.84488,1.73681416728802
3522,0.84512,2.38578403785231
3523,0.84536,2.067363208762
3524,0.8456,1.87497279346482
3525,0.84584,2.17552890860797
3526,0.84608,2.11371011556492
3527,0.84632,2.05478414083314
3528,0.84656,2.25367874116901
3529,0.8468,2.32803361666834
3530,0.84704,2.05241003061192
3531,0.84728,2.75487314584774
3532,0.84752,2.246668861755
3533,0.84776,2.11864349304673
3534,0.848,3.08620048182801
3535,0.84824,2.24156398606054
3536,0.84848,2.39175773467392
3537,0.84872,3.38373546353055
3538,0.84896,2.21250836546724
3539,0.8492,2.75956920469004
3540,0.84944,3.42275033572965
3541,0.84968,2.41352603975315
3542,0.84992,3.12361878163937
3543,0.85016,3.33733455626175
3544,0.8504,2.25926025505371
3545,0.85064,3.25075180756053
3546,0.85088,3.02938860285485
3547,0.85112,2.71265217611349
3548,0.85136,3.15765104460028
3549,0.8516,3.34717300214274
3550,0.85184,2.60211572691597
3551,0.85208,2.98252043244335
3552,0.85232,3.22424582987372
3553,0.85256,2.6608895849793
3554,0.8528,3.93017035443379
3555,0.85304,3.3759705438964
3556,0.85328,2.50138343307425
3557,0.85352,2.41013272118421
3558,0.85376,3.04335047292155
3559,0.854,3.79170078270488
3560,0.85424,2.40821000728752
3561,0.85448,2.98928027829462
3562,0.85472,3.56787776230712
3563,0.85496,2.59427088923132
3564,0.8552,3.1202656637632
3565,0.85544,3.51373500782998
3566,0.85568,2.51504507440297
3567,0.85592,3.22380893942636
3568,0.85616,3.08479656775795
3569,0.8564,2.40830364719165
3570,0.85664,3.19076884636481
3571,0.85688,3.00122043488299
3572,0.85712,2.39777600133535
3573,0.85736,3.36930772895353
3574,0.8576,2.89035702388999
3575,0.85784,2.24189230130531
3576,0.85808,3.40465660063232
3577,0.85832,2.40757200674398
3578,0.85856,2.5605805230115
3579,0.8588,3.05974261212742
3580,0.85904,1.68398306488831
3581,0.85928,2.87071841660832
3582,0.85952,2.48162097763228
3583,0.85976,2.03758798337064
3584,0.86,3.27541514036721
3585,0.86024,2.13256730975277
3586,0.86048,2.13032522181667
3587,0.86072,2.83319975949092
3588,0.86096,1.88984786171656
3589,0.8612,2.20241626102542
3590,0.86144,2.61239632427646
3591,0.86168,1.51371834543104
3592,0.86192,2.13311398261524
3593,0.86216,2.37586388395312
3594,0.8624,1.5854166082804
3595,0.86264,2.04028397334814
3596,0.86288,2.2368653968522
3597,0.86312,1.39946197458929
3598,0.86336,2.04425165690864
3599,0.8636,1.24128847684624
3600,0.86384,0.983711832554778
3601,0.86408,1.81331685854734
3602,0.86432,1.9178084057538
3603,0.86456,0.963554159659924
3604,0.8648,0.906510654982537
3605,0.86504,1.9275640947457
3606,0.86528,0.579199209963515
3607,0.86552,0.58939156753882
3608,0.86576,1.80000294008141
3609,0.866,0.628841791627757
3610,0.86624,0.575930668843679
3611,0.86648,1.24138863628057
3612,0.86672,0.368023024729976
3613,0.86696,0.732876763417584
3614,0.8672,0.847722439212797
3615,0.86744,0.269766104676222
3616,0.86768,0.561289979450107
3617,0.86792,0.247255033229738
3618,0.86816,-0.0264583143719363
3619,0.8684,0.543570073790385
3620,0.86864,-0.315771834656401
3621,0.86888,0.300632686160053
3622,0.86912,0.305453513314743
3623,0.86936,-0.740283750772757
3624,0.8696,0.273949223243452
3625,0.86984,0.0820999420477933
3626,0.87008,-0.680621362512662
3627,0.87032,-0.35834953357304
3628,0.87056,-0.507527576977357
3629,0.8708,-0.514166270108064
3630,0.87104,-0.409184960439467
3631,0.87128,-1.12238621871652
3632,0.87152,-0.861169809116162
3633,0.87176,-0.483871674941854
3634,0.872,-1.17389131599289
3635,0.87224,-0.88447507363024
3636,0.87248,-0.96667600826143
3637,0.87272,-1.39509212099562
3638,0.87296,-1.09029143612228
3639,0.8732,-1.15590754342216
3640,0.87344,-1.3240813769301
3641,0.87368,-1.37202750264641
3642,0.87392,-1.78045776509979
3643,0.87416,-1.1042644380538
3644,0.8744,-1.74933550057741
3645,0.87464,-1.67220186451594
3646,0.87488,-1.95218916248929
3647,0.87512,-1.86969975756641
3648,0.87536,-1.55429229831385
3649,0.8756,-2.198977840306
3650,0.87584,-1.87860634739542
3651,0.87608,-1.92759858569901
3652,0.87632,-2.45904349937191
3653,0.87656,-2.14405863950504
3654,0.8768,-1.72542278097607
3655,0.87704,-2.39349499438152
3656,0.87728,-2.45373265453612
3657,0.87752,-2.41188668878433
3658,0.87776,-2.37717300094535
3659,0.878,-2.33794068428041
3660,0.87824,-2.56052516026349
3661,0.87848,-2.42119773274606
3662,0.87872,-2.05108241449913
3663,0.87896,-3.02316387712522
3664,0.8792,-2.30543630995019
3665,0.87944,-2.33944798055307
3666,0.87968,-3.34036908786767
3667,0.87992,-2.17497718541731
3668,0.88016,-2.73032753006446
3669,0.8804,-3.27460339122011
3670,0.88064,-2.3958203355831
3671,0.88088,-2.86822984138877
3672,0.88112,-3.44931447118296
3673,0.88136,-2.37425874679452
3674,0.8816,-3.02079001442835
3675,0.88184,-3.52763251821301
3676,0.88208,-2.26126660455494
3677,0.88232,-2.95279541519803
3678,0.88256,-3.74797269772782
3679,0.8828,-2.76584484044826
3680,0.88304,-3.14965671244231
3681,0.88328,-3.16333972559667
3682,0.88352,-2.96393000907725
3683,0.88376,-3.64436603149217
3684,0.884,-3.22598725032866
3685,0.88424,-2.38427606616671
3686,0.88448,-2.89439936372277
3687,0.88472,-3.39974325909996
3688,0.88496,-3.42849609944239
3689,0.8852,-2.54753009758596
3690,0.88544,-3.13507078365312
3691,0.88568,-3.71537011733886
3692,0.88592,-2.16432583902298
3693,0.88616,-3.18591462311057
3694,0.8864,-3.23148823166046
3695,0.88664,-2.13584671013334
3696,0.88688,-2.87094612398583
3697,0.88712,-3.47853919511171
3698,0.88736,-2.08254485406735
3699,0.8876,-3.24185498022928
3700,0.88784,-2.47495172979672
3701,0.88808,-2.49775736029265
3702,0.88832,-3.59075958884637
3703,0.88856,-2.18465561713819
3704,0.8888,-2.87618619071251
3705,0.88904,-2.8291685614542
3706,0.88928,-2.00412903626796
3707,0.88952,-3.23664935271188
3708,0.88976,-2.30680177278038
3709,0.89,-2.52148544445186
3710,0.89024,-2.84501256499881
3711,0.89048,-1.77746248660853
3712,0.89072,-2.67105474235639
3713,0.89096,-2.5826375365738
3714,0.8912,-1.47649337140957
3715,0.89144,-2.91467296964993
3716,0.89168,-2.18348599566623
3717,0.89192,-1.51956297380404
3718,0.89216,-2.78081089014546
3719,0.8924,-1.90139695634516
3720,0.89264,-1.67801569580654
3721,0.89288,-2.64484080107515
3722,0.89312,-1.83269474380686
3723,0.89336,-1.67886480598547
3724,0.8936,-2.11300789370927
3725,0.89384,-1.38624675531061
3726,0.89408,-1.19556061340001
3727,0.89432,-1.94583737660091
3728,0.89456,-0.943199440279887
3729,0.8948,-1.40780736619723
3730,0.89504,-1.87274119097213
3731,0.89528,-2.10147183537177
3732,0.89552,-0.705952879580853
3733,0.89576,-1.13683433603604
3734,0.896,-1.68497992520701
3735,0.89624,-0.341641827914316
3736,0.89648,-1.1966062730414
3737,0.89672,-1.44257351906215
3738,0.89696,-0.28600847612368
3739,0.8972,-0.603835884687361
3740,0.89744,-1.51171275441393
3741,0.89768,-0.29730947902352
3742,0.89792,-0.429525185797278
3743,0.89816,-1.27712491030317
3744,0.8984,-0.350620573004249
3745,0.89864,-0.530745983913414
3746,0.89888,-0.465419967863125
3747,0.89912,0.403355082302561
3748,0.89936,-0.661306431544305
3749,0.8996,0.0745398937371739
3750,0.89984,0.292871327066417
3751,0.90008,-0.444408486328582
3752,0.90032,0.59510519769898
3753,0.90056,0.295922592366041
3754,0.9008,-0.000480580095717775
3755,0.90104,0.634898661043754
3756,0.90128,0.310456649007699
3757,0.90152,0.214203504547873
3758,0.90176,0.938445024391456
3759,0.902,0.582565896941299
3760,0.90224,0.454797888639439
3761,0.90248,0.911725137041882
3762,0.90272,0.880408061928292
3763,0.90296,1.21090100282728
3764,0.9032,0.923522946219348
3765,0.90344,1.11604952358821
3766,0.90368,1.30679511053036
3767,0.90392,1.12099350566939
3768,0.90416,1.17974025801178
3769,0.9044,1.35317184407461
3770,0.90464,1.51649690268948
3771,0.90488,1.55789343579592
3772,0.90512,1.60209504932732
3773,0.90536,1.64255287059933
3774,0.9056,1.80599915308573
3775,0.90584,1.48880484783429
3776,0.90608,1.89127361808265
3777,0.90632,1.80975437680704
3778,0.90656,1.97257681121431
3779,0.9068,2.14404488889556
3780,0.90704,1.70793585474326
3781,0.90728,1.87938680057843
3782,0.90752,2.18053035189991
3783,0.90776,2.35398952420091
3784,0.908,2.42192935444634
3785,0.90824,2.13805052666875
3786,0.90848,2.3275338892884
3787,0.90872,2.53869273235884
3788,0.90896,2.51314708150581
3789,0.9092,2.24662581790193
3790,0.90944,2.72818918668867
3791,0.90968,2.35951997809037
3792,0.90992,2.12936476074652
3793,0.91016,3.11747100473558
3794,0.9104,2.65174273164297
3795,0.91064,2.46496321569951
3796,0.91088,3.36090539635549
3797,0.91112,2.21523114547078
3798,0.91136,2.79150118924469
3799,0.9116,3.6029380558157
3800,0.91184,2.37858130950031
3801,0.91208,2.52197414357898
3802,0.91232,3.37859581300081
3803,0.91256,3.03850893653326
3804,0.9128,2.26514621002473
3805,0.91304,3.05010114735418
3806,0.91328,2.65152360092186
3807,0.91352,3.37562508350947
3808,0.91376,3.35162724479103
3809,0.914,2.64830208465252
3810,0.91424,3.06710926651399
3811,0.91448,3.82330070769665
3812,0.91472,2.68672499059998
3813,0.91496,2.31880270245517
3814,0.9152,2.82319874560288
3815,0.91544,3.32503678196617
3816,0.91568,3.82498889508809
3817,0.91592,2.44134845404208
3818,0.91616,3.13898416631144
3819,0.9164,3.71234398237742
3820,0.91664,2.50380991702149
3821,0.91688,2.80322626467395
3822,0.91712,3.80808104417966
3823,0.91736,2.31767710556958
3824,0.9176,3.03637544381979
3825,0.91784,3.50714891774537
3826,0.91808,2.09959686033115
3827,0.91832,3.1293288638042
3828,0.91856,3.4276680238566
3829,0.9188,2.09380834851671
3830,0.91904,3.31104276850993
3831,0.91928,2.83723356748827
3832,0.91952,2.31611422599676
3833,0.91976,3.47580820796732
3834,0.92,2.36499016609201
3835,0.92024,2.64139713382257
3836,0.92048,3.13799384681216
3837,0.92072,1.87997718828989
3838,0.92096,2.94532649100332
3839,0.9212,2.55303744401438
3840,0.92144,1.86974189678574
3841,0.92168,3.235076471992
3842,0.92192,2.20136793122158
3843,0.92216,1.83788161308478
3844,0.9224,2.80098248350829
3845,0.92264,2.56012867813587
3846,0.92288,1.5383366884637
3847,0.92312,2.81446481993355
3848,0.92336,1.82038507924944
3849,0.9236,1.73436643864595
3850,0.92384,2.7067343578976
3851,0.92408,1.54863374286568
3852,0.92432,1.65317540256076
3853,0.92456,2.4568646734982
3854,0.9248,1.7266079699275
3855,0.92504,1.0506813315022
3856,0.92528,1.00827885365509
3857,0.92552,1.81253197102494
3858,0.92576,1.89405597556225
3859,0.926,0.687495488788629
3860,0.92624,1.2130149400426
3861,0.92648,1.61330260925808
3862,0.92672,0.826309489192295
3863,0.92696,0.697514159498954
3864,0.9272,1.64832164038478
3865,0.92744,1.51718239773299
3866,0.92768,0.362283974864812
3867,0.92792,1.26673032401563
3868,0.92816,1.08131617481298
3869,0.9284,0.224367306006455
3870,0.92864,0.579951605677416
3871,0.92888,0.933216166645238
3872,0.92912,0.127029171386257
3873,0.92936,0.771744044919018
3874,0.9296,0.344276716520094
3875,0.92984,0.0732291834370572
3876,0.93008,0.63676400518313
3877,0.93032,-0.0927199367470712
3878,0.93056,0.0346797199656298
3879,0.9308,0.162923865065543
3880,0.93104,-0.274628071211172
3881,0.93128,0.00692156511136974
3882,0.93152,-0.412985255052813
3883,0.93176,-0.0916478412740978
3884,0.932,-0.260077160805743
3885,0.93224,-0.999758756958061
3886,0.93248,-0.291452590514222
3887,0.93272,-0.423990051356946
3888,0.93296,-1.13181943055813
3889,0.9332,-0.876191396692436
3890,0.93344,-0.498722813175144
3891,0.93368,-1.18178700310807
3892,0.93392,-1.02573186455324
3893,0.93416,-0.73822120554758
3894,0.9344,-1.40051928438194
3895,0.93464,-1.10830881489354
3896,0.93488,-1.5267153849272
3897,0.93512,-1.0894723084253
3898,0.93536,-1.62905856499877
3899,0.9356,-1.54657513353985
3900,0.93584,-1.35094067810057
3901,0.93608,-1.99630397059834
3902,0.93632,-1.43662300313683
3903,0.93656,-1.95559092113017
3904,0.9368,-1.51932610938422
3905,0.93704,-2.16206170340212
3906,0.93728,-1.83926637093983
3907,0.93752,-1.88539260031891
3908,0.93776,-2.41355997636567
3909,0.938,-1.97907933103164
3910,0.93824,-2.15605927462296
3911,0.93848,-2.21235657892286
3912,0.93872,-1.79036288994734
3913,0.93896,-2.46834025122442
3914,0.9392,-2.17582380764886
3915,0.93944,-1.8958978292518
3916,0.93968,-2.83366606996572
3917,0.93992,-2.19875187298193
3918,0.94016,-2.30699848764859
3919,0.9404,-3.02979749013875
3920,0.94064,-2.30066357551642
3921,0.94088,-2.4430810873946
3922,0.94112,-3.3071557619493
3923,0.94136,-2.13285545399153
3924,0.9416,-2.55889580103744
3925,0.94184,-3.09027200702128
3926,0.94208,-2.68030224523658
3927,0.94232,-3.14304210016775
3928,0.94256,-2.75015523111746
3929,0.9428,-2.3895417458347
3930,0.94304,-3.49462881285867
3931,0.94328,-2.89536759343219
3932,0.94352,-2.45905454479089
3933,0.94376,-3.02178826481474
3934,0.944,-3.67724794677975
3935,0.94424,-2.3275344322425
3936,0.94448,-2.94642279558804
3937,0.94472,-3.77638722775762
3938,0.94496,-2.59385343944304
3939,0.9452,-3.02501193539374
3940,0.94544,-3.3148276124036
3941,0.94568,-2.79952521739648
3942,0.94592,-2.57215648611721
3943,0.94616,-3.07106572025182
3944,0.9464,-3.69164432845642
3945,0.94664,-2.3038033702524
3946,0.94688,-3.11949827437229
3947,0.94712,-3.79852474484059
3948,0.94736,-2.34076025975031
3949,0.9476,-2.86712241787312
3950,0.94784,-3.62278360663911
3951,0.94808,-2.47161202023753
3952,0.94832,-2.8256130113665
3953,0.94856,-3.5369329734161
3954,0.9488,-3.04896475393982
3955,0.94904,-2.38773934739081
3956,0.94928,-3.41882694586017
3957,0.94952,-2.52994530440772
3958,0.94976,-2.55073052535716
3959,0.95,-3.52482024495079
3960,0.95024,-2.23895907897313
3961,0.95048,-2.92639233443532
3962,0.95072,-3.00104680421804
3963,0.95096,-2.05536982534755
3964,0.9512,-3.28473260599625
3965,0.95144,-2.47441847551177
3966,0.95168,-2.33384065916798
3967,0.95192,-3.14155956154391
3968,0.95216,-1.94005170491328
3969,0.9524,-2.59145147932572
3970,0.95264,-2.51164081700535
3971,0.95288,-1.76825532757174
3972,0.95312,-2.37166321819568
3973,0.95336,-2.72163988014266
3974,0.9536,-1.7964537936964
3975,0.95384,-2.12474069844522
3976,0.95408,-2.55432196181159
3977,0.95432,-1.7034527756557
3978,0.95456,-1.98510434044892
3979,0.9548,-2.48281081085905
3980,0.95504,-1.46772436310308
3981,0.95528,-1.93978336081813
3982,0.95552,-2.38886421034999
3983,0.95576,-1.67729664015404
3984,0.956,-0.774878726243563
3985,0.95624,-1.58534060620951
3986,0.95648,-1.67191039341432
3987,0.95672,-2.36348688073388
3988,0.95696,-0.454065142026465
3989,0.9572,-1.3558415876541
3990,0.95744,-1.64791496054808
3991,0.95768,-0.751478482461823
3992,0.95792,-0.635016599118932
3993,0.95816,-1.7147086517524
3994,0.9584,-0.88730362526047
3995,0.95864,-0.587353083069346
3996,0.95888,-1.36308517898283
3997,0.95912,-0.477721274862994
3998,0.95936,-0.71062080245578
3999,0.9596,-0.816575111706465
4000,0.95984,0.126136431738091
4001,0.96008,-0.754124536897123
4002,0.96032,-0.191110725518167
4003,0.96056,-0.0358383993070949
4004,0.9608,-0.72158909680945
4005,0.96104,0.028117872965238
4006,0.96128,0.259245311402687
4007,0.96152,-0.585247028558552
4008,0.96176,0.470167264999076
4009,0.962,0.300816955389926
4010,0.96224,-0.105565901820446
4011,0.96248,0.420619516729761
4012,0.96272,0.107166472928951
4013,0.96296,0.623230260592605
4014,0.9632,0.38922885880628
4015,0.96344,0.0464309477103593
4016,0.96368,0.769350771528711
4017,0.96392,0.867254660007583
4018,0.96416,0.728192769016248
4019,0.9644,1.06049342183739
4020,0.96464,0.774870116951581
4021,0.96488,0.741352559262509
4022,0.96512,1.29548520361545
4023,0.96536,0.992575150398789
4024,0.9656,1.055621690519
4025,0.96584,1.59073176617972
4026,0.96608,1.03524616196665
4027,0.96632,1.45877768670697
4028,0.96656,1.61570734877715
4029,0.9668,1.53930941201965
4030,0.96704,1.463960905508
4031,0.96728,1.50286798060831
4032,0.96752,1.54295335955529
4033,0.96776,1.82596044115115
4034,0.968,1.74669065584221
4035,0.96824,1.66611362699243
4036,0.96848,2.31825420592016
4037,0.96872,2.00720430731751
4038,0.96896,2.17030665246494
4039,0.9692,1.74809819978865
4040,0.96944,2.65385690379727
4041,0.96968,2.35311432538993
4042,0.96992,1.95415102981859
4043,0.97016,2.63718354922666
4044,0.9704,2.35529529418323
4045,0.97064,2.09817182117821
4046,0.97088,2.55502644907023
4047,0.97112,2.30124270682868
4048,0.97136,2.66698258135181
4049,0.9716,2.42677174053453
4050,0.97184,2.69666581797494
4051,0.97208,3.32338173059047
4052,0.97232,2.27794000585037
4053,0.97256,3.06574000010664
4054,0.9728,2.75726968324746
4055,0.97304,2.47631685167958
4056,0.97328,3.18638029797704
4057,0.97352,2.92059504345376
4058,0.97376,2.56623987787339
4059,0.974,3.3240604335421
4060,0.97424,2.86206874326887
4061,0.97448,2.43625471303132
4062,0.97472,3.36246988612825
4063,0.97496,3.30768615845203
4064,0.9752,2.57973737548738
4065,0.97544,3.65412827138956
4066,0.97568,3.29442549937564
4067,0.97592,2.38380250412885
4068,0.97616,3.63518844800494
4069,0.9764,2.97862650555572
4070,0.97664,2.36694205752106
4071,0.97688,2.75268989957198
4072,0.97712,3.37301833674633
4073,0.97736,3.51550499371955
4074,0.9776,2.38413823076255
4075,0.97784,3.08542393535174
4076,0.97808,3.77873643462026
4077,0.97832,2.34117529025115
4078,0.97856,3.22824942033321
4079,0.9788,3.50368743060441
4080,0.97904,2.14770590678457
4081,0.97928,3.10908713905864
4082,0.97952,3.45541960689265
4083,0.97976,2.2909974723064
4084,0.98,3.31317731574701
4085,0.98024,3.12813322035898
4086,0.98048,2.28684010167774
4087,0.98072,3.26070591805206
4088,0.98096,2.78807356815777
4089,0.9812,2.38283124852439
4090,0.98144,3.541972798709
4091,0.98168,2.07870335888698
4092,0.98192,2.71480044924101
4093,0.98216,2.97264806585988
4094,0.9824,1.84282621455336
4095,0.98264,3.02300038587075
4096,0.98288,2.51856165505186
4097,0.98312,2.07755342506493
4098,0.98336,3.19371442290297
4099,0.9836,2.05085749017382
4100,0.98384,2.29143829774738
4101,0.98408,2.75051588231855
4102,0.98432,1.81227978295149
4103,0.98456,2.2394438222289
4104,0.9848,2.29501037248826
4105,0.98504,1.44384133850214
4106,0.98528,2.53775768657256
4107,0.98552,2.30364998542564
4108,0.98576,1.40023117283042
4109,0.986,2.32797754420087
4110,0.98624,2.16690838610443
4111,0.98648,1.21546127138994
4112,0.98672,2.4541610712282
4113,0.98696,1.05072797343727
4114,0.9872,1.03144994533827
4115,0.98744,1.8549375433571
4116,0.98768,1.59713133427669
4117,0.98792,1.04305586977952
4118,0.98816,1.33409475694793
4119,0.9884,2.10369746915373
4120,0.98864,0.637695086745759
4121,0.98888,0.997709442857899
4122,0.98912,1.47441342454286
4123,0.98936,0.32183916381245
4124,0.9896,1.10825804553876
4125,0.98984,1.04259885022596
4126,0.99008,0.187741560635995
4127,0.99032,0.545298829912068
4128,0.99056,1.01854234647626
4129,0.9908,0.0905067365362893
4130,0.99104,0.737169685720296
4131,0.99128,0.427521102879847
4132,0.99152,0.0368662275388238
4133,0.99176,0.602318781043154
4134,0.992,-0.125359795136794
4135,0.99224,0.00373999491856936
4136,0.99248,0.133583162739713
4137,0.99272,-0.302465792225753
4138,0.99296,-0.0195035386811144
4139,0.9932,-0.323363175266092
4140,0.99344,-0.360493172661687
4141,0.99368,-0.286569897364881
4142,0.99392,-0.308899573209932
4143,0.99416,-0.440243338677606
4144,0.9944,-0.695153518384722
4145,0.99464,-0.679421517255865
4146,0.99488,-0.780675070650762
4147,0.99512,-0.882128579732245
4148,0.99536,-0.844627273074821
4149,0.9956,-1.04528896920411
4150,0.99584,-1.24301916173469
4151,0.99608,-1.18642205313556
4152,0.99632,-1.13169875411241
4153,0.99656,-1.5484225485157
4154,0.9968,-1.1143133177974
4155,0.99704,-1.65181775517963
4156,0.99728,-1.81099413452775
4157,0.99752,-1.25459274228295
4158,0.99776,-1.89878259468489
4159,0.998,-1.22041987459874
4160,0.99824,-1.86461458619001
4161,0.99848,-1.66878759469672
4162,0.99872,-2.06918667744473
4163,0.99896,-1.86301523573291
4164,0.9992,-2.03407432646643
4165,0.99944,-1.96247174413202
4166,0.99968,-2.00696831188208
4167,0.99992,-1.94265193850678
4168,1.00016,-2.36630920093746
4169,1.0004,-2.18303059120196
4170,1.00064,-1.89748555153452
4171,1.00088,-2.57846523735665
4172,1.00112,-2.41178708562444
4173,1.00136,-2.50684485907999
4174,1.0016,-2.48559727979061
4175,1.00184,-2.10484245194409
4176,1.00208,-2.7106594288159
4177,1.00232,-2.70728280954422
4178,1.00256,-2.12299006705294
4179,1.0028,-3.11819361441972
4180,1.00304,-2.5419497707112
4181,1.00328,-2.48316145378463
4182,1.00352,-3.26176144828683
4183,1.00376,-2.84470175255033
4184,1.004,-2.7064518294638
4185,1.00424,-2.80048544458479
4186,1.00448,-2.68002348326315
4187,1.00472,-3.5409737700149
4188,1.00496,-2.59251920686237
4189,1.0052,-2.65010785636403
4190,1.00544,-3.66537679868802
4191,1.00568,-2.88568062587349
4192,1.00592,-2.39668350983448
4193,1.00616,-3.58386809664159
4194,1.0064,-3.09413643521013
4195,1.00664,-2.66115129277375
4196,1.00688,-3.77970088180917
4197,1.00712,-3.46303277628264
4198,1.00736,-2.7128457182174
4199,1.0076,-2.84136680154539
4200,1.00784,-3.21681759391847
4201,1.00808,-3.82737362097051
4202,1.00832,-2.30425965945
4203,1.00856,-2.76502513857696
4204,1.0088,-3.46666319350965
4205,1.00904,-2.84116685450535
4206,1.00928,-2.88143199972246
4207,1.00952,-3.64027348286491
4208,1.00976,-2.49462502773567
4209,1.01,-2.49734793745236
4210,1.01024,-3.57258141333951
4211,1.01048,-2.37383261220636
4212,1.01072,-2.80146441844358
4213,1.01096,-3.57987652663805
4214,1.0112,-2.21830189455322
4215,1.01144,-2.95284122989617
4216,1.01168,-3.19607468906727
4217,1.01192,-2.16914799189472
4218,1.01216,-3.20513571649087
4219,1.0124,-2.44511392886637
4220,1.01264,-2.47049535282227
4221,1.01288,-3.20381918120221
4222,1.01312,-2.05017673441467
4223,1.01336,-2.86436876272017
4224,1.0136,-2.8178483854706
4225,1.01384,-1.75065119608528
4226,1.01408,-2.7623597805252
4227,1.01432,-2.55900877860001
4228,1.01456,-1.8140473114017
4229,1.0148,-3.12136376472552
4230,1.01504,-2.15284654892655
4231,1.01528,-1.96973923484181
4232,1.01552,-2.62156539133878
4233,1.01576,-1.75046576333835
4234,1.016,-1.77202254398623
4235,1.01624,-2.73437870923608
4236,1.01648,-1.91840742333863
4237,1.01672,-1.52334719049607
4238,1.01696,-2.5590361619829
4239,1.0172,-1.58159348312484
4240,1.01744,-1.38300696132116
4241,1.01768,-2.01105562808435
4242,1.01792,-1.25267905486229
4243,1.01816,-1.3539918042769
4244,1.0184,-2.17902240953965
4245,1.01864,-1.80833025044742
4246,1.01888,-1.02155840365451
4247,1.01912,-1.08921737903943
4248,1.01936,-1.99709616145928
4249,1.0196,-0.418287940032982
4250,1.01984,-0.801229168745941
4251,1.02008,-1.30023342561014
4252,1.02032,-0.142601485141988
4253,1.02056,-0.587830790851707
4254,1.0208,-0.9051148525364
4255,1.02104,-0.398718490762262
4256,1.02128,-0.414098414379702
4257,1.02152,-1.02575264299687
4258,1.02176,-0.573818417384227
4259,1.022,-0.517982334164121
4260,1.02224,-0.694992772566372
4261,1.02248,0.417886404487786
4262,1.02272,-0.652466952448344
4263,1.02296,-0.155212954072538
4264,1.0232,0.424072548176883
4265,1.02344,-0.677316825122877
4266,1.02368,0.366421885918809
4267,1.02392,0.424360628527264
4268,1.02416,0.127366528426456
4269,1.0244,0.402747713567315
4270,1.02464,0.0786151905418017
4271,1.02488,0.825118071246282
4272,1.02512,0.460083913408009
4273,1.02536,0.105322442565181
4274,1.0256,0.70049925173013
4275,1.02584,1.27298723170321
4276,1.02608,1.01145183908793
4277,1.02632,0.730228354371497
4278,1.02656,1.0471294259599
4279,1.0268,1.36324135290718
4280,1.02704,1.06321829639258
4281,1.02728,1.71863362534751
4282,1.02752,1.18481141710371
4283,1.02776,1.5928411761607
4284,1.028,1.39565031016006
4285,1.02824,1.79730417731123
4286,1.02848,1.479274968315
4287,1.02872,1.88011806294474
4288,1.02896,1.56159242812116
4289,1.0292,1.96275906527662
4290,1.02944,1.64651465103681
4291,1.02968,1.80570651424448
4292,1.02992,2.08730203089567
4293,1.03016,1.77844281798606
4294,1.0304,2.18680537616431
4295,1.03064,1.87472982567141
4296,1.03088,2.41919236744371
4297,1.03112,2.12045773805477
4298,1.03136,2.17861133961993
4299,1.0316,2.13477782589849
4300,1.03184,2.46012668920924
4301,1.03208,2.53487316012346
4302,1.03232,2.15478987510946
4303,1.03256,2.74348392699005
4304,1.0328,2.60122647784139
4305,1.03304,2.13287233070304
4306,1.03328,2.86062294679309
4307,1.03352,2.51448551335948
4308,1.03376,2.43916743377921
4309,1.034,2.83211944715614
4310,1.03424,2.40720908218223
4311,1.03448,2.72747623731482
4312,1.03472,2.67387375538936
4313,1.03496,2.77685329890631
4314,1.0352,3.60521759483284
4315,1.03544,2.39749914672375
4316,1.03568,2.55723553532924
4317,1.03592,3.42990140305378
4318,1.03616,3.1055613214727
4319,1.0364,2.22872574432695
4320,1.03664,3.39527422978602
4321,1.03688,3.23850485999379
4322,1.03712,2.16497767146811
4323,1.03736,3.38884074703341
4324,1.0376,3.40198196138137
4325,1.03784,2.25940764110387
4326,1.03808,3.78195757835813
4327,1.03832,2.6708625378456
4328,1.03856,2.92829573256778
4329,1.0388,3.54623124875558
4330,1.03904,2.96466009835508
4331,1.03928,2.56844150765275
4332,1.03952,3.14567414664785
4333,1.03976,3.71847559027582
4334,1.04,2.27708290504043
4335,1.04024,2.70010925218166
4336,1.04048,3.4747690184978
4337,1.04072,2.46076165999553
4338,1.04096,2.59305918393738
4339,1.0412,3.43990307137786
4340,1.04144,2.96759830322684
4341,1.04168,2.56062533881366
4342,1.04192,3.47963257521303
4343,1.04216,2.71692558153412
4344,1.0424,2.50468214694424
4345,1.04264,3.4962611615521
4346,1.04288,2.2199860610236
4347,1.04312,2.80183313803537
4348,1.04336,3.01072670571118
4349,1.0436,2.07295336312185
4350,1.04384,3.19509523962812
4351,1.04408,2.51744229948204
4352,1.04432,2.38458704489992
4353,1.04456,2.96420497712212
4354,1.0448,1.90214934694768
4355,1.04504,2.68733158301293
4356,1.04528,2.73221012999901
4357,1.04552,1.51174866722054
4358,1.04576,2.61208532292301
4359,1.046,2.37622444276469
4360,1.04624,1.35834894510567
4361,1.04648,2.5348564860526
4362,1.04672,2.37143459189002
4363,1.04696,1.18522797084547
4364,1.0472,2.78236880352592
4365,1.04744,1.97579920897729
4366,1.04768,1.23012769178425
4367,1.04792,2.07012088863584
4368,1.04816,2.28715460922873
4369,1.0484,1.59046440416345
4370,1.04864,0.701268891483415
4371,1.04888,1.64051609673525
4372,1.04912,1.61402540822564
4373,1.04936,2.31448549057027
4374,1.0496,0.416892124079989
4375,1.04984,1.56512714453027
4376,1.05008,1.61827819599705
4377,1.05032,0.732369408353781
4378,1.05056,0.984002980636349
4379,1.0508,1.34626385140108
4380,1.05104,0.405816646197266
4381,1.05128,0.834269273728984
4382,1.05152,1.49602511781087
4383,1.05176,0.268166503138208
4384,1.052,0.508986072027717
4385,1.05224,1.22788703890871
4386,1.05248,0.180531117796218
4387,1.05272,0.348789338801632
4388,1.05296,0.760244089066564
4389,1.0532,-0.230511243678517
4390,1.05344,0.106759125362645
4391,1.05368,0.449275956246308
4392,1.05392,-0.136107932033633
4393,1.05416,-0.00325653084780386
4394,1.0544,-0.08598132928352
4395,1.05464,0.0840806944785273
4396,1.05488,-0.347097787748387
4397,1.05512,-0.623280369977207
4398,1.05536,0.179571537012559
4399,1.0556,-0.214531648234484
4400,1.05584,-0.943106428452479
4401,1.05608,-0.461848444108095
4402,1.05632,-0.823016018070456
4403,1.05656,-0.921262866679945
4404,1.0568,-0.299197644187292
4405,1.05704,-0.997137157414973
4406,1.05728,-1.06976123977888
4407,1.05752,-0.907153716041458
4408,1.05776,-1.09687124237065
4409,1.058,-1.03223290129145
4410,1.05824,-1.21185184923019
4411,1.05848,-1.51060525220147
4412,1.05872,-1.19336534366424
4413,1.05896,-1.23559700329056
4414,1.0592,-1.64422355306421
4415,1.05944,-1.68654921546494
4416,1.05968,-1.48386587330868
4417,1.05992,-1.64556220107338
4418,1.06016,-1.5678556706087
4419,1.0604,-1.72774298540253
4420,1.06064,-1.76577888931779
4421,1.06088,-2.17632839936897
4422,1.06112,-1.86355599935166
4423,1.06136,-1.79068396515813
4424,1.0616,-2.33178917942679
4425,1.06184,-2.02957332520289
4426,1.06208,-1.7282502867422
4427,1.06232,-2.28867547412926
4428,1.06256,-2.5996470853128
4429,1.0628,-2.07445179573586
4430,1.06304,-2.17438811342597
4431,1.06328,-2.62789446800938
4432,1.06352,-2.37149454584259
4433,1.06376,-2.37410921057247
4434,1.064,-2.4893206217471
4435,1.06424,-2.75332600626434
4436,1.06448,-2.65817884110511
4437,1.06472,-2.3297181105779
4438,1.06496,-3.11189975857315
4439,1.0652,-2.9206816802153
4440,1.06544,-2.27750121905717
4441,1.06568,-3.33211632967007
4442,1.06592,-3.05695881740457
4443,1.06616,-2.33431396407563
4444,1.0664,-3.32248844960637
4445,1.06664,-3.20435378425643
4446,1.06688,-2.40549508483706
4447,1.06712,-2.84905786410955
4448,1.06736,-3.62876350876126
4449,1.0676,-2.51035500764782
4450,1.06784,-3.00193619869742
4451,1.06808,-3.8368889604055
4452,1.06832,-2.77097870096248
4453,1.06856,-2.59455711570685
4454,1.0688,-3.75946632178999
4455,1.06904,-2.9890432452929
4456,1.06928,-2.63331634103147
4457,1.06952,-3.13002283035578
4458,1.06976,-3.62956105833327
4459,1.07,-2.81572080005864
4460,1.07024,-2.55365962617342
4461,1.07048,-3.13833300029638
4462,1.07072,-3.72209241127379
4463,1.07096,-2.18219627868299
4464,1.0712,-2.85088525657353
4465,1.07144,-3.74922838130161
4466,1.07168,-2.27392595870238
4467,1.07192,-3.00459360044606
4468,1.07216,-3.72819428169332
4469,1.0724,-2.08497230098501
4470,1.07264,-2.89547954968986
4471,1.07288,-3.69274184899213
4472,1.07312,-2.48039942295187
4473,1.07336,-2.64631709884307
4474,1.0736,-3.64287132364912
4475,1.07384,-2.25929388586052
4476,1.07408,-2.73690143592029
4477,1.07432,-3.08053323846494
4478,1.07456,-1.9149940643115
4479,1.0748,-3.17412809662304
4480,1.07504,-2.39226145256107
4481,1.07528,-2.27884426423472
4482,1.07552,-3.11247906936496
4483,1.07576,-1.93568235698134
4484,1.076,-2.37749185123056
4485,1.07624,-2.44572404706167
4486,1.07648,-1.85025305453365
4487,1.07672,-3.05617758073355
4488,1.07696,-1.99796668140687
4489,1.0772,-1.61128823679729
4490,1.07744,-2.89087218184668
4491,1.07768,-1.90378272225147
4492,1.07792,-1.23084584114148
4493,1.07816,-2.59241574761094
4494,1.0784,-1.91542178242421
4495,1.07864,-1.17816608306579
4496,1.07888,-1.91176263887932
4497,1.07912,-2.02868895182081
4498,1.07936,-1.34995032123076
4499,1.0796,-1.20477971559175
4500,1.07984,-1.18726824666781
4501,1.08008,-2.13470978612832
4502,1.08032,-1.52467230805643
4503,1.08056,-1.09930597690334
4504,1.0808,-1.16161382703433
4505,1.08104,-2.06645525776569
4506,1.08128,-0.251141260489683
4507,1.08152,-1.23063638714222
4508,1.08176,-1.23922878879378
4509,1.082,-0.310164029378896
4510,1.08224,-0.99191041623221
4511,1.08248,-0.941910900070745
4512,1.08272,0.146020883652383
4513,1.08296,-0.946495440870834
4514,1.0832,-0.827931602096398
4515,1.08344,0.0886710647574054
4516,1.08368,-0.330285357090027
4517,1.08392,-0.628840551119847
4518,1.08416,-0.00398991501856261
4519,1.0844,-0.338606774654461
4520,1.08464,-0.0937369381779438
4521,1.08488,0.00902616101945419
4522,1.08512,0.113368962875704
4523,1.08536,0.301778024450266
4524,1.0856,0.0114057044560748
4525,1.08584,0.552857261504425
4526,1.08608,0.342590006006502
4527,1.08632,0.262804878015966
4528,1.08656,0.638869360788257
4529,1.0868,0.641256457895117
4530,1.08704,0.646291028124848
4531,1.08728,0.631930406460011
4532,1.08752,0.847768956535512
4533,1.08776,0.946592714088184
4534,1.088,0.668422401025362
4535,1.08824,0.865422746979849
4536,1.08848,1.1823123582182
4537,1.08872,1.12067368616164
4538,1.08896,1.06704372652824
4539,1.0892,1.36699805233431
4540,1.08944,1.41182265612476
4541,1.08968,1.57662887589979
4542,1.08992,1.26334528776682
4543,1.09016,1.55009163429476
4544,1.0904,1.35301721506884
4545,1.09064,1.51535197779817
4546,1.09088,2.15927708923228
4547,1.09112,1.47944173229737
4548,1.09136,1.76203045596544
4549,1.0916,1.81046248253709
4550,1.09184,2.09459015878838
4551,1.09208,1.8984816481201
4552,1.09232,2.31839421681306
4553,1.09256,2.0119686484937
4554,1.0928,1.94949864836472
4555,1.09304,2.26287630535015
4556,1.09328,2.44704910380062
4557,1.09352,2.17099615148348
4558,1.09376,2.73921163703701
4559,1.094,2.46265891106031
4560,1.09424,1.97160043238443
4561,1.09448,2.92457573556689
4562,1.09472,2.55572619522899
4563,1.09496,2.33672303485825
4564,1.0952,2.83128626424227
4565,1.09544,2.3797707369753
4566,1.09568,2.67629177254256
4567,1.09592,2.71937355542152
4568,1.09616,2.79658098943156
4569,1.0964,2.87343382164989
4570,1.09664,2.60261522015165
4571,1.09688,3.20565319846654
4572,1.09712,2.83421068974643
4573,1.09736,2.4943457880109
4574,1.0976,3.3873236583443
4575,1.09784,3.17989909791495
4576,1.09808,2.52687930977582
4577,1.09832,3.35296064447198
4578,1.09856,3.43125759280495
4579,1.0988,2.70299410056783
4580,1.09904,3.33723179020242
4581,1.09928,3.4725771454142
4582,1.09952,2.92197697762929
4583,1.09976,3.49383123775902
4584,1.1,2.85043700833455
4585,1.10024,2.74877164623454
4586,1.10048,3.25583713701614
4587,1.10072,3.76042761647293
4588,1.10096,2.48215769327501
4589,1.1012,2.71313412634056
4590,1.10144,3.30453929830397
4591,1.10168,3.413879279683
4592,1.10192,2.49513446627433
4593,1.10216,3.27667398950621
4594,1.1024,2.61868022956589
4595,1.10264,2.74381919468922
4596,1.10288,3.46767635327025
4597,1.10312,2.75127761822419
4598,1.10336,2.34737416404642
4599,1.1036,3.27605155791681
4600,1.10384,2.99156797966346
4601,1.10408,2.41419235368905
4602,1.10432,3.28881473215861
4603,1.10456,2.60793240631372
4604,1.1048,2.59053922695292
4605,1.10504,3.28295274438651
4606,1.10528,1.97425700855951
4607,1.10552,2.98711721699401
4608,1.10576,2.54709676271236
4609,1.106,2.05739969472806
4610,1.10624,3.36815956045572
4611,1.10648,2.05132264683314
4612,1.10672,2.24112162210422
4613,1.10696,3.25348561234055
4614,1.1072,2.13029185599375
4615,1.10744,2.03406480395956
4616,1.10768,3.12200093617264
4617,1.10792,2.07234602234767
4618,1.10816,1.20858172081526
4619,1.1084,2.52156982355823
4620,1.10864,2.26624303277248
4621,1.10888,1.34271806346382
4622,1.10912,2.48069124624678
4623,1.10936,2.17239687079734
4624,1.1096,1.20094611800374
4625,1.10984,2.41045556048375
4626,1.11008,1.70438123409987
4627,1.11032,0.690172551818252
4628,1.11056,1.39052283800048
4629,1.1108,2.08710571119441
4630,1.11104,1.3479382675119
4631,1.11128,0.912977673153235
4632,1.11152,1.8041462276033
4633,1.11176,1.3716815377267
4634,1.112,0.758457910771422
4635,1.11224,1.71122414218255
4636,1.11248,1.33881957264127
4637,1.11272,0.785775754208144
4638,1.11296,0.957052366163428
4639,1.1132,0.416674640435177
4640,1.11344,0.404994008597351
4641,1.11368,0.99566196704786
4642,1.11392,0.506617641480534
4643,1.11416,-0.0520822108399711
4644,1.1144,0.953106870476939
4645,1.11464,0.0429812806865052
4646,1.11488,0.011817596313654
4647,1.11512,0.575068344668025
4648,1.11536,-0.388192441310588
4649,1.1156,0.341359763008926
4650,1.11584,0.108591605456327
4651,1.11608,-0.449397254931976
4652,1.11632,-0.04907495577496
4653,1.11656,-0.348535728953437
4654,1.1168,-0.387346072349679
4655,1.11704,-0.434041877891259
4656,1.11728,-0.575219069957261
4657,1.11752,-0.699555928509421
4658,1.11776,-0.465417654691391
4659,1.118,-0.583445360866364
4660,1.11824,-1.03988270782837
4661,1.11848,-0.659272984402849
4662,1.11872,-0.870196418707685
4663,1.11896,-1.42250708479696
4664,1.1192,-1.02629625187654
4665,1.11944,-1.09122835234095
4666,1.11968,-1.38875694981159
4667,1.11992,-1.09656754902217
4668,1.12016,-1.62939454572028
4669,1.1204,-1.19299125262416
4670,1.12064,-1.47687552449525
4671,1.12088,-1.52136248359215
4672,1.12112,-1.5678987964753
4673,1.12136,-1.48655238808546
4674,1.1216,-1.64863670885459
4675,1.12184,-2.04809998533739
4676,1.12208,-1.48635415322233
4677,1.12232,-1.77014952391545
4678,1.12256,-2.06055445644605
4679,1.1228,-2.46307380693301
4680,1.12304,-2.02918254706
4681,1.12328,-2.08942856009265
4682,1.12352,-2.14875804789287
4683,1.12376,-1.96563637524429
4684,1.124,-2.64007459087624
4685,1.12424,-2.23076258627319
4686,1.12448,-1.82826183197758
4687,1.12472,-2.76823432954414
4688,1.12496,-2.25517337045314
4689,1.1252,-2.12535133366881
4690,1.12544,-3.08792086829043
4691,1.12568,-2.23831248364701
4692,1.12592,-2.50287904856771
4693,1.12616,-3.24373777602003
4694,1.1264,-2.07228811660193
4695,1.12664,-2.85744302111342
4696,1.12688,-3.14460840364464
4697,1.12712,-2.14140081550983
4698,1.12736,-3.20100531679958
4699,1.1276,-2.92759883721748
4700,1.12784,-2.46030941537175
4701,1.12808,-3.54978079954257
4702,1.12832,-3.07914618982038
4703,1.12856,-2.05619161743346
4704,1.1288,-3.20312931188302
4705,1.12904,-3.14027984323887
4706,1.12928,-2.28174058279026
4707,1.12952,-3.61079363525298
4708,1.12976,-3.23643417365487
4709,1.13,-2.90409419071558
4710,1.13024,-2.73121063144917
4711,1.13048,-3.26247047224158
4712,1.13072,-2.86064021560296
4713,1.13096,-2.38977264520192
4714,1.1312,-2.90085001205828
4715,1.13144,-3.40836767611447
4716,1.13168,-3.19829342455529
4717,1.13192,-2.56674448551288
4718,1.13216,-3.15338115614972
4719,1.1324,-3.85427471016365
4720,1.13264,-2.19070119623673
4721,1.13288,-2.85931593438719
4722,1.13312,-3.52014224374369
4723,1.13336,-2.1698412386811
4724,1.1336,-2.90368515231001
4725,1.13384,-3.63117119892678
4726,1.13408,-2.3485320553473
4727,1.13432,-3.03371773322392
4728,1.13456,-3.22652795690201
4729,1.1348,-2.15170987755509
4730,1.13504,-3.26073095973669
4731,1.13528,-2.92246184598855
4732,1.13552,-2.17219430330637
4733,1.13576,-3.34968193279292
4734,1.136,-2.48975571033873
4735,1.13624,-2.53702291863895
4736,1.13648,-3.05045200474492
4737,1.13672,-1.80890404450937
4738,1.13696,-2.88791548465826
4739,1.1372,-2.50942411270998
4740,1.13744,-1.84139872865163
4741,1.13768,-3.21840341421456
4742,1.13792,-1.96558588481707
4743,1.13816,-1.97668216001181
4744,1.1384,-2.93685897838287
4745,1.13864,-1.7672697268767
4746,1.13888,-2.20699020999877
4747,1.13912,-2.62919144449029
4748,1.13936,-1.77739468645681
4749,1.1396,-1.93656165181422
4750,1.13984,-2.43948929841775
4751,1.14008,-1.65816784814706
4752,1.14032,-1.76735838119327
4753,1.14056,-2.34117770960377
4754,1.1408,-1.50801057029678
4755,1.14104,-1.68748199609917
4756,1.14128,-1.74555228336002
4757,1.14152,-2.2897861689899
4758,1.14176,-0.605885610095601
4759,1.142,-1.47615960531625
4760,1.14224,-1.62001281839208
4761,1.14248,-0.354711156762703
4762,1.14272,-1.53249981559275
4763,1.14296,-1.25734291890689
4764,1.1432,-0.318617708729859
4765,1.14344,-1.31147671495228
4766,1.14368,-1.33803293436581
4767,1.14392,-0.33107852124518
4768,1.14416,-0.78304762801878
4769,1.1444,-0.98816559537916
4770,1.14464,-0.0356586134051466
4771,1.14488,-0.421186551852082
4772,1.14512,-0.802409693969797
4773,1.14536,-0.0222779748043087
4774,1.1456,-0.691228119043468
4775,1.14584,-0.286245524326289
4776,1.14608,0.0803959846766505
4777,1.14632,-0.507300832569588
4778,1.14656,0.199833716655695
4779,1.1468,0.0518083602550774
4780,1.14704,0.0214278084334031
4781,1.14728,0.197393377735832
4782,1.14752,-0.100533390128702
4783,1.14776,0.663624618484541
4784,1.148,0.0871092447056347
4785,1.14824,0.235767861134236
4786,1.14848,1.1987747233096
4787,1.14872,0.596801011158592
4788,1.14896,0.469863981574347
4789,1.1492,1.16769021474871
4790,1.14944,0.900839547518143
4791,1.14968,0.985391254849964
4792,1.14992,0.817514393462073
4793,1.15016,0.895523395317334
4794,1.1504,1.19711459412077
4795,1.15064,1.01749764598991
4796,1.15088,1.07858218327701
4797,1.15112,1.72682499603995
4798,1.15136,1.28877595110121
4799,1.1516,1.69532287878525
4800,1.15184,1.38196006059079
4801,1.15208,1.42525075476175
4802,1.15232,1.4663749602362
4803,1.15256,1.98898909567029
4804,1.1528,1.54738565339238
4805,1.15304,1.94669002473233
4806,1.15328,2.11493025017581
4807,1.15352,1.55460960390907
4808,1.15376,1.72767352980616
4809,1.154,2.14411393667234
4810,1.15424,2.1933151001784
4811,1.15448,2.37756755532972
4812,1.15472,2.08805917472001
4813,1.15496,2.27162450005967
4814,1.1552,2.47659813628379
4815,1.15544,2.4446212192423
4816,1.15568,2.28811261425233
4817,1.15592,2.63700552288474
4818,1.15616,2.62361875737147
4819,1.1564,2.25746039498498
4820,1.15664,2.99470811750908
4821,1.15688,2.52017666994647
4822,1.15712,2.31778618994136
4823,1.15736,3.32724091696735
4824,1.1576,2.64189929441776
4825,1.15784,2.71623098873255
4826,1.15808,3.39690324407922
4827,1.15832,2.40488623941156
4828,1.15856,3.13189046221704
4829,1.1588,3.36222160121824
4830,1.15904,2.30046535465466
4831,1.15928,3.30796976225187
4832,1.15952,3.58038070434839
4833,1.15976,2.44061337569995
4834,1.16,2.788793268976
4835,1.16024,3.11744540153704
4836,1.16048,2.51684979355013
4837,1.16072,3.7393313541735
4838,1.16096,3.15254758309676
4839,1.1612,2.25782170472471
4840,1.16144,3.90455207805336
4841,1.16168,2.90487071328728
4842,1.16192,2.68418419334886
4843,1.16216,3.30759964510871
4844,1.1624,3.56844316567102
4845,1.16264,2.43397791422726
4846,1.16288,3.13227915409543
4847,1.16312,3.58305989730063
4848,1.16336,2.39107479971575
4849,1.1636,3.27511306491226
4850,1.16384,3.5476306897659
4851,1.16408,2.18884194575485
4852,1.16432,3.02727292814841
4853,1.16456,3.73751499062239
4854,1.1648,2.43832244877299
4855,1.16504,2.87061199882151
4856,1.16528,3.53301064144464
4857,1.16552,1.95303373505945
4858,1.16576,2.93966810639375
4859,1.166,3.19192806472241
4860,1.16624,2.17906653469544
4861,1.16648,3.3441426601876
4862,1.16672,2.47234942563534
4863,1.16696,2.5082771638495
4864,1.1672,3.24965349680498
4865,1.16744,1.98740146907621
4866,1.16768,2.81523273759018
4867,1.16792,2.6631690398223
4868,1.16816,1.73685922193054
4869,1.1684,3.10691035326734
4870,1.16864,2.07803572978873
4871,1.16888,2.19749544359852
4872,1.16912,3.01618720679877
4873,1.16936,1.9482891641557
4874,1.1696,2.02402703739285
4875,1.16984,2.68320952531413
4876,1.17008,1.81767561582261
4877,1.17032,2.08359382325869
4878,1.17056,2.33236804021765
4879,1.1708,1.42670058247198
4880,1.17104,2.00241017056162
4881,1.17128,1.84587509581101
4882,1.17152,1.14164430334388
4883,1.17176,2.37347737183806
4884,1.172,0.853581130928946
4885,1.17224,1.31341584043765
4886,1.17248,1.77207881687476
4887,1.17272,1.87302080038798
4888,1.17296,0.703167494578459
4889,1.1732,1.47731458837748
4890,1.17344,0.932966218042019
4891,1.17368,0.570410199736305
4892,1.17392,1.28402365574052
4893,1.17416,0.684167506719762
4894,1.1744,0.857796642514011
4895,1.17464,1.02956529297592
4896,1.17488,0.60603250355379
4897,1.17512,0.111321570942884
4898,1.17536,1.06480090643666
4899,1.1756,0.692780970685447
4900,1.17584,0.0111267693127085
4901,1.17608,0.775353034161266
4902,1.17632,0.463166648837536
4903,1.17656,0.0700942220057696
4904,1.1768,0.633245162729424
4905,1.17704,-0.0966279834971314
4906,1.17728,0.0303879054214743
4907,1.17752,0.158248379652371
4908,1.17776,-0.279685504252302
4909,1.178,0.00149130689547738
4910,1.17824,-0.304064624785293
4911,1.17848,-0.342800767355009
4912,1.17872,-0.270395423826064
4913,1.17896,-0.774768810038566
4914,1.1792,-0.657824073665255
4915,1.17944,-0.544910979730627
4916,1.17968,-0.42243167852156
4917,1.17992,-1.3620971718521
4918,1.18016,-0.863838466042592
4919,1.1804,-0.711250532813624
4920,1.18064,-0.90789047376116
4921,1.18088,-0.869798224988685
4922,1.18112,-1.29733900901946
4923,1.18136,-1.23402237862869
4924,1.1816,-1.1763725251373
4925,1.18184,-1.47098456411465
4926,1.18208,-1.15584854119365
4927,1.18232,-1.44016807055392
4928,1.18256,-1.7259696771734
4929,1.1828,-1.16829216240228
4930,1.18304,-1.81275291549254
4931,1.18328,-1.49500291604865
4932,1.18352,-2.13551658354005
4933,1.18376,-1.69674378744855
4934,1.184,-2.22397741192354
4935,1.18424,-1.90891442093287
4936,1.18448,-1.95177157598885
4937,1.18472,-1.88358872888581
4938,1.18496,-2.18147009485636
4939,1.1852,-2.23218939239955
4940,1.18544,-1.93443070615898
4941,1.18568,-2.25180114902424
4942,1.18592,-2.44004115021812
4943,1.18616,-2.16811922172925
4944,1.1864,-2.74051919978626
4945,1.18664,-2.34896091377495
4946,1.18688,-2.22411529996091
4947,1.18712,-2.68981549337759
4948,1.18736,-2.57326832756169
4949,1.1876,-2.59332051611275
4950,1.18784,-2.48802876979783
4951,1.18808,-2.77802271845891
4952,1.18832,-3.30010731268043
4953,1.18856,-2.27551946945648
4954,1.1888,-3.0839284296243
4955,1.18904,-3.27389163348877
4956,1.18928,-2.17552782780599
4957,1.18952,-3.14682175302511
4958,1.18976,-3.13996904678121
4959,1.19,-2.09622856551583
4960,1.19024,-3.23066879039113
4961,1.19048,-3.14879926711113
4962,1.19072,-2.86175680810436
4963,1.19096,-3.33155917577467
4964,1.1912,-3.18346788031298
4965,1.19144,-2.5889029765144
4966,1.19168,-2.88393288492871
4967,1.19192,-3.27408764533175
4968,1.19216,-3.09078020530784
4969,1.1924,-2.35566973712749
4970,1.19264,-3.19339105876973
4971,1.19288,-3.66657880249846
4972,1.19312,-2.48873258795744
4973,1.19336,-2.92000646537029
4974,1.1936,-3.58361859180133
4975,1.19384,-2.57880078209511
4976,1.19408,-2.83763279266139
4977,1.19432,-3.45550401009536
4978,1.19456,-2.6374347623928
4979,1.1948,-2.72729363323598
4980,1.19504,-3.53701730244811
4981,1.19528,-2.32651763633484
4982,1.19552,-2.84652374815976
4983,1.19576,-3.59636278826092
4984,1.196,-2.32876390778371
4985,1.19624,-2.68853199098734
4986,1.19648,-3.50997600656968
4987,1.19672,-2.08405918393133
4988,1.19696,-2.98718237519794
4989,1.1972,-2.91235213413651
4990,1.19744,-2.06060301664335
4991,1.19768,-3.26680141027415
4992,1.19792,-2.3112358037643
4993,1.19816,-2.5039071366858
4994,1.1984,-3.04093813560644
4995,1.19864,-1.70131043833468
4996,1.19888,-2.9224941928694
4997,1.19912,-2.45383367292831
4998,1.19936,-2.16536986065388
4999,1.1996,-2.83371834601941
5000,1.19984,-1.8570460681492
5001,1.20008,-2.37165695896516
5002,1.20032,-2.38674989271919
5003,1.20056,-1.50009820061336
5004,1.2008,-2.79448814133736
5005,1.20104,-1.9249846784341
5006,1.20128,-1.60634277742376
5007,1.20152,-2.4732321588484
5008,1.20176,-1.69151243184041
5009,1.202,-1.56021652660848
5010,1.20224,-2.38407158759065
5011,1.20248,-1.54789181606612
5012,1.20272,-0.649520305296103
5013,1.20296,-1.4638492887857
5014,1.2032,-1.5541004172096
5015,1.20344,-2.36859224650609
5016,1.20368,-0.457411947921314
5017,1.20392,-1.47293534559764
5018,1.20416,-1.52181091088122
5019,1.2044,-0.745275879920599
5020,1.20464,-0.624102609638665
5021,1.20488,-1.58416752852558
5022,1.20512,-0.982797933176493
5023,1.20536,-0.797514203610408
5024,1.2056,-1.08820659097894
5025,1.20584,0.0376322695444999
5026,1.20608,-1.03517052651502
5027,1.20632,-0.896050159847725
5028,1.20656,-0.0831598624802585
5029,1.2068,-0.479813474514116
5030,1.20704,-0.640722267462708
5031,1.20728,-0.119148675866251
5032,1.20752,-0.435426177841016
5033,1.20776,-0.173541486542757
5034,1.208,-0.0550313946626193
5035,1.20824,0.0638448725698377
5036,1.20848,0.146633525832751
5037,1.20872,-0.12638328182312
5038,1.20896,0.546224756210187
5039,1.2092,-0.0085812950854674
5040,1.20944,0.164594368253664
5041,1.20968,0.909825269137209
5042,1.20992,-0.0322328679589244
5043,1.21016,0.345796485511915
5044,1.2104,1.05977829056628
5045,1.21064,0.818733597190106
5046,1.21088,0.555943094359934
5047,1.21112,0.883720306923769
5048,1.21136,0.975516015378115
5049,1.2116,1.05236345311595
5050,1.21184,0.878846471759164
5051,1.21208,0.950201980494555
5052,1.21232,1.36977700119857
5053,1.21256,1.30685155665899
5054,1.2128,1.59504124907911
5055,1.21304,1.27976467207707
5056,1.21328,1.6869419087127
5057,1.21352,1.37414246586144
5058,1.21376,1.41666483542424
5059,1.214,1.45832553351357
5060,1.21424,2.1004804255957
5061,1.21448,1.541394580172
5062,1.21472,1.94113890537455
5063,1.21496,2.10976799736589
5064,1.2152,1.67000177395563
5065,1.21544,1.83947799069963
5066,1.21568,2.13643660803472
5067,1.21592,2.18597992072201
5068,1.21616,2.24587778176736
5069,1.2164,1.95858137822247
5070,1.21664,2.3860115431873
5071,1.21688,2.46655676692374
5072,1.21712,2.43489018082173
5073,1.21736,2.28169090092799
5074,1.2176,2.63068604558461
5075,1.21784,2.617372137299
5076,1.21808,2.25125877393735
5077,1.21832,2.62945592830751
5078,1.21856,2.3979743117195
5079,1.2188,2.31559520836667
5080,1.21904,3.32480353797753
5081,1.21928,2.28721892658224
5082,1.21952,2.72813567841001
5083,1.21976,3.28032830753669
5084,1.22,2.40931761359427
5085,1.22024,3.00601532888029
5086,1.22048,3.46962600615066
5087,1.22072,2.40218606189369
5088,1.22096,3.05617145526011
5089,1.2212,3.5703067904758
5090,1.22144,2.42863034750935
5091,1.22168,3.014966323203
5092,1.22192,3.81671525719952
5093,1.22216,2.71978317614077
5094,1.2224,2.87209111879866
5095,1.22264,3.86008188685511
5096,1.22288,2.58250554206649
5097,1.22312,2.68053821375226
5098,1.22336,3.0040772167502
5099,1.2236,2.65792698579418
5100,1.22384,3.40033813167171
5101,1.22408,2.70178329793359
5102,1.22432,2.66661288667113
5103,1.22456,3.46985574355137
5104,1.2248,3.54845722801346
5105,1.22504,2.481175563066
5106,1.22528,3.23928466798617
5107,1.22552,3.15153465281788
5108,1.22576,2.28557915929751
5109,1.226,3.24322062796139
5110,1.22624,3.10350580620791
5111,1.22648,2.6651542426501
5112,1.22672,3.4336509043462
5113,1.22696,2.30113616026961
5114,1.2272,2.90321456909336
5115,1.22744,3.37014856545309
5116,1.22768,2.20353893098479
5117,1.22792,2.76262064753085
5118,1.22816,3.30582667156578
5119,1.2284,1.9695345529593
5120,1.22864,2.95887610497673
5121,1.22888,2.72999825502341
5122,1.22912,1.96913488396016
5123,1.22936,3.25844184019574
5124,1.2296,2.27189323572301
5125,1.22984,2.3107327006348
5126,1.23008,2.93897991189348
5127,1.23032,1.69014329229092
5128,1.23056,2.87489714192326
5129,1.2308,2.25196076874003
5130,1.23104,1.69979826698566
5131,1.23128,3.18245032174271
5132,1.23152,2.1511761968404
5133,1.23176,1.18413673541264
5134,1.232,2.63338218261238
5135,1.23224,1.81011475594938
5136,1.23248,1.99843776551823
5137,1.23272,2.41132162801158
5138,1.23296,1.54740941461867
5139,1.2332,1.92928846536933
5140,1.23344,1.81900955826128
5141,1.23368,0.677044726265818
5142,1.23392,1.84606187473786
5143,1.23416,1.80845295778493
5144,1.2344,0.953906709873062
5145,1.23464,0.997255679917942
5146,1.23488,1.88289315174754
5147,1.23512,1.32748419985006
5148,1.23536,0.838076520693232
5149,1.2356,0.951098815034247
5150,1.23584,1.90706721216478
5151,1.23608,0.379421760586918
5152,1.23632,1.2745757130351
5153,1.23656,0.964012931013415
5154,1.2368,0.22526638203796
5155,1.23704,1.17812020414147
5156,1.23728,0.687786386398936
5157,1.23752,0.24384476786639
5158,1.23776,1.23905929371072
5159,1.238,0.0936031906336176
5160,1.23824,-0.0575792190333908
5161,1.23848,0.744780364457602
5162,1.23872,-0.350071074526457
5163,1.23896,-0.100319937551988
5164,1.2392,0.389006203794583
5165,1.23944,-0.291779399574736
5166,1.23968,-0.133065582777764
5167,1.23992,-0.192033946380378
5168,1.24016,-0.237360542358999
5169,1.2404,-0.527316790660176
5170,1.24064,-0.545646185364379
5171,1.24088,-0.322925732209114
5172,1.24112,-0.812439114159323
5173,1.24136,-0.673335391882263
5174,1.2416,-0.182994977348651
5175,1.24184,-0.646532150210755
5176,1.24208,-1.3300535468186
5177,1.24232,-0.936102785937301
5178,1.24256,-1.37398776407911
5179,1.2428,-0.953504108460605
5180,1.24304,-1.02383806352308
5181,1.24328,-1.32476242578994
5182,1.24352,-1.37182163693455
5183,1.24376,-1.06125838290055
5184,1.244,-1.11730523030913
5185,1.24424,-1.76563207253091
5186,1.24448,-1.44535416347211
5187,1.24472,-1.8478077845522
5188,1.24496,-1.76479167705842
5189,1.2452,-2.16504101652195
5190,1.24544,-1.72675027772683
5191,1.24568,-1.64680769033769
5192,1.24592,-2.05503920256649
5193,1.24616,-1.86100021202261
5194,1.2464,-1.78605643382259
5195,1.24664,-2.44634774214427
5196,1.24688,-2.14214757445593
5197,1.24712,-1.83816214154443
5198,1.24736,-2.15481278253699
5199,1.2476,-2.82995346899659
5200,1.24784,-2.30210078705341
5201,1.24808,-2.27989313580233
5202,1.24832,-2.97753701159517
5203,1.24856,-2.35027601299628
5204,1.2488,-2.35524656186999
5205,1.24904,-3.07738416691691
5206,1.24928,-1.88702259207501
5207,1.24952,-2.76628503970519
5208,1.24976,-3.02922936357279
5209,1.25,-1.99970426272137
5210,1.25024,-3.03101394000809
5211,1.25048,-2.96703686127932
5212,1.25072,-2.3453176561612
5213,1.25096,-3.403373475435
5214,1.2512,-2.66350093843682
5215,1.25144,-2.4532313940724
5216,1.25168,-3.31648716869057
5217,1.25192,-2.9842340438984
5218,1.25216,-2.46029445235634
5219,1.2524,-3.12805368902912
5220,1.25264,-2.85532041976208
5221,1.25288,-3.5761062788489
5222,1.25312,-3.08250155201468
5223,1.25336,-2.86751739951626
5224,1.2536,-3.65067418777716
5225,1.25384,-3.45099068957241
5226,1.25408,-2.46019540869335
5227,1.25432,-2.82822814694036
5228,1.25456,-3.2017701806973
5229,1.2548,-3.81044548386561
5230,1.25504,-2.51820399845959
5231,1.25528,-2.73523888241018
5232,1.25552,-3.42939076030302
5233,1.25576,-3.15746839111604
5234,1.256,-2.59221643402651
5235,1.25624,-3.23895515774054
5236,1.25648,-3.64212166682074
5237,1.25672,-2.4105408918661
5238,1.25696,-3.24999830453938
5239,1.2572,-3.12138226805352
5240,1.25744,-2.33370525122033
5241,1.25768,-3.24865238197875
5242,1.25792,-2.95097921435059
5243,1.25816,-2.36093880534294
5244,1.2584,-3.34318714522647
5245,1.25864,-2.64380145722825
5246,1.25888,-2.61035447471663
5247,1.25912,-3.4106529642853
5248,1.25936,-2.08187667370831
5249,1.2596,-2.84372550945635
5250,1.25984,-2.86682479647662
5251,1.26008,-1.87119556552014
5252,1.26032,-3.17558706462191
5253,1.26056,-2.08365129441735
5254,1.2608,-2.2576766427665
5255,1.26104,-2.89721394802456
5256,1.26128,-1.77525661358573
5257,1.26152,-2.50247705154568
5258,1.26176,-2.61115129357557
5259,1.262,-1.57297776556848
5260,1.26224,-2.25975697115536
5261,1.26248,-2.08766226656442
5262,1.26272,-1.25381747887293
5263,1.26296,-2.47506849092427
5264,1.2632,-1.89464140496092
5265,1.26344,-1.260980890798
5266,1.26368,-2.54492178450895
5267,1.26392,-1.68498925003844
5268,1.26416,-1.47801265264883
5269,1.2644,-2.34446647673805
5270,1.26464,-0.493528981429244
5271,1.26488,-1.44872787532189
5272,1.26512,-1.43737506165112
5273,1.26536,-2.27149760628701
5274,1.2656,-0.507364206930831
5275,1.26584,-1.41702921032794
5276,1.26608,-1.48115876117378
5277,1.26632,-0.487830682136057
5278,1.26656,-0.629612323133821
5279,1.2668,-1.36372142170836
5280,1.26704,-0.666070701961333
5281,1.26728,-0.506860181853893
5282,1.26752,-1.18798135666455
5283,1.26776,-0.549604352137758
5284,1.268,-0.206058541992895
5285,1.26824,-0.704808410167861
5286,1.26848,-0.243527830816917
5287,1.26872,0.172030189073211
5288,1.26896,-0.855194494192814
5289,1.2692,-0.0854083303572376
5290,1.26944,0.16089890862925
5291,1.26968,-0.666137621783619
5292,1.26992,0.405436018966631
5293,1.27016,0.135858509619114
5294,1.2704,-0.133281784970728
5295,1.27064,0.527463700627005
5296,1.27088,0.10853111862649
5297,1.27112,0.154533002164906
5298,1.27136,0.661941160042999
5299,1.2716,0.692704421093161
5300,1.27184,0.458176825490537
5301,1.27208,0.574640501110726
5302,1.27232,0.933311810439215
5303,1.27256,0.665998667403369
5304,1.2728,0.287268585175673
5305,1.27304,1.21807057247475
5306,1.27328,0.686529098898906
5307,1.27352,1.00917780750268
5308,1.27376,1.07150451727766
5309,1.274,1.37053064728597
5310,1.27424,1.55225055530998
5311,1.27448,1.1182916573108
5312,1.27472,1.64252896917606
5313,1.27496,1.3265680556244
5314,1.2752,1.73234060110501
5315,1.27544,1.41430588484235
5316,1.27568,1.9342603497186
5317,1.27592,1.37924456602736
5318,1.27616,2.02225004261033
5319,1.2764,1.82129591617625
5320,1.27664,1.86600997123909
5321,1.27688,1.91401914132786
5322,1.27712,1.95654703932602
5323,1.27736,2.13107683289739
5324,1.2776,1.94872703019743
5325,1.27784,1.76327464700431
5326,1.27808,2.4386474233209
5327,1.27832,2.50709665183872
5328,1.27856,1.73963765039882
5329,1.2788,2.43752888781713
5330,1.27904,2.75899455050842
5331,1.27928,2.26155340354674
5332,1.27952,2.37628952650839
5333,1.27976,2.36674009291035
5334,1.28,2.74455011185034
5335,1.28024,2.64203335914948
5336,1.28048,2.30619601346788
5337,1.28072,3.08099932884958
5338,1.28096,2.88241188083768
5339,1.2812,1.99045395125394
5340,1.28144,3.04333237676876
5341,1.28168,3.00061166524844
5342,1.28192,2.28051573119639
5343,1.28216,3.36447163542665
5344,1.2824,3.12401667604572
5345,1.28264,2.44999691857052
5346,1.28288,3.57614630809306
5347,1.28312,2.90318262978086
5348,1.28336,2.40183194670147
5349,1.2836,3.5795943512585
5350,1.28384,2.95758648425469
5351,1.28408,2.74915916083178
5352,1.28432,3.13020374343491
5353,1.28456,2.94499889298805
5354,1.2848,3.75306902457968
5355,1.28504,2.62797248193361
5356,1.28528,2.77026078360545
5357,1.28552,3.27199229749031
5358,1.28576,3.40840022963786
5359,1.286,2.39077004809194
5360,1.28624,2.9721119883546
5361,1.28648,3.7808181354049
5362,1.28672,2.33661361096604
5363,1.28696,3.22128063254566
5364,1.2872,3.13077564322557
5365,1.28744,2.13547486224363
5366,1.28768,2.97791573882013
5367,1.28792,3.69072049212721
5368,1.28816,2.50889546715178
5369,1.2884,2.82255286641258
5370,1.28864,3.6106491399901
5371,1.28888,2.02664008228345
5372,1.28912,3.12492413070138
5373,1.28936,2.89478938800976
5374,1.2896,2.3665575537966
5375,1.28984,3.52101133495164
5376,1.29008,2.40760357421603
5377,1.29032,2.67660058333187
5378,1.29056,3.16936389651081
5379,1.2908,1.90843405766112
5380,1.29104,2.61099577001923
5381,1.29128,3.06076658780724
5382,1.29152,1.87758762818893
5383,1.29176,2.77453579804586
5384,1.292,2.45554359059399
5385,1.29224,1.72124203947801
5386,1.29248,2.79810551079386
5387,1.29272,1.96331305180524
5388,1.29296,1.91643092187754
5389,1.2932,2.69185188530794
5390,1.29344,1.700657255351
5391,1.29368,2.20090333067662
5392,1.29392,2.44802959491356
5393,1.29416,1.53694607391438
5394,1.2944,2.10979813628472
5395,1.29464,1.9487585424579
5396,1.29488,1.24228679458595
5397,1.29512,1.6559522774568
5398,1.29536,1.80891784284104
5399,1.2956,1.18368947767962
5400,1.29584,1.28908087720514
5401,1.29608,2.11691357766112
5402,1.29632,1.51136901016601
5403,1.29656,0.975980402107001
5404,1.2968,1.40744899077323
5405,1.29704,1.83694965115632
5406,1.29728,0.514124247147965
5407,1.29752,0.657789491898787
5408,1.29776,1.64144697033934
5409,1.298,0.726862086618728
5410,1.29824,0.69069743086387
5411,1.29848,0.891096248968754
5412,1.29872,0.510664037622946
5413,1.29896,0.645945219223582
5414,1.2992,0.775207025332494
5415,1.29944,-0.0203824085483325
5416,1.29968,0.521963951247265
5417,1.29992,-0.0171766892219012
5418,1.30016,0.326923252349568
5419,1.3004,0.541582683487478
5420,1.30064,-0.30143539337305
5421,1.30088,0.3219906119395
5422,1.30112,-0.0242485592381442
5423,1.30136,-0.692126823859251
5424,1.3016,0.323728416576299
5425,1.30184,-0.216703515917354
5426,1.30208,-0.60694081831405
5427,1.30232,-0.522691038820954
5428,1.30256,-0.772260612238066
5429,1.3028,-0.0574819306451355
5430,1.30304,-0.662323898417986
5431,1.30328,-1.36007512841383
5432,1.30352,-0.861664483192549
5433,1.30376,-0.710158581083948
5434,1.304,-0.907758721611281
5435,1.30424,-0.870509781725769
5436,1.30448,-1.29878347225476
5437,1.30472,-1.23609391264272
5438,1.30496,-1.06340990671339
5439,1.3052,-1.47893575747018
5440,1.30544,-1.16388579083941
5441,1.30568,-1.68703215472295
5442,1.30592,-1.37369751769528
5443,1.30616,-2.01838447757651
5444,1.3064,-1.57910133196409
5445,1.30664,-1.86191304233383
5446,1.30688,-1.78539819939763
5447,1.30712,-1.70430238295678
5448,1.30736,-1.98855042817408
5449,1.3076,-2.034442789379
5450,1.30784,-1.83687316563962
5451,1.30808,-1.76505300168034
5452,1.30832,-2.42278511661477
5453,1.30856,-2.35165250687409
5454,1.3088,-2.0592371666027
5455,1.30904,-2.37384384474698
5456,1.30928,-2.32017924593563
5457,1.30952,-2.52630061742365
5458,1.30976,-2.25945340013669
5459,1.31,-2.34537396885031
5460,1.31024,-2.57674042808909
5461,1.31048,-3.05111085102213
5462,1.31072,-2.4421966615704
5463,1.31096,-2.46565547295762
5464,1.3112,-3.20639023825781
5465,1.31144,-2.0317215533033
5466,1.31168,-2.81318712416195
5467,1.31192,-2.97830598388349
5468,1.31216,-2.21936123180048
5469,1.3124,-3.26597861931325
5470,1.31264,-3.10712986497511
5471,1.31288,-2.03128316896826
5472,1.31312,-3.12846877087321
5473,1.31336,-2.89525434638792
5474,1.3136,-2.70260619798933
5475,1.31384,-3.72918895702064
5476,1.31408,-2.5873867589215
5477,1.31432,-3.0548284564655
5478,1.31456,-3.86539915364748
5479,1.3148,-2.65633117686851
5480,1.31504,-2.57523757581536
5481,1.31528,-3.82805356655572
5482,1.31552,-3.14771621823556
5483,1.31576,-2.51858360434478
5484,1.316,-2.76400268798619
5485,1.31624,-3.25467808735
5486,1.31648,-3.02152516275283
5487,1.31672,-2.49072294486508
5488,1.31696,-3.28901153113702
5489,1.3172,-3.60282915291873
5490,1.31744,-2.39563716312791
5491,1.31768,-3.14643507688705
5492,1.31792,-3.88591824322276
5493,1.31816,-2.13797952087098
5494,1.3184,-2.84941333371412
5495,1.31864,-3.66722425096658
5496,1.31888,-2.57762249028757
5497,1.31912,-2.75599763444719
5498,1.31936,-3.65080227599135
5499,1.3196,-2.05075961985311
5500,1.31984,-3.01642474307761
5501,1.32008,-3.12909298981008
5502,1.32032,-2.09963931748144
5503,1.32056,-3.13532078548787
5504,1.3208,-2.60595189403146
5505,1.32104,-2.3827418379086
5506,1.32128,-3.47638683270138
5507,1.32152,-2.07311371038227
5508,1.32176,-2.64734168005401
5509,1.322,-2.84462587449189
5510,1.32224,-1.65644876220854
5511,1.32248,-2.53954906695008
5512,1.32272,-2.68969553446696
5513,1.32296,-1.57596837730591
5514,1.3232,-3.00496737714686
5515,1.32344,-2.15281220714104
5516,1.32368,-1.48689820227364
5517,1.32392,-2.74717986574241
5518,1.32416,-2.20430178443543
5519,1.3244,-1.24421753327849
5520,1.32464,-2.81788083330307
5521,1.32488,-2.10741668142254
5522,1.32512,-1.2191471217005
5523,1.32536,-2.27619354755744
5524,1.3256,-1.88569764518263
5525,1.32584,-1.18935390537969
5526,1.32608,-1.84913042244981
5527,1.32632,-1.88873295058266
5528,1.32656,-1.27185753203034
5529,1.3268,-1.26653747230437
5530,1.32704,-2.22542110880028
5531,1.32728,-0.822044770483742
5532,1.32752,-1.24461369335492
5533,1.32776,-1.78486356629352
5534,1.328,-0.199047145939398
5535,1.32824,-1.17504077710036
5536,1.32848,-1.30063981471847
5537,1.32872,-0.484470231473253
5538,1.32896,-0.798485854602798
5539,1.3292,-1.46571384274316
5540,1.32944,-0.242944583373904
5541,1.32968,-0.488494216608004
5542,1.32992,-1.2117768536004
5543,1.33016,-0.168467647118383
5544,1.3304,-0.340459653133363
5545,1.33064,-0.755341804183783
5546,1.33088,-0.00912650242295543
5547,1.33112,-0.223389042754075
5548,1.33136,-0.331190536387783
5549,1.3316,0.0120949231086411
5550,1.33184,0.11973132623991
5551,1.33208,0.195194840869743
5552,1.33232,0.378197122063641
5553,1.33256,0.324998890722772
5554,1.3328,0.365448812721191
5555,1.33304,0.278130669906282
5556,1.33328,0.906209706694991
5557,1.33352,0.188953154911733
5558,1.33376,0.319760498980705
5559,1.334,0.789534052892347
5560,1.33424,0.769829844230007
5561,1.33448,1.11076243096501
5562,1.33472,0.71068989281913
5563,1.33496,0.905630469485349
5564,1.3352,0.986321544437192
5565,1.33544,1.41267798555252
5566,1.33568,1.10698648025107
5567,1.33592,1.05033453036255
5568,1.33616,1.58444600903647
5569,1.3364,1.02572066183632
5570,1.33664,1.55255824821897
5571,1.33688,1.59430940934112
5572,1.33712,1.63833560658406
5573,1.33736,1.44059302653119
5574,1.3376,1.72292273631531
5575,1.33784,2.00530985428807
5576,1.33808,1.56625897833264
5577,1.33832,1.60974049588838
5578,1.33856,2.14062059896369
5579,1.3388,2.06197059427542
5580,1.33904,1.99275590245525
5581,1.33928,2.17387592640591
5582,1.33952,2.2260523277703
5583,1.33976,2.29711537751768
5584,1.34,2.25013347209481
5585,1.34024,2.31931720602086
5586,1.34048,2.04573369764478
5587,1.34072,2.62674033646055
5588,1.34096,2.71509880917898
5589,1.3412,1.9907041170358
5590,1.34144,2.9547889267625
5591,1.34168,2.59030206111306
5592,1.34192,2.3811874941644
5593,1.34216,2.88421958849674
5594,1.3424,2.44330962028532
5595,1.34264,2.74730413333831
5596,1.34288,2.67931788737839
5597,1.34312,2.64593688739757
5598,1.34336,3.45752194287817
5599,1.3436,2.35481192211874
5600,1.34384,2.975500287862
5601,1.34408,3.57720023225884
5602,1.34432,2.39986189331253
5603,1.34456,2.58975353354698
5604,1.3448,3.48756960450892
5605,1.34504,3.18925470257336
5606,1.34528,2.46214257228275
5607,1.34552,3.65750944563202
5608,1.34576,3.2905409981861
5609,1.346,2.25173029281831
5610,1.34624,3.39275297350351
5611,1.34648,3.44085719275315
5612,1.34672,2.69208509219205
5613,1.34696,2.47421738953989
5614,1.3472,2.98312585701344
5615,1.34744,3.49438483850926
5616,1.34768,2.69052765785772
5617,1.34792,2.67370698101031
5618,1.34816,3.2586114472277
5619,1.3484,3.36371111572448
5620,1.34864,2.55775662610114
5621,1.34888,3.21765043423654
5622,1.34912,3.26822459069521
5623,1.34936,2.16886005374977
5624,1.3496,2.91488209207197
5625,1.34984,3.64811852617683
5626,1.35008,2.6021234458797
5627,1.35032,2.81491439036463
5628,1.35056,3.50016756089192
5629,1.3508,2.05746678739699
5630,1.35104,2.82598039872597
5631,1.35128,3.33769769764421
5632,1.35152,1.85232939412817
5633,1.35176,2.93597765195812
5634,1.352,2.91632999504758
5635,1.35224,1.87905723111441
5636,1.35248,3.14686239193735
5637,1.35272,2.48378248169244
5638,1.35296,2.12969266855224
5639,1.3532,3.22400773008672
5640,1.35344,2.28138774630702
5641,1.35368,2.12508139800904
5642,1.35392,2.92290910564534
5643,1.35416,1.83386741680212
5644,1.3544,2.23837860233009
5645,1.35464,2.86096613741741
5646,1.35488,1.96062728011702
5647,1.35512,1.71902824312381
5648,1.35536,2.67026233411632
5649,1.3556,1.72429254018908
5650,1.35584,2.14778252925191
5651,1.35608,2.31676088707252
5652,1.35632,1.56955181195163
5653,1.35656,1.94583972303302
5654,1.3568,2.0659686515166
5655,1.35704,0.792778342412216
5656,1.35728,1.25070766351555
5657,1.35752,1.70759494707895
5658,1.35776,2.16510109673953
5659,1.358,0.616843500366237
5660,1.35824,1.51590612255762
5661,1.35848,1.68939249518081
5662,1.35872,0.915186058284249
5663,1.35896,0.683699477467025
5664,1.3592,1.53205338801051
5665,1.35944,1.05772900684982
5666,1.35968,0.518860387521995
5667,1.35992,1.18361031928198
5668,1.36016,0.898811470435877
5669,1.3604,0.657245852117071
5670,1.36064,0.772440782010472
5671,1.36088,-0.0560271552172944
5672,1.36112,0.600271659190605
5673,1.36136,1.00779427861013
5674,1.3616,-0.00692153338427981
5675,1.36184,-0.023447330961829
5676,1.36208,0.671602943064584
5677,1.36232,-0.406948993982822
5678,1.36256,-0.0290240407256508
5679,1.3628,0.113045473763701
5680,1.36304,-0.434468476045367
5681,1.36328,-0.0249625295446794
5682,1.36352,-0.315534024419938
5683,1.36376,-0.469073921991786
5684,1.364,-0.505702678743094
5685,1.36424,-0.75500289357735
5686,1.36448,-0.759668647009688
5687,1.36472,-0.522362981658356
5688,1.36496,-0.864651824238591
5689,1.3652,-0.84694557587945
5690,1.36544,-0.819689140314149
5691,1.36568,-1.25675558516958
5692,1.36592,-0.974698936267668
5693,1.36616,-0.925313999065477
5694,1.3664,-1.22483329670984
5695,1.36664,-1.16807648649897
5696,1.36688,-1.46144693960825
5697,1.36712,-1.1467398661703
5698,1.36736,-1.55745000327264
5699,1.3676,-1.48248518803946
5700,1.36784,-1.64563012469715
5701,1.36808,-1.80915093520485
5702,1.36832,-1.49069349718861
5703,1.36856,-1.52975661450391
5704,1.3688,-1.81235970103218
5705,1.36904,-2.09580423392095
5706,1.36928,-1.77425401200726
5707,1.36952,-1.82365407949923
5708,1.36976,-2.47610227536668
5709,1.37,-1.80174845290543
5710,1.37024,-1.73944486958267
5711,1.37048,-2.17028638607139
5712,1.37072,-2.47064539619454
5713,1.37096,-1.94238073264297
5714,1.3712,-2.51243769026001
5715,1.37144,-2.23390045084935
5716,1.37168,-1.84799116196853
5717,1.37192,-2.80471876360663
5718,1.37216,-2.90691859893131
5719,1.3724,-1.94743536824428
5720,1.37264,-2.93005952244099
5721,1.37288,-2.70072707661546
5722,1.37312,-2.38685398605496
5723,1.37336,-3.02819546257466
5724,1.3736,-2.60042446542771
5725,1.37384,-2.68471245134437
5726,1.37408,-2.75783257479251
5727,1.37432,-2.74552232339326
5728,1.37456,-3.45459150518976
5729,1.3748,-2.37470675789269
5730,1.37504,-3.13624564315272
5731,1.37528,-3.27778509721601
5732,1.37552,-2.25699712627051
5733,1.37576,-3.41766795766765
5734,1.376,-3.00551211106595
5735,1.37624,-2.6414506235752
5736,1.37648,-3.37889011417966
5737,1.37672,-3.14203790062994
5738,1.37696,-2.58290295270642
5739,1.3772,-2.79079380745187
5740,1.37744,-3.09683675545725
5741,1.37768,-2.36003743782125
5742,1.37792,-2.98306594534474
5743,1.37816,-3.60172102348034
5744,1.3784,-2.9003811305423
5745,1.37864,-2.51106999189238
5746,1.37888,-3.09493575668428
5747,1.37912,-3.6696904967943
5748,1.37936,-2.35979418962119
5749,1.3796,-3.13800692607713
5750,1.37984,-3.17880553468479
5751,1.38008,-2.31631335438601
5752,1.38032,-3.16102741805311
5753,1.38056,-3.27004959232907
5754,1.3808,-2.35652607043239
5755,1.38104,-3.26139023743849
5756,1.38128,-2.96327648541335
5757,1.38152,-2.25092863946594
5758,1.38176,-3.3481259479257
5759,1.382,-2.64397613209984
5760,1.38224,-2.60918213890633
5761,1.38248,-3.40278615290722
5762,1.38272,-1.94872417477934
5763,1.38296,-2.70947020586642
5764,1.3832,-2.97322035173728
5765,1.38344,-1.84822279912544
5766,1.38368,-3.03086016525662
5767,1.38392,-2.41097283197766
5768,1.38416,-2.33276311503572
5769,1.3844,-2.96494885972396
5770,1.38464,-1.95421754587866
5771,1.38488,-2.43639533064149
5772,1.38512,-2.42062574465113
5773,1.38536,-1.50123853583944
5774,1.3856,-2.41182498729216
5775,1.38584,-2.34972538885785
5776,1.38608,-1.50105704676432
5777,1.38632,-2.24305801091138
5778,1.38656,-2.01700217369925
5779,1.3868,-1.24784020567674
5780,1.38704,-2.41732285343739
5781,1.38728,-1.67550775005446
5782,1.38752,-0.8643475664611
5783,1.38776,-2.2367150163573
5784,1.388,-0.964127063578084
5785,1.38824,-0.951798797268967
5786,1.38848,-1.78184946524838
5787,1.38872,-1.76739761726176
5788,1.38896,-0.703523090130187
5789,1.3892,-0.778962450845705
5790,1.38944,-1.57099046840446
5791,1.38968,-1.04679609869776
5792,1.38992,-0.578459586820212
5793,1.39016,-1.78711433241959
5794,1.3904,-0.507541607926382
5795,1.39064,-0.5796259437131
5796,1.39088,-1.60289549930158
5797,1.39112,-0.381263360714954
5798,1.39136,-0.50295448745979
5799,1.3916,-1.10121540165798
5800,1.39184,-0.291408328126155
5801,1.39208,-0.112195077635291
5802,1.39232,-1.00619225963477
5803,1.39256,0.114313574445008
5804,1.3928,0.0106978901967769
5805,1.39304,-0.330487170710376
5806,1.39328,0.134306316518522
5807,1.39352,-0.122058751949179
5808,1.39376,0.206350408104976
5809,1.394,0.0297240152234769
5810,1.39424,0.223229425728029
5811,1.39448,0.623297928053031
5812,1.39472,0.293899613287513
5813,1.39496,0.450175107883472
5814,1.3952,1.05637112696956
5815,1.39544,0.453811668430681
5816,1.39568,0.456261347728807
5817,1.39592,1.15665076644705
5818,1.39616,0.892099844641364
5819,1.3964,0.862717715529973
5820,1.39664,0.937371699388329
5821,1.39688,1.0170510009496
5822,1.39712,1.32211446177002
5823,1.39736,1.13871790209388
5824,1.3976,1.32185303626328
5825,1.39784,1.3689739767283
5826,1.39808,1.41505466082387
5827,1.39832,1.70067172242793
5828,1.39856,1.38693947973756
5829,1.3988,2.03139277680242
5830,1.39904,1.59450390903031
5831,1.39928,1.51736213137726
5832,1.39952,2.16060617192226
5833,1.39976,1.83914650728995
5834,1.4,1.64462521708966
5835,1.40024,2.05211439356503
5836,1.40048,1.9729996958172
5837,1.40072,2.38603611525624
5838,1.40096,2.07967709967193
5839,1.4012,1.77323762552628
5840,1.40144,2.08715728841785
5841,1.40168,2.75578783202942
5842,1.40192,2.34426905461112
5843,1.40216,1.95817325295287
5844,1.4024,2.77078869000586
5845,1.40264,2.38247210704892
5846,1.40288,2.38095533109977
5847,1.40312,2.72739363180473
5848,1.40336,2.49546953029369
5849,1.4036,2.75690451042906
5850,1.40384,2.53454285323697
5851,1.40408,2.94295942835797
5852,1.40432,2.62425939024921
5853,1.40456,2.33301780182123
5854,1.4048,3.37940307435793
5855,1.40504,2.73340072777608
5856,1.40528,2.37310033649508
5857,1.40552,3.33612724109396
5858,1.40576,2.97658110511721
5859,1.406,2.54086475654008
5860,1.40624,2.93681013792984
5861,1.40648,2.63823897186521
5862,1.40672,3.21802500950554
5863,1.40696,3.29240307553405
5864,1.4072,2.80397491221971
5865,1.40744,3.55073771947033
5866,1.40768,3.19690414668317
5867,1.40792,2.88080903956578
5868,1.40816,3.68830049702041
5869,1.4084,3.27260093206418
5870,1.40864,2.43220290433131
5871,1.40888,2.94442049011928
5872,1.40912,3.45142425953276
5873,1.40936,3.48259269317159
5874,1.4096,2.36566960861481
5875,1.40984,2.96534332439754
5876,1.41008,3.67541639426335
5877,1.41032,2.36928250715085
5878,1.41056,3.15437370737341
5879,1.4108,3.56426994569172
5880,1.41104,2.21743937668422
5881,1.41128,2.7240852774082
5882,1.41152,3.46105681515817
5883,1.41176,2.53354846881574
5884,1.412,2.62876278497852
5885,1.41224,3.5567603368733
5886,1.41248,2.34297224852383
5887,1.41272,2.63124572538523
5888,1.41296,3.5062411886222
5889,1.4132,2.13085045514683
5890,1.41344,2.85302440849135
5891,1.41368,2.83487929734057
5892,1.41392,2.03821944751018
5893,1.41416,3.29620798712644
5894,1.4144,2.1591925140728
5895,1.41464,2.64229682865736
5896,1.41488,2.87220791456563
5897,1.41512,1.71318020490639
5898,1.41536,2.86790423733145
5899,1.4156,2.2171917815285
5900,1.41584,1.99255914675702
5901,1.41608,2.9558784278568
5902,1.41632,1.90561404068047
5903,1.41656,1.52225640481852
5904,1.4168,2.69202800935474
5905,1.41704,2.18205428905649
5906,1.41728,1.25227574248069
5907,1.41752,2.49474901452625
5908,1.41776,1.48138631100198
5909,1.418,2.19035340103766
5910,1.41824,2.16104188327094
5911,1.41848,1.45893536859421
5912,1.41872,0.687001041190294
5913,1.41896,1.4979849025661
5914,1.4192,1.58596994901455
5915,1.41944,2.16063394185094
5916,1.41968,0.864462974419162
5917,1.41992,1.27299934944295
5918,1.42016,2.16082662179776
5919,1.4204,0.685153150263553
5920,1.42064,1.15582091235407
5921,1.42088,1.38438683482816
5922,1.42112,0.200269016366251
5923,1.42136,0.983090918189592
5924,1.4216,1.15569569973218
5925,1.42184,0.268005090824022
5926,1.42208,0.628124876039903
5927,1.42232,1.098379759953
5928,1.42256,0.0386317629573101
5929,1.4228,0.68192835089229
5930,1.42304,0.482077711596809
5931,1.42328,-0.0369501527461351
5932,1.42352,1.00586901144508
5933,1.42376,-0.0914948487228155
5934,1.424,-0.0837163561048053
5935,1.42424,0.15952989934609
5936,1.42448,-0.28556007047226
5937,1.42472,-0.0105830540408653
5938,1.42496,-0.0740924897097206
5939,1.4252,-0.596430066450435
5940,1.42544,-0.285412027200275
5941,1.42568,-0.552738353231651
5942,1.42592,-0.685030212966628
5943,1.42616,-0.701899748516223
5944,1.4264,-0.690600751878066
5945,1.42664,-0.562647486749192
5946,1.42688,-1.02615179538434
5947,1.42712,-1.108105859925
5948,1.42736,-0.958833774379018
5949,1.4276,-1.15591832490338
5950,1.42784,-0.856176323574693
5951,1.42808,-1.28970707775364
5952,1.42832,-1.46377146445115
5953,1.42856,-1.28277860625706
5954,1.4288,-1.69254164694241
5955,1.42904,-1.73377039898312
5956,1.42928,-1.41816035006504
5957,1.42952,-1.82088877749166
5958,1.42976,-1.26298664803104
5959,1.43,-1.90499716488659
5960,1.43024,-1.58882787603927
5961,1.43048,-1.87034168159382
5962,1.43072,-2.02991287929098
5963,1.43096,-1.71945572850032
5964,1.4312,-2.36633236005996
5965,1.43144,-2.04808232321719
5966,1.43168,-2.10342164883709
5967,1.43192,-2.15988812984646
5968,1.43216,-1.737862385942
5969,1.4324,-2.41560499845756
5970,1.43264,-2.24333559296894
5971,1.43288,-1.71729400067517
5972,1.43312,-2.53468794618347
5973,1.43336,-2.49897943387029
5974,1.4336,-1.88242684393852
5975,1.43384,-2.84470818476163
5976,1.43408,-2.83301662797149
5977,1.43432,-2.24986216016883
5978,1.43456,-3.11443604626909
5979,1.4348,-2.65734428862787
5980,1.43504,-2.47300536431064
5981,1.43528,-2.63884596119613
5982,1.43552,-2.35317786866466
5983,1.43576,-3.40508273386114
5984,1.436,-2.76454674703366
5985,1.43624,-2.40965506631821
5986,1.43648,-3.37802872875498
5987,1.43672,-3.02161428546224
5988,1.43696,-2.35471992215641
5989,1.4372,-3.36837730398219
5990,1.43744,-3.17981916687633
5991,1.43768,-2.44494818705065
5992,1.43792,-3.14202836759242
5993,1.43816,-2.77758918328927
5994,1.4384,-3.29653396098253
5995,1.43864,-3.3162474101148
5996,1.43888,-2.18333497552058
5997,1.43912,-3.82288667380381
5998,1.43936,-2.47696600114025
5999,1.4396,-2.85963211505736
6000,1.43984,-3.24651547552135
6001,1.44008,-3.38880977534246
6002,1.44032,-2.37985720526433
6003,1.44056,-2.96834543054634
6004,1.4408,-3.55155087479894
6005,1.44104,-2.8184123306605
6006,1.44128,-2.51661799693448
6007,1.44152,-3.41985224204199
6008,1.44176,-3.00252574183423
6009,1.442,-2.64428108277862
6010,1.44224,-3.37204767632773
6011,1.44248,-3.02381001856312
6012,1.44272,-2.49589539471584
6013,1.44296,-3.41679299779333
6014,1.4432,-2.31121665327087
6015,1.44344,-2.93961074422196
6016,1.44368,-3.19594236286119
6017,1.44392,-1.94395924110053
6018,1.44416,-3.12203537455444
6019,1.4444,-2.73221050662503
6020,1.44464,-2.16755592905868
6021,1.44488,-3.40531748580128
6022,1.44512,-2.13898502035422
6023,1.44536,-2.73100867128978
6024,1.4456,-2.58478882175018
6025,1.44584,-1.902429397941
6026,1.44608,-3.26861376027931
6027,1.44632,-2.00472228861299
6028,1.44656,-2.36216235004509
6029,1.4468,-2.58518643367541
6030,1.44704,-1.53577321450824
6031,1.44728,-2.56689131904749
6032,1.44752,-2.38505147828937
6033,1.44776,-1.41245846547749
6034,1.448,-2.63316357879338
6035,1.44824,-2.04456995754076
6036,1.44848,-1.27712128213219
6037,1.44872,-2.56222595606723
6038,1.44896,-1.81289253912646
6039,1.4492,-0.994971130840587
6040,1.44944,-2.12652294130997
6041,1.44968,-1.20621034097074
6042,1.44992,-0.94910792016636
6043,1.45016,-1.89803855320816
6044,1.4504,-1.88051337818064
6045,1.45064,-0.928834787549543
6046,1.45088,-0.760385900970501
6047,1.45112,-1.6725635797806
6048,1.45136,-1.26294518169187
6049,1.4516,-0.669787181566653
6050,1.45184,-1.64353477453858
6051,1.45208,-0.820081093831766
6052,1.45232,-0.412947090553031
6053,1.45256,-1.44493646015497
6054,1.4528,-0.561880175624367
6055,1.45304,-0.088937566618666
6056,1.45328,-0.939059474108405
6057,1.45352,-0.467188320722373
6058,1.45376,0.193256496099241
6059,1.454,-0.831725024984891
6060,1.45424,-0.0555479433595389
6061,1.45448,0.196719130458387
6062,1.45472,-0.747652017427909
6063,1.45496,0.330857054818036
6064,1.4552,0.178180144605407
6065,1.45544,-0.329271149131804
6066,1.45568,0.706721769970115
6067,1.45592,0.158008616517374
6068,1.45616,-0.0235243824611635
6069,1.4564,0.969143157087789
6070,1.45664,0.394248065758517
6071,1.45688,0.412257773839031
6072,1.45712,0.888799953836224
6073,1.45736,0.651349519158329
6074,1.4576,0.632277904274284
6075,1.45784,0.840931897827071
6076,1.45808,0.815097693391341
6077,1.45832,1.25545250299155
6078,1.45856,0.963679126220169
6079,1.4588,0.92043973108089
6080,1.45904,1.5833620970452
6081,1.45928,1.03341669812568
6082,1.45952,1.33564929791652
6083,1.45976,1.38324799968445
6084,1.46,1.54524935708632
6085,1.46024,1.59037878522248
6086,1.46048,1.63155459319691
6087,1.46072,1.31391529566967
6088,1.46096,1.35786333126336
6089,1.4612,2.00257444466612
6090,1.46144,1.68328888018203
6091,1.46168,1.72018549598087
6092,1.46192,2.13278524134727
6093,1.46216,2.05952639978061
6094,1.4624,1.86601679073446
6095,1.46264,2.2888945388361
6096,1.46288,2.34645881611352
6097,1.46312,1.68342553980915
6098,1.46336,2.00318080552075
6099,1.4636,2.91929504116376
6100,1.46384,2.03301311622019
6101,1.46408,2.37537368633273
6102,1.46432,2.82595415370994
6103,1.46456,2.21321065994517
6104,1.4648,2.57748249833631
6105,1.46504,2.571214587679
6106,1.46528,2.7149650992844
6107,1.46552,2.85777692384526
6108,1.46576,2.52554607559363
6109,1.466,2.70790799460944
6110,1.46624,2.64024757612545
6111,1.46648,2.72320381305238
6112,1.46672,3.5330323982225
6113,1.46696,2.54405903511307
6114,1.4672,3.0377250053535
6115,1.46744,3.51983962604309
6116,1.46768,2.46044396898629
6117,1.46792,2.76689364052796
6118,1.46816,3.6572816667412
6119,1.4684,2.40521064466778
6120,1.46864,2.52448206730859
6121,1.46888,2.9876553967451
6122,1.46912,2.75658846049083
6123,1.46936,3.40699902475789
6124,1.4696,3.07682875430634
6125,1.46984,2.55501937623624
6126,1.47008,3.47278061219426
6127,1.47032,2.5026750080448
6128,1.47056,3.01003988609498
6129,1.4708,3.51398489054314
6130,1.47104,3.30047144815589
6131,1.47128,2.42736217544429
6132,1.47152,3.02239568498785
6133,1.47176,3.6090288455306
6134,1.472,2.29665803580068
6135,1.47224,2.96091364439868
6136,1.47248,3.7391303455578
6137,1.47272,2.25608124973136
6138,1.47296,2.99497929508382
6139,1.4732,3.23634487500888
6140,1.47344,2.33041784784301
6141,1.47368,3.12755216333638
6142,1.47392,3.31632375999085
6143,1.47416,2.23850705878765
6144,1.4744,3.22656182034212
6145,1.47464,2.89031702005254
6146,1.47488,2.13403912408985
6147,1.47512,3.19505927896228
6148,1.47536,2.45896442710792
6149,1.4756,2.38864950977768
6150,1.47584,3.38775325698779
6151,1.47608,2.13232089564878
6152,1.47632,2.73355017759653
6153,1.47656,2.95379605827892
6154,1.4768,1.7878458650806
6155,1.47704,2.58152114510518
6156,1.47728,2.64448092537071
6157,1.47752,1.5627957884139
6158,1.47776,3.02049382379838
6159,1.478,2.19567725906076
6160,1.47824,1.56036410665119
6161,1.47848,2.72404439464183
6162,1.47872,2.21090335077863
6163,1.47896,1.40054489954706
6164,1.4792,2.51593594001803
6165,1.47944,1.49569898678092
6166,1.47968,1.61486630266963
6167,1.47992,2.30990743077845
6168,1.48016,1.5966884813985
6169,1.4804,0.93649320976901
6170,1.48064,1.14716350193494
6171,1.48088,1.96115266875274
6172,1.48112,2.05208443880825
6173,1.48136,1.11810001134771
6174,1.4816,1.2857915536827
6175,1.48184,1.81339729867341
6176,1.48208,0.326964760997842
6177,1.48232,1.40095343985175
6178,1.48256,0.905932787053929
6179,1.4828,0.343405197525184
6180,1.48304,0.523037278302901
6181,1.48328,1.653298284401
6182,1.48352,0.65816155948522
6183,1.48376,0.879029351341241
6184,1.484,0.504491900613652
6185,1.48424,0.294284393432428
6186,1.48448,0.450006347400783
6187,1.48472,0.732881810714886
6188,1.48496,0.33356146372645
6189,1.4852,0.649971742965116
6190,1.48544,-0.334699180931855
6191,1.48568,0.393464202616437
6192,1.48592,0.270486272476779
6193,1.48616,-0.778814847879596
6194,1.4864,0.347315960777725
6195,1.48664,-0.211965026311379
6196,1.48688,-0.616028023950509
6197,1.48712,0.0625019546088208
6198,1.48736,-0.695089956487157
6199,1.4876,-0.826337543854994
6200,1.48784,-0.363599029413437
6201,1.48808,-0.720099302772001
6202,1.48832,-0.707891317574137
6203,1.48856,-0.81589710303548
6204,1.4888,-0.784372845644256
6205,1.48904,-0.984887503291766
6206,1.48928,-1.18912865813707
6207,1.48952,-1.13716047084139
6208,1.48976,-1.32185520781928
6209,1.49,-0.904039848803109
6210,1.49024,-1.55941375643844
6211,1.49048,-1.37479865617329
6212,1.49072,-1.53858308527164
6213,1.49096,-1.46007659544444
6214,1.4912,-1.50934053422428
6215,1.49144,-2.03316637867132
6216,1.49168,-1.70925454085694
6217,1.49192,-1.51089367122404
6218,1.49216,-2.15550572963469
6219,1.4924,-1.83554399622668
6220,1.49264,-1.64263842442389
6221,1.49288,-2.05185317410681
6222,1.49312,-1.97456756240131
6223,1.49336,-2.38952709536669
6224,1.4936,-2.0851764821557
6225,1.49384,-1.66065323669955
6226,1.49408,-2.09917740181394
6227,1.49432,-2.76999294713974
6228,1.49456,-2.36072010394684
6229,1.4948,-2.21658137762922
6230,1.49504,-2.90478118894649
6231,1.49528,-2.04191470367863
6232,1.49552,-2.52545525554722
6233,1.49576,-2.75507834093044
6234,1.496,-2.40549702074211
6235,1.49624,-2.67481402304709
6236,1.49648,-2.57683662349742
6237,1.49672,-2.86963626802589
6238,1.49696,-2.67524854619251
6239,1.4972,-2.50354584544422
6240,1.49744,-3.31442768379876
6241,1.49768,-2.90900739089518
6242,1.49792,-2.53911857910669
6243,1.49816,-2.91370512230462
6244,1.4984,-2.79660291723013
6245,1.49864,-2.47881254019204
6246,1.49888,-3.62530144284107
6247,1.49912,-2.59712827059245
6248,1.49936,-2.58099793638187
6249,1.4996,-3.27522277331292
6250,1.49984,-2.90932757466078
6251,1.50008,-2.71350753965465
6252,1.50032,-3.21694794213768
6253,1.50056,-3.02336042094039
6254,1.5008,-2.15592587427801
6255,1.50104,-3.70279060113321
6256,1.50128,-2.24867315492341
6257,1.50152,-2.88944010059127
6258,1.50176,-3.29331950780521
6259,1.502,-2.97541201081917
6260,1.50224,-2.71722280982048
6261,1.50248,-3.42583426600839
6262,1.50272,-3.29007424945933
6263,1.50296,-2.37596429291369
6264,1.5032,-3.16191899450482
6265,1.50344,-3.09978180518899
6266,1.50368,-2.13399655671242
6267,1.50392,-2.99745382496933
6268,1.50416,-3.73173029408815
6269,1.5044,-2.09874340036877
6270,1.50464,-2.9190551539574
6271,1.50488,-3.72570241123112
6272,1.50512,-2.16454343835904
6273,1.50536,-2.70053436501638
6274,1.5056,-3.46211612842181
6275,1.50584,-1.97609729835371
6276,1.50608,-2.82730787451414
6277,1.50632,-2.81711985679062
6278,1.50656,-2.02765767011533
6279,1.5068,-3.29371646284864
6280,1.50704,-2.16447461481825
6281,1.50728,-2.41932241816931
6282,1.50752,-2.78237901273406
6283,1.50776,-1.63040922824184
6284,1.508,-3.02718213251434
6285,1.50824,-2.02534915042997
6286,1.50848,-1.93063929439933
6287,1.50872,-2.90401200512783
6288,1.50896,-1.86367827268793
6289,1.5092,-1.72477051159856
6290,1.50944,-2.89425659483345
6291,1.50968,-1.91854030667448
6292,1.50992,-1.49425195492116
6293,1.51016,-2.37596931308331
6294,1.5104,-1.60910891334723
6295,1.51064,-1.96679106776405
6296,1.51088,-2.06932305585181
6297,1.51112,-1.37609080988447
6298,1.51136,-1.21803521964585
6299,1.5116,-1.18836959209406
6300,1.51184,-2.12433288468472
6301,1.51208,-1.61939633642277
6302,1.51232,-1.06247509678619
6303,1.51256,-1.35078759081514
6304,1.5128,-2.11777409761538
6305,1.51304,-0.649263522723137
6306,1.51328,-1.00687936539585
6307,1.51352,-1.48128574672707
6308,1.51376,-0.326512802377122
6309,1.514,-1.11083401783736
6310,1.51424,-1.28194430968216
6311,1.51448,-0.421848241601864
6312,1.51472,-0.651999337209525
6313,1.51496,-1.00592365557044
6314,1.5152,-0.445252956201817
6315,1.51544,-0.604063786427346
6316,1.51568,-0.0530398990626559
6317,1.51592,-0.382692210558927
6318,1.51616,-0.582701830835435
6319,1.5164,0.508874919700406
6320,1.51664,-0.462979330179779
6321,1.51688,-0.105694709641991
6322,1.51712,0.693856893013948
6323,1.51736,-0.432661753860468
6324,1.5176,0.357970195370154
6325,1.51784,0.518584007815727
6326,1.51808,-0.282059353878731
6327,1.51832,0.59181897914203
6328,1.51856,0.720671698431707
6329,1.5188,0.495555189757479
6330,1.51904,0.847317176493427
6331,1.51928,0.712319746201227
6332,1.51952,0.936247931373706
6333,1.51976,1.14097170285058
6334,1.52,0.983248838425884
6335,1.52024,0.940924164552244
6336,1.52048,1.48610661376165
6337,1.52072,1.31255054701714
6338,1.52096,1.25014355478636
6339,1.5212,1.54056405229991
6340,1.52144,1.5965312524168
6341,1.52168,1.51872737502412
6342,1.52192,1.56104481562947
6343,1.52216,1.60635864061503
6344,1.5224,1.76752030496114
6345,1.52264,1.92647424279008
6346,1.52288,1.61036373603974
6347,1.52312,2.01420247932588
6348,1.52336,1.81316415825603
6349,1.5236,2.33954563342608
6350,1.52384,1.78302027365427
6351,1.52408,1.82992720614559
6352,1.52432,2.25102846937715
6353,1.52456,2.06800998915919
6354,1.5248,1.76878841679772
6355,1.52504,2.44860672665258
6356,1.52528,2.15695645637617
6357,1.52552,2.11523370973107
6358,1.52576,2.57341779150205
6359,1.526,2.54661117612022
6360,1.52624,2.52358225188142
6361,1.52648,2.28769067964032
6362,1.52672,2.76530779150976
6363,1.52696,2.42049213592854
6364,1.5272,2.69456697477281
6365,1.52744,2.47973604868661
6366,1.52768,2.7788021890215
6367,1.52792,3.43453514319472
6368,1.52816,2.41793953439983
6369,1.5284,3.12073319574679
6370,1.52864,3.08757055283681
6371,1.52888,2.00807476170375
6372,1.52912,3.11138510785992
6373,1.52936,3.11884868289381
6374,1.5296,2.32672526293359
6375,1.52984,3.5988304222408
6376,1.53008,2.81455700496319
6377,1.53032,2.55235234685684
6378,1.53056,3.52338648290018
6379,1.5308,3.14309693920956
6380,1.53104,2.92323341987452
6381,1.53128,2.51366669552148
6382,1.53152,3.64799539252737
6383,1.53176,2.99891993218845
6384,1.532,2.39890583376618
6385,1.53224,3.02451871592897
6386,1.53248,3.75930915385731
6387,1.53272,2.23566573868869
6388,1.53296,3.04608296202075
6389,1.5332,3.61206477763317
6390,1.53344,2.98483320893322
6391,1.53368,2.42390560015211
6392,1.53392,3.31606307335149
6393,1.53416,3.12022424810035
6394,1.5344,2.62266787880139
6395,1.53464,3.33767160313519
6396,1.53488,2.96764299097363
6397,1.53512,2.5446959572586
6398,1.53536,3.33439442567799
6399,1.5356,2.67989713317415
6400,1.53584,2.8102977125031
6401,1.53608,3.53524541562152
6402,1.53632,2.01085765397655
6403,1.53656,2.81894911235951
6404,1.5368,3.01242523014124
6405,1.53704,2.0598917332934
6406,1.53728,3.1679094327207
6407,1.53752,2.47674824201107
6408,1.53776,2.33098463995578
6409,1.538,3.2572997447807
6410,1.53824,1.93643967954908
6411,1.53848,2.58805298108652
6412,1.53872,2.85873913403943
6413,1.53896,1.62370210326924
6414,1.5392,2.34933979549814
6415,1.53944,3.06513353560825
6416,1.53968,2.00302065872771
6417,1.53992,1.72865122022085
6418,1.54016,2.88553052845497
6419,1.5404,1.89786064566357
6420,1.54064,1.46096023299987
6421,1.54088,2.56865720587176
6422,1.54112,1.78358821944306
6423,1.54136,1.16947232614491
6424,1.5416,2.37059558463209
6425,1.54184,2.12025285349709
6426,1.54208,1.07561124641436
6427,1.54232,1.39916551219392
6428,1.54256,1.84226388482853
6429,1.5428,1.45036889096083
6430,1.54304,1.00306923036404
6431,1.54328,1.64002088166935
6432,1.54352,1.91452948506084
6433,1.54376,0.801780346050791
6434,1.544,1.14304672656905
6435,1.54424,1.48392849773006
6436,1.54448,0.916321315544908
6437,1.54472,1.07557987644224
6438,1.54496,0.640325099083463
6439,1.5452,0.134649476812292
6440,1.54544,1.19813957060884
6441,1.54568,0.695445672426078
6442,1.54592,0.00493821125626281
6443,1.54616,0.760955705396678
6444,1.5464,0.553731360906118
6445,1.54664,-0.333076775096657
6446,1.54688,0.714847198308169
6447,1.54712,-0.0364994256241082
6448,1.54736,-0.269141697294044
6449,1.5476,0.573958738333963
6450,1.54784,-0.482733687198133
6451,1.54808,-0.31454418468988
6452,1.54832,0.0889872465883528
6453,1.54856,-0.560131790601484
6454,1.5488,-0.248252902074529
6455,1.54904,-0.401972557411431
6456,1.54928,-0.297529226199911
6457,1.54952,-0.557482534721893
6458,1.54976,-0.908410718183143
6459,1.55,-0.423353574737505
6460,1.55024,-0.771847840927154
6461,1.55048,-1.45699740765392
6462,1.55072,-0.946409916975316
6463,1.55096,-0.785864792241881
6464,1.5512,-1.45450919080598
6465,1.55144,-1.16309067826906
6466,1.55168,-0.865075475297127
6467,1.55192,-1.52024690949172
6468,1.55216,-1.089947268649
6469,1.5524,-1.38677365704677
6470,1.55264,-1.30677373600176
6471,1.55288,-1.71319643841082
6472,1.55312,-1.39583517439426
6473,1.55336,-1.31676719393475
6474,1.5536,-1.47970040639282
6475,1.55384,-2.12505572097613
6476,1.55408,-1.80485820754046
6477,1.55432,-1.84135223941631
6478,1.55456,-2.01370754624656
6479,1.5548,-2.42072193828257
6480,1.55504,-2.10487979639297
6481,1.55528,-1.80813555263195
6482,1.55552,-2.46886765631747
6483,1.55576,-2.28407883736771
6484,1.556,-2.00155401489513
6485,1.55624,-2.68302008206686
6486,1.55648,-2.39849514362988
6487,1.55672,-2.14324561461343
6488,1.55696,-2.72252058953006
6489,1.5572,-2.34561951407194
6490,1.55744,-2.35256480801793
6491,1.55768,-2.59091754039639
6492,1.55792,-2.73546445955864
6493,1.55816,-2.76581392422501
6494,1.5584,-2.43807371645962
6495,1.55864,-3.10309932735393
6496,1.55888,-3.03600511645356
6497,1.55912,-2.27378742828135
6498,1.55936,-3.21948544488337
6499,1.5596,-3.07062169005432
6500,1.55984,-2.00455784915849
6501,1.56008,-3.11132221818697
6502,1.56032,-2.88748670664499
6503,1.56056,-2.70401611377373
6504,1.5608,-3.73957314601575
6505,1.56104,-2.60654627299488
6506,1.56128,-3.08256328490533
6507,1.56152,-3.90150993611823
6508,1.56176,-2.70062136789136
6509,1.562,-2.50726190615117
6510,1.56224,-3.31089589994485
6511,1.56248,-3.36571654809234
6512,1.56272,-2.38845198593783
6513,1.56296,-2.76868462600623
6514,1.5632,-3.15400171313093
6515,1.56344,-3.77404665301017
6516,1.56368,-2.49277858784409
6517,1.56392,-2.72039997213541
6518,1.56416,-3.4247593200065
6519,1.5644,-3.16267795982857
6520,1.56464,-2.60690879956659
6521,1.56488,-3.26277967749092
6522,1.56512,-3.67473569161512
6523,1.56536,-2.21195506102394
6524,1.5656,-3.18807587897157
6525,1.56584,-3.43239017991411
6526,1.56608,-2.0486667471241
6527,1.56632,-2.98535767451673
6528,1.56656,-3.54906559782825
6529,1.5668,-2.34663393908948
6530,1.56704,-2.63911242460711
6531,1.56728,-3.39983948742339
6532,1.56752,-1.91625488072696
6533,1.56776,-3.11159859826979
6534,1.568,-2.73914435269212
6535,1.56824,-2.30961183999376
6536,1.56848,-3.31926450483448
6537,1.56872,-2.07475963550855
6538,1.56896,-2.6839645420949
6539,1.5692,-3.03501441772131
6540,1.56944,-1.75623846034459
6541,1.56968,-2.68149558220017
6542,1.56992,-2.7445993224556
6543,1.57016,-1.6676605956877
6544,1.5704,-2.30952153174539
6545,1.57064,-2.82115869551039
6546,1.57088,-1.68343011520769
6547,1.57112,-2.39482687052701
6548,1.57136,-2.25247437352817
6549,1.5716,-1.32335443834446
6550,1.57184,-2.34787992230756
6551,1.57208,-2.27917098426515
6552,1.57232,-1.41371473033985
6553,1.57256,-1.20520785186289
6554,1.5728,-2.17988761895621
6555,1.57304,-1.50353376661759
6556,1.57328,-1.1197207428265
6557,1.57352,-1.58416283723406
6558,1.57376,-2.04699294443976
6559,1.574,-0.736227098657462
6560,1.57424,-1.40133612794963
6561,1.57448,-1.69657787746173
6562,1.57472,-0.803047258633177
6563,1.57496,-0.689247608100013
6564,1.5752,-1.65754726782446
6565,1.57544,-0.826365558651998
6566,1.57568,-0.65032015718466
6567,1.57592,-0.953167270538883
6568,1.57616,-0.433250103533388
6569,1.5764,-0.435993324047543
6570,1.57664,-1.03585999677669
6571,1.57688,-0.572949987267892
6572,1.57712,-0.506923162263871
6573,1.57736,-0.551638508789676
6574,1.5776,0.331850036689505
6575,1.57784,-0.485373552232018
6576,1.57808,0.021791545724152
6577,1.57832,0.128287958017973
6578,1.57856,-0.481868610407504
6579,1.5788,0.569944976591872
6580,1.57904,0.279259818070557
6581,1.57928,-0.128422733095811
6582,1.57952,0.635962929799539
6583,1.57976,0.320345148865443
6584,1.58,0.348819841466658
6585,1.58024,0.602249704794081
6586,1.58048,0.85841723589521
6587,1.58072,0.607607380590852
6588,1.58096,0.831137588263678
6589,1.5812,1.05991866172992
6590,1.58144,0.784502780850244
6591,1.58168,0.744552219727166
6592,1.58192,0.705776804858455
6593,1.58216,1.3732795529735
6594,1.5824,1.07629195180128
6595,1.58264,1.37842105617705
6596,1.58288,1.42796961335438
6597,1.58312,1.11538892940784
6598,1.58336,1.17115641955113
6599,1.5836,1.81741250454197
6600,1.58384,1.26234146420338
6601,1.58408,1.78702341764292
6602,1.58432,1.70233245104775
6603,1.58456,1.98373497579794
6604,1.5848,1.54585993304531
6605,1.58504,1.70529033091694
6606,1.58528,1.87155869656432
6607,1.58552,2.03905306791546
6608,1.58576,1.84474787870719
6609,1.586,2.1459427540133
6610,1.58624,2.56242549068339
6611,1.58648,2.25693008963459
6612,1.58672,1.85423886337848
6613,1.58696,2.76997375505571
6614,1.5872,2.36258025272634
6615,1.58744,2.22105395249053
6616,1.58768,2.67192067329436
6617,1.58792,2.41585276287021
6618,1.58816,2.65653899319775
6619,1.5884,2.52937611442443
6620,1.58864,2.4338713725403
6621,1.58888,2.81497538508588
6622,1.58912,2.48392579344305
6623,1.58936,2.78139475350753
6624,1.5896,2.58712147173209
6625,1.58984,2.3026411646211
6626,1.59008,3.3557630451628
6627,1.59032,2.60067128032552
6628,1.59056,2.73130842635469
6629,1.5908,3.20832142888723
6630,1.59104,2.748333632037
6631,1.59128,3.16298995649844
6632,1.59152,3.20112612243004
6633,1.59176,2.78920629707906
6634,1.592,3.48705193464574
6635,1.59224,3.09101628495499
6636,1.59248,2.73842607705962
6637,1.59272,3.74072969486127
6638,1.59296,2.68800776860123
6639,1.5932,2.88681422038308
6640,1.59344,3.31257973634047
6641,1.59368,2.21132154266463
6642,1.59392,2.72246126387962
6643,1.59416,3.35345396739858
6644,1.5944,2.89962593829213
6645,1.59464,2.62847724617103
6646,1.59488,3.43920618299611
6647,1.59512,3.16853934823286
6648,1.59536,2.59813307578044
6649,1.5956,3.36272593111953
6650,1.59584,3.16231384601278
6651,1.59608,2.5406188976083
6652,1.59632,3.37048276867951
6653,1.59656,2.76033338376403
6654,1.5968,2.45926104484327
6655,1.59704,3.3655643905761
6656,1.59728,2.70499851977131
6657,1.59752,2.47525765596034
6658,1.59776,3.56598686933478
6659,1.598,2.26812332762305
6660,1.59824,2.83142096479872
6661,1.59848,3.01960660500342
6662,1.59872,2.06282136468984
6663,1.59896,3.16890929883269
6664,1.5992,2.47297108357412
6665,1.59944,2.32297340746852
6666,1.59968,3.24821445248618
6667,1.59992,2.04282242052128
6668,1.60016,2.33129762670792
6669,1.6004,2.84875101071988
6670,1.60064,1.6085722963318
6671,1.60088,2.80493472452217
6672,1.60112,2.54888242096707
6673,1.60136,1.50574139660217
6674,1.6016,2.42249883618528
6675,1.60184,2.4833394653553
6676,1.60208,1.51143020381458
6677,1.60232,2.26358357774449
6678,1.60256,2.27246979318916
6679,1.6028,1.38106420361106
6680,1.60304,2.65789282661091
6681,1.60328,1.90419396002222
6682,1.60352,1.20896205165236
6683,1.60376,2.43226090484357
6684,1.604,0.694709644881258
6685,1.60424,1.51700864256582
6686,1.60448,1.61565124042124
6687,1.60472,2.19899436681231
6688,1.60496,0.434252349368551
6689,1.6052,1.3442194660578
6690,1.60544,1.40866976993592
6691,1.60568,0.531245833104959
6692,1.60592,0.664974018961006
6693,1.60616,1.51516789461697
6694,1.6064,0.460573131049148
6695,1.60664,0.656776638322595
6696,1.60688,1.44138106738652
6697,1.60712,0.341383931456226
6698,1.60736,0.462197922407705
6699,1.6076,1.30010614898428
6700,1.60784,0.255443845776368
6701,1.60808,0.545517669586695
6702,1.60832,0.237195266128298
6703,1.60856,0.330000890277946
6704,1.6088,0.537255919921775
6705,1.60904,-0.31255992441049
6706,1.60928,0.304651520629612
6707,1.60952,0.0704472894458761
6708,1.60976,-0.726566196513953
6709,1.61,0.285023945459255
6710,1.61024,-0.143637724478033
6711,1.61048,-0.660678508443585
6712,1.61072,-0.340503506193875
6713,1.61096,-0.363040819823257
6714,1.6112,-0.608071880159483
6715,1.61144,-0.500797377992708
6716,1.61168,-0.84892090986996
6717,1.61192,-0.700319519795845
6718,1.61216,-0.324803201362678
6719,1.6124,-1.01676432887005
6720,1.61264,-1.3280973546758
6721,1.61288,-1.17164520419687
6722,1.61312,-1.234693828908
6723,1.61336,-1.17057550077423
6724,1.6136,-1.11402480182306
6725,1.61384,-1.52574939853083
6726,1.61408,-1.44911638674857
6727,1.61432,-1.73320384376292
6728,1.61456,-1.41797475715328
6729,1.6148,-1.82130563434082
6730,1.61504,-1.50497577186201
6731,1.61528,-1.90804735391029
6732,1.61552,-1.5899216085054
6733,1.61576,-1.749793251521
6734,1.616,-1.79338705014857
6735,1.61624,-2.19975140076707
6736,1.61648,-1.88443413922792
6737,1.61672,-2.0549272034619
6738,1.61696,-1.87476369275544
6739,1.6172,-2.16899952564703
6740,1.61744,-2.23731783415923
6741,1.61768,-2.18978930469322
6742,1.61792,-2.25952735946793
6743,1.61816,-2.34217212154157
6744,1.6184,-2.32300510105505
6745,1.61864,-2.65420278969736
6746,1.61888,-2.40324988414087
6747,1.61912,-2.64904906216209
6748,1.61936,-2.64409987541368
6749,1.6196,-2.43006190409669
6750,1.61984,-2.8164654473369
6751,1.62008,-2.49068824691087
6752,1.62032,-2.79339543328845
6753,1.62056,-2.60432325946463
6754,1.6208,-2.20475535547759
6755,1.62104,-3.26744995369256
6756,1.62128,-2.99658971992177
6757,1.62152,-2.40887139146731
6758,1.62176,-3.13872141664679
6759,1.622,-2.80236090344933
6760,1.62224,-3.22165049498356
6761,1.62248,-3.02693662536089
6762,1.62272,-2.74583572310021
6763,1.62296,-3.3430867597815
6764,1.6232,-3.43758821587301
6765,1.62344,-2.7250975681452
6766,1.62368,-3.13500003712473
6767,1.62392,-3.88254317150827
6768,1.62416,-2.7375695054377
6769,1.6244,-2.36238132894877
6770,1.62464,-2.85882707614277
6771,1.62488,-3.35295317332029
6772,1.62512,-3.84542217235024
6773,1.62536,-2.33938936086582
6774,1.6256,-2.91740888811362
6775,1.62584,-3.60978462133379
6776,1.62608,-2.6303030218359
6777,1.62632,-2.67922355877088
6778,1.62656,-3.33040863036939
6779,1.6268,-3.1352213181034
6780,1.62704,-2.64433460628695
6781,1.62728,-3.36230608101328
6782,1.62752,-2.76625385194479
6783,1.62776,-2.47533944361223
6784,1.628,-3.50405215832321
6785,1.62824,-2.49843831642709
6786,1.62848,-2.5234448140226
6787,1.62872,-3.50588297066609
6788,1.62896,-2.22034185721005
6789,1.6292,-2.79543621025513
6790,1.62944,-2.99490934374094
6791,1.62968,-2.04891937680648
6792,1.62992,-3.16532484357201
6793,1.63016,-2.47924142847703
6794,1.6304,-2.33913090992733
6795,1.63064,-3.03419479352356
6796,1.63088,-1.84776767853145
6797,1.63112,-2.74162233770378
6798,1.63136,-2.41968603821569
6799,1.6316,-1.68258461820941
6800,1.63184,-3.11577296236121
6801,1.63208,-2.03667013576542
6802,1.63232,-1.9793588986746
6803,1.63256,-3.00338089697469
6804,1.6328,-2.1085874305489
6805,1.63304,-1.28019687174704
6806,1.63328,-2.74091390747736
6807,1.63352,-2.04437657579605
6808,1.63376,-1.16631784275745
6809,1.634,-2.33886525978992
6810,1.63424,-1.49510092321534
6811,1.63448,-1.77666273598016
6812,1.63472,-2.27742576872363
6813,1.63496,-1.27866562787069
6814,1.6352,-1.38092948589206
6815,1.63544,-1.8469251333891
6816,1.63568,-0.42500891779252
6817,1.63592,-1.4457353763165
6818,1.63616,-1.49600663558563
6819,1.6364,-0.724264059949356
6820,1.63664,-0.976645705742841
6821,1.63688,-1.22461810750199
6822,1.63712,-0.755082936885356
6823,1.63736,-0.457433784631921
6824,1.6376,-1.47972105197169
6825,1.63784,-0.704713625410066
6826,1.63808,-0.342829498028852
6827,1.63832,-1.0592989207198
6828,1.63856,-0.359384475458578
6829,1.6388,-0.287321352687704
6830,1.63904,-1.05174125065091
6831,1.63928,-0.046699935948052
6832,1.63952,-0.254218865087581
6833,1.63976,0.252819089479168
6834,1.64,-0.122878795698242
6835,1.64024,-0.489285220466017
6836,1.64048,0.449954933533857
6837,1.64072,0.156184473258799
6838,1.64096,-0.12687312364803
6839,1.6412,0.882466884621935
6840,1.64144,0.198215852998153
6841,1.64168,0.232761850044187
6842,1.64192,0.604147486007212
6843,1.64216,0.382119888329682
6844,1.6424,0.739117567866679
6845,1.64264,0.598677955573634
6846,1.64288,0.227537101671049
6847,1.64312,1.16433195443358
6848,1.64336,0.757473382740449
6849,1.6436,0.842980320833195
6850,1.64384,1.39174044270736
6851,1.64408,1.21088694294661
6852,1.64432,1.03160413468891
6853,1.64456,1.44593989551439
6854,1.6448,1.0102189995492
6855,1.64504,1.67196459294577
6856,1.64528,1.47920924658569
6857,1.64552,2.00325138055022
6858,1.64576,1.32475642125278
6859,1.646,1.96864689634332
6860,1.64624,1.53138102934706
6861,1.64648,2.17291932338632
6862,1.64672,1.73164282994882
6863,1.64696,1.89808525369762
6864,1.6472,2.42437700532983
6865,1.64744,2.10643542389862
6866,1.64768,2.04482079305139
6867,1.64792,2.58037957292164
6868,1.64816,1.91301453482513
6869,1.6484,2.23032117686496
6870,1.64864,2.77969871290913
6871,1.64888,2.25317026906382
6872,1.64912,2.46850946518412
6873,1.64936,2.67211586039688
6874,1.6496,2.3003278603688
6875,1.64984,2.89446479831007
6876,1.65008,2.52501908450121
6877,1.65032,2.30848393879403
6878,1.65056,2.80194897447084
6879,1.6508,2.59256249052015
6880,1.65104,2.64576964387879
6881,1.65128,2.69055080587747
6882,1.65152,2.77033581563889
6883,1.65176,3.57003047912132
6884,1.652,2.33404855489656
6885,1.65224,2.82270751490525
6886,1.65248,3.65638976358618
6887,1.65272,2.35128172587867
6888,1.65296,3.12780959959153
6889,1.6532,3.16385374506709
6890,1.65344,2.28382065158643
6891,1.65368,3.45593413773479
6892,1.65392,3.17905575814348
6893,1.65416,2.46432369747841
6894,1.6544,3.45265879114135
6895,1.65464,3.35170640186141
6896,1.65488,2.09681363201128
6897,1.65512,3.85892673306866
6898,1.65536,2.51125546807775
6899,1.6556,2.77937587290404
6900,1.65584,3.40101022654521
6901,1.65608,3.42203983631375
6902,1.65632,2.65463094211695
6903,1.65656,3.22910493537035
6904,1.6568,3.67654882365519
6905,1.65704,2.36611906773946
6906,1.65728,3.02025313646709
6907,1.65752,3.6659727135139
6908,1.65776,2.40810277722193
6909,1.658,3.01292927649498
6910,1.65824,3.72935848930397
6911,1.65848,2.19284146424209
6912,1.65872,2.98901688780077
6913,1.65896,3.53034819547015
6914,1.6592,1.95628475609198
6915,1.65944,3.06446321189542
6916,1.65968,2.60050773727084
6917,1.65992,2.44100429797825
6918,1.66016,3.59904968063796
6919,1.6604,2.13471552146478
6920,1.66064,2.76929530961904
6921,1.66088,2.78999168086273
6922,1.66112,2.14787374556367
6923,1.66136,3.31610928494508
6924,1.6616,2.21503140997163
6925,1.66184,2.37795869259303
6926,1.66208,2.88789896882825
6927,1.66232,1.76194125159498
6928,1.66256,2.71521918142758
6929,1.6628,2.68868159678559
6930,1.66304,1.51977394435898
6931,1.66328,2.55125004476642
6932,1.66352,2.60551215317665
6933,1.66376,1.74192851976588
6934,1.664,2.01092462435912
6935,1.66424,2.380152815181
6936,1.66448,1.24100202247035
6937,1.66472,2.63508143365808
6938,1.66496,1.8768083531621
6939,1.6652,1.17429956934967
6940,1.66544,1.59552333012457
6941,1.66568,2.35220329978984
6942,1.66592,0.759398739450889
6943,1.66616,1.59607330615472
6944,1.6664,1.82503220780222
6945,1.66664,0.875575884582168
6946,1.66688,0.709258554561499
6947,1.66712,1.62482766932184
6948,1.66736,1.45667206018929
6949,1.6676,0.864931818789728
6950,1.66784,0.999934881311707
6951,1.66808,0.306184625747086
6952,1.66832,0.863247467774392
6953,1.66856,1.0518986810643
6954,1.6688,0.526817768346241
6955,1.66904,0.0551761477228419
6956,1.66928,0.906553316147089
6957,1.66952,0.435893306984829
6958,1.66976,-0.105692023022052
6959,1.67,1.0343016941724
6960,1.67024,0.142353101176587
6961,1.67048,0.00565471988815025
6962,1.67072,0.704096553047001
6963,1.67096,-0.248101888449228
6964,1.6712,0.00877900592342162
6965,1.67144,0.155961593101913
6966,1.67168,-0.267861507709707
6967,1.67192,-0.218623510694738
6968,1.67216,-0.745430891007682
6969,1.6724,-0.0514636393902219
6970,1.67264,-0.0831885239207781
6971,1.67288,-1.05175305499688
6972,1.67312,-0.697088967610452
6973,1.67336,-0.571792797020925
6974,1.6736,-0.792857312147777
6975,1.67384,-1.01537062817573
6976,1.67408,-0.740635371741973
6977,1.67432,-0.935912995351002
6978,1.67456,-0.89658033905958
6979,1.6748,-1.32300213732011
6980,1.67504,-1.25867743070511
6981,1.67528,-1.20196723322646
6982,1.67552,-1.73488396615238
6983,1.67576,-1.29573554834816
6984,1.676,-1.70262750436126
6985,1.67624,-1.38848307733486
6986,1.67648,-1.79275914668421
6987,1.67672,-1.47724262661896
6988,1.67696,-1.8810008564378
6989,1.6772,-1.56344256255171
6990,1.67744,-1.72376902624669
6991,1.67768,-1.76771050300249
6992,1.67792,-2.17432078728361
6993,1.67816,-1.73796155080075
6994,1.6784,-1.66960188522482
6995,1.67864,-2.32727106469045
6996,1.67888,-2.13961497593702
6997,1.67912,-2.08566664588819
6998,1.67936,-2.16088327244824
6999,1.6796,-2.3502230891887
7000,1.67984,-2.55665993581787
7001,1.68008,-2.29020352014198
7002,1.68032,-2.25904307634145
7003,1.68056,-2.73346719963087
7004,1.6808,-2.48303669930858
7005,1.68104,-2.12529501653774
7006,1.68128,-3.11097099589421
7007,1.68152,-2.40328534496974
7008,1.68176,-2.4473868393682
7009,1.682,-3.458420811427
7010,1.68224,-2.30615072143689
7011,1.68248,-2.75699252584315
7012,1.68272,-3.31632346863326
7013,1.68296,-2.21575531130279
7014,1.6832,-3.18682756320264
7015,1.68344,-2.94535073057357
7016,1.68368,-2.60881489754113
7017,1.68392,-3.15231615783888
7018,1.68416,-3.31399474208544
7019,1.6844,-2.66384266321187
7020,1.68464,-3.37481137904475
7021,1.68488,-3.4646680591009
7022,1.68512,-2.86622205929508
7023,1.68536,-2.67488609188412
7024,1.6856,-3.68115357909659
7025,1.68584,-3.36298184043479
7026,1.68608,-2.49154906821274
7027,1.68632,-2.62348320194113
7028,1.68656,-3.12252931965368
7029,1.6868,-3.62262685644815
7030,1.68704,-2.80884688329739
7031,1.68728,-2.54766728617748
7032,1.68752,-3.25333438918057
7033,1.68776,-3.35257268305448
7034,1.688,-2.1861172602448
7035,1.68824,-2.85297570169487
7036,1.68848,-3.63489815788929
7037,1.68872,-2.38767595131368
7038,1.68896,-2.76573501648341
7039,1.6892,-3.49926287720122
7040,1.68944,-2.32733587619499
7041,1.68968,-2.7768696491232
7042,1.68992,-3.57661650251309
7043,1.69016,-2.48069498003705
7044,1.6904,-2.52745083782169
7045,1.69064,-3.52598344964259
7046,1.69088,-2.37941727015662
7047,1.69112,-2.61796136707496
7048,1.69136,-3.20223790926174
7049,1.6916,-1.79309165217947
7050,1.69184,-3.05546209457088
7051,1.69208,-2.5097828895008
7052,1.69232,-2.15550319307934
7053,1.69256,-3.23286721661906
7054,1.6928,-2.05083054541248
7055,1.69304,-2.25107061589946
7056,1.69328,-2.55911134612202
7057,1.69352,-1.72062214657599
7058,1.69376,-3.17043121048842
7059,1.694,-2.1066179527096
7060,1.69424,-1.47334369259907
7061,1.69448,-2.75780696307825
7062,1.69472,-1.78181610780712
7063,1.69496,-2.05786612625123
7064,1.6952,-2.43733699622776
7065,1.69544,-1.65986885256086
7066,1.69568,-1.77010921018647
7067,1.69592,-1.86827462679946
7068,1.69616,-1.05333139650869
7069,1.6964,-2.30002425131602
7070,1.69664,-0.818607851181547
7071,1.69688,-1.0509599913304
7072,1.69712,-2.12286468375355
7073,1.69736,-1.99089881130495
7074,1.6976,-0.834677071900214
7075,1.69784,-1.3798126645408
7076,1.69808,-1.56362786184935
7077,1.69832,-0.333978015725309
7078,1.69856,-0.955186529096855
7079,1.6988,-1.20788339913191
7080,1.69904,-0.185465179893623
7081,1.69928,-0.859568846733243
7082,1.69952,-1.40702599953644
7083,1.69976,-0.18863840353991
7084,1.7,-0.555445638904844
7085,1.70024,-0.91576607460693
7086,1.70048,-0.119606405034316
7087,1.70072,-0.526183354490519
7088,1.70096,-0.110751276284996
7089,1.7012,-0.325957454708245
7090,1.70144,-0.0532213585704546
7091,1.70168,-0.0586857648668444
7092,1.70192,-0.306330847503492
7093,1.70216,0.399864261636806
7094,1.7024,-0.0122230118233491
7095,1.70264,-0.173287560346697
7096,1.70288,0.843246687519574
7097,1.70312,0.276643637645382
7098,1.70336,0.0769374401914615
7099,1.7036,0.815074303760228
7100,1.70384,0.701771332802864
7101,1.70408,0.590119785426032
7102,1.70432,0.934783494180975
7103,1.70456,0.912483651670762
7104,1.7048,0.534012586884426
7105,1.70504,1.21470349002142
7106,1.70528,1.0566299248877
7107,1.70552,0.887670992861047
7108,1.70576,1.31237196034792
7109,1.706,1.2525071694345
7110,1.70624,1.55064221606549
7111,1.70648,1.23647177590211
7112,1.70672,1.76238852174169
7113,1.70696,1.20882723799982
7114,1.7072,1.85541228920825
7115,1.70744,1.17725201571437
7116,1.70768,1.82223404952461
7117,1.70792,1.5061477601025
7118,1.70816,2.14854838637446
7119,1.7084,1.94496204493947
7120,1.70864,1.87383341523601
7121,1.70888,1.80118021723941
7122,1.70912,1.84650856974813
7123,1.70936,2.26369955111083
7124,1.7096,2.07992568299628
7125,1.70984,1.53682893781451
7126,1.71008,2.33541032173825
7127,1.71032,2.76412494106699
7128,1.71056,1.99570823777215
7129,1.7108,2.45432252492688
7130,1.71104,2.77958244301891
7131,1.71128,1.92202697027154
7132,1.71152,2.88028561653949
7133,1.71176,2.62649203048475
7134,1.712,2.28809910026973
7135,1.71224,3.02511708726723
7136,1.71248,2.56750466729176
7137,1.71272,2.62216684236556
7138,1.71296,2.90549302070568
7139,1.7132,2.25531771197869
7140,1.71344,2.94531682654837
7141,1.71368,2.90509548855292
7142,1.71392,2.18482233519495
7143,1.71416,3.14905447683631
7144,1.7144,2.91331219814413
7145,1.71464,2.72124335470237
7146,1.71488,3.36986669745571
7147,1.71512,3.17915980114801
7148,1.71536,2.43752193350054
7149,1.7156,3.61867978904238
7150,1.71584,2.88188839053229
7151,1.71608,2.80099633321561
7152,1.71632,3.78517624978961
7153,1.71656,3.10174212063552
7154,1.7168,2.46693486239945
7155,1.71704,2.95156394113997
7156,1.71728,3.42452919142872
7157,1.71752,3.18226378942415
7158,1.71776,2.63676787568266
7159,1.718,3.42542283251459
7160,1.71824,2.65049491786579
7161,1.71848,2.89470550285124
7162,1.71872,3.50100908464567
7163,1.71896,3.02585171456067
7164,1.7192,2.61721305597914
7165,1.71944,3.41540919811954
7166,1.71968,3.13362422396103
7167,1.71992,2.43345799151482
7168,1.72016,3.19098002912434
7169,1.7204,2.9790461213191
7170,1.72064,2.4707128586536
7171,1.72088,3.53024103389295
7172,1.72112,2.4337243593815
7173,1.72136,2.72632455676474
7174,1.7216,3.36370137274201
7175,1.72184,1.88045472613308
7176,1.72208,2.96611740556944
7177,1.72232,2.71224362890666
7178,1.72256,2.16370758811001
7179,1.7228,3.4223264628361
7180,1.72304,2.05501401061778
7181,1.72328,2.55005664119445
7182,1.72352,3.02660531790074
7183,1.72376,1.86895435607514
7184,1.724,2.43561222533776
7185,1.72424,2.74930928516276
7186,1.72448,1.55104837655804
7187,1.72472,2.78641062293381
7188,1.72496,2.21410935605133
7189,1.7252,1.70338971004204
7190,1.72544,2.7514845402889
7191,1.72568,1.66275850842674
7192,1.72592,1.71912819678644
7193,1.72616,2.35381354259589
7194,1.7264,1.46279124432004
7195,1.72664,1.46963785285453
7196,1.72688,2.41275189213953
7197,1.72712,1.70729482032038
7198,1.72736,0.80833180085927
7199,1.7276,0.910894886967913
7200,1.72784,1.73626509780144
7201,1.72808,1.83768182133426
7202,1.72832,0.649828779888239
7203,1.72856,1.19292769129369
7204,1.7288,1.60970587119292
7205,1.72904,0.840752433906413
7206,1.72928,0.610718604148534
7207,1.72952,1.46305685996428
7208,1.72976,0.882628485712441
7209,1.73,0.234316861904507
7210,1.73024,1.14977517648044
7211,1.73048,0.859067033326176
7212,1.73072,0.0186834015059061
7213,1.73096,0.868561511572479
7214,1.7312,0.513344969768364
7215,1.73144,-0.155681654668649
7216,1.73168,0.983584146606898
7217,1.73192,0.322535472705575
7218,1.73216,-0.174645260115251
7219,1.7324,0.885431521203162
7220,1.73264,-0.196533765653062
7221,1.73288,-0.174177206875016
7222,1.73312,0.327651063829548
7223,1.73336,-0.341666075503416
7224,1.7336,-0.172466338612488
7225,1.73384,-0.703385944552593
7226,1.73408,-0.489621679857532
7227,1.73432,-0.165375821480718
7228,1.73456,-0.903802101820705
7229,1.7348,-0.415613412168495
7230,1.73504,-0.419911218925796
7231,1.73528,-1.13041656988943
7232,1.73552,-0.737512196072903
7233,1.73576,-0.714841410525113
7234,1.736,-0.920932158169192
7235,1.73624,-0.870751094779499
7236,1.73648,-0.828038668892935
7237,1.73672,-1.37318548605327
7238,1.73696,-1.06511003420633
7239,1.7372,-1.24351989751484
7240,1.73744,-1.53530969503791
7241,1.73768,-1.69919991362054
7242,1.73792,-1.50365315508899
7243,1.73816,-1.55148099070289
7244,1.7384,-1.23512759205806
7245,1.73864,-1.52133506364936
7246,1.73888,-1.80370891226671
7247,1.73912,-1.60319776580601
7248,1.73936,-1.52432270312434
7249,1.7396,-2.17281937420744
7250,1.73984,-1.73804565716718
7251,1.74008,-1.90610652778006
7252,1.74032,-1.96662288405396
7253,1.74056,-2.38144156077007
7254,1.7408,-2.20413848811001
7255,1.74104,-2.27888269221255
7256,1.74128,-2.22818594515644
7257,1.74152,-2.0700897004346
7258,1.74176,-2.76699929166823
7259,1.742,-2.13427531273083
7260,1.74224,-2.24578848878614
7261,1.74248,-3.20205068741459
7262,1.74272,-1.99493531394064
7263,1.74296,-2.62298542093946
7264,1.7432,-3.11726389058818
7265,1.74344,-1.94994827356114
7266,1.74368,-2.96840419468531
7267,1.74392,-3.01263047098931
7268,1.74416,-2.25439190310537
7269,1.7444,-3.30374535593845
7270,1.74464,-2.78964458745671
7271,1.74488,-3.27741865105402
7272,1.74512,-3.15218553848901
7273,1.74536,-2.45481619489349
7274,1.7456,-3.23443887291187
7275,1.74584,-3.39310667381858
7276,1.74608,-2.61790827884665
7277,1.74632,-2.84738194371025
7278,1.74656,-3.78406910666221
7279,1.7468,-2.69266403475124
7280,1.74704,-2.61295813245375
7281,1.74728,-3.86793936010526
7282,1.74752,-3.18207571786018
7283,1.74776,-3.02022238043453
7284,1.748,-2.54646206899249
7285,1.74824,-3.04702227998592
7286,1.74848,-3.54770589234169
7287,1.74872,-3.32816125701269
7288,1.74896,-2.45126979026272
7289,1.7492,-3.15826397518088
7290,1.74944,-3.74008846671895
7291,1.74968,-2.19207816716762
7292,1.74992,-2.74184280885016
7293,1.75016,-3.40409027802997
7294,1.7504,-2.86729744072889
7295,1.75064,-2.6380234415974
7296,1.75088,-3.37105293680718
7297,1.75112,-2.78947284600353
7298,1.75136,-2.51246072584442
7299,1.7516,-3.43639993181357
7300,1.75184,-2.56380309298832
7301,1.75208,-2.24371862284059
7302,1.75232,-3.36727860650419
7303,1.75256,-2.45218530285109
7304,1.7528,-2.56558303948378
7305,1.75304,-3.26599640993181
7306,1.75328,-1.96331914980255
7307,1.75352,-2.98594075726861
7308,1.75376,-2.5532855168796
7309,1.754,-2.06759527786096
7310,1.75424,-3.02591911524737
7311,1.75448,-2.19385628889797
7312,1.75472,-1.9096252305832
7313,1.75496,-3.0628590864241
7314,1.7552,-1.9548960380721
7315,1.75544,-2.22777843086332
7316,1.75568,-2.48142861184112
7317,1.75592,-1.46706589297531
7318,1.75616,-2.51504293042229
7319,1.7564,-2.23858067827201
7320,1.75664,-1.41728392309162
7321,1.75688,-2.42826217794774
7322,1.75712,-2.34502232025151
7323,1.75736,-1.46578364228983
7324,1.7576,-1.24421422270905
7325,1.75784,-2.20652672776915
7326,1.75808,-1.51847027179052
7327,1.75832,-1.12236355772464
7328,1.75856,-1.57644301547714
7329,1.7588,-2.02950614137679
7330,1.75904,-1.17620293994593
7331,1.75928,-0.873774664334193
7332,1.75952,-1.41491460324154
7333,1.75976,-1.8340660089732
7334,1.76,-0.501512047548885
7335,1.76024,-0.636051042933986
7336,1.76048,-1.61115894838947
7337,1.76072,-0.913051445787819
7338,1.76096,-0.628326133901361
7339,1.7612,-0.822598473578266
7340,1.76144,-0.911927043974467
7341,1.76168,-0.55820322206819
7342,1.76192,-0.802072107355381
7343,1.76216,0.0151182991455245
7344,1.7624,-0.648200648332376
7345,1.76264,-0.819968548228115
7346,1.76288,0.298719755459348
7347,1.76312,-0.405845563770751
7348,1.76336,-0.26640708244467
7349,1.7636,0.31779593569644
7350,1.76384,-0.418650324779535
7351,1.76408,0.266454552674465
7352,1.76432,0.32894111002209
7353,1.76456,0.0362269579055927
7354,1.7648,0.434107584177748
7355,1.76504,0.22933352548522
7356,1.76528,0.620729191302403
7357,1.76552,0.625734171127483
7358,1.76576,0.509177062656019
7359,1.766,0.748178321924212
7360,1.76624,0.964711817830344
7361,1.76648,0.937028461342743
7362,1.76672,0.545192916747629
7363,1.76696,1.22219798205921
7364,1.7672,0.94046123309525
7365,1.76744,1.37049215089809
7366,1.76768,1.06352641382101
7367,1.76792,1.24240844516509
7368,1.76816,1.54058476938155
7369,1.7684,1.10393488757644
7370,1.76864,1.26705084411713
7371,1.76888,1.67544664153888
7372,1.76912,1.59867985287489
7373,1.76936,1.76453678437486
7374,1.7696,1.80728087153124
7375,1.76984,1.84969054224164
7376,1.77008,1.88693272493791
7377,1.77032,1.57126115539695
7378,1.77056,2.21972591617465
7379,1.7708,1.66337555502343
7380,1.77104,1.84055577416795
7381,1.77128,2.49799267920476
7382,1.77152,2.30886758615518
7383,1.77176,1.77681790175136
7384,1.772,2.69172507497799
7385,1.77224,2.39953013546379
7386,1.77248,2.13449488137755
7387,1.77272,2.82413119903067
7388,1.77296,2.31817827973017
7389,1.7732,2.5575361167736
7390,1.77344,2.66353802791055
7391,1.77368,2.31867127604228
7392,1.77392,2.93934600616477
7393,1.77416,2.59703606290792
7394,1.7744,2.6479435723926
7395,1.77464,2.81218805433086
7396,1.77488,2.51494386961241
7397,1.77512,2.96555627139017
7398,1.77536,2.68113570898031
7399,1.7756,2.55115137578847
7400,1.77584,3.64192025709718
7401,1.77608,2.56348115216389
7402,1.77632,2.732962646175
7403,1.77656,3.73511498377065
7404,1.7768,2.58301064822364
7405,1.77704,2.80206551432237
7406,1.77728,3.36651266612406
7407,1.77752,2.63704297436161
7408,1.77776,2.79764706429126
7409,1.778,3.77475431058942
7410,1.77824,3.08457118118383
7411,1.77848,2.56607696979921
7412,1.77872,3.36941612645703
7413,1.77896,2.526484610397
7414,1.7792,3.03646884681847
7415,1.77944,3.77706498588756
7416,1.77968,2.14323373101343
7417,1.77992,2.96287360530507
7418,1.78016,3.53674752950987
7419,1.7804,2.10664052662013
7420,1.78064,2.87755267096991
7421,1.78088,3.75677859689815
7422,1.78112,2.25465901501588
7423,1.78136,2.74035618026166
7424,1.7816,3.57400836558465
7425,1.78184,2.61809324566852
7426,1.78208,2.56968933440524
7427,1.78232,3.47921313374214
7428,1.78256,2.47987815487667
7429,1.7828,2.50777537415658
7430,1.78304,3.60562760596256
7431,1.78328,2.5569749768369
7432,1.78352,2.41595450513286
7433,1.78376,3.58753930307762
7434,1.784,2.25793840301847
7435,1.78424,2.7895074527722
7436,1.78448,2.8216972104103
7437,1.78472,1.83521485934056
7438,1.78496,3.14983431636046
7439,1.7852,2.29913762415379
7440,1.78544,1.87908657603552
7441,1.78568,3.14461190779782
7442,1.78592,2.25052514355093
7443,1.78616,1.78991107015746
7444,1.7864,3.00248936665933
7445,1.78664,1.95057185021173
7446,1.78688,1.68706372638978
7447,1.78712,2.97016906329853
7448,1.78736,1.86624848378709
7449,1.7876,1.43087884466563
7450,1.78784,2.54647713036198
7451,1.78808,1.64821307354073
7452,1.78832,1.28511963555922
7453,1.78856,2.47616826494727
7454,1.7888,1.76034074615646
7455,1.78904,0.973475231144471
7456,1.78928,0.950534137299915
7457,1.78952,1.77056249416374
7458,1.78976,1.50949743215666
7459,1.79,1.30577886089174
7460,1.79024,1.34337773172743
7461,1.79048,1.98473362725879
7462,1.79072,0.634566382734591
7463,1.79096,1.22825318174943
7464,1.7912,1.33744249619119
7465,1.79144,0.280003257260637
7466,1.79168,0.705083782833444
7467,1.79192,1.00343163033965
7468,1.79216,0.479259574968119
7469,1.7924,0.477983494664518
7470,1.79264,1.07405669267381
7471,1.79288,0.607568070536962
7472,1.79312,0.53817055857905
7473,1.79336,0.579714272505397
7474,1.7936,-0.306756950226037
7475,1.79384,0.507667467006642
7476,1.79408,-0.0021221680978627
7477,1.79432,-0.111075777424716
7478,1.79456,0.496785355047192
7479,1.7948,-0.442446088917331
7480,1.79504,-0.268112467321797
7481,1.79528,0.139008574623799
7482,1.79552,-0.637790842184075
7483,1.79576,-0.0686533145826353
7484,1.796,-0.228778501510689
7485,1.79624,-0.841958655268256
7486,1.79648,-0.618528872900964
7487,1.79672,-0.492412039743781
7488,1.79696,-0.716327014960917
7489,1.7972,-0.827219228060558
7490,1.79744,-0.792818095590986
7491,1.79768,-0.875675981109371
7492,1.79792,-1.19922801593906
7493,1.79816,-0.903310494704161
7494,1.7984,-1.08413511257345
7495,1.79864,-1.03066604955747
7496,1.79888,-1.68646290462016
7497,1.79912,-1.12915781455524
7498,1.79936,-1.65489593479091
7499,1.7996,-1.34313650346748
7500,1.79984,-1.98926327324831
7501,1.80008,-1.55129079023766
7502,1.80032,-1.71259561761851
7503,1.80056,-1.75729497673643
7504,1.8008,-1.67491600181026
7505,1.80104,-2.08144336698791
7506,1.80128,-1.76489599615832
7507,1.80152,-1.80891749532769
7508,1.80176,-1.73752579472459
7509,1.802,-2.39560771883325
7510,1.80224,-2.20519641864984
7511,1.80248,-1.90556849889846
7512,1.80272,-2.58278753182659
7513,1.80296,-2.17388497138352
7514,1.8032,-1.77159210876902
7515,1.80344,-2.59125949008932
7516,1.80368,-2.67428573626552
7517,1.80392,-2.06257546340623
7518,1.80416,-2.53930731418577
7519,1.8044,-2.41295122973776
7520,1.80464,-2.67424817454516
7521,1.80488,-2.69315526247529
7522,1.80512,-2.36293582959765
7523,1.80536,-3.01980380021557
7524,1.8056,-2.58399321338667
7525,1.80584,-2.17904675652305
7526,1.80608,-3.22947028139557
7527,1.80632,-2.95018640576871
7528,1.80656,-2.46527936240848
7529,1.8068,-3.55931680063794
7530,1.80704,-3.08291236067674
7531,1.80728,-2.41552216181092
7532,1.80752,-3.18290429483281
7533,1.80776,-2.88559684656093
7534,1.808,-3.34868288170868
7535,1.80824,-3.67919623680374
7536,1.80848,-2.71518987607053
7537,1.80872,-3.23766027643929
7538,1.80896,-3.3796437817946
7539,1.8092,-2.3654712901993
7540,1.80944,-3.64013001597999
7541,1.80968,-2.41500638188404
7542,1.80992,-2.6847629514416
7543,1.81016,-3.31586588553185
7544,1.8104,-3.46093652697705
7545,1.81064,-2.33384733773361
7546,1.81088,-2.92365594026808
7547,1.81112,-3.62423956884067
7548,1.81136,-2.42069467362497
7549,1.8116,-2.83743601130466
7550,1.81184,-3.61184819190237
7551,1.81208,-2.59089761553137
7552,1.81232,-2.60320607570206
7553,1.81256,-3.68764368614343
7554,1.8128,-2.26505964481079
7555,1.81304,-2.47343613579562
7556,1.81328,-3.51281342992037
7557,1.81352,-2.51742015813015
7558,1.81376,-2.5522161371311
7559,1.814,-3.54402462343782
7560,1.81424,-2.26744766691545
7561,1.81448,-2.61632080419524
7562,1.81472,-3.43410543142879
7563,1.81496,-2.00203673318582
7564,1.8152,-2.78475711496772
7565,1.81544,-2.95132651765413
7566,1.81568,-1.84960504221049
7567,1.81592,-3.17254436018234
7568,1.81616,-2.21969925617776
7569,1.8164,-2.17186412255597
7570,1.81664,-2.83169284547589
7571,1.81688,-1.73008656959988
7572,1.81712,-2.70820263552779
7573,1.81736,-2.70401463882424
7574,1.8176,-1.79756907237343
7575,1.81784,-1.78553732086184
7576,1.81808,-2.71772305278427
7577,1.81832,-1.63866480187022
7578,1.81856,-1.69900069829506
7579,1.8188,-2.69646606692216
7580,1.81904,-1.68275593212951
7581,1.81928,-1.56962961282668
7582,1.81952,-2.16297799578768
7583,1.81976,-1.34970775455003
7584,1.82,-1.30816091860203
7585,1.82024,-1.39809227276586
7586,1.82048,-2.21232009265224
7587,1.82072,-1.94907348756284
7588,1.82096,-1.03032006227055
7589,1.8212,-1.32828678921386
7590,1.82144,-1.86095696010632
7591,1.82168,-0.267957729414581
7592,1.82192,-1.11648761637176
7593,1.82216,-1.8365591017777
7594,1.8224,-0.315772150695544
7595,1.82264,-0.505818947151722
7596,1.82288,-1.40614881368785
7597,1.82312,-0.305322582330685
7598,1.82336,-0.544712390824282
7599,1.8236,-1.26216847858713
7600,1.82384,-0.21336717465426
7601,1.82408,-0.380194891733798
7602,1.82432,-0.673386920657916
7603,1.82456,-0.162967663999447
7604,1.8248,-0.248209478711476
7605,1.82504,-0.121356581943499
7606,1.82528,-0.132148962289963
7607,1.82552,0.220250074542493
7608,1.82576,0.174646399218565
7609,1.826,-0.110081313521257
7610,1.82624,0.677520390822278
7611,1.82648,0.47320992166038
7612,1.82672,-0.204560914964832
7613,1.82696,0.784873182694676
7614,1.8272,0.790814127029339
7615,1.82744,0.444282101112592
7616,1.82768,0.794199501423761
7617,1.82792,0.776032164372243
7618,1.82816,1.1183325639977
7619,1.8284,0.719131923569754
7620,1.82864,0.798767819219143
7621,1.82888,1.00053172119787
7622,1.82912,1.18197050799821
7623,1.82936,1.1306166245117
7624,1.8296,1.42638274176531
7625,1.82984,1.35362637836377
7626,1.83008,1.65601286110227
7627,1.83032,1.34358876639478
7628,1.83056,1.74902274386041
7629,1.8308,1.43492819369607
7630,1.83104,2.07517176870179
7631,1.83128,1.63421207754477
7632,1.83152,2.15829106165155
7633,1.83176,1.72183030335722
7634,1.832,1.76203802194096
7635,1.83224,2.04847995390304
7636,1.83248,1.97762719279477
7637,1.83272,1.90341727082116
7638,1.83296,1.96179252462188
7639,1.8332,2.6240600198043
7640,1.83344,2.31999962849272
7641,1.83368,2.02862945569949
7642,1.83392,2.35151264744785
7643,1.83416,2.43193794099298
7644,1.8344,2.15896268837811
7645,1.83464,2.86415701294615
7646,1.83488,2.24001193460707
7647,1.83512,2.2405494050753
7648,1.83536,3.21108305043599
7649,1.8356,2.13489451682164
7650,1.83584,2.65444767435032
7651,1.83608,3.16311946946705
7652,1.83632,2.01013414433324
7653,1.83656,2.80839006702545
7654,1.8368,2.87093090790239
7655,1.83704,2.13119567052443
7656,1.83728,3.19648546920365
7657,1.83752,2.93737187571257
7658,1.83776,2.60220511625563
7659,1.838,3.23577615805005
7660,1.83824,3.1404087487287
7661,1.83848,2.25416584846908
7662,1.83872,3.40839464308619
7663,1.83896,2.53641426503594
7664,1.8392,3.0330513292252
7665,1.83944,3.86414984155109
7666,1.83968,2.79804219761074
7667,1.83992,2.61789210956254
7668,1.84016,3.55184720463089
7669,1.8404,3.13905650699299
7670,1.84064,2.66167103414591
7671,1.84088,3.16177125517016
7672,1.84112,3.66206028693964
7673,1.84136,2.96952756609638
7674,1.8416,2.82129862899263
7675,1.84184,3.40215615692234
7676,1.84208,2.89854775082518
7677,1.84232,2.81836616043319
7678,1.84256,3.58128388000632
7679,1.8428,2.54789125995726
7680,1.84304,2.54866050509948
7681,1.84328,3.62197917733413
7682,1.84352,2.5393443829708
7683,1.84376,2.72522151609976
7684,1.844,3.62339422954824
7685,1.84424,2.26004453635998
7686,1.84448,2.76103231409541
7687,1.84472,3.49105309876446
7688,1.84496,1.97197336742712
7689,1.8452,3.13501938613329
7690,1.84544,2.84931258499145
7691,1.84568,2.02991683883995
7692,1.84592,3.25979706215891
7693,1.84616,2.32931422732622
7694,1.8464,2.3106607098189
7695,1.84664,3.1195222786581
7696,1.84688,1.92130801462904
7697,1.84712,2.45106656738108
7698,1.84736,2.84630669461006
7699,1.8476,1.73045573736251
7700,1.84784,2.92676609339769
7701,1.84808,2.31523256416575
7702,1.84832,1.41019524410506
7703,1.84856,2.79676444039848
7704,1.8488,2.1414590882502
7705,1.84904,1.31170197815265
7706,1.84928,2.76690525810841
7707,1.84952,1.94520345305016
7708,1.84976,1.54647246602832
7709,1.85,2.5803084114715
7710,1.85024,1.71779517231653
7711,1.85048,1.51032420310799
7712,1.85072,2.13581768931104
7713,1.85096,1.2539698034221
7714,1.8512,1.35428170645346
7715,1.85144,2.17833220877729
7716,1.85168,1.80404026867233
7717,1.85192,1.01644336851147
7718,1.85216,1.20306997465577
7719,1.8524,1.75197209516366
7720,1.85264,0.285568347108108
7721,1.85288,1.26242326619606
7722,1.85312,1.27138792726291
7723,1.85336,0.246773675081792
7724,1.8536,0.918774905500497
7725,1.85384,1.46421748845785
7726,1.85408,0.247752283904243
7727,1.85432,0.376390743701263
7728,1.85456,1.34063810681994
7729,1.8548,0.174472521475883
7730,1.85504,0.120473196197563
7731,1.85528,1.13937907192953
7732,1.85552,0.0209945543498431
7733,1.85576,0.0100715593288205
7734,1.856,0.595423082476143
7735,1.85624,-0.228569184433514
7736,1.85648,0.0317696468082711
7737,1.85672,0.066489055350383
7738,1.85696,-0.232832752365908
7739,1.8572,-0.300049519612278
7740,1.85744,-0.819983641539755
7741,1.85768,-0.00328883213039122
7742,1.85792,-0.270902660925367
7743,1.85816,-0.634771581316976
7744,1.8584,-0.524966791333957
7745,1.85864,-0.750145537682114
7746,1.85888,-0.488683410143317
7747,1.85912,-0.707025230658871
7748,1.85936,-1.38688936083118
7749,1.8596,-1.10945646734985
7750,1.85984,-1.06138263335861
7751,1.86008,-1.00031862699532
7752,1.86032,-1.06786832471441
7753,1.86056,-1.6010092100528
7754,1.8608,-1.04567116477062
7755,1.86104,-1.35076313892799
7756,1.86128,-1.38732120855441
7757,1.86152,-1.79065167852819
7758,1.86176,-1.47041562749581
7759,1.862,-1.39260460966405
7760,1.86224,-1.43428614496318
7761,1.86248,-2.07966807558888
7762,1.86272,-1.63755772291109
7763,1.86296,-2.16058387534315
7764,1.8632,-1.85127545161319
7765,1.86344,-2.3785032420626
7766,1.86368,-2.18749402547218
7767,1.86392,-1.88835053037083
7768,1.86416,-2.18527396205792
7769,1.8644,-2.24802744754621
7770,1.86464,-2.20839627204944
7771,1.86488,-2.4009227170457
7772,1.86512,-2.37021088975775
7773,1.86536,-2.46981313866619
7774,1.8656,-2.32246346030692
7775,1.86584,-2.55858681928037
7776,1.86608,-2.91615058240489
7777,1.86632,-2.19700396151561
7778,1.86656,-2.94858804285947
7779,1.8668,-2.72692107708108
7780,1.86704,-2.05430002560374
7781,1.86728,-3.08160899165427
7782,1.86752,-2.89284791830435
7783,1.86776,-2.38600929972547
7784,1.868,-3.43917931202582
7785,1.86824,-2.33572136924044
7786,1.86848,-2.83771968744099
7787,1.86872,-3.68449826242982
7788,1.86896,-2.50503583347015
7789,1.8692,-2.45455522189641
7790,1.86944,-3.23758446496847
7791,1.86968,-2.83532434386076
7792,1.86992,-3.55493285462152
7793,1.87016,-3.17142797313897
7794,1.8704,-2.82498272270552
7795,1.87064,-3.23904241483484
7796,1.87088,-3.87820607775402
7797,1.87112,-2.85975766939006
7798,1.87136,-2.48625895330452
7799,1.8716,-2.86532916449901
7800,1.87184,-3.4792040728994
7801,1.87208,-3.7348841053308
7802,1.87232,-2.35134138393663
7803,1.87256,-3.05842748716922
7804,1.8728,-3.7494782987575
7805,1.87304,-2.53598751788309
7806,1.87328,-2.82900923518086
7807,1.87352,-3.71475137275188
7808,1.87376,-2.33519541768492
7809,1.874,-2.93605548566984
7810,1.87424,-3.64959379425559
7811,1.87448,-1.99529299413382
7812,1.87472,-2.90970322465273
7813,1.87496,-3.69256283249667
7814,1.8752,-2.46636849663934
7815,1.87544,-2.85250048836331
7816,1.87568,-3.34805512341485
7817,1.87592,-1.84438537268309
7818,1.87616,-3.02219981830399
7819,1.8764,-2.98677732998498
7820,1.87664,-2.05083223637471
7821,1.87688,-3.28991735602097
7822,1.87712,-2.25619846844183
7823,1.87736,-2.60420294172655
7824,1.8776,-2.93289841220055
7825,1.87784,-1.7523853645997
7826,1.87808,-2.41375012979163
7827,1.87832,-2.81978658494506
7828,1.87856,-1.71423382223587
7829,1.8788,-2.33262385191353
7830,1.87904,-2.5741703314433
7831,1.87928,-1.66420485874683
7832,1.87952,-2.1227920694502
7833,1.87976,-2.20333153468874
7834,1.88,-1.37970733367068
7835,1.88024,-2.48252720889427
7836,1.88048,-1.45038801018527
7837,1.88072,-1.66899686667244
7838,1.88096,-2.11246612845791
7839,1.8812,-1.27508651672907
7840,1.88144,-2.14458898432536
7841,1.88168,-0.634079501528782
7842,1.88192,-0.985133495794187
7843,1.88216,-1.45701500211751
7844,1.8824,-1.9268871161322
7845,1.88264,-1.09076697539493
7846,1.88288,-0.915256310421081
7847,1.88312,-1.93975769992335
7848,1.88336,-1.17221731225691
7849,1.8836,-0.226235271956012
7850,1.88384,-1.21232758722818
7851,1.88408,-1.47099642017162
7852,1.88432,-0.428061083660015
7853,1.88456,-0.394995681960368
7854,1.8848,-1.43891919439538
7855,1.88504,-0.342248596922963
7856,1.88528,-0.357782345829121
7857,1.88552,-1.0904160783037
7858,1.88576,-0.0549688536483148
7859,1.886,-0.356628849691701
7860,1.88624,-0.541425091495138
7861,1.88648,0.079184082740432
7862,1.88672,-0.262796197833446
7863,1.88696,-0.0247605397104635
7864,1.8872,0.0716617391819563
7865,1.88744,0.170139892154344
7866,1.88768,0.237692279959495
7867,1.88792,0.302472487228455
7868,1.88816,-0.000520204262020707
7869,1.8884,0.512832743655659
7870,1.88864,0.30278786349282
7871,1.88888,0.565526743963938
7872,1.88912,1.04423850841853
7873,1.88936,0.559657217212414
7874,1.8896,0.792699450351993
7875,1.88984,1.24423017360789
7876,1.89008,0.853490214727947
7877,1.89032,0.699907758466149
7878,1.89056,1.37413337861587
7879,1.8908,1.08788889598139
7880,1.89104,1.14854171745295
7881,1.89128,1.08603623297939
7882,1.89152,1.02398700463007
7883,1.89176,1.67414894725741
7884,1.892,1.23892899076276
7885,1.89224,1.64836171569698
7886,1.89248,1.57238976996117
7887,1.89272,1.73436128796355
7888,1.89296,1.65859490483268
7889,1.8932,1.94255408831097
7890,1.89344,1.73960716719871
7891,1.89368,2.02447445266471
7892,1.89392,1.95283710086934
7893,1.89416,1.99523068916913
7894,1.8944,2.16850679091283
7895,1.89464,2.1045952805514
7896,1.89488,1.91936152179429
7897,1.89512,2.22815874531346
7898,1.89536,2.65678707650444
7899,1.8956,2.36403182987929
7900,1.89584,1.97461971674615
7901,1.89608,2.78387539912079
7902,1.89632,2.39216345315124
7903,1.89656,2.38721602380043
7904,1.8968,2.61131999064839
7905,1.89704,2.50094747822115
7906,1.89728,2.75867651733763
7907,1.89752,2.53260441680819
7908,1.89776,2.93730622488732
7909,1.898,2.73377125536682
7910,1.89824,2.31332029412841
7911,1.89848,3.23916291471544
7912,1.89872,2.82939538697678
7913,1.89896,2.56977013720208
7914,1.8992,3.17687783830019
7915,1.89944,2.92828537674102
7916,1.89968,2.59434761216603
7917,1.89992,3.25209434666522
7918,1.90016,2.93267466739756
7919,1.9004,2.64632885469828
7920,1.90064,3.23802941637354
7921,1.90088,3.44300811631202
7922,1.90112,2.37072944784568
7923,1.90136,3.60597005422127
7924,1.9016,3.38774521206273
7925,1.90184,2.37714931341118
7926,1.90208,3.77553030954025
7927,1.90232,2.43045501606316
7928,1.90256,2.81916356755921
7929,1.9028,3.21271204197744
7930,1.90304,3.84074746129707
7931,1.90328,2.33450574525211
7932,1.90352,2.81154887674052
7933,1.90376,3.4099193511325
7934,1.904,2.80434624921255
7935,1.90424,2.50821868000168
7936,1.90448,3.18197506801595
7937,1.90472,3.00667199044873
7938,1.90496,2.29263844889781
7939,1.9052,3.1591850955214
7940,1.90544,3.05414288014286
7941,1.90568,2.16757897340571
7942,1.90592,3.22717003239938
7943,1.90616,2.83305895396885
7944,1.9064,2.38678792251113
7945,1.90664,3.50583154025342
7946,1.90688,2.23455093149242
7947,1.90712,2.59186461176269
7948,1.90736,3.29079145853373
7949,1.9076,1.86732188548227
7950,1.90784,3.00841895030763
7951,1.90808,2.57569517407014
7952,1.90832,2.0899797494824
7953,1.90856,3.28800608918076
7954,1.9088,1.98645340535195
7955,1.90904,2.42289280168977
7956,1.90928,2.95905047816943
7957,1.90952,1.86109997290631
7958,1.90976,2.37172083305251
7959,1.91,2.61993942046939
7960,1.91024,1.71974576685844
7961,1.91048,2.30398856421297
7962,1.91072,2.15037799627191
7963,1.91096,1.33446069615954
7964,1.9112,2.56834765201219
7965,1.91144,2.12181538316034
7966,1.91168,1.3740983731996
7967,1.91192,1.75124019514193
7968,1.91216,2.10539264696983
7969,1.9124,1.17911414590289
7970,1.91264,1.26602911652154
7971,1.91288,1.36155650967417
7972,1.91312,2.06085366366801
7973,1.91336,0.503539454364485
7974,1.9136,1.27813114130115
7975,1.91384,1.80412884575681
7976,1.91408,1.13636373090296
7977,1.91432,0.774136037328241
7978,1.91456,1.37041393194788
7979,1.9148,0.303312200869248
7980,1.91504,0.954598482468962
7981,1.91528,1.47736416252583
7982,1.91552,0.347813165955239
7983,1.91576,0.46227294663788
7984,1.916,0.810986305415938
7985,1.91624,0.0942094736628067
7986,1.91648,0.50273206761283
7987,1.91672,0.540208477412933
7988,1.91696,0.00647957248923725
7989,1.9172,0.454341266285732
7990,1.91744,-0.0612657015269971
7991,1.91768,-0.176000381728446
7992,1.91792,0.549747891779845
7993,1.91816,-0.277743954369227
7994,1.9184,-0.352335770135617
7995,1.91864,0.168525610326125
7996,1.91888,-0.723406565007867
7997,1.91912,-0.29168963901819
7998,1.91936,-0.2134274935163
7999,1.9196,-0.830021565956062
8000,1.91984,-0.729092788461672
8001,1.92008,-0.487582356510118
8002,1.92032,-0.595788115757778
8003,1.92056,-0.827917743053765
8004,1.9208,-0.920621677643649
8005,1.92104,-0.759765662317621
8006,1.92128,-0.728724621679547
8007,1.92152,-1.2850957429999
8008,1.92176,-0.984190645569223
8009,1.922,-1.05313476702869
8010,1.92224,-1.58749119391418
8011,1.92248,-1.03319871947716
8012,1.92272,-1.459840949508
8013,1.92296,-1.73720378035389
8014,1.9232,-1.54044565717688
8015,1.92344,-1.22477331908328
8016,1.92368,-1.62849783246952
8017,1.92392,-1.7935722843775
8018,1.92416,-2.19266404627465
8019,1.9244,-1.86964621098347
8020,1.92464,-1.55714373192652
8021,1.92488,-2.20444435082301
8022,1.92512,-2.00529765495738
8023,1.92536,-2.29909949490302
8024,1.9256,-1.99378455470703
8025,1.92584,-1.80879979087855
8026,1.92608,-2.24357694412183
8027,1.92632,-2.55067694220613
8028,1.92656,-2.02138015307527
8029,1.9268,-2.11699251318734
8030,1.92704,-2.80734148341496
8031,1.92728,-2.30208221527602
8032,1.92752,-2.54211234932001
8033,1.92776,-2.76719920465867
8034,1.928,-2.29839728035346
8035,1.92824,-2.91989092655206
8036,1.92848,-2.57837370716382
8037,1.92872,-2.74759431677125
8038,1.92896,-2.67005846259029
8039,1.9292,-2.50222234320507
8040,1.92944,-3.54593826902718
8041,1.92968,-2.18369681768777
8042,1.92992,-2.78793478551684
8043,1.93016,-3.13520178474987
8044,1.9304,-2.19305087696534
8045,1.93064,-3.07300004201031
8046,1.93088,-2.98382361945979
8047,1.93112,-2.45623029087572
8048,1.93136,-3.50722776532857
8049,1.9316,-3.10468058715122
8050,1.93184,-2.74171196100315
8051,1.93208,-3.73389896450139
8052,1.93232,-2.67132076804626
8053,1.93256,-2.86052687450009
8054,1.9328,-3.15892216048479
8055,1.93304,-2.53602744755346
8056,1.93328,-2.67540424723329
8057,1.93352,-3.29594724851016
8058,1.93376,-3.31390242133362
8059,1.934,-2.42285926631474
8060,1.93424,-3.11649091363175
8061,1.93448,-3.68423731368387
8062,1.93472,-2.23790871008279
8063,1.93496,-2.77466503353978
8064,1.9352,-3.54279187871469
8065,1.93544,-2.74922047452416
8066,1.93568,-2.50890940735598
8067,1.93592,-3.58980933215072
8068,1.93616,-2.62791565306622
8069,1.9364,-2.57935875377146
8070,1.93664,-3.48816687247272
8071,1.93688,-2.36634651733483
8072,1.93712,-2.8665379945008
8073,1.93736,-3.23253707209877
8074,1.9376,-2.20745395744159
8075,1.93784,-3.25028631421254
8076,1.93808,-2.48959693046583
8077,1.93832,-2.51592276790124
8078,1.93856,-3.3758729823078
8079,1.9388,-1.98322432943343
8080,1.93904,-2.80360154350999
8081,1.93928,-2.76998061565756
8082,1.93952,-1.83303045477326
8083,1.93976,-3.19239469768192
8084,1.94,-2.27174021297303
8085,1.94024,-1.90310138395044
8086,1.94048,-2.96944625399732
8087,1.94072,-2.12668599369164
8088,1.94096,-1.47092366033878
8089,1.9412,-2.6241525100927
8090,1.94144,-2.21575795875164
8091,1.94168,-1.14816268136865
8092,1.94192,-2.73590158626316
8093,1.94216,-2.0371215948106
8094,1.9424,-1.15990553843006
8095,1.94264,-2.45491924527971
8096,1.94288,-1.71545193585376
8097,1.94312,-1.2772026231075
8098,1.94336,-1.67026058918084
8099,1.9436,-0.567524726960106
8100,1.94384,-1.64142623003177
8101,1.94408,-1.98745940976677
8102,1.94432,-1.38238058153361
8103,1.94456,-1.08158380789094
8104,1.9448,-1.14352924902544
8105,1.94504,-2.05097341792962
8106,1.94528,-0.237705178321472
8107,1.94552,-1.09656954152619
8108,1.94576,-0.749963947096442
8109,1.946,-0.454023753677939
8110,1.94624,-1.12572466486569
8111,1.94648,-0.832871022623137
8112,1.94672,0.00949572636482909
8113,1.94696,-0.838556689940679
8114,1.9472,-0.481665907287821
8115,1.94744,0.188888488614913
8116,1.94768,-0.948991112028079
8117,1.94792,-0.286692841837728
8118,1.94816,0.0943444324734115
8119,1.9484,-0.840330919145195
8120,1.94864,0.242130044650628
8121,1.94888,0.105010488073986
8122,1.94912,-0.27481433498934
8123,1.94936,0.394336820930286
8124,1.9496,-0.0225298383072021
8125,1.94984,0.161761292637224
8126,1.95008,0.674909695052505
8127,1.95032,0.351257598337994
8128,1.95056,0.133088647204541
8129,1.9508,1.09591228010473
8130,1.95104,0.736110066185927
8131,1.95128,0.488896570476923
8132,1.95152,0.944583274686112
8133,1.95176,1.03479319174822
8134,1.952,0.640894563357835
8135,1.95224,1.07725749482481
8136,1.95248,1.15034929647748
8137,1.95272,0.857567437003879
8138,1.95296,1.5166144870643
8139,1.9532,1.33506360243399
8140,1.95344,1.38149714496975
8141,1.95368,1.42769207028179
8142,1.95392,1.47518256273763
8143,1.95416,1.40238638687842
8144,1.9544,1.32688399022115
8145,1.95464,1.36988646193111
8146,1.95488,2.01610973570709
8147,1.95512,1.57559813704935
8148,1.95536,1.73633969504826
8149,1.9556,2.26564631449692
8150,1.95584,1.58711993840201
8151,1.95608,1.64280796500298
8152,1.95632,2.3000622653548
8153,1.95656,2.22978257035006
8154,1.9568,2.29667966892157
8155,1.95704,2.24883361675955
8156,1.95728,2.31337971431274
8157,1.95752,2.40096765609006
8158,1.95776,2.61064410259841
8159,1.958,2.33552938568426
8160,1.95824,2.44623420985817
8161,1.95848,2.43137845211035
8162,1.95872,2.31393766379838
8163,1.95896,3.05208868352561
8164,1.9592,2.46194514020469
8165,1.95944,2.50762642375396
8166,1.95968,3.14675845104554
8167,1.95992,2.35768160725003
8168,1.96016,2.91815339531314
8169,1.9604,2.86631312200095
8170,1.96064,2.72869103448413
8171,1.96088,2.84902405978438
8172,1.96112,2.96138401457815
8173,1.96136,2.38860464241277
8174,1.9616,3.39754321292605
8175,1.96184,2.94982337916304
8176,1.96208,2.66607431585468
8177,1.96232,3.49567430094504
8178,1.96256,3.09647023912989
8179,1.9628,2.73468075377079
8180,1.96304,3.49141291386416
8181,1.96328,3.14751977354327
8182,1.96352,2.96340937955354
8183,1.96376,3.65777101302283
8184,1.964,2.42150883866127
8185,1.96424,2.80624476906034
8186,1.96448,3.19593383093103
8187,1.96472,3.82021844516409
8188,1.96496,2.30907180004399
8189,1.9652,2.78263983479725
8190,1.96544,3.3763755270134
8191,1.96568,3.24583946591177
8192,1.96592,2.57375368751218
8193,1.96616,3.35509371022057
8194,1.9664,3.17423321311866
8195,1.96664,2.45462876037489
8196,1.96688,3.54425036826836
8197,1.96712,2.4820631481676
8198,1.96736,2.9223208475626
8199,1.9676,3.10416827105215
8200,1.96784,2.26300344149377
8201,1.96808,3.24287131429671
8202,1.96832,2.65492566184809
8203,1.96856,2.61337715676858
8204,1.9688,3.40966140122523
8205,1.96904,1.95404575662929
8206,1.96928,2.82747852023017
8207,1.96952,2.84691629224382
8208,1.96976,1.9652027533618
8209,1.97,3.25945432143687
8210,1.97024,2.27962226013268
8211,1.97048,2.08672177068023
8212,1.97072,3.20440998110357
8213,1.97096,2.05949434457321
8214,1.9712,2.53372949537888
8215,1.97144,2.51429739473802
8216,1.97168,1.34981640860916
8217,1.97192,2.6140604366049
8218,1.97216,2.19087218259727
8219,1.9724,1.34626304854305
8220,1.97264,2.79156683758802
8221,1.97288,1.84291094694479
8222,1.97312,1.79655672329286
8223,1.97336,2.34384261367568
8224,1.9736,1.60117652330116
8225,1.97384,1.98391282385883
8226,1.97408,1.63779221528878
8227,1.97432,0.627394664215833
8228,1.97456,1.68905282568114
8229,1.9748,1.89469858821115
8230,1.97504,0.805069216246519
8231,1.97528,1.08819453194874
8232,1.97552,1.84610698945751
8233,1.97576,1.05252635929019
8234,1.976,0.802745453484042
8235,1.97624,1.39681126844952
8236,1.97648,1.38927901945003
8237,1.97672,0.713774991877602
8238,1.97696,0.885077559660932
8239,1.9772,0.348578972561173
8240,1.97744,0.700031424234339
8241,1.97768,0.802833377988652
8242,1.97792,-0.0372235701435644
8243,1.97816,0.608263936169363
8244,1.9784,0.882407904312106
8245,1.97864,-0.143223537010344
8246,1.97888,0.190510771042897
8247,1.97912,0.755518425026445
8248,1.97936,-0.335105003007431
8249,1.9796,-0.0831026438539808
8250,1.97984,0.28670273340722
8251,1.98008,-0.512394000960102
8252,1.98032,-0.109681735718104
8253,1.98056,-0.173557756421418
8254,1.9808,-0.573682239183095
8255,1.98104,-0.379120555716522
8256,1.98128,-0.639588037495318
8257,1.98152,-0.53361204552734
8258,1.98176,-0.785632018408739
8259,1.982,-0.772012041027624
8260,1.98224,-0.875572191593145
8261,1.98248,-0.981980912372584
8262,1.98272,-0.704759507737918
8263,1.98296,-0.786049473310095
8264,1.9832,-0.865200059528314
8265,1.98344,-1.40819579320921
8266,1.98368,-1.35933385111688
8267,1.98392,-1.05136285188557
8268,1.98416,-1.22324643135045
8269,1.9844,-1.27464499955768
8270,1.98464,-1.4346980749431
8271,1.98488,-1.72066218110906
8272,1.98512,-1.28570114371319
8273,1.98536,-1.32860241666529
8274,1.9856,-1.49372843757526
8275,1.98584,-2.13625683538289
8276,1.98608,-1.45540454986549
8277,1.98632,-1.98041121101648
8278,1.98656,-2.02901151490307
8279,1.9868,-1.95045446790644
8280,1.98704,-2.12136309874013
8281,1.98728,-2.30189767403642
8282,1.98752,-2.23393972365258
8283,1.98776,-2.30327917786696
8284,1.988,-2.25798519816074
8285,1.98824,-2.32518521145413
8286,1.98848,-2.41551936882801
8287,1.98872,-2.62802492842353
8288,1.98896,-2.35581613456278
8289,1.9892,-2.46949437345562
8290,1.98944,-2.57666496233372
8291,1.98968,-2.46328357304454
8292,1.98992,-2.8437439384958
8293,1.99016,-2.49732096963891
8294,1.9904,-2.54692444691694
8295,1.99064,-3.43728326236233
8296,1.99088,-2.287758272912
8297,1.99112,-2.85961557145751
8298,1.99136,-3.41835213910421
8299,1.9916,-2.19432368838288
8300,1.99184,-2.92878488854799
8301,1.99208,-3.16446121669257
8302,1.99232,-2.35549026278712
8303,1.99256,-3.37145512367858
8304,1.9928,-2.93145475240812
8305,1.99304,-2.65524611951214
8306,1.99328,-3.4922087038429
8307,1.99352,-3.10019089941926
8308,1.99376,-2.74541371117138
8309,1.994,-3.27371843999101
8310,1.99424,-3.30249858303482
8311,1.99448,-2.17836444889758
8312,1.99472,-3.5867523914545
8313,1.99496,-2.38028550918487
8314,1.9952,-2.77584530082908
8315,1.99544,-3.40565214513323
8316,1.99568,-3.55728450887025
8317,1.99592,-2.43474759559838
8318,1.99616,-3.2665015765163
8319,1.9964,-3.24295241903067
8320,1.99664,-2.31224868124303
8321,1.99688,-2.98008978557036
8322,1.99712,-3.87137029619158
8323,1.99736,-2.27401469105905
8324,1.9976,-3.00716188226684
8325,1.99784,-3.36569878492952
8326,1.99808,-2.08674842861353
8327,1.99832,-2.89554499821182
8328,1.99856,-3.20694787724299
8329,1.9988,-2.1236416781717
8330,1.99904,-3.00273038695262
8331,1.99928,-2.90484528356672
8332,1.99952,-2.26888243303706
8333,1.99976,-3.32761396052619
8334,2,-2.34780720031421
8335,2.00024,-2.51389246236503
8336,2.00048,-3.0295849554506
8337,2.00072,-1.78865307767368
8338,2.00096,-2.86738750596414
8339,2.0012,-2.61253671149884
8340,2.00144,-1.58003246398238
8341,2.00168,-2.60978932466411
8342,2.00192,-2.66817529564294
8343,2.00216,-1.70570967064277
8344,2.0024,-3.15676403141949
8345,2.00264,-2.09241195395951
8346,2.00288,-1.81630136118344
8347,2.00312,-2.97105394569423
8348,2.00336,-2.10157697412235
8349,2.0036,-1.65792990050522
8350,2.00384,-2.28670809158481
8351,2.00408,-1.39322548562138
8352,2.00432,-2.10495580750829
8353,2.00456,-2.19214446866582
8354,2.0048,-1.36374348656307
8355,2.00504,-1.18968394944076
8356,2.00528,-1.38593640997264
8357,2.00552,-2.18825076414641
8358,2.00576,-1.79215232438787
8359,2.006,-1.22107210045303
8360,2.00624,-1.25883021835899
8361,2.00648,-2.02336147022352
8362,2.00672,-0.421498630066797
8363,2.00696,-1.37460642190426
8364,2.0072,-1.2389407833633
8365,2.00744,-0.180447341131379
8366,2.00768,-1.19473257665787
8367,2.00792,-1.24137665190798
8368,2.00816,-0.0109902041408357
8369,2.0084,-0.366787920480597
8370,2.00864,-1.1963035516183
8371,2.00888,-0.136075179265927
8372,2.00912,-0.414676564722126
8373,2.00936,-0.574523439303515
8374,2.0096,-0.0519127854814216
8375,2.00984,-0.731023492723349
8376,2.01008,-0.104616517983602
8377,2.01032,0.0113896795118453
8378,2.01056,-0.346664590232781
8379,2.0108,0.34406468633628
8380,2.01104,0.0661511617146335
8381,2.01128,-0.218661039253776
8382,2.01152,0.672159686285751
8383,2.01176,0.358351803703018
8384,2.012,0.388399137667815
8385,2.01224,0.643170748685691
8386,2.01248,0.782768513893522
8387,2.01272,0.537898172304771
8388,2.01296,0.529076640484426
8389,2.0132,0.875788062231208
8390,2.01344,1.32136643968816
8391,2.01368,1.05105790329062
8392,2.01392,0.765805911488268
8393,2.01416,1.07937321277774
8394,2.0144,1.27126038613654
8395,2.01464,1.20906349551643
8396,2.01488,1.50106469169049
8397,2.01512,1.67841270759111
8398,2.01536,1.24303831515848
8399,2.0156,1.16561366786668
8400,2.01584,1.81416966896696
8401,2.01608,1.73573622888525
8402,2.01632,1.66438164494351
8403,2.01656,1.70780194125607
8404,2.0168,1.99142424201453
8405,2.01704,1.78846640055212
8406,2.01728,2.07362706685952
8407,2.01752,1.76200436997644
8408,2.01776,1.92594474257236
8409,2.018,2.0994085110349
8410,2.01824,2.51576167441332
8411,2.01848,1.72865431130125
8412,2.01872,1.8023413613614
8413,2.01896,2.717595863762
8414,2.0192,2.42652345388537
8415,2.01944,2.27839173068804
8416,2.01968,2.37374167906573
8417,2.01992,1.99029212130209
8418,2.02016,2.71179625814374
8419,2.0204,2.93795637628549
8420,2.02064,2.10864147466166
8421,2.02088,3.09406512945022
8422,2.02112,2.75015004780381
8423,2.02136,2.44723160611179
8424,2.0216,3.09584803772984
8425,2.02184,2.31668458697534
8426,2.02208,2.88999408903639
8427,2.02232,2.96889918175393
8428,2.02256,2.1256156362025
8429,2.0228,3.21279244045527
8430,2.02304,3.09304187054589
8431,2.02328,2.29363370615061
8432,2.02352,3.31890944430686
8433,2.02376,2.88797330098689
8434,2.024,2.62058593655069
8435,2.02424,3.58279619256387
8436,2.02448,3.20305643937865
8437,2.02472,2.27550950603043
8438,2.02496,3.75121437748382
8439,2.0252,3.41825816705511
8440,2.02544,2.41180781480724
8441,2.02568,2.76899794040896
8442,2.02592,3.37037264041083
8443,2.02616,3.24762768406324
8444,2.0264,2.69872887597503
8445,2.02664,3.24579163022624
8446,2.02688,3.78699037365114
8447,2.02712,2.19897769763896
8448,2.02736,2.94916321884752
8449,2.0276,3.57144360843955
8450,2.02784,2.52400694264209
8451,2.02808,2.51124566267473
8452,2.02832,3.57153535054688
8453,2.02856,2.47636012032619
8454,2.0288,2.88370401458063
8455,2.02904,3.52348872482219
8456,2.02928,2.15741853787381
8457,2.02952,3.11101019924883
8458,2.02976,2.97214359302826
8459,2.03,2.41566448389612
8460,2.03024,3.43004641454382
8461,2.03048,2.40946180373428
8462,2.03072,2.65559339123712
8463,2.03096,3.25042785200666
8464,2.0312,1.84385907576187
8465,2.03144,3.11371412884688
8466,2.03168,2.57766788061924
8467,2.03192,2.10738971105568
8468,2.03216,3.19561800979812
8469,2.0324,2.02610377493402
8470,2.03264,2.11800902364586
8471,2.03288,3.03614442345988
8472,2.03312,2.05961880912289
8473,2.03336,1.75063299456827
8474,2.0336,2.99042473652215
8475,2.03384,1.96431468420951
8476,2.03408,1.484047825704
8477,2.03432,2.68449097579813
8478,2.03456,2.08728435871021
8479,2.0348,1.30744102807137
8480,2.03504,2.46461642785738
8481,2.03528,1.82109148334364
8482,2.03552,0.996930540210357
8483,2.03576,2.21847927251177
8484,2.036,0.950367748084331
8485,2.03624,1.05486199115812
8486,2.03648,1.52271318275615
8487,2.03672,1.99228331941753
8488,2.03696,1.27137435911136
8489,2.0372,0.975141748546027
8490,2.03744,1.52204189201381
8491,2.03768,1.82797555381089
8492,2.03792,0.864960529938192
8493,2.03816,0.878338757186046
8494,2.0384,1.01661434294099
8495,2.03864,0.243999138024689
8496,2.03888,1.16345554709402
8497,2.03912,1.23340654135127
8498,2.03936,0.024750103956819
8499,2.0396,0.999485360972888
8500,2.03984,0.765007135275428
8501,2.04008,-0.0229555724219487
8502,2.04032,0.276636330797976
8503,2.04056,0.459073088219183
8504,2.0408,0.200533148492729
8505,2.04104,0.415707776271765
8506,2.04128,-0.0656185110371803
8507,2.04152,0.196537645300534
8508,2.04176,-0.147560663755965
8509,2.042,-0.453448765951529
8510,2.04224,0.322146389389584
8511,2.04248,-0.340072555467973
8512,2.04272,-0.730842280915659
8513,2.04296,0.0749133944884901
8514,2.0432,-0.779185716805245
8515,2.04344,-0.546799875645707
8516,2.04368,-0.665844654498201
8517,2.04392,-0.763392000025197
8518,2.04416,-0.746869866579855
8519,2.0444,-0.835900099097617
8520,2.04464,-0.912031203447761
8521,2.04488,-0.874916689603046
8522,2.04512,-1.30335976130799
8523,2.04536,-1.00246173084124
8524,2.0456,-0.945761732850166
8525,2.04584,-1.59924721240482
8526,2.04608,-1.29705481221395
8527,2.04632,-1.34274010035142
8528,2.04656,-1.86670182700505
8529,2.0468,-1.3097940062945
8530,2.04704,-1.95384085477777
8531,2.04728,-1.51725797639166
8532,2.04752,-2.16162851212081
8533,2.04776,-1.7237612610711
8534,2.048,-1.88076409270229
8535,2.04824,-1.80506926568702
8536,2.04848,-1.85841408243584
8537,2.04872,-2.02656059059756
8538,2.04896,-2.20079545767805
8539,2.0492,-1.90385887084588
8540,2.04944,-2.20304987248513
8541,2.04968,-2.03204886474894
8542,2.04992,-2.35336704720831
8543,2.05016,-2.30805621507236
8544,2.0504,-2.15558323371593
8545,2.05064,-2.85832733873044
8546,2.05088,-2.71067971159364
8547,2.05112,-1.99051330678678
8548,2.05136,-2.96105832004427
8549,2.0516,-2.71967608956978
8550,2.05184,-2.27536030671761
8551,2.05208,-3.15087218105878
8552,2.05232,-2.70565816228921
8553,2.05256,-2.65565424830735
8554,2.0528,-3.31167066979748
8555,2.05304,-2.42981551169214
8556,2.05328,-2.78503664757616
8557,2.05352,-2.88580201686116
8558,2.05376,-2.53787380953788
8559,2.054,-3.1723874072039
8560,2.05424,-3.07336658724414
8561,2.05448,-2.76946237476161
8562,2.05472,-3.46234993222392
8563,2.05496,-3.29532177800239
8564,2.0552,-2.55969487785043
8565,2.05544,-3.18664195672565
8566,2.05568,-3.79275004636141
8567,2.05592,-2.86460721045156
8568,2.05616,-2.22486069303911
8569,2.0564,-3.87933560541468
8570,2.05664,-2.28854054610974
8571,2.05688,-2.9152902903655
8572,2.05712,-3.53835536431538
8573,2.05736,-2.84123363752407
8574,2.0576,-2.57220036282418
8575,2.05784,-3.26948950899982
8576,2.05808,-3.60493526289898
8577,2.05832,-2.29924455176777
8578,2.05856,-2.96251097583523
8579,2.0588,-3.48682460462096
8580,2.05904,-2.48534815981632
8581,2.05928,-2.85702888640461
8582,2.05952,-3.58150208455552
8583,2.05976,-2.28864732863229
8584,2.06,-2.73367028956278
8585,2.06024,-3.52570105519235
8586,2.06048,-2.07154245730496
8587,2.06072,-2.94755873588569
8588,2.06096,-3.08374019821173
8589,2.0612,-1.95798935223105
8590,2.06144,-3.14082599958939
8591,2.06168,-2.62995642204632
8592,2.06192,-2.30953111589493
8593,2.06216,-3.30560873325325
8594,2.0624,-2.04693079455738
8595,2.06264,-2.51899139235022
8596,2.06288,-2.85921258191472
8597,2.06312,-1.69093382830534
8598,2.06336,-2.71062533675009
8599,2.0636,-2.75942938838986
8600,2.06384,-1.5481713923088
8601,2.06408,-2.64679177421343
8602,2.06432,-2.53317969296583
8603,2.06456,-1.63508313144428
8604,2.0648,-2.10367582484892
8605,2.06504,-2.54662049219115
8606,2.06528,-1.71230853965704
8607,2.06552,-1.89017332328475
8608,2.06576,-2.41080769159887
8609,2.066,-1.64621561162859
8610,2.06624,-1.17512367594624
8611,2.06648,-2.38913707242877
8612,2.06672,-1.92685999824057
8613,2.06696,-0.804172361948255
8614,2.0672,-1.14747320318673
8615,2.06744,-2.21005899378943
8616,2.06768,-1.83047119723902
8617,2.06792,-1.15334759399622
8618,2.06816,-1.20918737456753
8619,2.0684,-1.98643399937782
8620,2.06864,-0.281404559257681
8621,2.06888,-1.13070772671737
8622,2.06912,-1.25322697596312
8623,2.06936,-0.318198769792097
8624,2.0696,-0.994328116397271
8625,2.06984,-1.18050882846921
8626,2.07008,-0.0693840463471069
8627,2.07032,-0.918385118548416
8628,2.07056,-0.914779098016167
8629,2.0708,0.129231878643284
8630,2.07104,-0.286928326553086
8631,2.07128,-0.700163514081471
8632,2.07152,0.172254668340977
8633,2.07176,-0.165733977182148
8634,2.072,-0.270828281830001
8635,2.07224,0.193118772891449
8636,2.07248,-0.0609766487707439
8637,2.07272,0.25803584514137
8638,2.07296,0.205990857610721
8639,2.0732,0.393311766583268
8640,2.07344,0.429834195304601
8641,2.07368,0.233467071237845
8642,2.07392,0.613757030264246
8643,2.07416,0.381303211676009
8644,2.0744,0.752842738957568
8645,2.07464,0.734705185891979
8646,2.07488,0.600409791446043
8647,2.07512,1.06123523969762
8648,2.07536,0.778544973195021
8649,2.0756,0.86892134079774
8650,2.07584,1.06249513748413
8651,2.07608,1.00235306406395
8652,2.07632,1.31431861323041
8653,2.07656,1.24897306083677
8654,2.0768,1.6556754388935
8655,2.07704,1.35635139338428
8656,2.07728,1.51472511258074
8657,2.07752,1.55901844457184
8658,2.07776,1.60554322772687
8659,2.078,2.00767926888316
8660,2.07824,1.6864221976992
8661,2.07848,1.73056995261562
8662,2.07872,1.77563308210116
8663,2.07896,1.81806125828807
8664,2.0792,1.98641595943529
8665,2.07944,2.3945369301996
8666,2.07968,1.71895491886553
8667,2.07992,1.65985716779619
8668,2.08016,2.32665793836183
8669,2.0804,2.38221440376982
8670,2.08064,1.8608015556114
8671,2.08088,2.7802827293716
8672,2.08112,2.37353730202556
8673,2.08136,2.23601448522213
8674,2.0816,2.81065965055376
8675,2.08184,2.43613258358282
8676,2.08208,2.44215813131084
8677,2.08232,2.55726444748221
8678,2.08256,2.82121684249511
8679,2.0828,2.72606035612371
8680,2.08304,2.27908352267406
8681,2.08328,2.94585155002033
8682,2.08352,3.23902286074412
8683,2.08376,2.11440885485678
8684,2.084,2.93604179689489
8685,2.08424,3.50310036670478
8686,2.08448,2.41423886268732
8687,2.08472,2.9287486202208
8688,2.08496,3.66793874985232
8689,2.0852,2.62121257680244
8690,2.08544,2.82128963770841
8691,2.08568,3.73274442579569
8692,2.08592,2.61655799147449
8693,2.08616,2.63058822394033
8694,2.0864,2.99436867717484
8695,2.08664,2.43146039329488
8696,2.08688,3.81777811992584
8697,2.08712,2.78946417594154
8698,2.08736,2.41115255731587
8699,2.0876,2.90549375103689
8700,2.08784,3.63186824741291
8701,2.08808,2.56457057275391
8702,2.08832,3.00001603092176
8703,2.08856,3.55216382548237
8704,2.0888,3.38237734132279
8705,2.08904,2.55357704553031
8706,2.08928,3.1889077260139
8707,2.08952,3.93591175727276
8708,2.08976,2.31679346190972
8709,2.09,3.03035764192634
8710,2.09024,3.36952974002403
8711,2.09048,2.19879621329424
8712,2.09072,2.9812950497796
8713,2.09096,3.3926050092678
8714,2.0912,2.05129272471477
8715,2.09144,3.02688682432465
8716,2.09168,3.03065852086359
8717,2.09192,2.2558344785138
8718,2.09216,3.4097796066963
8719,2.0924,2.52729028364907
8720,2.09264,2.55294397721844
8721,2.09288,3.28445786128223
8722,2.09312,2.01273900940678
8723,2.09336,2.47383806760862
8724,2.0936,3.16076245962538
8725,2.09384,1.96989717953087
8726,2.09408,2.62554831044699
8727,2.09432,2.542835034734
8728,2.09456,1.55969027455596
8729,2.0948,2.99787209701108
8730,2.09504,2.26661883043938
8731,2.09528,1.36290085025053
8732,2.09552,2.87527410998202
8733,2.09576,2.21917952925886
8734,2.096,1.38484730748253
8735,2.09624,2.72992202682059
8736,2.09648,2.15112762563476
8737,2.09672,1.26422057069989
8738,2.09696,2.33304728992544
8739,2.0972,2.06454439851826
8740,2.09744,1.36295623098347
8741,2.09768,0.834468102683982
8742,2.09792,0.931539733152211
8743,2.09816,1.75087831856648
8744,2.0984,1.84658942725651
8745,2.09864,0.653341951236
8746,2.09888,1.07068288196368
8747,2.09912,1.83999635254027
8748,2.09936,0.824075307550274
8749,2.0996,0.705659292996758
8750,2.09984,1.54411783003347
8751,2.10008,0.592316806157608
8752,2.10032,0.900496887285529
8753,2.10056,1.0809132216161
8754,2.1008,0.547288151543434
8755,2.10104,0.666451665997557
8756,2.10128,0.783336220796886
8757,2.10152,0.187164071771953
8758,2.10176,0.237308471999202
8759,2.102,0.885060619861575
8760,2.10224,-0.015182430372606
8761,2.10248,0.206755928561901
8762,2.10272,0.657655109852411
8763,2.10296,-0.426053122041314
8764,2.1032,0.193107829864146
8765,2.10344,0.0885230255461444
8766,2.10368,-0.581608301649321
8767,2.10392,0.198085405434925
8768,2.10416,-0.107812483471864
8769,2.1044,-0.742528472440063
8770,2.10464,0.0730169796850759
8771,2.10488,-0.436865179963803
8772,2.10512,-0.917478035396793
8773,2.10536,-0.445702221716677
8774,2.1056,-0.677598934394564
8775,2.10584,-1.3709446086517
8776,2.10608,-0.983877827228478
8777,2.10632,-0.70945044295215
8778,2.10656,-1.38515448472104
8779,2.1068,-1.09917999795079
8780,2.10704,-0.805943141298135
8781,2.10728,-1.46525692636615
8782,2.10752,-0.91518373825797
8783,2.10776,-1.58235738397996
8784,2.108,-1.26733166645519
8785,2.10824,-1.42975714684688
8786,2.10848,-1.83247318602697
8787,2.10872,-1.51513598793019
8788,2.10896,-1.43816007052535
8789,2.1092,-1.72199884844563
8790,2.10944,-2.12537566993519
8791,2.10968,-1.56603206322168
8792,2.10992,-1.84982262910744
8793,2.11016,-2.14313345587812
8794,2.1104,-2.18587787602104
8795,2.11064,-1.75631897827946
8796,2.11088,-2.41973505878769
8797,2.11112,-2.11847274244705
8798,2.11136,-2.05975607462489
8799,2.1116,-2.02047921684191
8800,2.11184,-2.58722817714785
8801,2.11208,-2.54304939137463
8802,2.11232,-2.04638161272793
8803,2.11256,-2.86972822589967
8804,2.1128,-2.37296903613952
8805,2.11304,-2.38832576604239
8806,2.11328,-2.87045302174527
8807,2.11352,-2.40870443530122
8808,2.11376,-2.69194353252081
8809,2.114,-2.72491031031011
8810,2.11424,-2.79244619927495
8811,2.11448,-3.10188624419288
8812,2.11472,-2.45865240807037
8813,2.11496,-3.17277516284427
8814,2.1152,-3.03213793153037
8815,2.11544,-2.31952035342295
8816,2.11568,-3.430601001384
8817,2.11592,-3.2052132912577
8818,2.11616,-2.06627568314851
8819,2.1164,-3.22579528715803
8820,2.11664,-3.29048936167541
8821,2.11688,-2.07474690747536
8822,2.11712,-3.52252142088051
8823,2.11736,-3.28065874108433
8824,2.1176,-2.12478091420606
8825,2.11784,-3.87391743806919
8826,2.11808,-2.73690531546018
8827,2.11832,-2.36852718397823
8828,2.11856,-2.87243864507684
8829,2.1188,-3.37377184197395
8830,2.11904,-2.67983810927882
8831,2.11928,-2.64910382156195
8832,2.11952,-3.45782518672623
8833,2.11976,-3.30044060348986
8834,2.12,-2.4848514297728
8835,2.12024,-3.24627487301364
8836,2.12048,-3.16042994053172
8837,2.12072,-2.29314256340285
8838,2.12096,-3.13488873133819
8839,2.1212,-3.24035051072348
8840,2.12144,-2.32141170768156
8841,2.12168,-3.11243759806263
8842,2.12192,-3.28648372802974
8843,2.12216,-2.19690577610424
8844,2.1224,-3.05731377288367
8845,2.12264,-2.94915325853165
8846,2.12288,-2.4212891357221
8847,2.12312,-3.4583507194809
8848,2.12336,-2.23482584586786
8849,2.1236,-2.74838488959496
8850,2.12384,-3.12469752846802
8851,2.12408,-1.75448412005137
8852,2.12432,-3.05443132390495
8853,2.12456,-2.54420896415797
8854,2.1248,-1.98626621596209
8855,2.12504,-3.10654876065586
8856,2.12528,-1.96717076239393
8857,2.12552,-2.44542734092655
8858,2.12576,-2.42426275776855
8859,2.126,-1.38332964998962
8860,2.12624,-2.40607263208129
8861,2.12648,-2.21942736104678
8862,2.12672,-1.25193122083445
8863,2.12696,-2.69954311105985
8864,2.1272,-2.10300885881887
8865,2.12744,-1.32849511800079
8866,2.12768,-2.36802235753241
8867,2.12792,-1.96609110381075
8868,2.12816,-1.26060163040953
8869,2.1284,-1.67635011235728
8870,2.12864,-0.998061000980852
8871,2.12888,-0.979867930877708
8872,2.12912,-1.80436794754826
8873,2.12936,-1.90491835696373
8874,2.1296,-0.596787962171219
8875,2.12984,-0.78730633861842
8876,2.13008,-1.57481014825021
8877,2.13032,-0.925575846495979
8878,2.13056,-0.694587400075297
8879,2.1308,-1.41870455003342
8880,2.13104,-0.357329432597543
8881,2.13128,-0.793680303546434
8882,2.13152,-1.0944482656361
8883,2.13176,-0.101238296218936
8884,2.132,-0.593309974075258
8885,2.13224,-0.833186030300307
8886,2.13248,-0.129156258850667
8887,2.13272,-0.309066666130868
8888,2.13296,-0.600702301916733
8889,2.1332,-0.314629650825158
8890,2.13344,-0.176633223082897
8891,2.13368,-0.271654591311346
8892,2.13392,0.202248091048144
8893,2.13416,-0.297588022235356
8894,2.1344,0.283873126525373
8895,2.13464,0.346268256450601
8896,2.13488,-0.304463985965295
8897,2.13512,0.710161288599697
8898,2.13536,0.618332377168176
8899,2.1356,0.294349629166586
8900,2.13584,0.668128554388002
8901,2.13608,0.668204883800406
8902,2.13632,0.794162193612361
8903,2.13656,0.895234936036976
8904,2.1368,0.626991675377805
8905,2.13704,0.844283893797462
8906,2.13728,1.28073973042095
8907,2.13752,0.998190114456658
8908,2.13776,0.948430155869033
8909,2.138,1.24768529367879
8910,2.13824,0.942846164985949
8911,2.13848,1.3675578755669
8912,2.13872,1.41462080691244
8913,2.13896,1.6989762998968
8914,2.1392,1.38607817827405
8915,2.13944,1.79161475069276
8916,2.13968,1.35289119186393
8917,2.13992,1.87294605978245
8918,2.14016,1.79978857729982
8919,2.1404,2.20154016561616
8920,2.14064,1.99817781149915
8921,2.14088,1.80875151604048
8922,2.14112,2.213398379765
8923,2.14136,2.02478537562556
8924,2.1416,1.8452382517043
8925,2.14184,2.14114998048519
8926,2.14208,1.96656809359691
8927,2.14232,2.64314978848774
8928,2.14256,2.2346157560277
8929,2.1428,2.19046639996478
8930,2.14304,2.52917375419955
8931,2.14328,2.50525713545672
8932,2.14352,2.24851266780241
8933,2.14376,2.97017985388769
8934,2.144,2.24428665868468
8935,2.14424,2.38975846047508
8936,2.14448,3.37694058781947
8937,2.14472,2.20086760187067
8938,2.14496,2.74248251475482
8939,2.1452,3.27311117338265
8940,2.14544,2.14196182625017
8941,2.14568,2.84524133495211
8942,2.14592,2.93043351102844
8943,2.14616,2.56722337639067
8944,2.1464,2.83211585533179
8945,2.14664,2.96266911123361
8946,2.14688,2.64926890792899
8947,2.14712,3.56126631073702
8948,2.14736,3.01592467583234
8949,2.1476,2.63248475374477
8950,2.14784,3.6040686289224
8951,2.14808,3.34973571843815
8952,2.14832,2.42475655182563
8953,2.14856,3.45315132026936
8954,2.1488,3.49224383553866
8955,2.14904,2.61394831973584
8956,2.14928,2.50401683860892
8957,2.14952,3.0048217689678
8958,2.14976,3.50820230722251
8959,2.15,2.81560114395261
8960,2.15024,2.55091909102562
8961,2.15048,3.25239481436572
8962,2.15072,3.83152708111899
8963,2.15096,2.40073408974555
8964,2.1512,3.05852243623328
8965,2.15144,3.10528322571365
8966,2.15168,2.4876578391473
8967,2.15192,3.21184439729132
8968,2.15216,3.44489601063528
8969,2.1524,2.28916201014964
8970,2.15264,3.20372173207785
8971,2.15288,3.15011509889399
8972,2.15312,2.31532974855683
8973,2.15336,3.29572303253021
8974,2.1536,2.4827743257216
8975,2.15384,2.69061712337742
8976,2.15408,3.48508872034577
8977,2.15432,2.03821544804243
8978,2.15456,3.03354975781737
8979,2.1548,2.69780120623695
8980,2.15504,2.07295383551524
8981,2.15528,3.3682270587436
8982,2.15552,2.15677605145987
8983,2.15576,2.56801506311149
8984,2.156,2.83649505752664
8985,2.15624,1.83505922014559
8986,2.15648,2.79343519476144
8987,2.15672,2.41847692778351
8988,2.15696,1.38333214503016
8989,2.1572,2.54424765696886
8990,2.15744,2.4822787389438
8991,2.15768,1.51601310667353
8992,2.15792,2.3877980362026
8993,2.15816,2.16155472261296
8994,2.1584,1.51590376657786
8995,2.15864,2.55357763532271
8996,2.15888,1.80676399693563
8997,2.15912,0.993976103738675
8998,2.15936,2.1313355498899
8999,2.1596,1.68918037427083
9000,2.15984,1.43630415295446
9001,2.16008,1.42487013286543
9002,2.16032,2.01756111869682
9003,2.16056,0.373575901598945
9004,2.1608,1.52029266248431
9005,2.16104,1.10165669193406
9006,2.16128,0.384191485615853
9007,2.16152,1.1110938394225
9008,2.16176,1.7138506277275
9009,2.162,0.0742432716154829
9010,2.16224,1.1082425931749
9011,2.16248,1.29066603705983
9012,2.16272,0.0655114846444852
9013,2.16296,0.432522768318649
9014,2.1632,1.15427994949157
9015,2.16344,0.112161215102569
9016,2.16368,0.4062738177724
9017,2.16392,0.218979890068029
9018,2.16416,-0.0491506453466189
9019,2.1644,0.526008922994649
9020,2.16464,-0.328649396778517
9021,2.16488,0.292021063367919
9022,2.16512,0.182156092166228
9023,2.16536,-0.855030486424804
9024,2.1656,-0.320396584971167
9025,2.16584,-0.0249197456991734
9026,2.16608,-0.783547532027051
9027,2.16632,-0.340326015927788
9028,2.16656,-0.242636963831713
9029,2.1668,-0.610183941810482
9030,2.16704,-0.742224342533366
9031,2.16728,-0.848785879439695
9032,2.16752,-0.824636573538294
9033,2.16776,-0.924316630816842
9034,2.168,-1.00810178935731
9035,2.16824,-0.963475940297425
9036,2.16848,-1.04382548649579
9037,2.16872,-1.10820095707204
9038,2.16896,-1.40538072263539
9039,2.1692,-1.11304271611916
9040,2.16944,-1.64592438917094
9041,2.16968,-1.21065731849486
9042,2.16992,-1.4984337134299
9043,2.17016,-1.54334632803094
9044,2.1704,-1.34813911423846
9045,2.17064,-1.62787948567343
9046,2.17088,-1.67132985754146
9047,2.17112,-2.07179460805704
9048,2.17136,-1.9902712290702
9049,2.1716,-1.67650275457167
9050,2.17184,-2.08381156171169
9051,2.17208,-2.00559537344695
9052,2.17232,-1.70092724305087
9053,2.17256,-2.35986414835401
9054,2.1728,-2.29156914705991
9055,2.17304,-1.75846236029095
9056,2.17328,-2.6749792158359
9057,2.17352,-2.50264862656507
9058,2.17376,-2.23497855828674
9059,2.174,-2.57332404826238
9060,2.17424,-2.42326670292325
9061,2.17448,-2.30164012362656
9062,2.17472,-2.78024067080858
9063,2.17496,-2.42055727254994
9064,2.1752,-2.68945446461364
9065,2.17544,-2.58918816873993
9066,2.17568,-2.75640203681477
9067,2.17592,-2.81214158028787
9068,2.17616,-2.74676609800549
9069,2.1764,-2.95752183489454
9070,2.17664,-3.0453328068542
9071,2.17688,-2.43095972625265
9072,2.17712,-3.40768007673032
9073,2.17736,-2.92717047512488
9074,2.1776,-2.24937904679691
9075,2.17784,-3.38366132400644
9076,2.17808,-3.30702558508869
9077,2.17832,-2.43702840275586
9078,2.17856,-3.6195728381704
9079,2.1788,-3.23646835442782
9080,2.17904,-2.30566044740946
9081,2.17928,-3.17911544597436
9082,2.17952,-2.98654267401758
9083,2.17976,-2.11739787853817
9084,2.18,-3.78234303720173
9085,2.18024,-2.20504122136677
9086,2.18048,-2.72562753473685
9087,2.18072,-3.36786348821901
9088,2.18096,-3.28008923569237
9089,2.1812,-2.53439910187227
9090,2.18144,-3.3609727098709
9091,2.18168,-3.34257312616732
9092,2.18192,-2.54040879125151
9093,2.18216,-3.31953077020707
9094,2.1824,-2.42046271433174
9095,2.18264,-2.54625049968096
9096,2.18288,-3.38812681527535
9097,2.18312,-2.78951014285586
9098,2.18336,-2.4995039278165
9099,2.1836,-3.41641698043723
9100,2.18384,-2.5324898896692
9101,2.18408,-2.7927724572711
9102,2.18432,-3.16402514027477
9103,2.18456,-2.1440255014738
9104,2.1848,-3.18873886734432
9105,2.18504,-2.6679921936372
9106,2.18528,-2.45252922968721
9107,2.18552,-3.31435327577195
9108,2.18576,-1.92810455191712
9109,2.186,-2.98390271171433
9110,2.18624,-2.70716811145618
9111,2.18648,-1.89561726022926
9112,2.18672,-3.25429403521042
9113,2.18696,-2.2209587365239
9114,2.1872,-1.97806346196096
9115,2.18744,-3.04445490132545
9116,2.18768,-2.08839096278027
9117,2.18792,-1.4405371155707
9118,2.18816,-2.59231095582205
9119,2.1884,-2.3005413998929
9120,2.18864,-1.46469242675102
9121,2.18888,-2.46184635195049
9122,2.18912,-2.36548440323286
9123,2.18936,-1.47472729667628
9124,2.1896,-1.59982206756905
9125,2.18984,-2.29883969118563
9126,2.19008,-1.59264046901001
9127,2.19032,-0.580627036613636
9128,2.19056,-1.63072165525893
9129,2.1908,-1.59446656348358
9130,2.19104,-0.741072115471757
9131,2.19128,-1.1434777247782
9132,2.19152,-1.66169724680271
9133,2.19176,-1.10702787136569
9134,2.192,-0.378205160602898
9135,2.19224,-1.21469022785846
9136,2.19248,-1.32513563620388
9137,2.19272,-0.263602732238794
9138,2.19296,-0.925835921034773
9139,2.1932,-1.33850936009693
9140,2.19344,-0.227967704323454
9141,2.19368,-0.461763855461244
9142,2.19392,-1.41280653928302
9143,2.19416,-0.235631977203971
9144,2.1944,-0.51934036164857
9145,2.19464,-0.440472237731204
9146,2.19488,0.320634515590701
9147,2.19512,-0.609424895627339
9148,2.19536,0.137206293433509
9149,2.1956,0.00513411068239278
9150,2.19584,-0.479013913461044
9151,2.19608,0.57393821251909
9152,2.19632,0.284304544966247
9153,2.19656,-0.244335911472991
9154,2.1968,0.769663435311011
9155,2.19704,-0.0384760502917696
9156,2.19728,0.000234109215053957
9157,2.19752,0.975303211758947
9158,2.19776,0.621152359242917
9159,2.198,0.261069325635423
9160,2.19824,0.967703591409428
9161,2.19848,0.826162588904807
9162,2.19872,1.04342555631381
9163,2.19896,1.00424376101957
9164,2.1992,0.962303387128317
9165,2.19944,1.27488441612482
9166,2.19968,1.33344432101996
9167,2.19992,1.27819362001008
9168,2.20016,1.08700367211797
9169,2.2004,1.25727158116066
9170,2.20064,1.07039945620594
9171,2.20088,1.71717057195758
9172,2.20112,1.40388770154159
9173,2.20136,1.92837036687305
9174,2.2016,1.37171827211791
9175,2.20184,1.89729598154184
9176,2.20208,1.93892798163299
9177,2.20232,1.62025555972035
9178,2.20256,1.66404224237794
9179,2.2028,2.31618397884308
9180,2.20304,2.1202258415859
9181,2.20328,1.69788885740978
9182,2.20352,2.3596421503329
9183,2.20376,2.29423855558071
9184,2.204,2.36635986394478
9185,2.20424,2.32405700894841
9186,2.20448,2.27689860965745
9187,2.20472,2.49123544072831
9188,2.20496,2.5869559964618
9189,2.2052,2.20660113176964
9190,2.20544,2.56725289976436
9191,2.20568,2.4406162455456
9192,2.20592,2.58135733203978
9193,2.20616,2.96511370246552
9194,2.2064,2.38833574343869
9195,2.20664,2.92615699962572
9196,2.20688,3.33270448550214
9197,2.20712,2.19693199908648
9198,2.20736,2.77686357048335
9199,2.2076,3.1007498511886
9200,2.20784,2.61234843508227
9201,2.20808,3.35531892834972
9202,2.20832,2.87874781558712
9203,2.20856,2.43862364713038
9204,2.2088,3.23368465583615
9205,2.20904,3.40396799264412
9206,2.20928,2.76226291407531
9207,2.20952,3.48151593747334
9208,2.20976,3.10240290334975
9209,2.21,2.76019174780089
9210,2.21024,3.30072627338918
9211,2.21048,3.45854988937515
9212,2.21072,2.45593681681564
9213,2.21096,2.46141345119224
9214,2.2112,2.96255300170174
9215,2.21144,3.45879826189392
9216,2.21168,3.47821316392816
9217,2.21192,2.35121585749234
9218,2.21216,3.06009334704753
9219,2.2124,3.63786456405508
9220,2.21264,2.31610867949197
9221,2.21288,3.21124971116463
9222,2.21312,3.24798046321585
9223,2.21336,2.26466220045522
9224,2.2136,3.22863379192944
9225,2.21384,3.09497866795348
9226,2.21408,2.66242395286558
9227,2.21432,3.43646004701455
9228,2.21456,2.30923471186559
9229,2.2148,2.91636278891948
9230,2.21504,3.38811151441585
9231,2.21528,1.86829353543982
9232,2.21552,3.02643011633171
9233,2.21576,2.84979379629018
9234,2.216,2.25491490486996
9235,2.21624,3.35295318724043
9236,2.21648,2.17892254225275
9237,2.21672,2.62538673351394
9238,2.21696,2.93780354082929
9239,2.2172,1.61958671693231
9240,2.21744,2.85644854316789
9241,2.21768,2.52223877115346
9242,2.21792,2.00866954932327
9243,2.21816,2.93825791885416
9244,2.2184,1.9725854068655
9245,2.21864,1.90894899164358
9246,2.21888,2.90878994870428
9247,2.21912,1.89145224703625
9248,2.21936,1.30009979598377
9249,2.2196,2.51450958249023
9250,2.21984,2.16417814870164
9251,2.22008,1.15289625574088
9252,2.22032,2.43114263671461
9253,2.22056,1.80462269949173
9254,2.2208,0.987863346229503
9255,2.22104,2.46990601595318
9256,2.22128,1.07992503633633
9257,2.22152,0.944077401799599
9258,2.22176,1.8938947982295
9259,2.222,1.87719944158046
9260,2.22224,0.808134690581297
9261,2.22248,0.760561643341236
9262,2.22272,1.67461223007046
9263,2.22296,1.50498019427071
9264,2.2232,0.911803499747494
9265,2.22344,1.04541015117894
9266,2.22368,0.350298491571839
9267,2.22392,0.668953913234941
9268,2.22416,0.862219612857211
9269,2.2244,0.342386614928792
9270,2.22464,0.3498716674665
9271,2.22488,1.07859730441809
9272,2.22512,0.371248843824473
9273,2.22536,-0.0499839789858826
9274,2.2256,1.08788823742691
9275,2.22584,0.0822786645538429
9276,2.22608,0.0639056734884509
9277,2.22632,0.642315436856935
9278,2.22656,-0.188131522139969
9279,2.2268,0.0662208216854441
9280,2.22704,0.0953991171594202
9281,2.22728,-0.209035136543056
9282,2.22752,-0.28095447708568
9283,2.22776,-0.805199645309747
9284,2.228,-0.35577278985052
9285,2.22824,-0.38882240051165
9286,2.22848,-0.399851517045386
9287,2.22872,-0.63781251920325
9288,2.22896,-0.637950776186199
9289,2.2292,-0.619584939793069
9290,2.22944,-0.82893344609924
9291,2.22968,-0.803765038537908
9292,2.22992,-1.24525809126257
9293,2.23016,-0.830798260538731
9294,2.2304,-1.02661869147196
9295,2.23064,-1.56562642827696
9296,2.23088,-1.26930680954297
9297,2.23112,-1.56031079689845
9298,2.23136,-1.24573209537374
9299,2.2316,-1.7741293404606
9300,2.23184,-1.22064384572366
9301,2.23208,-1.86755144860895
9302,2.23232,-1.54654300328642
9303,2.23256,-1.95072374641445
9304,2.2328,-1.6300768735471
9305,2.23304,-1.55126876814769
9306,2.23328,-1.71714975332531
9307,2.23352,-2.36640107223438
9308,2.23376,-1.68806614080132
9309,2.234,-1.85982437931764
9310,2.23424,-2.16015107257884
9311,2.23448,-2.21325631323872
9312,2.23472,-2.40154708493321
9313,2.23496,-2.11267951485227
9314,2.2352,-2.18267073601032
9315,2.23544,-2.63165059943562
9316,2.23568,-2.47867371977716
9317,2.23592,-2.09323838370055
9318,2.23616,-2.80736595521192
9319,2.2364,-2.31298079508872
9320,2.23664,-2.44855408347327
9321,2.23688,-3.18574177875887
9322,2.23712,-2.24118531993106
9323,2.23736,-2.77339208123053
9324,2.2376,-3.17433602300651
9325,2.23784,-2.03469768631788
9326,2.23808,-2.96521396000297
9327,2.23832,-3.03873250427708
9328,2.23856,-2.55217688300453
9329,2.2388,-2.90578686433337
9330,2.23904,-2.67372566544081
9331,2.23928,-3.32013218142244
9332,2.23952,-3.58513869691849
9333,2.23976,-2.43810248943784
9334,2.24,-2.77914726791254
9335,2.24024,-3.10079916138297
9336,2.24048,-2.49334000733334
9337,2.24072,-3.47031237683635
9338,2.24096,-3.24017801562327
9339,2.2412,-2.56973274892018
9340,2.24144,-3.73069777808599
9341,2.24168,-3.43248130563646
9342,2.24192,-2.47104945294296
9343,2.24216,-2.86344311723218
9344,2.2424,-3.49022227777178
9345,2.24264,-3.64024679688907
9346,2.24288,-2.39641140775787
9347,2.24312,-2.87639815288259
9348,2.24336,-3.82359595324843
9349,2.2436,-2.27792595456382
9350,2.24384,-3.06355700596985
9351,2.24408,-2.87574727663607
9352,2.24432,-2.38753532461899
9353,2.24456,-3.11572014245512
9354,2.2448,-3.23161183541758
9355,2.24504,-2.20076339826872
9356,2.24528,-3.00555422203773
9357,2.24552,-3.19957561712363
9358,2.24576,-2.12579979097506
9359,2.246,-3.117710129271
9360,2.24624,-2.90266716002228
9361,2.24648,-2.38976262179508
9362,2.24672,-3.55887340731126
9363,2.24696,-2.22766108009546
9364,2.2472,-2.75363069170921
9365,2.24744,-2.78373141141858
9366,2.24768,-1.7951372936298
9367,2.24792,-2.74907178591116
9368,2.24816,-2.73509623135842
9369,2.2484,-1.93957126848547
9370,2.24864,-3.07385810807433
9371,2.24888,-1.94819384631017
9372,2.24912,-2.43750711289331
9373,2.24936,-2.42849033396418
9374,2.2496,-1.51548480679691
9375,2.24984,-2.4320976626056
9376,2.25008,-2.26150497464584
9377,2.25032,-1.30248170986056
9378,2.25056,-2.53567115205231
9379,2.2508,-2.19280760385808
9380,2.25104,-1.30415584678711
9381,2.25128,-2.59366564838578
9382,2.25152,-1.72616841225904
9383,2.25176,-0.918643593733482
9384,2.252,-2.2819414267201
9385,2.25224,-1.27888879013487
9386,2.25248,-1.37794452299503
9387,2.25272,-2.20079749077307
9388,2.25296,-0.536356669148467
9389,2.2532,-1.548264574325
9390,2.25344,-1.58670237609889
9391,2.25368,-0.572624827265025
9392,2.25392,-1.29316230505378
9393,2.25416,-1.52452845887811
9394,2.2544,-0.924991047224036
9395,2.25464,-0.383637076722251
9396,2.25488,-1.40731173433485
9397,2.25512,-0.74922293613013
9398,2.25536,-0.145762815168184
9399,2.2556,-1.22170657190106
9400,2.25584,-0.399340814035066
9401,2.25608,-0.442948030173055
9402,2.25632,-0.363812405871681
9403,2.25656,-0.205564324953807
9404,2.2568,-0.408708671986504
9405,2.25704,0.101952917501089
9406,2.25728,-0.14828110784261
9407,2.25752,-0.146013786536954
9408,2.25776,0.302383626873078
9409,2.258,-0.217629701829018
9410,2.25824,0.341779203532096
9411,2.25848,0.505459297204097
9412,2.25872,-0.165667418282785
9413,2.25896,0.71202518141102
9414,2.2592,0.239574588706365
9415,2.25944,0.258203038337246
9416,2.25968,1.21454448776913
9417,2.25992,0.840506547903685
9418,2.26016,0.470101683918354
9419,2.2604,1.15797053779508
9420,2.26064,1.00622817922676
9421,2.26088,0.725963361907301
9422,2.26112,1.15600418567485
9423,2.26136,1.22350020770086
9424,2.2616,0.925814760371688
9425,2.26184,1.58061729046994
9426,2.26208,1.39544506823703
9427,2.26232,1.55868938956131
9428,2.26256,1.35886657898099
9429,2.2628,1.76367307099151
9430,2.26304,1.4448366039229
9431,2.26328,1.36835365766869
9432,2.26352,1.52989934068498
9433,2.26376,1.93609744761686
9434,2.264,1.97857763643884
9435,2.26424,1.89779428164337
9436,2.26448,1.83176364228007
9437,2.26472,2.48320187695774
9438,2.26496,2.16791527646513
9439,2.2652,1.75394723685632
9440,2.26544,2.65978206362229
9441,2.26568,2.35906769962809
9442,2.26592,1.9600734671641
9443,2.26616,2.64302081198292
9444,2.2664,2.3610054787026
9445,2.26664,2.10369759928005
9446,2.26688,2.56032015112279
9447,2.26712,2.5427612437612
9448,2.26736,2.3123494326209
9449,2.2676,2.79545207796924
9450,2.26784,2.33545441872758
9451,2.26808,2.62031394536656
9452,2.26832,2.76928407282526
9453,2.26856,2.71030708861485
9454,2.2688,3.01719127773309
9455,2.26904,2.96129727394862
9456,2.26928,2.34836891155474
9457,2.26952,3.17357912653879
9458,2.26976,2.8061205071636
9459,2.27,2.83657800659624
9460,2.27024,2.97822974148148
9461,2.27048,2.54634757790543
9462,2.27072,2.99541474549564
9463,2.27096,3.78008717031149
9464,2.2712,2.66644877784106
9465,2.27144,2.92218844453254
9466,2.27168,3.76521856722631
9467,2.27192,2.71066599462563
9468,2.27216,3.02522741713628
9469,2.2724,3.20622357854919
9470,2.27264,2.47149195359587
9471,2.27288,2.96691513846395
9472,2.27312,3.45763176801936
9473,2.27336,3.47300335266004
9474,2.2736,2.34077278410059
9475,2.27384,2.92560636220077
9476,2.27408,3.73764921578368
9477,2.27432,2.29662992173727
9478,2.27456,3.18433101804898
9479,2.2748,3.45486236400772
9480,2.27504,2.33996457385945
9481,2.27528,3.17318925355973
9482,2.27552,3.27229305601853
9483,2.27576,2.35080496021085
9484,2.276,3.132503764995
9485,2.27624,2.94836470995236
9486,2.27648,2.58511192665542
9487,2.27672,3.54375959368517
9488,2.27696,2.24258468956976
9489,2.2772,2.91575954887434
9490,2.27744,2.97672823695486
9491,2.27768,2.25621899330889
9492,2.27792,3.46260869759137
9493,2.27816,2.16668250418127
9494,2.2784,2.72838439270914
9495,2.27864,2.79099529557059
9496,2.27888,1.83392052461201
9497,2.27912,2.81694118392677
9498,2.27936,2.59467988915119
9499,2.2796,1.8388633161361
9500,2.27984,3.24812882748783
9501,2.28008,2.14401969954639
9502,2.28032,1.47240166516555
9503,2.28056,2.60500887780729
9504,2.2808,2.17310075340026
9505,2.28104,1.32432516014699
9506,2.28128,2.77228669835962
9507,2.28152,2.28903574085723
9508,2.28176,1.3811823415011
9509,2.282,2.42580741681305
9510,2.28224,2.02094833366735
9511,2.28248,1.18699523339989
9512,2.28272,2.29942408193285
9513,2.28296,0.897220805733312
9514,2.2832,1.24377508101925
9515,2.28344,1.23113693471655
9516,2.28368,2.17927636156131
9517,2.28392,0.513290029619023
9518,2.28416,1.06220925697718
9519,2.2844,1.60829193159594
9520,2.28464,1.07634949159773
9521,2.28488,0.723539826550689
9522,2.28512,1.33467673688817
9523,2.28536,1.1048117950922
9524,2.2856,0.21193462932139
9525,2.28584,1.36667246448965
9526,2.28608,0.595432665430741
9527,2.28632,0.00301648489435508
9528,2.28656,0.973724101647838
9529,2.2868,0.617769314975717
9530,2.28704,-0.0489334967803104
9531,2.28728,0.729183141110285
9532,2.28752,0.313876634206406
9533,2.28776,0.0540300393843695
9534,2.288,0.509292051164516
9535,2.28824,-0.205736817918757
9536,2.28848,0.0497397020455217
9537,2.28872,0.0685638830917916
9538,2.28896,-0.357354503264108
9539,2.2892,-0.0651455461099266
9540,2.28944,-0.35714395025522
9541,2.28968,-0.386837828489007
9542,2.28992,-0.424798248173882
9543,2.29016,-0.916734112257058
9544,2.2904,-0.196897769150986
9545,2.29064,-0.442029846023668
9546,2.29088,-1.14522682270913
9547,2.29112,-0.883180519777939
9548,2.29136,-0.982688588636992
9549,2.2916,-1.05887553106998
9550,2.29184,-1.012783269883
9551,2.29208,-1.32868967620077
9552,2.29232,-1.02785421657519
9553,2.29256,-1.44251407048037
9554,2.2928,-1.50199027431429
9555,2.29304,-1.18621899204485
9556,2.29328,-1.35218376641814
9557,2.29352,-1.75674613083586
9558,2.29376,-1.44168880378226
9559,2.294,-2.08522443860328
9560,2.29424,-1.64780695351777
9561,2.29448,-1.93265446614055
9562,2.29472,-1.85647362686764
9563,2.29496,-1.77315528820844
9564,2.2952,-2.06203880749941
9565,2.29544,-2.2323126066665
9566,2.29568,-2.03529054482467
9567,2.29592,-2.33143857235844
9568,2.29616,-2.028674359598
9569,2.2964,-1.84643333142823
9570,2.29664,-2.28412914274358
9571,2.29688,-2.59430927190505
9572,2.29712,-2.06824457230337
9573,2.29736,-2.16722402933086
9574,2.2976,-2.74084485855216
9575,2.29784,-2.36516524127589
9576,2.29808,-2.6087134925676
9577,2.29832,-2.60143330726083
9578,2.29856,-2.38498785000036
9579,2.2988,-2.88957906255631
9580,2.29904,-2.55595133863312
9581,2.29928,-2.73382119130535
9582,2.29952,-2.66077257210773
9583,2.29976,-2.25350530162832
9584,2.3,-3.19240634118279
9585,2.30024,-3.15435369643782
9586,2.30048,-2.19540250491008
9587,2.30072,-3.29384307419517
9588,2.30096,-2.82283027024207
9589,2.3012,-2.27798948281864
9590,2.30144,-3.17438104273789
9591,2.30168,-2.99795265066018
9592,2.30192,-2.74439624332029
9593,2.30216,-3.56339906977719
9594,2.3024,-2.59441845613583
9595,2.30264,-3.11612702732476
9596,2.30288,-3.85716089241741
9597,2.30312,-2.59434896059959
9598,2.30336,-2.82294545345139
9599,2.3036,-3.39249374964178
9600,2.30384,-2.4458499386087
9601,2.30408,-2.97056470584176
9602,2.30432,-3.4896470177103
9603,2.30456,-2.35161124189706
9604,2.3048,-3.06382623702582
9605,2.30504,-3.76313497551449
9606,2.30528,-2.20659201224538
9607,2.30552,-2.98542419723019
9608,2.30576,-3.75403104873567
9609,2.306,-2.03620036723547
9610,2.30624,-3.00586295358079
9611,2.30648,-3.47989815344312
9612,2.30672,-2.19965709769629
9613,2.30696,-2.8831417747416
9614,2.3072,-3.67523791293663
9615,2.30744,-2.45789092683199
9616,2.30768,-2.85249287411921
9617,2.30792,-3.35615053782205
9618,2.30816,-1.86022955289051
9619,2.3084,-2.92603794494369
9620,2.30864,-2.89892266666766
9621,2.30888,-2.21026508326228
9622,2.30912,-3.33187472175604
9623,2.30936,-2.18918213645269
9624,2.3096,-2.546447326036
9625,2.30984,-2.88640540522146
9626,2.31008,-1.83293211293888
9627,2.31032,-2.62625874455929
9628,2.31056,-2.67886276794988
9629,2.3108,-1.46572237798456
9630,2.31104,-2.5751562349633
9631,2.31128,-2.46466902052536
9632,2.31152,-1.56955300733054
9633,2.31176,-2.39220838671587
9634,2.312,-1.99956941950658
9635,2.31224,-1.31612136694609
9636,2.31248,-2.66766512704684
9637,2.31272,-1.86906864227897
9638,2.31296,-1.12716028355369
9639,2.3132,-2.44359901971159
9640,2.31344,-1.95330340104844
9641,2.31368,-1.27041595418645
9642,2.31392,-1.23927816663809
9643,2.31416,-1.21418089325355
9644,2.3144,-2.15441387908439
9645,2.31464,-1.53619701396005
9646,2.31488,-1.10438368526059
9647,2.31512,-1.39590907796979
9648,2.31536,-1.68995699793737
9649,2.3156,-0.956776338764989
9650,2.31584,-1.31393388740764
9651,2.31608,-0.595987766828943
9652,2.31632,-0.528479618566289
9653,2.31656,-1.54015050693947
9654,2.3168,-0.651770774702003
9655,2.31704,-0.640086955414467
9656,2.31728,-0.864680862888985
9657,2.31752,-0.0295079167654432
9658,2.31776,-0.676085575522847
9659,2.318,-0.951714996171588
9660,2.31824,0.18648054099428
9661,2.31848,-0.385211654570062
9662,2.31872,-0.467894421934788
9663,2.31896,0.373936910883225
9664,2.3192,-0.353171121946646
9665,2.31944,0.110518218893867
9666,2.31968,0.303854743415116
9667,2.31992,0.26468304441742
9668,2.32016,0.317968494626866
9669,2.3204,0.242379759727972
9670,2.32064,0.525052308773223
9671,2.32088,0.540131234409742
9672,2.32112,0.201837145181997
9673,2.32136,0.926260839256253
9674,2.3216,0.547499930825061
9675,2.32184,0.538692496787367
9676,2.32208,0.880463621988487
9677,2.32232,1.322547554372
9678,2.32256,1.04417579667589
9679,2.3228,0.877311299171348
9680,2.32304,1.41979924022462
9681,2.32328,1.37058353465117
9682,2.32352,1.06240325848691
9683,2.32376,1.23420949242227
9684,2.324,1.04672670198116
9685,2.32424,1.68812930709088
9686,2.32448,1.37557875526498
9687,2.32472,2.02121877258785
9688,2.32496,1.4659386488424
9689,2.3252,2.11107587834869
9690,2.32544,1.55127432366628
9691,2.32568,1.71227103706765
9692,2.32592,1.99817412432519
9693,2.32616,1.80388521327076
9694,2.3264,1.60803524710583
9695,2.32664,2.26401052278212
9696,2.32688,2.19293338392582
9697,2.32712,1.77188434594247
9698,2.32736,2.44638787647516
9699,2.3276,2.51355609737682
9700,2.32784,1.74475632283177
9701,2.32808,2.44124050256043
9702,2.32832,2.64236929533836
9703,2.32856,2.26799941690055
9704,2.3288,2.38097822527458
9705,2.32904,2.36963764937618
9706,2.32928,2.74561894473729
9707,2.32952,2.64123704801276
9708,2.32976,2.30351201297573
9709,2.33,3.07639609563184
9710,2.33024,2.51765491422798
9711,2.33048,2.46649195512299
9712,2.33072,3.5076180372492
9713,2.33096,2.38209309376541
9714,2.3312,2.50565173787066
9715,2.33144,3.5841928612158
9716,2.33168,2.73645369409415
9717,2.33192,2.41293592684914
9718,2.33216,3.31129589912132
9719,2.3324,2.99672016159013
9720,2.33264,2.71262329402231
9721,2.33288,3.54569864617943
9722,2.33312,3.15768521335593
9723,2.33336,2.92494179662183
9724,2.3336,3.57375730533437
9725,2.33384,3.24145610715851
9726,2.33408,3.06295576237807
9727,2.33432,2.33338348223037
9728,2.33456,3.06058523323462
9729,2.3348,3.54691682223192
9730,2.33504,3.07640019507926
9731,2.33528,2.54958011542599
9732,2.33552,3.23370712075611
9733,2.33576,3.7969235422964
9734,2.336,2.47016707678185
9735,2.33624,3.34492813546796
9736,2.33648,2.77174838442864
9737,2.33672,2.50328366714143
9738,2.33696,3.20648378101824
9739,2.3372,3.29996013230812
9740,2.33744,2.36951504166811
9741,2.33768,3.14949921046246
9742,2.33792,3.0780637010788
9743,2.33816,2.1022818943835
9744,2.3384,3.08008404664192
9745,2.33864,2.95859598304892
9746,2.33888,1.93530363161457
9747,2.33912,3.10213902729416
9748,2.33936,2.69908396204915
9749,2.3396,2.24690249932169
9750,2.33984,3.47040376579733
9751,2.34008,2.19041382023356
9752,2.34032,2.76936512390417
9753,2.34056,2.96536659113659
9754,2.3408,1.8935629160096
9755,2.34104,2.42968395982814
9756,2.34128,2.95120897544152
9757,2.34152,1.83253704823304
9758,2.34176,2.56365675490082
9759,2.342,2.43748028771456
9760,2.34224,1.28870432742129
9761,2.34248,2.92217432488724
9762,2.34272,2.03888490166676
9763,2.34296,1.81256947143998
9764,2.3432,2.77652832760696
9765,2.34344,1.6085868200661
9766,2.34368,1.70560506868021
9767,2.34392,2.14171049620366
9768,2.34416,1.29693390930461
9769,2.3444,2.40684059543902
9770,2.34464,1.11647672922749
9771,2.34488,1.21458465533017
9772,2.34512,1.1979269466137
9773,2.34536,2.14614048893414
9774,2.3456,1.53546078188335
9775,2.34584,1.11075690918895
9776,2.34608,1.17013662793756
9777,2.34632,2.07515172106323
9778,2.34656,0.259586417374711
9779,2.3468,1.11628141110884
9780,2.34704,0.767628171108582
9781,2.34728,0.469757109681116
9782,2.34752,1.13964046700218
9783,2.34776,0.845077291812681
9784,2.348,-0.119144953419275
9785,2.34824,1.08474420591502
9786,2.34848,0.48310897824354
9787,2.34872,-0.0707624489775622
9788,2.34896,1.17456539590218
9789,2.3492,0.0404159440434223
9790,2.34944,0.017501549286609
9791,2.34968,0.70949450749951
9792,2.34992,-0.248656403446278
9793,2.35016,0.00275016528666749
9794,2.3504,0.260899200880791
9795,2.35064,-0.29012731439592
9796,2.35088,-0.244692606235196
9797,2.35112,-0.293431244672564
9798,2.35136,-0.0921992177496196
9799,2.3516,-0.494908491442447
9800,2.35184,-0.985780667287919
9801,2.35208,-0.0327967151251278
9802,2.35232,-0.400973221239709
9803,2.35256,-1.34452454586125
9804,2.3528,-0.848453180278935
9805,2.35304,-0.699063161686535
9806,2.35328,-0.898558380701058
9807,2.35352,-0.862988616113844
9808,2.35376,-1.41133743606646
9809,2.354,-0.98839190243152
9810,2.35424,-1.05831813509303
9811,2.35448,-1.47265409597287
9812,2.35472,-1.15839208553994
9813,2.35496,-1.45068501192446
9814,2.3552,-1.49690238245613
9815,2.35544,-1.5448186741617
9816,2.35568,-1.34782117069152
9817,2.35592,-1.87169649338971
9818,2.35616,-1.55280695084852
9819,2.3564,-1.5934259263666
9820,2.35664,-1.63713975597929
9821,2.35688,-2.28296273861167
9822,2.35712,-1.84586068206184
9823,2.35736,-2.01018680587794
9824,2.3576,-1.94931242948662
9825,2.35784,-2.24356373792926
9826,2.35808,-2.18167516226926
9827,2.35832,-2.13786118718122
9828,2.35856,-2.44569333607861
9829,2.3588,-2.40496431072332
9830,2.35904,-2.37715814166177
9831,2.35928,-2.34179856218514
9832,2.35952,-2.57140806138353
9833,2.35976,-2.43906992134894
9834,2.36,-2.07592071733897
9835,2.36024,-3.05491093437363
9836,2.36048,-2.58426822199004
9837,2.36072,-2.26720759713605
9838,2.36096,-3.15276486599763
9839,2.3612,-2.71665198000441
9840,2.36144,-2.9185608356769
9841,2.36168,-3.11457212603889
9842,2.36192,-2.83769982921248
9843,2.36216,-2.48160813125104
9844,2.3624,-2.83591114986161
9845,2.36264,-2.61544796980799
9846,2.36288,-3.39199856522815
9847,2.36312,-2.94218355271125
9848,2.36336,-2.53088452719606
9849,2.3636,-3.0000599763971
9850,2.36384,-3.80436913706989
9851,2.36408,-2.7099026776349
9852,2.36432,-2.864580882591
9853,2.36456,-3.85484643173668
9854,2.3648,-2.57945653530398
9855,2.36504,-2.67958533474849
9856,2.36528,-2.65056292952475
9857,2.36552,-2.43894879328565
9858,2.36576,-3.07332099894194
9859,2.366,-3.47019460246521
9860,2.36624,-2.90941108341922
9861,2.36648,-2.65416563875257
9862,2.36672,-3.48025436381063
9863,2.36696,-2.39550321785181
9864,2.3672,-2.46045171329631
9865,2.36744,-3.24283475612894
9866,2.36768,-3.17974914616805
9867,2.36792,-2.33706421738351
9868,2.36816,-3.31707296158611
9869,2.3684,-2.84294316096591
9870,2.36864,-2.31833048595409
9871,2.36888,-3.1319055642722
9872,2.36912,-3.09059036147134
9873,2.36936,-2.14584868695238
9874,2.3696,-3.15341474562139
9875,2.36984,-2.82431308515434
9876,2.37008,-2.20338093656797
9877,2.37032,-3.39276447658027
9878,2.37056,-2.19023365373187
9879,2.3708,-2.61072513901469
9880,2.37104,-2.89625236271815
9881,2.37128,-1.79236665438204
9882,2.37152,-2.87698252716592
9883,2.37176,-2.75112107570464
9884,2.372,-1.60157526145124
9885,2.37224,-2.65146079300295
9886,2.37248,-2.6019372630332
9887,2.37272,-1.52813613700084
9888,2.37296,-2.76780711224938
9889,2.3732,-2.31202196930776
9890,2.37344,-1.56188100753998
9891,2.37368,-2.7406152249074
9892,2.37392,-1.8883365903096
9893,2.37416,-1.4609597558843
9894,2.3744,-2.70741672977697
9895,2.37464,-1.92492497703414
9896,2.37488,-1.08305173842491
9897,2.37512,-2.18146441825259
9898,2.37536,-2.06665398357983
9899,2.3756,-0.798384393379938
9900,2.37584,-1.26000994672401
9901,2.37608,-1.96086779809625
9902,2.37632,-1.57958371164158
9903,2.37656,-1.14094808970019
9904,2.3768,-1.42604530371699
9905,2.37704,-1.59555837966454
9906,2.37728,-0.385032174484921
9907,2.37752,-0.634736513049037
9908,2.37776,-1.72225294534144
9909,2.378,-0.434094929174913
9910,2.37824,-0.500686770518632
9911,2.37848,-1.52525671842329
9912,2.37872,-0.532543995016636
9913,2.37896,-0.534413215807429
9914,2.3792,-1.36911744912108
9915,2.37944,-0.194168013516777
9916,2.37968,-0.359741595096934
9917,2.37992,-0.768609515464643
9918,2.38016,-0.134878157635659
9919,2.3804,-0.338828098945441
9920,2.38064,-0.206229857461886
9921,2.38088,-0.0960388001641097
9922,2.38112,0.138858210307602
9923,2.38136,0.217838491332164
9924,2.3816,-0.0671335872037166
9925,2.38184,0.604623226010567
9926,2.38208,0.279921917402476
9927,2.38232,-0.0329445831692123
9928,2.38256,0.717694004208984
9929,2.3828,0.365344333033099
9930,2.38304,0.383607941513593
9931,2.38328,1.09576560793688
9932,2.38352,0.713820350159645
9933,2.38376,0.817880915164269
9934,2.384,0.783202029163112
9935,2.38424,0.983597571749056
9936,2.38448,1.18531354624206
9937,2.38472,0.887244601738194
9938,2.38496,1.07393320804617
9939,2.3852,1.37754352901359
9940,2.38544,1.30711737919139
9941,2.38568,1.11865333053758
9942,2.38592,1.2950576442199
9943,2.38616,1.22402626278928
9944,2.3864,1.50766414519654
9945,2.38664,1.90942495158823
9946,2.38688,1.47161795722687
9947,2.38712,1.74991798567453
9948,2.38736,1.79772923138037
9949,2.3876,2.19893116858021
9950,2.38784,1.99989166855338
9951,2.38808,1.81095814958328
9952,2.38832,2.46357348982305
9953,2.38856,2.14981220521155
9954,2.3888,1.85118651225629
9955,2.38904,2.27972258897433
9956,2.38928,2.34059446334031
9957,2.38952,1.81857656483112
9958,2.38976,2.7465456363176
9959,2.39,2.5860006162751
9960,2.39024,2.33041424086503
9961,2.39048,2.68110655986912
9962,2.39072,2.42697042145337
9963,2.39096,2.44130736430305
9964,2.3912,2.69177308420667
9965,2.39144,2.47586781355001
9966,2.39168,2.87983793282913
9967,2.39192,2.43430357660813
9968,2.39216,2.26542290613915
9969,2.3924,3.30511448165555
9970,2.39264,2.65694914930533
9971,2.39288,2.52230099977986
9972,2.39312,2.88835165545546
9973,2.39336,3.4857147023041
9974,2.3936,2.41921079324656
9975,2.39384,2.48297404099677
9976,2.39408,3.13591599729114
9977,2.39432,2.84900339865151
9978,2.39456,3.55852120162592
9979,2.3948,2.92637837241017
9980,2.39504,2.69539496783761
9981,2.39528,3.34582054811662
9982,2.39552,3.8437641671992
9983,2.39576,2.81633780563984
9984,2.396,2.43583761005337
9985,2.39624,3.0420426037323
9986,2.39648,3.63810843641761
9987,2.39672,2.21621614275798
9988,2.39696,3.00612984509995
9989,2.3972,3.6671671154253
9990,2.39744,2.32102289202135
9991,2.39768,2.93860195172529
9992,2.39792,3.66591182105449
9993,2.39816,2.38120123777325
9994,2.3984,3.1777484515608
9995,2.39864,3.4831907527093
9996,2.39888,2.280444419246
9997,2.39912,3.26781991641309
9998,2.39936,3.2821381677859
9999,2.3996,2.39595204631117
10000,2.39984,3.33095958969303
10001,2.40008,2.69829252721956
10002,2.40032,2.49569758131536
10003,2.40056,3.61122051007342
10004,2.4008,2.10608570635013
10005,2.40104,2.93638005861888
10006,2.40128,2.90784648864657
10007,2.40152,2.22028160163253
10008,2.40176,3.34805175353655
10009,2.402,2.20370813255801
10010,2.40224,2.44281885993934
10011,2.40248,3.39825048346235
10012,2.40272,2.08840931241085
10013,2.40296,2.4041674153143
10014,2.4032,2.70483965495469
10015,2.40344,1.49414304595842
10016,2.40368,2.95198463311467
10017,2.40392,2.12844767418118
10018,2.40416,1.846401557937
10019,2.4044,2.87667103752629
10020,2.40464,2.00676239917765
10021,2.40488,1.44286262785289
10022,2.40512,2.79113220985677
10023,2.40536,1.98938427795424
10024,2.4056,1.13143144465158
10025,2.40584,2.21550673561549
10026,2.40608,2.20263803550715
10027,2.40632,1.03738244600774
10028,2.40656,1.36709485063458
10029,2.4068,1.3385332794083
10030,2.40704,2.27544468116727
10031,2.40728,1.30281386050216
10032,2.40752,0.87531917904924
10033,2.40776,1.65325154187159
10034,2.408,1.58375438582945
10035,2.40824,0.975998500228002
10036,2.40848,1.21310742899719
10037,2.40872,0.500091038093347
10038,2.40896,0.804158046218094
10039,2.4092,1.21990495534269
10040,2.40944,0.559382943097707
10041,2.40968,0.312375595878017
10042,2.40992,1.26217211107415
10043,2.41016,0.304179859910187
10044,2.4104,0.230548919697611
10045,2.41064,1.23118854018141
10046,2.41088,0.0945502993044622
10047,2.41112,0.180988583857412
10048,2.41136,0.146660252621353
10049,2.4116,0.0325563990679703
10050,2.41184,0.398978096695404
10051,2.41208,-0.309438771979451
10052,2.41232,-0.259337566998331
10053,2.41256,0.262305944759216
10054,2.4128,-0.756103928492567
10055,2.41304,-0.195874746881558
10056,2.41328,0.00290702337070403
10057,2.41352,-0.975240231697647
10058,2.41376,-0.629359601199379
10059,2.414,-0.394731503486857
10060,2.41424,-0.981091409733128
10061,2.41448,-0.842914810664861
10062,2.41472,-0.584528152182552
10063,2.41496,-1.02827404227457
10064,2.4152,-0.870272406662314
10065,2.41544,-1.18620855608811
10066,2.41568,-1.003275085116
10067,2.41592,-1.07136424493191
10068,2.41616,-1.37037582636124
10069,2.4164,-1.41583085916738
10070,2.41664,-1.22460510269253
10071,2.41688,-1.75278920594154
10072,2.41712,-1.31674563764456
10073,2.41736,-1.72768055365379
10074,2.4176,-1.65083429764371
10075,2.41784,-1.93341489058829
10076,2.41808,-1.61254587138252
10077,2.41832,-2.13711601942939
10078,2.41856,-1.82079356419708
10079,2.4188,-1.74363836261877
10080,2.41904,-2.2763454869245
10081,2.41928,-2.32287727930683
10082,2.41952,-2.01282199612923
10083,2.41976,-2.08034144240772
10084,2.42,-2.74606546639766
10085,2.42024,-1.96870045219089
10086,2.42048,-1.93729752955063
10087,2.42072,-2.86294589105269
10088,2.42096,-2.34640840713212
10089,2.4212,-2.33784862816008
10090,2.42144,-2.79944392468881
10091,2.42168,-2.43714644516001
10092,2.42192,-2.69421605243645
10093,2.42216,-2.70057449029724
10094,2.4224,-2.37898363061153
10095,2.42264,-3.02287915332492
10096,2.42288,-2.58256624030743
10097,2.42312,-2.78187926626809
10098,2.42336,-2.85794680007356
10099,2.4236,-2.69834374426082
10100,2.42384,-2.93651945850957
10101,2.42408,-3.1686615642824
10102,2.42432,-2.34269999084522
10103,2.42456,-3.11418164262692
10104,2.4248,-3.26466342923846
10105,2.42504,-2.02332996886158
10106,2.42528,-3.43235986250935
10107,2.42552,-3.15179604793238
10108,2.42576,-2.43219292860744
10109,2.426,-3.41574096863918
10110,2.42624,-3.30559859415356
10111,2.42648,-2.39490301085835
10112,2.42672,-2.85543436920927
10113,2.42696,-3.41321167567289
10114,2.4272,-2.45684354804457
10115,2.42744,-2.97045218045959
10116,2.42768,-3.71528858930155
10117,2.42792,-2.31845206780366
10118,2.42816,-2.7837158733666
10119,2.4284,-3.48965062080918
10120,2.42864,-2.86826309666698
10121,2.42888,-2.79396548955561
10122,2.42912,-3.56254598248014
10123,2.42936,-2.53460285950247
10124,2.4296,-2.5406128453945
10125,2.42984,-3.61896968635297
10126,2.43008,-2.42318579739524
10127,2.43032,-2.62009257301071
10128,2.43056,-3.52985811887401
10129,2.4308,-2.40627160453319
10130,2.43104,-2.6728887794711
10131,2.43128,-3.52500030343333
10132,2.43152,-2.00744981782743
10133,2.43176,-2.828451515256
10134,2.432,-3.02635665270614
10135,2.43224,-1.9601496339863
10136,2.43248,-3.2002704702939
10137,2.43272,-2.27805276933611
10138,2.43296,-2.38017581309786
10139,2.4332,-3.19985564514237
10140,2.43344,-2.00288839907666
10141,2.43368,-2.66144102693801
10142,2.43392,-2.70023927122304
10143,2.43416,-1.47394365741579
10144,2.4344,-2.680242040047
10145,2.43464,-2.55663026481772
10146,2.43488,-1.52369643239902
10147,2.43512,-2.4531337365091
10148,2.43536,-2.40065996119196
10149,2.4356,-1.56481553370855
10150,2.43584,-1.97360019058416
10151,2.43608,-2.4773541647438
10152,2.43632,-1.70108594543127
10153,2.43656,-1.57540400595133
10154,2.4368,-2.40022576391195
10155,2.43704,-1.68774614402666
10156,2.43728,-0.903172411901517
10157,2.43752,-1.3548501729202
10158,2.43776,-1.80571844642968
10159,2.438,-1.42113874854408
10160,2.43824,-0.980718801280458
10161,2.43848,-1.74741790321822
10162,2.43872,-1.55016943766897
10163,2.43896,-0.932415995662579
10164,2.4392,-1.04116758119935
10165,2.43944,-1.75220976335079
10166,2.43968,-0.0957081286875089
10167,2.43992,-1.11602261272364
10168,2.44016,-1.04469424768336
10169,2.4404,-0.0546440007752864
10170,2.44064,-0.768842817692107
10171,2.44088,-0.996370752754522
10172,2.44112,-0.0669798373203135
10173,2.44136,-0.350293254983354
10174,2.4416,-0.873304311757936
10175,2.44184,0.00495517633681397
10176,2.44208,-0.201782652242073
10177,2.44232,-0.418617054036043
10178,2.44256,0.0528265238969431
10179,2.4428,0.0474543085899691
10180,2.44304,0.133040741008583
10181,2.44328,-0.0279726322552294
10182,2.44352,0.644497397206129
10183,2.44376,0.564780833944272
10184,2.444,0.127719069851907
10185,2.44424,0.643664530246404
10186,2.44448,0.531756230984152
10187,2.44472,0.310170922134145
10188,2.44496,1.02714610688652
10189,2.4452,0.525535130664162
10190,2.44544,0.636425575314433
10191,2.44568,1.0871154071145
10192,2.44592,0.801797388426375
10193,2.44616,0.767815396975243
10194,2.4464,1.32160009491873
10195,2.44664,1.01844392797579
10196,2.44688,1.08437165443749
10197,2.44712,1.26281778027161
10198,2.44736,1.18887172524333
10199,2.4476,1.71640291068049
10200,2.44784,1.28298344655729
10201,2.44808,1.69156004701459
10202,2.44832,1.37583374676601
10203,2.44856,1.78193864618155
10204,2.4488,1.82113050225136
10205,2.44904,1.50385946580866
10206,2.44928,1.54875093828007
10207,2.44952,2.31501612113343
10208,2.44976,1.87871750911597
10209,2.45,2.41234774583292
10210,2.45024,1.9839813801064
10211,2.45048,1.55655867587531
10212,2.45072,2.46910880850225
10213,2.45096,2.41073013476282
10214,2.4512,1.6388445078626
10215,2.45144,2.57125716307739
10216,2.45168,2.40937857654448
10217,2.45192,2.02848494356984
10218,2.45216,2.97816861333888
10219,2.4524,2.71787473504708
10220,2.45264,2.12809203416213
10221,2.45288,2.98238356331684
10222,2.45312,2.51673423150725
10223,2.45336,2.56330783923898
10224,2.4536,2.83547209208021
10225,2.45384,2.65659049110499
10226,2.45408,2.96869499901069
10227,2.45432,3.03500931467542
10228,2.45456,2.1823268987161
10229,2.4548,3.26237458369564
10230,2.45504,2.89510844641088
10231,2.45528,2.32987827077864
10232,2.45552,3.080836018864
10233,2.45576,2.76612901852226
10234,2.456,3.33367488600431
10235,2.45624,3.39697993583843
10236,2.45648,2.65403124352887
10237,2.45672,3.03646781751344
10238,2.45696,3.16256694480372
10239,2.4572,2.13167194153595
10240,2.45744,3.87405763853265
10241,2.45768,2.8595891033798
10242,2.45792,2.49169325115167
10243,2.45816,2.874390482466
10244,2.4584,3.49176279206222
10245,2.45864,2.55797428632381
10246,2.45888,2.76752140523241
10247,2.45912,3.45440225227266
10248,2.45936,3.1754272969753
10249,2.4596,2.60333380164594
10250,2.45984,3.36363906637702
10251,2.46008,3.27770141193451
10252,2.46032,2.41159243669452
10253,2.46056,3.24376842036556
10254,2.4608,3.10894634307702
10255,2.46104,2.3152611059499
10256,2.46128,3.22439012520032
10257,2.46152,2.92109047139523
10258,2.46176,2.32560894124726
10259,2.462,3.18407468677855
10260,2.46224,2.83542749794285
10261,2.46248,2.31359862961912
10262,2.46272,3.35856360204069
10263,2.46296,2.37146737118089
10264,2.4632,2.64751952837939
10265,2.46344,3.26932440070865
10266,2.46368,1.89225574307847
10267,2.46392,2.95721229921614
10268,2.46416,2.68881512041773
10269,2.4644,2.12399723245928
10270,2.46464,3.00679876446624
10271,2.46488,2.45398518775581
10272,2.46512,1.96473950804791
10273,2.46536,2.91748156141251
10274,2.4656,1.9738309483897
10275,2.46584,2.1685504598469
10276,2.46608,2.46385972003872
10277,2.46632,1.60586808086464
10278,2.46656,2.34972087995105
10279,2.4668,2.23608803461184
10280,2.46704,1.33276305643807
10281,2.46728,2.38689177263004
10282,2.46752,1.75539227707077
10283,2.46776,1.53720477644125
10284,2.468,2.1517244444129
10285,2.46824,0.896450851528354
10286,2.46848,0.998790234719938
10287,2.46872,2.06445760227242
10288,2.46896,1.80334337870908
10289,2.4692,1.00734046670956
10290,2.46944,1.18606220036375
10291,2.46968,1.72754214781117
10292,2.46992,0.254181095684244
10293,2.47016,1.22452769621718
10294,2.4704,1.34514274324698
10295,2.47064,0.404448347837639
10296,2.47088,0.832628925082746
10297,2.47112,1.37467199468247
10298,2.47136,0.151261940540555
10299,2.4716,0.637158466391366
10300,2.47184,1.11244705501149
10301,2.47208,-0.0623916972720204
10302,2.47232,0.597529672065068
10303,2.47256,0.645833049473369
10304,2.4728,-0.475319791242369
10305,2.47304,0.586424436222666
10306,2.47328,0.0803238954969572
10307,2.47352,-0.385230715263263
10308,2.47376,0.588994238863239
10309,2.474,-0.461973878817731
10310,2.47424,-0.406438928264579
10311,2.47448,0.369636551483754
10312,2.47472,-0.643557798007193
10313,2.47496,-0.434404185768606
10314,2.4752,-0.110392848925382
10315,2.47544,-0.846484640844638
10316,2.47568,-0.363978683608403
10317,2.47592,-0.36769848571246
10318,2.47616,-1.31019839320378
10319,2.4764,-0.923762979022838
10320,2.47664,-0.655692392285542
10321,2.47688,-1.33492448741012
10322,2.47712,-0.924580679820977
10323,2.47736,-1.1209547739907
10324,2.4776,-1.18037369993461
10325,2.47784,-1.11319179993533
10326,2.47808,-1.29553416626658
10327,2.47832,-1.34330971836952
10328,2.47856,-1.14520606334708
10329,2.4788,-1.79410940281001
10330,2.47904,-1.35894674419422
10331,2.47928,-2.00116349795187
10332,2.47952,-1.4426252042905
10333,2.47976,-2.08639524425481
10334,2.48,-1.76533200216761
10335,2.48024,-2.05091372029823
10336,2.48048,-1.73822340509588
10337,2.48072,-1.78202324958103
10338,2.48096,-1.83458018866126
10339,2.4812,-2.61133389611701
10340,2.48144,-2.1847214498319
10341,2.48168,-2.01338095281982
10342,2.48192,-2.32035604821245
10343,2.48216,-2.27728429130044
10344,2.4824,-2.2439442504373
10345,2.48264,-2.32575146504887
10346,2.48288,-2.55274215601132
10347,2.48312,-2.54309573697787
10348,2.48336,-2.40920984088347
10349,2.4836,-2.66296522611411
10350,2.48384,-2.67433043445791
10351,2.48408,-2.33658026354719
10352,2.48432,-2.98593229921085
10353,2.48456,-2.54263115492905
10354,2.4848,-2.1302262603631
10355,2.48504,-3.17322907186433
10356,2.48528,-2.88656959100112
10357,2.48552,-2.51500415635806
10358,2.48576,-3.47621149979954
10359,2.486,-2.9919293003764
10360,2.48624,-2.31621407573106
10361,2.48648,-3.43843376311216
10362,2.48672,-3.23694780608787
10363,2.48696,-2.24385200464056
10364,2.4872,-3.4191063925186
10365,2.48744,-3.26821803866853
10366,2.48768,-2.56735929561018
10367,2.48792,-3.80451107471113
10368,2.48816,-2.75329765553397
10369,2.4884,-2.95359002632483
10370,2.48864,-3.38081607858042
10371,2.48888,-2.41229168480627
10372,2.48912,-2.92301891472045
10373,2.48936,-3.43099660314533
10374,2.4896,-3.45969048296592
10375,2.48984,-2.34063895287663
10376,2.49008,-3.05636111792513
10377,2.49032,-3.64073990336202
10378,2.49056,-2.32535981775313
10379,2.4908,-2.63853578602024
10380,2.49104,-3.424930698401
10381,2.49128,-2.30279196362189
10382,2.49152,-2.5699884839203
10383,2.49176,-3.4269558528567
10384,2.492,-2.60756654154879
10385,2.49224,-2.45670407793812
10386,2.49248,-3.50492076990081
10387,2.49272,-2.63778460818439
10388,2.49296,-2.5612266279192
10389,2.4932,-3.44015436349567
10390,2.49344,-2.17623748773549
10391,2.49368,-2.76988121846011
10392,2.49392,-2.99002149341982
10393,2.49416,-2.06296978852386
10394,2.4944,-3.19532158039323
10395,2.49464,-2.29471260506275
10396,2.49488,-2.29921645427687
10397,2.49512,-3.13006408399051
10398,2.49536,-1.95439894162957
10399,2.4956,-2.62923459059049
10400,2.49584,-2.3295422560551
10401,2.49608,-1.73647608959638
10402,2.49632,-3.18446988412437
10403,2.49656,-1.99957087778366
10404,2.4968,-1.36583068529166
10405,2.49704,-2.53999943317617
10406,2.49728,-1.91401846262683
10407,2.49752,-1.11080878016562
10408,2.49776,-2.71440145793204
10409,2.498,-2.03228710123009
10410,2.49824,-1.29109568960793
10411,2.49848,-2.02476253377341
10412,2.49872,-2.13519990726398
10413,2.49896,-1.32912536385954
10414,2.4992,-1.42204621995884
10415,2.49944,-1.39348750458589
10416,2.49968,-2.20629161439778
10417,2.49992,-0.536069041634455
10418,2.50016,-1.42702606023317
10419,2.5004,-1.83087178412645
10420,2.50064,-0.341507066041811
10421,2.50088,-1.29543056241125
10422,2.50112,-1.40025077430703
10423,2.50136,-0.213698159152536
10424,2.5016,-0.869289831065608
10425,2.50184,-1.5188644321448
10426,2.50208,-0.279559175511732
10427,2.50232,-0.509653388062419
10428,2.50256,-1.33750410456092
10429,2.5028,-0.392539809829607
10430,2.50304,-0.55545839636659
10431,2.50328,-0.351722731863708
10432,2.50352,0.0528845234636087
10433,2.50376,-0.510670976967527
10434,2.504,0.239108055913937
10435,2.50424,-0.250022946465095
10436,2.50448,-0.369093596045885
10437,2.50472,0.68607481472768
10438,2.50496,-0.203849099340061
10439,2.5052,0.117552864685002
10440,2.50544,0.766890621543031
10441,2.50568,0.332326664595076
10442,2.50592,0.127300329793423
10443,2.50616,0.624420829144882
10444,2.5064,0.644153999224558
10445,2.50664,0.760854613562685
10446,2.50688,0.864856809891718
10447,2.50712,0.859166683528104
10448,2.50736,0.950095958419992
10449,2.5076,0.670811757287226
10450,2.50784,0.757924630554106
10451,2.50808,1.42932514621197
10452,2.50832,1.0113784427295
10453,2.50856,1.19738281928229
10454,2.5088,1.61156043582281
10455,2.50904,1.05753393162668
10456,2.50928,1.47783366960196
10457,2.50952,1.51815411564609
10458,2.50976,1.56552965916402
10459,2.51,1.60904683163656
10460,2.51024,1.41043401285073
10461,2.51048,1.6897377568915
10462,2.51072,1.97697820840702
10463,2.51096,2.01768181572191
10464,2.5112,1.93513693793204
10465,2.51144,1.86578254773537
10466,2.51168,2.03250192567261
10467,2.51192,2.2039013496437
10468,2.51216,1.90400268747266
10469,2.5124,2.20013304160463
10470,2.51264,2.26205787852627
10471,2.51288,1.98190139993439
10472,2.51312,2.41663907425557
10473,2.51336,2.38487019172465
10474,2.5136,2.48339150903383
10475,2.51384,2.3349425867027
10476,2.51408,2.45062633953958
10477,2.51432,2.81232859579308
10478,2.51456,2.33001999724931
10479,2.5148,2.72192902249895
10480,2.51504,2.9876905149654
10481,2.51528,2.30156936631536
10482,2.51552,3.09040116192518
10483,2.51576,2.90222507608081
10484,2.516,2.38497746479828
10485,2.51624,3.44709939570087
10486,2.51648,2.34218673388145
10487,2.51672,2.84273601715208
10488,2.51696,3.68807264759477
10489,2.5172,2.50717724833113
10490,2.51744,2.45527224401336
10491,2.51768,3.35710535450782
10492,2.51792,3.06485243933177
10493,2.51816,2.09783296391786
10494,2.5184,3.7803529786819
10495,2.51864,3.40964782820403
10496,2.51888,2.36909669597461
10497,2.51912,2.93438768547538
10498,2.51936,3.23185287131563
10499,2.5196,2.36368413132479
10500,2.51984,2.85973793404789
10501,2.52008,3.35767861863189
10502,2.52032,3.85261738228934
10503,2.52056,2.22524709888836
10504,2.5208,2.81180621074898
10505,2.52104,3.5149652035963
10506,2.52128,2.54317015301454
10507,2.52152,2.83381794044367
10508,2.52176,3.48232597722984
10509,2.522,3.04795342999079
10510,2.52224,2.80010861045311
10511,2.52248,3.51696362772966
10512,2.52272,2.449427336164
10513,2.52296,2.6445899279967
10514,2.5232,3.66989548595099
10515,2.52344,2.42787542823049
10516,2.52368,2.69548960998476
10517,2.52392,3.5537214448917
10518,2.52416,2.26998163847822
10519,2.5244,2.61197928487647
10520,2.52464,3.29985369606759
10521,2.52488,1.86510900826765
10522,2.52512,2.99030196989265
10523,2.52536,2.54991402026537
10524,2.5256,2.17344473675186
10525,2.52584,3.35570205281026
10526,2.52608,2.03995282997423
10527,2.52632,2.46286834810672
10528,2.52656,2.98527371669328
10529,2.5268,1.75393548395381
10530,2.52704,2.49166046488352
10531,2.52728,2.73150728002063
10532,2.52752,1.81468091940464
10533,2.52776,2.03016476434203
10534,2.528,2.82266214118885
10535,2.52824,1.7308703640199
10536,2.52848,1.54499076225553
10537,2.52872,2.78025134438205
10538,2.52896,1.87293473813846
10539,2.5292,1.02681269098247
10540,2.52944,2.35902776804851
10541,2.52968,2.11329294543839
10542,2.52992,1.19476416365517
10543,2.53016,1.17088025125162
10544,2.5304,1.98876242460669
10545,2.53064,1.84718753951061
10546,2.53088,1.16299357606866
10547,2.53112,1.20924036437344
10548,2.53136,2.09770820974257
10549,2.5316,0.500551293366955
10550,2.53184,0.746405216700531
10551,2.53208,1.58592762657198
10552,2.53232,0.405264598949303
10553,2.53256,0.584910812668218
10554,2.5328,1.60306976835791
10555,2.53304,0.604329707441051
10556,2.53328,0.600538577717351
10557,2.53352,1.31094167517254
10558,2.53376,0.259065465080687
10559,2.534,0.657920039232505
10560,2.53424,0.221591249856361
10561,2.53448,0.308931060445403
10562,2.53472,0.51115070060964
10563,2.53496,-0.228566550223752
10564,2.5352,0.263567308085592
10565,2.53544,0.143970174175362
10566,2.53568,-0.661259278993134
10567,2.53592,-0.132854680954369
10568,2.53616,-0.0878773184586884
10569,2.5364,-0.494424769551714
10570,2.53664,-0.292055961692234
10571,2.53688,-0.573533680495345
10572,2.53712,-0.584213304247077
10573,2.53736,-0.709779245926697
10574,2.5376,-0.83598948807265
10575,2.53784,-0.576463641168033
10576,2.53808,-0.675475486434011
10577,2.53832,-1.1312401350551
10578,2.53856,-0.844856539592412
10579,2.5388,-0.807388851556641
10580,2.53904,-1.35868851200439
10581,2.53928,-0.934403051527597
10582,2.53952,-1.24280560435523
10583,2.53976,-1.29557186562773
10584,2.54,-1.10052906933753
10585,2.54024,-1.63977465335176
10586,2.54048,-1.56549233140074
10587,2.54072,-1.60778001538821
10588,2.54096,-1.65267315882395
10589,2.5412,-1.57408970292454
10590,2.54144,-1.97846233333987
10591,2.54168,-1.65878694912001
10592,2.54192,-1.69876284221979
10593,2.54216,-1.50212938637335
10594,2.5424,-2.15443572176053
10595,2.54264,-1.95951823417096
10596,2.54288,-1.76739390582681
10597,2.54312,-2.07525181101967
10598,2.54336,-2.61286417568392
10599,2.5436,-1.95686532667669
10600,2.54384,-2.51889960069101
10601,2.54408,-2.47096191991472
10602,2.54432,-2.44549820197829
10603,2.54456,-2.42735823822137
10604,2.5448,-2.40184760250647
10605,2.54504,-2.64145970223842
10606,2.54528,-2.63866734616059
10607,2.54552,-2.28675769890975
10608,2.54576,-3.03819875406102
10609,2.546,-2.45981494937418
10610,2.54624,-2.39693478785878
10611,2.54648,-3.42010165448085
10612,2.54672,-2.63496046314015
10613,2.54696,-2.49587740793864
10614,2.5472,-3.42813634384458
10615,2.54744,-2.32857091855045
10616,2.54768,-2.83524107347644
10617,2.54792,-3.44950366727443
10618,2.54816,-2.63961130273002
10619,2.5484,-2.59653966359023
10620,2.54864,-3.13945257590866
10621,2.54888,-2.74711654037477
10622,2.54912,-3.46402025653072
10623,2.54936,-3.20455274897428
10624,2.5496,-2.62341440822891
10625,2.54984,-2.57291504763032
10626,2.55008,-3.34246546824628
10627,2.55032,-3.05210394402297
10628,2.55056,-2.32700309596131
10629,2.5508,-2.83433512592828
10630,2.55104,-3.33652060305615
10631,2.55128,-3.60088383478546
10632,2.55152,-2.59004344663496
10633,2.55176,-3.1699068934468
10634,2.552,-3.62127833930245
10635,2.55224,-2.30636550152156
10636,2.55248,-2.85035405429088
10637,2.55272,-3.74442301839683
10638,2.55296,-2.38353797399455
10639,2.5532,-2.87451820825392
10640,2.55344,-3.59924749034876
10641,2.55368,-2.30285489171526
10642,2.55392,-2.74533261789412
10643,2.55416,-3.65553816594844
10644,2.5544,-2.42507918952578
10645,2.55464,-2.70105860261968
10646,2.55488,-3.32170715799173
10647,2.55512,-2.06290819422847
10648,2.55536,-3.12442067949149
10649,2.5556,-2.61217861525307
10650,2.55584,-2.28789575074279
10651,2.55608,-3.5240058928099
10652,2.55632,-2.13517334847685
10653,2.55656,-2.60707148040234
10654,2.5568,-2.70723907268082
10655,2.55704,-1.66112422477026
10656,2.55728,-3.03722891161762
10657,2.55752,-2.13513937595497
10658,2.55776,-2.14095118174677
10659,2.558,-2.84689419828195
10660,2.55824,-1.78790022271284
10661,2.55848,-1.98534003176203
10662,2.55872,-3.01343108927281
10663,2.55896,-1.77906654334043
10664,2.5592,-1.57379505403589
10665,2.55944,-2.55734600804857
10666,2.55968,-1.64669863179352
10667,2.55992,-1.27231365096568
10668,2.56016,-2.45629927187507
10669,2.5604,-1.8415469178322
10670,2.56064,-1.04976932420116
10671,2.56088,-1.95068171400053
10672,2.56112,-2.00885738291166
10673,2.56136,-0.780174489140929
10674,2.5616,-1.04123216462009
10675,2.56184,-2.02542564921719
10676,2.56208,-1.44867085467872
10677,2.56232,-0.939506489818584
10678,2.56256,-1.03740466943295
10679,2.5628,-1.85587692248578
10680,2.56304,-0.189569057985936
10681,2.56328,-1.19853625606524
10682,2.56352,-1.23811728629599
10683,2.56376,-0.115578728025838
10684,2.564,-0.461906601345354
10685,2.56424,-1.2829500884954
10686,2.56448,-0.0949199736582764
10687,2.56472,-0.372899971610616
10688,2.56496,-1.12637472521938
10689,2.5652,0.00830549253264091
10690,2.56544,-0.194781265767495
10691,2.56568,-0.157464672511362
10692,2.56592,-0.0405937808500658
10693,2.56616,-0.282041901227853
10694,2.5664,0.306197167079533
10695,2.56664,0.0186167051735623
10696,2.56688,-0.0165865253626517
10697,2.56712,0.760319989167667
10698,2.56736,0.560758261665123
10699,2.5676,0.00313123948657124
10700,2.56784,0.98173325087981
10701,2.56808,0.637026241863372
10702,2.56832,0.403424723680094
10703,2.56856,0.871678202565017
10704,2.5688,0.745442542405582
10705,2.56904,1.19807988201611
10706,2.56928,0.674653330603043
10707,2.56952,0.886218679222508
10708,2.56976,0.957977090055953
10709,2.57,1.14414430367964
10710,2.57024,1.45151780714853
10711,2.57048,1.14401281695725
10712,2.57072,1.55354312593691
10713,2.57096,1.25225057923592
10714,2.5712,1.89457953658339
10715,2.57144,1.21997929238655
10716,2.57168,1.7458157581673
10717,2.57192,1.42754780336499
10718,2.57216,1.83231935687014
10719,2.5724,1.51441565209482
10720,2.57264,1.79328188388115
10721,2.57288,1.95547763157041
10722,2.57312,2.11988395786023
10723,2.57336,1.92190903347084
10724,2.5736,2.21570038418235
10725,2.57384,2.27023456263878
10726,2.57408,1.84457658879615
10727,2.57432,1.91522415698726
10728,2.57456,2.59032246777612
10729,2.5748,2.41659228370967
10730,2.57504,2.02841019518519
10731,2.57528,2.72338923890397
10732,2.57552,2.4507129624242
10733,2.57576,2.20617487232922
10734,2.576,2.67459791629721
10735,2.57624,2.56070607587745
10736,2.57648,2.5833325926024
10737,2.57672,2.5976549271129
10738,2.57696,2.64713260061231
10739,2.5772,3.41795877722863
10740,2.57744,2.39035403425608
10741,2.57768,2.72417898456594
10742,2.57792,3.40597780737973
10743,2.57816,2.53935463961581
10744,2.5784,2.79264915092779
10745,2.57864,3.40056179098844
10746,2.57888,3.04868767082093
10747,2.57912,2.37793161950749
10748,2.57936,3.7751808749514
10749,2.5796,3.1077077382771
10750,2.57984,2.72317985119477
10751,2.58008,3.44768350157244
10752,2.58032,3.19561126986194
10753,2.58056,2.98246861348978
10754,2.5808,2.45475993473253
10755,2.58104,3.71358828793129
10756,2.58128,2.83288185575833
10757,2.58152,2.72361707306023
10758,2.58176,3.22240870683714
10759,2.582,3.7189431291664
10760,2.58224,2.43409746345658
10761,2.58248,2.89000818751624
10762,2.58272,3.46671405181452
10763,2.58296,3.08274562307898
10764,2.5832,2.40430958864029
10765,2.58344,3.17857716659461
10766,2.58368,3.22611514277426
10767,2.58392,2.49135704758803
10768,2.58416,3.33072215930579
10769,2.5844,3.08604859695656
10770,2.58464,2.42607278159761
10771,2.58488,3.22139109578051
10772,2.58512,2.80884948853957
10773,2.58536,2.22212476312356
10774,2.5856,3.32999998117668
10775,2.58584,2.51334334009736
10776,2.58608,2.60577666844466
10777,2.58632,3.28611519133471
10778,2.58656,1.84397505965152
10779,2.5868,2.84958839235267
10780,2.58704,2.64180925840313
10781,2.58728,2.25426134888219
10782,2.58752,3.18840691476778
10783,2.58776,1.87121495890811
10784,2.588,2.76149001726419
10785,2.58824,2.67222224741331
10786,2.58848,1.56863899270186
10787,2.58872,3.00251705491274
10788,2.58896,2.15585373868906
10789,2.5892,1.61545159471337
10790,2.58944,2.87454877237129
10791,2.58968,2.21758823440455
10792,2.58992,1.37978515214874
10793,2.59016,2.37511596139818
10794,2.5904,2.03868863999737
10795,2.59064,1.03946070412975
10796,2.59088,2.57165534543514
10797,2.59112,1.82950927798376
10798,2.59136,1.73857993007457
10799,2.5916,1.87990054885457
10800,2.59184,0.529055393230958
10801,2.59208,1.48456261702958
10802,2.59232,1.47343246283286
10803,2.59256,2.30816746677096
10804,2.5928,0.54491929385549
10805,2.59304,1.57485851345685
10806,2.59328,1.03625392166883
10807,2.59352,0.552210556765011
10808,2.59376,1.16672782492647
10809,2.594,1.29333586550954
10810,2.59424,0.126747298793546
10811,2.59448,1.16137034632147
10812,2.59472,1.10509094125908
10813,2.59496,0.131714167311568
10814,2.5952,0.49770820804552
10815,2.59544,0.860668502460156
10816,2.59568,0.0634971736037714
10817,2.59592,0.716587868553861
10818,2.59616,0.296869594435886
10819,2.5964,0.0329853699176941
10820,2.59664,0.484568484714612
10821,2.59688,-0.233793542538441
10822,2.59712,0.0186773515001663
10823,2.59736,0.0348128121700281
10824,2.5976,-0.278472776411431
10825,2.59784,-0.226911189069683
10826,2.59808,-0.0507392501615349
10827,2.59832,-0.68866198781328
10828,2.59856,-0.24854093513756
10829,2.5988,-0.272337567223153
10830,2.59904,-0.996261680154132
10831,2.59928,-0.524530253858008
10832,2.59952,-0.516674824583367
10833,2.59976,-1.21330950783632
10834,2.6,-0.945340243145175
10835,2.60024,-0.792957623095131
10836,2.60048,-1.10700057244881
10837,2.60072,-1.06293413581912
10838,2.60096,-1.12828198138557
10839,2.6012,-1.30501630790505
10840,2.60144,-1.24813202810431
10841,2.60168,-1.53849296838849
10842,2.60192,-1.34120664473398
10843,2.60216,-1.74617202458643
10844,2.6024,-1.43128939470665
10845,2.60264,-1.83512332769484
10846,2.60288,-1.63969282802772
10847,2.60312,-1.68433688560097
10848,2.60336,-1.96916790030769
10849,2.6036,-1.88538617752919
10850,2.60384,-1.80797353599018
10851,2.60408,-1.85943845008398
10852,2.60432,-2.02555666709836
10853,2.60456,-2.0778540940977
10854,2.6048,-2.02009383415238
10855,2.60504,-2.31690997541168
10856,2.60528,-2.26452940458835
10857,2.60552,-2.34181386793573
10858,2.60576,-2.29305058254895
10859,2.606,-2.38407044782136
10860,2.60624,-2.35990365100519
10861,2.60648,-2.21348307497694
10862,2.60672,-2.57557899286594
10863,2.60696,-2.68864446051143
10864,2.6072,-1.9757186863618
10865,2.60744,-2.72872109595328
10866,2.60768,-2.98788700305028
10867,2.60792,-2.07517832731542
10868,2.60816,-3.09725340236863
10869,2.6084,-2.78981614401454
10870,2.60864,-2.88106591514661
10871,2.60888,-3.45241780466978
10872,2.60912,-2.35442927408651
10873,2.60936,-3.09552362212274
10874,2.6096,-3.21781596565266
10875,2.60984,-2.29833057047875
10876,2.61008,-3.43239402735456
10877,2.61032,-3.2410519454118
10878,2.61056,-2.13278082716851
10879,2.6108,-3.32619184596504
10880,2.61104,-3.06765626027802
10881,2.61128,-2.14034275791163
10882,2.61152,-3.97829794234358
10883,2.61176,-2.70286695678392
10884,2.612,-3.03739273715026
10885,2.61224,-2.87864463411812
10886,2.61248,-2.53867258616911
10887,2.61272,-3.04791272818291
10888,2.61296,-3.55948408469375
10889,2.6132,-2.75720132689009
10890,2.61344,-2.74059439069073
10891,2.61368,-3.44671213109673
10892,2.61392,-3.30852086171945
10893,2.61416,-2.51145306112594
10894,2.6144,-3.29074009423972
10895,2.61464,-2.98510385557985
10896,2.61488,-2.38526856668735
10897,2.61512,-3.24241121979958
10898,2.61536,-2.88779035089869
10899,2.6156,-2.47960652056212
10900,2.61584,-3.28344045899186
10901,2.61608,-2.87687193693465
10902,2.61632,-2.30114094966441
10903,2.61656,-3.17900286319131
10904,2.6168,-2.61454636310404
10905,2.61704,-2.59385383741778
10906,2.61728,-3.40538240022925
10907,2.61752,-1.97104251672374
10908,2.61776,-2.98088448591981
10909,2.618,-2.66026172340195
10910,2.61824,-1.92708703633048
10911,2.61848,-3.23976546309255
10912,2.61872,-2.27634151335774
10913,2.61896,-2.22369814567722
10914,2.6192,-3.11274697436762
10915,2.61944,-1.99177343149798
10916,2.61968,-1.77633247883754
10917,2.61992,-2.87800213533562
10918,2.62016,-2.06833533424739
10919,2.6204,-2.15664556224076
10920,2.62064,-2.71423763679362
10921,2.62088,-1.6297405010711
10922,2.62112,-2.39139926998978
10923,2.62136,-1.9438422340611
10924,2.6216,-1.07493998250588
10925,2.62184,-2.38389375239278
10926,2.62208,-2.11784584613187
10927,2.62232,-1.41853834651446
10928,2.62256,-1.01203203124278
10929,2.6228,-1.46095992994368
10930,2.62304,-1.91102877124724
10931,2.62328,-2.00490845077711
10932,2.62352,-1.07582362755427
10933,2.62376,-1.60232932553649
10934,2.624,-1.28780289502238
10935,2.62424,-0.189101129982061
10936,2.62448,-1.50842376639855
10937,2.62472,-1.13633686216472
10938,2.62496,-0.339927736002452
10939,2.6252,-1.47760717700911
10940,2.62544,-1.1619179476481
10941,2.62568,-0.419642459050447
10942,2.62592,-1.00527240776106
10943,2.62616,-0.757628808610082
10944,2.6264,0.165790675064218
10945,2.62664,-0.961092660089185
10946,2.62688,-0.402869750110402
10947,2.62712,0.110971047215229
10948,2.62736,-0.933661139633173
10949,2.6276,0.162584848468384
10950,2.62784,0.153391426006616
10951,2.62808,-0.453602143027082
10952,2.62832,0.469335321352811
10953,2.62856,0.188444094518491
10954,2.6288,-0.0998157832550716
10955,2.62904,0.545190361930353
10956,2.62928,0.353311653669298
10957,2.62952,0.380827364133578
10958,2.62976,0.633367767676682
10959,2.63,0.77103728830667
10960,2.63024,0.520192257280016
10961,2.63048,0.627013854360964
10962,2.63072,1.09354677941544
10963,2.63096,0.817302530359226
10964,2.6312,0.89899577702927
10965,2.63144,1.10296787551497
10966,2.63168,1.17068260437852
10967,2.63192,1.11081887864295
10968,2.63216,1.29775417109684
10969,2.6324,1.10571444610905
10970,2.63264,1.27949455367505
10971,2.63288,1.44455419337514
10972,2.63312,1.37006449646253
10973,2.63336,1.77603564804546
10974,2.6336,1.34029534400779
10975,2.63384,1.86052690219471
10976,2.63408,1.78744754555976
10977,2.63432,2.18919003598962
10978,2.63456,1.98573672815032
10979,2.6348,1.79613953575349
10980,2.63504,2.20054230271984
10981,2.63528,2.1318363145758
10982,2.63552,2.18853048452063
10983,2.63576,2.00294406164636
10984,2.636,1.82706086265817
10985,2.63624,2.50405802084064
10986,2.63648,1.9704939962193
10987,2.63672,2.05625092776852
10988,2.63696,2.98635626126678
10989,2.6372,2.35213699761076
10990,2.63744,2.46578839699958
10991,2.63768,3.1805666863791
10992,2.63792,2.09090455055203
10993,2.63816,2.59694559894539
10994,2.6384,3.09208609849063
10995,2.63864,2.04581519017422
10996,2.63888,3.06053997055414
10997,2.63912,2.8665125328706
10998,2.63936,2.59165056429827
10999,2.6396,2.91114156164145
11000,2.63984,2.40889330080837
11001,2.64008,3.49462054820239
11002,2.64032,2.52651591084116
11003,2.64056,2.56608789222624
11004,2.6408,3.4467117821867
11005,2.64104,2.76878907703595
11006,2.64128,2.38308398416992
11007,2.64152,3.54875712304812
11008,2.64176,3.27408304432251
11009,2.642,2.5696609556298
11010,2.64224,3.66863050583326
11011,2.64248,2.73277490959763
11012,2.64272,2.69074408236584
11013,2.64296,3.24032118877794
11014,2.6432,2.26723899395396
11015,2.64344,2.77713834211234
11016,2.64368,3.28759286174374
11017,2.64392,3.79461512324111
11018,2.64416,2.41856713983842
11019,2.6444,3.00889214470307
11020,2.64464,3.59301507201779
11021,2.64488,2.62719215428683
11022,2.64512,2.69013649446177
11023,2.64536,3.47381447530832
11024,2.6456,3.04939842821262
11025,2.64584,2.57499702052262
11026,2.64608,3.55006993972686
11027,2.64632,2.37159050348825
11028,2.64656,2.93161564970161
11029,2.6468,3.72101503765475
11030,2.64704,2.14328588955854
11031,2.64728,3.01412393018322
11032,2.64752,3.03226745932925
11033,2.64776,2.27120386721469
11034,2.648,3.4383168193921
11035,2.64824,2.33575100221093
11036,2.64848,2.6179394674809
11037,2.64872,3.1216501963955
11038,2.64896,1.87077018393714
11039,2.6492,2.94082416352265
11040,2.64944,2.55374117616838
11041,2.64968,1.87747246593092
11042,2.64992,3.24657692987464
11043,2.65016,1.98618967455474
11044,2.6504,1.99003275203276
11045,2.65064,3.0679765939825
11046,2.65088,2.00477399386774
11047,2.65112,1.84324343803172
11048,2.65136,2.99120627220016
11049,2.6516,1.88041049798804
11050,2.65184,1.31789944577342
11051,2.65208,2.66879071815232
11052,2.65232,2.10138084091095
11053,2.65256,1.34973661611096
11054,2.6528,1.8341066218743
11055,2.65304,2.18287866288521
11056,2.65328,1.25462999344875
11057,2.65352,1.22361997063393
11058,2.65376,1.19865355786816
11059,2.654,2.13902016354001
11060,2.65424,1.52093993403246
11061,2.65448,1.08926650395791
11062,2.65472,1.38093533212866
11063,2.65496,2.03247973855291
11064,2.6552,0.690033665432087
11065,2.65544,1.05005219109629
11066,2.65568,1.52887204313495
11067,2.65592,0.376015768781842
11068,2.65616,0.922414314615128
11069,2.6564,1.4628245125002
11070,2.65664,0.237811802059811
11071,2.65688,0.722134826836922
11072,2.65712,1.0773377473028
11073,2.65736,0.0292900715337805
11074,2.6576,0.321352862997668
11075,2.65784,0.852496232328225
11076,2.65808,-0.0182209946087155
11077,2.65832,0.195496159913527
11078,2.65856,0.418766780551075
11079,2.6588,-0.164448404753597
11080,2.65904,0.0897719123446494
11081,2.65928,0.00368285467527879
11082,2.65952,-0.182671705820798
11083,2.65976,-0.373052341181296
11084,2.66,-0.412884104137902
11085,2.66024,-0.209818557624316
11086,2.66048,-0.602806699526316
11087,2.66072,-0.609290123328351
11088,2.66096,-0.494095505983274
11089,2.6612,-0.854603056709901
11090,2.66144,-0.591960326976033
11091,2.66168,-0.80209365253725
11092,2.66192,-0.897096937203174
11093,2.66216,-1.09246821432657
11094,2.6624,-0.923209439626778
11095,2.66264,-1.11624981580098
11096,2.66288,-1.5356585420636
11097,2.66312,-1.10951761625204
11098,2.66336,-1.04545962758821
11099,2.6636,-1.57443705839371
11100,2.66384,-1.49808792203541
11101,2.66408,-1.54582728658954
11102,2.66432,-1.58959687930311
11103,2.66456,-1.15147199217057
11104,2.6648,-1.91964629264147
11105,2.66504,-1.60506405676645
11106,2.66528,-2.24661364672946
11107,2.66552,-1.80865613181207
11108,2.66576,-2.09765849302402
11109,2.666,-2.14702528284295
11110,2.66624,-2.06970543980733
11111,2.66648,-1.89033979804855
11112,2.66672,-2.55198150013215
11113,2.66696,-2.36735009301728
11114,2.6672,-1.83979575119605
11115,2.66744,-2.52731132919646
11116,2.66768,-2.36569537090757
11117,2.66792,-2.21725603011975
11118,2.66816,-2.56184981808236
11119,2.6684,-2.30021817584183
11120,2.66864,-2.54845599857214
11121,2.66888,-2.9149147330257
11122,2.66912,-2.32084240027649
11123,2.66936,-2.84139402136426
11124,2.6696,-2.87206678176461
11125,2.66984,-2.08255427160214
11126,2.67008,-3.00155096467274
11127,2.67032,-2.9437556931697
11128,2.67056,-2.32817499531751
11129,2.6708,-3.27750187183188
11130,2.67104,-2.90225180295622
11131,2.67128,-2.45282704565596
11132,2.67152,-3.56474471911642
11133,2.67176,-2.63257216942698
11134,2.672,-2.46900712190274
11135,2.67224,-3.62558732016052
11136,2.67248,-3.10446651135279
11137,2.67272,-2.51741645149553
11138,2.67296,-3.24221567407546
11139,2.6732,-2.66777041373749
11140,2.67344,-2.62598373246487
11141,2.67368,-3.16567411465133
11142,2.67392,-2.76622973741092
11143,2.67416,-2.66277318085881
11144,2.6744,-3.16490344832602
11145,2.67464,-3.89867998994136
11146,2.67488,-2.14183714118652
11147,2.67512,-2.72447901434953
11148,2.67536,-3.42416075381382
11149,2.6756,-2.92136431036407
11150,2.67584,-2.36796296458449
11151,2.67608,-3.03155542062788
11152,2.67632,-3.68217575708738
11153,2.67656,-2.21023066531523
11154,2.6768,-3.18787761010066
11155,2.67704,-3.06527128812462
11156,2.67728,-2.40623459218285
11157,2.67752,-3.32220509844629
11158,2.67776,-2.79310504953628
11159,2.678,-2.6884145706125
11160,2.67824,-3.66124626873632
11161,2.67848,-2.13855740987226
11162,2.67872,-2.83283596191202
11163,2.67896,-3.27083418516113
11164,2.6792,-1.83769462308091
11165,2.67944,-3.07710395980223
11166,2.67968,-2.74385929043502
11167,2.67992,-2.12138903580158
11168,2.68016,-3.41891744868084
11169,2.6804,-2.20871079107828
11170,2.68064,-2.1450688038611
11171,2.68088,-3.03202090378817
11172,2.68112,-1.78937865344132
11173,2.68136,-2.40020998791171
11174,2.6816,-2.63320024986199
11175,2.68184,-1.59546288115006
11176,2.68208,-2.2850962466004
11177,2.68232,-2.47336996573066
11178,2.68256,-1.51402855610015
11179,2.6828,-2.15547276849363
11180,2.68304,-2.53063475620523
11181,2.68328,-1.51240698248148
11182,2.68352,-1.86413558914317
11183,2.68376,-2.32342964840502
11184,2.684,-1.37467653215421
11185,2.68424,-1.07701941949337
11186,2.68448,-1.99015210573611
11187,2.68472,-1.9388489026068
11188,2.68496,-0.835856038765146
11189,2.6852,-0.757641106830422
11190,2.68544,-1.76178581641343
11191,2.68568,-1.32248978121485
11192,2.68592,-0.938964649659776
11193,2.68616,-1.16082712836897
11194,2.6864,-1.62361003553682
11195,2.68664,-0.814742236372953
11196,2.68688,-0.976277186504006
11197,2.68712,-0.307304363201994
11198,2.68736,-0.770632909930409
11199,2.6876,-0.865974397317053
11200,2.68784,-0.250493499179935
11201,2.68808,-0.282620671143676
11202,2.68832,-0.913594479637692
11203,2.68856,-0.113325785999018
11204,2.6888,-0.320278773046586
11205,2.68904,-0.51888984798034
11206,2.68928,0.224186954413828
11207,2.68952,-0.264826813623207
11208,2.68976,-0.142339658552643
11209,2.69,0.665558782146796
11210,2.69024,-0.339706785744797
11211,2.69048,0.0997916641396883
11212,2.69072,0.747538030919553
11213,2.69096,-0.0444739659641396
11214,2.6912,0.346985134023214
11215,2.69144,0.603241237673127
11216,2.69168,0.744282266065736
11217,2.69192,0.500823360605636
11218,2.69216,0.725766177172365
11219,2.6924,0.954740352130574
11220,2.69264,0.685898030291047
11221,2.69288,0.886522385845647
11222,2.69312,0.852013181708344
11223,2.69336,1.28276556981956
11224,2.6936,1.10288760740316
11225,2.69384,1.05111387208101
11226,2.69408,1.46703721315154
11227,2.69432,1.39404914474924
11228,2.69456,1.33128497760879
11229,2.6948,1.7375987699805
11230,2.69504,1.66013665881395
11231,2.69528,1.82389965661432
11232,2.69552,1.50551009880761
11233,2.69576,1.66203067395701
11234,2.696,1.94820133168226
11235,2.69624,1.98457395358524
11236,2.69648,1.78509045262234
11237,2.69672,1.83800026237342
11238,2.69696,2.36661292354686
11239,2.6972,2.17695801384366
11240,2.69744,1.8791284813063
11241,2.69768,2.17733151360528
11242,2.69792,2.24133091139855
11243,2.69816,2.20290601625835
11244,2.6984,2.39660493692766
11245,2.69864,2.36703157919023
11246,2.69888,2.46773408377277
11247,2.69912,2.32145105391881
11248,2.69936,2.55603904336295
11249,2.6996,2.68474651559353
11250,2.69984,2.44444291793938
11251,2.70008,2.71422148018774
11252,2.70032,2.98214335577693
11253,2.70056,2.29815565707823
11254,2.7008,3.08909196889549
11255,2.70104,2.90299097236738
11256,2.70128,2.38778847230269
11257,2.70152,3.45192396142831
11258,2.70176,2.3489935270673
11259,2.702,2.85149250398881
11260,2.70224,3.69874574116921
11261,2.70248,2.51973396315762
11262,2.70272,2.46967864544975
11263,2.70296,3.25310763944142
11264,2.7032,2.72957186932062
11265,2.70344,3.68212821074565
11266,2.70368,3.17651407123692
11267,2.70392,2.71373858402301
11268,2.70416,3.72405843710777
11269,2.7044,3.15628100610534
11270,2.70464,2.87277870795783
11271,2.70488,2.27866970501109
11272,2.70512,2.78510325663184
11273,2.70536,3.2888443060277
11274,2.7056,3.79267944692231
11275,2.70584,2.40850999027298
11276,2.70608,3.11411958322587
11277,2.70632,3.80373560533312
11278,2.70656,2.58884919092385
11279,2.7068,2.88051213479735
11280,2.70704,3.76493076699837
11281,2.70728,2.26779730976843
11282,2.70752,2.75827690496698
11283,2.70776,3.71191229711573
11284,2.708,2.28920064231044
11285,2.70824,2.84774168797091
11286,2.70848,3.75054387121649
11287,2.70872,2.39971320387697
11288,2.70896,2.55373896856652
11289,2.7092,3.53810898135055
11290,2.70944,2.26204055678964
11291,2.70968,2.72613031167984
11292,2.70992,3.29466221501264
11293,2.71016,1.86664810887349
11294,2.7104,3.11348168648012
11295,2.71064,2.55419479073745
11296,2.71088,2.18399380741344
11297,2.71112,3.24778381151957
11298,2.71136,2.05147733661144
11299,2.7116,2.47462191521758
11300,2.71184,2.64394262508392
11301,2.71208,1.42499638516726
11302,2.71232,2.63829262819077
11303,2.71256,2.52134107916791
11304,2.7128,1.4947421724707
11305,2.71304,2.43020081336256
11306,2.71328,2.61871203019742
11307,2.71352,1.42255676211807
11308,2.71376,1.9589149518011
11309,2.714,2.46790411844235
11310,2.71424,1.69659379687489
11311,2.71448,1.57560309207736
11312,2.71472,2.40485884336796
11313,2.71496,1.69656439244314
11314,2.7152,0.798702162686145
11315,2.71544,0.902277892708357
11316,2.71568,1.72859064106294
11317,2.71592,1.8308708767281
11318,2.71616,0.643800451980856
11319,2.7164,1.0669453273909
11320,2.71664,1.84170193819933
11321,2.71688,0.7153105848819
11322,2.71712,0.721702273759513
11323,2.71736,1.68594187391039
11324,2.7176,0.401871231951072
11325,2.71784,0.583587741706959
11326,2.71808,1.6036660184643
11327,2.71832,0.609725710487679
11328,2.71856,0.726885774901216
11329,2.7188,0.838708937063303
11330,2.71904,0.0268314391256796
11331,2.71928,0.554005693499825
11332,2.71952,0.357678037471132
11333,2.71976,0.204765695398533
11334,2.72,0.412800633839312
11335,2.72024,-0.0903453002537267
11336,2.72048,0.163825033513935
11337,2.72072,0.287185317916609
11338,2.72096,-0.523152604101412
11339,2.7212,0.130508858575199
11340,2.72144,-0.305111920881907
11341,2.72168,-0.46348515480319
11342,2.72192,0.21214812025847
11343,2.72216,-0.779256961379084
11344,2.7224,-0.426976618394301
11345,2.72264,-0.320735337905462
11346,2.72288,-0.793608069842465
11347,2.72312,-0.77915686857765
11348,2.72336,-0.642587640786056
11349,2.7236,-0.969504744182965
11350,2.72384,-1.05319868584113
11351,2.72408,-1.01175231447904
11352,2.72432,-1.31888712037872
11353,2.72456,-1.2582885063885
11354,2.7248,-1.08217675931608
11355,2.72504,-1.4951978122497
11356,2.72528,-1.17985619155734
11357,2.72552,-1.46867007208749
11358,2.72576,-1.51435286079585
11359,2.726,-1.56192855348939
11360,2.72624,-1.36477533813372
11361,2.72648,-1.64989234816299
11362,2.72672,-2.04977345892753
11363,2.72696,-1.72726083792078
11364,2.7272,-1.8881233922594
11365,2.72744,-1.81810452697383
11366,2.72768,-2.22228017526904
11367,2.72792,-2.15592212084107
11368,2.72816,-1.85454852897717
11369,2.7284,-2.14898999251025
11370,2.72864,-2.09316843207243
11371,2.72888,-2.5276786389046
11372,2.72912,-2.11563045114264
11373,2.72936,-2.3220305125005
11374,2.7296,-2.64894349562637
11375,2.72984,-2.01835520199588
11376,2.73008,-2.61598260431654
11377,2.73032,-2.72396333434074
11378,2.73056,-2.00552224596879
11379,2.7308,-2.99127442123579
11380,2.73104,-2.64182110425065
11381,2.73128,-2.32505042222257
11382,2.73152,-3.33599972411757
11383,2.73176,-2.54224985715231
11384,2.732,-2.50947943222046
11385,2.73224,-2.94753110740865
11386,2.73248,-2.210729240406
11387,2.73272,-2.93834808107808
11388,2.73296,-2.93292978186492
11389,2.7332,-2.60699510182138
11390,2.73344,-3.49477408606099
11391,2.73368,-3.05024353609829
11392,2.73392,-2.76564419816124
11393,2.73416,-3.47737210883598
11394,2.7344,-3.08611679553439
11395,2.73464,-2.85017304688335
11396,2.73488,-3.6138190377852
11397,2.73512,-2.79852328233335
11398,2.73536,-2.51114494144018
11399,2.7356,-3.22281886954951
11400,2.73584,-2.35790375908486
11401,2.73608,-2.75085850253721
11402,2.73632,-3.26455865446553
11403,2.73656,-3.7755241992264
11404,2.7368,-2.27432937385883
11405,2.73704,-2.86838842576539
11406,2.73728,-3.69858858848839
11407,2.73752,-2.37750546677263
11408,2.73776,-2.91789644473864
11409,2.738,-3.80848310373537
11410,2.73824,-2.08596818335949
11411,2.73848,-3.06018100752509
11412,2.73872,-3.17420834824541
11413,2.73896,-2.26619257507222
11414,2.7392,-3.17889365010337
11415,2.73944,-3.12225032733853
11416,2.73968,-2.28581443054479
11417,2.73992,-3.2672572824221
11418,2.74016,-2.8060364748343
11419,2.7404,-2.29200831150316
11420,2.74064,-3.46002401596687
11421,2.74088,-2.35955407867507
11422,2.74112,-2.64089109706393
11423,2.74136,-2.90752169485499
11424,2.7416,-1.90778209874267
11425,2.74184,-3.20820256751829
11426,2.74208,-2.11242948083657
11427,2.74232,-2.2827447526466
11428,2.74256,-2.91869753157714
11429,2.7428,-1.7932791891126
11430,2.74304,-2.51715817863808
11431,2.74328,-2.62260498225471
11432,2.74352,-1.57823559724429
11433,2.74376,-2.378503330644
11434,2.744,-2.67867547960534
11435,2.74424,-1.81914717244642
11436,2.74448,-1.85286911792372
11437,2.74472,-2.59134553595012
11438,2.74496,-1.44712198756093
11439,2.7452,-1.91584161305162
11440,2.74544,-2.0062107095449
11441,2.74568,-1.30147218134802
11442,2.74592,-1.48634727999354
11443,2.74616,-2.25480184942169
11444,2.7464,-0.908013200969006
11445,2.74664,-1.38909453040821
11446,2.74688,-1.86949530179564
11447,2.74712,-1.52051475897839
11448,2.74736,-0.99203858139991
11449,2.7476,-1.1885225346821
11450,2.74784,-1.38603645755748
11451,2.74808,-0.800138242340881
11452,2.74832,-0.940608887045244
11453,2.74856,-1.80246114132317
11454,2.7488,-0.66216181849659
11455,2.74904,-0.743010314734224
11456,2.74928,-0.944412527258055
11457,2.74952,-0.22510431205262
11458,2.74976,-0.365352946200692
11459,2.75,-0.861931023188975
11460,2.75024,-0.196966284237002
11461,2.75048,-0.502508926575782
11462,2.75072,-0.208023070835374
11463,2.75096,-0.075737497104607
11464,2.7512,-0.308491403966159
11465,2.75144,0.058351465115463
11466,2.75168,0.0257484737991651
11467,2.75192,-0.239212213672115
11468,2.75216,0.552260690534662
11469,2.7524,0.00071664525646295
11470,2.75264,0.298471309261068
11471,2.75288,0.683918152704121
11472,2.75312,-0.0116226096170204
11473,2.75336,0.489343721826096
11474,2.7536,0.963916687989175
11475,2.75384,0.726378714757369
11476,2.75408,0.705729436875965
11477,2.75432,0.800000175207973
11478,2.75456,1.13453323332422
11479,2.7548,0.850859318563031
11480,2.75504,1.04387496288153
11481,2.75528,1.23923981287385
11482,2.75552,1.17706811357911
11483,2.75576,1.113131673192
11484,2.756,1.04990257382185
11485,2.75624,1.57887429485992
11486,2.75648,1.26109582065647
11487,2.75672,1.67015224000315
11488,2.75696,1.7129878426081
11489,2.7572,1.99052108046097
11490,2.75744,1.43324309936246
11491,2.75768,2.07833410443014
11492,2.75792,1.87492049843956
11493,2.75816,1.55998143266083
11494,2.7584,2.21177182879779
11495,2.75864,2.13473730432459
11496,2.75888,1.82266730335004
11497,2.75912,2.36478612997704
11498,2.75936,2.06360314397807
11499,2.7596,2.00479491028188
11500,2.75984,2.44433695926704
11501,2.76008,2.28277278514255
11502,2.76032,2.00538897570427
11503,2.76056,2.70551326450714
11504,2.7608,2.19594231961953
11505,2.76104,2.43233453939908
11506,2.76128,3.14868693275576
11507,2.76152,2.06703518685008
11508,2.76176,2.81818730175286
11509,2.762,2.95466166342352
11510,2.76224,2.15983283466138
11511,2.76248,3.17955435513821
11512,2.76272,2.86973037761995
11513,2.76296,2.60065914050935
11514,2.7632,3.16308140719552
11515,2.76344,2.42249071569552
11516,2.76368,3.03386609161496
11517,2.76392,2.79403189743521
11518,2.76416,2.95629786115135
11519,2.7644,3.35524552953639
11520,2.76464,2.6892048068764
11521,2.76488,3.02705538550371
11522,2.76512,3.7107189516356
11523,2.76536,2.96883889237114
11524,2.7656,2.75678785761217
11525,2.76584,3.73822251356837
11526,2.76608,2.69303885397613
11527,2.76632,2.90000431603547
11528,2.76656,3.33277915524673
11529,2.7668,2.49770093075773
11530,2.76704,3.12234533572351
11531,2.76728,3.50981419550785
11532,2.76752,2.93994192335147
11533,2.76776,2.44069365890814
11534,2.768,3.15226267736618
11535,2.76824,3.49613210137863
11536,2.76848,2.44745414143161
11537,2.76872,3.22345442806626
11538,2.76896,3.27182898670087
11539,2.7692,2.53788440106808
11540,2.76944,3.3780391544164
11541,2.76968,2.77774406785277
11542,2.76992,2.48563133141018
11543,2.77016,3.2812148165177
11544,2.7704,2.86893119198422
11545,2.77064,2.52516839628799
11546,2.77088,3.39083529479064
11547,2.77112,2.34346794028933
11548,2.77136,2.79746840228002
11549,2.7716,3.11969268691032
11550,2.77184,1.92990377518868
11551,2.77208,3.16832065673539
11552,2.77232,2.60137765700168
11553,2.77256,2.2201445294175
11554,2.7728,3.27591318716621
11555,2.77304,2.19091176896789
11556,2.77328,2.25213808075063
11557,2.77352,2.89630924857121
11558,2.77376,1.77902332007984
11559,2.774,2.27270426784811
11560,2.77424,3.11444479224416
11561,2.77448,2.05766279921051
11562,2.77472,1.66718593369159
11563,2.77496,2.7093821437765
11564,2.7752,1.49873609296845
11565,2.77544,2.25983056271453
11566,2.77568,2.40129663361182
11567,2.77592,1.62539652540436
11568,2.77616,1.7383911296615
11569,2.7764,2.31750445770648
11570,2.77664,1.72681134921541
11571,2.77688,0.8240126738827
11572,2.77712,1.6340220845851
11573,2.77736,1.72007107859944
11574,2.7776,2.17059115630898
11575,2.77784,0.50018128916529
11576,2.77808,1.28114079782929
11577,2.77832,1.68935789408222
11578,2.77856,0.912301316296602
11579,2.7788,0.675535395104786
11580,2.77904,1.39425817886984
11581,2.77928,0.327856968222936
11582,2.77952,0.759537750419428
11583,2.77976,1.05597875566004
11584,2.78,0.167781014168787
11585,2.78024,0.887714443437728
11586,2.78048,1.11479379038798
11587,2.78072,-0.0694674788433731
11588,2.78096,0.220963583579858
11589,2.7812,0.861982772469308
11590,2.78144,-0.144282775233752
11591,2.78168,0.184958745743337
11592,2.78192,0.51729236909666
11593,2.78216,0.0474174611194315
11594,2.7824,0.292251448513317
11595,2.78264,-0.406399318015982
11596,2.78288,0.00722745701202431
11597,2.78312,-0.0725431293858315
11598,2.78336,-0.481212547028473
11599,2.7836,0.0783188730608431
11600,2.78384,-0.679508315232177
11601,2.78408,-0.686880738721212
11602,2.78432,-0.575582364354165
11603,2.78456,-0.337497867304142
11604,2.7848,-1.04401358614267
11605,2.78504,-0.903900209715854
11606,2.78528,-0.517006107419269
11607,2.78552,-1.19794489913056
11608,2.78576,-0.9183053946758
11609,2.786,-1.35082572471957
11610,2.78624,-0.927497594010595
11611,2.78648,-1.23672730137037
11612,2.78672,-1.29019729751788
11613,2.78696,-1.34309428556575
11614,2.7872,-1.39229178909941
11615,2.78744,-1.55379971539098
11616,2.78768,-1.59646766815084
11617,2.78792,-1.64153963625762
11618,2.78816,-1.44496934937711
11619,2.7884,-1.72857870148587
11620,2.78864,-2.01234306246263
11621,2.78888,-1.69331809583829
11622,2.78912,-1.85828789246325
11623,2.78936,-1.78689976227746
11624,2.7896,-1.83164493264604
11625,2.78984,-2.00738926184484
11626,2.79008,-2.66395126415096
11627,2.79032,-2.23896936407503
11628,2.79056,-1.95236633904712
11629,2.7908,-2.50401058899503
11630,2.79104,-2.21984669926777
11631,2.79128,-2.19410632260916
11632,2.79152,-2.40149266892062
11633,2.79176,-2.63082047656086
11634,2.792,-2.62103394826501
11635,2.79224,-2.13529942040584
11636,2.79248,-2.75816557920829
11637,2.79272,-2.77182065689477
11638,2.79296,-2.2045314535997
11639,2.7932,-3.21667131272626
11640,2.79344,-2.53176146633228
11641,2.79368,-2.12754204694172
11642,2.79392,-3.17806997298508
11643,2.79416,-2.8979360010091
11644,2.7944,-2.17956142674312
11645,2.79464,-3.14565759718649
11646,2.79488,-2.79362873781726
11647,2.79512,-2.72182727413536
11648,2.79536,-3.37516195829943
11649,2.7956,-3.06489358736057
11650,2.79584,-2.31748991489244
11651,2.79608,-3.62887325056012
11652,2.79632,-3.12774521140195
11653,2.79656,-2.19149525552096
11654,2.7968,-3.91772537116148
11655,2.79704,-2.64701169055478
11656,2.79728,-2.86796080628223
11657,2.79752,-2.83076150174294
11658,2.79776,-2.61309089715475
11659,2.798,-3.1251543746989
11660,2.79824,-3.63487539958544
11661,2.79848,-2.49151617374851
11662,2.79872,-2.95611632417414
11663,2.79896,-3.65274797331696
11664,2.7992,-2.44543687726339
11665,2.79944,-2.74437291310518
11666,2.79968,-3.63577305995579
11667,2.79992,-2.26162859510951
11668,2.80016,-2.86766134635372
11669,2.8004,-3.58614128753324
11670,2.80064,-2.16703571742897
11671,2.80088,-2.84497061347858
11672,2.80112,-3.63257128463079
11673,2.80136,-2.05310528167969
11674,2.8016,-2.80332012205332
11675,2.80184,-3.17759548353852
11676,2.80208,-2.04168299420889
11677,2.80232,-3.21478626313697
11678,2.80256,-2.46020137168987
11679,2.8028,-2.37717576964632
11680,2.80304,-3.36419835132461
11681,2.80328,-2.09686059256359
11682,2.80352,-2.68827091194416
11683,2.80376,-2.77717267933472
11684,2.804,-1.60337584403271
11685,2.80424,-2.86196112343631
11686,2.80448,-2.43268807169902
11687,2.80472,-1.94344055685433
11688,2.80496,-2.89447587229949
11689,2.8052,-1.94925676646321
11690,2.80544,-1.90834968029359
11691,2.80568,-2.80841318804356
11692,2.80592,-1.81733266610849
11693,2.80616,-1.84671637345591
11694,2.8064,-2.57549417028484
11695,2.80664,-1.65957481584122
11696,2.80688,-1.99425817271736
11697,2.80712,-1.83752733592131
11698,2.80736,-1.01407707082159
11699,2.8076,-2.11840925694947
11700,2.80784,-0.847244996140535
11701,2.80808,-1.43155594202072
11702,2.80832,-1.40807475540048
11703,2.80856,-0.682370325216425
11704,2.8088,-0.963205186237596
11705,2.80904,-1.96603925727372
11706,2.80928,-1.16980355591331
11707,2.80952,-0.800269369056896
11708,2.80976,-1.03186857051673
11709,2.81,-1.50420536525091
11710,2.81024,-0.348312889360747
11711,2.81048,-0.891891777608484
11712,2.81072,-1.42968900975398
11713,2.81096,-0.321990878844638
11714,2.8112,-0.55840373519951
11715,2.81144,-0.671721671968729
11716,2.81168,-0.465636687495755
11717,2.81192,-0.624192755060506
11718,2.81216,-0.0707166350859603
11719,2.8124,-0.160173978131394
11720,2.81264,-0.601809431027565
11721,2.81288,0.490864906589239
11722,2.81312,-0.483399907492881
11723,2.81336,-0.124961977254515
11724,2.8136,0.67570536909531
11725,2.81384,-0.449741175748567
11726,2.81408,0.341928578005354
11727,2.81432,0.503540612883036
11728,2.81456,0.550004725993584
11729,2.8148,0.332763117724019
11730,2.81504,0.464988348704505
11731,2.81528,0.720709901225926
11732,2.81552,0.830777692586044
11733,2.81576,0.810983328240249
11734,2.816,0.919896719249998
11735,2.81624,1.00572413282929
11736,2.81648,0.721874785570419
11737,2.81672,0.804932295724267
11738,2.81696,1.47276419855146
11739,2.8172,1.17529508825077
11740,2.81744,1.11362262593858
11741,2.81768,1.76610071038875
11742,2.81792,1.34529930804592
11743,2.81816,1.27407048892843
11744,2.8184,1.68020544617914
11745,2.81864,1.60322923136455
11746,2.81888,1.28531920337267
11747,2.81912,1.44926704833388
11748,2.81936,1.8530668599444
11749,2.8196,2.13265173833376
11750,2.81984,2.05530530853273
11751,2.82008,1.7421654212368
11752,2.82032,1.90434345436909
11753,2.82056,2.0728864510277
11754,2.8208,2.13261187262903
11755,2.82104,2.07023072678783
11756,2.82128,1.77131680665957
11757,2.82152,2.6884035682626
11758,2.82176,2.03677479499359
11759,2.822,2.00103728223424
11760,2.82224,2.93436424620071
11761,2.82248,2.29930188946667
11762,2.82272,2.2962820857293
11763,2.82296,3.01070558008952
11764,2.8232,2.52361598896424
11765,2.82344,2.43089032053062
11766,2.82368,2.92743825375267
11767,2.82392,2.48011538679838
11768,2.82416,2.77776070477142
11769,2.8244,2.82510376872274
11770,2.82464,2.78719655300685
11771,2.82488,3.23643232793876
11772,2.82512,2.48597919664806
11773,2.82536,2.9767639440649
11774,2.8256,3.45569394706754
11775,2.82584,2.27715801222761
11776,2.82608,2.93297665001472
11777,2.82632,3.57632727789162
11778,2.82656,2.55671573263882
11779,2.8268,2.78893160037829
11780,2.82704,3.72917434763615
11781,2.82728,2.64118569825358
11782,2.82752,2.56376482989965
11783,2.82776,3.68060075836311
11784,2.828,3.36229004570089
11785,2.82824,2.37512511674985
11786,2.82848,2.74660387667944
11787,2.82872,3.12340901649451
11788,2.82896,3.73517888607901
11789,2.8292,2.21187892791355
11790,2.82944,3.02259110079468
11791,2.82968,3.58882039205915
11792,2.82992,2.84102088743315
11793,2.83016,2.63965286764846
11794,2.8304,3.40228793682193
11795,2.83064,3.32323401015578
11796,2.83088,2.34272406927755
11797,2.83112,3.1844328979453
11798,2.83136,2.58346017043041
11799,2.8316,2.52853353869305
11800,2.83184,3.43120382259818
11801,2.83208,2.53614248238957
11802,2.83232,2.55135416255736
11803,2.83256,3.52515706227047
11804,2.8328,2.23181339842716
11805,2.83304,2.79727406940737
11806,2.83328,2.99044070958416
11807,2.83352,2.03758755614249
11808,2.83376,3.14527436509101
11809,2.834,2.45377068182029
11810,2.83424,2.18953661732646
11811,2.83448,3.2395668479355
11812,2.83472,2.03357151066612
11813,2.83496,2.67948428528097
11814,2.8352,2.35223218643403
11815,2.83544,1.73292315775697
11816,2.83568,3.15594809942531
11817,2.83592,2.06663660776314
11818,2.83616,2.00257003772745
11819,2.8364,2.52583895847784
11820,2.83664,1.64897184744763
11821,2.83688,2.14062608754572
11822,2.83712,2.48955695757523
11823,2.83736,1.44650071481977
11824,2.8376,2.36256762552128
11825,2.83784,2.30233784417977
11826,2.83808,1.3267702744973
11827,2.83832,2.19449461946704
11828,2.83856,1.72752040299412
11829,2.8388,0.597554589807905
11830,2.83904,1.54651181743826
11831,2.83928,1.52919670440101
11832,2.83952,2.35761995343003
11833,2.83976,0.349672783595888
11834,2.84,1.38560280755842
11835,2.84024,1.45108226685264
11836,2.84048,0.338406907694601
11837,2.84072,0.952999823041209
11838,2.84096,1.44211362019416
11839,2.8412,0.291203650416922
11840,2.84144,0.601048584106287
11841,2.84168,1.62717324372858
11842,2.84192,0.404790577687569
11843,2.84216,0.646331231015063
11844,2.8424,1.00583488506229
11845,2.84264,0.32349900573598
11846,2.84288,0.492981852823855
11847,2.84312,0.307178654462884
11848,2.84336,-0.0802730591735412
11849,2.8436,0.257524767791769
11850,2.84384,0.359343227071202
11851,2.84408,-0.101726291420469
11852,2.84432,0.15375074650816
11853,2.84456,-0.175552948737353
11854,2.8448,-0.116224790463297
11855,2.84504,-0.187539000406087
11856,2.84528,-0.588857835870844
11857,2.84552,-0.0180645404594814
11858,2.84576,-0.408862187610876
11859,2.846,-0.654725679111282
11860,2.84624,-0.667231328801872
11861,2.84648,-0.652426843532236
11862,2.84672,-0.628969646594768
11863,2.84696,-0.731871591757104
11864,2.8472,-1.41539776818367
11865,2.84744,-1.13536475464899
11866,2.84768,-0.848724176371426
11867,2.84792,-1.27575816165971
11868,2.84816,-1.33268455432737
11869,2.8484,-1.51413604917955
11870,2.84864,-1.20194694789235
11871,2.84888,-1.48950955541705
11872,2.84912,-1.65622667385434
11873,2.84936,-1.34084947866809
11874,2.8496,-1.74754167364974
11875,2.84984,-1.4295829027291
11876,2.85008,-1.83474181205341
11877,2.85032,-1.87770938808552
11878,2.85056,-1.67988109008351
11879,2.8508,-1.48215805557895
11880,2.85104,-2.13314017511125
11881,2.85128,-2.05688821631364
11882,2.85152,-1.75151195511611
11883,2.85176,-2.17271771222445
11884,2.852,-2.22688928068103
11885,2.85224,-2.17222914341314
11886,2.85248,-2.37092221461618
11887,2.85272,-2.43890995121831
11888,2.85296,-2.41021714583676
11889,2.8532,-2.50152011799864
11890,2.85344,-2.11719315077149
11891,2.85368,-2.83598224282189
11892,2.85392,-2.58101582168549
11893,2.85416,-2.23488166920846
11894,2.8544,-3.21651443952818
11895,2.85464,-2.50974824743375
11896,2.85488,-2.56482898830478
11897,2.85512,-3.33177580414744
11898,2.85536,-2.42359726753258
11899,2.8556,-2.87706446006285
11900,2.85584,-3.32255580073695
11901,2.85608,-2.34596010357958
11902,2.85632,-3.32179331955076
11903,2.85656,-2.84040315133431
11904,2.8568,-2.40445883693283
11905,2.85704,-3.53425802506733
11906,2.85728,-2.97746010287853
11907,2.85752,-2.47083419265159
11908,2.85776,-3.04304867226269
11909,2.858,-2.79524143108767
11910,2.85824,-3.66286715967341
11911,2.85848,-2.94790994831514
11912,2.85872,-2.76214745156448
11913,2.85896,-3.81145300285335
11914,2.8592,-3.16091121029696
11915,2.85944,-2.56861838504074
11916,2.85968,-3.07675508711942
11917,2.85992,-3.58017669940374
11918,2.86016,-2.42619160849984
11919,2.8604,-3.00446818776448
11920,2.86064,-3.57779204411537
11921,2.86088,-2.60069543468631
11922,2.86112,-2.88625914405365
11923,2.86136,-3.52978617429443
11924,2.8616,-2.52624861810173
11925,2.86184,-3.34539189132792
11926,2.86208,-2.4882855935221
11927,2.86232,-2.41919510981395
11928,2.86256,-3.42826753934567
11929,2.8628,-2.63727560496602
11930,2.86304,-2.39819996200308
11931,2.86328,-3.36366023483635
11932,2.86352,-2.525800307222
11933,2.86376,-2.23987136088418
11934,2.864,-3.3960715150381
11935,2.86424,-2.5136537797494
11936,2.86448,-2.54226935010683
11937,2.86472,-3.27496001235949
11938,2.86496,-2.0039523792693
11939,2.8652,-2.82542266472818
11940,2.86544,-2.66558213215431
11941,2.86568,-1.72835688447501
11942,2.86592,-2.97748466000063
11943,2.86616,-2.41388314009712
11944,2.8664,-1.79739029514126
11945,2.86664,-2.98484926173958
11946,2.86688,-1.79397594852188
11947,2.86712,-2.22060828449181
11948,2.86736,-2.62702085032432
11949,2.8676,-1.64132659650609
11950,2.86784,-2.14222341915813
11951,2.86808,-2.14608088706155
11952,2.86832,-1.24221792221207
11953,2.86856,-2.50924807903583
11954,2.8688,-1.86135151916136
11955,2.86904,-1.15074230400025
11956,2.86928,-1.90684418207031
11957,2.86952,-2.04405883202912
11958,2.86976,-1.53025600299502
11959,2.87,-1.74047275663624
11960,2.87024,-1.95281607422988
11961,2.87048,-0.416211286824864
11962,2.87072,-1.43706395154181
11963,2.87096,-1.48742718358862
11964,2.8712,-0.715740491419899
11965,2.87144,-0.968148192510996
11966,2.87168,-1.21611971596629
11967,2.87192,-0.746555772202856
11968,2.87216,-0.4488539934319
11969,2.8724,-1.47106679098964
11970,2.87264,-0.695963117870446
11971,2.87288,-0.333965628793519
11972,2.87312,-1.05030582900486
11973,2.87336,-0.346370079259333
11974,2.8736,-0.0363473428854684
11975,2.87384,-0.80414896209335
11976,2.87408,-0.389052051609851
11977,2.87432,-0.127719327263858
11978,2.87456,-0.338549476791305
11979,2.8748,0.020589621784248
11980,2.87504,-0.112568236503373
11981,2.87528,0.230824027912778
11982,2.87552,0.176486083646216
11983,2.87576,-0.108567747853667
11984,2.876,0.667907194607162
11985,2.87624,0.580728947489963
11986,2.87648,0.0192475469145482
11987,2.87672,0.993606960544444
11988,2.87696,0.63957550805832
11989,2.8772,0.279571877534944
11990,2.87744,0.986245610631419
11991,2.87768,0.844703774870279
11992,2.87792,0.941677840046081
11993,2.87816,0.899890836217305
11994,2.8784,0.859353421288242
11995,2.87864,1.0546014054877
11996,2.87888,1.23273469787922
11997,2.87912,1.54315893278104
11998,2.87936,0.993659989106809
11999,2.8796,1.28603424094172
12000,2.87984,1.09917451348598
12001,2.88008,1.50521494915843
12002,2.88032,1.55341467321175
12003,2.88056,1.71507329699753
12004,2.8808,1.99200990239909
12005,2.88104,1.4360048091267
12006,2.88128,2.19923366793199
12007,2.88152,1.87741597998311
12008,2.88176,1.6847068518891
12009,2.882,2.08907848251604
12010,2.88224,2.13565253120056
12011,2.88248,1.83405573969564
12012,2.88272,2.24838498457044
12013,2.88296,2.18414184465301
12014,2.8832,1.90062673233313
12015,2.88344,2.45238514655563
12016,2.88368,1.9272284202642
12017,2.88392,2.38716961068776
12018,2.88416,2.83323233531159
12019,2.8844,2.21590826045424
12020,2.88464,2.57553825285934
12021,2.88488,2.56762067936288
12022,2.88512,2.70650817976559
12023,2.88536,2.72938532978902
12024,2.8856,2.39412133513809
12025,2.88584,3.05156690540314
12026,2.88608,2.97685237975019
12027,2.88632,2.08450641372333
12028,2.88656,2.90414885601777
12029,2.8868,3.10612865574337
12030,2.88704,2.26086948649561
12031,2.88728,2.99839152798564
12032,2.88752,3.0027320841383
12033,2.88776,2.5657400951033
12034,2.888,3.71494030512276
12035,2.88824,2.57086600062209
12036,2.88848,2.67491254607149
12037,2.88872,3.73199363507873
12038,2.88896,2.99321018045575
12039,2.8892,2.42471687728369
12040,2.88944,3.65954712539907
12041,2.88968,3.45228950159597
12042,2.88992,2.33418275623581
12043,2.89016,2.46189761250973
12044,2.8904,2.96145565024701
12045,2.89064,3.45778472364273
12046,2.89088,3.2381353535329
12047,2.89112,2.59597112554191
12048,2.89136,3.40973204288621
12049,2.8916,3.4936774350852
12050,2.89184,2.43088805479352
12051,2.89208,3.31865357792742
12052,2.89232,2.87295812325661
12053,2.89256,2.73176586051969
12054,2.8928,3.43211628429834
12055,2.89304,2.8190840815315
12056,2.89328,2.5118161502021
12057,2.89352,3.52478348836281
12058,2.89376,2.50401448746308
12059,2.894,2.51443938259673
12060,2.89424,3.48285370316051
12061,2.89448,2.41564253894785
12062,2.89472,2.73418746253251
12063,2.89496,3.15963423426821
12064,2.8952,1.95221385519348
12065,2.89544,3.05817585905333
12066,2.89568,2.59561572824518
12067,2.89592,2.43577919801028
12068,2.89616,3.11197438753044
12069,2.8964,1.90750773848847
12070,2.89664,2.78412723776872
12071,2.89688,2.44573237007466
12072,2.89712,1.9381990508414
12073,2.89736,3.10607707234553
12074,2.8976,1.77544644190972
12075,2.89784,2.41952933176533
12076,2.89808,2.69242733957391
12077,2.89832,1.56459894068576
12078,2.89856,2.51764495197113
12079,2.8988,2.37454683967537
12080,2.89904,1.56312675640338
12081,2.89928,2.23363598718579
12082,2.89952,2.40572204474552
12083,2.89976,1.53856370097746
12084,2.9,0.968569013158968
12085,2.90024,2.3152630400907
12086,2.90048,0.914761933383134
12087,2.90072,1.25726024620599
12088,2.90096,1.71825608385132
12089,2.9012,1.34325128490321
12090,2.90144,1.14377822311884
12091,2.90168,1.90384615688473
12092,2.90192,0.411199997403922
12093,2.90216,1.4741481147398
12094,2.9024,0.969080177337371
12095,2.90264,0.640201499482573
12096,2.90288,0.913438577448892
12097,2.90312,1.31024262476008
12098,2.90336,0.675173310746233
12099,2.9036,0.885997040136416
12100,2.90384,0.502895517255912
12101,2.90408,0.0459563249324741
12102,2.90432,0.320429048715981
12103,2.90456,0.951177438192158
12104,2.9048,0.0552293313992993
12105,2.90504,0.370853406824808
12106,2.90528,0.336102988893737
12107,2.90552,0.091611392385881
12108,2.90576,0.201065815526824
12109,2.906,-0.137192841219051
12110,2.90624,0.0152630731979973
12111,2.90648,-0.310346912585128
12112,2.90672,-0.239676869819893
12113,2.90696,-0.0590868341546845
12114,2.9072,-0.816839367421882
12115,2.90744,-0.113287447477353
12116,2.90768,-0.136371073424859
12117,2.90792,-1.09718130820267
12118,2.90816,-0.732330994836199
12119,2.9084,-0.362607928975511
12120,2.90864,-1.05771764259924
12121,2.90888,-1.02306248384131
12122,2.90912,-1.11056574706291
12123,2.90936,-0.940952307220606
12124,2.9096,-1.01117086199034
12125,2.90984,-1.31917329716271
12126,2.91008,-1.37307126193642
12127,2.91032,-1.06416259337801
12128,2.91056,-1.24321525123901
12129,2.9108,-1.4049812751735
12130,2.91104,-1.81032660789464
12131,2.91128,-1.37480880945527
12132,2.91152,-1.298026880768
12133,2.91176,-1.46162182775233
12134,2.912,-1.86949700001965
12135,2.91224,-1.90899435714289
12136,2.91248,-2.06905015329814
12137,2.91272,-1.75921463086254
12138,2.91296,-2.04693495321498
12139,2.9132,-2.09248322007373
12140,2.91344,-2.15180939342111
12141,2.91368,-2.0890809013077
12142,2.91392,-2.0290229022327
12143,2.91416,-2.46618754452286
12144,2.9144,-2.29665177432526
12145,2.91464,-2.13999914429409
12146,2.91488,-2.47611216243406
12147,2.91512,-2.20575950354915
12148,2.91536,-2.56090309527109
12149,2.9156,-2.79285989447269
12150,2.91584,-2.07277020578112
12151,2.91608,-2.94072707694238
12152,2.91632,-2.71337980993795
12153,2.91656,-2.27472078171264
12154,2.9168,-3.28938071461654
12155,2.91704,-2.61546377273642
12156,2.91728,-2.5847488367173
12157,2.91752,-3.3875106931602
12158,2.91776,-2.2779156896325
12159,2.918,-2.89264964833474
12160,2.91824,-3.25021059251155
12161,2.91848,-2.43624400342209
12162,2.91872,-3.09236036242086
12163,2.91896,-3.25306689666389
12164,2.9192,-2.60583743670677
12165,2.91944,-3.78974747037085
12166,2.91968,-2.68491866864728
12167,2.91992,-2.94923271119522
12168,2.92016,-3.79711208124058
12169,2.9204,-2.51255040533549
12170,2.92064,-2.84161108917925
12171,2.92088,-3.39160415069053
12172,2.92112,-2.31215949540141
12173,2.92136,-2.94030379177357
12174,2.9216,-3.44669311384532
12175,2.92184,-2.87416431626603
12176,2.92208,-2.7273999096378
12177,2.92232,-3.30962518418335
12178,2.92256,-2.80729555932909
12179,2.9228,-2.72830724189901
12180,2.92304,-3.37468533851392
12181,2.92328,-3.05659734574483
12182,2.92352,-2.68213946740843
12183,2.92376,-3.51015549360664
12184,2.924,-2.66292589187919
12185,2.92424,-2.60556004418996
12186,2.92448,-3.50589632592386
12187,2.92472,-2.3759329692594
12188,2.92496,-2.8682992345145
12189,2.9252,-3.22678219062874
12190,2.92544,-2.19400566395273
12191,2.92568,-3.22991457029142
12192,2.92592,-2.46258656233431
12193,2.92616,-2.48255020964912
12194,2.9264,-3.33640599216151
12195,2.92664,-1.93792468037641
12196,2.92688,-2.75272343328688
12197,2.92712,-2.94990852874564
12198,2.92736,-1.75794993031892
12199,2.9276,-2.88125846489075
12200,2.92784,-2.43285183011658
12201,2.92808,-1.8126339220115
12202,2.92832,-3.23310077661497
12203,2.92856,-2.14133601103055
12204,2.9288,-1.60001102063588
12205,2.92904,-2.73856215969307
12206,2.92928,-2.19808175381939
12207,2.92952,-1.35830694510887
12208,2.92976,-2.46299484482675
12209,2.93,-2.00069674907826
12210,2.93024,-1.23482724616387
12211,2.93048,-2.41682314519155
12212,2.93072,-2.13901466884952
12213,2.93096,-1.42858450319146
12214,2.9312,-1.0110761684444
12215,2.93144,-1.68424136675536
12216,2.93168,-1.75800611349563
12217,2.93192,-0.659281172182789
12218,2.93216,-1.53033905253532
12219,2.9324,-1.55241842540052
12220,2.93264,-0.754121678499772
12221,2.93288,-0.981527166059883
12222,2.93312,-1.08274462098138
12223,2.93336,-1.90607400932986
12224,2.9336,-0.488763854279741
12225,2.93384,-1.13712451532774
12226,2.93408,-1.05913505193331
12227,2.93432,-0.0628482170317901
12228,2.93456,-0.771216987100008
12229,2.9348,-1.11097185808867
12230,2.93504,-0.0489454834275745
12231,2.93528,-0.328009914460963
12232,2.93552,-0.845298433084235
12233,2.93576,0.280454251921299
12234,2.936,-0.0490104938549845
12235,2.93624,-0.616622202739309
12236,2.93648,0.223667461252346
12237,2.93672,-0.143592891365619
12238,2.93696,-0.15842020217082
12239,2.9372,0.156808010561313
12240,2.93744,-0.00186257170626508
12241,2.93768,0.777256520826178
12242,2.93792,0.332096004151831
12243,2.93816,0.0158446382818279
12244,2.9384,0.75655189868195
12245,2.93864,0.763347215351566
12246,2.93888,0.533777641189755
12247,2.93912,0.88235376360746
12248,2.93936,0.743217751775415
12249,2.9396,1.08549655192503
12250,2.93984,0.803566125533093
12251,2.94008,1.12178827962759
12252,2.94032,1.20081697851857
12253,2.94056,0.903964006091362
12254,2.9408,1.56317798376025
12255,2.94104,1.26771094101683
12256,2.94128,1.55924540123843
12257,2.94152,1.36679335474772
12258,2.94176,1.65278440863675
12259,2.942,1.33811855480979
12260,2.94224,1.74554043019279
12261,2.94248,1.54459252485768
12262,2.94272,1.94705546647069
12263,2.94296,1.8718910406104
12264,2.9432,1.7923255178713
12265,2.94344,2.07737615859679
12266,2.94368,2.24488232323809
12267,2.94392,2.04762120747381
12268,2.94416,1.86428984582176
12269,2.9444,2.64227950298556
12270,2.94464,2.21697829217165
12271,2.94488,1.92991166292521
12272,2.94512,2.48095852955951
12273,2.94536,2.30880561804664
12274,2.9456,2.16592306568221
12275,2.94584,2.85520436021768
12276,2.94608,2.34891682460513
12277,2.94632,2.58795321025079
12278,2.94656,2.69365078227257
12279,2.9468,2.34849290544683
12280,2.94704,2.96888660981117
12281,2.94728,2.62630954147927
12282,2.94752,2.80163025442757
12283,2.94776,2.72743596456297
12284,2.948,2.4309449189247
12285,2.94824,3.12296463132075
12286,2.94848,2.72107069742278
12287,2.94872,2.35112116206222
12288,2.94896,3.44383338573643
12289,2.9492,2.84126829644178
12290,2.94944,2.28709785053666
12291,2.94968,3.41579913849823
12292,2.94992,3.22061466658035
12293,2.95016,2.23363973851229
12294,2.9504,3.65273038950095
12295,2.95064,3.26632145493857
12296,2.95088,2.69187236690353
12297,2.95112,3.80207801160644
12298,2.95136,2.6374655096589
12299,2.9516,2.49044179740221
12300,2.95184,3.65388187868827
12301,2.95208,2.44414378910517
12302,2.95232,2.958079026584
12303,2.95256,3.58610882558867
12304,2.9528,3.14237326541388
12305,2.95304,2.51807134727554
12306,2.95328,3.22815074688046
12307,2.95352,3.81557435108774
12308,2.95376,2.153114186371
12309,2.954,2.71632529475415
12310,2.95424,3.50992017480443
12311,2.95448,2.85979493530013
12312,2.95472,2.28463549471599
12313,2.95496,3.04566576930474
12314,2.9552,3.1922209036068
12315,2.95544,2.19081559901883
12316,2.95568,3.14402110972295
12317,2.95592,2.99893430814752
12318,2.95616,2.31731464927858
12319,2.9564,3.44945460806678
12320,2.95664,2.42303995099739
12321,2.95688,2.54578612310598
12322,2.95712,3.25759555752782
12323,2.95736,1.84566422137185
12324,2.9576,2.99478989435942
12325,2.95784,2.5743238718387
12326,2.95808,2.21719116590601
12327,2.95832,3.18119317649336
12328,2.95856,2.01274007678753
12329,2.9588,2.45786686834732
12330,2.95904,2.64413803297281
12331,2.95928,1.68154738652414
12332,2.95952,2.90714697502558
12333,2.95976,2.32344567648656
12334,2.96,1.44483312050601
12335,2.96024,2.73580273327105
12336,2.96048,1.52981796220896
12337,2.96072,2.05682669910562
12338,2.96096,2.3190347438735
12339,2.9612,1.19657668777486
12340,2.96144,2.49019181999819
12341,2.96168,1.86484999512221
12342,2.96192,1.17502761348145
12343,2.96216,1.24141733016371
12344,2.9624,2.26661284780879
12345,2.96264,1.85344354981966
12346,2.96288,1.14603292951393
12347,2.96312,1.29318638500353
12348,2.96336,2.16133757026268
12349,2.9636,0.668879803904181
12350,2.96384,1.36306172094709
12351,2.96408,0.853526101282246
12352,2.96432,0.644289026327642
12353,2.96456,1.27512028288694
12354,2.9648,1.06208544717725
12355,2.96504,0.177417722205394
12356,2.96528,0.870834414869566
12357,2.96552,1.07890597817223
12358,2.96576,0.249887491213576
12359,2.966,0.511170085555983
12360,2.96624,0.779505463679974
12361,2.96648,0.245961670642119
12362,2.96672,0.549398767347969
12363,2.96696,0.274279276407978
12364,2.9672,0.146429653748329
12365,2.96744,0.250823751584914
12366,2.96768,-0.214451917854738
12367,2.96792,0.178159510400435
12368,2.96816,-0.274342342143497
12369,2.9684,-0.448626388230793
12370,2.96864,0.212783708109453
12371,2.96888,-0.435884924620776
12372,2.96912,-0.696881512355494
12373,2.96936,-0.724735405537682
12374,2.9696,-0.487580722249626
12375,2.96984,-0.600873990618777
12376,2.97008,-0.601496919838201
12377,2.97032,-1.17708231550263
12378,2.97056,-0.911343835396526
12379,2.9708,-0.755695875113092
12380,2.97104,-1.42868399259821
12381,2.97128,-1.14574013120141
12382,2.97152,-0.846605280726138
12383,2.97176,-1.50291765965082
12384,2.972,-1.20508217077046
12385,2.97224,-1.61640394524324
12386,2.97248,-1.53762233105282
12387,2.97272,-1.58352766224158
12388,2.97296,-1.62521217042027
12389,2.9732,-1.30859582482121
12390,2.97344,-1.70985379557417
12391,2.97368,-1.75521112989904
12392,2.97392,-2.15768606639191
12393,2.97416,-1.95484713068605
12394,2.9744,-1.64489747775882
12395,2.97464,-2.29615091585373
12396,2.97488,-2.10100639180612
12397,2.97512,-1.91759891470475
12398,2.97536,-2.21387237010038
12399,2.9756,-2.14964015604234
12400,2.97584,-1.98522362155037
12401,2.97608,-2.54005951439263
12402,2.97632,-2.13527592129508
12403,2.97656,-2.7114961552496
12404,2.9768,-2.19848831375459
12405,2.97704,-2.06545170201696
12406,2.97728,-2.78730435453884
12407,2.97752,-2.77571062748362
12408,2.97776,-2.19607160360644
12409,2.978,-3.18076308789742
12410,2.97824,-2.71997242920685
12411,2.97848,-2.539633255898
12412,2.97872,-3.06773934533144
12413,2.97896,-2.29319843566665
12414,2.9792,-2.87101445352565
12415,2.97944,-2.95431691720669
12416,2.97968,-2.11531969600069
12417,2.97992,-3.20667079146176
12418,2.98016,-3.09098776967483
12419,2.9804,-2.295539582529
12420,2.98064,-3.56432429079817
12421,2.98088,-3.01326174687491
12422,2.98112,-2.74093269657659
12423,2.98136,-3.46198557689087
12424,2.9816,-3.08302842009967
12425,2.98184,-2.86300084786179
12426,2.98208,-3.51979653980353
12427,2.98232,-3.54998097867972
12428,2.98256,-2.89940396454751
12429,2.9828,-2.41455606518565
12430,2.98304,-2.91633666251606
12431,2.98328,-3.41317209287949
12432,2.98352,-3.55296777036351
12433,2.98376,-2.30354127055924
12434,2.984,-2.89540825196959
12435,2.98424,-3.59994087472469
12436,2.98448,-2.39673928753054
12437,2.98472,-2.93398263828397
12438,2.98496,-3.58371897081464
12439,2.9852,-2.68121562354454
12440,2.98544,-3.04169895443209
12441,2.98568,-3.75405496827403
12442,2.98592,-2.21611946244762
12443,2.98616,-3.01422435605709
12444,2.9864,-3.19462404023644
12445,2.98664,-2.22825828928793
12446,2.98688,-3.32583160345703
12447,2.98712,-2.49848058398285
12448,2.98736,-2.57939563098092
12449,2.9876,-3.3718452889703
12450,2.98784,-1.91728286587295
12451,2.98808,-2.79171830452627
12452,2.98832,-2.81248341092175
12453,2.98856,-2.16958913616967
12454,2.9888,-3.21466236852509
12455,2.98904,-2.00347347390454
12456,2.98928,-2.6444951839021
12457,2.98952,-2.78478837965782
12458,2.98976,-1.77840842807069
12459,2.99,-2.73052408630209
12460,2.99024,-2.34992617532502
12461,2.99048,-1.31250579546039
12462,2.99072,-2.69750177702245
12463,2.99096,-2.3897662531089
12464,2.9912,-1.41774523913352
12465,2.99144,-2.40459362027546
12466,2.99168,-1.93736130305563
12467,2.99192,-1.52912375502635
12468,2.99216,-2.55568698972484
12469,2.9924,-1.68455543041081
12470,2.99264,-1.46894049114378
12471,2.99288,-2.08591239743083
12472,2.99312,-0.710090970553989
12473,2.99336,-1.17690323669496
12474,2.9936,-1.64214360254182
12475,2.99384,-2.10751051393437
12476,2.99408,-0.566637039619391
12477,2.99432,-1.47263474578637
12478,2.99456,-1.6526229300385
12479,2.9948,-0.884498787926182
12480,2.99504,-0.658698462294421
12481,2.99528,-1.51235821675874
12482,2.99552,-0.923516432783185
12483,2.99576,-0.510725158299709
12484,2.996,-1.17958428772998
12485,2.99624,-0.784389344630809
12486,2.99648,-0.668854516265194
12487,2.99672,-0.906181323231885
12488,2.99696,0.152031274514259
12489,2.9972,-0.627342683129307
12490,2.99744,-0.674356089013776
12491,2.99768,0.322097012948537
12492,2.99792,-0.736984574888183
12493,2.99816,-0.112743485629748
12494,2.9984,0.353793655209678
12495,2.99864,-0.738021993507914
12496,2.99888,0.314652994540282
12497,2.99912,0.380898253778226
12498,2.99936,0.0916167191414375
12499,2.9996,0.254256785788987
12500,2.99984,0.17084604101833
12501,3.00008,0.687286025016197
12502,3.00032,0.456157489380898
12503,3.00056,0.459703122633858
12504,3.0008,0.703529448282188
12505,3.00104,0.684806393570569
12506,3.00128,0.779516899764608
12507,3.00152,0.87867844449723
12508,3.00176,1.31749842633861
12509,3.002,0.905232992160416
12510,3.00224,0.978969558266892
12511,3.00248,1.64020921126623
12512,3.00272,1.33709234414928
12513,3.00296,1.15114129769767
12514,3.0032,1.55981010901233
12515,3.00344,1.723031289986
12516,3.00368,1.40889327372997
12517,3.00392,1.81328871037432
12518,3.00416,1.25723172229544
12519,3.0044,1.66151352899627
12520,3.00464,1.82752091365071
12521,3.00488,2.1072373586007
12522,3.00512,2.1516459942056
12523,3.00536,1.84096023141106
12524,3.0056,2.36532105628975
12525,3.00584,2.0536991070804
12526,3.00608,2.11604272747237
12527,3.00632,2.17072402206265
12528,3.00656,2.3604835138858
12529,3.0068,2.07297868805887
12530,3.00704,2.26222418167306
12531,3.00728,2.46983165438572
12532,3.00752,2.68020676952153
12533,3.00776,2.04984209276903
12534,3.008,2.64773775324741
12535,3.00824,2.75602790531405
12536,3.00848,2.03793400565109
12537,3.00872,3.02406876144658
12538,3.00896,2.67503009541085
12539,3.0092,2.11904518006022
12540,3.00944,3.13740606148955
12541,3.00968,2.82316070891983
12542,3.00992,2.43135213592724
12543,3.01016,3.48575555039184
12544,3.0104,2.37327204347117
12545,3.01064,2.74752086067172
12546,3.01088,3.47351383567497
12547,3.01112,2.4085565477686
12548,3.01136,2.47381946814157
12549,3.0116,3.12821513154195
12550,3.01184,2.84271218737222
12551,3.01208,3.5535944361706
12552,3.01232,3.16154859665856
12553,3.01256,2.80674622270637
12554,3.0128,3.33150632201409
12555,3.01304,3.83117222433338
12556,3.01328,2.80540922001784
12557,3.01352,2.54676446599834
12558,3.01376,2.79935796381499
12559,3.014,3.40628549163876
12560,3.01424,3.53574203933913
12561,3.01448,2.51113457787048
12562,3.01472,3.19706833294386
12563,3.01496,3.75617856415449
12564,3.0152,2.29789657144168
12565,3.01544,2.82072330240398
12566,3.01568,3.46066083198398
12567,3.01592,2.89958322469978
12568,3.01616,2.76568780114416
12569,3.0164,3.47307732775216
12570,3.01664,2.63120833717085
12571,3.01688,2.5767646397872
12572,3.01712,3.59558471400103
12573,3.01736,2.58045062723944
12574,3.0176,2.59629720588321
12575,3.01784,3.56992401722829
12576,3.01808,2.27591201796873
12577,3.01832,2.84286238468933
12578,3.01856,3.03450875449748
12579,3.0188,2.08100130822013
12580,3.01904,3.19018662450796
12581,3.01928,2.49717171546169
12582,3.01952,2.35041151685701
12583,3.01976,3.27787147062905
12584,3.02,1.95428941562097
12585,3.02024,2.60579138630699
12586,3.02048,2.87760382530413
12587,3.02072,1.63982129755086
12588,3.02096,2.83842699304194
12589,3.0212,2.22904152444508
12590,3.02144,1.56479052146137
12591,3.02168,2.70657370763845
12592,3.02192,2.16872411637575
12593,3.02216,1.57705091858342
12594,3.0224,2.42265785893216
12595,3.02264,1.61735368753452
12596,3.02288,2.29363398274771
12597,3.02312,2.11433887887002
12598,3.02336,1.27037161219119
12599,3.0236,2.14334671006111
12600,3.02384,1.68137827157839
12601,3.02408,0.800174539596885
12602,3.02432,1.62143218471171
12603,3.02456,1.59791071746727
12604,3.0248,0.641121887945761
12605,3.02504,1.17530201275303
12606,3.02528,1.70393689651183
12607,3.02552,1.15901717695817
12608,3.02576,0.439304191720443
12609,3.026,1.28428425985695
12610,3.02624,1.04567460937835
12611,3.02648,0.255738325939436
12612,3.02672,0.57258136457339
12613,3.02696,1.24419518709537
12614,3.0272,0.495021238907659
12615,3.02744,0.384541760154564
12616,3.02768,1.35123609650183
12617,3.02792,0.417505980165215
12618,3.02816,0.475708003858192
12619,3.0284,0.648060006868216
12620,3.02864,-0.469169267868982
12621,3.02888,0.481045742852089
12622,3.02912,0.100405352267137
12623,3.02936,-0.480623513942918
12624,3.0296,0.501040965718733
12625,3.02984,-0.428280699501861
12626,3.03008,-0.487592501308584
12627,3.03032,0.0452347453255452
12628,3.03056,-0.355677005901881
12629,3.0308,-0.387576808504558
12630,3.03104,-0.777948797670543
12631,3.03128,-0.540586421356571
12632,3.03152,-0.544574955801028
12633,3.03176,-0.901798733524819
12634,3.032,-0.877587865154425
12635,3.03224,-0.741885940447668
12636,3.03248,-0.943905059969855
12637,3.03272,-0.783139945438344
12638,3.03296,-0.86183191102912
12639,3.0332,-1.52518277795167
12640,3.03344,-1.22423834815427
12641,3.03368,-1.04384382534847
12642,3.03392,-1.69541872033358
12643,3.03416,-1.2596113380154
12644,3.0344,-1.78713646383275
12645,3.03464,-1.23337000336132
12646,3.03488,-1.27844468674314
12647,3.03512,-1.44144822914124
12648,3.03536,-1.84841367688009
12649,3.0356,-1.88670027492324
12650,3.03584,-2.04526031919742
12651,3.03608,-1.73366478308073
12652,3.03632,-2.14314667080182
12653,3.03656,-1.94753999357855
12654,3.0368,-2.24396117095501
12655,3.03704,-2.29901803379738
12656,3.03728,-1.75291412819472
12657,3.03752,-1.94761430976249
12658,3.03776,-2.86045666187041
12659,3.038,-2.44942149564929
12660,3.03824,-2.06303910777496
12661,3.03848,-2.75900526071391
12662,3.03872,-2.37114589851184
12663,3.03896,-2.24997227662975
12664,3.0392,-2.60000239011547
12665,3.03944,-2.61258288291559
12666,3.03968,-2.63601995052941
12667,3.03992,-2.53409546561633
12668,3.04016,-2.94512832904774
12669,3.0404,-2.75203590294468
12670,3.04064,-2.45161133684966
12671,3.04088,-3.26505091486912
12672,3.04112,-2.62460255652468
12673,3.04136,-2.61819463415554
12674,3.0416,-2.98636231344993
12675,3.04184,-3.1075859996252
12676,3.04208,-2.66125965043348
12677,3.04232,-3.44550840695564
12678,3.04256,-3.12984640526531
12679,3.0428,-2.73083533203294
12680,3.04304,-3.44120333519668
12681,3.04328,-3.17534030096721
12682,3.04352,-2.5879459394052
12683,3.04376,-2.76479585490711
12684,3.044,-3.76397520150832
12685,3.04424,-3.09522507799307
12686,3.04448,-2.23669302899093
12687,3.04472,-2.73517288580731
12688,3.04496,-3.23705411224838
12689,3.0452,-3.85352614645797
12690,3.04544,-2.21926825252272
12691,3.04568,-2.68880647495265
12692,3.04592,-3.27862483943105
12693,3.04616,-3.02272695705028
12694,3.0464,-2.70772269510401
12695,3.04664,-3.36026902432201
12696,3.04688,-3.17002157404208
12697,3.04712,-2.56067714369968
12698,3.04736,-3.40242012461252
12699,3.0476,-2.56838449167258
12700,3.04784,-2.52369255672099
12701,3.04808,-3.4392129942224
12702,3.04832,-2.55345585023297
12703,3.04856,-2.57838201628407
12704,3.0488,-3.43657914471766
12705,3.04904,-1.92407963376323
12706,3.04928,-2.97958873121001
12707,3.04952,-2.69979899509753
12708,3.04976,-2.24504756092713
12709,3.05,-3.35762559695546
12710,3.05024,-2.19876268290031
12711,3.05048,-2.42663543025631
12712,3.05072,-3.11865116537156
12713,3.05096,-1.81152259862331
12714,3.0512,-2.23662718246803
12715,3.05144,-2.88557143787437
12716,3.05168,-1.65313351533706
12717,3.05192,-2.50723202854405
12718,3.05216,-2.50409714280365
12719,3.0524,-1.47573176016328
12720,3.05264,-2.40782953559613
12721,3.05288,-2.4764269368145
12722,3.05312,-1.28063829876065
12723,3.05336,-2.63559690622467
12724,3.0536,-1.940319556875
12725,3.05384,-1.30547763174205
12726,3.05408,-2.13293229459642
12727,3.05432,-1.98895479791487
12728,3.05456,-1.29733756908452
12729,3.0548,-1.36365788814533
12730,3.05504,-1.79574570669309
12731,3.05528,-1.98954361561017
12732,3.05552,-1.04263829516138
12733,3.05576,-1.19465603549223
12734,3.056,-1.58336169862573
12735,3.05624,-0.436252488568734
12736,3.05648,-1.25814897006561
12737,3.05672,-1.34662117660537
12738,3.05696,-0.159082406255377
12739,3.0572,-1.16173771247726
12740,3.05744,-1.19486962754759
12741,3.05768,-0.0738617065883478
12742,3.05792,-1.01394606147049
12743,3.05816,-1.22221289842133
12744,3.0584,-0.146250245557417
12745,3.05864,-0.412278400535653
12746,3.05888,-0.917391881128226
12747,3.05912,-0.0190107698330747
12748,3.05936,-0.21214940878737
12749,3.0596,-0.407765140554419
12750,3.05984,-0.0437239892916363
12751,3.06008,-0.275164095996096
12752,3.06032,0.0763573292432277
12753,3.06056,0.0375017809228633
12754,3.0608,0.00906330610845252
12755,3.06104,0.432656036990327
12756,3.06128,0.120351236832658
12757,3.06152,0.415389078663566
12758,3.06176,0.436309854124129
12759,3.062,0.456399497941856
12760,3.06224,0.47029150873089
12761,3.06248,0.825236167173394
12762,3.06272,0.810729859444252
12763,3.06296,0.675780027184942
12764,3.0632,0.766184416221797
12765,3.06344,0.967548326710097
12766,3.06368,1.17092772474561
12767,3.06392,0.994537024029873
12768,3.06416,0.940206611297447
12769,3.0644,0.886658994419952
12770,3.06464,1.65934783492446
12771,3.06488,1.35780986384715
12772,3.06512,1.52251346610298
12773,3.06536,1.8060216352011
12774,3.0656,1.25207286447596
12775,3.06584,1.29719603733766
12776,3.06608,1.34185835505522
12777,3.06632,2.10636889738662
12778,3.06656,1.66527413331521
12779,3.0668,1.94484416397
12780,3.06704,2.11505030680961
12781,3.06728,1.79844398949881
12782,3.06752,1.72602139969539
12783,3.06776,2.26589284172009
12784,3.068,1.96101041056004
12785,3.06824,1.78294310437149
12786,3.06848,2.69785163319918
12787,3.06872,2.28286500270851
12788,3.06896,1.88630955780402
12789,3.0692,2.58384473964308
12790,3.06944,2.66867859193732
12791,3.06968,2.05945773624935
12792,3.06992,2.77215032208997
12793,3.07016,2.40625729223102
12794,3.0704,2.55092603057462
12795,3.07064,2.68601928533703
12796,3.07088,2.4799327950249
12797,3.07112,2.89365826278701
12798,3.07136,2.58028910860875
12799,3.0716,2.66270095029699
12800,3.07184,3.10423546211747
12801,3.07208,2.70806854077879
12802,3.07232,3.06978214466974
12803,3.07256,3.54783356297182
12804,3.0728,2.48131614406343
12805,3.07304,2.90144470293099
12806,3.07328,3.65904996469278
12807,3.07352,2.51886851777688
12808,3.07376,2.50677272952327
12809,3.074,3.56519639399676
12810,3.07424,2.83402858868502
12811,3.07448,3.2266833174867
12812,3.07472,3.24629928958822
12813,3.07496,2.9423197050925
12814,3.0752,2.44857458785441
12815,3.07544,3.62393022533903
12816,3.07568,2.42571851953606
12817,3.07592,3.06624117470708
12818,3.07616,3.70115285941878
12819,3.0764,2.54412494408851
12820,3.07664,3.01165340089241
12821,3.07688,3.71588728705044
12822,3.07712,2.16862210199923
12823,3.07736,2.82929287228954
12824,3.0776,3.7198388153664
12825,3.07784,2.57849618231527
12826,3.07808,2.70837887502043
12827,3.07832,3.43589835048283
12828,3.07856,3.20376971261273
12829,3.0788,2.31245445760084
12830,3.07904,3.24417175376053
12831,3.07928,2.84442046545232
12832,3.07952,2.51224106183813
12833,3.07976,3.50623226629068
12834,3.08,2.23134134910489
12835,3.08024,2.81446854204522
12836,3.08048,3.02453867594732
12837,3.08072,2.08784961302166
12838,3.08096,3.21098269006534
12839,3.0812,2.3015601661487
12840,3.08144,2.29764321777914
12841,3.08168,3.12706240900667
12842,3.08192,2.29067899177933
12843,3.08216,2.23794299123652
12844,3.0824,2.89475661446673
12845,3.08264,1.67477459302223
12846,3.08288,2.41156011865701
12847,3.08312,2.4165566057268
12848,3.08336,1.52025690231783
12849,3.0836,2.67741237612101
12850,3.08384,2.15544128724157
12851,3.08408,1.33323989114914
12852,3.08432,2.45459885490921
12853,3.08456,2.24645681542476
12854,3.0848,1.36495758311931
12855,3.08504,1.61222966134776
12856,3.08528,2.20390565524767
12857,3.08552,1.50539677349857
12858,3.08576,0.619858133561585
12859,3.086,1.44185200644306
12860,3.08624,1.54020551330593
12861,3.08648,2.12461633684606
12862,3.08672,0.837598532499229
12863,3.08696,1.37847648125321
12864,3.0872,1.43454030308912
12865,3.08744,0.438779546676347
12866,3.08768,1.40206157760855
12867,3.08792,1.51283924292377
12868,3.08816,0.35831501717797
12869,3.0884,1.14283104561423
12870,3.08864,1.31407792302873
12871,3.08888,0.454062751734305
12872,3.08912,0.684248165464823
12873,3.08936,0.680403914122078
12874,3.0896,0.116846313693632
12875,3.08984,0.761787566484143
12876,3.09008,0.334464818218823
12877,3.09032,0.0635004879517929
12878,3.09056,0.627058896254753
12879,3.0908,-0.102471114453241
12880,3.09104,0.0248430843506751
12881,3.09128,0.0361139448950699
12882,3.09152,-0.157425612102402
12883,3.09176,0.121312863120979
12884,3.092,-0.542699915398257
12885,3.09224,-0.100689424294638
12886,3.09248,-0.269610973692511
12887,3.09272,-1.00980668341273
12888,3.09296,-0.302015989072357
12889,3.0932,-0.195423600311615
12890,3.09344,-1.14686752034037
12891,3.09368,-0.771372402219913
12892,3.09392,-0.50895967914467
12893,3.09416,-1.31298855406935
12894,3.0944,-0.922168685996612
12895,3.09464,-1.23528727747535
12896,3.09488,-0.817992218654887
12897,3.09512,-0.891286165399712
12898,3.09536,-1.54837757927284
12899,3.0956,-1.36511944128366
12900,3.09584,-1.65140247137112
12901,3.09608,-1.45317092710398
12902,3.09632,-1.50267817658777
12903,3.09656,-2.0264694753591
12904,3.0968,-1.47045062058155
12905,3.09704,-1.9942085658829
12906,3.09728,-1.55736936999309
12907,3.09752,-1.59967336430151
12908,3.09776,-1.64527342018234
12909,3.098,-2.29316660089945
12910,3.09824,-1.85708643253596
12911,3.09848,-1.90588669724789
12912,3.09872,-1.84676763585002
12913,3.09896,-2.14286474842386
12914,3.0992,-2.08874205720968
12915,3.09944,-2.52497270398671
12916,3.09968,-2.23354118652546
12917,3.09992,-2.20038520982308
12918,3.10016,-2.53440424595917
12919,3.1004,-2.26206543323369
12920,3.10064,-2.4964487601856
12921,3.10088,-2.85213093141811
12922,3.10112,-2.24720081191776
12923,3.10136,-2.87438035477618
12924,3.1016,-2.76955344290761
12925,3.10184,-2.0895311312207
12926,3.10208,-3.10951685889937
12927,3.10232,-2.79685071704816
12928,3.10256,-2.52501022396565
12929,3.1028,-3.45541801276823
12930,3.10304,-2.34378554830287
12931,3.10328,-2.83858682406261
12932,3.10352,-3.6782748159391
12933,3.10376,-2.49183045120928
12934,3.104,-2.43447711212688
12935,3.10424,-3.57241616984006
12936,3.10448,-3.26872626386703
12937,3.10472,-2.05795704926798
12938,3.10496,-3.49682339147163
12939,3.1052,-3.24538073589618
12940,3.10544,-2.55418799897072
12941,3.10568,-3.6949584534968
12942,3.10592,-3.25587672873869
12943,3.10616,-2.85429112093044
12944,3.1064,-2.50502150118588
12945,3.10664,-3.01084535191397
12946,3.10688,-3.7481460426642
12947,3.10712,-2.23432110379853
12948,3.10736,-3.04755887706336
12949,3.1076,-3.49765489475794
12950,3.10784,-2.8689965061428
12951,3.10808,-2.90699658971812
12952,3.10832,-3.77694459147531
12953,3.10856,-2.15611859663822
12954,3.1088,-2.63881189431453
12955,3.10904,-3.47086915255471
12956,3.10928,-2.74776269063389
12957,3.10952,-2.57422642067505
12958,3.10976,-3.47648342000574
12959,3.11,-2.58222697813452
12960,3.11024,-2.60025634548943
12961,3.11048,-3.44895369532162
12962,3.11072,-1.92811732513184
12963,3.11096,-2.97776710963191
12964,3.1112,-2.9255552215413
12965,3.11144,-2.09587990396781
12966,3.11168,-3.3234774427492
12967,3.11192,-2.15747556750685
12968,3.11216,-2.61418302112586
12969,3.1124,-3.05451132106372
12970,3.11264,-1.74076038079144
12971,3.11288,-2.39646587877682
12972,3.11312,-2.79380469753486
12973,3.11336,-1.55688412438389
12974,3.1136,-2.64148651115616
12975,3.11384,-2.39059564966729
12976,3.11408,-1.35837516461203
12977,3.11432,-2.86855744602341
12978,3.11456,-2.33144303147742
12979,3.1148,-1.37309613821419
12980,3.11504,-2.35997413656589
12981,3.11528,-2.25548972436148
12982,3.11552,-1.36298884405321
12983,3.11576,-1.60088250711491
12984,3.116,-2.17370413353543
12985,3.11624,-1.34820305440478
12986,3.11648,-1.05641760883277
12987,3.11672,-1.25718770953299
12988,3.11696,-2.17798134865389
12989,3.1172,-0.598396380593281
12990,3.11744,-1.22778967086549
12991,3.11768,-2.09102086111862
12992,3.11792,-0.937421197733258
12993,3.11816,-0.792279389795473
12994,3.1184,-1.72626744955091
12995,3.11864,-1.21975444897889
12996,3.11888,-0.773887357826538
12997,3.11912,-0.931134761028516
12998,3.11936,-0.977156269001539
12999,3.1196,-0.71000464649732
13000,3.11984,-0.925800784111486
13001,3.12008,-0.425675679722259
13002,3.12032,0.0261622131247972
13003,3.12056,-0.967242210570936
13004,3.1208,-0.278463556994141
13005,3.12104,-0.00166507547852801
13006,3.12128,-0.562437962348113
13007,3.12152,0.305533855811582
13008,3.12176,-0.302852446645936
13009,3.122,-0.300246260823303
13010,3.12224,0.752363589974702
13011,3.12248,-0.0132121144339868
13012,3.12272,-0.0539366590183631
13013,3.12296,0.716975016558741
13014,3.1232,0.284993316732461
13015,3.12344,0.197547075771501
13016,3.12368,0.574383100808791
13017,3.12392,0.596679915778174
13018,3.12416,0.715803191664685
13019,3.1244,0.578632416856276
13020,3.12464,0.5712775974206
13021,3.12488,1.26591552396731
13022,3.12512,0.740598496679871
13023,3.12536,0.829435879337232
13024,3.1256,1.14583412609133
13025,3.12584,1.20630803025436
13026,3.12608,1.15358124087011
13027,3.12632,1.44818557848187
13028,3.12656,1.13569071192014
13029,3.1268,1.55226971742244
13030,3.12704,1.83516936602264
13031,3.12728,1.27961979241704
13032,3.12752,1.92477445692422
13033,3.12776,1.60448822053532
13034,3.128,1.52233189927248
13035,3.12824,1.92892273225239
13036,3.12848,1.61128712401606
13037,3.12872,1.77271757387072
13038,3.12896,2.30393851355835
13039,3.1292,1.74829073458424
13040,3.12944,1.68274419201466
13041,3.12968,2.34289075709492
13042,3.12992,2.27575982634254
13043,3.13016,1.74378624748604
13044,3.1304,2.66140409388369
13045,3.13064,2.49014502229434
13046,3.13088,2.22351483736964
13047,3.13112,2.56286753686271
13048,3.13136,2.41378822470201
13049,3.1316,2.41109572158288
13050,3.13184,2.64449884265168
13051,3.13208,2.41151584068215
13052,3.13232,2.7984178178895
13053,3.13256,2.57586896446347
13054,3.1328,2.50669992775916
13055,3.13304,3.40339686161995
13056,3.13328,2.26008247724668
13057,3.13352,2.95526375153537
13058,3.13376,3.16349495715469
13059,3.134,2.54446302014223
13060,3.13424,3.28246776920223
13061,3.13448,3.16538350636775
13062,3.13472,2.47598400940165
13063,3.13496,3.26339183888551
13064,3.1352,3.54953122228844
13065,3.13544,2.54564515836635
13066,3.13568,3.26485375944035
13067,3.13592,3.71739852329906
13068,3.13616,2.64572372109506
13069,3.1364,2.93923456698718
13070,3.13664,3.81457511647712
13071,3.13688,2.78935123471729
13072,3.13712,2.2932596872594
13073,3.13736,2.79189860907258
13074,3.1376,3.29229869791683
13075,3.13784,3.78831928385072
13076,3.13808,2.39544633590789
13077,3.13832,3.08994723981794
13078,3.13856,3.66141503313645
13079,3.1388,2.45677496485643
13080,3.13904,2.75071267617783
13081,3.13928,3.40492994118352
13082,3.13952,3.09440834241834
13083,3.13976,2.7272503369574
13084,3.14,3.5623051905442
13085,3.14024,2.48832907294881
13086,3.14048,2.56402286247553
13087,3.14072,3.47758148457843
13088,3.14096,2.70959391591954
13089,3.1412,2.49223360859632
13090,3.14144,3.47884995564259
13091,3.14168,2.19777395280761
13092,3.14192,2.77497228665361
13093,3.14216,2.97936229711018
13094,3.1424,2.03723640789251
13095,3.14264,3.15516864219596
13096,3.14288,2.47344260414158
13097,3.14312,2.33665681946516
13098,3.14336,3.15125470726102
13099,3.1436,2.07516087928037
13100,3.14384,2.37896213746589
13101,3.14408,2.78241231886203
13102,3.14432,1.67223896932706
13103,3.14456,2.28812613075328
13104,3.1448,2.64897576586553
13105,3.14504,1.6145085730552
13106,3.14528,2.54072113546551
13107,3.14552,2.48741069521241
13108,3.14576,1.52674137978173
13109,3.146,2.29079374784607
13110,3.14624,2.43033137778554
13111,3.14648,1.41858877190184
13112,3.14672,1.89443877859956
13113,3.14696,2.23673681566933
13114,3.1472,1.29379035032071
13115,3.14744,0.89082397315572
13116,3.14768,1.34316352298779
13117,3.14792,1.79652226113013
13118,3.14816,2.0103563662873
13119,3.1484,1.08229770487755
13120,3.14864,1.13224780085967
13121,3.14888,2.14276833623308
13122,3.14912,0.309840639665231
13123,3.14936,1.2700810099466
13124,3.1496,1.38169489865666
13125,3.14984,0.552347313081674
13126,3.15008,0.73798396133282
13127,3.15032,1.27478844354202
13128,3.15056,0.163596385624606
13129,3.1508,0.758922928061884
13130,3.15104,0.986840201224253
13131,3.15128,0.0551499362613863
13132,3.15152,0.698394434434159
13133,3.15176,0.501948830636176
13134,3.152,-0.0139050306553439
13135,3.15224,0.66850147052048
13136,3.15248,-0.0665566747902432
13137,3.15272,-0.0595229275314928
13138,3.15296,0.185982230659396
13139,3.1532,-0.256511424894569
13140,3.15344,-0.213167595457233
13141,3.15368,0.0719147935749583
13142,3.15392,-0.573912656174259
13143,3.15416,-0.259069729455287
13144,3.1544,-0.530818460166575
13145,3.15464,-0.539121708813594
13146,3.15488,-0.316650218981092
13147,3.15512,-1.03631792411993
13148,3.15536,-0.653210370443541
13149,3.1556,-0.640501923054649
13150,3.15584,-1.21552667689762
13151,3.15608,-0.930180075917671
13152,3.15632,-0.892059397052977
13153,3.15656,-1.20429472528615
13154,3.1568,-0.900355164979971
13155,3.15704,-1.45072328165658
13156,3.15728,-1.14182000742568
13157,3.15752,-1.31444358549598
13158,3.15776,-1.12649891317914
13159,3.158,-1.29221045383477
13160,3.15824,-1.70026951816874
13161,3.15848,-1.98158891374893
13162,3.15872,-1.65998437803515
13163,3.15896,-1.70351744240281
13164,3.1592,-1.98827607665758
13165,3.15944,-1.90457813055097
13166,3.15968,-2.06995277894752
13167,3.15992,-1.8756639852813
13168,3.16016,-1.80136050968645
13169,3.1604,-2.46066706313467
13170,3.16064,-1.91610609794846
13171,3.16088,-1.61689815184009
13172,3.16112,-2.53450422168719
13173,3.16136,-2.60017041173654
13174,3.1616,-2.08161286039792
13175,3.16184,-2.42058772291587
13176,3.16208,-2.6274308907428
13177,3.16232,-2.25577869645572
13178,3.16256,-2.60990233319366
13179,3.1628,-2.36424312014723
13180,3.16304,-2.74917714200925
13181,3.16328,-2.64505479250122
13182,3.16352,-2.31743166120912
13183,3.16376,-3.09303601046542
13184,3.164,-2.53867444467099
13185,3.16424,-2.49965532690259
13186,3.16448,-3.30394019468227
13187,3.16472,-2.66636539349855
13188,3.16496,-2.78780725046467
13189,3.1652,-3.63427624501861
13190,3.16544,-2.44431555974773
13191,3.16568,-2.74295436184607
13192,3.16592,-3.62435071610902
13193,3.16616,-2.60097623034307
13194,3.1664,-2.94975199118278
13195,3.16664,-3.7552038171872
13196,3.16688,-2.78658697515598
13197,3.16712,-2.82495973117513
13198,3.16736,-3.33754028999657
13199,3.1676,-2.79586514912313
13200,3.16784,-3.25900058421794
13201,3.16808,-2.86152588014294
13202,3.16832,-2.6465221518478
13203,3.16856,-3.15597692369336
13204,3.1688,-3.66696292975711
13205,3.16904,-2.53338925107257
13206,3.16928,-3.11533169927784
13207,3.16952,-3.69015287481263
13208,3.16976,-2.13374630631286
13209,3.17,-2.91606352366178
13210,3.17024,-3.68311618726327
13211,3.17048,-2.43669238745487
13212,3.17072,-2.80756758850036
13213,3.17096,-3.52677230671498
13214,3.1712,-2.23786205515716
13215,3.17144,-3.14817076169459
13216,3.17168,-2.73006664167419
13217,3.17192,-2.49736020060864
13218,3.17216,-3.5840120794261
13219,3.1724,-2.28168466559854
13220,3.17264,-2.60925285915434
13221,3.17288,-3.40080153689488
13222,3.17312,-1.94521708740877
13223,3.17336,-2.82126378523943
13224,3.1736,-2.8406311305279
13225,3.17384,-1.95843011929649
13226,3.17408,-3.13574747606028
13227,3.17432,-2.27512237075099
13228,3.17456,-2.08286079163623
13229,3.1748,-2.97111768905519
13230,3.17504,-2.53997821323103
13231,3.17528,-1.81016336797373
13232,3.17552,-2.78033658725101
13233,3.17576,-2.18712930094506
13234,3.176,-1.77772028262797
13235,3.17624,-2.57935375249793
13236,3.17648,-2.06119997288493
13237,3.17672,-1.24478957232192
13238,3.17696,-2.47821963488021
13239,3.1772,-2.03126450937716
13240,3.17744,-1.28315904627795
13241,3.17768,-2.11933104752669
13242,3.17792,-1.9836029774191
13243,3.17816,-1.06407552249484
13244,3.1784,-1.0311804158638
13245,3.17864,-1.48500441731579
13246,3.17888,-1.93783822544597
13247,3.17912,-1.20074374929419
13248,3.17936,-0.889654539560253
13249,3.1796,-1.4226133389924
13250,3.17984,-1.71495803685587
13251,3.18008,-0.97975321944091
13252,3.18032,-1.09674392211617
13253,3.18056,-1.93400290232626
13254,3.1808,-0.407284857086136
13255,3.18104,-1.30324060108893
13256,3.18128,-0.876092536800142
13257,3.18152,-0.381363615249571
13258,3.18176,-1.08734189002561
13259,3.182,-0.251771566958507
13260,3.18224,-0.651827308220755
13261,3.18248,-0.560985748636088
13262,3.18272,0.332910731418203
13263,3.18296,-0.589379531025322
13264,3.1832,0.0484222163007493
13265,3.18344,0.045101866503757
13266,3.18368,-0.552806317925547
13267,3.18392,0.510368079228541
13268,3.18416,-0.0121531680416245
13269,3.1844,0.0701286647627
13270,3.18464,0.723189987763803
13271,3.18488,-0.0639669826557218
13272,3.18512,0.456842134815326
13273,3.18536,0.715043076837784
13274,3.1856,0.37838424387116
13275,3.18584,0.737623250464814
13276,3.18608,0.614769619197285
13277,3.18632,0.960387493284691
13278,3.18656,0.689275214253936
13279,3.1868,0.786155501363465
13280,3.18704,1.46434973837681
13281,3.18728,1.17963879832812
13282,3.18752,0.767914233521152
13283,3.18776,1.42864140441666
13284,3.188,1.25058513444824
13285,3.18824,1.54217935324992
13286,3.18848,1.46828949739325
13287,3.18872,1.75236488208913
13288,3.18896,1.43706760237239
13289,3.1892,1.84027584096526
13290,3.18944,1.64042788331043
13291,3.18968,1.68332522188977
13292,3.18992,1.96970547897131
13293,3.19016,1.77048549336437
13294,3.1904,1.81667163237147
13295,3.19064,2.10646392040102
13296,3.19088,1.91086838219881
13297,3.19112,2.20714250402026
13298,3.19136,2.26190393788138
13299,3.1916,1.71536527462703
13300,3.19184,1.90949981554721
13301,3.19208,2.82165388924404
13302,3.19232,2.40981562845201
13303,3.19256,2.02252235621035
13304,3.1928,2.476037933767
13305,3.19304,2.09067284637443
13306,3.19328,2.80836535783919
13307,3.19352,2.31291426697018
13308,3.19376,2.20127371957433
13309,3.194,3.18175525701123
13310,3.19424,2.47379475076689
13311,3.19448,2.40548987801911
13312,3.19472,3.05087087684143
13313,3.19496,2.627063237547
13314,3.1952,2.71522286683145
13315,3.19544,2.79213421848632
13316,3.19568,2.53957866266086
13317,3.19592,3.62757388624376
13318,3.19616,2.54636917928412
13319,3.1964,2.71309158286004
13320,3.19664,3.71249275046741
13321,3.19688,2.55765072273281
13322,3.19712,2.65203141552128
13323,3.19736,3.70317026505187
13324,3.1976,2.71881509454576
13325,3.19784,3.34312646494293
13326,3.19808,3.46876409194578
13327,3.19832,2.90867320651375
13328,3.19856,3.47124503063827
13329,3.1988,3.29462014548728
13330,3.19904,2.33372449480624
13331,3.19928,2.84840375390209
13332,3.19952,3.36015541218195
13333,3.19976,3.75066555239235
13334,3.2,2.50258655178239
13335,3.20024,3.2152090731369
13336,3.20048,3.19353497563577
13337,3.20072,2.26992561988039
13338,3.20096,2.93714603754592
13339,3.2012,3.82947958648382
13340,3.20144,2.4587846704815
13341,3.20168,2.83674335947709
13342,3.20192,3.4396685378783
13343,3.20216,2.28428281630404
13344,3.2024,3.20259088229838
13345,3.20264,3.14800422821763
13346,3.20288,2.31340920626253
13347,3.20312,3.29955241710784
13348,3.20336,2.48454698118028
13349,3.2036,2.69460226862991
13350,3.20384,3.25489102661661
13351,3.20408,1.81526213671974
13352,3.20432,3.05349715368771
13353,3.20456,2.72162302808451
13354,3.2048,2.09295611931407
13355,3.20504,3.38959564002197
13356,3.20528,2.18021230653987
13357,3.20552,2.35496323723885
13358,3.20576,2.99122799427572
13359,3.206,1.86753681066278
13360,3.20624,2.59192233350772
13361,3.20648,2.33978906064501
13362,3.20672,1.42942183071236
13363,3.20696,2.45984381830635
13364,3.2072,2.28046818193602
13365,3.20744,1.31984461455586
13366,3.20768,2.65328012206652
13367,3.20792,1.84394658080445
13368,3.20816,1.92525804004618
13369,3.2084,2.23300973275232
13370,3.20864,1.38052864826004
13371,3.20888,2.48311299311115
13372,3.20912,1.90348035984762
13373,3.20936,1.26571784574594
13374,3.2096,1.36389123333096
13375,3.20984,1.94149943186325
13376,3.21008,0.621888955982554
13377,3.21032,0.800753198079325
13378,3.21056,1.81828860510249
13379,3.2108,0.916095375038046
13380,3.21104,0.793640411022871
13381,3.21128,1.62484276440402
13382,3.21152,0.436355627879289
13383,3.21176,0.60865573775886
13384,3.212,1.61992637847354
13385,3.21224,0.617761492399514
13386,3.21248,0.727256785251948
13387,3.21272,0.950943077110042
13388,3.21296,0.486802260325275
13389,3.2132,0.525445758860861
13390,3.21344,0.323922530756784
13391,3.21368,0.284372028688112
13392,3.21392,0.483021492292821
13393,3.21416,-0.144815501841225
13394,3.2144,0.223059064220057
13395,3.21464,0.219670881878593
13396,3.21488,-0.592719355545188
13397,3.21512,0.293218539732933
13398,3.21536,-0.0284508483636117
13399,3.2156,-0.917710571869533
13400,3.21584,0.23894360574533
13401,3.21608,-0.403363860243919
13402,3.21632,-0.896743949605631
13403,3.21656,-0.673191829228222
13404,3.2168,-0.42908188197763
13405,3.21704,-0.655954799545016
13406,3.21728,-0.765974306924633
13407,3.21752,-0.735855406421944
13408,3.21776,-0.817907370020677
13409,3.218,-0.906048035836435
13410,3.21824,-0.854968656242815
13411,3.21848,-1.04193484270481
13412,3.21872,-1.34765474439066
13413,3.21896,-1.39962765779038
13414,3.2192,-1.0891304148585
13415,3.21944,-1.38682638117522
13416,3.21968,-1.30768307397385
13417,3.21992,-1.71493797532325
13418,3.22016,-1.3983872389402
13419,3.2204,-1.43943410286673
13420,3.22064,-1.47897499394831
13421,3.22088,-2.12522388700746
13422,3.22112,-1.80589149296084
13423,3.22136,-1.72381789161957
13424,3.2216,-2.13631503928611
13425,3.22184,-2.0591346289749
13426,3.22208,-1.99136542273806
13427,3.22232,-2.17390004802276
13428,3.22256,-2.22747184427155
13429,3.2228,-2.29990128035658
13430,3.22304,-2.25773042366311
13431,3.22328,-2.3280886648192
13432,3.22352,-2.0556512131232
13433,3.22376,-2.63776946375004
13434,3.224,-2.7272167749394
13435,3.22424,-2.00387970022889
13436,3.22448,-2.96898740280735
13437,3.22472,-2.60549923658719
13438,3.22496,-2.39734598652242
13439,3.2252,-2.90130810040102
13440,3.22544,-2.46130013743439
13441,3.22568,-2.76615395305298
13442,3.22592,-2.69899961702742
13443,3.22616,-2.54619737257719
13444,3.2264,-3.60475829358408
13445,3.22664,-2.49594964776287
13446,3.22688,-2.3950181611485
13447,3.22712,-3.3729571105953
13448,3.22736,-3.02813998668207
13449,3.2276,-2.36792381574261
13450,3.22784,-3.40025106037853
13451,3.22808,-3.10463549462532
13452,3.22832,-2.4892955279905
13453,3.22856,-3.82046122470296
13454,3.2288,-3.09546190608203
13455,3.22904,-2.42022544014484
13456,3.22928,-3.34173081688986
13457,3.22952,-3.51085154110502
13458,3.22976,-2.76064035549125
13459,3.23,-2.54136318651489
13460,3.23024,-3.04889153034221
13461,3.23048,-3.55879372594226
13462,3.23072,-2.87251837594063
13463,3.23096,-2.61396800645889
13464,3.2312,-3.32138317011625
13465,3.23144,-3.66660516981768
13466,3.23168,-2.37035195768626
13467,3.23192,-3.04271868988688
13468,3.23216,-2.86212600367976
13469,3.2324,-2.38084535992081
13470,3.23264,-3.11568225874352
13471,3.23288,-3.23795668804953
13472,3.23312,-2.21322910260783
13473,3.23336,-3.25906973129464
13474,3.2336,-2.85172106481971
13475,3.23384,-2.51272031760042
13476,3.23408,-3.61261535432975
13477,3.23432,-2.09896632005615
13478,3.23456,-2.91309916422726
13479,3.2348,-2.87285245314074
13480,3.23504,-2.05627494208413
13481,3.23528,-3.29231328306086
13482,3.23552,-2.13505818209562
13483,3.23576,-2.24189127504447
13484,3.236,-3.06014332611762
13485,3.23624,-1.75224979426474
13486,3.23648,-2.76982984689011
13487,3.23672,-2.80249403001486
13488,3.23696,-1.81193613680763
13489,3.2372,-2.54682684217053
13490,3.23744,-2.65729157401299
13491,3.23768,-1.50888998995933
13492,3.23792,-2.43329002016699
13493,3.23816,-2.50643702860776
13494,3.2384,-1.54527345206342
13495,3.23864,-2.42393886853377
13496,3.23888,-2.32827012194959
13497,3.23912,-1.4359365864321
13498,3.23936,-1.43765209133006
13499,3.2396,-2.62582300695443
13500,3.23984,-1.78569139849195
13501,3.24008,-0.526349517457599
13502,3.24032,-1.70117133171674
13503,3.24056,-1.66651669330491
13504,3.2408,-1.04657544207472
13505,3.24104,-0.84811707659838
13506,3.24128,-1.73683776134233
13507,3.24152,-1.53995204761775
13508,3.24176,-1.04149029730575
13509,3.242,-1.5040991643099
13510,3.24224,-1.01565383992206
13511,3.24248,-0.817094752681195
13512,3.24272,-0.978503697183492
13513,3.24296,-0.195579506094729
13514,3.2432,-0.7816422230077
13515,3.24344,-0.999928693305757
13516,3.24368,-0.0344076594438063
13517,3.24392,-0.671969644709969
13518,3.24416,-0.699478914729247
13519,3.2444,-0.514319309074052
13520,3.24464,-0.360125555408603
13521,3.24488,-0.677762291516177
13522,3.24512,0.420573371118361
13523,3.24536,-0.43281918929203
13524,3.2456,-0.192020652105334
13525,3.24584,0.732643505516433
13526,3.24608,-0.393231963849756
13527,3.24632,0.282398053068735
13528,3.24656,0.564287901767651
13529,3.2468,-0.113353953702147
13530,3.24704,0.522442230089963
13531,3.24728,0.770410915221767
13532,3.24752,0.536443641025198
13533,3.24776,0.897917980892605
13534,3.248,0.756717391382876
13535,3.24824,0.38501673569451
13536,3.24848,1.31869486871618
13537,3.24872,0.673612659104395
13538,3.24896,0.759599679697212
13539,3.2492,1.30772177023735
13540,3.24944,1.13497595860728
13541,3.24968,1.43597101307854
13542,3.24992,1.24442731006661
13543,3.25016,1.1823462785299
13544,3.2504,1.35127695703948
13545,3.25064,1.63686114099084
13546,3.25088,1.56075169261964
13547,3.25112,1.48310180926763
13548,3.25136,1.39970802839465
13549,3.2516,2.04476069569686
13550,3.25184,1.60625829712731
13551,3.25208,1.5271174715597
13552,3.25232,2.17790170323593
13553,3.25256,1.98100194026233
13554,3.2528,2.27008886073128
13555,3.25304,1.9691531116962
13556,3.25328,2.38325187116415
13557,3.25352,2.20516815033212
13558,3.25376,2.27906837702372
13559,3.254,2.22747382919503
13560,3.25424,2.06843242275946
13561,3.25448,2.76434486456879
13562,3.25472,2.13058094241276
13563,3.25496,2.24101462854516
13564,3.2552,3.19615610665694
13565,3.25544,1.98788818289142
13566,3.25568,2.61475076146677
13567,3.25592,3.10781205923256
13568,3.25616,1.93925365452185
13569,3.2564,2.95643786616368
13570,3.25664,2.99937283048294
13571,3.25688,2.23982102220307
13572,3.25712,3.28838806742505
13573,3.25736,2.77177243141741
13574,3.2576,2.41743317953993
13575,3.25784,3.50445065378106
13576,3.25808,3.14754489142718
13577,3.25832,2.23550633463967
13578,3.25856,3.37681204958266
13579,3.2588,3.30702858239109
13580,3.25904,2.44371176081132
13581,3.25928,3.63276452072125
13582,3.25952,3.25947938351882
13583,3.25976,2.33470433969395
13584,3.26,3.5722436303654
13585,3.26024,2.90214279767625
13586,3.26048,2.51770450734786
13587,3.26072,2.99936398371392
13588,3.26096,3.59177212753418
13589,3.2612,2.28359445845198
13590,3.26144,3.06625321042727
13591,3.26168,3.48103109925057
13592,3.26192,2.61559265761541
13593,3.26216,3.33367512796261
13594,3.2624,3.68657219829058
13595,3.26264,2.27750221206351
13596,3.26288,2.9570486015335
13597,3.26312,3.74417345662793
13598,3.26336,2.27562108975118
13599,3.2636,2.78883315145638
13600,3.26384,3.65566109710967
13601,3.26408,2.02870987070305
13602,3.26432,2.96850138790657
13603,3.26456,3.29419287342709
13604,3.2648,2.23051759779817
13605,3.26504,3.23338244350424
13606,3.26528,2.67255881738243
13607,3.26552,2.41873728939257
13608,3.26576,3.48352844896555
13609,3.266,2.05264215704805
13610,3.26624,2.83312995807533
13611,3.26648,2.99632475753289
13612,3.26672,1.7761032437851
13613,3.26696,3.10047269835548
13614,3.2672,2.38087684031057
13615,3.26744,2.09350657595867
13616,3.26768,3.11753481688128
13617,3.26792,2.00471833481779
13618,3.26816,1.91674242037482
13619,3.2684,2.89343452839824
13620,3.26864,1.85409840835993
13621,3.26888,1.71940739587844
13622,3.26912,2.53169163338354
13623,3.26936,1.34018050102361
13624,3.2696,2.35217004935809
13625,3.26984,2.26214467566865
13626,3.27008,1.50252838755127
13627,3.27032,1.8679800149923
13628,3.27056,2.21013068059434
13629,3.2708,1.63396204056334
13630,3.27104,1.23206906745852
13631,3.27128,1.32071612665025
13632,3.27152,2.13275153862591
13633,3.27176,1.39153514821243
13634,3.272,0.963673427964864
13635,3.27224,1.14043100025673
13636,3.27248,2.03811761308025
13637,3.27272,0.456156678925137
13638,3.27296,0.708990826388998
13639,3.2732,1.5607442188147
13640,3.27344,0.514595435008361
13641,3.27368,1.05407887917215
13642,3.27392,0.751743518884437
13643,3.27416,0.257468944729699
13644,3.2744,0.854774312230361
13645,3.27464,0.487574471034054
13646,3.27488,-0.196068103417867
13647,3.27512,0.814461719101414
13648,3.27536,0.258555334151171
13649,3.2756,-0.250164842843337
13650,3.27584,0.804429386593293
13651,3.27608,0.0612231252058704
13652,3.27632,-0.285115332730606
13653,3.27656,0.566055841831969
13654,3.2768,-0.478561283832563
13655,3.27704,-0.191758534135089
13656,3.27728,0.0989819638221725
13657,3.27752,-0.420048495633668
13658,3.27776,-0.458151685574443
13659,3.278,-0.130796036367826
13660,3.27824,-0.858670577472014
13661,3.27848,-0.380556951448881
13662,3.27872,-0.500035329661159
13663,3.27896,-0.961866510569282
13664,3.2792,-0.701901643864184
13665,3.27944,-1.15298673070312
13666,3.27968,-0.864767081489227
13667,3.27992,-0.824892704485095
13668,3.28016,-1.2554741566423
13669,3.2804,-0.950694299934438
13670,3.28064,-1.01564544920861
13671,3.28088,-1.43267611157227
13672,3.28112,-1.11488129811352
13673,3.28136,-1.64239596910057
13674,3.2816,-1.32726180009811
13675,3.28184,-1.73406969165656
13676,3.28208,-1.41610630593791
13677,3.28232,-1.82114686376769
13678,3.28256,-1.86388930119482
13679,3.2828,-1.66573503164405
13680,3.28304,-1.46759117792085
13681,3.28328,-2.11806321791902
13682,3.28352,-1.68178730619113
13683,3.28376,-2.09249629965209
13684,3.284,-2.03124096033793
13685,3.28424,-2.0858215352029
13686,3.28448,-2.39099021698714
13687,3.28472,-2.10587466431639
13688,3.28496,-2.2946972014353
13689,3.2852,-2.2589127444257
13690,3.28544,-2.71423860361191
13691,3.28568,-2.08423149606102
13692,3.28592,-2.44185646599824
13693,3.28616,-3.03493976077155
13694,3.2864,-1.9560274613638
13695,3.28664,-2.82643472848522
13696,3.28688,-2.96017222421842
13697,3.28712,-2.16264354932904
13698,3.28736,-3.17970268838998
13699,3.2876,-2.86639657510462
13700,3.28784,-2.71218137322256
13701,3.28808,-2.92127106004393
13702,3.28832,-2.53484030111943
13703,3.28856,-3.14709382114849
13704,3.2888,-3.38589861423891
13705,3.28904,-2.21302870051481
13706,3.28928,-3.11304452275747
13707,3.28952,-3.15639562456939
13708,3.28976,-2.16400697125175
13709,3.29,-3.58046007586508
13710,3.29024,-3.19231133609616
13711,3.29048,-2.73635223925342
13712,3.29072,-3.71538019656309
13713,3.29096,-2.66784379993181
13714,3.2912,-2.8725100527639
13715,3.29144,-3.30393471108408
13716,3.29168,-2.33944049001672
13717,3.29192,-2.85403357039682
13718,3.29216,-3.36571918232147
13719,3.2924,-3.63762702355449
13720,3.29264,-2.27054455007997
13721,3.29288,-2.87244258790872
13722,3.29312,-3.46853775155296
13723,3.29336,-2.74778432541755
13724,3.2936,-2.45788392997623
13725,3.29384,-3.13760789092842
13726,3.29408,-3.20725121820104
13727,3.29432,-2.25560723037925
13728,3.29456,-3.01130228106796
13729,3.2948,-3.39389725515239
13730,3.29504,-2.024904287099
13731,3.29528,-2.97568615491551
13732,3.29552,-3.43260214213618
13733,3.29576,-1.89186926202211
13734,3.296,-3.03414774531263
13735,3.29624,-3.20168331841033
13736,3.29648,-1.98316570757824
13737,3.29672,-3.19159330184464
13738,3.29696,-2.5947484145806
13739,3.2972,-2.18867072611286
13740,3.29744,-3.21821269259161
13741,3.29768,-1.99182957592578
13742,3.29792,-2.62116481718904
13743,3.29816,-2.74787877388856
13744,3.2984,-1.61225694105442
13745,3.29864,-3.02070886182505
13746,3.29888,-2.0292047332471
13747,3.29912,-1.9480398507143
13748,3.29936,-2.69126552171676
13749,3.2996,-1.66948815222719
13750,3.29984,-2.37497122112158
13751,3.30008,-2.2253117453763
13752,3.30032,-1.0535081166903
13753,3.30056,-2.54955697354854
13754,3.3008,-1.9935213350642
13755,3.30104,-1.13744245498576
13756,3.30128,-2.11160317093559
13757,3.30152,-1.98324412964784
13758,3.30176,-1.54341569554479
13759,3.302,-1.15316991329918
13760,3.30224,-1.25155969543669
13761,3.30248,-2.07277629975001
13762,3.30272,-1.58031002070263
13763,3.30296,-1.15285465065567
13764,3.3032,-1.21129779098532
13765,3.30344,-1.99526589365069
13766,3.30368,-0.172835345710131
13767,3.30392,-1.15157544068761
13768,3.30416,-1.27759835349944
13769,3.3044,-0.110465937433115
13770,3.30464,-0.909195684884837
13771,3.30488,-0.854787047399131
13772,3.30512,-0.241521719303048
13773,3.30536,-0.724008566286551
13774,3.3056,-0.486048493790923
13775,3.30584,-0.412554405599713
13776,3.30608,-0.579646241816268
13777,3.30632,0.0805151323976399
13778,3.30656,-0.376807763951325
13779,3.3068,-0.221963187076124
13780,3.30704,0.256348786887494
13781,3.30728,-0.354223063513905
13782,3.30752,0.235693374116147
13783,3.30776,0.305895260261526
13784,3.308,-0.337652613664301
13785,3.30824,0.683564256033941
13786,3.30848,0.480922220554983
13787,3.30872,-0.0790376537378517
13788,3.30896,0.906409937125642
13789,3.3092,0.188759661336609
13790,3.30944,0.199106809965271
13791,3.30968,1.14848408631196
13792,3.30992,0.889000677728112
13793,3.31016,0.990340269590986
13794,3.3104,0.947401288234285
13795,3.31064,0.673902856236936
13796,3.31088,1.22914719838066
13797,3.31112,1.04757933334435
13798,3.31136,0.996742897743958
13799,3.3116,1.29150737814852
13800,3.31184,1.2197459785714
13801,3.31208,0.913940737256316
13802,3.31232,1.92259509449726
13803,3.31256,1.24846417758826
13804,3.3128,1.77363815768483
13805,3.31304,1.57116275441232
13806,3.31328,1.85337088874085
13807,3.31352,1.89595874916325
13808,3.31376,1.69783314205124
13809,3.314,1.49989113550595
13810,3.31424,2.15072709236468
13811,3.31448,2.07439861147087
13812,3.31472,1.76901092245077
13813,3.31496,2.19026628685168
13814,3.3152,2.24454581910541
13815,3.31544,2.43411385678808
13816,3.31568,2.1501257117817
13817,3.31592,2.22142332634384
13818,3.31616,2.55337699556311
13819,3.3164,2.52737430659186
13820,3.31664,2.26032736220451
13821,3.31688,2.62064637692656
13822,3.31712,2.61509771840264
13823,3.31736,2.2603764600373
13824,3.3176,3.00895372874163
13825,3.31784,2.42766240687635
13826,3.31808,2.59972999397743
13827,3.31832,3.373362943437
13828,3.31856,2.34894349534242
13829,3.3188,2.92602592659188
13830,3.31904,3.25068646469918
13831,3.31928,2.86166840540673
13832,3.31952,2.39299171921718
13833,3.31976,3.13533184468869
13834,3.32,2.91256371271832
13835,3.32024,3.33366691979247
13836,3.32048,3.01971489098969
13837,3.32072,2.73792358008912
13838,3.32096,3.57326059188564
13839,3.3212,3.18746583615913
13840,3.32144,2.83877773731446
13841,3.32168,2.891655270229
13842,3.32192,3.90024081468801
13843,3.32216,2.87918272892854
13844,3.3224,2.50577927841293
13845,3.32264,2.88225189191512
13846,3.32288,3.49359412092413
13847,3.32312,2.55396446333175
13848,3.32336,2.75785566587882
13849,3.3236,3.43889285497876
13850,3.32384,3.27903874714819
13851,3.32408,2.4585575162757
13852,3.32432,3.33847012987347
13853,3.32456,2.65155181240979
13854,3.3248,2.74878442037813
13855,3.32504,3.68065275475923
13856,3.32528,2.57946296848121
13857,3.32552,2.39287181275602
13858,3.32576,3.28857650999466
13859,3.326,2.74083374306364
13860,3.32624,2.37895553429822
13861,3.32648,3.46236910204178
13862,3.32672,2.51061235998069
13863,3.32696,2.70684064095548
13864,3.3272,3.12706868850521
13865,3.32744,2.03474379824609
13866,3.32768,3.13353108708959
13867,3.32792,2.42684946932795
13868,3.32816,2.50480509125103
13869,3.3284,3.17442146855521
13870,3.32864,1.83927522748797
13871,3.32888,2.71492281559112
13872,3.32912,2.73361539916041
13873,3.32936,1.72583183836153
13874,3.3296,2.43113273106958
13875,3.32984,2.88457812410428
13876,3.33008,1.93567288426916
13877,3.33032,1.88995897093873
13878,3.33056,2.66556906702571
13879,3.3308,1.67456003977879
13880,3.33104,1.81792520261864
13881,3.33128,2.54396065607709
13882,3.33152,1.62545514580303
13883,3.33176,2.07495185743802
13884,3.332,2.2685249414303
13885,3.33224,1.4260329187914
13886,3.33248,2.06594134850875
13887,3.33272,1.37427492400224
13888,3.33296,0.991716173515118
13889,3.3332,1.81726215608688
13890,3.33344,1.91786346221909
13891,3.33368,0.958548471952912
13892,3.33392,0.897978735578673
13893,3.33416,2.03590738453454
13894,3.3344,0.913240624154674
13895,3.33464,0.681648370106892
13896,3.33488,1.52986295065638
13897,3.33512,0.93591164149904
13898,3.33536,0.518333692423584
13899,3.3356,1.18271610432356
13900,3.33584,0.783342334632852
13901,3.33608,0.663915296898118
13902,3.33632,0.897625194951539
13903,3.33656,-0.0518557851224051
13904,3.3368,0.603663608350319
13905,3.33704,0.76723814653039
13906,3.33728,-0.35943922868966
13907,3.33752,0.69805329919882
13908,3.33776,0.188826273556902
13909,3.338,-0.401576482457613
13910,3.33824,0.689523165435663
13911,3.33848,-0.248997008307895
13912,3.33872,-0.436949288996308
13913,3.33896,-0.0299263361100353
13914,3.3392,-0.197430014403876
13915,3.33944,-0.234070625524407
13916,3.33968,-0.632603794753822
13917,3.33992,-0.760923917668107
13918,3.34016,-0.524970535336208
13919,3.3404,-0.651249452613678
13920,3.34064,-0.636260440196624
13921,3.34088,-0.734379895617542
13922,3.34112,-0.954332378855242
13923,3.34136,-1.14917964556735
13924,3.3416,-0.988762577667468
13925,3.34184,-0.939834487960832
13926,3.34208,-1.60320903089869
13927,3.34232,-1.30198209238024
13928,3.34256,-1.11769261965358
13929,3.3428,-1.5278055479926
13930,3.34304,-1.45203640273346
13931,3.34328,-1.50137345322098
13932,3.34352,-1.54639713592267
13933,3.34376,-1.34885917633348
13934,3.344,-1.62883173681602
13935,3.34424,-1.79516357526586
13936,3.34448,-2.19573500069702
13937,3.34472,-1.8744081110369
13938,3.34496,-1.8034421805611
13939,3.3452,-2.08933123208663
13940,3.34544,-1.89502362274257
13941,3.34568,-2.31674864360847
13942,3.34592,-2.0121522813593
13943,3.34616,-1.83129035380956
13944,3.3464,-2.38975761308461
13945,3.34664,-2.69672541838498
13946,3.34688,-2.29570142469903
13947,3.34712,-2.27426863747009
13948,3.34736,-2.48144971912119
13949,3.3476,-2.34654964224639
13950,3.34784,-2.34753257609026
13951,3.34808,-2.46100651598617
13952,3.34832,-2.72317093458496
13953,3.34856,-2.7463265075862
13954,3.3488,-2.41138228943084
13955,3.34904,-3.06919092617854
13956,3.34928,-2.99487967132101
13957,3.34952,-2.10297449971655
13958,3.34976,-2.92309186546788
13959,3.35,-3.47928881265505
13960,3.35024,-2.26429819045699
13961,3.35048,-3.00904671386074
13962,3.35072,-3.48952988260919
13963,3.35096,-2.44218314408722
13964,3.3512,-2.76039089863475
13965,3.35144,-3.54147377406867
13966,3.35168,-3.0148849153514
13967,3.35192,-2.42331816106949
13968,3.35216,-3.6220241257775
13969,3.3524,-3.02226673190646
13970,3.35264,-2.47523774134579
13971,3.35288,-3.52149532046938
13972,3.35312,-3.46257251069349
13973,3.35336,-2.49257588197575
13974,3.3536,-2.99275901565703
13975,3.35384,-3.48971989597608
13976,3.35408,-3.26941334331213
13977,3.35432,-2.38970583964334
13978,3.35456,-3.09687648420246
13979,3.3548,-3.67508116300752
13980,3.35504,-2.35951626197145
13981,3.35528,-2.66504164986101
13982,3.35552,-3.32504135190682
13983,3.35576,-2.78943259781199
13984,3.356,-2.55956343581279
13985,3.35624,-3.52637045203052
13986,3.35648,-2.46395514977532
13987,3.35672,-2.78801963007086
13988,3.35696,-3.69714285335346
13989,3.3572,-2.11273863767898
13990,3.35744,-2.86801313476071
13991,3.35768,-3.12783459700606
13992,3.35792,-2.11748433109863
13993,3.35816,-3.17440776521053
13994,3.3584,-2.42719148190619
13995,3.35864,-2.46639215705802
13996,3.35888,-3.33863639004506
13997,3.35912,-1.95772295852837
13998,3.35936,-2.78929433550251
13999,3.3596,-2.76511407348459
14000,3.35984,-1.71801928173587
14001,3.36008,-2.86055121729976
14002,3.36032,-2.19388659440172
14003,3.36056,-2.07257326072294
14004,3.3608,-2.90366747925683
14005,3.36104,-1.84930972740708
14006,3.36128,-2.0484204724969
14007,3.36152,-2.70954469879846
14008,3.36176,-1.84579281374682
14009,3.362,-1.99356398935187
14010,3.36224,-2.48563237425763
14011,3.36248,-1.81421049741548
14012,3.36272,-1.43427935995832
14013,3.36296,-2.49099385646192
14014,3.3632,-1.76220067365164
14015,3.36344,-1.08667239291141
14016,3.36368,-1.29596513131905
14017,3.36392,-1.26594836189978
14018,3.36416,-2.20151249343521
14019,3.3644,-1.58020470303234
14020,3.36464,-1.14415574672072
14021,3.36488,-1.19635053863064
14022,3.36512,-1.85148191418651
14023,3.36536,-0.753963090361118
14024,3.3656,-1.34873236655825
14025,3.36584,-0.627164039042201
14026,3.36608,-0.442045066721715
14027,3.36632,-1.45582372012334
14028,3.36656,-0.672890152364977
14029,3.3668,-0.0687252044684294
14030,3.36704,-1.02545525050218
14031,3.36728,-0.536238826116735
14032,3.36752,0.14477206933052
14033,3.36776,-0.983375479459658
14034,3.368,-0.308512469161909
14035,3.36824,0.201526687268524
14036,3.36848,-0.850089930532338
14037,3.36872,0.124885134236595
14038,3.36896,0.229993031298415
14039,3.3692,-0.38303143129224
14040,3.36944,0.418809088251768
14041,3.36968,0.137630608008676
14042,3.36992,0.197667427679578
14043,3.37016,0.359983959859991
14044,3.3704,0.0429736323240282
14045,3.37064,0.426348556458856
14046,3.37088,0.675170107195851
14047,3.37112,0.809411953796461
14048,3.37136,0.559761621074457
14049,3.3716,0.780839522528452
14050,3.37184,1.00467689367106
14051,3.37208,0.73122642431316
14052,3.37232,0.927743637954918
14053,3.37256,0.889603255244819
14054,3.3728,1.317180934054
14055,3.37304,1.01335078277963
14056,3.37328,1.19537492070869
14057,3.37352,1.49018421508799
14058,3.37376,1.17530633728056
14059,3.374,1.34227398088102
14060,3.37424,1.74871426271784
14061,3.37448,1.43465832873995
14062,3.37472,1.35793538716235
14063,3.37496,1.6443411164896
14064,3.3752,1.80666170318203
14065,3.37544,1.60654068228973
14066,3.37568,1.53022033098591
14067,3.37592,2.17999720914093
14068,3.37616,1.86386541056742
14069,3.3764,2.03523529483223
14070,3.37664,1.97436536165042
14071,3.37688,2.15024065308471
14072,3.37712,2.09005038456396
14073,3.37736,2.04769249955611
14074,3.3776,2.35882381341186
14075,3.37784,2.20347203443794
14076,3.37808,2.66166616716595
14077,3.37832,2.27085575761734
14078,3.37856,2.38293595708563
14079,3.3788,3.09968229399158
14080,3.37904,2.13458042574788
14081,3.37928,2.76371609558365
14082,3.37952,3.01946468741677
14083,3.37976,1.98005154827815
14084,3.38,3.00104325478446
14085,3.38024,2.81008262457311
14086,3.38048,2.4179319162603
14087,3.38072,2.97802932558525
14088,3.38096,2.59864878861187
14089,3.3812,2.84766421021824
14090,3.38144,2.96264258116802
14091,3.38168,2.63396791307827
14092,3.38192,3.53014781275969
14093,3.38216,2.97017323276225
14094,3.3824,2.689107049438
14095,3.38264,3.52356788324651
14096,3.38288,3.25576258045511
14097,3.38312,2.67706885459775
14098,3.38336,3.78313833867812
14099,3.3836,2.73292366750966
14100,3.38384,2.93500913372957
14101,3.38408,3.3639507945784
14102,3.38432,2.27896880007264
14103,3.38456,2.79340818989634
14104,3.3848,3.42673093469912
14105,3.38504,2.9751576001548
14106,3.38528,2.47096481681119
14107,3.38552,3.17775461056041
14108,3.38576,3.76198900945569
14109,3.386,2.33609623656162
14110,3.38624,2.99858493222375
14111,3.38648,3.88779894586199
14112,3.38672,2.28669064209804
14113,3.38696,2.55274895250607
14114,3.3872,3.41127122459683
14115,3.38744,2.59336678651866
14116,3.38768,2.44391751855156
14117,3.38792,3.49347907290409
14118,3.38816,2.62762120142579
14119,3.3884,2.55227730068027
14120,3.38864,3.55174698848924
14121,3.38888,2.28283164782717
14122,3.38912,2.6423990861217
14123,3.38936,3.10422065821036
14124,3.3896,1.93234932299628
14125,3.38984,3.07526581924671
14126,3.39008,2.4098656420004
14127,3.39032,2.52723961066145
14128,3.39056,2.99534912623549
14129,3.3908,1.94597487973991
14130,3.39104,2.26589258260722
14131,3.39128,2.93014058591854
14132,3.39152,1.94949770807893
14133,3.39176,2.10775362228388
14134,3.392,2.96712876139919
14135,3.39224,1.93518639571029
14136,3.39248,1.56630887294322
14137,3.39272,2.7553248008832
14138,3.39296,2.14763421451152
14139,3.3932,1.36201592160819
14140,3.39344,2.62815481625006
14141,3.39368,1.7422585222349
14142,3.39392,1.03171275637303
14143,3.39416,2.37377982842258
14144,3.3944,1.91810600166006
14145,3.39464,1.16327069697124
14146,3.39488,1.26615955154361
14147,3.39512,2.09265102925405
14148,3.39536,1.72067100919294
14149,3.3956,1.17098571727579
14150,3.39584,1.23238633700284
14151,3.39608,1.8954371820873
14152,3.39632,0.312408520869069
14153,3.39656,1.63666643789582
14154,3.3968,0.798007154708666
14155,3.39704,0.377809517251774
14156,3.39728,1.39928893357065
14157,3.39752,0.861052571897974
14158,3.39776,0.0189499362251151
14159,3.398,1.10349938470081
14160,3.39824,0.619582577231991
14161,3.39848,-0.17366130701239
14162,3.39872,0.72015758442655
14163,3.39896,0.0528340596634711
14164,3.3992,0.149023526614959
14165,3.39944,0.596874785879064
14166,3.39968,-0.490081297747606
14167,3.39992,-0.112790978794719
14168,3.40016,0.261644151341765
14169,3.4004,-0.414680357483723
14170,3.40064,-0.0101535963847568
14171,3.40088,-0.305357719323535
14172,3.40112,-0.463180951330882
14173,3.40136,-0.62573303429727
14174,3.4016,-0.401724215403846
14175,3.40184,-0.41176734027553
14176,3.40208,-0.90115692184759
14177,3.40232,-0.764550957294011
14178,3.40256,-0.866976264768851
14179,3.4028,-0.484095023074674
14180,3.40304,-1.16742359748561
14181,3.40328,-1.1277999076534
14182,3.40352,-0.841137022290475
14183,3.40376,-1.50613427736699
14184,3.404,-1.20593025291634
14185,3.40424,-1.02628228036309
14186,3.40448,-1.55620754875485
14187,3.40472,-1.60907571003405
14188,3.40496,-1.29480554845374
14189,3.4052,-1.81726040631406
14190,3.40544,-1.26353552336356
14191,3.40568,-1.90669991248147
14192,3.40592,-1.46562397663891
14193,3.40616,-1.98846996022934
14194,3.4064,-1.67521043933114
14195,3.40664,-2.31871563682588
14196,3.40688,-1.99929264987178
14197,3.40712,-1.93560773613222
14198,3.40736,-2.46854818860779
14199,3.4076,-2.15780886042456
14200,3.40784,-1.98900619678117
14201,3.40808,-2.65537801693923
14202,3.40832,-2.35763994571987
14203,3.40856,-2.08421759276173
14204,3.4088,-2.64988917800996
14205,3.40904,-2.25638768677931
14206,3.40928,-2.24645658383674
14207,3.40952,-2.58962417830524
14208,3.40976,-2.59169273551166
14209,3.41,-2.60463191678525
14210,3.41024,-2.37533490445622
14211,3.41048,-2.77790518766358
14212,3.41072,-3.29274255624193
14213,3.41096,-2.14013255479234
14214,3.4112,-2.93923053763716
14215,3.41144,-3.36906153147622
14216,3.41168,-2.25630061464572
14217,3.41192,-2.7449065053902
14218,3.41216,-3.09626818461894
14219,3.4124,-2.15807480781058
14220,3.41264,-3.28024516534668
14221,3.41288,-3.19041271933229
14222,3.41312,-2.1807322803011
14223,3.41336,-3.47704205905325
14224,3.4136,-3.07821139580622
14225,3.41384,-2.71882518764427
14226,3.41408,-3.70746664127385
14227,3.41432,-3.00057585428057
14228,3.41456,-2.46553517663725
14229,3.4148,-3.75412997989186
14230,3.41504,-2.99275165351057
14231,3.41528,-2.76804095369543
14232,3.41552,-3.3853498644776
14233,3.41576,-3.2821353871146
14234,3.416,-2.39455204531429
14235,3.41624,-2.97554709796309
14236,3.41648,-3.66844535310101
14237,3.41672,-2.45664213276823
14238,3.41696,-2.51679500304868
14239,3.4172,-3.29368488049748
14240,3.41744,-3.10857342276479
14241,3.41768,-2.38517326383617
14242,3.41792,-3.23585775225116
14243,3.41816,-3.11799322301882
14244,3.4184,-2.34060587232144
14245,3.41864,-3.14597868649232
14246,3.41888,-2.97923678932656
14247,3.41912,-2.39759752377837
14248,3.41936,-3.2697973802253
14249,3.4196,-2.46638551381851
14250,3.41984,-2.68503769903347
14251,3.42008,-3.25233283784159
14252,3.42032,-1.8231384500635
14253,3.42056,-3.06884718370259
14254,3.4208,-2.74288699582966
14255,3.42104,-2.12359595350876
14256,3.42128,-3.18702235350083
14257,3.42152,-1.99297391838498
14258,3.42176,-2.53547366874599
14259,3.422,-2.46056806576963
14260,3.42224,-1.60689835757842
14261,3.42248,-2.68736600785002
14262,3.42272,-2.32537167023952
14263,3.42296,-1.42283089236717
14264,3.4232,-2.58851125320373
14265,3.42344,-2.42209241452154
14266,3.42368,-1.22830141546632
14267,3.42392,-2.23814327799534
14268,3.42416,-2.38225490719451
14269,3.4244,-1.61144443992337
14270,3.42464,-1.96535657915605
14271,3.42488,-2.06429002691464
14272,3.42512,-1.36762455765753
14273,3.42536,-1.32001494283991
14274,3.4256,-1.39827328408704
14275,3.42584,-2.20044298807688
14276,3.42608,-1.57065432596343
14277,3.42632,-1.01238762025077
14278,3.42656,-1.29944048616168
14279,3.4268,-2.06524532476194
14280,3.42704,-0.595631306508494
14281,3.42728,-1.07199790960496
14282,3.42752,-1.3059164476871
14283,3.42776,-0.126814512876818
14284,3.428,-1.14973381724685
14285,3.42824,-1.20152144429813
14286,3.42848,-0.0903813127138495
14287,3.42872,-0.447336513370627
14288,3.42896,-1.15970922759238
14289,3.4292,-0.10886667527607
14290,3.42944,-0.394891717368783
14291,3.42968,-0.678199539935313
14292,3.42992,-0.0411768656035294
14293,3.43016,-0.249874406560288
14294,3.4304,-0.225438107719868
14295,3.43064,0.0036736692879018
14296,3.43088,-0.122377558733514
14297,3.43112,0.325816406490161
14298,3.43136,-0.079512081188658
14299,3.4316,0.475098594855382
14300,3.43184,0.636105435073359
14301,3.43208,0.0755546823787181
14302,3.43232,0.713865540334975
14303,3.43256,0.480687984212261
14304,3.4328,0.138354779335103
14305,3.43304,1.09848725538975
14306,3.43328,0.594229473838684
14307,3.43352,0.221658739884326
14308,3.43376,1.15886138049569
14309,3.434,0.752472538060394
14310,3.43424,0.838498101794806
14311,3.43448,1.26837481136975
14312,3.43472,1.32688303813939
14313,3.43496,1.27216664315851
14314,3.4352,1.32448746305849
14315,3.43544,1.37218389017108
14316,3.43568,1.30359747078359
14317,3.43592,1.34909108619371
14318,3.43616,1.39132833841968
14319,3.4364,2.03739737588731
14320,3.43664,1.35861144346954
14321,3.43688,1.76054934252273
14322,3.43712,1.80712722486301
14323,3.43736,2.08592018405996
14324,3.4376,1.76724768056709
14325,3.43784,2.30062561487329
14326,3.43808,1.74671284862845
14327,3.43832,1.68227960448684
14328,3.43856,2.34495102828804
14329,3.4388,2.39934577051946
14330,3.43904,2.35124056058422
14331,3.43928,2.07021090566271
14332,3.43952,2.26299746052608
14333,3.43976,2.47742212275323
14334,3.44,2.5754296197941
14335,3.44024,2.07090335885931
14336,3.44048,2.67586621102247
14337,3.44072,2.67148732895198
14338,3.44096,2.08299114516116
14339,3.4412,3.07705384038174
14340,3.44144,2.61709427934954
14341,3.44168,2.31305989136529
14342,3.44192,3.33658070567317
14343,3.44216,2.55223773164422
14344,3.4424,2.65398761623337
14345,3.44264,3.34506215849327
14346,3.44288,2.84625629071762
14347,3.44312,2.74685882944655
14348,3.44336,3.48133273491306
14349,3.4436,3.02526559919626
14350,3.44384,2.13754936198776
14351,3.44408,3.53167560125751
14352,3.44432,3.00280100656642
14353,3.44456,2.04489537918837
14354,3.4448,3.73625418701027
14355,3.44504,3.1349390548351
14356,3.44528,2.10663019135779
14357,3.44552,3.85150853476901
14358,3.44576,2.83944250285355
14359,3.446,2.4756054985096
14360,3.44624,2.86046215597341
14361,3.44648,3.47991344008412
14362,3.44672,3.74096208827107
14363,3.44696,2.36258941449775
14364,3.4472,2.95568520481757
14365,3.44744,3.65673974685491
14366,3.44768,2.45279911130069
14367,3.44792,2.52053203508495
14368,3.44816,3.3047262847184
14369,3.4484,3.36505453113298
14370,3.44864,2.15568684435882
14371,3.44888,3.02565939231157
14372,3.44912,3.39950796714295
14373,3.44936,2.26209037720515
14374,3.4496,3.07657872607811
14375,3.44984,3.1600280567041
14376,3.45008,1.97791457283101
14377,3.45032,2.99379671377005
14378,3.45056,2.91171807852333
14379,3.4508,2.17249546421696
14380,3.45104,3.25085835678892
14381,3.45128,2.64304946160335
14382,3.45152,2.46056796189553
14383,3.45176,3.3538915676089
14384,3.452,1.99770706436163
14385,3.45224,2.61770456440803
14386,3.45248,2.85861807265836
14387,3.45272,1.71237419697644
14388,3.45296,2.87772120043937
14389,3.4532,2.23622226979837
14390,3.45344,1.66301275245275
14391,3.45368,2.77125123460308
14392,3.45392,2.20197665908829
14393,3.45416,1.33487387573348
14394,3.4544,2.76359133461689
14395,3.45464,1.80390691606687
14396,3.45488,2.09414414425217
14397,3.45512,2.01077058694242
14398,3.45536,1.26353339713704
14399,3.4556,2.22508633923354
14400,3.45584,2.0860474987778
14401,3.45608,1.51418099274075
14402,3.45632,1.23808819329993
14403,3.45656,1.21052086035869
14404,3.4568,2.26829599147154
14405,3.45704,0.473117138578408
14406,3.45728,1.59324632635912
14407,3.45752,1.74739477516391
14408,3.45776,0.604137193898465
14409,3.458,0.71795942192209
14410,3.45824,1.66934877240926
14411,3.45848,0.941234318831448
14412,3.45872,0.27746506044933
14413,3.45896,1.2947868948382
14414,3.4592,0.74749486512307
14415,3.45944,0.255031881229567
14416,3.45968,1.32438049681018
14417,3.45992,0.480002693828272
14418,3.46016,0.282846181567689
14419,3.4604,0.92097078431755
14420,3.46064,0.259979745744344
14421,3.46088,0.224024758524028
14422,3.46112,0.184327472081314
14423,3.46136,0.059979795243821
14424,3.4616,0.302990675640306
14425,3.46184,-0.407469580905345
14426,3.46208,0.117954133993476
14427,3.46232,0.151431736124007
14428,3.46256,-0.868019697017162
14429,3.4628,-0.427297143684167
14430,3.46304,-0.111385146013884
14431,3.46328,-0.85474828545636
14432,3.46352,-0.143226228390355
14433,3.46376,-0.395915869709765
14434,3.464,-1.10594745741406
14435,3.46424,-0.852471732949598
14436,3.46448,-0.592607935246677
14437,3.46472,-1.27872400918346
14438,3.46496,-1.00284219440659
14439,3.4652,-1.31808100565096
14440,3.46544,-1.02135680091249
14441,3.46568,-1.09152851094696
14442,3.46592,-1.26492543442273
14443,3.46616,-1.07597590670928
14444,3.4664,-1.25439245760544
14445,3.46664,-1.77436314860421
14446,3.46688,-1.45803018853442
14447,3.46712,-1.86033487492003
14448,3.46736,-1.3022888168868
14449,3.4676,-1.94442447246078
14450,3.46784,-1.62861584844566
14451,3.46808,-2.2733109179909
14452,3.46832,-1.9511025968125
14453,3.46856,-1.51988223929902
14454,3.4688,-2.17341577842397
14455,3.46904,-2.10002184416595
14456,3.46928,-1.678910022279
14457,3.46952,-2.34409987335419
14458,3.46976,-2.40108376274954
14459,3.47,-2.35563121829466
14460,3.47024,-2.3169693595986
14461,3.47048,-2.39103626206101
14462,3.47072,-2.48844589481097
14463,3.47096,-2.70821067727965
14464,3.4712,-2.32721021516243
14465,3.47144,-2.4536359110106
14466,3.47168,-2.57350884556983
14467,3.47192,-2.47277686101963
14468,3.47216,-2.86581086893993
14469,3.4724,-2.53188451248612
14470,3.47264,-2.83090800825409
14471,3.47288,-3.00774536147934
14472,3.47312,-2.2390728719485
14473,3.47336,-2.94558706290531
14474,3.4736,-3.52361305288251
14475,3.47384,-2.43224068599379
14476,3.47408,-2.7068895419212
14477,3.47432,-3.44876225724354
14478,3.47456,-2.99990669175502
14479,3.4748,-2.47907305636837
14480,3.47504,-3.14893049839522
14481,3.47528,-2.76150695277585
14482,3.47552,-3.61260394521983
14483,3.47576,-3.1159767093798
14484,3.476,-2.90154520973861
14485,3.47624,-3.68613242378601
14486,3.47648,-3.4878102795713
14487,3.47672,-2.49830240671453
14488,3.47696,-2.63406180986654
14489,3.4772,-3.13625945271944
14490,3.47744,-3.63603331880138
14491,3.47768,-2.35426693588121
14492,3.47792,-2.81310246977512
14493,3.47816,-3.5067027801639
14494,3.4784,-2.99808351033925
14495,3.47864,-2.677790327418
14496,3.47888,-3.44374142989493
14497,3.47912,-2.88539078350007
14498,3.47936,-2.39783339515062
14499,3.4796,-3.47954552405511
14500,3.47984,-2.75153644205505
14501,3.48008,-2.45659687205863
14502,3.48032,-3.3687479505891
14503,3.48056,-2.71376056603759
14504,3.4808,-2.13037112059346
14505,3.48104,-3.24142178165997
14506,3.48128,-2.782433867547
14507,3.48152,-2.27543100924397
14508,3.48176,-3.44856685535666
14509,3.482,-2.35053575992919
14510,3.48224,-2.63909144209666
14511,3.48248,-3.14723018402879
14512,3.48272,-1.90016304173703
14513,3.48296,-2.97588512972009
14514,3.4832,-2.35989111057725
14515,3.48344,-2.17050551556118
14516,3.48368,-2.93802897232563
14517,3.48392,-1.699097893075
14518,3.48416,-2.66478327638227
14519,3.4844,-2.65557349481581
14520,3.48464,-1.731643345422
14521,3.48488,-2.1785785345255
14522,3.48512,-2.71980500984356
14523,3.48536,-1.74273048993918
14524,3.4856,-1.78193599626335
14525,3.48584,-2.52739576813551
14526,3.48608,-1.74148386414265
14527,3.48632,-1.48888423189542
14528,3.48656,-2.54493407778619
14529,3.4868,-1.82027282709331
14530,3.48704,-1.26920139051665
14531,3.48728,-0.996593413093856
14532,3.48752,-1.93083480604736
14533,3.48776,-1.89942476075354
14534,3.488,-1.05261139071041
14535,3.48824,-0.873627847791051
14536,3.48848,-1.41727247217527
14537,3.48872,-1.47744279519694
14538,3.48896,-0.752680717736812
14539,3.4892,-0.994597831101028
14540,3.48944,-1.83793306466705
14541,3.48968,-0.682020500256112
14542,3.48992,-0.74909703448577
14543,3.49016,-1.17603002797802
14544,3.4904,-0.56341704595424
14545,3.49064,-0.681913493448505
14546,3.49088,-0.204149328072342
14547,3.49112,-0.133598321474267
14548,3.49136,-0.78315761820992
14549,3.4916,-0.000242877266814601
14550,3.49184,-0.215523245425295
14551,3.49208,-0.78427841378727
14552,3.49232,0.300310617784044
14553,3.49256,0.043173845907255
14554,3.4928,-0.330089412673049
14555,3.49304,0.34699038757994
14556,3.49328,0.0595693529384422
14557,3.49352,0.0002380863469571
14558,3.49376,0.395639920612044
14559,3.494,0.430309649642663
14560,3.49424,0.341656220688596
14561,3.49448,0.826200218545696
14562,3.49472,0.705891036364761
14563,3.49496,0.463572804658452
14564,3.4952,0.921669193656359
14565,3.49544,0.775053178307121
14566,3.49568,1.22790531088034
14567,3.49592,0.941242796859766
14568,3.49616,1.13443485191691
14569,3.4964,1.32580349930539
14570,3.49664,1.26390667204471
14571,3.49688,1.55498966736346
14572,3.49712,1.38155976251526
14573,3.49736,1.42644645496142
14574,3.4976,1.34944964989977
14575,3.49784,1.75492014138583
14576,3.49808,1.43665922365318
14577,3.49832,1.59695141776182
14578,3.49856,1.87761033837108
14579,3.4988,1.91908407929301
14580,3.49904,1.60007243739784
14581,3.49928,1.64335120564243
14582,3.49952,2.2948234755718
14583,3.49976,1.73780561192109
14584,3.5,1.67273469675279
14585,3.50024,2.33336536125982
14586,3.50048,2.26672477819494
14587,3.50072,1.97402330479607
14588,3.50096,2.53259763473268
14589,3.5012,2.36241180256354
14590,3.50144,1.97722919127295
14591,3.50168,2.79155715433588
14592,3.50192,2.40498091545751
14593,3.50216,2.40519364072874
14594,3.5024,2.63448482385857
14595,3.50264,2.52931618483117
14596,3.50288,2.79225129562826
14597,3.50312,2.57139345893812
14598,3.50336,2.86331207238246
14599,3.5036,2.78951772259819
14600,3.50384,2.49214014209562
14601,3.50408,3.1850791499725
14602,3.50432,2.66570957966578
14603,3.50456,2.7824916622129
14604,3.5048,3.62437756112807
14605,3.50504,2.42991110669902
14606,3.50528,2.7241225611348
14607,3.50552,3.60117111839258
14608,3.50576,2.81316084276634
14609,3.506,2.3132894107966
14610,3.50624,3.49243484648833
14611,3.50648,3.11417128829203
14612,3.50672,3.26305265352293
14613,3.50696,3.15824527448521
14614,3.5072,2.9683537339561
14615,3.50744,2.22680049056721
14616,3.50768,3.28182484576787
14617,3.50792,2.44508590062126
14618,3.50816,2.84490335596864
14619,3.5084,3.47884797766855
14620,3.50864,3.63449548901222
14621,3.50888,2.39737617762988
14622,3.50912,2.8838488800037
14623,3.50936,3.60074175019482
14624,3.5096,2.64733165366418
14625,3.50984,2.72181412088401
14626,3.51008,3.51703753991943
14627,3.51032,2.86851817041222
14628,3.51056,2.40990594458124
14629,3.5108,3.16655420611779
14630,3.51104,2.95302226433754
14631,3.51128,2.32647215825891
14632,3.51152,3.15558855799799
14633,3.51176,2.77831836206401
14634,3.512,2.46605046504405
14635,3.51224,3.47699500692118
14636,3.51248,2.22129343349806
14637,3.51272,2.70783881278102
14638,3.51296,3.29908870654943
14639,3.5132,1.88907271419418
14640,3.51344,2.92466006791654
14641,3.51368,2.86511602462915
14642,3.51392,1.78318911214426
14643,3.51416,2.65447728645005
14644,3.5144,2.6751430238702
14645,3.51464,2.03169763410633
14646,3.51488,3.07562710244939
14647,3.51512,2.44845828240081
14648,3.51536,1.40147852779225
14649,3.5156,2.42369806611842
14650,3.51584,2.47029194462681
14651,3.51608,1.48917121804467
14652,3.51632,2.58246837643166
14653,3.51656,2.22220705068337
14654,3.5168,1.19987312848603
14655,3.51704,2.47918800008248
14656,3.51728,1.72364647654673
14657,3.51752,0.899771515483197
14658,3.51776,2.26183586188221
14659,3.518,1.32987396739006
14660,3.51824,0.949262534514104
14661,3.51848,1.77666653364241
14662,3.51872,1.8790404840162
14663,3.51896,0.921416949185199
14664,3.5192,0.862460302596645
14665,3.51944,1.76438564337377
14666,3.51968,1.22779433773387
14667,3.51992,0.633535760529502
14668,3.52016,1.48385103075538
14669,3.5204,0.654436948034616
14670,3.52064,0.488701078754791
14671,3.52088,0.916777889608807
14672,3.52112,0.389040011885556
14673,3.52136,0.389094240554338
14674,3.5216,0.990180077607419
14675,3.52184,0.158620631461558
14676,3.52208,0.332084426913724
14677,3.52232,0.857716104802724
14678,3.52256,-0.272906886796655
14679,3.5228,0.550563005473255
14680,3.52304,0.400229951932915
14681,3.52328,-0.554965778094386
14682,3.52352,0.542724497090338
14683,3.52376,-0.158842308097563
14684,3.524,-0.464520556949036
14685,3.52424,0.422087227673385
14686,3.52448,-0.590874874713313
14687,3.52472,-0.503764564991881
14688,3.52496,-0.061857993855343
14689,3.5252,-0.914050336195089
14690,3.52544,-0.568094327384712
14691,3.52568,-0.569886308873821
14692,3.52592,-1.27276949100464
14693,3.52616,-0.894364687429131
14694,3.5264,-0.993734861676313
14695,3.52664,-0.94907663846186
14696,3.52688,-0.910957016824984
14697,3.52712,-1.2242025040585
14698,3.52736,-1.1613048482563
14699,3.5276,-1.10658664949076
14700,3.52784,-1.40562668764387
14701,3.52808,-1.44969999043778
14702,3.52832,-1.25220264291019
14703,3.52856,-1.77909644534074
14704,3.5288,-1.46231281372808
14705,3.52904,-1.86817049796577
14706,3.52928,-1.67156685743389
14707,3.52952,-1.59373738021119
14708,3.52976,-1.63490388512582
14709,3.53,-1.91955038427822
14710,3.53024,-1.72223399485179
14711,3.53048,-1.64742574365081
14712,3.53072,-2.06376433104774
14713,3.53096,-2.35156954001973
14714,3.5312,-2.2913183899821
14715,3.53144,-2.00067619711577
14716,3.53168,-2.30286447429047
14717,3.53192,-2.13826306227308
14718,3.53216,-2.58693372983231
14719,3.5324,-2.30829882195276
14720,3.53264,-2.2882632107899
14721,3.53288,-2.99475494898726
14722,3.53312,-2.13570171610692
14723,3.53336,-2.38707558717639
14724,3.5336,-3.23882775972878
14725,3.53384,-2.05208871519916
14726,3.53408,-2.70134561561017
14727,3.53432,-3.21676707683365
14728,3.53456,-2.07051407713866
14729,3.5348,-2.99424031331199
14730,3.53504,-3.30736237744989
14731,3.53528,-2.20467115323653
14732,3.53552,-3.17128982574588
14733,3.53576,-3.04214019064437
14734,3.536,-2.11188353538354
14735,3.53624,-3.0033956913165
14736,3.53648,-2.92008055388569
14737,3.53672,-2.6354208550762
14738,3.53696,-3.46633275980886
14739,3.5372,-3.43110629338115
14740,3.53744,-2.11743530976499
14741,3.53768,-3.58483497842635
14742,3.53792,-3.12828428267172
14743,3.53816,-2.2465192000142
14744,3.5384,-3.52753329991001
14745,3.53864,-2.30849074694163
14746,3.53888,-2.81282093950854
14747,3.53912,-3.31954851040019
14748,3.53936,-2.74774357679054
14749,3.5396,-2.83513511404798
14750,3.53984,-3.28833324479645
14751,3.54008,-3.25511455260118
14752,3.54032,-2.32384102032976
14753,3.54056,-3.09954179686142
14754,3.5408,-3.49906295152663
14755,3.54104,-2.38385973134927
14756,3.54128,-3.10397036929086
14757,3.54152,-3.21207517996863
14758,3.54176,-2.17371942028243
14759,3.542,-2.97202117325826
14760,3.54224,-3.0345868599221
14761,3.54248,-2.43522805956429
14762,3.54272,-3.41059596872399
14763,3.54296,-2.34964762982897
14764,3.5432,-2.67290938069351
14765,3.54344,-3.34283573188911
14766,3.54368,-1.89090688276046
14767,3.54392,-2.99965535556994
14768,3.54416,-2.54353944167236
14769,3.5444,-2.27092945379466
14770,3.54464,-3.31294478522326
14771,3.54488,-2.09928235257677
14772,3.54512,-2.14840506085004
14773,3.54536,-3.14631434043506
14774,3.5456,-1.89280377199855
14775,3.54584,-2.37498997942267
14776,3.54608,-2.71765679327511
14777,3.54632,-1.6713764821578
14778,3.54656,-2.46467389976082
14779,3.5468,-2.51602392190868
14780,3.54704,-1.4239658167439
14781,3.54728,-2.4018589400418
14782,3.54752,-1.93540990364937
14783,3.54776,-1.40716837966502
14784,3.548,-2.67669581056945
14785,3.54824,-1.68463421860377
14786,3.54848,-0.994898018161337
14787,3.54872,-2.22294321620877
14788,3.54896,-0.845509755929896
14789,3.5492,-0.950871795844517
14790,3.54944,-1.77883076455817
14791,3.54968,-1.88262415440322
14792,3.54992,-0.577525068464872
14793,3.55016,-0.770879486085588
14794,3.5504,-1.80202899750334
14795,3.55064,-0.912605850198334
14796,3.55088,-0.684009370533195
14797,3.55112,-1.4103474299566
14798,3.55136,-0.586745278291027
14799,3.5516,-0.535099066128936
14800,3.55184,-1.56068132997188
14801,3.55208,-0.333970060753417
14802,3.55232,-0.339912498430635
14803,3.55256,-1.18008028463489
14804,3.5528,-0.129291935017566
14805,3.55304,-0.416615603762851
14806,3.55328,-0.58802730404398
14807,3.55352,-0.0761667944922344
14808,3.55376,-0.401406822401353
14809,3.554,-0.0330242445366704
14810,3.55424,-0.0424855769072554
14811,3.55448,0.0698162220252898
14812,3.55472,0.265645052622844
14813,3.55496,-0.0178446505879413
14814,3.5552,0.529994269321168
14815,3.55544,0.206191954247306
14816,3.55568,0.248591328033758
14817,3.55592,0.759833896113494
14818,3.55616,0.52250310014284
14819,3.5564,0.176358675655705
14820,3.55664,0.896010608684332
14821,3.55688,0.62899038318387
14822,3.55712,0.61515214523374
14823,3.55736,0.942925220607226
14824,3.5576,1.02201625593334
14825,3.55784,1.34220510078459
14826,3.55808,0.923497776894822
14827,3.55832,1.10731144466161
14828,3.55856,1.40958995027574
14829,3.5588,1.33800773213969
14830,3.55904,1.63591402980191
14831,3.55928,1.68129741222098
14832,3.55952,1.36512529727964
14833,3.55976,1.77104229501303
14834,3.56,1.57201892762787
14835,3.56024,1.85592659924291
14836,3.56048,1.54003160671413
14837,3.56072,1.94406953999224
14838,3.56096,1.86437687476399
14839,3.5612,2.15237073376661
14840,3.56144,1.84035433385918
14841,3.56168,1.88625351601552
14842,3.56192,2.30605318855804
14843,3.56216,2.12508306683967
14844,3.5624,1.58498201377102
14845,3.56264,2.38672306924144
14846,3.56288,2.69808487983238
14847,3.56312,1.93844852422677
14848,3.56336,2.27885722130653
14849,3.5636,2.61136936626437
14850,3.56384,2.48137454753485
14851,3.56408,2.72294068232502
14852,3.56432,2.59671522075249
14853,3.56456,2.5021909927747
14854,3.5648,2.76409519251082
14855,3.56504,2.43940896466319
14856,3.56528,2.85931370587699
14857,3.56552,2.54794720969969
14858,3.56576,2.39028427950388
14859,3.566,3.32383690802244
14860,3.56624,2.57391392196249
14861,3.56648,2.82842024152766
14862,3.56672,3.18705565044972
14863,3.56696,2.13581806630441
14864,3.5672,3.03168192493981
14865,3.56744,3.31287967909068
14866,3.56768,2.30977595859422
14867,3.56792,3.73157639129414
14868,3.56816,2.63166167674889
14869,3.5684,2.89989679573993
14870,3.56864,3.27181394001797
14871,3.56888,3.07419315753003
14872,3.56912,3.8733638566547
14873,3.56936,2.86187427911158
14874,3.5696,2.51036951028197
14875,3.56984,3.13132499296132
14876,3.57008,3.51521943171335
14877,3.57032,2.9418842937139
14878,3.57056,2.67450436681323
14879,3.5708,3.3734152423045
14880,3.57104,3.59226896143961
14881,3.57128,2.29549413302276
14882,3.57152,3.07967753444176
14883,3.57176,3.72918344589539
14884,3.572,2.255883425304
14885,3.57224,3.10537800358993
14886,3.57248,3.22180887972933
14887,3.57272,2.31517480699318
14888,3.57296,3.11414869764097
14889,3.5732,3.30257650926571
14890,3.57344,2.09883054480501
14891,3.57368,2.8630298528099
14892,3.57392,3.36585781344838
14893,3.57416,1.87418631440065
14894,3.5744,2.94618642678367
14895,3.57464,2.92204433370187
14896,3.57488,1.99824949847605
14897,3.57512,3.13582712579407
14898,3.57536,2.46992661805445
14899,3.5756,2.34904544415026
14900,3.57584,3.06115575066177
14901,3.57608,1.89040574757285
14902,3.57632,2.68455344416672
14903,3.57656,2.50425310158254
14904,3.5768,1.42338715678154
14905,3.57704,2.88675071397393
14906,3.57728,2.30101461770042
14907,3.57752,1.29591060787559
14908,3.57776,2.8318473096505
14909,3.578,1.73445704133705
14910,3.57824,1.65931344596907
14911,3.57848,2.40400448570793
14912,3.57872,1.27004258090334
14913,3.57896,2.45128027141512
14914,3.5792,1.94174049928348
14915,3.57944,1.12701850851871
14916,3.57968,2.02644473738258
14917,3.57992,1.71084653628589
14918,3.58016,1.21777982012134
14919,3.5804,1.33304301899269
14920,3.58064,2.05070502424073
14921,3.58088,1.13373972754219
14922,3.58112,1.31738304386267
14923,3.58136,1.73924415980926
14924,3.5816,0.273992352802215
14925,3.58184,0.893441168195656
14926,3.58208,1.38540919625791
14927,3.58232,0.68703979379993
14928,3.58256,0.404619935782451
14929,3.5828,1.31827524632088
14930,3.58304,0.0993894112725435
14931,3.58328,0.351086266985378
14932,3.58352,1.19569290282655
14933,3.58376,0.0296045707242667
14934,3.584,0.327978220151059
14935,3.58424,0.622798462716859
14936,3.58448,-0.00352966794265597
14937,3.58472,0.215080817186068
14938,3.58496,0.199807006812758
14939,3.5852,-0.138981472396261
14940,3.58544,0.119286157282751
14941,3.58568,-0.2074132508113
14942,3.58592,-0.148762892231762
14943,3.58616,-0.217711082585603
14944,3.5864,-0.257390355935766
14945,3.58664,-0.169886219654236
14946,3.58688,-0.557736614876577
14947,3.58712,-0.796448508428304
14948,3.58736,-0.0810613920553531
14949,3.5876,-0.679342669784288
14950,3.58784,-1.25475917482668
14951,3.58808,-0.995969118547944
14952,3.58832,-0.835074295015186
14953,3.58856,-0.791678744818142
14954,3.5888,-0.75035148174835
14955,3.58904,-1.5322473384682
14956,3.58928,-1.24111164580421
14957,3.58952,-1.29368691913863
14958,3.58976,-1.58329097105789
14959,3.59,-1.40055140512575
14960,3.59024,-1.32744907496869
14961,3.59048,-1.61062553365252
14962,3.59072,-1.65251166116523
14963,3.59096,-1.45635502822111
14964,3.5912,-1.37753360967634
14965,3.59144,-2.02172341086292
14966,3.59168,-1.82155683258453
14967,3.59192,-2.10624542359314
14968,3.59216,-1.79723205554846
14969,3.5924,-2.44763619479705
14970,3.59264,-2.01434681483288
14971,3.59288,-2.19391337918485
14972,3.59312,-2.1326059242155
14973,3.59336,-2.07413373943901
14974,3.5936,-2.27339893147083
14975,3.59384,-2.34805404192073
14976,3.59408,-2.07267615874917
14977,3.59432,-2.77530396438647
14978,3.59456,-2.26720177532585
14979,3.5948,-2.13922294777943
14980,3.59504,-3.10675173451498
14981,3.59528,-2.26203201628345
14982,3.59552,-2.41208425463078
14983,3.59576,-3.40385253285959
14984,3.596,-2.23236842171833
14985,3.59624,-2.78205360555252
14986,3.59648,-3.31710258050089
14987,3.59672,-2.19253957940014
14988,3.59696,-3.1393565923342
14989,3.5972,-2.99070332050394
14990,3.59744,-2.16191416112191
14991,3.59768,-3.26631095566666
14992,3.59792,-2.92392021479287
14993,3.59816,-2.62429353074161
14994,3.5984,-3.77620086119902
14995,3.59864,-2.41154721851817
14996,3.59888,-2.77753656151369
14997,3.59912,-3.12348421126157
14998,3.59936,-2.66091848573223
14999,3.5996,-3.90747460495432
15000,3.59984,-2.8594191597355
15001,3.60008,-2.82356438877247
15002,3.60032,-3.26511366902238
15003,3.60056,-2.43671035229027
15004,3.6008,-3.06777091724786
15005,3.60104,-3.46140561699943
15006,3.60128,-3.13365188812007
15007,3.60152,-2.63067449892311
15008,3.60176,-3.33786232501748
15009,3.602,-3.5642363796209
15010,3.60224,-2.27598823237266
15011,3.60248,-2.94856809084493
15012,3.60272,-3.84748618939439
15013,3.60296,-2.25216735868624
15014,3.6032,-2.52998141970709
15015,3.60344,-3.3971350192863
15016,3.60368,-2.58751344702243
15017,3.60392,-2.4460125653393
15018,3.60416,-3.50319746563631
15019,3.6044,-2.52958489660692
15020,3.60464,-2.69907404911442
15021,3.60488,-3.45598597559234
15022,3.60512,-1.97314411120501
15023,3.60536,-2.93485514654193
15024,3.6056,-2.9172892629911
15025,3.60584,-1.88274401437792
15026,3.60608,-2.79399088901611
15027,3.60632,-2.97457107338389
15028,3.60656,-1.77093203764184
15029,3.6068,-2.88015504156852
15030,3.60704,-2.41831107882009
15031,3.60728,-1.90685948842884
15032,3.60752,-3.07101331758143
15033,3.60776,-1.97162983017344
15034,3.608,-2.13668331467637
15035,3.60824,-2.64180458655218
15036,3.60848,-1.62919900991335
15037,3.60872,-2.34437540166522
15038,3.60896,-2.44518808216244
15039,3.6092,-1.62575314670202
15040,3.60944,-2.17312697451239
15041,3.60968,-1.74999347779546
15042,3.60992,-1.26754591464737
15043,3.61016,-2.21840339908705
15044,3.6104,-1.51605276998763
15045,3.61064,-0.743806401947437
15046,3.61088,-1.55441130955384
15047,3.61112,-1.64195553258577
15048,3.61136,-2.33643775595611
15049,3.6116,-0.439275474891277
15050,3.61184,-1.4602474603165
15051,3.61208,-1.50722704572696
15052,3.61232,-0.501187573288055
15053,3.61256,-1.22928460731614
15054,3.6128,-1.46775078853391
15055,3.61304,-0.87487131819095
15056,3.61328,-0.456586315829245
15057,3.61352,-1.47977760035828
15058,3.61376,-0.714199972429736
15059,3.614,-0.59225224416792
15060,3.61424,-0.826642717622849
15061,3.61448,-0.000593211949572625
15062,3.61472,-0.65565324163114
15063,3.61496,-0.69642421193057
15064,3.6152,0.430957534751612
15065,3.61544,-0.624958458581999
15066,3.61568,-0.113411785640027
15067,3.61592,0.357222355610077
15068,3.61616,-0.61227592002408
15069,3.6164,0.443082937063665
15070,3.61664,0.389797650025827
15071,3.61688,-0.136771989297667
15072,3.61712,0.749953590465753
15073,3.61736,0.313502016668196
15074,3.6176,0.346527555873384
15075,3.61784,0.718549790055101
15076,3.61808,0.616630129220953
15077,3.61832,0.849082754680555
15078,3.61856,0.835045042925456
15079,3.6188,0.698822122672863
15080,3.61904,0.788020688886985
15081,3.61928,0.988244297709466
15082,3.61952,1.19232550410801
15083,3.61976,1.14033253929745
15084,3.62,1.19893033717647
15085,3.62024,1.02393728552103
15086,3.62048,1.56162730644523
15087,3.62072,1.12381732356104
15088,3.62096,1.29947284139841
15089,3.6212,1.22579218483549
15090,3.62144,1.26987569073004
15091,3.62168,1.91603184014164
15092,3.62192,1.47745597940869
15093,3.62216,1.75491307410405
15094,3.6224,1.80181457651318
15095,3.62264,1.72479715703023
15096,3.62288,2.0071360601169
15097,3.62312,1.70039822906076
15098,3.62336,1.98988729959473
15099,3.6236,2.28367895595868
15100,3.62384,1.98644065378789
15101,3.62408,2.16667288016871
15102,3.62432,1.87317510181423
15103,3.62456,2.55662938146296
15104,3.6248,2.2710354008314
15105,3.62504,1.99592273997352
15106,3.62528,2.70071956622134
15107,3.62552,2.79332650723284
15108,3.62576,2.18966336069247
15109,3.626,2.80175279614277
15110,3.62624,2.80006585236167
15111,3.62648,2.11268685230095
15112,3.62672,3.1102971123124
15113,3.62696,2.78312369586881
15114,3.6272,2.49134664404478
15115,3.62744,3.2693320549921
15116,3.62768,2.74341613804239
15117,3.62792,2.61671795489169
15118,3.62816,2.83811946496543
15119,3.6284,2.60736693290369
15120,3.62864,3.24284701000551
15121,3.62888,3.02212807911497
15122,3.62912,2.7155619673736
15123,3.62936,3.4054288489858
15124,3.6296,2.99324352367765
15125,3.62984,2.73864798124765
15126,3.63008,3.47431762678083
15127,3.63032,3.23312136461429
15128,3.63056,2.66976696835073
15129,3.6308,2.3986857281912
15130,3.63104,3.55361392775982
15131,3.63128,2.33208622415757
15132,3.63152,2.83898131906047
15133,3.63176,3.46014397926096
15134,3.632,2.29514783901748
15135,3.63224,3.0987086696275
15136,3.63248,3.54032244640593
15137,3.63272,2.786254382773
15138,3.63296,2.7021089654274
15139,3.6332,3.33929319711301
15140,3.63344,3.49445070385737
15141,3.63368,2.50011354899778
15142,3.63392,3.3348744527575
15143,3.63416,2.72431251184272
15144,3.6344,2.2999717207016
15145,3.63464,3.09225118110181
15146,3.63488,2.91290746345318
15147,3.63512,2.43590766587942
15148,3.63536,3.52622256988002
15149,3.6356,2.22745375062875
15150,3.63584,2.43828732060231
15151,3.63608,3.36201847498528
15152,3.63632,2.37278870853676
15153,3.63656,2.52983344060323
15154,3.6368,3.03685006299209
15155,3.63704,1.90748964896666
15156,3.63728,3.08590545758406
15157,3.63752,2.46192996908669
15158,3.63776,2.02511342069183
15159,3.638,3.1464835566793
15160,3.63824,2.12532384921712
15161,3.63848,2.13101067887148
15162,3.63872,2.83682656303974
15163,3.63896,1.77770280414463
15164,3.6392,2.44948815315792
15165,3.63944,2.38601786257267
15166,3.63968,1.41573196842907
15167,3.63992,2.51930583562355
15168,3.64016,2.40368725907007
15169,3.6404,1.61480677323829
15170,3.64064,2.07137262711172
15171,3.64088,2.1565205947203
15172,3.64112,1.32578407258065
15173,3.64136,2.09440207594153
15174,3.6416,1.29540809703339
15175,3.64184,1.28273102523855
15176,3.64208,1.38878831182943
15177,3.64232,2.21984286661242
15178,3.64256,0.812724526577037
15179,3.6428,1.35199379329328
15180,3.64304,1.52679591257354
15181,3.64328,0.292121306564526
15182,3.64352,1.14567187615397
15183,3.64376,1.50630483836406
15184,3.644,0.0969074932830896
15185,3.64424,1.1265066549362
15186,3.64448,1.18454252238413
15187,3.64472,0.0792507531115778
15188,3.64496,0.441670024034664
15189,3.6452,1.15824348618243
15190,3.64544,-0.0111056927145343
15191,3.64568,0.52515948164962
15192,3.64592,0.57183854607018
15193,3.64616,-0.181794883997728
15194,3.6464,0.872084796177913
15195,3.64664,0.011350330046044
15196,3.64688,-0.0931278471305292
15197,3.64712,0.0364744134095478
15198,3.64736,-0.28308090201277
15199,3.6476,0.00142379027525252
15200,3.64784,-0.545443050722805
15201,3.64808,-0.222904504850857
15202,3.64832,-0.27124798033507
15203,3.64856,-0.651160040644212
15204,3.6488,-0.183670022810132
15205,3.64904,-0.55486703128824
15206,3.64928,-1.26229399463941
15207,3.64952,-0.77003894150324
15208,3.64976,-0.750755731058905
15209,3.65,-1.43430376783328
15210,3.65024,-1.03994200917917
15211,3.65048,-1.11257925665098
15212,3.65072,-1.05826258886998
15213,3.65096,-1.24749237531207
15214,3.6512,-1.05852523820864
15215,3.65144,-1.11245275154182
15216,3.65168,-1.28845078686239
15217,3.65192,-1.68929884864868
15218,3.65216,-1.37238925950153
15219,3.6524,-1.77761702503914
15220,3.65264,-1.33917374442491
15221,3.65288,-1.98403309548626
15222,3.65312,-1.66908183376524
15223,3.65336,-2.31194247907126
15224,3.6536,-1.87082879870627
15225,3.65384,-1.67949502028987
15226,3.65408,-2.56719604756731
15227,3.65432,-2.01473420255954
15228,3.65456,-1.9536824140768
15229,3.6548,-2.25092273455338
15230,3.65504,-2.18783364813336
15231,3.65528,-2.02472285597525
15232,3.65552,-2.46035084961386
15233,3.65576,-2.29546580662235
15234,3.656,-2.2770614359413
15235,3.65624,-2.7286171723966
15236,3.65648,-2.47632756200394
15237,3.65672,-2.47892991369723
15238,3.65696,-2.47312113382518
15239,3.6572,-2.85784516995144
15240,3.65744,-2.63853358393583
15241,3.65768,-2.19344451443247
15242,3.65792,-2.97908583422875
15243,3.65816,-3.14983629822011
15244,3.6584,-2.14942345563816
15245,3.65864,-3.20645663142208
15246,3.65888,-2.93274044388728
15247,3.65912,-2.10091577446206
15248,3.65936,-3.19930021923998
15249,3.6596,-3.09051352711404
15250,3.65984,-2.30182349891932
15251,3.66008,-3.57722625913433
15252,3.66032,-2.79169339114654
15253,3.66056,-2.53185809286191
15254,3.6608,-3.50601709231238
15255,3.66104,-3.12872837478496
15256,3.66128,-2.91174638930265
15257,3.66152,-2.38561308895523
15258,3.66176,-3.64717347078248
15259,3.662,-3.0004381274012
15260,3.66224,-2.6487625935124
15261,3.66248,-3.14708757342899
15262,3.66272,-3.6464762287052
15263,3.66296,-2.59754638306655
15264,3.6632,-2.81287781305384
15265,3.66344,-3.38914773935115
15266,3.66368,-3.24595528574766
15267,3.66392,-2.44154900818696
15268,3.66416,-3.21848079155424
15269,3.6644,-3.38667986471017
15270,3.66464,-2.40573826470402
15271,3.66488,-3.24785778273108
15272,3.66512,-3.12176016899286
15273,3.66536,-2.33646231665891
15274,3.6656,-3.13423801046977
15275,3.66584,-2.96020407144345
15276,3.66608,-2.12760848857612
15277,3.66632,-3.23896628295159
15278,3.66656,-2.65922137459439
15279,3.6668,-2.27120491415279
15280,3.66704,-3.44556089250255
15281,3.66728,-2.22768552070289
15282,3.66752,-2.63561009678751
15283,3.66776,-2.90623753580931
15284,3.668,-1.78932864398679
15285,3.66824,-2.98474836764584
15286,3.66848,-2.49061590295901
15287,3.66872,-2.06018246610465
15288,3.66896,-2.9483670686597
15289,3.6692,-1.8269466720946
15290,3.66944,-2.55384898274662
15291,3.66968,-2.77697015058479
15292,3.66992,-1.73554856354515
15293,3.67016,-1.94695981978329
15294,3.6704,-2.73560565011252
15295,3.67064,-1.75693882562571
15296,3.67088,-1.79793740577304
15297,3.67112,-2.53912256125843
15298,3.67136,-1.75225673516121
15299,3.6716,-1.50248509303111
15300,3.67184,-2.20056332514655
15301,3.67208,-1.36952997733778
15302,3.67232,-1.19472061182627
15303,3.67256,-1.39024049151275
15304,3.6728,-2.19183449118634
15305,3.67304,-1.7950282585715
15306,3.67328,-1.22325464408037
15307,3.67352,-1.37936238023395
15308,3.67376,-1.89756951611752
15309,3.674,-0.665730762362784
15310,3.67424,-1.13311519839713
15311,3.67448,-1.71756271268662
15312,3.67472,-0.426840765531315
15313,3.67496,-0.601933863367031
15314,3.6752,-1.49334547439748
15315,3.67544,-0.500698227066876
15316,3.67568,-0.602050677262329
15317,3.67592,-0.826433633104949
15318,3.67616,-0.494175772835739
15319,3.6764,-0.763612562711753
15320,3.67664,0.154181232471354
15321,3.67688,-0.527830350458422
15322,3.67712,-0.477655282564534
15323,3.67736,0.619405649467018
15324,3.6776,-0.223730006567042
15325,3.67784,-0.221546661068187
15326,3.67808,0.585363516079437
15327,3.67832,-0.174035084150286
15328,3.67856,0.144325387920534
15329,3.6788,0.672998579495474
15330,3.67904,0.00450888732461574
15331,3.67928,0.394722172851151
15332,3.67952,0.532908479652978
15333,3.67976,0.549179484823659
15334,3.68,0.662312610826473
15335,3.68024,0.301785873383351
15336,3.68048,0.889313155147634
15337,3.68072,1.33465922404163
15338,3.68096,0.943873223998265
15339,3.6812,0.664240179909794
15340,3.68144,1.45308334753937
15341,3.68168,1.16719661959051
15342,3.68192,1.22423421997052
15343,3.68216,1.15628930833875
15344,3.6824,1.09152393464417
15345,3.68264,1.49725906177251
15346,3.68288,1.77929167496737
15347,3.68312,1.22586408317903
15348,3.68336,1.27057344601675
15349,3.6836,1.31541784372676
15350,3.68384,1.95887317655817
15351,3.68408,1.51863737134163
15352,3.68432,2.03811754774916
15353,3.68456,1.72691287500149
15354,3.6848,2.37292297214733
15355,3.68504,2.05472174884982
15356,3.68528,1.99442817091153
15357,3.68552,2.65062447437338
15358,3.68576,2.22290966251185
15359,3.686,2.05535965358775
15360,3.68624,2.72766474229811
15361,3.68648,2.07779316697095
15362,3.68672,1.93416316133046
15363,3.68696,2.87062313089927
15364,3.6872,2.48139467505076
15365,3.68744,2.36153987086828
15366,3.68768,2.71160818993289
15367,3.68792,2.48324952709422
15368,3.68816,2.74817350887822
15369,3.6884,2.64590421296076
15370,3.68864,2.45700359191436
15371,3.68888,2.74771608097599
15372,3.68912,2.33403979563431
15373,3.68936,2.66842140268522
15374,3.6896,2.87378749155334
15375,3.68984,2.62030074741993
15376,3.69008,2.99738853507822
15377,3.69032,2.8800780508117
15378,3.69056,2.55696017685393
15379,3.6908,3.5820322965766
15380,3.69104,2.90827735968216
15381,3.69128,2.63138720066637
15382,3.69152,3.5889785594227
15383,3.69176,2.84184898434818
15384,3.692,2.74673727784321
15385,3.69224,3.86302019261356
15386,3.69248,2.81656897648134
15387,3.69272,2.66030748307987
15388,3.69296,3.3774635462061
15389,3.6932,2.63640370902288
15390,3.69344,2.79401699512871
15391,3.69368,3.31657855036797
15392,3.69392,3.11804407401111
15393,3.69416,2.73448078936336
15394,3.6944,3.43944449936749
15395,3.69464,2.94982428790193
15396,3.69488,2.64000017264993
15397,3.69512,3.29667083786448
15398,3.69536,3.46893415643832
15399,3.6956,2.49316364695491
15400,3.69584,3.33901935485418
15401,3.69608,3.1005714248693
15402,3.69632,2.44656373095922
15403,3.69656,3.36659142565464
15404,3.6968,2.83842583361344
15405,3.69704,2.49975485747738
15406,3.69728,3.36817622287589
15407,3.69752,2.6792051682795
15408,3.69776,2.41834849192623
15409,3.698,3.47380529846902
15410,3.69824,2.26786707553375
15411,3.69848,2.56470173535554
15412,3.69872,3.20509724856998
15413,3.69896,1.84955663303553
15414,3.6992,2.57753835481972
15415,3.69944,2.81400511238415
15416,3.69968,1.78132683631234
15417,3.69992,2.80960144060005
15418,3.70016,2.39685630352513
15419,3.7004,1.81058579421719
15420,3.70064,2.905695608584
15421,3.70088,2.0902818785746
15422,3.70112,1.46049654090178
15423,3.70136,2.63838328155425
15424,3.7016,2.25336863147413
15425,3.70184,1.08851128504072
15426,3.70208,2.58205998461805
15427,3.70232,1.79948592535541
15428,3.70256,1.31366084138846
15429,3.7028,2.62378091959567
15430,3.70304,1.78300393980485
15431,3.70328,1.00662090626869
15432,3.70352,0.867012085968414
15433,3.70376,1.81330901993338
15434,3.704,1.79333076593197
15435,3.70424,0.719888867879329
15436,3.70448,0.900981262565147
15437,3.70472,1.67954799598014
15438,3.70496,1.02577959678616
15439,3.7052,0.789214254326497
15440,3.70544,1.63270473229099
15441,3.70568,0.682997528249838
15442,3.70592,0.389202039520438
15443,3.70616,1.64784392384893
15444,3.7064,0.41624953502846
15445,3.70664,0.52941775479487
15446,3.70688,1.11969023572132
15447,3.70712,0.30542977189743
15448,3.70736,0.707548800502581
15449,3.7076,0.0320852917278571
15450,3.70784,0.120802884185935
15451,3.70808,0.804104729849717
15452,3.70832,-0.177860131262591
15453,3.70856,-0.167503617430539
15454,3.7088,0.319529319338753
15455,3.70904,-0.484492556018631
15456,3.70928,-0.0863269832770284
15457,3.70952,0.085266642255192
15458,3.70976,-0.318707402201138
15459,3.71,-0.128071939140682
15460,3.71024,-0.876615728279857
15461,3.71048,-0.164657619121402
15462,3.71072,-0.1801018365017
15463,3.71096,-1.13400672980663
15464,3.7112,-0.764272627480351
15465,3.71144,-0.50623095755637
15466,3.71168,-0.95604569505593
15467,3.71192,-0.918614772690972
15468,3.71216,-1.36029217492026
15469,3.7124,-0.9417993823798
15470,3.71264,-0.895676179164376
15471,3.71288,-1.55369992803053
15472,3.71312,-1.24288303651249
15473,3.71336,-1.17975305749857
15474,3.7136,-1.34984422415086
15475,3.71384,-1.51347148786863
15476,3.71408,-1.55827107626168
15477,3.71432,-1.36316420071241
15478,3.71456,-1.6432106677998
15479,3.7148,-1.92771169473567
15480,3.71504,-1.84452592026184
15481,3.71528,-1.5288560647045
15482,3.71552,-2.17702257656
15483,3.71576,-1.7415852503556
15484,3.716,-1.79454494734703
15485,3.71624,-2.45090865372644
15486,3.71648,-2.26047732946279
15487,3.71672,-1.72689771697481
15488,3.71696,-2.6400657869511
15489,3.7172,-2.34664120687503
15490,3.71744,-2.19588832333088
15491,3.71768,-2.76555580834744
15492,3.71792,-2.3742496917014
15493,3.71816,-2.24945484269926
15494,3.7184,-2.71555152883916
15495,3.71864,-2.59876151668211
15496,3.71888,-2.6180274073996
15497,3.71912,-2.63024106850791
15498,3.71936,-2.67353796297459
15499,3.7196,-2.83994333372335
15500,3.71984,-2.53104502131091
15501,3.72008,-2.97935867457877
15502,3.72032,-3.41236992364493
15503,3.72056,-2.30496013282325
15504,3.7208,-3.0367321031954
15505,3.72104,-3.38765096336431
15506,3.72128,-2.20895717414779
15507,3.72152,-3.21952313701517
15508,3.72176,-3.01779509232729
15509,3.722,-2.37659704723531
15510,3.72224,-3.8027140233927
15511,3.72248,-3.04851748361552
15512,3.72272,-2.46335237860485
15513,3.72296,-3.68195418736957
15514,3.7232,-3.46055300054381
15515,3.72344,-2.32434352759598
15516,3.72368,-2.79686522477938
15517,3.72392,-2.53071152883187
15518,3.72416,-2.91223307428564
15519,3.7244,-3.53327432693769
15520,3.72464,-3.18802448598295
15521,3.72488,-2.43205917287398
15522,3.72512,-3.13148170778207
15523,3.72536,-3.7080745810758
15524,3.7256,-2.40212188997416
15525,3.72584,-3.40642931418221
15526,3.72608,-3.20313451639213
15527,3.72632,-2.45775162207723
15528,3.72656,-3.29003947978854
15529,3.7268,-3.27680105818436
15530,3.72704,-2.36118396709787
15531,3.72728,-3.15058787933646
15532,3.72752,-2.96848065337533
15533,3.72776,-2.37122082483315
15534,3.728,-3.23183944533398
15535,3.72824,-2.6458120622834
15536,3.72848,-2.60609513697652
15537,3.72872,-3.40238591242715
15538,3.72896,-2.06602876337769
15539,3.7292,-2.82227342217324
15540,3.72944,-2.96142274888331
15541,3.72968,-1.71768014920927
15542,3.72992,-3.02181701919852
15543,3.73016,-2.86728549249546
15544,3.7304,-1.69701744785141
15545,3.73064,-2.59713956904276
15546,3.73088,-2.76344666790865
15547,3.73112,-1.54877028659443
15548,3.73136,-2.65118732991776
15549,3.7316,-2.41344852423015
15550,3.73184,-1.3948824887392
15551,3.73208,-2.57153421714461
15552,3.73232,-2.29008916915532
15553,3.73256,-1.4657278547053
15554,3.7328,-2.12151249371274
15555,3.73304,-2.51156425152123
15556,3.73328,-1.62596080276554
15557,3.73352,-0.913229334838335
15558,3.73376,-2.4842596456924
15559,3.734,-1.65908083241238
15560,3.73424,-1.25536750817154
15561,3.73448,-1.34747079736178
15562,3.73472,-2.04352904631486
15563,3.73496,-0.483153085749353
15564,3.7352,-1.37508031273405
15565,3.73544,-1.41858927811212
15566,3.73568,-0.521093313647746
15567,3.73592,-0.989048119621674
15568,3.73616,-1.6900381324789
15569,3.7364,-0.391951007870025
15570,3.73664,-0.680822732581093
15571,3.73688,-1.56405855024746
15572,3.73712,-0.317426357735671
15573,3.73736,-0.540634883462841
15574,3.7376,-1.36202121492177
15575,3.73784,-0.410996575310025
15576,3.73808,-0.568246262286934
15577,3.73832,-0.477770811000158
15578,3.73856,0.0562513170726291
15579,3.7388,-0.512066747998838
15580,3.73904,-0.470012350679581
15581,3.73928,0.492848415990003
15582,3.73952,-0.597365603449452
15583,3.73976,-0.00189776527682306
15584,3.74,0.438124362899553
15585,3.74024,-0.0802046202400428
15586,3.74048,0.57711101357624
15587,3.74072,0.254792777913126
15588,3.74096,0.0616500665633506
15589,3.7412,1.04374800728253
15590,3.74144,0.33474584231668
15591,3.74168,0.227035861171199
15592,3.74192,1.17745036123491
15593,3.74216,0.808261241861229
15594,3.7424,0.787384824791349
15595,3.74264,1.46986676769126
15596,3.74288,0.959395032498775
15597,3.74312,1.03170726361252
15598,3.74336,1.09861628749612
15599,3.7436,1.40685911055119
15600,3.74384,1.10114917007003
15601,3.74408,1.27648568943169
15602,3.74432,1.44716051967845
15603,3.74456,1.60910826097776
15604,3.7448,1.29598185581406
15605,3.74504,1.70484577993172
15606,3.74528,1.74359840335928
15607,3.74552,1.90572426928136
15608,3.74576,1.46976641422029
15609,3.746,1.99167655138816
15610,3.74624,1.90828563836114
15611,3.74648,1.95871383787104
15612,3.74672,2.25019529458091
15613,3.74696,1.93789831345072
15614,3.7472,2.3573667795823
15615,3.74744,2.05550290474851
15616,3.74768,1.75450502708257
15617,3.74792,2.31520777483666
15618,3.74816,2.50616700748269
15619,3.7484,1.74473886730592
15620,3.74864,2.68655196939991
15621,3.74888,2.65459937158424
15622,3.74912,2.15731705443151
15623,3.74936,2.88305172903297
15624,3.7496,2.39677957100784
15625,3.74984,2.5405598194734
15626,3.75008,3.28602892436771
15627,3.75032,2.23359078387656
15628,3.75056,2.90037646292045
15629,3.7508,3.1900489438695
15630,3.75104,2.30649626955431
15631,3.75128,3.36369369257644
15632,3.75152,2.61258953358972
15633,3.75176,2.74711684604593
15634,3.752,3.22792606190648
15635,3.75224,2.29716044652848
15636,3.75248,3.07054527629913
15637,3.75272,2.99521408016299
15638,3.75296,2.2418964354444
15639,3.7532,3.54744290041825
15640,3.75344,3.15766400305569
15641,3.75368,2.80714655488434
15642,3.75392,3.8114640809823
15643,3.75416,2.64227792309176
15644,3.7544,2.72873487075224
15645,3.75464,3.51978419451692
15646,3.75488,2.54776494421296
15647,3.75512,3.05240937412082
15648,3.75536,3.55371481263717
15649,3.7556,3.3389318397844
15650,3.75584,2.46327241560486
15651,3.75608,3.05582673955222
15652,3.75632,3.6408682768511
15653,3.75656,2.32610800146927
15654,3.7568,2.75885334000645
15655,3.75704,3.5431078994257
15656,3.75728,2.53409453643897
15657,3.75752,2.79147695839492
15658,3.75776,3.75894861077164
15659,3.758,2.11398992311617
15660,3.75824,2.80427174151711
15661,3.75848,3.72054385334855
15662,3.75872,2.14823504831303
15663,3.75896,3.02426982232011
15664,3.7592,3.04739268977014
15665,3.75944,2.2910974159674
15666,3.75968,3.46277382578972
15667,3.75992,2.36457209189396
15668,3.76016,2.65093110260244
15669,3.7604,2.92073150017854
15670,3.76064,1.68398511915112
15671,3.76088,2.88294224351089
15672,3.76112,2.50461354161628
15673,3.76136,1.71384024457016
15674,3.7616,2.86515927999285
15675,3.76184,2.4422539507875
15676,3.76208,1.60422158245674
15677,3.76232,3.0598661370865
15678,3.76256,2.23275209220712
15679,3.7628,1.46904107429917
15680,3.76304,2.75872494183248
15681,3.76328,1.6645404741202
15682,3.76352,1.82701874106114
15683,3.76376,2.3318081311183
15684,3.764,1.19899411077462
15685,3.76424,2.61519130313594
15686,3.76448,1.86760634435269
15687,3.76472,1.41531325684851
15688,3.76496,2.27949474984979
15689,3.7652,1.03069096411176
15690,3.76544,1.49026314132067
15691,3.76568,1.95035798557954
15692,3.76592,0.519328498073983
15693,3.76616,1.65124408316438
15694,3.7664,1.68894911822575
15695,3.76664,0.788426924237317
15696,3.76688,0.903404930772468
15697,3.76712,1.37038631151494
15698,3.76736,0.200812560774034
15699,3.7676,0.857007900947078
15700,3.76784,1.50713374031633
15701,3.76808,0.379547535501048
15702,3.76832,0.490677790300892
15703,3.76856,1.19690000475768
15704,3.7688,0.371319123882158
15705,3.76904,0.177350386715761
15706,3.76928,0.938587280670825
15707,3.76952,-0.0702353166334702
15708,3.76976,0.256164458242487
15709,3.77,0.463884750333127
15710,3.77024,-0.135534928709096
15711,3.77048,0.225979170632097
15712,3.77072,-0.10884622161885
15713,3.77096,-0.0684221529521558
15714,3.7712,-0.269509391442134
15715,3.77144,-0.313993206003416
15716,3.77168,-0.00331866982626017
15717,3.77192,-0.763001543078988
15718,3.77216,-0.294028613418617
15719,3.7724,-0.197379952500016
15720,3.77264,-1.15711077169576
15721,3.77288,-0.77855769081747
15722,3.77312,-0.409821349766784
15723,3.77336,-1.10687670191701
15724,3.7736,-1.18293066504461
15725,3.77384,-1.02844957712465
15726,3.77408,-0.861821475822446
15727,3.77432,-1.52519834969797
15728,3.77456,-1.34839153602597
15729,3.7748,-1.04589935712772
15730,3.77504,-1.69741666121418
15731,3.77528,-1.2615871755482
15732,3.77552,-1.78912262919422
15733,3.77576,-1.23539717931594
15734,3.776,-1.28054197419387
15735,3.77624,-1.32503659626461
15736,3.77648,-2.08920188010938
15737,3.77672,-1.76714981092118
15738,3.77696,-1.44738646892497
15739,3.7772,-2.09580277631421
15740,3.77744,-1.77835053508055
15741,3.77768,-1.7049480387809
15742,3.77792,-2.3631230619282
15743,3.77816,-2.05619730316107
15744,3.7784,-1.99142509148329
15745,3.77864,-2.4248028176836
15746,3.77888,-2.25689279479605
15747,3.77912,-1.97299828930766
15748,3.77936,-2.66646448216509
15749,3.7796,-2.15010359321478
15750,3.77984,-2.37958894363012
15751,3.78008,-3.08893309674431
15752,3.78032,-2.35689156229625
15753,3.78056,-2.4970628603019
15754,3.7808,-3.11091001357409
15755,3.78104,-1.93490569002603
15756,3.78128,-2.83154399353025
15757,3.78152,-2.98985489730523
15758,3.78176,-2.10351937781969
15759,3.782,-3.15169507652209
15760,3.78224,-2.98776589244698
15761,3.78248,-2.38776307416325
15762,3.78272,-3.46716739851716
15763,3.78296,-2.74828230456976
15764,3.7832,-2.19919115909391
15765,3.78344,-3.33280005255564
15766,3.78368,-3.02435194887931
15767,3.78392,-2.28497381872351
15768,3.78416,-3.4612654006467
15769,3.7844,-2.61082611807214
15770,3.78464,-3.3676283127681
15771,3.78488,-3.49861960205226
15772,3.78512,-2.82164887598684
15773,3.78536,-2.55000637213815
15774,3.7856,-3.506578762918
15775,3.78584,-2.40815956812872
15776,3.78608,-2.808199360374
15777,3.78632,-3.21268397790169
15778,3.78656,-3.25079036523434
15779,3.7868,-2.50618187924479
15780,3.78704,-3.21832585490349
15781,3.78728,-3.80773596020251
15782,3.78752,-2.14718690939978
15783,3.78776,-2.59368023221799
15784,3.788,-3.3908675942484
15785,3.78824,-3.10807452116622
15786,3.78848,-2.40690700673754
15787,3.78872,-3.16343100970954
15788,3.78896,-2.95050647342849
15789,3.7892,-2.44118824964631
15790,3.78944,-3.49973857045934
15791,3.78968,-2.40225408800302
15792,3.78992,-2.69389384986433
15793,3.79016,-3.33032204962459
15794,3.7904,-1.84613840812312
15795,3.79064,-2.93087365404777
15796,3.79088,-2.67608773711358
15797,3.79112,-2.12665303480795
15798,3.79136,-3.38438590208973
15799,3.7916,-2.2471571076821
15800,3.79184,-2.49692004123807
15801,3.79208,-2.97360025933887
15802,3.79232,-1.69451231333867
15803,3.79256,-2.8537694600043
15804,3.7928,-2.44045957493365
15805,3.79304,-1.84942947904686
15806,3.79328,-3.06094494428204
15807,3.79352,-2.00661591188769
15808,3.79376,-1.74087254320255
15809,3.794,-2.90547023656635
15810,3.79424,-2.04533291920902
15811,3.79448,-1.72774964915808
15812,3.79472,-2.72021270872432
15813,3.79496,-1.93224262312498
15814,3.7952,-1.08309061257788
15815,3.79544,-1.94996166497881
15816,3.79568,-1.83523186532069
15817,3.79592,-0.691569716041142
15818,3.79616,-1.62540898787139
15819,3.7964,-1.5937859704805
15820,3.79664,-2.40868024201986
15821,3.79688,-0.387954956423317
15822,3.79712,-1.41182891053686
15823,3.79736,-1.58404923075029
15824,3.7976,-0.574482595052926
15825,3.79784,-0.580681992933283
15826,3.79808,-1.78101799997908
15827,3.79832,-0.606037199613039
15828,3.79856,-0.548755520594838
15829,3.7988,-1.56556796294272
15830,3.79904,-0.330617161849642
15831,3.79928,-0.919363747975179
15832,3.79952,-0.309201225853141
15833,3.79976,-0.344962317962477
15834,3.8,-0.856112603139406
15835,3.80024,-0.307907593850998
15836,3.80048,-0.395953856044734
15837,3.80072,-0.716092743068195
15838,3.80096,0.266030709559176
15839,3.8012,-0.107999929280356
15840,3.80144,-0.349454196910437
15841,3.80168,0.698234466988402
15842,3.80192,-0.068975182716704
15843,3.80216,0.126138457570539
15844,3.8024,0.649515264657058
15845,3.80264,-0.151395112221344
15846,3.80288,0.366829888239783
15847,3.80312,0.857108522129669
15848,3.80336,0.500716146843616
15849,3.8036,0.746641138992906
15850,3.80384,0.848367849944427
15851,3.80408,0.947581423579326
15852,3.80432,0.561799177928159
15853,3.80456,1.005429738699
15854,3.8048,0.963937442136425
15855,3.80504,1.40093701758868
15856,3.80528,0.860708054367423
15857,3.80552,1.16091699596032
15858,3.80576,1.34335490689541
15859,3.806,1.39007742151679
15860,3.80624,1.31578385875805
15861,3.80648,1.72221686859452
15862,3.80672,1.40884598837944
15863,3.80696,1.81297997018238
15864,3.8072,1.97055376297302
15865,3.80744,1.41555747419354
15866,3.80768,2.17981682094401
15867,3.80792,1.85905103031511
15868,3.80816,1.90618495599951
15869,3.8084,1.83006603433642
15870,3.80864,1.87830724723978
15871,3.80888,2.30006046610587
15872,3.80912,1.99813941574446
15873,3.80936,1.57760684025651
15874,3.8096,2.49731512964258
15875,3.80984,2.44634225338628
15876,3.81008,1.68209245072562
15877,3.81032,2.62233924176432
15878,3.81056,2.59023876476872
15879,3.8108,2.3394664238241
15880,3.81104,2.69462383683953
15881,3.81128,2.44561261600429
15882,3.81152,2.82732225057071
15883,3.81176,2.60077477843067
15884,3.812,2.51635553039693
15885,3.81224,3.28785119742289
15886,3.81248,2.49056981588528
15887,3.81272,2.814232040399
15888,3.81296,3.37402380678801
15889,3.8132,2.38669359206471
15890,3.81344,3.23533606140774
15891,3.81368,3.34299445783893
15892,3.81392,2.28585898285558
15893,3.81416,3.30074072378775
15894,3.8144,3.21545486842879
15895,3.81464,2.33046166960974
15896,3.81488,3.38187813348822
15897,3.81512,2.9918786101079
15898,3.81536,3.60864731241009
15899,3.8156,2.88536301060341
15900,3.81584,2.69146577095591
15901,3.81608,3.73282758057312
15902,3.81632,3.07017242973711
15903,3.81656,2.5863363229499
15904,3.8168,3.08190282159801
15905,3.81704,3.57775315106316
15906,3.81728,3.11646432322194
15907,3.81752,2.48147149268347
15908,3.81776,3.06554516447494
15909,3.818,3.64486714512965
15910,3.81824,2.20968931000482
15911,3.81848,2.63862474161122
15912,3.81872,3.41890787155535
15913,3.81896,2.41024324149743
15914,3.8192,2.66301529648514
15915,3.81944,3.50876961946885
15916,3.81968,2.67859846064657
15917,3.81992,2.63762586274963
15918,3.82016,3.55672182053291
15919,3.8204,2.44173152031681
15920,3.82064,2.71493265839612
15921,3.82088,3.33610797224907
15922,3.82112,2.07667711867345
15923,3.82136,3.13287484123375
15924,3.8216,2.74245077870095
15925,3.82184,2.29531036351626
15926,3.82208,3.41004422352749
15927,3.82232,2.02981833670891
15928,3.82256,2.85701629751774
15929,3.8228,2.82739101482234
15930,3.82304,1.66210211905383
15931,3.82328,2.67993770687848
15932,3.82352,2.72694899078217
15933,3.82376,1.51397569410507
15934,3.824,2.61095923536362
15935,3.82424,2.37679353656991
15936,3.82448,1.72380884821694
15937,3.82472,2.87967934691274
15938,3.82496,2.23651324957474
15939,3.8252,1.41187838169966
15940,3.82544,2.41532232104401
15941,3.82568,2.20944248385153
15942,3.82592,1.33272214409406
15943,3.82616,1.81548887757086
15944,3.8264,2.16274998905903
15945,3.82664,1.23307984085936
15946,3.82688,1.19988718366829
15947,3.82712,1.17371722140993
15948,3.82736,2.11295904671304
15949,3.8276,1.61109403303361
15950,3.82784,1.05704568618671
15951,3.82808,1.10920242800418
15952,3.82832,2.12644616540187
15953,3.82856,0.659798608421573
15954,3.8288,1.26266475983787
15955,3.82904,1.37828796350303
15956,3.82928,0.0866230216987521
15957,3.82952,0.7586368949731
15958,3.82976,1.42361197900337
15959,3.83,0.425074760290548
15960,3.83024,0.429179528943121
15961,3.83048,1.27028367070122
15962,3.83072,0.337676201838509
15963,3.83096,0.512099012716144
15964,3.8312,0.56000145975544
15965,3.83144,-0.437803958794186
15966,3.83168,0.622548741987836
15967,3.83192,-0.00130405237911413
15968,3.83216,-0.345500810030517
15969,3.8324,0.627156166898612
15970,3.83264,-0.425312525436284
15971,3.83288,-0.371210678803845
15972,3.83312,-0.0788268598307891
15973,3.83336,-0.600709883599315
15974,3.8336,-0.282026212052149
15975,3.83384,-0.305558767462857
15976,3.83408,-0.554482970078666
15977,3.83432,-0.805061168841428
15978,3.83456,-0.555549106570647
15979,3.8348,-0.655219314844771
15980,3.83504,-0.640870793494024
15981,3.83528,-1.3292150034967
15982,3.83552,-0.679714657188974
15983,3.83576,-1.24706001237998
15984,3.836,-1.19169272830968
15985,3.83624,-1.24985184238936
15986,3.83648,-1.44190606806828
15987,3.83672,-1.12969214248276
15988,3.83696,-1.65718664308438
15989,3.8372,-1.34174513177065
15990,3.83744,-1.74818877159237
15991,3.83768,-1.43408055448389
15992,3.83792,-1.23738971209149
15993,3.83816,-1.52238536854382
15994,3.8384,-1.92794068184938
15995,3.83864,-1.60914651468009
15996,3.83888,-1.76930167269389
15997,3.83912,-2.06124658712395
15998,3.83936,-2.46524493014633
15999,3.8396,-2.02892333300234
16000,3.83984,-1.97073250339042
16001,3.84008,-2.62809527912175
16002,3.84032,-2.20476705609476
16003,3.84056,-2.16321975287777
16004,3.8408,-2.35452266390413
16005,3.84104,-2.44218666568146
16006,3.84128,-2.65419593672829
16007,3.84152,-2.02543179427778
16008,3.84176,-2.50410486354241
16009,3.842,-2.97047815546114
16010,3.84224,-1.89536691596797
16011,3.84248,-2.88122195988568
16012,3.84272,-2.89210055602598
16013,3.84296,-2.33983475964465
16014,3.8432,-2.99572725108775
16015,3.84344,-2.56723789006856
16016,3.84368,-3.01722099526552
16017,3.84392,-3.21156627663216
16018,3.84416,-2.35663411649587
16019,3.8444,-3.44206513630671
16020,3.84464,-2.84091051930871
16021,3.84488,-2.64506765979479
16022,3.84512,-3.76757641702392
16023,3.84536,-2.84103458671949
16024,3.8456,-2.56522746463998
16025,3.84584,-3.63653221682827
16026,3.84608,-3.12183094923095
16027,3.84632,-2.53116932675874
16028,3.84656,-3.1699373812154
16029,3.8468,-3.19822927214685
16030,3.84704,-2.31203809854577
16031,3.84728,-3.72736124091918
16032,3.84752,-2.50716420944518
16033,3.84776,-2.8968790106355
16034,3.848,-3.52105564832023
16035,3.84824,-2.24360262657887
16036,3.84848,-3.05596552938764
16037,3.84872,-3.5060720028854
16038,3.84896,-2.8778862010572
16039,3.8492,-2.67844837052258
16040,3.84944,-3.32351561864654
16041,3.84968,-3.12900434729475
16042,3.84992,-2.51384768692918
16043,3.85016,-3.34996705346439
16044,3.8504,-2.74580000475362
16045,3.85064,-2.44827627474706
16046,3.85088,-3.47568633150127
16047,3.85112,-2.58183557438628
16048,3.85136,-2.60024854080833
16049,3.8516,-3.44930925128469
16050,3.85184,-1.92881628460526
16051,3.85208,-2.9787891470653
16052,3.85232,-2.92688229244413
16053,3.85256,-2.09749365020083
16054,3.8528,-3.32535949693288
16055,3.85304,-2.15960953887109
16056,3.85328,-2.61397455151687
16057,3.85352,-2.69778577248748
16058,3.85376,-1.75643546840385
16059,3.854,-3.1137369917412
16060,3.85424,-2.19363896160052
16061,3.85448,-2.17736497300493
16062,3.85472,-2.86681913143063
16063,3.85496,-1.79385961133237
16064,3.8552,-2.21477788541616
16065,3.85544,-2.61286598317691
16066,3.85568,-1.61572947537389
16067,3.85592,-2.10473749009774
16068,3.85616,-2.21890876411948
16069,3.8564,-1.42449550072111
16070,3.85664,-2.1116317533737
16071,3.85688,-2.1758564710266
16072,3.85712,-1.44598301956505
16073,3.85736,-1.25135452249479
16074,3.8576,-2.1163685189923
16075,3.85784,-0.620358823580523
16076,3.85808,-1.57032907353452
16077,3.85832,-1.55392717169786
16078,3.85856,-2.26386147575449
16079,3.8588,-0.375151522993234
16080,3.85904,-1.29157730457242
16081,3.85928,-1.35772798963537
16082,3.85952,-0.485352512476898
16083,3.85976,-0.989790405709408
16084,3.86,-1.12912124495587
16085,3.86024,-0.438885337593746
16086,3.86048,-0.766415687539064
16087,3.86072,-0.964984171265662
16088,3.86096,-0.448357830649659
16089,3.8612,-0.0984063040671779
16090,3.86144,-1.0725182991321
16091,3.86168,-0.134213155051361
16092,3.86192,-0.0802684968009892
16093,3.86216,-0.73749751409992
16094,3.8624,0.3768700837088
16095,3.86264,-0.455294635736574
16096,3.86288,-0.195217604163497
16097,3.86312,0.508389356673646
16098,3.86336,-0.474493755720484
16099,3.8636,0.338579028902621
16100,3.86384,0.399961076398545
16101,3.86408,-0.134750644309369
16102,3.86432,0.864023538937418
16103,3.86456,0.417440677144643
16104,3.8648,0.325577515037317
16105,3.86504,0.81166345761372
16106,3.86528,0.823108890424384
16107,3.86552,0.571189987572823
16108,3.86576,0.670049375603386
16109,3.866,0.891738559717453
16110,3.86624,1.33288943922843
16111,3.86648,1.05369708661899
16112,3.86672,0.88618397964247
16113,3.86696,1.42809767874386
16114,3.8672,1.37839860903513
16115,3.86744,1.06983192979421
16116,3.86768,1.24134050488085
16117,3.86792,1.17397943065451
16118,3.86816,1.33863341014882
16119,3.8684,1.74464638128838
16120,3.86864,1.42688383013353
16121,3.86888,1.46490884880515
16122,3.86912,1.74748593349676
16123,3.86936,1.79048379365994
16124,3.8696,1.71332249097895
16125,3.86984,1.63293894045432
16126,3.87008,1.92426175390972
16127,3.87032,2.21318830201873
16128,3.87056,2.1472841860592
16129,3.8708,2.20695752284218
16130,3.87104,2.02451687970378
16131,3.87128,1.96869799867704
16132,3.87152,2.53139222473714
16133,3.87176,2.36746189861834
16134,3.872,2.32569134949146
16135,3.87224,2.42704092310529
16136,3.87248,2.40383692404499
16137,3.87272,2.02939872951177
16138,3.87296,2.88075627880045
16139,3.8732,2.99923311053671
16140,3.87344,2.05825403182527
16141,3.87368,3.05799118076023
16142,3.87392,2.84487910227166
16143,3.87416,2.42877406541797
16144,3.8744,3.21173705986072
16145,3.87464,2.79898169663086
16146,3.87488,2.54456266417244
16147,3.87512,2.75909346946576
16148,3.87536,2.52291649916156
16149,3.8756,3.63199533713632
16150,3.87584,2.68901813895763
16151,3.87608,2.87172836009294
16152,3.87632,3.76622995053857
16153,3.87656,2.75472164487732
16154,3.8768,3.23134068319231
16155,3.87704,3.32994855234491
16156,3.87728,2.39429025277436
16157,3.87752,3.41227196456384
16158,3.87776,3.44121764011588
16159,3.878,2.43236887484979
16160,3.87824,2.90792202988287
16161,3.87848,3.49789699491021
16162,3.87872,3.2490379021501
16163,3.87896,2.57781688711802
16164,3.8792,3.12940382758642
16165,3.87944,3.79514683595606
16166,3.87968,2.20596081312884
16167,3.87992,2.95415038219056
16168,3.88016,3.57448701639415
16169,3.8804,2.52515843965527
16170,3.88064,2.86131788599853
16171,3.88088,3.55540814005259
16172,3.88112,2.6947820699319
16173,3.88136,2.62245245017993
16174,3.8816,3.50844218309694
16175,3.88184,2.48649618716867
16176,3.88208,2.84602702830093
16177,3.88232,3.54945818503679
16178,3.88256,2.25378848425951
16179,3.8828,2.69027472221385
16180,3.88304,3.47220711649347
16181,3.88328,2.12459896829661
16182,3.88352,2.8733204639801
16183,3.88376,2.88053052098753
16184,3.884,1.86929164949841
16185,3.88424,3.1607260496434
16186,3.88448,2.28742419231051
16187,3.88472,2.08240827633646
16188,3.88496,3.31756546548119
16189,3.8852,2.16357013410932
16190,3.88544,1.67968226232056
16191,3.88568,3.11585161569294
16192,3.88592,2.03735426524298
16193,3.88616,1.74737815367059
16194,3.8864,2.88940668144187
16195,3.88664,1.88975988753006
16196,3.88688,1.79275800349973
16197,3.88712,2.39990476031026
16198,3.88736,1.48275722060376
16199,3.8876,1.69670733900062
16200,3.88784,2.01808248455074
16201,3.88808,1.18160136015706
16202,3.88832,2.53204243782228
16203,3.88856,1.00289555167196
16204,3.8888,1.2223767324038
16205,3.88904,1.32400823216317
16206,3.88928,2.14825624250058
16207,3.88952,1.06596150712592
16208,3.88976,0.888522359248813
16209,3.89,1.4370916648109
16210,3.89024,1.62387830732312
16211,3.89048,1.14131678421753
16212,3.89072,1.37905989533769
16213,3.89096,0.549688630141105
16214,3.8912,0.86166671230431
16215,3.89144,0.922801204396444
16216,3.89168,0.157716609888737
16217,3.89192,0.760436003180894
16218,3.89216,0.994244073631536
16219,3.8924,-0.0719932247121614
16220,3.89264,0.818848704338842
16221,3.89288,0.497709520096823
16222,3.89312,-0.38278121629425
16223,3.89336,0.670987002000718
16224,3.8936,0.0410084613498474
16225,3.89384,-0.308876466360994
16226,3.89408,0.658510732654866
16227,3.89432,-0.398826796301397
16228,3.89456,-0.34739427049014
16229,3.8948,0.0601817598064456
16230,3.89504,-0.58526820945509
16231,3.89528,-0.270067789523406
16232,3.89552,-0.541479269545353
16233,3.89576,-0.549463419840024
16234,3.896,-0.326689189175358
16235,3.89624,-1.04607072989119
16236,3.89648,-0.545003646999403
16237,3.89672,-0.654689226096597
16238,3.89696,-1.22283705361094
16239,3.8972,-0.939102766422645
16240,3.89744,-0.902470483968689
16241,3.89768,-0.850625219961506
16242,3.89792,-1.51209522278248
16243,3.89816,-1.09956436429048
16244,3.8984,-1.51611027011938
16245,3.89864,-1.32013979268356
16246,3.89888,-1.4838575132825
16247,3.89912,-1.53224986660962
16248,3.89936,-1.57639067190269
16249,3.8996,-1.38196740597004
16250,3.89984,-1.42254844573473
16251,3.90008,-1.94865707467703
16252,3.90032,-1.98816478195552
16253,3.90056,-2.02749248301004
16254,3.9008,-1.957981855299
16255,3.90104,-1.76287810200752
16256,3.90128,-1.80928997719621
16257,3.90152,-2.47027905634707
16258,3.90176,-1.92561399523553
16259,3.902,-1.62629439657419
16260,3.90224,-2.54378015788705
16261,3.90248,-2.60931893191899
16262,3.90272,-2.09062742387851
16263,3.90296,-2.42946112924928
16264,3.9032,-2.63615761206391
16265,3.90344,-2.26435305774552
16266,3.90368,-2.61831847815695
16267,3.90392,-2.37249689921324
16268,3.90416,-2.75726342092305
16269,3.9044,-2.65296901403996
16270,3.90464,-2.32517052596953
16271,3.90488,-3.10059491246049
16272,3.90512,-2.54605015025615
16273,3.90536,-2.50684472221127
16274,3.9056,-3.31093978627731
16275,3.90584,-2.67317257809103
16276,3.90608,-2.79441955692372
16277,3.90632,-3.64069069064924
16278,3.90656,-2.4505302879049
16279,3.9068,-2.74896706689609
16280,3.90704,-3.63015936537413
16281,3.90728,-2.60657935503307
16282,3.90752,-2.95514778707747
16283,3.90776,-3.76039076145152
16284,3.908,-2.79156398387306
16285,3.90824,-2.82972551887715
16286,3.90848,-3.34209366372204
16287,3.90872,-2.80020551544118
16288,3.90896,-3.26312685083114
16289,3.9092,-2.86543769588889
16290,3.90944,-2.65021897712126
16291,3.90968,-3.15945843036822
16292,3.90992,-3.67022859466831
16293,3.91016,-2.53643948733516
16294,3.9104,-3.11816605073679
16295,3.91064,-3.6927716928876
16296,3.91088,-2.37580963334667
16297,3.91112,-3.03068264277952
16298,3.91136,-3.67148517199681
16299,3.9116,-2.18924300237366
16300,3.91184,-3.15697514713845
16301,3.91208,-3.02482865491068
16302,3.91232,-2.35661587737032
16303,3.91256,-3.26376476840253
16304,3.9128,-2.96145554475387
16305,3.91304,-2.36525532196313
16306,3.91328,-3.45441383765172
16307,3.91352,-2.39525215429343
16308,3.91376,-2.60023403742902
16309,3.914,-3.39195856583425
16310,3.91424,-1.94244980918508
16311,3.91448,-2.93526054617913
16312,3.91472,-2.83236377707228
16313,3.91496,-1.83680359199788
16314,3.9152,-3.13518558617333
16315,3.91544,-2.27056698797327
16316,3.91568,-2.31428156786168
16317,3.91592,-2.70552961213177
16318,3.91616,-1.5846895677988
16319,3.9164,-2.77902453284853
16320,3.91664,-2.39974414668186
16321,3.91688,-1.47998767609043
16322,3.91712,-2.85846690964527
16323,3.91736,-2.43032874663119
16324,3.9176,-1.45560512044483
16325,3.91784,-2.20676985361199
16326,3.91808,-2.45249414596977
16327,3.91832,-1.66574019722609
16328,3.91856,-1.76715553831121
16329,3.9188,-1.85693899381374
16330,3.91904,-1.03404155746764
16331,3.91928,-2.38875844756163
16332,3.91952,-0.871288251157791
16333,3.91976,-0.974779293222183
16334,3.92,-1.80098829382743
16335,3.92024,-1.90314422436793
16336,3.92048,-0.487525849883085
16337,3.92072,-1.39742906673699
16338,3.92096,-1.58111774736078
16339,3.9212,-0.932908591111009
16340,3.92144,-0.701945627536997
16341,3.92168,-1.55332710876888
16342,3.92192,-0.505952410545464
16343,3.92216,-0.694673405271322
16344,3.9224,-0.99900144921869
16345,3.92264,-0.240707080187509
16346,3.92288,-0.610464724072687
16347,3.92312,-0.850553161563917
16348,3.92336,-0.146691500583544
16349,3.9236,-0.209473657473184
16350,3.92384,-0.385956071075596
16351,3.92408,0.0271583036423153
16352,3.92432,-0.202484231752269
16353,3.92456,-0.300185556059547
16354,3.9248,0.17430923874499
16355,3.92504,-0.209792156975069
16356,3.92528,0.133280738794546
16357,3.92552,0.557716038942641
16358,3.92576,-0.102569433825099
16359,3.926,0.316198330803476
16360,3.92624,0.824187097289279
16361,3.92648,0.374222302382719
16362,3.92672,0.628374877926
16363,3.92696,0.748808714450067
16364,3.9272,0.75508398927488
16365,3.92744,0.734405375956024
16366,3.92768,0.827261386832858
16367,3.92792,1.04314926852403
16368,3.92816,0.877809706644073
16369,3.9284,0.952917089709528
16370,3.92864,1.26598931198749
16371,3.92888,0.961345892720945
16372,3.92912,1.2633802121542
16373,3.92936,1.68145989543985
16374,3.9296,1.12497565397807
16375,3.92984,1.16886414831215
16376,3.93008,1.81743617402137
16377,3.93032,1.38190913644148
16378,3.93056,1.9035141104713
16379,3.9308,1.46834841035853
16380,3.93104,1.87190152577657
16381,3.93128,1.67314506977144
16382,3.93152,1.96038490726819
16383,3.93176,2.00563726943918
16384,3.932,1.68834564482816
16385,3.93224,2.22812197500293
16386,3.93248,1.91766114336324
16387,3.93272,1.73603310878993
16388,3.93296,2.64805299399094
16389,3.9332,2.22995883618499
16390,3.93344,1.94941820060909
16391,3.93368,2.63818206685795
16392,3.93392,2.59626080712955
16393,3.93416,1.98351436895948
16394,3.9344,2.93479284441897
16395,3.93464,2.56057627057712
16396,3.93488,2.45587760719006
16397,3.93512,2.70234314665791
16398,3.93536,2.61438293809224
16399,3.9356,2.89453458504758
16400,3.93584,2.57465788563651
16401,3.93608,3.01129748445187
16402,3.93632,2.95484114734439
16403,3.93656,2.32468719624731
16404,3.9368,2.91979752218982
16405,3.93704,3.26906933906929
16406,3.93728,2.78995875324564
16407,3.93752,3.18853433851131
16408,3.93776,2.97522451544134
16409,3.938,2.67587031578232
16410,3.93824,3.37275505739367
16411,3.93848,3.44448661686446
16412,3.93872,2.82831234138028
16413,3.93896,3.33233990119969
16414,3.9392,3.22274116878648
16415,3.93944,2.66562209933936
16416,3.93968,2.40189323162849
16417,3.93992,3.68288511849926
16418,3.94016,2.35026430416919
16419,3.9404,2.86247711291455
16420,3.94064,3.36938682399881
16421,3.94088,3.63831930684731
16422,3.94112,2.51290772250758
16423,3.94136,3.21866286177067
16424,3.9416,3.07666216498715
16425,3.94184,2.39288920857445
16426,3.94208,3.16860670095699
16427,3.94232,3.81636249856453
16428,3.94256,2.21626474976969
16429,3.9428,3.06653875455464
16430,3.94304,3.42248111340578
16431,3.94328,2.2669149480045
16432,3.94352,3.06699565075414
16433,3.94376,3.25434110905543
16434,3.944,2.17676983237415
16435,3.94424,3.16632534835757
16436,3.94448,3.0649914152591
16437,3.94472,2.30764770879801
16438,3.94496,3.47834027430656
16439,3.9452,2.37797949307231
16440,3.94544,2.66431494638888
16441,3.94568,2.93244576305956
16442,3.94592,1.69369901364314
16443,3.94616,2.88940279882023
16444,3.9464,2.51303897193637
16445,3.94664,2.1979835275984
16446,3.94688,2.96332872347089
16447,3.94712,1.72232515190623
16448,3.94736,2.68603976913235
16449,3.9476,2.67495699500992
16450,3.94784,1.74924788583384
16451,3.94808,2.19449455374887
16452,3.94832,2.73411946145636
16453,3.94856,1.63697164676945
16454,3.9488,2.03673545662503
16455,3.94904,2.52975368236451
16456,3.94928,1.39120478030117
16457,3.94952,1.86531319899254
16458,3.94976,2.07496997932302
16459,3.95,1.25028583903916
16460,3.95024,1.44025181501331
16461,3.95048,1.62436070265871
16462,3.95072,2.41509312253431
16463,3.95096,0.481475719744847
16464,3.9512,1.47584021144247
16465,3.95144,1.62028169521324
16466,3.95168,0.700170823423388
16467,3.95192,0.797210216912571
16468,3.95216,1.85046255614279
16469,3.9524,0.653380910218863
16470,3.95264,0.80351387861328
16471,3.95288,1.55077313399824
16472,3.95312,0.293385478476145
16473,3.95336,0.388831478029675
16474,3.9536,1.44039554543615
16475,3.95384,0.475911212206237
16476,3.95408,0.620586669719353
16477,3.95432,0.758062371503439
16478,3.95456,-0.0299544375491637
16479,3.9548,0.519370991483379
16480,3.95504,0.225829929396656
16481,3.95528,-0.383687031570521
16482,3.95552,0.568599543944129
16483,3.95576,-0.27312983260856
16484,3.956,-0.000533396289559507
16485,3.95624,0.263861381990526
16486,3.95648,-0.527315479216954
16487,3.95672,0.0244495707038213
16488,3.95696,-0.273153133129041
16489,3.9572,-0.658516379689857
16490,3.95744,0.0370464373952435
16491,3.95768,-0.702735785949773
16492,3.95792,-1.05379783922206
16493,3.95816,-0.571830305641057
16494,3.9584,-0.678885205379842
16495,3.95864,-1.36873308148943
16496,3.95888,-0.978725541854179
16497,3.95912,-0.696743157198636
16498,3.95936,-1.36398281221006
16499,3.9596,-1.07614293744093
16500,3.95984,-1.37843817118018
16501,3.96008,-1.0697572642405
16502,3.96032,-1.12573118355574
16503,3.96056,-1.18009669307474
16504,3.9608,-1.34440494868921
16505,3.96104,-1.75008659549079
16506,3.96128,-1.43200602000454
16507,3.96152,-1.35353975576547
16508,3.96176,-1.51573097629607
16509,3.962,-1.92246689230028
16510,3.96224,-1.96107627133251
16511,3.96248,-2.12048323683134
16512,3.96272,-1.81022328477207
16513,3.96296,-2.33914622006082
16514,3.9632,-2.15019503048832
16515,3.96344,-2.20940902323008
16516,3.96368,-2.14675472865094
16517,3.96392,-2.0869527756371
16518,3.96416,-2.52737921707974
16519,3.9644,-2.24382030809079
16520,3.96464,-1.84583405946271
16521,3.96488,-2.66907683521463
16522,3.96512,-2.63740154336102
16523,3.96536,-2.03480077027261
16524,3.9656,-2.99817914071411
16525,3.96584,-2.6330204930047
16526,3.96608,-2.42325499912958
16527,3.96632,-2.92566059549036
16528,3.96656,-2.48414971935238
16529,3.9668,-2.91003483635854
16530,3.96704,-2.72274852063696
16531,3.96728,-2.80937587168674
16532,3.96752,-3.14389620133254
16533,3.96776,-2.52542061510741
16534,3.968,-3.26396157132936
16535,3.96824,-3.14739390717249
16536,3.96848,-2.45849188425556
16537,3.96872,-3.01023934005942
16538,3.96896,-3.30117503397824
16539,3.9692,-2.18848731464352
16540,3.96944,-3.37761529005025
16541,3.96968,-3.232511931466
16542,3.96992,-2.28774155495218
16543,3.97016,-3.05952330940003
16544,3.9704,-3.33472811136127
16545,3.97064,-2.44354196531868
16546,3.97088,-2.80233019960377
16547,3.97112,-3.27732920610754
16548,3.97136,-3.51616624018009
16549,3.9716,-2.35991279027624
16550,3.97184,-2.92069158350541
16551,3.97208,-3.59518405850264
16552,3.97232,-2.95562365133484
16553,3.97256,-2.73863886545837
16554,3.9728,-3.3672114506501
16555,3.97304,-3.51323105982048
16556,3.97328,-2.27302636778172
16557,3.97352,-3.10494204093521
16558,3.97376,-3.56590981777918
16559,3.974,-2.03401506973614
16560,3.97424,-2.83190821583446
16561,3.97448,-3.61492865227892
16562,3.97472,-2.26200293316706
16563,3.97496,-2.76613102083445
16564,3.9752,-3.49582098916403
16565,3.97544,-1.98690410461571
16566,3.97568,-2.92365293531545
16567,3.97592,-2.88220360029641
16568,3.97616,-2.0644783237415
16569,3.9764,-3.29942164403206
16570,3.97664,-2.14112254628271
16571,3.97688,-2.487034822039
16572,3.97712,-2.81885349005564
16573,3.97736,-1.75914529375123
16574,3.9776,-2.88626989283232
16575,3.97784,-2.56525574755355
16576,3.97808,-1.46627771816341
16577,3.97832,-2.91120774991241
16578,3.97856,-2.3065951293255
16579,3.9788,-1.28572350034593
16580,3.97904,-2.80660663454903
16581,3.97928,-1.93105824975655
16582,3.97952,-1.71209585021154
16583,3.97976,-2.68303486563431
16584,3.98,-1.63846168871797
16585,3.98024,-1.85141610501948
16586,3.98048,-2.40354347818824
16587,3.98072,-1.67003670618308
16588,3.98096,-0.987679736009187
16589,3.9812,-1.65308617013911
16590,3.98144,-2.07276679218143
16591,3.98168,-0.60361626568654
16592,3.98192,-1.69961371726519
16593,3.98216,-1.58577691183182
16594,3.9824,-1.04454018229669
16595,3.98264,-1.10875144129794
16596,3.98288,-1.18261691318592
16597,3.98312,-0.70733420109297
16598,3.98336,-0.955959795537192
16599,3.9836,-1.80558274897641
16600,3.98384,-0.774545870546641
16601,3.98408,-0.961799771102886
16602,3.98432,-0.551870096792569
16603,3.98456,-0.0698149935943471
16604,3.9848,-1.03504876231926
16605,3.98504,-0.436900620682218
16606,3.98528,0.111133871831801
16607,3.98552,-0.783592361350136
16608,3.98576,-0.00410327331963489
16609,3.986,-0.105690586299059
16610,3.98624,-0.681039221375516
16611,3.98648,0.40304613498794
16612,3.98672,-0.100141474952948
16613,3.98696,-0.116867872941896
16614,3.9872,0.672602407358553
16615,3.98744,-0.0997847741603781
16616,3.98768,0.319338328064925
16617,3.98792,0.594633966776142
16618,3.98816,0.273610360880619
16619,3.9884,0.885863744389658
16620,3.98864,0.538733552380543
16621,3.98888,0.418693478339715
16622,3.98912,0.761480817830808
16623,3.98936,0.748105389662533
16624,3.9896,0.717693599923307
16625,3.98984,0.799606035241594
16626,3.99008,0.763217941301961
16627,3.99032,1.43291554629767
16628,3.99056,1.25875440542987
16629,3.9908,0.959651078191494
16630,3.99104,1.37346954328918
16631,3.99128,1.41924909189029
16632,3.99152,1.83901583835121
16633,3.99176,1.40454692617128
16634,3.992,1.8082909212792
16635,3.99224,1.49289693485702
16636,3.99248,1.5349065513977
16637,3.99272,1.57545451918276
16638,3.99296,2.22153699633089
16639,3.9932,1.54185326753494
16640,3.99344,1.82774667616682
16641,3.99368,1.87993129741951
16642,3.99392,2.28556373433784
16643,3.99416,2.09827845678547
16644,3.9944,2.16229857684408
16645,3.99464,2.22343425166299
16646,3.99488,2.05091795172201
16647,3.99512,2.37068032015125
16648,3.99536,2.32301272646102
16649,3.9956,2.41518459122906
16650,3.99584,2.39221820996303
16651,3.99608,2.24704573142353
16652,3.99632,2.84744418980112
16653,3.99656,2.48040029269452
16654,3.9968,2.25147596264922
16655,3.99704,3.241181483688
16656,3.99728,2.30122100107825
16657,3.99752,2.60124526771604
16658,3.99776,3.37416976893893
16659,3.998,2.23674358713662
16660,3.99824,2.93714517014938
16661,3.99848,3.37955327574138
16662,3.99872,2.28673636082985
16663,3.99896,3.26836080510673
16664,3.9992,3.15046283602729
16665,3.99944,2.35288883603672
16666,3.99968,3.37997686319728
16667,3.99992,3.06885597131465
